To honour the JVM settings for this build a single-use Daemon process will be forked. For more on this, please refer to https://docs.gradle.org/9.7.1/userguide/gradle_daemon.html#sec:disabling_the_daemon in the Gradle documentation.
Daemon will be stopped at the end of the build 

> Task :auditRuntimeJava
MINECRAFT_RUNTIME_JAVA 25
MINECRAFT_RUNTIME_EXECUTABLE C:\Program Files\Java\jdk-25.0.4\bin\java.exe
GRADLE_JAVA_VERSION 25.0.4
GRADLE_JAVA_HOME C:\Program Files\Java\jdk-25.0.4
java 25.0.4 2026-07-21 LTS
Java(TM) SE Runtime Environment (build 25.0.4+7-LTS-189)
Java HotSpot(TM) 64-Bit Server VM (build 25.0.4+7-LTS-189, mixed mode, sharing)
MOD_BYTECODE_TARGET 21 (prebuilt external artifacts)

> Task :createMinecraftArtifacts UP-TO-DATE
> Task :compileJava NO-SOURCE
> Task :processResources NO-SOURCE
> Task :classes UP-TO-DATE
> Task :downloadAssets UP-TO-DATE
> Task :writeClientLegacyClasspath UP-TO-DATE
> Task :prepareClientRun

> Task :runClient
WARNING: A terminally deprecated method in sun.misc.Unsafe has been called
WARNING: sun.misc.Unsafe::objectFieldOffset has been called by cpw.mods.jarhandling.impl.SecureJarVerifier$UnsafeAccessor (file:/C:/Users/micha/.gradle/caches/modules-2/files-2.1/cpw.mods/securejarhandler/3.0.8/c0ef95cecd8699a0449053ac7d9c160748d902cd/securejarhandler-3.0.8.jar)
WARNING: Please consider reporting this to the maintainers of class cpw.mods.jarhandling.impl.SecureJarVerifier$UnsafeAccessor
WARNING: sun.misc.Unsafe::objectFieldOffset will be removed in a future release
WARN StatusConsoleListener Advanced terminal features are not available in this environment
[14:19:21] [main/INFO] [cp.mo.mo.Launcher/MODLAUNCHER]: ModLauncher running: args [--launchTarget, forgeclientdev, --version, 21.1.219, --assetIndex, 17, --assetsDir, C:\\Users\\micha\\.gradle\\caches\\neoformruntime\\assets, --gameDir, ., --fml.fmlVersion, 4.0.42, --fml.mcVersion, 1.21.1, --fml.neoForgeVersion, 21.1.219, --fml.neoFormVersion, 20240808.144430]
[14:19:21] [main/INFO] [cp.mo.mo.Launcher/MODLAUNCHER]: JVM identified as Oracle Corporation Java HotSpot(TM) 64-Bit Server VM 25.0.4+7-LTS-189
[14:19:21] [main/INFO] [cp.mo.mo.Launcher/MODLAUNCHER]: ModLauncher 11.0.5+main.901c6ea8 starting: java version 25.0.4 by Oracle Corporation; OS Windows 11 arch amd64 version 10.0
[14:19:21] [main/INFO] [ne.ne.fm.lo.ImmediateWindowHandler/]: ImmediateWindowProvider not loading because splash screen is disabled
[14:19:21] [main/INFO] [mixin/]: SpongePowered MIXIN Subsystem Version=0.8.7 Source=union:/C:/Users/micha/.gradle/caches/modules-2/files-2.1/net.fabricmc/sponge-mixin/0.15.2+mixin.0.8.7/2af2f021d8e02a0220dc27a7a72b4666d66d44ca/sponge-mixin-0.15.2+mixin.0.8.7.jar%23122!/ Service=ModLauncher Env=CLIENT
[14:19:23] [main/INFO] [ne.ne.fm.lo.mo.lo.JarInJarDependencyLocator/]: Found 14 dependencies adding them to mods collection
[14:19:23] [main/INFO] [ne.ne.fm.lo.mo.ModDiscoverer/]: 
     Mod List:
		Name Version (Mod Id)

		Architectury 13.0.6 (architectury)
		Forgified Fabric API Base 0.4.42+d1308ded19 (fabric_api_base)
		Forgified Fabric BlockView API (v2) 1.0.10+9afaaf8c19 (fabric_block_view_api_v2)
		Forgified Fabric Renderer API (v1) 3.4.0+acb05a3919 (fabric_renderer_api_v1)
		Forgified Fabric Rendering Data Attachment (v1) 0.3.48+73761d2e19 (fabric_rendering_data_attachment_v1)
		Iris 1.8.8+mc1.21.1 (iris)
		Minecraft 1.21.1 (minecraft)
		NeoForge 21.1.219 (neoforge)
		Sodium 0.6.13+mc1.21.1 (sodium)
		Super Resolution 0.9.2-alpha.1+dev.b3dd23c.opengl (super_resolution)
		Wisteria 0.1.0-alpha.1+1.21.1 (wisteria)
[14:19:25] [main/INFO] [mixin/]: Compatibility level set to JAVA_17
[14:19:25] [main/INFO] [mixin/]: Compatibility level set to JAVA_21
[14:19:25] [main/INFO] [cp.mo.mo.LaunchServiceHandler/MODLAUNCHER]: Launching target 'forgeclientdev' with arguments [--version, 21.1.219, --gameDir, ., --assetsDir, C:\Users\micha\.gradle\caches\neoformruntime\assets, --assetIndex, 17]
[14:19:25] [main/WARN] [SodiumConfig/]: Mod 'super_resolution' attempted to override option 'mixin.features.render.gui.debug', which doesn't exist, ignoring
[14:19:25] [main/INFO] [Sodium/]: Loaded configuration file for Sodium: 43 options available, 2 override(s) found
[14:19:25] [main/WARN] [mixin/]: Reference map 'iris.refmap.json' for mixins.iris.json could not be read. If this is a development environment you can ignore this message
[14:19:25] [main/WARN] [mixin/]: Reference map 'iris.refmap.json' for mixins.iris.fantastic.json could not be read. If this is a development environment you can ignore this message
[14:19:25] [main/WARN] [mixin/]: Reference map 'iris.refmap.json' for mixins.iris.vertexformat.json could not be read. If this is a development environment you can ignore this message
[14:19:25] [main/WARN] [mixin/]: Reference map 'iris.refmap.json' for iris-batched-entity-rendering.mixins.json could not be read. If this is a development environment you can ignore this message
[14:19:25] [main/WARN] [mixin/]: Reference map 'iris.refmap.json' for mixins.iris.compat.sodium.json could not be read. If this is a development environment you can ignore this message
[14:19:25] [main/WARN] [mixin/]: Reference map 'super_resolution.refmap.json' for super_resolution.mixins.json could not be read. If this is a development environment you can ignore this message
[14:19:25] [main/WARN] [mixin/]: Reference map 'super_resolution.refmap.json' for super_resolution.hack.mixins.json could not be read. If this is a development environment you can ignore this message
[14:19:25] [main/WARN] [mixin/]: Reference map 'super_resolution.refmap.json' for super_resolution_irisapi.mixins.json could not be read. If this is a development environment you can ignore this message
[14:19:25] [main/WARN] [mixin/]: Reference map 'super_resolution.refmap.json' for super_resolution.shadercompat.mixins.json could not be read. If this is a development environment you can ignore this message
[14:19:26] [main/WARN] [Sodium/]: Force-disabling mixin 'features.render.world.sky.FogRendererMixin' as rule 'mixin.features.render.world.sky' (added by mods [iris]) disables it and children
[14:19:26] [main/WARN] [Sodium/]: Force-disabling mixin 'features.render.world.sky.ClientLevelMixin' as rule 'mixin.features.render.world.sky' (added by mods [iris]) disables it and children
[14:19:26] [main/WARN] [Sodium/]: Force-disabling mixin 'features.render.world.sky.LevelRendererMixin' as rule 'mixin.features.render.world.sky' (added by mods [iris]) disables it and children
[14:19:26] [main/WARN] [Sodium/]: Force-disabling mixin 'workarounds.context_creation.WindowMixin' as rule 'mixin.workarounds' (added by mods [super_resolution]) disables it and children
[14:19:26] [main/WARN] [Sodium/]: Force-disabling mixin 'workarounds.event_loop.RenderSystemMixin' as rule 'mixin.workarounds' (added by mods [super_resolution]) disables it and children
[14:19:27] [main/WARN] [mixin/]: Error loading class: com/portingdeadmods/cable_facades/events/GameClientEvents$2 (java.lang.ClassNotFoundException: com.portingdeadmods.cable_facades.events.GameClientEvents$2)
[14:19:27] [main/WARN] [mixin/]: Error loading class: com/direwolf20/justdirethings/client/renderers/OurRenderTypes (java.lang.ClassNotFoundException: com.direwolf20.justdirethings.client.renderers.OurRenderTypes)
[14:19:27] [main/WARN] [mixin/]: Error loading class: mekanism/client/render/entity/RenderFlame (java.lang.ClassNotFoundException: mekanism.client.render.entity.RenderFlame)
[14:19:27] [main/WARN] [mixin/]: Error loading class: mekanism/client/render/armor/MekaSuitArmor (java.lang.ClassNotFoundException: mekanism.client.render.armor.MekaSuitArmor)
[14:19:27] [main/WARN] [mixin/]: Error loading class: mekanism/client/render/lib/effect/BillboardingEffectRenderer (java.lang.ClassNotFoundException: mekanism.client.render.lib.effect.BillboardingEffectRenderer)
[14:19:27] [main/WARN] [mixin/]: Error loading class: blusunrize/immersiveengineering/client/utils/IEGLShaders (java.lang.ClassNotFoundException: blusunrize.immersiveengineering.client.utils.IEGLShaders)
[14:19:27] [main/INFO] [SuperResolution-Mixin/]: Enabled mixin io.homo.superresolution.neoforge.mixin.compat.iris.GlFramebufferMixin
[14:19:27] [main/INFO] [SuperResolution-Mixin/]: Disabled mixin io.homo.superresolution.neoforge.mixin.compat.reesessodiumoptions.TabFrameMixin
[14:19:27] [main/INFO] [SuperResolution-Mixin/]: Disabled mixin io.homo.superresolution.neoforge.mixin.compat.simpleclouds.DefaultPipelineMixin
[14:19:27] [main/INFO] [SuperResolution-Mixin/]: Disabled mixin io.homo.superresolution.neoforge.mixin.compat.simpleclouds.ShaderSupportPipelineMixin
[14:19:27] [main/INFO] [SuperResolution-Mixin/]: Enabled mixin io.homo.superresolution.neoforge.mixin.compat.sodium.SodiumOptionsGUIMixin
[14:19:27] [main/INFO] [SuperResolution-Mixin/]: Disabled mixin io.homo.superresolution.neoforge.mixin.compat.sodiumoptionsapi.SodiumOptionsTabFrameMixin
[14:19:27] [main/INFO] [SuperResolution-Mixin/]: Enabled mixin io.homo.superresolution.neoforge.mixin.compat.iris.DHCompatInternalMixin
[14:19:27] [main/INFO] [MixinExtras|Service/]: Initializing MixinExtras via com.llamalad7.mixinextras.service.MixinExtrasServiceImpl(version=0.5.0).
WARNING: A restricted method in java.lang.System has been called
WARNING: java.lang.System::load has been called by com.sun.jna.Native in module com.sun.jna (union:/C:/Users/micha/.gradle/caches/modules-2/files-2.1/net.java.dev.jna/jna/5.14.0/67bf3eaea4f0718cb376a181a629e5f88fa1c9dd/jna-5.14.0.jar%23124!/)
WARNING: Use --enable-native-access=com.sun.jna to avoid a warning for callers in this module
WARNING: Restricted methods will be blocked in a future release unless native access is enabled

[14:19:30] [main/WARN] [os.dr.wi.pe.PerfmonDisabled/]: Invalid registry value type detected for PerfOS counters. Should be REG_DWORD. Ignoring: HKEY_LOCAL_MACHINE\SYSTEM\CurrentControlSet\Services\PerfOS\Performance\Disable Performance Counters.
[14:19:30] [Datafixer Bootstrap/INFO] [mojang/DataFixerBuilder]: 229 Datafixer optimizations took 991 milliseconds
[14:19:41] [main/WARN] [minecraft/Commands]: Ambiguity between arguments [teleport, location] and [teleport, destination] with inputs: [0.1 -0.5 .9, 0 0 0]
[14:19:41] [main/WARN] [minecraft/Commands]: Ambiguity between arguments [teleport, location] and [teleport, targets] with inputs: [0.1 -0.5 .9, 0 0 0]
[14:19:41] [main/WARN] [minecraft/Commands]: Ambiguity between arguments [teleport, destination] and [teleport, targets] with inputs: [Player, 0123, @e, dd12be42-52a9-4a91-a8a1-11c01849e498]
[14:19:41] [main/WARN] [minecraft/Commands]: Ambiguity between arguments [teleport, targets] and [teleport, destination] with inputs: [Player, 0123, dd12be42-52a9-4a91-a8a1-11c01849e498]
[14:19:41] [main/WARN] [minecraft/Commands]: Ambiguity between arguments [teleport, targets, location] and [teleport, targets, destination] with inputs: [0.1 -0.5 .9, 0 0 0]
[LWJGL] Version: 3.3.4+7
	 OS: Windows 11 v10.0
	JRE: Windows amd64 25.0.4
	JVM: Java HotSpot(TM) 64-Bit Server VM v25.0.4+7-LTS-189 by Oracle Corporation
[LWJGL] Loading JNI library: lwjgl
	Module: org.lwjgl
WARNING: A restricted method in java.lang.System has been called
WARNING: java.lang.System::load has been called by org.lwjgl.system.Library$$Lambda/0x000000001ed18210 in module org.lwjgl (union:/C:/Users/micha/.gradle/caches/modules-2/files-2.1/org.lwjgl/lwjgl/3.3.4/b86c3e4832426e8a6b466013b7cb34b40e9ce956/lwjgl-3.3.4.jar%23167!/)
WARNING: Use --enable-native-access=org.lwjgl to avoid a warning for callers in this module
WARNING: Restricted methods will be blocked in a future release unless native access is enabled

	Loaded from org.lwjgl.librarypath: C:\Users\micha\AppData\Local\Temp\lwjgl_micha\3.3.4+7\x64\lwjgl.dll
[LWJGL] Loading library: jemalloc
	Module: org.lwjgl.jemalloc
[LWJGL] [ThreadLocalUtil] Unsupported JNI version detected, this may result in a crash. Please inform LWJGL developers.
	Loaded from org.lwjgl.librarypath: C:\Users\micha\AppData\Local\Temp\lwjgl_micha\3.3.4+7\x64\jemalloc.dll
[LWJGL] MemoryUtil allocator: JEmallocAllocator
[14:19:42] [Render thread/WARN] [minecraft/VanillaPackResourcesBuilder]: Assets URL 'union:/D:/ProjectDllsss/runtime-baseline/build/moddev/artifacts/neoforge-21.1.219.jar%23172!/assets/.mcassetsroot' uses unexpected schema
[14:19:42] [Render thread/WARN] [minecraft/VanillaPackResourcesBuilder]: Assets URL 'union:/D:/ProjectDllsss/runtime-baseline/build/moddev/artifacts/neoforge-21.1.219.jar%23172!/data/.mcassetsroot' uses unexpected schema
[14:19:42] [Render thread/INFO] [mojang/YggdrasilAuthenticationService]: Environment: Environment[sessionHost=https://sessionserver.mojang.com, servicesHost=https://api.minecraftservices.com, name=PROD]
[14:19:42] [Render thread/INFO] [minecraft/Minecraft]: Setting user: Dev
[LWJGL] Loading library: glfw
	Module: org.lwjgl.glfw
	Loaded from org.lwjgl.librarypath: C:\Users\micha\AppData\Local\Temp\lwjgl_micha\3.3.4+7\x64\glfw.dll
[14:19:42] [Render thread/INFO] [minecraft/Minecraft]: Backend library: LWJGL version 3.3.4+7
[LWJGL] Java 9 check intrinsics enabled
[LWJGL] Closure Registry: simple
[14:19:43] [ForkJoinPool.commonPool-worker-7/WARN] [Iris/]: [Iris Update Check] This version doesn't have an update index, skipping.
[14:19:44] [Render thread/INFO] [SuperResolution/GraphicsCapabilities/]: Added supported OpenGL version 4.6
[14:19:44] [Render thread/INFO] [SuperResolution/GraphicsCapabilities/]: Highest supported OpenGL version 4.6
[LWJGL] Loading JNI library: lwjgl_opengl
	Module: org.lwjgl.opengl
WARNING: A restricted method in java.lang.System has been called
WARNING: java.lang.System::load has been called by org.lwjgl.opengl.GL$$Lambda/0x000000001ee2d7e8 in module org.lwjgl.opengl (union:/C:/Users/micha/.gradle/caches/modules-2/files-2.1/org.lwjgl/lwjgl-opengl/3.3.4/2852ac7d9f6fc71349f1ce28e2708ff1977f18af/lwjgl-opengl-3.3.4.jar%23161!/)
WARNING: Use --enable-native-access=org.lwjgl.opengl to avoid a warning for callers in this module
WARNING: Restricted methods will be blocked in a future release unless native access is enabled

	Loaded from org.lwjgl.librarypath: C:\Users\micha\AppData\Local\Temp\lwjgl_micha\3.3.4+7\x64\lwjgl_opengl.dll
[LWJGL] Loading library: opengl32
	Module: org.lwjgl.opengl
	opengl32.dll not found in org.lwjgl.librarypath=C:\Users\micha\AppData\Local\Temp\lwjgl_micha\3.3.4+7\x64
	Loaded from system paths: C:\WINDOWS\SYSTEM32\opengl32.dll
[LWJGL] Java 10 multiplyHigh enabled
[LWJGL] Loading JNI library: lwjgl_stb
	Module: org.lwjgl.stb
WARNING: A restricted method in java.lang.System has been called
WARNING: java.lang.System::load has been called by org.lwjgl.stb.LibSTB$$Lambda/0x000000001ee3d958 in module org.lwjgl.stb (union:/C:/Users/micha/.gradle/caches/modules-2/files-2.1/org.lwjgl/lwjgl-stb/3.3.3/25dd6161988d7e65f71d5065c99902402ee32746/lwjgl-stb-3.3.3.jar%23164!/)
WARNING: Use --enable-native-access=org.lwjgl.stb to avoid a warning for callers in this module
WARNING: Restricted methods will be blocked in a future release unless native access is enabled

	Loaded from org.lwjgl.librarypath: C:\Users\micha\AppData\Local\Temp\lwjgl_micha\3.3.4+7\x64\lwjgl_stb.dll
[LWJGL] Java 9 text decoding enabled
[14:19:45] [Render thread/INFO] [Iris/]: Debug functionality is disabled.
[14:19:45] [Render thread/INFO] [Iris/]: OpenGL 4.5 detected, enabling DSA.
[14:19:45] [Render thread/INFO] [SuperResolution/]: Loading shader-pack interface configuration: superresolution.v1.json
[14:19:45] [Render thread/WARN] [SuperResolution/]: An error occurred while loading the SR configuration from shader pack shaders
[14:19:45] [Render thread/INFO] [Iris/]: Profile: HIGH (+0 options changed by user)
[14:19:47] [Render thread/INFO] [Iris/]: Using shaderpack: Complementary-SuperResolution-Wisteria.zip
[14:19:47] [modloading-worker-0/INFO] [Wisteria/]: Wisteria initializing
[14:19:47] [modloading-worker-0/INFO] [ne.ne.ne.co.NeoForgeMod/NEOFORGE-MOD]: NeoForge mod loading, version 21.1.219, for MC 1.21.1
[LWJGL] Loading library: OpenAL
	Module: org.lwjgl.openal
	Loaded from org.lwjgl.librarypath: C:\Users\micha\AppData\Local\Temp\lwjgl_micha\3.3.4+7\x64\OpenAL.dll
[14:19:49] [Render thread/INFO] [Iris/]: Hardware information:
[14:19:49] [Render thread/INFO] [Iris/]: CPU: 12x AMD Ryzen 5 5600H with Radeon Graphics 
[14:19:49] [Render thread/INFO] [Iris/]: GPU: NVIDIA GeForce RTX 3050 Ti Laptop GPU/PCIe/SSE2 (Supports OpenGL 4.6.0 NVIDIA 596.49)
[14:19:49] [Render thread/INFO] [Iris/]: OS: Windows 11 (10.0)
[14:19:50] [Render thread/INFO] [ne.ne.ne.ga.GameTestHooks/]: Enabled Gametest Namespaces: []
[14:19:50] [Render thread/INFO] [SuperResolution/NativeLib/]: Extracting native dependencies
[14:19:50] [Render thread/INFO] [SuperResolution/NativeLib/]: libSuperResolution+win64+release.dll already exists with a matching checksum; skipping extraction
[14:19:50] [Render thread/WARN] [SuperResolution/NativeLib/]: Failed to extract optional dependency lib\libSuperResolutionD3D12+win64+release.dll: resource not found
[14:19:50] [Render thread/WARN] [SuperResolution/NativeLib/]: Failed to extract optional dependency libSuperResolutionD3D12+win64+release.dll; skipping it
[14:19:50] [Render thread/WARN] [SuperResolution/NativeLib/]: Failed to extract optional dependency lib\libSuperResolutionFSR+win64+release.dll: resource not found
[14:19:50] [Render thread/WARN] [SuperResolution/NativeLib/]: Failed to extract optional dependency libSuperResolutionFSR+win64+release.dll; skipping it
[14:19:50] [Render thread/WARN] [SuperResolution/NativeLib/]: Failed to extract optional dependency lib\libSuperResolutionFSR4+win64+release.dll: resource not found
[14:19:50] [Render thread/WARN] [SuperResolution/NativeLib/]: Failed to extract optional dependency libSuperResolutionFSR4+win64+release.dll; skipping it
[14:19:50] [Render thread/WARN] [SuperResolution/NativeLib/]: Failed to extract optional dependency lib\libSuperResolutionXeSS+win64+release.dll: resource not found
[14:19:50] [Render thread/WARN] [SuperResolution/NativeLib/]: Failed to extract optional dependency libSuperResolutionXeSS+win64+release.dll; skipping it
[14:19:50] [Render thread/INFO] [SuperResolution/NativeLib/]: libSuperResolutionNGX+win64+release.dll already exists with a matching checksum; skipping extraction
[14:19:50] [Render thread/WARN] [SuperResolution/NativeLib/]: Failed to extract optional dependency lib\libSuperResolutionStreamline+win64+release.dll: resource not found
[14:19:50] [Render thread/WARN] [SuperResolution/NativeLib/]: Failed to extract optional dependency libSuperResolutionStreamline+win64+release.dll; skipping it
[14:19:50] [Render thread/INFO] [SuperResolution/NativeLib/]: Skipped optional dependencies: libSuperResolutionD3D12+win64+release.dll, libSuperResolutionFSR+win64+release.dll, libSuperResolutionFSR4+win64+release.dll, libSuperResolutionXeSS+win64+release.dll, libSuperResolutionStreamline+win64+release.dll
[14:19:50] [Render thread/INFO] [SuperResolution/NativeLib/]: Native dependencies extracted to D:\ProjectDllsss\runtime-baseline\instance\.\config\super_resolution\libraries
[14:19:50] [Render thread/INFO] [SuperResolution/NativeLib/]: Loading native dependency: D:\ProjectDllsss\runtime-baseline\instance\.\config\super_resolution\libraries\libSuperResolution+win64+release.dll
WARNING: A restricted method in java.lang.System has been called
WARNING: java.lang.System::load has been called by io.homo.superresolution.core.NativeLibManager in module super_resolution (union:/D:/ProjectDllsss/builds/experimental/dlss-sr/superresolution-sr-x2-handoff-f9a2bcdf8c4a.jar%23175!/)
WARNING: Use --enable-native-access=super_resolution to avoid a warning for callers in this module
WARNING: Restricted methods will be blocked in a future release unless native access is enabled

[14:19:50] [Render thread/INFO] [SuperResolution/NativeLib/]: Loading native dependency: D:\ProjectDllsss\runtime-baseline\instance\.\config\super_resolution\libraries\libSuperResolutionD3D12+win64+release.dll
[14:19:50] [Render thread/WARN] [SuperResolution/NativeLib/]: Failed to load optional dependency libSuperResolutionD3D12+win64+release.dll; skipping it: Can't load library: D:\ProjectDllsss\runtime-baseline\instance\.\config\super_resolution\libraries\libSuperResolutionD3D12+win64+release.dll
[LWJGL] Loading library: vulkan-1
	Module: org.lwjgl.vulkan
	vulkan-1.dll not found in org.lwjgl.librarypath=C:\Users\micha\AppData\Local\Temp\lwjgl_micha\3.3.4+7\x64
	Loaded from system paths: C:\WINDOWS\SYSTEM32\vulkan-1.dll
[LWJGL] Loading library: vulkan-1
	Module: org.lwjgl.vulkan
	vulkan-1.dll not found in org.lwjgl.librarypath=C:\Users\micha\AppData\Local\Temp\lwjgl_micha\3.3.4+7\x64
	Loaded from system paths: C:\WINDOWS\SYSTEM32\vulkan-1.dll
[LWJGL] Loading library: user32
	Module: org.lwjgl
	user32.dll not found in org.lwjgl.librarypath=C:\Users\micha\AppData\Local\Temp\lwjgl_micha\3.3.4+7\x64
	Loaded from system paths: C:\WINDOWS\System32\USER32.dll
[14:19:50] [Render thread/INFO] [SuperResolution/Vulkan/]: OpenGL device: NVIDIA GeForce RTX 3050 Ti Laptop GPU/PCIe/SSE2 (Device UUIDs: 01895B66D1CA454D88788DD21FDEF638, Driver UUID: 9C4136A706265B659812D559FF142597)
[14:19:50] [Render thread/INFO] [SuperResolution/Vulkan/]: Detected 2 Vulkan physical device(s):
[14:19:50] [Render thread/INFO] [SuperResolution/Vulkan/]: [0] NVIDIA GeForce RTX 3050 Ti Laptop GPU (Device UUIDs: 01895B66D1CA454D88788DD21FDEF638, Driver UUID: 9C4136A706265B659812D559FF142597)
[14:19:50] [Render thread/INFO] [SuperResolution/Vulkan/]: [1] AMD Radeon(TM) Graphics (Device UUIDs: 00000000060000000000000000000000, Driver UUID: 414D442D57494E2D4452560000000000)
[14:19:50] [Render thread/INFO] [SuperResolution/]: Vulkan presentation=2953764482176, render=2953764483344, OpenGL renderer='NVIDIA GeForce RTX 3050 Ti Laptop GPU/PCIe/SSE2', Vulkan device='NVIDIA GeForce RTX 3050 Ti Laptop GPU'
[14:19:50] [Render thread/INFO] [Wisteria/]: Registered frame generation backends wisteria:streamline and wisteria:ngx
[14:19:50] [Render thread/INFO] [SuperResolution/Vulkan/]: Enabling device extension: VK_KHR_external_semaphore
[14:19:50] [Render thread/INFO] [SuperResolution/Vulkan/]: Enabling device extension: VK_EXT_mutable_descriptor_type
[14:19:50] [Render thread/INFO] [SuperResolution/Vulkan/]: Enabling device extension: VK_KHR_shader_float16_int8
[14:19:50] [Render thread/INFO] [SuperResolution/Vulkan/]: Enabling device extension: VK_KHR_shader_integer_dot_product
[14:19:50] [Render thread/INFO] [SuperResolution/Vulkan/]: Enabling device extension: VK_KHR_external_memory
[14:19:50] [Render thread/INFO] [SuperResolution/Vulkan/]: Enabling device extension: VK_KHR_dedicated_allocation
[14:19:50] [Render thread/INFO] [SuperResolution/Vulkan/]: Enabling device extension: VK_KHR_get_memory_requirements2
[14:19:50] [Render thread/INFO] [SuperResolution/Vulkan/]: Enabling device extension: VK_EXT_descriptor_indexing
[14:19:50] [Render thread/INFO] [SuperResolution/Vulkan/]: Enabling device extension: VK_NVX_binary_import
[14:19:50] [Render thread/INFO] [SuperResolution/Vulkan/]: Enabling device extension: VK_NVX_image_view_handle
[14:19:50] [Render thread/INFO] [SuperResolution/Vulkan/]: Enabling device extension: VK_KHR_push_descriptor
[14:19:50] [Render thread/INFO] [SuperResolution/Vulkan/]: Enabling device extension: VK_KHR_dynamic_rendering
[14:19:50] [Render thread/INFO] [SuperResolution/Vulkan/]: Enabling device extension: VK_EXT_private_data
[14:19:50] [Render thread/INFO] [SuperResolution/Vulkan/]: Enabling device extension: VK_NV_optical_flow
[14:19:50] [Render thread/INFO] [SuperResolution/Vulkan/]: Enabling device extension: VK_KHR_synchronization2
[14:19:50] [Render thread/INFO] [SuperResolution/Vulkan/]: Enabling device extension: VK_KHR_format_feature_flags2
[14:19:50] [Render thread/INFO] [SuperResolution/Vulkan/]: Enabling device extension: VK_KHR_timeline_semaphore
[14:19:50] [Render thread/INFO] [SuperResolution/Vulkan/]: Enabling device extension: VK_EXT_calibrated_timestamps
[14:19:50] [Render thread/INFO] [SuperResolution/Vulkan/]: Enabling device extension: VK_KHR_external_memory_win32
[14:19:50] [Render thread/INFO] [SuperResolution/Vulkan/]: Enabling device extension: VK_KHR_external_semaphore_win32
[14:19:50] [Render thread/INFO] [SuperResolution/Vulkan/]: Enabling device extension: VK_KHR_swapchain
[14:19:50] [Render thread/INFO] [SuperResolution/Vulkan/]: Enabling device extension: VK_KHR_present_id
[14:19:50] [Render thread/INFO] [SuperResolution/Vulkan/]: Enabling device extension: VK_NV_low_latency2
[14:19:50] [Render thread/INFO] [SuperResolution/Vulkan/]: Vulkan device feature support:
[14:19:50] [Render thread/INFO] [SuperResolution/Vulkan/]:   mutableDescriptorType: true
[14:19:50] [Render thread/INFO] [SuperResolution/Vulkan/]:   shaderInt8: true
[14:19:50] [Render thread/INFO] [SuperResolution/Vulkan/]:   shaderInt16: true
[14:19:50] [Render thread/INFO] [SuperResolution/Vulkan/]:   shaderFloat16: true
[14:19:50] [Render thread/INFO] [SuperResolution/Vulkan/]:   shaderStorageImageWriteWithoutFormat: true
[14:19:50] [Render thread/INFO] [SuperResolution/Vulkan/]:   shaderIntegerDotProduct: true
[14:19:50] [Render thread/INFO] [SuperResolution/Vulkan/]:   bufferDeviceAddress: true
[14:19:50] [Render thread/INFO] [SuperResolution/Vulkan/]:   descriptorIndexing: true
[14:19:50] [Render thread/INFO] [SuperResolution/Vulkan/]:   dynamicRendering: true
[14:19:50] [Render thread/INFO] [SuperResolution/Vulkan/]:   dynamicRenderingLocalRead: true
[14:19:50] [Render thread/INFO] [SuperResolution/Vulkan/]:   privateData: true
[14:19:50] [Render thread/INFO] [SuperResolution/Vulkan/]:   opticalFlow: true
[14:19:50] [Render thread/INFO] [SuperResolution/Vulkan/]:   synchronization2: true
[14:19:50] [Render thread/INFO] [SuperResolution/Vulkan/]:   timelineSemaphore: true
[14:19:50] [Render thread/INFO] [SuperResolution/Vulkan/]:   presentId: true
[LWJGL] Loading JNI library: lwjgl_vma
	Module: org.lwjgl.vma
WARNING: A restricted method in java.lang.System has been called
WARNING: java.lang.System::load has been called by org.lwjgl.util.vma.LibVma$$Lambda/0x000000001f112f00 in module org.lwjgl.vma (union:/D:/ProjectDllsss/builds/experimental/dlss-sr/superresolution-sr-x2-handoff-f9a2bcdf8c4a.jar%23175_/META-INF/jarjar/lwjgl-vma-3.3.4-merged.jar%23225!/)
WARNING: Use --enable-native-access=org.lwjgl.vma to avoid a warning for callers in this module
WARNING: Restricted methods will be blocked in a future release unless native access is enabled

	Loaded from org.lwjgl.librarypath: C:\Users\micha\AppData\Local\Temp\lwjgl_micha\3.3.4+7\x64\lwjgl_vma.dll
[14:19:51] [Render thread/INFO] [SuperResolution/Vulkan/]: Vulkan main queue: handle=0x2afbe3bf2d0, family=0, index=0
[14:19:51] [Render thread/INFO] [SuperResolution/Vulkan/]: Vulkan FG queue: handle=0x2afbe3c2990, family=0, index=1
[14:19:51] [Render thread/INFO] [SuperResolution/Vulkan/]: Vulkan Present queue: handle=0x2afbe3c12c0, family=0, index=2
[14:19:51] [Render thread/INFO] [SuperResolution/Vulkan/]: VK_NV_low_latency2 is available; native Reflex can be used
[LWJGL] Java 16 memcpy enabled
[14:19:51] [Render thread/INFO] [SuperResolution/]: Created Vulkan presentation swapchain: 854x480, images=3, presentMode=FIFO (requested=3, min=2, max=8, plannedGeneratedFrames=0)
[14:19:51] [Render thread/INFO] [SuperResolution/Vulkan/]: Vulkan initialization completed
[14:19:51] [Render thread/INFO] [SuperResolution/]: GPU vendor: Nvidia
[14:19:51] [Render thread/INFO] [SuperResolution/]: OpenGL version: 4.6
[14:19:51] [Render thread/INFO] [SuperResolution/]: DSA is supported; using GL45OrEXTDirectStateAccessImpl
[14:19:51] [Render thread/INFO] [SuperResolution/]: SR_DIAG glTextureStorage2D texture=8 levels=1 internalFormat=8229 size=512x512 label=NanoVGImage-1
[14:19:51] [Render thread/INFO] [SuperResolution/]: SR_DIAG glTextureStorage2D texture=9 levels=1 internalFormat=8c3a size=854x480 label=ITexture{id=9format=R11G11B10Fwidth=854height=480}
[14:19:51] [Render thread/INFO] [SuperResolution/]: SR_DIAG glTextureStorage2D texture=12 levels=1 internalFormat=88f0 size=854x480 label=ITexture{id=12format=DEPTH24_STENCIL8width=854height=480}
WARNING: A restricted method in java.lang.System has been called
WARNING: java.lang.System::load has been called by org.ireallywanttosleep.wisteria.dlssg.DlssgBridge in module wisteria (union:/D:/ProjectDllsss/builds/experimental/dlss-sr/wisteria-sr-x2-handoff-ad3a00b7c41a.jar%23176!/)
WARNING: Use --enable-native-access=wisteria to avoid a warning for callers in this module
WARNING: Restricted methods will be blocked in a future release unless native access is enabled

[14:19:57] [Render thread/INFO] [Wisteria/]: FSR_BRIDGE abi=1 version=SDK 1.1.4; FG provider=1.1.3; id=17726168133334470659 available=true
[14:19:57] [Render thread/INFO] [SuperResolution/]: Loading shader-pack interface configuration: superresolution.v1.json
[14:19:57] [Render thread/INFO] [SuperResolution/]: Shader pack shaders supports super resolution
[14:19:57] [Render thread/INFO] [Iris/]: Profile: HIGH (+0 options changed by user)
[14:19:58] [Render thread/INFO] [Iris/]: Using shaderpack: Complementary-SuperResolution-Wisteria.zip
[14:19:58] [SR-DLSS-NGX-Init/INFO] [SuperResolution/]: NGX [UNKNOWN:ON] [2026-10-04 14:19:58] [util::setLogFilename:284] Logging to requested file (D:\ProjectDllsss\runtime-baseline\instance\.\config\super_resolution/nvsdk_ngx.log) enabled successfully
[14:19:58] [SR-DLSS-NGX-Init/INFO] [SuperResolution/]: NGX [UNKNOWN:ON] [2026-10-04 14:19:58] [NGXSafeInitializeLog:150] App logging hooks successfully initialized
[14:19:58] [SR-DLSS-NGX-Init/INFO] [SuperResolution/]: NGX [UNKNOWN:ON] [2026-10-04 14:19:58] [NGXLoadLibrary:332] error: failed to load NGXCore: 126 (C:\Program Files\Java\jdk-25.0.4\bin\_nvngx.dll)
[14:19:58] [SR-DLSS-NGX-Init/INFO] [SuperResolution/]: NGX [UNKNOWN:ON] [2026-10-04 14:19:58] [NGXLoadLibrary:332] error: failed to load NGXCore: 126 (C:\Program Files\Java\jdk-25.0.4\bin\nvngx.dll)
[14:19:58] [SR-DLSS-NGX-Init/INFO] [SuperResolution/]: NGX [UNKNOWN:ON] [2026-10-04 14:19:58] [NGXGetPathUsingQAI:153] Attempting to read from Parameters\NGXCore\NGXPath
[14:19:58] [SR-DLSS-NGX-Init/INFO] [SuperResolution/]: NGX [UNKNOWN:ON] [2026-10-04 14:19:58] [NGXGetPathUsingQAI:177] Path to driverStore found using QAI: C:\WINDOWS\System32\DriverStore\FileRepository\nvlti.inf_amd64_af02d12a5c2283af
[14:19:58] [SR-DLSS-NGX-Init/INFO] [SuperResolution/]: NGX [UNKNOWN:ON] [2026-10-04 14:19:58] [NGXLoadCoreLibrary:285] Loading C:\WINDOWS\System32\DriverStore\FileRepository\nvlti.inf_amd64_af02d12a5c2283af\_nvngx.dll succeeded
[14:19:58] [SR-DLSS-NGX-Init/INFO] [SuperResolution/]: NGX [UNKNOWN:ON] [2026-10-04 14:19:58] [ngx::util::openLogFileInPath:252] Logging to requested file (D:\ProjectDllsss\runtime-baseline\instance\.\config\super_resolution/nvngx.log) enabled successfully
[14:19:58] [SR-DLSS-NGX-Init/INFO] [SuperResolution/]: NGX [UNKNOWN:ON] [2026-10-04 14:19:58] [NGXSafeInitializeLog:133] App logging hooks successfully initialized
[14:19:58] [SR-DLSS-NGX-Init/INFO] [SuperResolution/]: NGX [UNKNOWN:ON] [2026-10-04 14:19:58] [NGXGetPathUsingQAI:512] Path to driverStore found using QAI: C:\WINDOWS\System32\DriverStore\FileRepository\nvlti.inf_amd64_af02d12a5c2283af
[14:19:58] [SR-DLSS-NGX-Init/INFO] [SuperResolution/]: NGX [UNKNOWN:ON] [2026-10-04 14:19:58] [NGXGetPath:1045] using path for models: C:\ProgramData\NVIDIA\NGX\models
[14:19:58] [SR-DLSS-NGX-Init/INFO] [SuperResolution/]: NGX [UNKNOWN:ON] [2026-10-04 14:19:58] [NGXGetPath:1045] using path for models: C:\ProgramData\NVIDIA\NGX\models
[14:19:58] [SR-DLSS-NGX-Init/INFO] [SuperResolution/]: NGX [UNKNOWN:ON] [2026-10-04 14:19:58] [ModifyExistingFolderDACL:211] updated access control list for NGX cache (NGX cache should now be usable by all authenticated users)
[14:19:58] [SR-DLSS-NGX-Init/INFO] [SuperResolution/]: NGX [UNKNOWN:ON] [2026-10-04 14:19:58] [NGXCreateModelsFolder:1072] model folder created: C:\ProgramData\NVIDIA\NGX\models
[14:19:58] [SR-DLSS-NGX-Init/INFO] [SuperResolution/]: NGX [UNKNOWN:ON] [2026-10-04 14:19:58] [NGXLoadConfig:1144] [dlss]
[14:19:58] [SR-DLSS-NGX-Init/INFO] [SuperResolution/]: NGX [UNKNOWN:ON] [2026-10-04 14:19:58] [NGXLoadConfig:1150] app_B9FEB50=1.0.108
[14:19:58] [SR-DLSS-NGX-Init/INFO] [SuperResolution/]: NGX [UNKNOWN:ON] [2026-10-04 14:19:58] [NGXLoadConfig:1150] app_B9FF4BC=1.0.108
[14:19:58] [SR-DLSS-NGX-Init/INFO] [SuperResolution/]: NGX [UNKNOWN:ON] [2026-10-04 14:19:58] [NGXLoadConfig:1150] app_B9FD524=1.0.108
[14:19:58] [SR-DLSS-NGX-Init/INFO] [SuperResolution/]: NGX [UNKNOWN:ON] [2026-10-04 14:19:58] [NGXLoadConfig:1150] app_B9DF510=1.3.106
[14:19:58] [SR-DLSS-NGX-Init/INFO] [SuperResolution/]: NGX [UNKNOWN:ON] [2026-10-04 14:19:58] [NGXLoadConfig:1150] app_B9CB0B8=1.0.108
[14:19:58] [SR-DLSS-NGX-Init/INFO] [SuperResolution/]: NGX [UNKNOWN:ON] [2026-10-04 14:19:58] [NGXLoadConfig:1150] app_B9E26B0=2.1.28
[14:19:58] [SR-DLSS-NGX-Init/INFO] [SuperResolution/]: NGX [UNKNOWN:ON] [2026-10-04 14:19:58] [NGXLoadConfig:1150] app_B9D48D0=1.0.108
[14:19:58] [SR-DLSS-NGX-Init/INFO] [SuperResolution/]: NGX [UNKNOWN:ON] [2026-10-04 14:19:58] [NGXLoadConfig:1150] app_E99B5EC=1.2.109
[14:19:58] [SR-DLSS-NGX-Init/INFO] [SuperResolution/]: NGX [UNKNOWN:ON] [2026-10-04 14:19:58] [NGXLoadConfig:1150] app_B9DFA64=1.0.108
[14:19:58] [SR-DLSS-NGX-Init/INFO] [SuperResolution/]: NGX [UNKNOWN:ON] [2026-10-04 14:19:58] [NGXLoadConfig:1150] app_B9FD6C0=1.0.108
[14:19:58] [SR-DLSS-NGX-Init/INFO] [SuperResolution/]: NGX [UNKNOWN:ON] [2026-10-04 14:19:58] [NGXLoadConfig:1150] app_B9CF688=2.2.15
[14:19:58] [SR-DLSS-NGX-Init/INFO] [SuperResolution/]: NGX [UNKNOWN:ON] [2026-10-04 14:19:58] [NGXLoadConfig:1150] app_B9D6F08=1.0.108
[14:19:58] [SR-DLSS-NGX-Init/INFO] [SuperResolution/]: NGX [UNKNOWN:ON] [2026-10-04 14:19:58] [NGXLoadConfig:1150] app_B9BF564=2.1.201
[14:19:58] [SR-DLSS-NGX-Init/INFO] [SuperResolution/]: NGX [UNKNOWN:ON] [2026-10-04 14:19:58] [NGXLoadConfig:1150] app_B9DB4F4=1.0.108
[14:19:58] [SR-DLSS-NGX-Init/INFO] [SuperResolution/]: NGX [UNKNOWN:ON] [2026-10-04 14:19:58] [NGXLoadConfig:1150] app_B9D2F5C=1.2.110
[14:19:58] [SR-DLSS-NGX-Init/INFO] [SuperResolution/]: NGX [UNKNOWN:ON] [2026-10-04 14:19:58] [NGXLoadConfig:1150] app_B9D7388=1.0.108
[14:19:58] [SR-DLSS-NGX-Init/INFO] [SuperResolution/]: NGX [UNKNOWN:ON] [2026-10-04 14:19:58] [NGXLoadConfig:1150] app_B9F5618=2.1.29
[14:19:58] [SR-DLSS-NGX-Init/INFO] [SuperResolution/]: NGX [UNKNOWN:ON] [2026-10-04 14:19:58] [NGXLoadConfig:1150] app_B9DAE68=1.2.109
[14:19:58] [SR-DLSS-NGX-Init/INFO] [SuperResolution/]: NGX [UNKNOWN:ON] [2026-10-04 14:19:58] [NGXLoadConfig:1150] app_B9D8C54=1.2.109
[14:19:58] [SR-DLSS-NGX-Init/INFO] [SuperResolution/]: NGX [UNKNOWN:ON] [2026-10-04 14:19:58] [NGXLoadConfig:1150] app_B9D3EF0=2.1.28
[14:19:58] [SR-DLSS-NGX-Init/INFO] [SuperResolution/]: NGX [UNKNOWN:ON] [2026-10-04 14:19:58] [NGXLoadConfig:1150] app_B9FACDC=2.1.201
[14:19:58] [SR-DLSS-NGX-Init/INFO] [SuperResolution/]: NGX [UNKNOWN:ON] [2026-10-04 14:19:58] [NGXLoadConfig:1150] app_F7361DC=2.1.28
[14:19:58] [SR-DLSS-NGX-Init/INFO] [SuperResolution/]: NGX [UNKNOWN:ON] [2026-10-04 14:19:58] [NGXLoadConfig:1150] app_B9C3560=2.1.201
[14:19:58] [SR-DLSS-NGX-Init/INFO] [SuperResolution/]: NGX [UNKNOWN:ON] [2026-10-04 14:19:58] [NGXLoadConfig:1150] app_B9B0430=2.1.28
[14:19:58] [SR-DLSS-NGX-Init/INFO] [SuperResolution/]: NGX [UNKNOWN:ON] [2026-10-04 14:19:58] [NGXLoadConfig:1150] app_E658702=0.0.0
[14:19:58] [SR-DLSS-NGX-Init/INFO] [SuperResolution/]: NGX [UNKNOWN:ON] [2026-10-04 14:19:58] [NGXLoadConfig:1150] app_E658701=0.0.0
[14:19:58] [SR-DLSS-NGX-Init/INFO] [SuperResolution/]: NGX [UNKNOWN:ON] [2026-10-04 14:19:58] [NGXLoadConfig:1150] app_E658700=310.9.0
[14:19:58] [SR-DLSS-NGX-Init/INFO] [SuperResolution/]: NGX [UNKNOWN:ON] [2026-10-04 14:19:58] [NGXLoadConfig:1150] app_B9393FC=2.1.201
[14:19:58] [SR-DLSS-NGX-Init/INFO] [SuperResolution/]: NGX [UNKNOWN:ON] [2026-10-04 14:19:58] [NGXLoadConfig:1144] [dlisp]
[14:19:58] [SR-DLSS-NGX-Init/INFO] [SuperResolution/]: NGX [UNKNOWN:ON] [2026-10-04 14:19:58] [NGXLoadConfig:1150] app_B9CF688=2.1.15
[14:19:58] [SR-DLSS-NGX-Init/INFO] [SuperResolution/]: NGX [UNKNOWN:ON] [2026-10-04 14:19:58] [NGXLoadConfig:1150] app_E99B5EC=1.2.102
[14:19:58] [SR-DLSS-NGX-Init/INFO] [SuperResolution/]: NGX [UNKNOWN:ON] [2026-10-04 14:19:58] [NGXLoadConfig:1150] app_E658703=310.0.0
[14:19:58] [SR-DLSS-NGX-Init/INFO] [SuperResolution/]: NGX [UNKNOWN:ON] [2026-10-04 14:19:58] [NGXLoadConfig:1150] app_B9D8C54=1.2.106
[14:19:58] [SR-DLSS-NGX-Init/INFO] [SuperResolution/]: NGX [UNKNOWN:ON] [2026-10-04 14:19:58] [NGXLoadConfig:1150] app_B9D2F5C=1.2.106
[14:19:58] [SR-DLSS-NGX-Init/INFO] [SuperResolution/]: NGX [UNKNOWN:ON] [2026-10-04 14:19:58] [NGXLoadConfig:1150] app_B9DF510=1.3.101
[14:19:58] [SR-DLSS-NGX-Init/INFO] [SuperResolution/]: NGX [UNKNOWN:ON] [2026-10-04 14:19:58] [NGXLoadConfig:1150] app_B9DAE68=1.2.106
[14:19:58] [SR-DLSS-NGX-Init/INFO] [SuperResolution/]: NGX [UNKNOWN:ON] [2026-10-04 14:19:58] [NGXLoadConfig:1144] [sl_sdk_0]
[14:19:58] [SR-DLSS-NGX-Init/INFO] [SuperResolution/]: NGX [UNKNOWN:ON] [2026-10-04 14:19:58] [NGXLoadConfig:1150] app_E658703=2.14.0
[14:19:58] [SR-DLSS-NGX-Init/INFO] [SuperResolution/]: NGX [UNKNOWN:ON] [2026-10-04 14:19:58] [NGXLoadConfig:1144] [sl_common_0]
[14:19:58] [SR-DLSS-NGX-Init/INFO] [SuperResolution/]: NGX [UNKNOWN:ON] [2026-10-04 14:19:58] [NGXLoadConfig:1150] app_E658703=2.14.0
[14:19:58] [SR-DLSS-NGX-Init/INFO] [SuperResolution/]: NGX [UNKNOWN:ON] [2026-10-04 14:19:58] [NGXLoadConfig:1144] [sl_deepdvc_0]
[14:19:58] [SR-DLSS-NGX-Init/INFO] [SuperResolution/]: NGX [UNKNOWN:ON] [2026-10-04 14:19:58] [NGXLoadConfig:1150] app_E658703=2.14.0
[14:19:58] [SR-DLSS-NGX-Init/INFO] [SuperResolution/]: NGX [UNKNOWN:ON] [2026-10-04 14:19:58] [NGXLoadConfig:1144] [sl_dlss_0]
[14:19:58] [SR-DLSS-NGX-Init/INFO] [SuperResolution/]: NGX [UNKNOWN:ON] [2026-10-04 14:19:58] [NGXLoadConfig:1150] app_E658703=2.14.0
[14:19:58] [SR-DLSS-NGX-Init/INFO] [SuperResolution/]: NGX [UNKNOWN:ON] [2026-10-04 14:19:58] [NGXLoadConfig:1144] [sl_dlss_d_0]
[14:19:58] [SR-DLSS-NGX-Init/INFO] [SuperResolution/]: NGX [UNKNOWN:ON] [2026-10-04 14:19:58] [NGXLoadConfig:1150] app_E658703=2.14.0
[14:19:58] [SR-DLSS-NGX-Init/INFO] [SuperResolution/]: NGX [UNKNOWN:ON] [2026-10-04 14:19:58] [NGXLoadConfig:1144] [sl_dlss_g_0]
[14:19:58] [SR-DLSS-NGX-Init/INFO] [SuperResolution/]: NGX [UNKNOWN:ON] [2026-10-04 14:19:58] [NGXLoadConfig:1150] app_E658703=2.14.0
[14:19:58] [SR-DLSS-NGX-Init/INFO] [SuperResolution/]: NGX [UNKNOWN:ON] [2026-10-04 14:19:58] [NGXLoadConfig:1144] [sl_nis_0]
[14:19:58] [SR-DLSS-NGX-Init/INFO] [SuperResolution/]: NGX [UNKNOWN:ON] [2026-10-04 14:19:58] [NGXLoadConfig:1150] app_E658703=2.14.0
[14:19:58] [SR-DLSS-NGX-Init/INFO] [SuperResolution/]: NGX [UNKNOWN:ON] [2026-10-04 14:19:58] [NGXLoadConfig:1144] [sl_deepdvc_override_0]
[2026-10-04 14:19:58] [ngx::util::openLogFileInPath:252] Logging to requested file (D:\ProjectDllsss\runtime-baseline\instance\.\config\super_resolution/nvngx.log) enabled successfully
[2026-10-04 14:19:58] [NGXSafeInitializeLog:133] App logging hooks successfully initialized
[2026-10-04 14:19:58] [NGXGetPathUsingQAI:512] Path to driverStore found using QAI: C:\WINDOWS\System32\DriverStore\FileRepository\nvlti.inf_amd64_af02d12a5c2283af
[2026-10-04 14:19:58] [NGXGetPath:1045] using path for models: C:\ProgramData\NVIDIA\NGX\models
[2026-10-04 14:19:58] [NGXGetPath:1045] using path for models: C:\ProgramData\NVIDIA\NGX\models
[2026-10-04 14:19:58] [ModifyExistingFolderDACL:211] updated access control list for NGX cache (NGX cache should now be usable by all authenticated users)
[2026-10-04 14:19:58] [NGXCreateModelsFolder:1072] model folder created: C:\ProgramData\NVIDIA\NGX\models
[2026-10-04 14:19:58] [NGXLoadConfig:1144] [dlss]
[2026-10-04 14:19:58] [NGXLoadConfig:1150] app_B9FEB50=1.0.108
[2026-10-04 14:19:58] [NGXLoadConfig:1150] app_B9FF4BC=1.0.108
[2026-10-04 14:19:58] [NGXLoadConfig:1150] app_B9FD524=1.0.108
[2026-10-04 14:19:58] [NGXLoadConfig:1150] app_B9DF510=1.3.106
[2026-10-04 14:19:58] [NGXLoadConfig:1150] app_B9CB0B8=1.0.108
[2026-10-04 14:19:58] [NGXLoadConfig:1150] app_B9E26B0=2.1.28
[2026-10-04 14:19:58] [NGXLoadConfig:1150] app_B9D48D0=1.0.108
[2026-10-04 14:19:58] [NGXLoadConfig:1150] app_E99B5EC=1.2.109
[2026-10-04 14:19:58] [NGXLoadConfig:1150] app_B9DFA64=1.0.108
[2026-10-04 14:19:58] [NGXLoadConfig:1150] app_B9FD6C0=1.0.108
[2026-10-04 14:19:58] [NGXLoadConfig:1150] app_B9CF688=2.2.15
[2026-10-04 14:19:58] [NGXLoadConfig:1150] app_B9D6F08=1.0.108
[2026-10-04 14:19:58] [NGXLoadConfig:1150] app_B9BF564=2.1.201
[2026-10-04 14:19:58] [NGXLoadConfig:1150] app_B9DB4F4=1.0.108
[2026-10-04 14:19:58] [NGXLoadConfig:1150] app_B9D2F5C=1.2.110
[2026-10-04 14:19:58] [NGXLoadConfig:1150] app_B9D7388=1.0.108
[2026-10-04 14:19:58] [NGXLoadConfig:1150] app_B9F5618=2.1.29
[2026-10-04 14:19:58] [NGXLoadConfig:1150] app_B9DAE68=1.2.109
[2026-10-04 14:19:58] [NGXLoadConfig:1150] app_B9D8C54=1.2.109
[2026-10-04 14:19:58] [NGXLoadConfig:1150] app_B9D3EF0=2.1.28
[2026-10-04 14:19:58] [NGXLoadConfig:1150] app_B9FACDC=2.1.201
[2026-10-04 14:19:58] [NGXLoadConfig:1150] app_F7361DC=2.1.28
[2026-10-04 14:19:58] [NGXLoadConfig:1150] app_B9C3560=2.1.201
[2026-10-04 14:19:58] [NGXLoadConfig:1150] app_B9B0430=2.1.28
[2026-10-04 14:19:58] [NGXLoadConfig:1150] app_E658702=0.0.0
[2026-10-04 14:19:58] [NGXLoadConfig:1150] app_E658701=0.0.0
[2026-10-04 14:19:58] [NGXLoadConfig:1150] app_E658700=310.9.0
[2026-10-04 14:19:58] [NGXLoadConfig:1150] app_B9393FC=2.1.201
[2026-10-04 14:19:58] [NGXLoadConfig:1144] [dlisp]
[2026-10-04 14:19:58] [NGXLoadConfig:1150] app_B9CF688=2.1.15
[2026-10-04 14:19:58] [NGXLoadConfig:1150] app_E99B5EC=1.2.102
[2026-10-04 14:19:58] [NGXLoadConfig:1150] app_E658703=310.0.0
[2026-10-04 14:19:58] [NGXLoadConfig:1150] app_B9D8C54=1.2.106
[2026-10-04 14:19:58] [NGXLoadConfig:1150] app_B9D2F5C=1.2.106
[2026-10-04 14:19:58] [NGXLoadConfig:1150] app_B9DF510=1.3.101
[2026-10-04 14:19:58] [NGXLoadConfig:1150] app_B9DAE68=1.2.106
[2026-10-04 14:19:58] [NGXLoadConfig:1144] [sl_sdk_0]
[2026-10-04 14:19:58] [NGXLoadConfig:1150] app_E658703=2.14.0
[2026-10-04 14:19:58] [NGXLoadConfig:1144] [sl_common_0]
[2026-10-04 14:19:58] [NGXLoadConfig:1150] app_E658703=2.14.0
[2026-10-04 14:19:58] [NGXLoadConfig:1144] [sl_deepdvc_0]
[2026-10-04 14:19:58] [NGXLoadConfig:1150] app_E658703=2.14.0
[2026-10-04 14:19:58] [NGXLoadConfig:1144] [sl_dlss_0]
[2026-10-04 14:19:58] [NGXLoadConfig:1150] app_E658703=2.14.0
[2026-10-04 14:19:58] [NGXLoadConfig:1144] [sl_dlss_d_0]
[2026-10-04 14:19:58] [NGXLoadConfig:1150] app_E658703=2.14.0
[2026-10-04 14:19:58] [NGXLoadConfig:1144] [sl_dlss_g_0]
[2026-10-04 14:19:58] [NGXLoadConfig:1150] app_E658703=2.14.0
[2026-10-04 14:19:58] [NGXLoadConfig:1144] [sl_nis_0]
[2026-10-04 14:19:58] [NGXLoadConfig:1150] app_E658703=2.14.0
[2026-10-04 14:19:58] [NGXLoadConfig:1144] [sl_deepdvc_override_0]
[2026-10-04 14[14:19:58] [SR-DLSS-NGX-Init/INFO] [SuperResolution/]: NGX [UNKNOWN:ON] [2026-10-04 14:19:58] [NGXLoadConfig:1150] app_E658700=2.14.0
[14:19:58] [SR-DLSS-NGX-Init/INFO] [SuperResolution/]: NGX [UNKNOWN:ON] [2026-10-04 14:19:58] [NGXLoadConfig:1144] [sl_nvperf_0]
[14:19:58] [SR-DLSS-NGX-Init/INFO] [SuperResolution/]: NGX [UNKNOWN:ON] [2026-10-04 14:19:58] [NGXLoadConfig:1150] app_E658703=2.14.0
[14:19:58] [SR-DLSS-NGX-Init/INFO] [SuperResolution/]: NGX [UNKNOWN:ON] [2026-10-04 14:19:58] [NGXLoadConfig:1144] [sl_pcl_0]
[14:19:58] [SR-DLSS-NGX-Init/INFO] [SuperResolution/]: NGX [UNKNOWN:ON] [2026-10-04 14:19:58] [NGXLoadConfig:1150] app_E658703=2.14.0
[14:19:58] [SR-DLSS-NGX-Init/INFO] [SuperResolution/]: NGX [UNKNOWN:ON] [2026-10-04 14:19:58] [NGXLoadConfig:1144] [sl_reflex_0]
[14:19:58] [SR-DLSS-NGX-Init/INFO] [SuperResolution/]: NGX [UNKNOWN:ON] [2026-10-04 14:19:58] [NGXLoadConfig:1150] app_E658703=2.14.0
[14:19:58] [SR-DLSS-NGX-Init/INFO] [SuperResolution/]: NGX [UNKNOWN:ON] [2026-10-04 14:19:58] [NGXLoadConfig:1144] [dlss_override]
[14:19:58] [SR-DLSS-NGX-Init/INFO] [SuperResolution/]: NGX [UNKNOWN:ON] [2026-10-04 14:19:58] [NGXLoadConfig:1150] app_E658700=310.9.0
[14:19:58] [SR-DLSS-NGX-Init/INFO] [SuperResolution/]: NGX [UNKNOWN:ON] [2026-10-04 14:19:58] [NGXLoadConfig:1144] [dlssd]
[14:19:58] [SR-DLSS-NGX-Init/INFO] [SuperResolution/]: NGX [UNKNOWN:ON] [2026-10-04 14:19:58] [NGXLoadConfig:1150] app_E658700=310.9.0
[14:19:58] [SR-DLSS-NGX-Init/INFO] [SuperResolution/]: NGX [UNKNOWN:ON] [2026-10-04 14:19:58] [NGXLoadConfig:1144] [dlssg]
[14:19:58] [SR-DLSS-NGX-Init/INFO] [SuperResolution/]: NGX [UNKNOWN:ON] [2026-10-04 14:19:58] [NGXLoadConfig:1150] app_E658700=310.9.0
[14:19:58] [SR-DLSS-NGX-Init/INFO] [SuperResolution/]: NGX [UNKNOWN:ON] [2026-10-04 14:19:58] [NGXLoadConfig:1144] [sl_sdk_override_0]
[14:19:58] [SR-DLSS-NGX-Init/INFO] [SuperResolution/]: NGX [UNKNOWN:ON] [2026-10-04 14:19:58] [NGXLoadConfig:1150] app_E658700=2.14.0
[14:19:58] [SR-DLSS-NGX-Init/INFO] [SuperResolution/]: NGX [UNKNOWN:ON] [2026-10-04 14:19:58] [NGXLoadConfig:1144] [sl_dlss_g_override_0]
[14:19:58] [SR-DLSS-NGX-Init/INFO] [SuperResolution/]: NGX [UNKNOWN:ON] [2026-10-04 14:19:58] [NGXLoadConfig:1150] app_E658700=2.14.0
[14:19:58] [SR-DLSS-NGX-Init/INFO] [SuperResolution/]: NGX [UNKNOWN:ON] [2026-10-04 14:19:58] [NGXLoadConfig:1144] [sl_common_override_0]
[14:19:58] [SR-DLSS-NGX-Init/INFO] [SuperResolution/]: NGX [UNKNOWN:ON] [2026-10-04 14:19:58] [NGXLoadConfig:1150] app_E658700=2.14.0
[14:19:58] [SR-DLSS-NGX-Init/INFO] [SuperResolution/]: NGX [UNKNOWN:ON] [2026-10-04 14:19:58] [NGXLoadConfig:1144] [sl_dlss_override_0]
[14:19:58] [SR-DLSS-NGX-Init/INFO] [SuperResolution/]: NGX [UNKNOWN:ON] [2026-10-04 14:19:58] [NGXLoadConfig:1150] app_E658700=2.14.0
[14:19:58] [SR-DLSS-NGX-Init/INFO] [SuperResolution/]: NGX [UNKNOWN:ON] [2026-10-04 14:19:58] [NGXLoadConfig:1144] [sl_nis_override_0]
[14:19:58] [SR-DLSS-NGX-Init/INFO] [SuperResolution/]: NGX [UNKNOWN:ON] [2026-10-04 14:19:58] [NGXLoadConfig:1150] app_E658700=2.14.0
[14:19:58] [SR-DLSS-NGX-Init/INFO] [SuperResolution/]: NGX [UNKNOWN:ON] [2026-10-04 14:19:58] [NGXLoadConfig:1144] [sl_dlss_d_override_0]
[14:19:58] [SR-DLSS-NGX-Init/INFO] [SuperResolution/]: NGX [UNKNOWN:ON] [2026-10-04 14:19:58] [NGXLoadConfig:1150] app_E658700=2.14.0
[14:19:58] [SR-DLSS-NGX-Init/INFO] [SuperResolution/]: NGX [UNKNOWN:ON] [2026-10-04 14:19:58] [NGXLoadConfig:1144] [sl_nvperf_override_0]
[14:19:58] [SR-DLSS-NGX-Init/INFO] [SuperResolution/]: NGX [UNKNOWN:ON] [2026-10-04 14:19:58] [NGXLoadConfig:1150] app_E658700=2.14.0
[14:19:58] [SR-DLSS-NGX-Init/INFO] [SuperResolution/]: NGX [UNKNOWN:ON] [2026-10-04 14:19:58] [NGXLoadConfig:1144] [sl_pcl_override_0]
[14:19:58] [SR-DLSS-NGX-Init/INFO] [SuperResolution/]: NGX [UNKNOWN:ON] [2026-10-04 14:19:58] [NGXLoadConfig:1150] app_E658700=2.14.0
[14:19:58] [SR-DLSS-NGX-Init/INFO] [SuperResolution/]: NGX [UNKNOWN:ON] [2026-10-04 14:19:58] [NGXLoadConfig:1144] [sl_reflex_override_0]
[14:19:58] [SR-DLSS-NGX-Init/INFO] [SuperResolution/]: NGX [UNKNOWN:ON] [2026-10-04 14:19:58] [NGXLoadConfig:1150] app_E658700=2.14.0
[14:19:58] [SR-DLSS-NGX-Init/INFO] [SuperResolution/]: NGX [UNKNOWN:ON] [2026-10-04 14:19:58] [`anonymous-namespace'::LoadMappingFileData:268] listItem.engineVersion .* listItem.genericCMSId 86aa7b4
[14:19:58] [SR-DLSS-NGX-Init/INFO] [SuperResolution/]: NGX [UNKNOWN:ON] [2026-10-04 14:19:58] [`anonymous-namespace'::LoadMappingFileData:282]  project id 3F9D696D4363312194B0ECB2671E899F cms id B9FBD50
[14:19:58] [SR-DLSS-NGX-Init/INFO] [SuperResolution/]: NGX [UNKNOWN:ON] [2026-10-04 14:19:58] [`anonymous-namespace'::LoadMappingFileData:268] listItem.engineVersion .* listItem.genericCMSId 8618954
[14:19:58] [SR-DLSS-NGX-Init/INFO] [SuperResolution/]: NGX [UNKNOWN:ON] [2026-10-04 14:19:58] [`anonymous-namespace'::LoadMappingFileData:268] listItem.engineVersion .* listItem.genericCMSId b9b05cc
[14:19:58] [SR-DLSS-NGX-Init/INFO] [SuperResolution/]: NGX [UNKNOWN:ON] [2026-10-04 14:19:58] [`anonymous-namespace'::LoadMappingFileData:268] listItem.engineVersion .* listItem.genericCMSId 876232c
[14:19:58] [SR-DLSS-NGX-Init/INFO] [SuperResolution/]: NGX [UNKNOWN:ON] [2026-10-04 14:19:58] [MapProjectId:1905] Found cms id 876232c for engine: custom engineVersion 11.45.14 projectID 3a799712-b54a-407c-82b0-eb3366f0f1e3
[14:19:58] [SR-DLSS-NGX-Init/INFO] [SuperResolution/]: NGX [UNKNOWN:ON] [2026-10-04 14:19:58] [NGXDRSInit:327] NvAPI_DRS_FindApplicationByName -166
[14:19:58] [SR-DLSS-NGX-Init/INFO] [SuperResolution/]: NGX [UNKNOWN:ON] [2026-10-04 14:19:58] [NGXInitContext:245] called from module libSuperResolutionNGX+win64+release.dll at D:\ProjectDllsss\runtime-baseline\instance\config\super_resolution\libraries
[14:19:58] [SR-DLSS-NGX-Init/INFO] [SuperResolution/]: NGX [UNKNOWN:ON] [2026-10-04 14:19:58] [NGXLoadConfig:1144] [streamline-ota]
[14:19:58] [SR-DLSS-NGX-Init/INFO] [SuperResolution/]: NGX [UNKNOWN:ON] [2026-10-04 14:19:58] [NGXLoadConfig:1150] app_84D32F0=1
[14:19:58] [SR-DLSS-NGX-Init/INFO] [SuperResolution/]: NGX [UNKNOWN:ON] [2026-10-04 14:19:58] [NGXContextDenyListData::IsFeatureDenied:669] Feature dldenoiser, denial value 0 for Cms ID 876232c
[14:19:58] [SR-DLSS-NGX-Init/INFO] [SuperResolution/]: NGX [UNKNOWN:ON] [2026-10-04 14:19:58] [`anonymous-namespace'::SnippetLocationInfo::load:695] NGXLoadFromPath failed: -1160773628
[14:19:58] [SR-DLSS-NGX-Init/INFO] [SuperResolution/]: NGX [UNKNOWN:ON] [2026-10-04 14:19:58] [`anonymous-namespace'::SnippetLocationInfo::load:695] NGXLoadFromPath failed: -1160773628
[14:19:58] [SR-DLSS-NGX-Init/INFO] [SuperResolution/]: NGX [UNKNOWN:ON] [2026-10-04 14:19:58] [NGXReportStatusFeedback:1060] Override shared memory was opened successfully
[14:19:58] [SR-DLSS-NGX-Init/INFO] [SuperResolution/]: NGX [UNKNOWN:ON] [2026-10-04 14:19:58] [NGXReportStatusFeedback:1072] Override shared memory was mapped successfully
[14:19:58] [SR-DLSS-NGX-Init/INFO] [SuperResolution/]: NGX [UNKNOWN:ON] [2026-10-04 14:19:58] [NGXContextDenyListData::IsFeatureDenied:669] Feature dlss, denial value 0 for Cms ID 876232c
[14:19:59] [SR-DLSS-NGX-Init/INFO] [SuperResolution/]: NGX [UNKNOWN:ON] [2026-10-04 14:19:59] [`anonymous-namespace'::SnippetLocationInfo::load:695] NGXLoadFromPath failed: -1160773628
[14:19:59] [SR-DLSS-NGX-Init/INFO] [SuperResolution/]: NGX [UNKNOWN:ON] [2026-10-04 14:19:59] [NGXSecureLoadFeature:1329] Feature dlss failed to load (cmsid 141959980) from cache (location: C:\ProgramData\NVIDIA\NGX\models\dlss\versions\0\files, name: 160_876232C.bin)
:19:58] [NGXLoadConfig:1150] app_E658700=2.14.0
[2026-10-04 14:19:58] [NGXLoadConfig:1144] [sl_nvperf_0]
[2026-10-04 14:19:58] [NGXLoadConfig:1150] app_E658703=2.14.0
[2026-10-04 14:19:58] [NGXLoadConfig:1144] [sl_pcl_0]
[2026-10-04 14:19:58] [NGXLoadConfig:1150] app_E658703=2.14.0
[2026-10-04 14:19:58] [NGXLoadConfig:1144] [sl_reflex_0]
[2026-10-04 14:19:58] [NGXLoadConfig:1150] app_E658703=2.14.0
[2026-10-04 14:19:58] [NGXLoadConfig:1144] [dlss_override]
[2026-10-04 14:19:58] [NGXLoadConfig:1150] app_E658700=310.9.0
[2026-10-04 14:19:58] [NGXLoadConfig:1144] [dlssd]
[2026-10-04 14:19:58] [NGXLoadConfig:1150] app_E658700=310.9.0
[2026-10-04 14:19:58] [NGXLoadConfig:1144] [dlssg]
[2026-10-04 14:19:58] [NGXLoadConfig:1150] app_E658700=310.9.0
[2026-10-04 14:19:58] [NGXLoadConfig:1144] [sl_sdk_override_0]
[2026-10-04 14:19:58] [NGXLoadConfig:1150] app_E658700=2.14.0
[2026-10-04 14:19:58] [NGXLoadConfig:1144] [sl_dlss_g_override_0]
[2026-10-04 14:19:58] [NGXLoadConfig:1150] app_E658700=2.14.0
[2026-10-04 14:19:58] [NGXLoadConfig:1144] [sl_common_override_0]
[2026-10-04 14:19:58] [NGXLoadConfig:1150] app_E658700=2.14.0
[2026-10-04 14:19:58] [NGXLoadConfig:1144] [sl_dlss_override_0]
[2026-10-04 14:19:58] [NGXLoadConfig:1150] app_E658700=2.14.0
[2026-10-04 14:19:58] [NGXLoadConfig:1144] [sl_nis_override_0]
[2026-10-04 14:19:58] [NGXLoadConfig:1150] app_E658700=2.14.0
[2026-10-04 14:19:58] [NGXLoadConfig:1144] [sl_dlss_d_override_0]
[2026-10-04 14:19:58] [NGXLoadConfig:1150] app_E658700=2.14.0
[2026-10-04 14:19:58] [NGXLoadConfig:1144] [sl_nvperf_override_0]
[2026-10-04 14:19:58] [NGXLoadConfig:1150] app_E658700=2.14.0
[2026-10-04 14:19:58] [NGXLoadConfig:1144] [sl_pcl_override_0]
[2026-10-04 14:19:58] [NGXLoadConfig:1150] app_E658700=2.14.0
[2026-10-04 14:19:58] [NGXLoadConfig:1144] [sl_reflex_override_0]
[2026-10-04 14:19:58] [NGXLoadConfig:1150] app_E658700=2.14.0
[2026-10-04 14:19:58] [`anonymous-namespace'::LoadMappingFileData:268] listItem.engineVersion .* listItem.genericCMSId 86aa7b4
[2026-10-04 14:19:58] [`anonymous-namespace'::LoadMappingFileData:282]  project id 3F9D696D4363312194B0ECB2671E899F cms id B9FBD50
[2026-10-04 14:19:58] [`anonymous-namespace'::LoadMappingFileData:268] listItem.engineVersion .* listItem.genericCMSId 8618954
[2026-10-04 14:19:58] [`anonymous-namespace'::LoadMappingFileData:268] listItem.engineVersion .* listItem.genericCMSId b9b05cc
[2026-10-04 14:19:58] [`anonymous-namespace'::LoadMappingFileData:268] listItem.engineVersion .* listItem.genericCMSId 876232c
[2026-10-04 14:19:58] [MapProjectId:1905] Found cms id 876232c for engine: custom engineVersion 11.45.14 projectID 3a799712-b54a-407c-82b0-eb3366f0f1e3
[2026-10-04 14:19:58] [NGXDRSInit:327] NvAPI_DRS_FindApplicationByName -166
[2026-10-04 14:19:58] [NGXInitContext:245] called from module libSuperResolutionNGX+win64+release.dll at D:\ProjectDllsss\runtime-baseline\instance\config\super_resolution\libraries
[2026-10-04 14:19:58] [NGXLoadConfig:1144] [streamline-ota]
[2026-10-04 14:19:58] [NGXLoadConfig:1150] app_84D32F0=1
[2026-10-04 14:19:58] [NGXContextDenyListData::IsFeatureDenied:669] Feature dldenoiser, denial value 0 for Cms ID 876232c
[2026-10-04 14:19:58] [`anonymous-namespace'::SnippetLocationInfo::load:695] NGXLoadFromPath failed: -1160773628
[2026-10-04 14:19:58] [`anonymous-namespace'::SnippetLocationInfo::load:695] NGXLoadFromPath failed: -1160773628
[2026-10-04 14:19:58] [NGXReportStatusFeedback:1060] Override shared memory was opened successfully
[2026-10-04 14:19:58] [NGXReportStatusFeedback:1072] Override shared memory was mapped successfully
[2026-10-04 14:19:58] [NGXContextDenyListData::IsFeatureDenied:669] Feature dlss, denial value 0 for Cms ID 876232c
[2026-10-04 14:19:59] [`anonymous-namespace'::SnippetLocationInfo::load:695] NGXLoadFromPath failed: -1160773628
[2026-10-04 14:19:59] [NGXSecureLoadFeature:1329] Feature dlss failed to load (cmsid 141959980) from cache (location: C:\ProgramData\NVIDIA\NGX\models\dlss\versions\0\files, name: 160_876232C.bin)
[2026-10-04 14:19:59] [`anonymous-namespace'::SnippetLocationIn[14:19:59] [SR-DLSS-NGX-Init/INFO] [SuperResolution/]: NGX [UNKNOWN:ON] [2026-10-04 14:19:59] [`anonymous-namespace'::SnippetLocationInfo::load:695] NGXLoadFromPath failed: -1160773628
[14:19:59] [SR-DLSS-NGX-Init/INFO] [SuperResolution/]: NGX [UNKNOWN:ON] [2026-10-04 14:19:59] [NGXSecureLoadFeature:1329] Feature dlss failed to load (cmsid 241534723) from cache (location: C:\ProgramData\NVIDIA\NGX\models\dlss\versions\0\files, name: 160_E658703.bin)
[14:20:00] [SR-DLSS-NGX-Init/INFO] [SuperResolution/]: NGX [UNKNOWN:ON] [2026-10-04 14:20:00] [`anonymous-namespace'::SnippetLocationInfo::load:695] NGXLoadFromPath failed: -1160773628
[14:20:00] [SR-DLSS-NGX-Init/INFO] [SuperResolution/]: NGX [UNKNOWN:ON] [2026-10-04 14:20:00] [NGXSecureLoadFeature:1445] app 876232C feature dlss snippet: D:\ProjectDllsss\runtime-baseline\instance\.\config\super_resolution\libraries/nvngx_dlss.dll version: 310.9.1
[14:20:00] [SR-DLSS-NGX-Init/INFO] [SuperResolution/]: NGX [UNKNOWN:ON] [2026-10-04 14:20:00] [NGXContextDenyListData::IsFeatureDenied:669] Feature dlinpainting, denial value 0 for Cms ID 876232c
[14:20:00] [SR-DLSS-NGX-Init/INFO] [SuperResolution/]: NGX [UNKNOWN:ON] [2026-10-04 14:20:00] [`anonymous-namespace'::SnippetLocationInfo::load:695] NGXLoadFromPath failed: -1160773628
[14:20:00] [SR-DLSS-NGX-Init/INFO] [SuperResolution/]: NGX [UNKNOWN:ON] [2026-10-04 14:20:00] [`anonymous-namespace'::SnippetLocationInfo::load:695] NGXLoadFromPath failed: -1160773628
[14:20:00] [SR-DLSS-NGX-Init/INFO] [SuperResolution/]: NGX [UNKNOWN:ON] [2026-10-04 14:20:00] [NGXContextDenyListData::IsFeatureDenied:669] Feature dlisr, denial value 0 for Cms ID 876232c
[14:20:00] [SR-DLSS-NGX-Init/INFO] [SuperResolution/]: NGX [UNKNOWN:ON] [2026-10-04 14:20:00] [`anonymous-namespace'::SnippetLocationInfo::load:695] NGXLoadFromPath failed: -1160773628
[14:20:00] [SR-DLSS-NGX-Init/INFO] [SuperResolution/]: NGX [UNKNOWN:ON] [2026-10-04 14:20:00] [`anonymous-namespace'::SnippetLocationInfo::load:695] NGXLoadFromPath failed: -1160773628
[14:20:00] [SR-DLSS-NGX-Init/INFO] [SuperResolution/]: NGX [UNKNOWN:ON] [2026-10-04 14:20:00] [NGXContextDenyListData::IsFeatureDenied:669] Feature dlslowmo, denial value 0 for Cms ID 876232c
[14:20:00] [SR-DLSS-NGX-Init/INFO] [SuperResolution/]: NGX [UNKNOWN:ON] [2026-10-04 14:20:00] [`anonymous-namespace'::SnippetLocationInfo::load:695] NGXLoadFromPath failed: -1160773628
[14:20:00] [SR-DLSS-NGX-Init/INFO] [SuperResolution/]: NGX [UNKNOWN:ON] [2026-10-04 14:20:00] [`anonymous-namespace'::SnippetLocationInfo::load:695] NGXLoadFromPath failed: -1160773628
[14:20:00] [SR-DLSS-NGX-Init/INFO] [SuperResolution/]: NGX [UNKNOWN:ON] [2026-10-04 14:20:00] [NGXContextDenyListData::IsFeatureDenied:669] Feature dlvsr, denial value 0 for Cms ID 876232c
[14:20:00] [SR-DLSS-NGX-Init/INFO] [SuperResolution/]: NGX [UNKNOWN:ON] [2026-10-04 14:20:00] [`anonymous-namespace'::SnippetLocationInfo::load:695] NGXLoadFromPath failed: -1160773628
[14:20:00] [SR-DLSS-NGX-Init/INFO] [SuperResolution/]: NGX [UNKNOWN:ON] [2026-10-04 14:20:00] [`anonymous-namespace'::SnippetLocationInfo::load:695] NGXLoadFromPath failed: -1160773628
[14:20:00] [SR-DLSS-NGX-Init/INFO] [SuperResolution/]: NGX [UNKNOWN:ON] [2026-10-04 14:20:00] [NGXContextDenyListData::IsFeatureDenied:669] Feature dlcolorize, denial value 0 for Cms ID 876232c
[14:20:00] [SR-DLSS-NGX-Init/INFO] [SuperResolution/]: NGX [UNKNOWN:ON] [2026-10-04 14:20:00] [`anonymous-namespace'::SnippetLocationInfo::load:695] NGXLoadFromPath failed: -1160773628
[14:20:00] [SR-DLSS-NGX-Init/INFO] [SuperResolution/]: NGX [UNKNOWN:ON] [2026-10-04 14:20:00] [`anonymous-namespace'::SnippetLocationInfo::load:695] NGXLoadFromPath failed: -1160773628
[14:20:00] [SR-DLSS-NGX-Init/INFO] [SuperResolution/]: NGX [UNKNOWN:ON] [2026-10-04 14:20:00] [NGXContextDenyListData::IsFeatureDenied:669] Feature dlstyletransfer, denial value 0 for Cms ID 876232c
[14:20:00] [SR-DLSS-NGX-Init/INFO] [SuperResolution/]: NGX [UNKNOWN:ON] [2026-10-04 14:20:00] [`anonymous-namespace'::SnippetLocationInfo::load:695] NGXLoadFromPath failed: -1160773628
[14:20:00] [SR-DLSS-NGX-Init/INFO] [SuperResolution/]: NGX [UNKNOWN:ON] [2026-10-04 14:20:00] [`anonymous-namespace'::SnippetLocationInfo::load:695] NGXLoadFromPath failed: -1160773628
[14:20:00] [SR-DLSS-NGX-Init/INFO] [SuperResolution/]: NGX [UNKNOWN:ON] [2026-10-04 14:20:00] [NGXContextDenyListData::IsFeatureDenied:669] Feature dlvdenoiser, denial value 0 for Cms ID 876232c
[14:20:00] [SR-DLSS-NGX-Init/INFO] [SuperResolution/]: NGX [UNKNOWN:ON] [2026-10-04 14:20:00] [`anonymous-namespace'::SnippetLocationInfo::load:695] NGXLoadFromPath failed: -1160773628
[14:20:00] [SR-DLSS-NGX-Init/INFO] [SuperResolution/]: NGX [UNKNOWN:ON] [2026-10-04 14:20:00] [`anonymous-namespace'::SnippetLocationInfo::load:695] NGXLoadFromPath failed: -1160773628
[14:20:00] [SR-DLSS-NGX-Init/INFO] [SuperResolution/]: NGX [UNKNOWN:ON] [2026-10-04 14:20:00] [NGXContextDenyListData::IsFeatureDenied:669] Feature dlisp, denial value 0 for Cms ID 876232c
[14:20:00] [SR-DLSS-NGX-Init/INFO] [SuperResolution/]: NGX [UNKNOWN:ON] [2026-10-04 14:20:00] [`anonymous-namespace'::SnippetLocationInfo::load:695] NGXLoadFromPath failed: -1160773628
[14:20:00] [SR-DLSS-NGX-Init/INFO] [SuperResolution/]: NGX [UNKNOWN:ON] [2026-10-04 14:20:00] [`anonymous-namespace'::SnippetLocationInfo::load:695] NGXLoadFromPath failed: -1160773628
[14:20:00] [SR-DLSS-NGX-Init/INFO] [SuperResolution/]: NGX [UNKNOWN:ON] [2026-10-04 14:20:00] [NGXContextDenyListData::IsFeatureDenied:669] Feature dlresolve, denial value 0 for Cms ID 876232c
[14:20:00] [SR-DLSS-NGX-Init/INFO] [SuperResolution/]: NGX [UNKNOWN:ON] [2026-10-04 14:20:00] [`anonymous-namespace'::SnippetLocationInfo::load:695] NGXLoadFromPath failed: -1160773628
[14:20:00] [SR-DLSS-NGX-Init/INFO] [SuperResolution/]: NGX [UNKNOWN:ON] [2026-10-04 14:20:00] [`anonymous-namespace'::SnippetLocationInfo::load:695] NGXLoadFromPath failed: -1160773628
[14:20:00] [SR-DLSS-NGX-Init/INFO] [SuperResolution/]: NGX [UNKNOWN:ON] [2026-10-04 14:20:00] [NGXContextDenyListData::IsFeatureDenied:669] Feature dlssg, denial value 0 for Cms ID 876232c
[14:20:00] [SR-DLSS-NGX-Init/INFO] [SuperResolution/]: NGX [UNKNOWN:ON] [2026-10-04 14:20:00] [`anonymous-namespace'::SnippetLocationInfo::load:695] NGXLoadFromPath failed: -1160773628
[14:20:00] [SR-DLSS-NGX-Init/INFO] [SuperResolution/]: NGX [UNKNOWN:ON] [2026-10-04 14:20:00] [`anonymous-namespace'::SnippetLocationInfo::load:695] NGXLoadFromPath failed: -1160773628
fo::load:695] NGXLoadFromPath failed: -1160773628
[2026-10-04 14:19:59] [NGXSecureLoadFeature:1329] Feature dlss failed to load (cmsid 241534723) from cache (location: C:\ProgramData\NVIDIA\NGX\models\dlss\versions\0\files, name: 160_E658703.bin)
[2026-10-04 14:20:00] [`anonymous-namespace'::SnippetLocationInfo::load:695] NGXLoadFromPath failed: -1160773628
[2026-10-04 14:20:00] [NGXSecureLoadFeature:1445] app 876232C feature dlss snippet: D:\ProjectDllsss\runtime-baseline\instance\.\config\super_resolution\libraries/nvngx_dlss.dll version: 310.9.1
[2026-10-04 14:20:00] [NGXContextDenyListData::IsFeatureDenied:669] Feature dlinpainting, denial value 0 for Cms ID 876232c
[2026-10-04 14:20:00] [`anonymous-namespace'::SnippetLocationInfo::load:695] NGXLoadFromPath failed: -1160773628
[2026-10-04 14:20:00] [`anonymous-namespace'::SnippetLocationInfo::load:695] NGXLoadFromPath failed: -1160773628
[2026-10-04 14:20:00] [NGXContextDenyListData::IsFeatureDenied:669] Feature dlisr, denial value 0 for Cms ID 876232c
[2026-10-04 14:20:00] [`anonymous-namespace'::SnippetLocationInfo::load:695] NGXLoadFromPath failed: -1160773628
[2026-10-04 14:20:00] [`anonymous-namespace'::SnippetLocationInfo::load:695] NGXLoadFromPath failed: -1160773628
[2026-10-04 14:20:00] [NGXContextDenyListData::IsFeatureDenied:669] Feature dlslowmo, denial value 0 for Cms ID 876232c
[2026-10-04 14:20:00] [`anonymous-namespace'::SnippetLocationInfo::load:695] NGXLoadFromPath failed: -1160773628
[2026-10-04 14:20:00] [`anonymous-namespace'::SnippetLocationInfo::load:695] NGXLoadFromPath failed: -1160773628
[2026-10-04 14:20:00] [NGXContextDenyListData::IsFeatureDenied:669] Feature dlvsr, denial value 0 for Cms ID 876232c
[2026-10-04 14:20:00] [`anonymous-namespace'::SnippetLocationInfo::load:695] NGXLoadFromPath failed: -1160773628
[2026-10-04 14:20:00] [`anonymous-namespace'::SnippetLocationInfo::load:695] NGXLoadFromPath failed: -1160773628
[2026-10-04 14:20:00] [NGXContextDenyListData::IsFeatureDenied:669] Feature dlcolorize, denial value 0 for Cms ID 876232c
[2026-10-04 14:20:00] [`anonymous-namespace'::SnippetLocationInfo::load:695] NGXLoadFromPath failed: -1160773628
[2026-10-04 14:20:00] [`anonymous-namespace'::SnippetLocationInfo::load:695] NGXLoadFromPath failed: -1160773628
[2026-10-04 14:20:00] [NGXContextDenyListData::IsFeatureDenied:669] Feature dlstyletransfer, denial value 0 for Cms ID 876232c
[2026-10-04 14:20:00] [`anonymous-namespace'::SnippetLocationInfo::load:695] NGXLoadFromPath failed: -1160773628
[2026-10-04 14:20:00] [`anonymous-namespace'::SnippetLocationInfo::load:695] NGXLoadFromPath failed: -1160773628
[2026-10-04 14:20:00] [NGXContextDenyListData::IsFeatureDenied:669] Feature dlvdenoiser, denial value 0 for Cms ID 876232c
[2026-10-04 14:20:00] [`anonymous-namespace'::SnippetLocationInfo::load:695] NGXLoadFromPath failed: -1160773628
[2026-10-04 14:20:00] [`anonymous-namespace'::SnippetLocationInfo::load:695] NGXLoadFromPath failed: -1160773628
[2026-10-04 14:20:00] [NGXContextDenyListData::IsFeatureDenied:669] Feature dlisp, denial value 0 for Cms ID 876232c
[2026-10-04 14:20:00] [`anonymous-namespace'::SnippetLocationInfo::load:695] NGXLoadFromPath failed: -1160773628
[2026-10-04 14:20:00] [`anonymous-namespace'::SnippetLocationInfo::load:695] NGXLoadFromPath failed: -1160773628
[2026-10-04 14:20:00] [NGXContextDenyListData::IsFeatureDenied:669] Feature dlresolve, denial value 0 for Cms ID 876232c
[2026-10-04 14:20:00] [`anonymous-namespace'::SnippetLocationInfo::load:695] NGXLoadFromPath failed: -1160773628
[2026-10-04 14:20:00] [`anonymous-namespace'::SnippetLocationInfo::load:695] NGXLoadFromPath failed: -1160773628
[2026-10-04 14:20:00] [NGXContextDenyListData::IsFeatureDenied:669] Feature dlssg, denial value 0 for Cms ID 876232c
[2026-10-04 14:20:00] [`anonymous-namespace'::SnippetLocationInfo::load:695] NGXLoadFromPath failed: -1160773628
[2026-10-04 14:20:00] [`anonymous-namespace'::SnippetLocationInfo::load:695] NGXLoadFromPath failed: -1160773628
[2026-10-04 14:20:00] [NGXContextDenyListData::IsFeatureDenied:669] Feature [14:20:00] [SR-DLSS-NGX-Init/INFO] [SuperResolution/]: NGX [UNKNOWN:ON] [2026-10-04 14:20:00] [NGXContextDenyListData::IsFeatureDenied:669] Feature deepdvc, denial value 0 for Cms ID 876232c
[14:20:00] [SR-DLSS-NGX-Init/INFO] [SuperResolution/]: NGX [UNKNOWN:ON] [2026-10-04 14:20:00] [`anonymous-namespace'::SnippetLocationInfo::load:695] NGXLoadFromPath failed: -1160773628
[14:20:00] [SR-DLSS-NGX-Init/INFO] [SuperResolution/]: NGX [UNKNOWN:ON] [2026-10-04 14:20:00] [`anonymous-namespace'::SnippetLocationInfo::load:695] NGXLoadFromPath failed: -1160773628
[14:20:00] [SR-DLSS-NGX-Init/INFO] [SuperResolution/]: NGX [UNKNOWN:ON] [2026-10-04 14:20:00] [NGXContextDenyListData::IsFeatureDenied:669] Feature dlssd, denial value 0 for Cms ID 876232c
[14:20:00] [SR-DLSS-NGX-Init/INFO] [SuperResolution/]: NGX [UNKNOWN:ON] [2026-10-04 14:20:00] [`anonymous-namespace'::SnippetLocationInfo::load:695] NGXLoadFromPath failed: -1160773628
[14:20:00] [SR-DLSS-NGX-Init/INFO] [SuperResolution/]: NGX [UNKNOWN:ON] [2026-10-04 14:20:00] [`anonymous-namespace'::SnippetLocationInfo::load:695] NGXLoadFromPath failed: -1160773628
[14:20:00] [SR-DLSS-NGX-Init/INFO] [SuperResolution/]: NGX [UNKNOWN:ON] [2026-10-04 14:20:00] [NGXContextDenyListData::IsFeatureDenied:669] Feature truehdr, denial value 0 for Cms ID 876232c
[14:20:00] [SR-DLSS-NGX-Init/INFO] [SuperResolution/]: NGX [UNKNOWN:ON] [2026-10-04 14:20:00] [`anonymous-namespace'::SnippetLocationInfo::load:695] NGXLoadFromPath failed: -1160773628
[14:20:00] [SR-DLSS-NGX-Init/INFO] [SuperResolution/]: NGX [UNKNOWN:ON] [2026-10-04 14:20:00] [`anonymous-namespace'::SnippetLocationInfo::load:695] NGXLoadFromPath failed: -1160773628
[14:20:00] [SR-DLSS-NGX-Init/INFO] [SuperResolution/]: NGX [UNKNOWN:ON] [2026-10-04 14:20:00] [NGXContextDenyListData::IsFeatureDenied:669] Feature latewarp, denial value 0 for Cms ID 876232c
[14:20:00] [SR-DLSS-NGX-Init/INFO] [SuperResolution/]: NGX [UNKNOWN:ON] [2026-10-04 14:20:00] [`anonymous-namespace'::SnippetLocationInfo::load:695] NGXLoadFromPath failed: -1160773628
[14:20:00] [SR-DLSS-NGX-Init/INFO] [SuperResolution/]: NGX [UNKNOWN:ON] [2026-10-04 14:20:00] [`anonymous-namespace'::SnippetLocationInfo::load:695] NGXLoadFromPath failed: -1160773628
[14:20:00] [SR-DLSS-NGX-Init/INFO] [SuperResolution/]: NGX [UNKNOWN:ON] [2026-10-04 14:20:00] [NGXContextDenyListData::IsFeatureDenied:669] Feature vsr, denial value 0 for Cms ID 876232c
[14:20:00] [SR-DLSS-NGX-Init/INFO] [SuperResolution/]: NGX [UNKNOWN:ON] [2026-10-04 14:20:00] [`anonymous-namespace'::SnippetLocationInfo::load:695] NGXLoadFromPath failed: -1160773628
[14:20:00] [SR-DLSS-NGX-Init/INFO] [SuperResolution/]: NGX [UNKNOWN:ON] [2026-10-04 14:20:00] [`anonymous-namespace'::SnippetLocationInfo::load:695] NGXLoadFromPath failed: -1160773628
[14:20:00] [SR-DLSS-NGX-Init/INFO] [SuperResolution/]: NGX [UNKNOWN:ON] [2026-10-04 14:20:00] [NGXContextDenyListData::IsFeatureDenied:669] Feature fgx, denial value 0 for Cms ID 876232c
[14:20:00] [SR-DLSS-NGX-Init/INFO] [SuperResolution/]: NGX [UNKNOWN:ON] [2026-10-04 14:20:00] [`anonymous-namespace'::SnippetLocationInfo::load:695] NGXLoadFromPath failed: -1160773628
[14:20:00] [SR-DLSS-NGX-Init/INFO] [SuperResolution/]: NGX [UNKNOWN:ON] [2026-10-04 14:20:00] [`anonymous-namespace'::SnippetLocationInfo::load:695] NGXLoadFromPath failed: -1160773628
[14:20:00] [SR-DLSS-NGX-Init/INFO] [SuperResolution/]: NGX [SUPER_SAMPLING:ON] [2026-10-04 14:20:00] [tid:1588632][util::setLogFilename:284] Logging to requested file (D:\ProjectDllsss\runtime-baseline\instance\.\config\super_resolution//nvngx_dlss_310_9_1.log) enabled successfully
[14:20:00] [SR-DLSS-NGX-Init/INFO] [SuperResolution/]: NGX [SUPER_SAMPLING:ON] [2026-10-04 14:20:00] [tid:1588632][NGXInitLog:208] App logging hooks successfully initialized
[14:20:00] [SR-DLSS-NGX-Init/INFO] [SuperResolution/]: NGX [SUPER_SAMPLING:ON] [2026-10-04 14:20:00] [tid:1588632][NGXInitLog:214] Build v310.9.1 CL 38868064
[14:20:00] [SR-DLSS-NGX-Init/INFO] [SuperResolution/]: NGX [SUPER_SAMPLING:ON] [2026-10-04 14:20:00] [tid:1588632][NGXInitLog:216] Built with APP_NAME = default
[14:20:00] [SR-DLSS-NGX-Init/INFO] [SuperResolution/]: NGX [SUPER_SAMPLING:ON] [2026-10-04 14:20:00] [tid:1588632][NGXInitLog:226] Loaded from path "D:\ProjectDllsss\runtime-baseline\instance\config\super_resolution\libraries/nvngx_dlss.dll" by java.exe
[14:20:00] [SR-DLSS-NGX-Init/INFO] [SuperResolution/]: NGX [SUPER_SAMPLING:ON] [2026-10-04 14:20:00] [tid:1588632][NGXCubinVulkan::Init:204] Enabling texmode_raw
[14:20:00] [SR-DLSS-NGX-Init/INFO] [SuperResolution/]: NGX [SUPER_SAMPLING:ON] [2026-10-04 14:20:00] [tid:1588632][NGXCubinKernelMap::InitCubins:42] Loading NGXCubin kernels
[14:20:00] [SR-DLSS-NGX-Init/INFO] [SuperResolution/]: NGX [SUPER_SAMPLING:ON] [2026-10-04 14:20:00] [tid:1588632][NGXCubinGeneric::SetGPUArch:413] SetGPUArch:: Gpu count = 1, luid: 0x1294c
[14:20:00] [SR-DLSS-NGX-Init/INFO] [SuperResolution/]: NGX [SUPER_SAMPLING:ON] [2026-10-04 14:20:00] [tid:1588632][NGXCubinGeneric::SetGPUArch:473] m_gpuArch = 0x170
[14:20:00] [SR-DLSS-NGX-Init/INFO] [SuperResolution/]: NGX [SUPER_SAMPLING:ON] [2026-10-04 14:20:00] [tid:1588632][NGXCubinGeneric::genericPostInit:164] Fast UAV clear: supported
[14:20:00] [SR-DLSS-NGX-Init/INFO] [SuperResolution/]: NGX [SUPER_SAMPLING:ON] [2026-10-04 14:20:00] [tid:1588632][DLSSCubinKernelMap::InitCubins:303] Setting DLAA Cubins
[14:20:00] [SR-DLSS-NGX-Init/INFO] [SuperResolution/]: NGX [SUPER_SAMPLING:ON] [2026-10-04 14:20:00] [tid:1588632][DLSSCubinKernelMap::InitCubins:303] Setting DLSS Debug Cubins
[14:20:00] [SR-DLSS-NGX-Init/INFO] [SuperResolution/]: NGX [SUPER_SAMPLING:ON] [2026-10-04 14:20:00] [tid:1588632][DLSSCubinKernelMap::InitCubins:303] Setting DLTSS Engine Cubins
[14:20:00] [SR-DLSS-NGX-Init/INFO] [SuperResolution/]: NGX [SUPER_SAMPLING:ON] [2026-10-04 14:20:00] [tid:1588632][DLSSCubinKernelMap::InitCubins:303] Setting DLTSS NW Cubins
[14:20:00] [SR-DLSS-NGX-Init/INFO] [SuperResolution/]: NGX [SUPER_SAMPLING:ON] [2026-10-04 14:20:00] [tid:1588632][DLSSCubinKernelMap::InitCubins:303] Setting DLTSS NW E5M3_SKIP Cubins
[14:20:00] [SR-DLSS-NGX-Init/INFO] [SuperResolution/]: NGX [SUPER_SAMPLING:ON] [2026-10-04 14:20:00] [tid:1588632][DLSSCubinKernelMap::InitCubins:303] Setting DLTSS NW Cubins
[14:20:00] [SR-DLSS-NGX-Init/INFO] [SuperResolution/]: NGX [SUPER_SAMPLING:ON] [2026-10-04 14:20:00] [tid:1588632][DldnCubinKernelMap::InitCubins:138] Setting DLDN Engine Pre / Post Cubins
[14:20:00] [Render thread/INFO] [SuperResolution/]: NGX [UNKNOWN:ON] [2026-10-04 14:20:00] [NVSDK_NGX_CreateFeature_Validate:731] app id is 141959980
[14:20:00] [Render thread/INFO] [SuperResolution/]: NGX [SUPER_SAMPLING:ON] [2026-10-04 14:20:00] [tid:1570080][NgxRayReconstruction::FillCreationParams::<lambda_5bd36971463f469fd81574f74f368df1>::operator ():1733] Info: (DLAA) Using Default Overriden Preset Preset_D
[14:20:00] [Render thread/INFO] [SuperResolution/]: NGX [SUPER_SAMPLING:ON] [2026-10-04 14:20:00] [tid:1570080][NgxRayReconstruction::FillCreationParams::<lambda_5bd36971463f469fd81574f74f368df1>::operator ():1733] Info: (Quality) Using Default Overriden Preset Preset_D
[14:20:00] [Render thread/INFO] [SuperResolution/]: NGX [SUPER_SAMPLING:ON] [2026-10-04 14:20:00] [tid:1570080][NgxRayReconstruction::FillCreationParams::<lambda_5bd36971463f469fd81574f74f368df1>::operator ():1733] Info: (Balanced) Using Default Overriden Preset Preset_D
[14:20:00] [Render thread/INFO] [SuperResolution/]: NGX [SUPER_SAMPLING:ON] [2026-10-04 14:20:00] [tid:1570080][NgxRayReconstruction::FillCreationParams::<lambda_5bd36971463f469fd81574f74f368df1>::operator ():1733] Info: (Perf) Using Default Overriden Preset Preset_D
[14:20:00] [Render thread/INFO] [SuperResolution/]: NGX [SUPER_SAMPLING:ON] [2026-10-04 14:20:00] [tid:1570080][NgxRayReconstruction::FillCreationParams::<lambda_5bd36971463f469fd81574f74f368df1>::operator ():1733] Info: (UltraPerf) Using Default Overriden Preset Preset_D
[14:20:00] [Render thread/INFO] [SuperResolution/]: NGX [SUPER_SAMPLING:ON] [2026-10-04 14:20:00] [tid:1570080][NgxRayReconstruction::FillCreationParams::<lambda_5bd36971463f469fd81574f74f368df1>::operator ():1733] Info: (UltraQuality) Using Default Overriden Preset Preset_D
[14:20:00] [Render thread/INFO] [SuperResolution/]: NGX [SUPER_SAMPLING:ON] [2026-10-04 14:20:00] [tid:1570080][NgxDltss::FillCreationParams::<lambda_cef418e50ae0bb979313c68b3f92b7fd>::operator ():2763] Info: (DLAA) Using App hint Preset K
[14:20:00] [Render thread/INFO] [SuperResolution/]: NGX [SUPER_SAMPLING:ON] [2026-10-04 14:20:00] [tid:1570080][NgxDltss::FillCreationParams::<lambda_cef418e50ae0bb979313c68b3f92b7fd>::operator ():2763] Info: (Quality) Using App hint Preset K
[14:20:00] [Render thread/INFO] [SuperResolution/]: NGX [SUPER_SAMPLING:ON] [2026-10-04 14:20:00] [tid:1570080][NgxDltss::FillCreationParams::<lambda_cef418e50ae0bb979313c68b3f92b7fd>::operator ():2763] Info: (Balanced) Using App hint Preset K
[14:20:00] [Render thread/INFO] [SuperResolution/]: NGX [SUPER_SAMPLING:ON] [2026-10-04 14:20:00] [tid:1570080][NgxDltss::FillCreationParams::<lambda_cef418e50ae0bb979313c68b3f92b7fd>::operator ():2763] Info: (Perf) Using App hint Preset K
[14:20:00] [Render thread/INFO] [SuperResolution/]: NGX [SUPER_SAMPLING:ON] [2026-10-04 14:20:00] [tid:1570080][NgxDltss::FillCreationParams::<lambda_cef418e50ae0bb979313c68b3f92b7fd>::operator ():2763] Info: (UltraPerf) Using App hint Preset K
[14:20:00] [Render thread/INFO] [SuperResolution/]: NGX [SUPER_SAMPLING:ON] [2026-10-04 14:20:00] [tid:1570080][NgxDltss::FillCreationParams::<lambda_cef418e50ae0bb979313c68b3f92b7fd>::operator ():2763] Info: (UltraQuality) Using App hint Preset K
[2026-10-04 14:20:00] [tid:1588632][util::setLogFilename:284] Logging to requested file (D:\ProjectDllsss\runtime-baseline\instance\.\config\super_resolution//nvngx_dlss_310_9_1.log) enabled successfully
[2026-10-04 14:20:00] [tid:1588632][NGXInitLog:208] App logging hooks successfully initialized
[2026-10-04 14:20:00] [tid:1588632][NGXInitLog:214] Build v310.9.1 CL 38868064
[2026-10-04 14:20:00] [tid:1588632][NGXInitLog:216] Built with APP_NAME = default
[2026-10-04 14:20:00] [tid:1588632][NGXInitLog:226] Loaded from path "D:\ProjectDllsss\runtime-baseline\instance\config\super_resolution\libraries/nvngx_dlss.dll" by java.exe
[2026-10-04 14:20:00] [tid:1588632][NGXCubinVulkan::Init:204] Enabling texmode_raw
[2026-10-04 14:20:00] [tid:1588632][NGXCubinKernelMap::InitCubins:42] Loading NGXCubin kernels
[2026-10-04 14:20:00] [tid:1588632][NGXCubinGeneric::SetGPUArch:413] SetGPUArch:: Gpu count = 1, luid: 0x1294c
[2026-10-04 14:20:00] [tid:1588632][NGXCubinGeneric::SetGPUArch:473] m_gpuArch = 0x170
[2026-10-04 14:20:00] [tid:1588632][NGXCubinGeneric::genericPostInit:164] Fast UAV clear: supported
[2026-10-04 14:20:00] [tid:1588632][DLSSCubinKernelMap::InitCubins:303] Setting DLAA Cubins
[2026-10-04 14:20:00] [tid:1588632][DLSSCubinKernelMap::InitCubins:303] Setting DLSS Debug Cubins
[2026-10-04 14:20:00] [tid:1588632][DLSSCubinKernelMap::InitCubins:303] Setting DLTSS Engine Cubins
[2026-10-04 14:20:00] [tid:1588632][DLSSCubinKernelMap::InitCubins:303] Setting DLTSS NW Cubins
[2026-10-04 14:20:00] [tid:1588632][DLSSCubinKernelMap::InitCubins:303] Setting DLTSS NW E5M3_SKIP Cubins
[2026-10-04 14:20:00] [tid:1588632][DLSSCubinKernelMap::InitCubins:303] Setting DLTSS NW Cubins
[2026-10-04 14:20:00] [tid:1588632][DldnCubinKernelMap::InitCubins:138] Setting DLDN Engine Pre / Post Cubins
[2026-10-04 14:20:00] [tid:1570080][NgxRayReconstruction::FillCreationParams::<lambda_5bd36971463f469fd81574f74f368df1>::operator ():1733] Info: (DLAA) Using Default Overriden Preset Preset_D
[2026-10-04 14:20:00] [tid:1570080][NgxRayReconstruction::FillCreationParams::<lambda_5bd36971463f469fd81574f74f368df1>::operator ():1733] Info: (Quality) Using Default Overriden Preset Preset_D
[2026-10-04 14:20:00] [tid:1570080][NgxRayReconstruction::FillCreationParams::<lambda_5bd36971463f469fd81574f74f368df1>::operator ():1733] Info: (Balanced) Using Default Overriden Preset Preset_D
[2026-10-04 14:20:00] [tid:1570080][NgxRayReconstruction::FillCreationParams::<lambda_5bd36971463f469fd81574f74f368df1>::operator ():1733] Info: (Perf) Using Default Overriden Preset Preset_D
[2026-10-04 14:20:00] [tid:1570080][NgxRayReconstruction::FillCreationParams::<lambda_5bd36971463f469fd81574f74f368df1>::operator ():1733] Info: (UltraPerf) Using Default Overriden Preset Preset_D
[2026-10-04 14:20:00] [tid:1570080][NgxRayReconstruction::FillCreationParams::<lambda_5bd36971463f469fd81574f74f368df1>::operator ():1733] Info: (UltraQuality) Using Default Overriden Preset Preset_D
[2026-10-04 14:20:00] [tid:1570080][NgxDltss::FillCreationParams::<lambda_cef418e50ae0bb979313c68b3f92b7fd>::operator ():2763] Info: (DLAA) Using App hint Preset K
[2026-10-04 14:20:00] [tid:1570080][NgxDltss::FillCreationParams::<lambda_cef418e50ae0bb979313c68b3f92b7fd>::operator ():2763] Info: (Quality) Using App hint Preset K
[2026-10-04 14:20:00] [tid:1570080][NgxDltss::FillCreationParams::<lambda_cef418e50ae0bb979313c68b3f92b7fd>::operator ():2763] Info: (Balanced) Using App hint Preset K
[2026-10-04 14:20:00] [tid:1570080][NgxDltss::FillCreationParams::<lambda_cef418e50ae0bb979313c68b3f92b7fd>::operator ():2763] Info: (Perf) Using App hint Preset K
[2026-10-04 14:20:00] [tid:1570080][NgxDltss::FillCreationParams::<lambda_cef418e50ae0bb979313c68b3f92b7fd>::operator ():2763] Info: (UltraPerf) Using App hint Preset K
[2026-10-04 14:20:00] [tid:1570080][NgxDltss::FillCreationParams::<lambda_cef418e50ae0bb979313c68b3f92b7fd>::operator ():2763] Info: (UltraQuality) Using App hint Preset K
[2026-10-04 14:20:00] [tid:1570080][AliasTensorContainer:192] Texture is too small to fit tensor buffer: 353894[14:20:00] [Render thread/INFO] [SuperResolution/]: NGX [SUPER_SAMPLING:ON] [2026-10-04 14:20:00] [tid:1570080][AliasTensorContainer:192] Texture is too small to fit tensor buffer: 3538944 < 6291456
[14:20:00] [Render thread/INFO] [SuperResolution/]: NGX [SUPER_SAMPLING:ON] [2026-10-04 14:20:00] [tid:1570080][AliasTensorContainer:192] Texture is too small to fit tensor buffer: 3538944 < 4214784
[14:20:00] [Render thread/INFO] [SuperResolution/]: NGX [SUPER_SAMPLING:ON] [2026-10-04 14:20:00] [tid:1570080][PaddedWindowNetwork::CreatePaddedWindowNetwork:399] Container0Tensor: 5 MiB allocated
[14:20:00] [Render thread/INFO] [SuperResolution/]: NGX [SUPER_SAMPLING:ON] [2026-10-04 14:20:00] [tid:1570080][PaddedWindowNetwork::CreatePaddedWindowNetwork:403] Container1Tensor: 6 MiB allocated
[14:20:00] [Render thread/INFO] [SuperResolution/]: NGX [SUPER_SAMPLING:ON] [2026-10-04 14:20:00] [tid:1570080][PaddedWindowNetwork::CreatePaddedWindowNetwork:407] Container2Tensor: 4 MiB allocated
[14:20:01] [Render thread/INFO] [minecraft/ReloadableResourceManager]: Reloading ResourceManager: vanilla, mod_resources, mod/sodium, mod/fabric_rendering_data_attachment_v1, mod/iris, mod/super_resolution, mod/wisteria, mod/fabric_renderer_api_v1, mod/fabric_api_base, mod/architectury, mod/neoforge, mod/fabric_block_view_api_v2
[14:20:01] [Worker-Main-3/INFO] [minecraft/UnihexProvider]: Found unifont_all_no_pua-15.1.05.hex, loading
[14:20:01] [Worker-Main-11/INFO] [minecraft/UnihexProvider]: Found unifont_jp_patch-15.1.05.hex, loading
[14:20:01] [Render thread/INFO] [Wisteria/]: Registered low latency backend wisteria:reflex_streamline
[14:20:01] [Render thread/INFO] [SuperResolution/]: SR_INTEROP slot=0 generation=1 frame=0 state=RECORDING fence=0 ready=[] release=[]
[14:20:02] [Render thread/INFO] [SuperResolution/]: SR_INTEROP resource=SRPresentationFinalColor-0 sourceGL=6 sharedGL=28 VkImage=2953783445664 format=RGBA8 VkFormat=37 size=854x480 ready=2953785649760 release=2953808839008 phase=GL_WRITE_READY layout=TRANSFER_SRC_OPTIMAL usages=io.homo.superresolution.core.graphics.impl.texture.TextureUsages@2aafd790
[14:20:02] [Render thread/INFO] [SuperResolution/]: SR_INTEROP slot=0 generation=1 frame=0 state=SEALED fence=0 ready=[2953785649760] release=[2953808839008]
[14:20:02] [Render thread/INFO] [SuperResolution/]: Frame generation backend negotiation: fg=wisteria:dlssg, lowLatency=null
[14:20:02] [Render thread/INFO] [SuperResolution/]: Created Vulkan presentation swapchain: 854x480, images=4, presentMode=IMMEDIATE (requested=4, min=2, max=8, plannedGeneratedFrames=1)
[14:20:02] [Render thread/INFO] [SuperResolution/]: Vsync is ignored while frame generation is active: the pacer meters presents itself and FIFO would cap them at the refresh rate
[14:20:02] [Render thread/INFO] [SuperResolution/]: SR_INTEROP slot=0 generation=1 frame=0 state=QUEUED fence=0 ready=[2953785649760] release=[2953808839008]
[14:20:02] [SR-FrameGeneration-FG/INFO] [SuperResolution/]: SR_INTEROP slot=0 generation=1 frame=0 state=DISPATCHING fence=0 ready=[2953785649760] release=[2953808839008]
[14:20:02] [SR-FrameGeneration-Present/INFO] [SuperResolution/]: SR_INTEROP slot=0 generation=1 frame=0 state=SUBMITTED fence=2957045500848 ready=[2953785649760] release=[2953808839008]
[14:20:02] [Render thread/INFO] [SuperResolution/]: SR_INTEROP resource=SRPresentationFinalColor-1 sourceGL=6 sharedGL=42 VkImage=2956711702800 format=RGBA8 VkFormat=37 size=854x480 ready=2956714456528 release=2956714456832 phase=GL_WRITE_READY layout=TRANSFER_SRC_OPTIMAL usages=io.homo.superresolution.core.graphics.impl.texture.TextureUsages@9a00385
[14:20:02] [Render thread/INFO] [SuperResolution/]: SR_INTEROP resource=SRPresentationFinalColor-2 sourceGL=6 sharedGL=43 VkImage=2956846357120 format=RGBA8 VkFormat=37 size=854x480 ready=2953741737424 release=2953741729520 phase=GL_WRITE_READY layout=TRANSFER_SRC_OPTIMAL usages=io.homo.superresolution.core.graphics.impl.texture.TextureUsages@2889d997
[14:20:02] [Render thread/INFO] [SuperResolution/]: SR_INTEROP resource=SRPresentationFinalColor-0 phase=GL_RELEASE_WAIT_REUSE semaphore=2953808839008
[14:20:02] [Render thread/INFO] [SuperResolution/]: SR_INTEROP slot=0 generation=1 frame=0 state=REUSABLE fence=0 ready=[2953785649760] release=[2953808839008]
[14:20:02] [Render thread/INFO] [SuperResolution/]: SR_INTEROP slot=0 generation=4 frame=0 state=RECORDING fence=0 ready=[] release=[]
[14:20:02] [Render thread/INFO] [SuperResolution/]: SR_INTEROP resource=SRPresentationFinalColor-0 sourceGL=6 sharedGL=28 VkImage=2953783445664 format=RGBA8 VkFormat=37 size=854x480 ready=2953785649760 release=2953808839008 phase=GL_WRITE_READY layout=TRANSFER_SRC_OPTIMAL usages=io.homo.superresolution.core.graphics.impl.texture.TextureUsages@2aafd790
[14:20:02] [Render thread/INFO] [SuperResolution/]: SR_INTEROP slot=0 generation=4 frame=0 state=SEALED fence=0 ready=[2953785649760] release=[2953808839008]
[14:20:02] [Render thread/INFO] [SuperResolution/]: SR_INTEROP slot=0 generation=4 frame=0 state=QUEUED fence=0 ready=[2953785649760] release=[2953808839008]
[14:20:02] [SR-FrameGeneration-FG/INFO] [SuperResolution/]: SR_INTEROP slot=0 generation=4 frame=0 state=DISPATCHING fence=0 ready=[2953785649760] release=[2953808839008]
[14:20:02] [SR-FrameGeneration-Present/INFO] [SuperResolution/]: SR_INTEROP slot=0 generation=4 frame=0 state=SUBMITTED fence=2956768379392 ready=[2953785649760] release=[2953808839008]
[14:20:02] [Render thread/INFO] [SuperResolution/]: SR_INTEROP resource=SRPresentationFinalColor-1 phase=GL_RELEASE_WAIT_REUSE semaphore=2956714456832
[14:20:02] [Render thread/INFO] [SuperResolution/]: SR_INTEROP resource=SRPresentationFinalColor-1 sourceGL=6 sharedGL=42 VkImage=2956711702800 format=RGBA8 VkFormat=37 size=854x480 ready=2956714456528 release=2956714456832 phase=GL_WRITE_READY layout=TRANSFER_SRC_OPTIMAL usages=io.homo.superresolution.core.graphics.impl.texture.TextureUsages@9a00385
[14:20:02] [Render thread/INFO] [SuperResolution/]: SR_INTEROP resource=SRPresentationFinalColor-2 phase=GL_RELEASE_WAIT_REUSE semaphore=2953741729520
[14:20:02] [Render thread/INFO] [SuperResolution/]: SR_INTEROP resource=SRPresentationFinalColor-2 sourceGL=6 sharedGL=43 VkImage=2956846357120 format=RGBA8 VkFormat=37 size=854x480 ready=2953741737424 release=2953741729520 phase=GL_WRITE_READY layout=TRANSFER_SRC_OPTIMAL usages=io.homo.superresolution.core.graphics.impl.texture.TextureUsages@2889d997
[14:20:02] [Render thread/INFO] [SuperResolution/]: SR_INTEROP resource=SRPresentationFinalColor-0 phase=GL_RELEASE_WAIT_REUSE semaphore=2953808839008
[14:20:02] [Render thread/INFO] [SuperResolution/]: SR_INTEROP slot=0 generation=4 frame=0 state=REUSABLE fence=0 ready=[2953785649760] release=[2953808839008]
[14:20:02] [Render thread/INFO] [SuperResolution/]: SR_INTEROP slot=0 generation=7 frame=0 state=RECORDING fence=0 ready=[] release=[]
[14:20:02] [Render thread/INFO] [SuperResolution/]: SR_INTEROP slot=0 generation=7 frame=0 state=SEALED fence=0 ready=[2953785649760] release=[2953808839008]
[14:20:02] [Render thread/INFO] [SuperResolution/]: SR_INTEROP slot=0 generation=7 frame=0 state=QUEUED fence=0 ready=[2953785649760] release=[2953808839008]
[14:20:02] [Render thread/INFO] [SuperResolution/]: SR_INTEROP resource=SRPresentationFinalColor-1 phase=GL_RELEASE_WAIT_REUSE semaphore=2956714456832
[14:20:02] [SR-FrameGeneration-FG/INFO] [SuperResolution/]: SR_INTEROP slot=0 generation=7 frame=0 state=DISPATCHING fence=0 ready=[2953785649760] release=[2953808839008]
[14:20:02] [Render thread/INFO] [SuperResolution/]: SR_INTEROP resource=SRPresentationFinalColor-2 phase=GL_RELEASE_WAIT_REUSE semaphore=2953741729520
[14:20:02] [SR-FrameGeneration-Present/INFO] [SuperResolution/]: SR_INTEROP slot=0 generation=7 frame=0 state=SUBMITTED fence=2956768377488 ready=[2953785649760] release=[2953808839008]
[14:20:02] [Render thread/INFO] [SuperResolution/]: SR_INTEROP slot=0 generation=7 frame=0 state=REUSABLE fence=0 ready=[2953785649760] release=[2953808839008]
[14:20:02] [Render thread/INFO] [SuperResolution/]: SR_INTEROP slot=0 generation=10 frame=0 state=RECORDING fence=0 ready=[] release=[]
[14:20:02] [Render thread/INFO] [SuperResolution/]: SR_INTEROP slot=0 generation=10 frame=0 state=SEALED fence=0 ready=[2953785649760] release=[2953808839008]
[14:20:02] [Render thread/INFO] [SuperResolution/]: SR_INTEROP slot=0 generation=10 frame=0 state=QUEUED fence=0 ready=[2953785649760] release=[2953808839008]
[14:20:02] [SR-FrameGeneration-FG/INFO] [SuperResolution/]: SR_INTEROP slot=0 generation=10 frame=0 state=DISPATCHING fence=0 ready=[2953785649760] release=[2953808839008]
[14:20:02] [SR-FrameGeneration-Present/INFO] [SuperResolution/]: SR_INTEROP slot=0 generation=10 frame=0 state=SUBMITTED fence=2956768377216 ready=[2953785649760] release=[2953808839008]
[14:20:02] [Render thread/INFO] [SuperResolution/]: SR_INTEROP slot=0 generation=10 frame=0 state=REUSABLE fence=0 ready=[2953785649760] release=[2953808839008]
[14:20:05] [Render thread/WARN] [minecraft/SoundEngine]: Missing sound for event: minecraft:item.goat_horn.play
[14:20:05] [Render thread/WARN] [minecraft/SoundEngine]: Missing sound for event: minecraft:entity.goat.screaming.horn_break
[14:20:07] [Render thread/INFO] [mojang/Library]: OpenAL initialized on device OpenAL Soft on Altavoces (Realtek(R) Audio)
[14:20:07] [Render thread/INFO] [minecraft/SoundEngine]: Sound engine started
[14:20:07] [Render thread/INFO] [minecraft/TextureAtlas]: Created: 1024x512x4 minecraft:textures/atlas/blocks.png-atlas
[14:20:07] [Render thread/INFO] [minecraft/TextureAtlas]: Created: 256x256x4 minecraft:textures/atlas/signs.png-atlas
[14:20:07] [Render thread/INFO] [minecraft/TextureAtlas]: Created: 512x512x4 minecraft:textures/atlas/shield_patterns.png-atlas
[14:20:07] [Render thread/INFO] [minecraft/TextureAtlas]: Created: 512x512x4 minecraft:textures/atlas/banner_patterns.png-atlas
[14:20:07] [Render thread/INFO] [minecraft/TextureAtlas]: Created: 1024x1024x4 minecraft:textures/atlas/armor_trims.png-atlas
[14:20:07] [Render thread/INFO] [minecraft/TextureAtlas]: Created: 256x256x4 minecraft:textures/atlas/chest.png-atlas
[14:20:07] [Render thread/INFO] [minecraft/TextureAtlas]: Created: 128x64x4 minecraft:textures/atlas/decorated_pot.png-atlas
[14:20:07] [Render thread/INFO] [minecraft/TextureAtlas]: Created: 512x256x4 minecraft:textures/atlas/beds.png-atlas
[14:20:07] [Render thread/INFO] [minecraft/TextureAtlas]: Created: 512x256x4 minecraft:textures/atlas/shulker_boxes.png-atlas
[14:20:08] [Render thread/INFO] [minecraft/TextureAtlas]: Created: 512x256x0 minecraft:textures/atlas/particles.png-atlas
[14:20:08] [Render thread/INFO] [minecraft/TextureAtlas]: Created: 512x256x0 minecraft:textures/atlas/paintings.png-atlas
[14:20:08] [Render thread/INFO] [minecraft/TextureAtlas]: Created: 256x128x0 minecraft:textures/atlas/mob_effects.png-atlas
[14:20:08] [Render thread/INFO] [minecraft/TextureAtlas]: Created: 64x64x0 minecraft:textures/atlas/map_decorations.png-atlas
[14:20:08] [Render thread/INFO] [minecraft/TextureAtlas]: Created: 1024x512x0 minecraft:textures/atlas/gui.png-atlas
[14:20:08] [Render thread/WARN] [minecraft/ShaderInstance]: Shader rendertype_entity_translucent_emissive could not find sampler named Sampler2 in the specified shader program.
[14:20:08] [Render thread/INFO] [ne.ne.ne.cl.en.an.js.AnimationLoader/]: Loaded 0 entity animations
[14:20:08] [Render thread/INFO] [Iris/]: Creating pipeline for dimension minecraft:overworld
[14:20:08] [Render thread/WARN] [Iris/]: Failed to resolve uniform inPaleGarden, reason: Unknown variable: BIOME_PALE_GARDEN ( = FunctionCall{smooth {[Number{55}, FunctionCall{if {[FunctionCall{in {[Id{biome}, Id{BIOME_PALE_GARDEN}]} }, Number{1}, Number{0}]} }, Number{15}, Number{15}]} })
java.lang.RuntimeException: Unknown variable: BIOME_PALE_GARDEN
	at TRANSFORMER/iris@1.8.8+mc1.21.1/kroppeb.stareval.resolver.ExpressionResolver.resolveExpressionInternal(ExpressionResolver.java:225) ~[iris-1.8.8+1.21.1-neoforge-neoforge,1.21.1.jar%23177!/:?] {re:classloading}
	at TRANSFORMER/iris@1.8.8+mc1.21.1/kroppeb.stareval.resolver.ExpressionResolver.resolveCallExpressionInternal(ExpressionResolver.java:81) ~[iris-1.8.8+1.21.1-neoforge-neoforge,1.21.1.jar%23177!/:?] {re:classloading}
	at TRANSFORMER/iris@1.8.8+mc1.21.1/kroppeb.stareval.resolver.ExpressionResolver.resolveCallExpression(ExpressionResolver.java:140) ~[iris-1.8.8+1.21.1-neoforge-neoforge,1.21.1.jar%23177!/:?] {re:classloading}
	at TRANSFORMER/iris@1.8.8+mc1.21.1/kroppeb.stareval.resolver.ExpressionResolver.resolveExpressionInternal(ExpressionResolver.java:196) ~[iris-1.8.8+1.21.1-neoforge-neoforge,1.21.1.jar%23177!/:?] {re:classloading}
	at TRANSFORMER/iris@1.8.8+mc1.21.1/kroppeb.stareval.resolver.ExpressionResolver.resolveCallExpressionInternal(ExpressionResolver.java:81) ~[iris-1.8.8+1.21.1-neoforge-neoforge,1.21.1.jar%23177!/:?] {re:classloading}
	at TRANSFORMER/iris@1.8.8+mc1.21.1/kroppeb.stareval.resolver.ExpressionResolver.resolveCallExpression(ExpressionResolver.java:140) ~[iris-1.8.8+1.21.1-neoforge-neoforge,1.21.1.jar%23177!/:?] {re:classloading}
	at TRANSFORMER/iris@1.8.8+mc1.21.1/kroppeb.stareval.resolver.ExpressionResolver.resolveCallExpression(ExpressionResolver.java:127) ~[iris-1.8.8+1.21.1-neoforge-neoforge,1.21.1.jar%23177!/:?] {re:classloading}
	at TRANSFORMER/iris@1.8.8+mc1.21.1/kroppeb.stareval.resolver.ExpressionResolver.resolveExpressionInternal(ExpressionResolver.java:196) ~[iris-1.8.8+1.21.1-neoforge-neoforge,1.21.1.jar%23177!/:?] {re:classloading}
	at TRANSFORMER/iris@1.8.8+mc1.21.1/kroppeb.stareval.resolver.ExpressionResolver.resolveCallExpressionInternal(ExpressionResolver.java:81) ~[iris-1.8.8+1.21.1-neoforge-neoforge,1.21.1.jar%23177!/:?] {re:classloading}
	at TRANSFORMER/iris@1.8.8+mc1.21.1/kroppeb.stareval.resolver.ExpressionResolver.resolveCallExpression(ExpressionResolver.java:140) ~[iris-1.8.8+1.21.1-neoforge-neoforge,1.21.1.jar%23177!/:?] {re:classloading}
	at TRANSFORMER/iris@1.8.8+mc1.21.1/kroppeb.stareval.resolver.ExpressionResolver.resolveExpressionInternal(ExpressionResolver.java:196) ~[iris-1.8.8+1.21.1-neoforge-neoforge,1.21.1.jar%23177!/:?] {re:classloading}
	at TRANSFORMER/iris@1.8.8+mc1.21.1/kroppeb.stareval.resolver.ExpressionResolver.resolveExpression(ExpressionResolver.java:50) ~[iris-1.8.8+1.21.1-neoforge-neoforge,1.21.1.jar%23177!/:?] {re:classloading}
	at TRANSFORMER/iris@1.8.8+mc1.21.1/net.irisshaders.iris.uniforms.custom.CustomUniforms.<init>(CustomUniforms.java:60) [iris-1.8.8+1.21.1-neoforge-neoforge,1.21.1.jar%23177!/:?] {re:classloading}
	at TRANSFORMER/iris@1.8.8+mc1.21.1/net.irisshaders.iris.uniforms.custom.CustomUniforms$Builder.build(CustomUniforms.java:332) [iris-1.8.8+1.21.1-neoforge-neoforge,1.21.1.jar%23177!/:?] {re:classloading}
	at TRANSFORMER/iris@1.8.8+mc1.21.1/net.irisshaders.iris.uniforms.custom.CustomUniforms$Builder.build(CustomUniforms.java:343) [iris-1.8.8+1.21.1-neoforge-neoforge,1.21.1.jar%23177!/:?] {re:classloading}
	at TRANSFORMER/iris@1.8.8+mc1.21.1/net.irisshaders.iris.pipeline.IrisRenderingPipeline.<init>(IrisRenderingPipeline.java:282) [iris-1.8.8+1.21.1-neoforge-neoforge,1.21.1.jar%23177!/:?] {re:mixin,re:classloading,pl:mixin:APP:super_resolution_irisapi.mixins.json:composite.IrisRenderingPipelineAccessor from mod super_resolution,pl:mixin:APP:super_resolution_irisapi.mixins.json:composite.before1_21_1.IrisRenderingPipelineMixin from mod super_resolution,pl:mixin:APP:super_resolution.shadercompat.mixins.json:core.IrisRenderingPipelineAccessor from mod super_resolution,pl:mixin:APP:super_resolution.shadercompat.mixins.json:core.IrisRenderingPipelineMixin from mod super_resolution,pl:mixin:A}
	at TRANSFORMER/iris@1.8.8+mc1.21.1/net.irisshaders.iris.Iris.createPipeline(Iris.java:616) [iris-1.8.8+1.21.1-neoforge-neoforge,1.21.1.jar%23177!/:?] {re:mixin,re:classloading,pl:mixin:APP:super_resolution.shadercompat.mixins.json:core.IrisMixin from mod super_resolution,pl:mixin:A}
	at TRANSFORMER/iris@1.8.8+mc1.21.1/net.irisshaders.iris.pipeline.PipelineManager.preparePipeline(PipelineManager.java:33) [iris-1.8.8+1.21.1-neoforge-neoforge,1.21.1.jar%23177!/:?] {re:mixin,re:classloading,pl:mixin:APP:super_resolution.shadercompat.mixins.json:core.PipelineManagerMixin from mod super_resolution,pl:mixin:A}
	at TRANSFORMER/iris@1.8.8+mc1.21.1/net.irisshaders.iris.Iris.onLoadingComplete(Iris.java:150) [iris-1.8.8+1.21.1-neoforge-neoforge,1.21.1.jar%23177!/:?] {re:mixin,re:classloading,pl:mixin:APP:super_resolution.shadercompat.mixins.json:core.IrisMixin from mod super_resolution,pl:mixin:A}
	at TRANSFORMER/minecraft@1.21.1/net.minecraft.client.gui.screens.TitleScreen.handler$zfl000$iris$firstInit(TitleScreen.java:525) [neoforge-21.1.219.jar%23172!/:?] {re:mixin,pl:runtimedistcleaner:A,re:computing_frames,pl:runtimedistcleaner:A,re:classloading,pl:mixin:APP:mixins.iris.json:MixinTitleScreen from mod iris,pl:mixin:A,pl:runtimedistcleaner:A}
	at TRANSFORMER/minecraft@1.21.1/net.minecraft.client.gui.screens.TitleScreen.init(TitleScreen.java:157) [neoforge-21.1.219.jar%23172!/:?] {re:mixin,pl:runtimedistcleaner:A,re:computing_frames,pl:runtimedistcleaner:A,re:classloading,pl:mixin:APP:mixins.iris.json:MixinTitleScreen from mod iris,pl:mixin:A,pl:runtimedistcleaner:A}
	at TRANSFORMER/minecraft@1.21.1/net.minecraft.client.gui.screens.Screen.init(Screen.java:317) [neoforge-21.1.219.jar%23172!/:?] {re:mixin,pl:accesstransformer:B,pl:runtimedistcleaner:A,re:classloading,pl:accesstransformer:B,pl:runtimedistcleaner:A}
	at TRANSFORMER/minecraft@1.21.1/net.minecraft.client.Minecraft.setScreen(Minecraft.java:1057) [neoforge-21.1.219.jar%23172!/:?] {re:mixin,pl:runtimedistcleaner:A,re:classloading,pl:mixin:APP:sodium-common.mixins.json:core.MinecraftMixin from mod sodium,pl:mixin:APP:sodium-neoforge.mixins.json:platform.neoforge.EntrypointMixin from mod sodium,pl:mixin:APP:mixins.iris.json:MixinMinecraft_Images from mod iris,pl:mixin:APP:mixins.iris.json:MixinMinecraft_Keybinds from mod iris,pl:mixin:APP:mixins.iris.json:MixinMinecraft_PipelineManagement from mod iris,pl:mixin:APP:super_resolution.mixins.json:core.GlTextureViewMixin from mod super_resolution,pl:mixin:APP:super_resolution.mixins.json:core.MinecraftMixin from mod super_resolution,pl:mixin:APP:super_resolution.mixins.json:core.accessor.MinecraftAccessor from mod super_resolution,pl:mixin:APP:super_resolution.mixins.json:framegeneration.v1_20_1.GameRendererConstantsMixin from mod super_resolution,pl:mixin:APP:super_resolution.mixins.json:framegeneration.v1_21_11.GameRendererConstantsMixin from mod super_resolution,pl:mixin:APP:super_resolution.mixins.json:framegeneration.v26_1_x.GameRendererConstantsMixin from mod super_resolution,pl:mixin:APP:super_resolution.mixins.json:framegeneration.v26_2.GameRendererConstantsMixin from mod super_resolution,pl:mixin:APP:super_resolution.mixins.json:framegeneration.v26_2.NativeLibrariesBootstrapMixin from mod super_resolution,pl:mixin:APP:super_resolution.mixins.json:framegeneration.v26_3.GameRendererConstantsMixin from mod super_resolution,pl:mixin:APP:super_resolution.mixins.json:framegeneration.v26_3.NativeLibrariesBootstrapMixin from mod super_resolution,pl:mixin:APP:super_resolution.mixins.json:gui.GuiGraphicsMixin from mod super_resolution,pl:mixin:APP:super_resolution.mixins.json:gui.GuiRendererDrawAccessor from mod super_resolution,pl:mixin:APP:super_resolution.mixins.json:gui.GuiRendererMixin from mod super_resolution,pl:mixin:APP:super_resolution.mixins.json:lowlatency.v1_20_1.KeyboardHandlerReflexMixin from mod super_resolution,pl:mixin:APP:super_resolution.mixins.json:lowlatency.v1_20_1.MinecraftReflexMixin from mod super_resolution,pl:mixin:APP:super_resolution.mixins.json:lowlatency.v1_20_1.MouseHandlerReflexMixin from mod super_resolution,pl:mixin:APP:super_resolution.mixins.json:lowlatency.v1_20_1.RenderSystemAccessor from mod super_resolution,pl:mixin:APP:super_resolution.mixins.json:lowlatency.v1_21_1.MinecraftReflexMixin from mod super_resolution,pl:mixin:APP:super_resolution.mixins.json:lowlatency.v1_21_11.KeyboardHandlerReflexMixin from mod super_resolution,pl:mixin:APP:super_resolution.mixins.json:lowlatency.v1_21_11.MinecraftReflexMixin from mod super_resolution,pl:mixin:APP:super_resolution.mixins.json:lowlatency.v1_21_11.MouseHandlerReflexMixin from mod super_resolution,pl:mixin:APP:super_resolution.mixins.json:lowlatency.v1_21_11.RenderSystemAccessor from mod super_resolution,pl:mixin:APP:super_resolution.mixins.json:lowlatency.v26_1_x.KeyboardHandlerReflexMixin from mod super_resolution,pl:mixin:APP:super_resolution.mixins.json:lowlatency.v26_1_x.MinecraftReflexMixin from mod super_resolution,pl:mixin:APP:super_resolution.mixins.json:lowlatency.v26_1_x.MouseHandlerReflexMixin from mod super_resolution,pl:mixin:APP:super_resolution.mixins.json:lowlatency.v26_2.KeyboardHandlerReflexMixin from mod super_resolution,pl:mixin:APP:super_resolution.mixins.json:lowlatency.v26_2.MinecraftReflexMixin from mod super_resolution,pl:mixin:APP:super_resolution.mixins.json:lowlatency.v26_2.MouseHandlerReflexMixin from mod super_resolution,pl:mixin:APP:super_resolution.mixins.json:lowlatency.v26_3.KeyboardHandlerReflexMixin from mod super_resolution,pl:mixin:APP:super_resolution.mixins.json:lowlatency.v26_3.MinecraftReflexMixin from mod super_resolution,pl:mixin:APP:super_resolution.mixins.json:lowlatency.v26_3.MouseHandlerReflexMixin from mod super_resolution,pl:mixin:APP:super_resolution.mixins.json:presentation.v1_20_1.VulkanPresentationGameRendererCaptureMixin from mod super_resolution,pl:mixin:APP:super_resolution.mixins.json:presentation.v1_20_1.VulkanPresentationGlDeviceMixin from mod super_resolution,pl:mixin:APP:super_resolution.mixins.json:presentation.v1_20_1.VulkanPresentationMinecraftBackendMixin from mod super_resolution,pl:mixin:APP:super_resolution.mixins.json:presentation.v1_20_1.VulkanPresentationMinecraftCaptureMixin from mod super_resolution,pl:mixin:APP:super_resolution.mixins.json:presentation.v1_20_1.VulkanPresentationWindowMixin from mod super_resolution,pl:mixin:APP:super_resolution.mixins.json:presentation.v1_21_1.VulkanPresentationMinecraftCaptureMixin from mod super_resolution,pl:mixin:APP:super_resolution.mixins.json:presentation.v1_21_11.VulkanPresentationGameRendererCaptureMixin from mod super_resolution,pl:mixin:APP:super_resolution.mixins.json:presentation.v1_21_11.VulkanPresentationGlDeviceMixin from mod super_resolution,pl:mixin:APP:super_resolution.mixins.json:presentation.v1_21_11.VulkanPresentationMinecraftBackendMixin from mod super_resolution,pl:mixin:APP:super_resolution.mixins.json:presentation.v1_21_11.VulkanPresentationMinecraftCaptureMixin from mod super_resolution,pl:mixin:APP:super_resolution.mixins.json:presentation.v1_21_11.VulkanPresentationWindowMixin from mod super_resolution,pl:mixin:APP:super_resolution.mixins.json:presentation.v26_1_x.VulkanPresentationGameRendererCaptureMixin from mod super_resolution,pl:mixin:APP:super_resolution.mixins.json:presentation.v26_1_x.VulkanPresentationGlDeviceMixin from mod super_resolution,pl:mixin:APP:super_resolution.mixins.json:presentation.v26_1_x.VulkanPresentationMinecraftBackendMixin from mod super_resolution,pl:mixin:APP:super_resolution.mixins.json:presentation.v26_1_x.VulkanPresentationMinecraftCaptureMixin from mod super_resolution,pl:mixin:APP:super_resolution.mixins.json:presentation.v26_1_x.VulkanPresentationWindowCloseMixin from mod super_resolution,pl:mixin:APP:super_resolution.mixins.json:presentation.v26_2.VulkanPresentationGameRendererCaptureMixin from mod super_resolution,pl:mixin:APP:super_resolution.mixins.json:presentation.v26_2.VulkanPresentationGlDeviceMixin from mod super_resolution,pl:mixin:APP:super_resolution.mixins.json:presentation.v26_2.VulkanPresentationMinecraftBackendMixin from mod super_resolution,pl:mixin:APP:super_resolution.mixins.json:presentation.v26_2.VulkanPresentationMinecraftCaptureMixin from mod super_resolution,pl:mixin:APP:super_resolution.mixins.json:presentation.v26_2.VulkanPresentationWindowCloseMixin from mod super_resolution,pl:mixin:APP:super_resolution.mixins.json:presentation.v26_3.VulkanPresentationGameRendererCaptureMixin from mod super_resolution,pl:mixin:APP:super_resolution.mixins.json:presentation.v26_3.VulkanPresentationGlDeviceMixin from mod super_resolution,pl:mixin:APP:super_resolution.mixins.json:presentation.v26_3.VulkanPresentationMinecraftBackendMixin from mod super_resolution,pl:mixin:APP:super_resolution.mixins.json:presentation.v26_3.VulkanPresentationMinecraftCaptureMixin from mod super_resolution,pl:mixin:APP:super_resolution.mixins.json:presentation.v26_3.VulkanPresentationWindowCloseMixin from mod super_resolution,pl:mixin:APP:super_resolution-neoforge.mixins.json:neoforge.FuckingValidation1218Mixin from mod super_resolution,pl:mixin:APP:super_resolution-neoforge.mixins.json:neoforge.FuckingValidationMixin from mod super_resolution,pl:mixin:APP:super_resolution_irisapi.mixins.json:composite.before1_21_1.GlStateManagerTextureStateAccessor from mod super_resolution,pl:mixin:APP:architectury.mixins.json:MixinMinecraft from mod architectury,pl:mixin:A,pl:runtimedistcleaner:A}
	at TRANSFORMER/minecraft@1.21.1/net.minecraft.client.Minecraft.lambda$buildInitialScreens$9(Minecraft.java:664) [neoforge-21.1.219.jar%23172!/:?] {re:mixin,pl:runtimedistcleaner:A,re:classloading,pl:mixin:APP:sodium-common.mixins.json:core.MinecraftMixin from mod sodium,pl:mixin:APP:sodium-neoforge.mixins.json:platform.neoforge.EntrypointMixin from mod sodium,pl:mixin:APP:mixins.iris.json:MixinMinecraft_Images from mod iris,pl:mixin:APP:mixins.iris.json:MixinMinecraft_Keybinds from mod iris,pl:mixin:APP:mixins.iris.json:MixinMinecraft_PipelineManagement from mod iris,pl:mixin:APP:super_resolution.mixins.json:core.GlTextureViewMixin from mod super_resolution,pl:mixin:APP:super_resolution.mixins.json:core.MinecraftMixin from mod super_resolution,pl:mixin:APP:super_resolution.mixins.json:core.accessor.MinecraftAccessor from mod super_resolution,pl:mixin:APP:super_resolution.mixins.json:framegeneration.v1_20_1.GameRendererConstantsMixin from mod super_resolution,pl:mixin:APP:super_resolution.mixins.json:framegeneration.v1_21_11.GameRendererConstantsMixin from mod super_resolution,pl:mixin:APP:super_resolution.mixins.json:framegeneration.v26_1_x.GameRendererConstantsMixin from mod super_resolution,pl:mixin:APP:super_resolution.mixins.json:framegeneration.v26_2.GameRendererConstantsMixin from mod super_resolution,pl:mixin:APP:super_resolution.mixins.json:framegeneration.v26_2.NativeLibrariesBootstrapMixin from mod super_resolution,pl:mixin:APP:super_resolution.mixins.json:framegeneration.v26_3.GameRendererConstantsMixin from mod super_resolution,pl:mixin:APP:super_resolution.mixins.json:framegeneration.v26_3.NativeLibrariesBootstrapMixin from mod super_resolution,pl:mixin:APP:super_resolution.mixins.json:gui.GuiGraphicsMixin from mod super_resolution,pl:mixin:APP:super_resolution.mixins.json:gui.GuiRendererDrawAccessor from mod super_resolution,pl:mixin:APP:super_resolution.mixins.json:gui.GuiRendererMixin from mod super_resolution,pl:mixin:APP:super_resolution.mixins.json:lowlatency.v1_20_1.KeyboardHandlerReflexMixin from mod super_resolution,pl:mixin:APP:super_resolution.mixins.json:lowlatency.v1_20_1.MinecraftReflexMixin from mod super_resolution,pl:mixin:APP:super_resolution.mixins.json:lowlatency.v1_20_1.MouseHandlerReflexMixin from mod super_resolution,pl:mixin:APP:super_resolution.mixins.json:lowlatency.v1_20_1.RenderSystemAccessor from mod super_resolution,pl:mixin:APP:super_resolution.mixins.json:lowlatency.v1_21_1.MinecraftReflexMixin from mod super_resolution,pl:mixin:APP:super_resolution.mixins.json:lowlatency.v1_21_11.KeyboardHandlerReflexMixin from mod super_resolution,pl:mixin:APP:super_resolution.mixins.json:lowlatency.v1_21_11.MinecraftReflexMixin from mod super_resolution,pl:mixin:APP:super_resolution.mixins.json:lowlatency.v1_21_11.MouseHandlerReflexMixin from mod super_resolution,pl:mixin:APP:super_resolution.mixins.json:lowlatency.v1_21_11.RenderSystemAccessor from mod super_resolution,pl:mixin:APP:super_resolution.mixins.json:lowlatency.v26_1_x.KeyboardHandlerReflexMixin from mod super_resolution,pl:mixin:APP:super_resolution.mixins.json:lowlatency.v26_1_x.MinecraftReflexMixin from mod super_resolution,pl:mixin:APP:super_resolution.mixins.json:lowlatency.v26_1_x.MouseHandlerReflexMixin from mod super_resolution,pl:mixin:APP:super_resolution.mixins.json:lowlatency.v26_2.KeyboardHandlerReflexMixin from mod super_resolution,pl:mixin:APP:super_resolution.mixins.json:lowlatency.v26_2.MinecraftReflexMixin from mod super_resolution,pl:mixin:APP:super_resolution.mixins.json:lowlatency.v26_2.MouseHandlerReflexMixin from mod super_resolution,pl:mixin:APP:super_resolution.mixins.json:lowlatency.v26_3.KeyboardHandlerReflexMixin from mod super_resolution,pl:mixin:APP:super_resolution.mixins.json:lowlatency.v26_3.MinecraftReflexMixin from mod super_resolution,pl:mixin:APP:super_resolution.mixins.json:lowlatency.v26_3.MouseHandlerReflexMixin from mod super_resolution,pl:mixin:APP:super_resolution.mixins.json:presentation.v1_20_1.VulkanPresentationGameRendererCaptureMixin from mod super_resolution,pl:mixin:APP:super_resolution.mixins.json:presentation.v1_20_1.VulkanPresentationGlDeviceMixin from mod super_resolution,pl:mixin:APP:super_resolution.mixins.json:presentation.v1_20_1.VulkanPresentationMinecraftBackendMixin from mod super_resolution,pl:mixin:APP:super_resolution.mixins.json:presentation.v1_20_1.VulkanPresentationMinecraftCaptureMixin from mod super_resolution,pl:mixin:APP:super_resolution.mixins.json:presentation.v1_20_1.VulkanPresentationWindowMixin from mod super_resolution,pl:mixin:APP:super_resolution.mixins.json:presentation.v1_21_1.VulkanPresentationMinecraftCaptureMixin from mod super_resolution,pl:mixin:APP:super_resolution.mixins.json:presentation.v1_21_11.VulkanPresentationGameRendererCaptureMixin from mod super_resolution,pl:mixin:APP:super_resolution.mixins.json:presentation.v1_21_11.VulkanPresentationGlDeviceMixin from mod super_resolution,pl:mixin:APP:super_resolution.mixins.json:presentation.v1_21_11.VulkanPresentationMinecraftBackendMixin from mod super_resolution,pl:mixin:APP:super_resolution.mixins.json:presentation.v1_21_11.VulkanPresentationMinecraftCaptureMixin from mod super_resolution,pl:mixin:APP:super_resolution.mixins.json:presentation.v1_21_11.VulkanPresentationWindowMixin from mod super_resolution,pl:mixin:APP:super_resolution.mixins.json:presentation.v26_1_x.VulkanPresentationGameRendererCaptureMixin from mod super_resolution,pl:mixin:APP:super_resolution.mixins.json:presentation.v26_1_x.VulkanPresentationGlDeviceMixin from mod super_resolution,pl:mixin:APP:super_resolution.mixins.json:presentation.v26_1_x.VulkanPresentationMinecraftBackendMixin from mod super_resolution,pl:mixin:APP:super_resolution.mixins.json:presentation.v26_1_x.VulkanPresentationMinecraftCaptureMixin from mod super_resolution,pl:mixin:APP:super_resolution.mixins.json:presentation.v26_1_x.VulkanPresentationWindowCloseMixin from mod super_resolution,pl:mixin:APP:super_resolution.mixins.json:presentation.v26_2.VulkanPresentationGameRendererCaptureMixin from mod super_resolution,pl:mixin:APP:super_resolution.mixins.json:presentation.v26_2.VulkanPresentationGlDeviceMixin from mod super_resolution,pl:mixin:APP:super_resolution.mixins.json:presentation.v26_2.VulkanPresentationMinecraftBackendMixin from mod super_resolution,pl:mixin:APP:super_resolution.mixins.json:presentation.v26_2.VulkanPresentationMinecraftCaptureMixin from mod super_resolution,pl:mixin:APP:super_resolution.mixins.json:presentation.v26_2.VulkanPresentationWindowCloseMixin from mod super_resolution,pl:mixin:APP:super_resolution.mixins.json:presentation.v26_3.VulkanPresentationGameRendererCaptureMixin from mod super_resolution,pl:mixin:APP:super_resolution.mixins.json:presentation.v26_3.VulkanPresentationGlDeviceMixin from mod super_resolution,pl:mixin:APP:super_resolution.mixins.json:presentation.v26_3.VulkanPresentationMinecraftBackendMixin from mod super_resolution,pl:mixin:APP:super_resolution.mixins.json:presentation.v26_3.VulkanPresentationMinecraftCaptureMixin from mod super_resolution,pl:mixin:APP:super_resolution.mixins.json:presentation.v26_3.VulkanPresentationWindowCloseMixin from mod super_resolution,pl:mixin:APP:super_resolution-neoforge.mixins.json:neoforge.FuckingValidation1218Mixin from mod super_resolution,pl:mixin:APP:super_resolution-neoforge.mixins.json:neoforge.FuckingValidationMixin from mod super_resolution,pl:mixin:APP:super_resolution_irisapi.mixins.json:composite.before1_21_1.GlStateManagerTextureStateAccessor from mod super_resolution,pl:mixin:APP:architectury.mixins.json:MixinMinecraft from mod architectury,pl:mixin:A,pl:runtimedistcleaner:A}
	at TRANSFORMER/minecraft@1.21.1/net.minecraft.client.Minecraft.onGameLoadFinished(Minecraft.java:650) [neoforge-21.1.219.jar%23172!/:?] {re:mixin,pl:runtimedistcleaner:A,re:classloading,pl:mixin:APP:sodium-common.mixins.json:core.MinecraftMixin from mod sodium,pl:mixin:APP:sodium-neoforge.mixins.json:platform.neoforge.EntrypointMixin from mod sodium,pl:mixin:APP:mixins.iris.json:MixinMinecraft_Images from mod iris,pl:mixin:APP:mixins.iris.json:MixinMinecraft_Keybinds from mod iris,pl:mixin:APP:mixins.iris.json:MixinMinecraft_PipelineManagement from mod iris,pl:mixin:APP:super_resolution.mixins.json:core.GlTextureViewMixin from mod super_resolution,pl:mixin:APP:super_resolution.mixins.json:core.MinecraftMixin from mod super_resolution,pl:mixin:APP:super_resolution.mixins.json:core.accessor.MinecraftAccessor from mod super_resolution,pl:mixin:APP:super_resolution.mixins.json:framegeneration.v1_20_1.GameRendererConstantsMixin from mod super_resolution,pl:mixin:APP:super_resolution.mixins.json:framegeneration.v1_21_11.GameRendererConstantsMixin from mod super_resolution,pl:mixin:APP:super_resolution.mixins.json:framegeneration.v26_1_x.GameRendererConstantsMixin from mod super_resolution,pl:mixin:APP:super_resolution.mixins.json:framegeneration.v26_2.GameRendererConstantsMixin from mod super_resolution,pl:mixin:APP:super_resolution.mixins.json:framegeneration.v26_2.NativeLibrariesBootstrapMixin from mod super_resolution,pl:mixin:APP:super_resolution.mixins.json:framegeneration.v26_3.GameRendererConstantsMixin from mod super_resolution,pl:mixin:APP:super_resolution.mixins.json:framegeneration.v26_3.NativeLibrariesBootstrapMixin from mod super_resolution,pl:mixin:APP:super_resolution.mixins.json:gui.GuiGraphicsMixin from mod super_resolution,pl:mixin:APP:super_resolution.mixins.json:gui.GuiRendererDrawAccessor from mod super_resolution,pl:mixin:APP:super_resolution.mixins.json:gui.GuiRendererMixin from mod super_resolution,pl:mixin:APP:super_resolution.mixins.json:lowlatency.v1_20_1.KeyboardHandlerReflexMixin from mod super_resolution,pl:mixin:APP:super_resolution.mixins.json:lowlatency.v1_20_1.MinecraftReflexMixin from mod super_resolution,pl:mixin:APP:super_resolution.mixins.json:lowlatency.v1_20_1.MouseHandlerReflexMixin from mod super_resolution,pl:mixin:APP:super_resolution.mixins.json:lowlatency.v1_20_1.RenderSystemAccessor from mod super_resolution,pl:mixin:APP:super_resolution.mixins.json:lowlatency.v1_21_1.MinecraftReflexMixin from mod super_resolution,pl:mixin:APP:super_resolution.mixins.json:lowlatency.v1_21_11.KeyboardHandlerReflexMixin from mod super_resolution,pl:mixin:APP:super_resolution.mixins.json:lowlatency.v1_21_11.MinecraftReflexMixin from mod super_resolution,pl:mixin:APP:super_resolution.mixins.json:lowlatency.v1_21_11.MouseHandlerReflexMixin from mod super_resolution,pl:mixin:APP:super_resolution.mixins.json:lowlatency.v1_21_11.RenderSystemAccessor from mod super_resolution,pl:mixin:APP:super_resolution.mixins.json:lowlatency.v26_1_x.KeyboardHandlerReflexMixin from mod super_resolution,pl:mixin:APP:super_resolution.mixins.json:lowlatency.v26_1_x.MinecraftReflexMixin from mod super_resolution,pl:mixin:APP:super_resolution.mixins.json:lowlatency.v26_1_x.MouseHandlerReflexMixin from mod super_resolution,pl:mixin:APP:super_resolution.mixins.json:lowlatency.v26_2.KeyboardHandlerReflexMixin from mod super_resolution,pl:mixin:APP:super_resolution.mixins.json:lowlatency.v26_2.MinecraftReflexMixin from mod super_resolution,pl:mixin:APP:super_resolution.mixins.json:lowlatency.v26_2.MouseHandlerReflexMixin from mod super_resolution,pl:mixin:APP:super_resolution.mixins.json:lowlatency.v26_3.KeyboardHandlerReflexMixin from mod super_resolution,pl:mixin:APP:super_resolution.mixins.json:lowlatency.v26_3.MinecraftReflexMixin from mod super_resolution,pl:mixin:APP:super_resolution.mixins.json:lowlatency.v26_3.MouseHandlerReflexMixin from mod super_resolution,pl:mixin:APP:super_resolution.mixins.json:presentation.v1_20_1.VulkanPresentationGameRendererCaptureMixin from mod super_resolution,pl:mixin:APP:super_resolution.mixins.json:presentation.v1_20_1.VulkanPresentationGlDeviceMixin from mod super_resolution,pl:mixin:APP:super_resolution.mixins.json:presentation.v1_20_1.VulkanPresentationMinecraftBackendMixin from mod super_resolution,pl:mixin:APP:super_resolution.mixins.json:presentation.v1_20_1.VulkanPresentationMinecraftCaptureMixin from mod super_resolution,pl:mixin:APP:super_resolution.mixins.json:presentation.v1_20_1.VulkanPresentationWindowMixin from mod super_resolution,pl:mixin:APP:super_resolution.mixins.json:presentation.v1_21_1.VulkanPresentationMinecraftCaptureMixin from mod super_resolution,pl:mixin:APP:super_resolution.mixins.json:presentation.v1_21_11.VulkanPresentationGameRendererCaptureMixin from mod super_resolution,pl:mixin:APP:super_resolution.mixins.json:presentation.v1_21_11.VulkanPresentationGlDeviceMixin from mod super_resolution,pl:mixin:APP:super_resolution.mixins.json:presentation.v1_21_11.VulkanPresentationMinecraftBackendMixin from mod super_resolution,pl:mixin:APP:super_resolution.mixins.json:presentation.v1_21_11.VulkanPresentationMinecraftCaptureMixin from mod super_resolution,pl:mixin:APP:super_resolution.mixins.json:presentation.v1_21_11.VulkanPresentationWindowMixin from mod super_resolution,pl:mixin:APP:super_resolution.mixins.json:presentation.v26_1_x.VulkanPresentationGameRendererCaptureMixin from mod super_resolution,pl:mixin:APP:super_resolution.mixins.json:presentation.v26_1_x.VulkanPresentationGlDeviceMixin from mod super_resolution,pl:mixin:APP:super_resolution.mixins.json:presentation.v26_1_x.VulkanPresentationMinecraftBackendMixin from mod super_resolution,pl:mixin:APP:super_resolution.mixins.json:presentation.v26_1_x.VulkanPresentationMinecraftCaptureMixin from mod super_resolution,pl:mixin:APP:super_resolution.mixins.json:presentation.v26_1_x.VulkanPresentationWindowCloseMixin from mod super_resolution,pl:mixin:APP:super_resolution.mixins.json:presentation.v26_2.VulkanPresentationGameRendererCaptureMixin from mod super_resolution,pl:mixin:APP:super_resolution.mixins.json:presentation.v26_2.VulkanPresentationGlDeviceMixin from mod super_resolution,pl:mixin:APP:super_resolution.mixins.json:presentation.v26_2.VulkanPresentationMinecraftBackendMixin from mod super_resolution,pl:mixin:APP:super_resolution.mixins.json:presentation.v26_2.VulkanPresentationMinecraftCaptureMixin from mod super_resolution,pl:mixin:APP:super_resolution.mixins.json:presentation.v26_2.VulkanPresentationWindowCloseMixin from mod super_resolution,pl:mixin:APP:super_resolution.mixins.json:presentation.v26_3.VulkanPresentationGameRendererCaptureMixin from mod super_resolution,pl:mixin:APP:super_resolution.mixins.json:presentation.v26_3.VulkanPresentationGlDeviceMixin from mod super_resolution,pl:mixin:APP:super_resolution.mixins.json:presentation.v26_3.VulkanPresentationMinecraftBackendMixin from mod super_resolution,pl:mixin:APP:super_resolution.mixins.json:presentation.v26_3.VulkanPresentationMinecraftCaptureMixin from mod super_resolution,pl:mixin:APP:super_resolution.mixins.json:presentation.v26_3.VulkanPresentationWindowCloseMixin from mod super_resolution,pl:mixin:APP:super_resolution-neoforge.mixins.json:neoforge.FuckingValidation1218Mixin from mod super_resolution,pl:mixin:APP:super_resolution-neoforge.mixins.json:neoforge.FuckingValidationMixin from mod super_resolution,pl:mixin:APP:super_resolution_irisapi.mixins.json:composite.before1_21_1.GlStateManagerTextureStateAccessor from mod super_resolution,pl:mixin:APP:architectury.mixins.json:MixinMinecraft from mod architectury,pl:mixin:A,pl:runtimedistcleaner:A}
	at TRANSFORMER/minecraft@1.21.1/net.minecraft.client.Minecraft.onResourceLoadFinished(Minecraft.java:641) [neoforge-21.1.219.jar%23172!/:?] {re:mixin,pl:runtimedistcleaner:A,re:classloading,pl:mixin:APP:sodium-common.mixins.json:core.MinecraftMixin from mod sodium,pl:mixin:APP:sodium-neoforge.mixins.json:platform.neoforge.EntrypointMixin from mod sodium,pl:mixin:APP:mixins.iris.json:MixinMinecraft_Images from mod iris,pl:mixin:APP:mixins.iris.json:MixinMinecraft_Keybinds from mod iris,pl:mixin:APP:mixins.iris.json:MixinMinecraft_PipelineManagement from mod iris,pl:mixin:APP:super_resolution.mixins.json:core.GlTextureViewMixin from mod super_resolution,pl:mixin:APP:super_resolution.mixins.json:core.MinecraftMixin from mod super_resolution,pl:mixin:APP:super_resolution.mixins.json:core.accessor.MinecraftAccessor from mod super_resolution,pl:mixin:APP:super_resolution.mixins.json:framegeneration.v1_20_1.GameRendererConstantsMixin from mod super_resolution,pl:mixin:APP:super_resolution.mixins.json:framegeneration.v1_21_11.GameRendererConstantsMixin from mod super_resolution,pl:mixin:APP:super_resolution.mixins.json:framegeneration.v26_1_x.GameRendererConstantsMixin from mod super_resolution,pl:mixin:APP:super_resolution.mixins.json:framegeneration.v26_2.GameRendererConstantsMixin from mod super_resolution,pl:mixin:APP:super_resolution.mixins.json:framegeneration.v26_2.NativeLibrariesBootstrapMixin from mod super_resolution,pl:mixin:APP:super_resolution.mixins.json:framegeneration.v26_3.GameRendererConstantsMixin from mod super_resolution,pl:mixin:APP:super_resolution.mixins.json:framegeneration.v26_3.NativeLibrariesBootstrapMixin from mod super_resolution,pl:mixin:APP:super_resolution.mixins.json:gui.GuiGraphicsMixin from mod super_resolution,pl:mixin:APP:super_resolution.mixins.json:gui.GuiRendererDrawAccessor from mod super_resolution,pl:mixin:APP:super_resolution.mixins.json:gui.GuiRendererMixin from mod super_resolution,pl:mixin:APP:super_resolution.mixins.json:lowlatency.v1_20_1.KeyboardHandlerReflexMixin from mod super_resolution,pl:mixin:APP:super_resolution.mixins.json:lowlatency.v1_20_1.MinecraftReflexMixin from mod super_resolution,pl:mixin:APP:super_resolution.mixins.json:lowlatency.v1_20_1.MouseHandlerReflexMixin from mod super_resolution,pl:mixin:APP:super_resolution.mixins.json:lowlatency.v1_20_1.RenderSystemAccessor from mod super_resolution,pl:mixin:APP:super_resolution.mixins.json:lowlatency.v1_21_1.MinecraftReflexMixin from mod super_resolution,pl:mixin:APP:super_resolution.mixins.json:lowlatency.v1_21_11.KeyboardHandlerReflexMixin from mod super_resolution,pl:mixin:APP:super_resolution.mixins.json:lowlatency.v1_21_11.MinecraftReflexMixin from mod super_resolution,pl:mixin:APP:super_resolution.mixins.json:lowlatency.v1_21_11.MouseHandlerReflexMixin from mod super_resolution,pl:mixin:APP:super_resolution.mixins.json:lowlatency.v1_21_11.RenderSystemAccessor from mod super_resolution,pl:mixin:APP:super_resolution.mixins.json:lowlatency.v26_1_x.KeyboardHandlerReflexMixin from mod super_resolution,pl:mixin:APP:super_resolution.mixins.json:lowlatency.v26_1_x.MinecraftReflexMixin from mod super_resolution,pl:mixin:APP:super_resolution.mixins.json:lowlatency.v26_1_x.MouseHandlerReflexMixin from mod super_resolution,pl:mixin:APP:super_resolution.mixins.json:lowlatency.v26_2.KeyboardHandlerReflexMixin from mod super_resolution,pl:mixin:APP:super_resolution.mixins.json:lowlatency.v26_2.MinecraftReflexMixin from mod super_resolution,pl:mixin:APP:super_resolution.mixins.json:lowlatency.v26_2.MouseHandlerReflexMixin from mod super_resolution,pl:mixin:APP:super_resolution.mixins.json:lowlatency.v26_3.KeyboardHandlerReflexMixin from mod super_resolution,pl:mixin:APP:super_resolution.mixins.json:lowlatency.v26_3.MinecraftReflexMixin from mod super_resolution,pl:mixin:APP:super_resolution.mixins.json:lowlatency.v26_3.MouseHandlerReflexMixin from mod super_resolution,pl:mixin:APP:super_resolution.mixins.json:presentation.v1_20_1.VulkanPresentationGameRendererCaptureMixin from mod super_resolution,pl:mixin:APP:super_resolution.mixins.json:presentation.v1_20_1.VulkanPresentationGlDeviceMixin from mod super_resolution,pl:mixin:APP:super_resolution.mixins.json:presentation.v1_20_1.VulkanPresentationMinecraftBackendMixin from mod super_resolution,pl:mixin:APP:super_resolution.mixins.json:presentation.v1_20_1.VulkanPresentationMinecraftCaptureMixin from mod super_resolution,pl:mixin:APP:super_resolution.mixins.json:presentation.v1_20_1.VulkanPresentationWindowMixin from mod super_resolution,pl:mixin:APP:super_resolution.mixins.json:presentation.v1_21_1.VulkanPresentationMinecraftCaptureMixin from mod super_resolution,pl:mixin:APP:super_resolution.mixins.json:presentation.v1_21_11.VulkanPresentationGameRendererCaptureMixin from mod super_resolution,pl:mixin:APP:super_resolution.mixins.json:presentation.v1_21_11.VulkanPresentationGlDeviceMixin from mod super_resolution,pl:mixin:APP:super_resolution.mixins.json:presentation.v1_21_11.VulkanPresentationMinecraftBackendMixin from mod super_resolution,pl:mixin:APP:super_resolution.mixins.json:presentation.v1_21_11.VulkanPresentationMinecraftCaptureMixin from mod super_resolution,pl:mixin:APP:super_resolution.mixins.json:presentation.v1_21_11.VulkanPresentationWindowMixin from mod super_resolution,pl:mixin:APP:super_resolution.mixins.json:presentation.v26_1_x.VulkanPresentationGameRendererCaptureMixin from mod super_resolution,pl:mixin:APP:super_resolution.mixins.json:presentation.v26_1_x.VulkanPresentationGlDeviceMixin from mod super_resolution,pl:mixin:APP:super_resolution.mixins.json:presentation.v26_1_x.VulkanPresentationMinecraftBackendMixin from mod super_resolution,pl:mixin:APP:super_resolution.mixins.json:presentation.v26_1_x.VulkanPresentationMinecraftCaptureMixin from mod super_resolution,pl:mixin:APP:super_resolution.mixins.json:presentation.v26_1_x.VulkanPresentationWindowCloseMixin from mod super_resolution,pl:mixin:APP:super_resolution.mixins.json:presentation.v26_2.VulkanPresentationGameRendererCaptureMixin from mod super_resolution,pl:mixin:APP:super_resolution.mixins.json:presentation.v26_2.VulkanPresentationGlDeviceMixin from mod super_resolution,pl:mixin:APP:super_resolution.mixins.json:presentation.v26_2.VulkanPresentationMinecraftBackendMixin from mod super_resolution,pl:mixin:APP:super_resolution.mixins.json:presentation.v26_2.VulkanPresentationMinecraftCaptureMixin from mod super_resolution,pl:mixin:APP:super_resolution.mixins.json:presentation.v26_2.VulkanPresentationWindowCloseMixin from mod super_resolution,pl:mixin:APP:super_resolution.mixins.json:presentation.v26_3.VulkanPresentationGameRendererCaptureMixin from mod super_resolution,pl:mixin:APP:super_resolution.mixins.json:presentation.v26_3.VulkanPresentationGlDeviceMixin from mod super_resolution,pl:mixin:APP:super_resolution.mixins.json:presentation.v26_3.VulkanPresentationMinecraftBackendMixin from mod super_resolution,pl:mixin:APP:super_resolution.mixins.json:presentation.v26_3.VulkanPresentationMinecraftCaptureMixin from mod super_resolution,pl:mixin:APP:super_resolution.mixins.json:presentation.v26_3.VulkanPresentationWindowCloseMixin from mod super_resolution,pl:mixin:APP:super_resolution-neoforge.mixins.json:neoforge.FuckingValidation1218Mixin from mod super_resolution,pl:mixin:APP:super_resolution-neoforge.mixins.json:neoforge.FuckingValidationMixin from mod super_resolution,pl:mixin:APP:super_resolution_irisapi.mixins.json:composite.before1_21_1.GlStateManagerTextureStateAccessor from mod super_resolution,pl:mixin:APP:architectury.mixins.json:MixinMinecraft from mod architectury,pl:mixin:A,pl:runtimedistcleaner:A}
	at TRANSFORMER/minecraft@1.21.1/net.minecraft.client.Minecraft.lambda$new$7(Minecraft.java:629) [neoforge-21.1.219.jar%23172!/:?] {re:mixin,pl:runtimedistcleaner:A,re:classloading,pl:mixin:APP:sodium-common.mixins.json:core.MinecraftMixin from mod sodium,pl:mixin:APP:sodium-neoforge.mixins.json:platform.neoforge.EntrypointMixin from mod sodium,pl:mixin:APP:mixins.iris.json:MixinMinecraft_Images from mod iris,pl:mixin:APP:mixins.iris.json:MixinMinecraft_Keybinds from mod iris,pl:mixin:APP:mixins.iris.json:MixinMinecraft_PipelineManagement from mod iris,pl:mixin:APP:super_resolution.mixins.json:core.GlTextureViewMixin from mod super_resolution,pl:mixin:APP:super_resolution.mixins.json:core.MinecraftMixin from mod super_resolution,pl:mixin:APP:super_resolution.mixins.json:core.accessor.MinecraftAccessor from mod super_resolution,pl:mixin:APP:super_resolution.mixins.json:framegeneration.v1_20_1.GameRendererConstantsMixin from mod super_resolution,pl:mixin:APP:super_resolution.mixins.json:framegeneration.v1_21_11.GameRendererConstantsMixin from mod super_resolution,pl:mixin:APP:super_resolution.mixins.json:framegeneration.v26_1_x.GameRendererConstantsMixin from mod super_resolution,pl:mixin:APP:super_resolution.mixins.json:framegeneration.v26_2.GameRendererConstantsMixin from mod super_resolution,pl:mixin:APP:super_resolution.mixins.json:framegeneration.v26_2.NativeLibrariesBootstrapMixin from mod super_resolution,pl:mixin:APP:super_resolution.mixins.json:framegeneration.v26_3.GameRendererConstantsMixin from mod super_resolution,pl:mixin:APP:super_resolution.mixins.json:framegeneration.v26_3.NativeLibrariesBootstrapMixin from mod super_resolution,pl:mixin:APP:super_resolution.mixins.json:gui.GuiGraphicsMixin from mod super_resolution,pl:mixin:APP:super_resolution.mixins.json:gui.GuiRendererDrawAccessor from mod super_resolution,pl:mixin:APP:super_resolution.mixins.json:gui.GuiRendererMixin from mod super_resolution,pl:mixin:APP:super_resolution.mixins.json:lowlatency.v1_20_1.KeyboardHandlerReflexMixin from mod super_resolution,pl:mixin:APP:super_resolution.mixins.json:lowlatency.v1_20_1.MinecraftReflexMixin from mod super_resolution,pl:mixin:APP:super_resolution.mixins.json:lowlatency.v1_20_1.MouseHandlerReflexMixin from mod super_resolution,pl:mixin:APP:super_resolution.mixins.json:lowlatency.v1_20_1.RenderSystemAccessor from mod super_resolution,pl:mixin:APP:super_resolution.mixins.json:lowlatency.v1_21_1.MinecraftReflexMixin from mod super_resolution,pl:mixin:APP:super_resolution.mixins.json:lowlatency.v1_21_11.KeyboardHandlerReflexMixin from mod super_resolution,pl:mixin:APP:super_resolution.mixins.json:lowlatency.v1_21_11.MinecraftReflexMixin from mod super_resolution,pl:mixin:APP:super_resolution.mixins.json:lowlatency.v1_21_11.MouseHandlerReflexMixin from mod super_resolution,pl:mixin:APP:super_resolution.mixins.json:lowlatency.v1_21_11.RenderSystemAccessor from mod super_resolution,pl:mixin:APP:super_resolution.mixins.json:lowlatency.v26_1_x.KeyboardHandlerReflexMixin from mod super_resolution,pl:mixin:APP:super_resolution.mixins.json:lowlatency.v26_1_x.MinecraftReflexMixin from mod super_resolution,pl:mixin:APP:super_resolution.mixins.json:lowlatency.v26_1_x.MouseHandlerReflexMixin from mod super_resolution,pl:mixin:APP:super_resolution.mixins.json:lowlatency.v26_2.KeyboardHandlerReflexMixin from mod super_resolution,pl:mixin:APP:super_resolution.mixins.json:lowlatency.v26_2.MinecraftReflexMixin from mod super_resolution,pl:mixin:APP:super_resolution.mixins.json:lowlatency.v26_2.MouseHandlerReflexMixin from mod super_resolution,pl:mixin:APP:super_resolution.mixins.json:lowlatency.v26_3.KeyboardHandlerReflexMixin from mod super_resolution,pl:mixin:APP:super_resolution.mixins.json:lowlatency.v26_3.MinecraftReflexMixin from mod super_resolution,pl:mixin:APP:super_resolution.mixins.json:lowlatency.v26_3.MouseHandlerReflexMixin from mod super_resolution,pl:mixin:APP:super_resolution.mixins.json:presentation.v1_20_1.VulkanPresentationGameRendererCaptureMixin from mod super_resolution,pl:mixin:APP:super_resolution.mixins.json:presentation.v1_20_1.VulkanPresentationGlDeviceMixin from mod super_resolution,pl:mixin:APP:super_resolution.mixins.json:presentation.v1_20_1.VulkanPresentationMinecraftBackendMixin from mod super_resolution,pl:mixin:APP:super_resolution.mixins.json:presentation.v1_20_1.VulkanPresentationMinecraftCaptureMixin from mod super_resolution,pl:mixin:APP:super_resolution.mixins.json:presentation.v1_20_1.VulkanPresentationWindowMixin from mod super_resolution,pl:mixin:APP:super_resolution.mixins.json:presentation.v1_21_1.VulkanPresentationMinecraftCaptureMixin from mod super_resolution,pl:mixin:APP:super_resolution.mixins.json:presentation.v1_21_11.VulkanPresentationGameRendererCaptureMixin from mod super_resolution,pl:mixin:APP:super_resolution.mixins.json:presentation.v1_21_11.VulkanPresentationGlDeviceMixin from mod super_resolution,pl:mixin:APP:super_resolution.mixins.json:presentation.v1_21_11.VulkanPresentationMinecraftBackendMixin from mod super_resolution,pl:mixin:APP:super_resolution.mixins.json:presentation.v1_21_11.VulkanPresentationMinecraftCaptureMixin from mod super_resolution,pl:mixin:APP:super_resolution.mixins.json:presentation.v1_21_11.VulkanPresentationWindowMixin from mod super_resolution,pl:mixin:APP:super_resolution.mixins.json:presentation.v26_1_x.VulkanPresentationGameRendererCaptureMixin from mod super_resolution,pl:mixin:APP:super_resolution.mixins.json:presentation.v26_1_x.VulkanPresentationGlDeviceMixin from mod super_resolution,pl:mixin:APP:super_resolution.mixins.json:presentation.v26_1_x.VulkanPresentationMinecraftBackendMixin from mod super_resolution,pl:mixin:APP:super_resolution.mixins.json:presentation.v26_1_x.VulkanPresentationMinecraftCaptureMixin from mod super_resolution,pl:mixin:APP:super_resolution.mixins.json:presentation.v26_1_x.VulkanPresentationWindowCloseMixin from mod super_resolution,pl:mixin:APP:super_resolution.mixins.json:presentation.v26_2.VulkanPresentationGameRendererCaptureMixin from mod super_resolution,pl:mixin:APP:super_resolution.mixins.json:presentation.v26_2.VulkanPresentationGlDeviceMixin from mod super_resolution,pl:mixin:APP:super_resolution.mixins.json:presentation.v26_2.VulkanPresentationMinecraftBackendMixin from mod super_resolution,pl:mixin:APP:super_resolution.mixins.json:presentation.v26_2.VulkanPresentationMinecraftCaptureMixin from mod super_resolution,pl:mixin:APP:super_resolution.mixins.json:presentation.v26_2.VulkanPresentationWindowCloseMixin from mod super_resolution,pl:mixin:APP:super_resolution.mixins.json:presentation.v26_3.VulkanPresentationGameRendererCaptureMixin from mod super_resolution,pl:mixin:APP:super_resolution.mixins.json:presentation.v26_3.VulkanPresentationGlDeviceMixin from mod super_resolution,pl:mixin:APP:super_resolution.mixins.json:presentation.v26_3.VulkanPresentationMinecraftBackendMixin from mod super_resolution,pl:mixin:APP:super_resolution.mixins.json:presentation.v26_3.VulkanPresentationMinecraftCaptureMixin from mod super_resolution,pl:mixin:APP:super_resolution.mixins.json:presentation.v26_3.VulkanPresentationWindowCloseMixin from mod super_resolution,pl:mixin:APP:super_resolution-neoforge.mixins.json:neoforge.FuckingValidation1218Mixin from mod super_resolution,pl:mixin:APP:super_resolution-neoforge.mixins.json:neoforge.FuckingValidationMixin from mod super_resolution,pl:mixin:APP:super_resolution_irisapi.mixins.json:composite.before1_21_1.GlStateManagerTextureStateAccessor from mod super_resolution,pl:mixin:APP:architectury.mixins.json:MixinMinecraft from mod architectury,pl:mixin:A,pl:runtimedistcleaner:A}
	at TRANSFORMER/minecraft@1.21.1/net.minecraft.Util.ifElse(Util.java:513) [neoforge-21.1.219.jar%23172!/:?] {re:classloading,re:mixin}
	at TRANSFORMER/minecraft@1.21.1/net.minecraft.client.Minecraft.lambda$new$8(Minecraft.java:623) [neoforge-21.1.219.jar%23172!/:?] {re:mixin,pl:runtimedistcleaner:A,re:classloading,pl:mixin:APP:sodium-common.mixins.json:core.MinecraftMixin from mod sodium,pl:mixin:APP:sodium-neoforge.mixins.json:platform.neoforge.EntrypointMixin from mod sodium,pl:mixin:APP:mixins.iris.json:MixinMinecraft_Images from mod iris,pl:mixin:APP:mixins.iris.json:MixinMinecraft_Keybinds from mod iris,pl:mixin:APP:mixins.iris.json:MixinMinecraft_PipelineManagement from mod iris,pl:mixin:APP:super_resolution.mixins.json:core.GlTextureViewMixin from mod super_resolution,pl:mixin:APP:super_resolution.mixins.json:core.MinecraftMixin from mod super_resolution,pl:mixin:APP:super_resolution.mixins.json:core.accessor.MinecraftAccessor from mod super_resolution,pl:mixin:APP:super_resolution.mixins.json:framegeneration.v1_20_1.GameRendererConstantsMixin from mod super_resolution,pl:mixin:APP:super_resolution.mixins.json:framegeneration.v1_21_11.GameRendererConstantsMixin from mod super_resolution,pl:mixin:APP:super_resolution.mixins.json:framegeneration.v26_1_x.GameRendererConstantsMixin from mod super_resolution,pl:mixin:APP:super_resolution.mixins.json:framegeneration.v26_2.GameRendererConstantsMixin from mod super_resolution,pl:mixin:APP:super_resolution.mixins.json:framegeneration.v26_2.NativeLibrariesBootstrapMixin from mod super_resolution,pl:mixin:APP:super_resolution.mixins.json:framegeneration.v26_3.GameRendererConstantsMixin from mod super_resolution,pl:mixin:APP:super_resolution.mixins.json:framegeneration.v26_3.NativeLibrariesBootstrapMixin from mod super_resolution,pl:mixin:APP:super_resolution.mixins.json:gui.GuiGraphicsMixin from mod super_resolution,pl:mixin:APP:super_resolution.mixins.json:gui.GuiRendererDrawAccessor from mod super_resolution,pl:mixin:APP:super_resolution.mixins.json:gui.GuiRendererMixin from mod super_resolution,pl:mixin:APP:super_resolution.mixins.json:lowlatency.v1_20_1.KeyboardHandlerReflexMixin from mod super_resolution,pl:mixin:APP:super_resolution.mixins.json:lowlatency.v1_20_1.MinecraftReflexMixin from mod super_resolution,pl:mixin:APP:super_resolution.mixins.json:lowlatency.v1_20_1.MouseHandlerReflexMixin from mod super_resolution,pl:mixin:APP:super_resolution.mixins.json:lowlatency.v1_20_1.RenderSystemAccessor from mod super_resolution,pl:mixin:APP:super_resolution.mixins.json:lowlatency.v1_21_1.MinecraftReflexMixin from mod super_resolution,pl:mixin:APP:super_resolution.mixins.json:lowlatency.v1_21_11.KeyboardHandlerReflexMixin from mod super_resolution,pl:mixin:APP:super_resolution.mixins.json:lowlatency.v1_21_11.MinecraftReflexMixin from mod super_resolution,pl:mixin:APP:super_resolution.mixins.json:lowlatency.v1_21_11.MouseHandlerReflexMixin from mod super_resolution,pl:mixin:APP:super_resolution.mixins.json:lowlatency.v1_21_11.RenderSystemAccessor from mod super_resolution,pl:mixin:APP:super_resolution.mixins.json:lowlatency.v26_1_x.KeyboardHandlerReflexMixin from mod super_resolution,pl:mixin:APP:super_resolution.mixins.json:lowlatency.v26_1_x.MinecraftReflexMixin from mod super_resolution,pl:mixin:APP:super_resolution.mixins.json:lowlatency.v26_1_x.MouseHandlerReflexMixin from mod super_resolution,pl:mixin:APP:super_resolution.mixins.json:lowlatency.v26_2.KeyboardHandlerReflexMixin from mod super_resolution,pl:mixin:APP:super_resolution.mixins.json:lowlatency.v26_2.MinecraftReflexMixin from mod super_resolution,pl:mixin:APP:super_resolution.mixins.json:lowlatency.v26_2.MouseHandlerReflexMixin from mod super_resolution,pl:mixin:APP:super_resolution.mixins.json:lowlatency.v26_3.KeyboardHandlerReflexMixin from mod super_resolution,pl:mixin:APP:super_resolution.mixins.json:lowlatency.v26_3.MinecraftReflexMixin from mod super_resolution,pl:mixin:APP:super_resolution.mixins.json:lowlatency.v26_3.MouseHandlerReflexMixin from mod super_resolution,pl:mixin:APP:super_resolution.mixins.json:presentation.v1_20_1.VulkanPresentationGameRendererCaptureMixin from mod super_resolution,pl:mixin:APP:super_resolution.mixins.json:presentation.v1_20_1.VulkanPresentationGlDeviceMixin from mod super_resolution,pl:mixin:APP:super_resolution.mixins.json:presentation.v1_20_1.VulkanPresentationMinecraftBackendMixin from mod super_resolution,pl:mixin:APP:super_resolution.mixins.json:presentation.v1_20_1.VulkanPresentationMinecraftCaptureMixin from mod super_resolution,pl:mixin:APP:super_resolution.mixins.json:presentation.v1_20_1.VulkanPresentationWindowMixin from mod super_resolution,pl:mixin:APP:super_resolution.mixins.json:presentation.v1_21_1.VulkanPresentationMinecraftCaptureMixin from mod super_resolution,pl:mixin:APP:super_resolution.mixins.json:presentation.v1_21_11.VulkanPresentationGameRendererCaptureMixin from mod super_resolution,pl:mixin:APP:super_resolution.mixins.json:presentation.v1_21_11.VulkanPresentationGlDeviceMixin from mod super_resolution,pl:mixin:APP:super_resolution.mixins.json:presentation.v1_21_11.VulkanPresentationMinecraftBackendMixin from mod super_resolution,pl:mixin:APP:super_resolution.mixins.json:presentation.v1_21_11.VulkanPresentationMinecraftCaptureMixin from mod super_resolution,pl:mixin:APP:super_resolution.mixins.json:presentation.v1_21_11.VulkanPresentationWindowMixin from mod super_resolution,pl:mixin:APP:super_resolution.mixins.json:presentation.v26_1_x.VulkanPresentationGameRendererCaptureMixin from mod super_resolution,pl:mixin:APP:super_resolution.mixins.json:presentation.v26_1_x.VulkanPresentationGlDeviceMixin from mod super_resolution,pl:mixin:APP:super_resolution.mixins.json:presentation.v26_1_x.VulkanPresentationMinecraftBackendMixin from mod super_resolution,pl:mixin:APP:super_resolution.mixins.json:presentation.v26_1_x.VulkanPresentationMinecraftCaptureMixin from mod super_resolution,pl:mixin:APP:super_resolution.mixins.json:presentation.v26_1_x.VulkanPresentationWindowCloseMixin from mod super_resolution,pl:mixin:APP:super_resolution.mixins.json:presentation.v26_2.VulkanPresentationGameRendererCaptureMixin from mod super_resolution,pl:mixin:APP:super_resolution.mixins.json:presentation.v26_2.VulkanPresentationGlDeviceMixin from mod super_resolution,pl:mixin:APP:super_resolution.mixins.json:presentation.v26_2.VulkanPresentationMinecraftBackendMixin from mod super_resolution,pl:mixin:APP:super_resolution.mixins.json:presentation.v26_2.VulkanPresentationMinecraftCaptureMixin from mod super_resolution,pl:mixin:APP:super_resolution.mixins.json:presentation.v26_2.VulkanPresentationWindowCloseMixin from mod super_resolution,pl:mixin:APP:super_resolution.mixins.json:presentation.v26_3.VulkanPresentationGameRendererCaptureMixin from mod super_resolution,pl:mixin:APP:super_resolution.mixins.json:presentation.v26_3.VulkanPresentationGlDeviceMixin from mod super_resolution,pl:mixin:APP:super_resolution.mixins.json:presentation.v26_3.VulkanPresentationMinecraftBackendMixin from mod super_resolution,pl:mixin:APP:super_resolution.mixins.json:presentation.v26_3.VulkanPresentationMinecraftCaptureMixin from mod super_resolution,pl:mixin:APP:super_resolution.mixins.json:presentation.v26_3.VulkanPresentationWindowCloseMixin from mod super_resolution,pl:mixin:APP:super_resolution-neoforge.mixins.json:neoforge.FuckingValidation1218Mixin from mod super_resolution,pl:mixin:APP:super_resolution-neoforge.mixins.json:neoforge.FuckingValidationMixin from mod super_resolution,pl:mixin:APP:super_resolution_irisapi.mixins.json:composite.before1_21_1.GlStateManagerTextureStateAccessor from mod super_resolution,pl:mixin:APP:architectury.mixins.json:MixinMinecraft from mod architectury,pl:mixin:A,pl:runtimedistcleaner:A}
	at TRANSFORMER/minecraft@1.21.1/net.minecraft.client.gui.screens.LoadingOverlay.render(LoadingOverlay.java:139) [neoforge-21.1.219.jar%23172!/:?] {re:classloading,pl:runtimedistcleaner:A}
	at TRANSFORMER/minecraft@1.21.1/net.minecraft.client.renderer.GameRenderer.render(GameRenderer.java:1081) [neoforge-21.1.219.jar%23172!/:?] {re:mixin,pl:accesstransformer:B,pl:runtimedistcleaner:A,re:classloading,pl:accesstransformer:B,pl:mixin:A,pl:runtimedistcleaner:A}
	at TRANSFORMER/minecraft@1.21.1/net.minecraft.client.Minecraft.runTick(Minecraft.java:1195) [neoforge-21.1.219.jar%23172!/:?] {re:mixin,pl:runtimedistcleaner:A,re:classloading,pl:mixin:APP:sodium-common.mixins.json:core.MinecraftMixin from mod sodium,pl:mixin:APP:sodium-neoforge.mixins.json:platform.neoforge.EntrypointMixin from mod sodium,pl:mixin:APP:mixins.iris.json:MixinMinecraft_Images from mod iris,pl:mixin:APP:mixins.iris.json:MixinMinecraft_Keybinds from mod iris,pl:mixin:APP:mixins.iris.json:MixinMinecraft_PipelineManagement from mod iris,pl:mixin:APP:super_resolution.mixins.json:core.GlTextureViewMixin from mod super_resolution,pl:mixin:APP:super_resolution.mixins.json:core.MinecraftMixin from mod super_resolution,pl:mixin:APP:super_resolution.mixins.json:core.accessor.MinecraftAccessor from mod super_resolution,pl:mixin:APP:super_resolution.mixins.json:framegeneration.v1_20_1.GameRendererConstantsMixin from mod super_resolution,pl:mixin:APP:super_resolution.mixins.json:framegeneration.v1_21_11.GameRendererConstantsMixin from mod super_resolution,pl:mixin:APP:super_resolution.mixins.json:framegeneration.v26_1_x.GameRendererConstantsMixin from mod super_resolution,pl:mixin:APP:super_resolution.mixins.json:framegeneration.v26_2.GameRendererConstantsMixin from mod super_resolution,pl:mixin:APP:super_resolution.mixins.json:framegeneration.v26_2.NativeLibrariesBootstrapMixin from mod super_resolution,pl:mixin:APP:super_resolution.mixins.json:framegeneration.v26_3.GameRendererConstantsMixin from mod super_resolution,pl:mixin:APP:super_resolution.mixins.json:framegeneration.v26_3.NativeLibrariesBootstrapMixin from mod super_resolution,pl:mixin:APP:super_resolution.mixins.json:gui.GuiGraphicsMixin from mod super_resolution,pl:mixin:APP:super_resolution.mixins.json:gui.GuiRendererDrawAccessor from mod super_resolution,pl:mixin:APP:super_resolution.mixins.json:gui.GuiRendererMixin from mod super_resolution,pl:mixin:APP:super_resolution.mixins.json:lowlatency.v1_20_1.KeyboardHandlerReflexMixin from mod super_resolution,pl:mixin:APP:super_resolution.mixins.json:lowlatency.v1_20_1.MinecraftReflexMixin from mod super_resolution,pl:mixin:APP:super_resolution.mixins.json:lowlatency.v1_20_1.MouseHandlerReflexMixin from mod super_resolution,pl:mixin:APP:super_resolution.mixins.json:lowlatency.v1_20_1.RenderSystemAccessor from mod super_resolution,pl:mixin:APP:super_resolution.mixins.json:lowlatency.v1_21_1.MinecraftReflexMixin from mod super_resolution,pl:mixin:APP:super_resolution.mixins.json:lowlatency.v1_21_11.KeyboardHandlerReflexMixin from mod super_resolution,pl:mixin:APP:super_resolution.mixins.json:lowlatency.v1_21_11.MinecraftReflexMixin from mod super_resolution,pl:mixin:APP:super_resolution.mixins.json:lowlatency.v1_21_11.MouseHandlerReflexMixin from mod super_resolution,pl:mixin:APP:super_resolution.mixins.json:lowlatency.v1_21_11.RenderSystemAccessor from mod super_resolution,pl:mixin:APP:super_resolution.mixins.json:lowlatency.v26_1_x.KeyboardHandlerReflexMixin from mod super_resolution,pl:mixin:APP:super_resolution.mixins.json:lowlatency.v26_1_x.MinecraftReflexMixin from mod super_resolution,pl:mixin:APP:super_resolution.mixins.json:lowlatency.v26_1_x.MouseHandlerReflexMixin from mod super_resolution,pl:mixin:APP:super_resolution.mixins.json:lowlatency.v26_2.KeyboardHandlerReflexMixin from mod super_resolution,pl:mixin:APP:super_resolution.mixins.json:lowlatency.v26_2.MinecraftReflexMixin from mod super_resolution,pl:mixin:APP:super_resolution.mixins.json:lowlatency.v26_2.MouseHandlerReflexMixin from mod super_resolution,pl:mixin:APP:super_resolution.mixins.json:lowlatency.v26_3.KeyboardHandlerReflexMixin from mod super_resolution,pl:mixin:APP:super_resolution.mixins.json:lowlatency.v26_3.MinecraftReflexMixin from mod super_resolution,pl:mixin:APP:super_resolution.mixins.json:lowlatency.v26_3.MouseHandlerReflexMixin from mod super_resolution,pl:mixin:APP:super_resolution.mixins.json:presentation.v1_20_1.VulkanPresentationGameRendererCaptureMixin from mod super_resolution,pl:mixin:APP:super_resolution.mixins.json:presentation.v1_20_1.VulkanPresentationGlDeviceMixin from mod super_resolution,pl:mixin:APP:super_resolution.mixins.json:presentation.v1_20_1.VulkanPresentationMinecraftBackendMixin from mod super_resolution,pl:mixin:APP:super_resolution.mixins.json:presentation.v1_20_1.VulkanPresentationMinecraftCaptureMixin from mod super_resolution,pl:mixin:APP:super_resolution.mixins.json:presentation.v1_20_1.VulkanPresentationWindowMixin from mod super_resolution,pl:mixin:APP:super_resolution.mixins.json:presentation.v1_21_1.VulkanPresentationMinecraftCaptureMixin from mod super_resolution,pl:mixin:APP:super_resolution.mixins.json:presentation.v1_21_11.VulkanPresentationGameRendererCaptureMixin from mod super_resolution,pl:mixin:APP:super_resolution.mixins.json:presentation.v1_21_11.VulkanPresentationGlDeviceMixin from mod super_resolution,pl:mixin:APP:super_resolution.mixins.json:presentation.v1_21_11.VulkanPresentationMinecraftBackendMixin from mod super_resolution,pl:mixin:APP:super_resolution.mixins.json:presentation.v1_21_11.VulkanPresentationMinecraftCaptureMixin from mod super_resolution,pl:mixin:APP:super_resolution.mixins.json:presentation.v1_21_11.VulkanPresentationWindowMixin from mod super_resolution,pl:mixin:APP:super_resolution.mixins.json:presentation.v26_1_x.VulkanPresentationGameRendererCaptureMixin from mod super_resolution,pl:mixin:APP:super_resolution.mixins.json:presentation.v26_1_x.VulkanPresentationGlDeviceMixin from mod super_resolution,pl:mixin:APP:super_resolution.mixins.json:presentation.v26_1_x.VulkanPresentationMinecraftBackendMixin from mod super_resolution,pl:mixin:APP:super_resolution.mixins.json:presentation.v26_1_x.VulkanPresentationMinecraftCaptureMixin from mod super_resolution,pl:mixin:APP:super_resolution.mixins.json:presentation.v26_1_x.VulkanPresentationWindowCloseMixin from mod super_resolution,pl:mixin:APP:super_resolution.mixins.json:presentation.v26_2.VulkanPresentationGameRendererCaptureMixin from mod super_resolution,pl:mixin:APP:super_resolution.mixins.json:presentation.v26_2.VulkanPresentationGlDeviceMixin from mod super_resolution,pl:mixin:APP:super_resolution.mixins.json:presentation.v26_2.VulkanPresentationMinecraftBackendMixin from mod super_resolution,pl:mixin:APP:super_resolution.mixins.json:presentation.v26_2.VulkanPresentationMinecraftCaptureMixin from mod super_resolution,pl:mixin:APP:super_resolution.mixins.json:presentation.v26_2.VulkanPresentationWindowCloseMixin from mod super_resolution,pl:mixin:APP:super_resolution.mixins.json:presentation.v26_3.VulkanPresentationGameRendererCaptureMixin from mod super_resolution,pl:mixin:APP:super_resolution.mixins.json:presentation.v26_3.VulkanPresentationGlDeviceMixin from mod super_resolution,pl:mixin:APP:super_resolution.mixins.json:presentation.v26_3.VulkanPresentationMinecraftBackendMixin from mod super_resolution,pl:mixin:APP:super_resolution.mixins.json:presentation.v26_3.VulkanPresentationMinecraftCaptureMixin from mod super_resolution,pl:mixin:APP:super_resolution.mixins.json:presentation.v26_3.VulkanPresentationWindowCloseMixin from mod super_resolution,pl:mixin:APP:super_resolution-neoforge.mixins.json:neoforge.FuckingValidation1218Mixin from mod super_resolution,pl:mixin:APP:super_resolution-neoforge.mixins.json:neoforge.FuckingValidationMixin from mod super_resolution,pl:mixin:APP:super_resolution_irisapi.mixins.json:composite.before1_21_1.GlStateManagerTextureStateAccessor from mod super_resolution,pl:mixin:APP:architectury.mixins.json:MixinMinecraft from mod architectury,pl:mixin:A,pl:runtimedistcleaner:A}
	at TRANSFORMER/minecraft@1.21.1/net.minecraft.client.Minecraft.run(Minecraft.java:807) [neoforge-21.1.219.jar%23172!/:?] {re:mixin,pl:runtimedistcleaner:A,re:classloading,pl:mixin:APP:sodium-common.mixins.json:core.MinecraftMixin from mod sodium,pl:mixin:APP:sodium-neoforge.mixins.json:platform.neoforge.EntrypointMixin from mod sodium,pl:mixin:APP:mixins.iris.json:MixinMinecraft_Images from mod iris,pl:mixin:APP:mixins.iris.json:MixinMinecraft_Keybinds from mod iris,pl:mixin:APP:mixins.iris.json:MixinMinecraft_PipelineManagement from mod iris,pl:mixin:APP:super_resolution.mixins.json:core.GlTextureViewMixin from mod super_resolution,pl:mixin:APP:super_resolution.mixins.json:core.MinecraftMixin from mod super_resolution,pl:mixin:APP:super_resolution.mixins.json:core.accessor.MinecraftAccessor from mod super_resolution,pl:mixin:APP:super_resolution.mixins.json:framegeneration.v1_20_1.GameRendererConstantsMixin from mod super_resolution,pl:mixin:APP:super_resolution.mixins.json:framegeneration.v1_21_11.GameRendererConstantsMixin from mod super_resolution,pl:mixin:APP:super_resolution.mixins.json:framegeneration.v26_1_x.GameRendererConstantsMixin from mod super_resolution,pl:mixin:APP:super_resolution.mixins.json:framegeneration.v26_2.GameRendererConstantsMixin from mod super_resolution,pl:mixin:APP:super_resolution.mixins.json:framegeneration.v26_2.NativeLibrariesBootstrapMixin from mod super_resolution,pl:mixin:APP:super_resolution.mixins.json:framegeneration.v26_3.GameRendererConstantsMixin from mod super_resolution,pl:mixin:APP:super_resolution.mixins.json:framegeneration.v26_3.NativeLibrariesBootstrapMixin from mod super_resolution,pl:mixin:APP:super_resolution.mixins.json:gui.GuiGraphicsMixin from mod super_resolution,pl:mixin:APP:super_resolution.mixins.json:gui.GuiRendererDrawAccessor from mod super_resolution,pl:mixin:APP:super_resolution.mixins.json:gui.GuiRendererMixin from mod super_resolution,pl:mixin:APP:super_resolution.mixins.json:lowlatency.v1_20_1.KeyboardHandlerReflexMixin from mod super_resolution,pl:mixin:APP:super_resolution.mixins.json:lowlatency.v1_20_1.MinecraftReflexMixin from mod super_resolution,pl:mixin:APP:super_resolution.mixins.json:lowlatency.v1_20_1.MouseHandlerReflexMixin from mod super_resolution,pl:mixin:APP:super_resolution.mixins.json:lowlatency.v1_20_1.RenderSystemAccessor from mod super_resolution,pl:mixin:APP:super_resolution.mixins.json:lowlatency.v1_21_1.MinecraftReflexMixin from mod super_resolution,pl:mixin:APP:super_resolution.mixins.json:lowlatency.v1_21_11.KeyboardHandlerReflexMixin from mod super_resolution,pl:mixin:APP:super_resolution.mixins.json:lowlatency.v1_21_11.MinecraftReflexMixin from mod super_resolution,pl:mixin:APP:super_resolution.mixins.json:lowlatency.v1_21_11.MouseHandlerReflexMixin from mod super_resolution,pl:mixin:APP:super_resolution.mixins.json:lowlatency.v1_21_11.RenderSystemAccessor from mod super_resolution,pl:mixin:APP:super_resolution.mixins.json:lowlatency.v26_1_x.KeyboardHandlerReflexMixin from mod super_resolution,pl:mixin:APP:super_resolution.mixins.json:lowlatency.v26_1_x.MinecraftReflexMixin from mod super_resolution,pl:mixin:APP:super_resolution.mixins.json:lowlatency.v26_1_x.MouseHandlerReflexMixin from mod super_resolution,pl:mixin:APP:super_resolution.mixins.json:lowlatency.v26_2.KeyboardHandlerReflexMixin from mod super_resolution,pl:mixin:APP:super_resolution.mixins.json:lowlatency.v26_2.MinecraftReflexMixin from mod super_resolution,pl:mixin:APP:super_resolution.mixins.json:lowlatency.v26_2.MouseHandlerReflexMixin from mod super_resolution,pl:mixin:APP:super_resolution.mixins.json:lowlatency.v26_3.KeyboardHandlerReflexMixin from mod super_resolution,pl:mixin:APP:super_resolution.mixins.json:lowlatency.v26_3.MinecraftReflexMixin from mod super_resolution,pl:mixin:APP:super_resolution.mixins.json:lowlatency.v26_3.MouseHandlerReflexMixin from mod super_resolution,pl:mixin:APP:super_resolution.mixins.json:presentation.v1_20_1.VulkanPresentationGameRendererCaptureMixin from mod super_resolution,pl:mixin:APP:super_resolution.mixins.json:presentation.v1_20_1.VulkanPresentationGlDeviceMixin from mod super_resolution,pl:mixin:APP:super_resolution.mixins.json:presentation.v1_20_1.VulkanPresentationMinecraftBackendMixin from mod super_resolution,pl:mixin:APP:super_resolution.mixins.json:presentation.v1_20_1.VulkanPresentationMinecraftCaptureMixin from mod super_resolution,pl:mixin:APP:super_resolution.mixins.json:presentation.v1_20_1.VulkanPresentationWindowMixin from mod super_resolution,pl:mixin:APP:super_resolution.mixins.json:presentation.v1_21_1.VulkanPresentationMinecraftCaptureMixin from mod super_resolution,pl:mixin:APP:super_resolution.mixins.json:presentation.v1_21_11.VulkanPresentationGameRendererCaptureMixin from mod super_resolution,pl:mixin:APP:super_resolution.mixins.json:presentation.v1_21_11.VulkanPresentationGlDeviceMixin from mod super_resolution,pl:mixin:APP:super_resolution.mixins.json:presentation.v1_21_11.VulkanPresentationMinecraftBackendMixin from mod super_resolution,pl:mixin:APP:super_resolution.mixins.json:presentation.v1_21_11.VulkanPresentationMinecraftCaptureMixin from mod super_resolution,pl:mixin:APP:super_resolution.mixins.json:presentation.v1_21_11.VulkanPresentationWindowMixin from mod super_resolution,pl:mixin:APP:super_resolution.mixins.json:presentation.v26_1_x.VulkanPresentationGameRendererCaptureMixin from mod super_resolution,pl:mixin:APP:super_resolution.mixins.json:presentation.v26_1_x.VulkanPresentationGlDeviceMixin from mod super_resolution,pl:mixin:APP:super_resolution.mixins.json:presentation.v26_1_x.VulkanPresentationMinecraftBackendMixin from mod super_resolution,pl:mixin:APP:super_resolution.mixins.json:presentation.v26_1_x.VulkanPresentationMinecraftCaptureMixin from mod super_resolution,pl:mixin:APP:super_resolution.mixins.json:presentation.v26_1_x.VulkanPresentationWindowCloseMixin from mod super_resolution,pl:mixin:APP:super_resolution.mixins.json:presentation.v26_2.VulkanPresentationGameRendererCaptureMixin from mod super_resolution,pl:mixin:APP:super_resolution.mixins.json:presentation.v26_2.VulkanPresentationGlDeviceMixin from mod super_resolution,pl:mixin:APP:super_resolution.mixins.json:presentation.v26_2.VulkanPresentationMinecraftBackendMixin from mod super_resolution,pl:mixin:APP:super_resolution.mixins.json:presentation.v26_2.VulkanPresentationMinecraftCaptureMixin from mod super_resolution,pl:mixin:APP:super_resolution.mixins.json:presentation.v26_2.VulkanPresentationWindowCloseMixin from mod super_resolution,pl:mixin:APP:super_resolution.mixins.json:presentation.v26_3.VulkanPresentationGameRendererCaptureMixin from mod super_resolution,pl:mixin:APP:super_resolution.mixins.json:presentation.v26_3.VulkanPresentationGlDeviceMixin from mod super_resolution,pl:mixin:APP:super_resolution.mixins.json:presentation.v26_3.VulkanPresentationMinecraftBackendMixin from mod super_resolution,pl:mixin:APP:super_resolution.mixins.json:presentation.v26_3.VulkanPresentationMinecraftCaptureMixin from mod super_resolution,pl:mixin:APP:super_resolution.mixins.json:presentation.v26_3.VulkanPresentationWindowCloseMixin from mod super_resolution,pl:mixin:APP:super_resolution-neoforge.mixins.json:neoforge.FuckingValidation1218Mixin from mod super_resolution,pl:mixin:APP:super_resolution-neoforge.mixins.json:neoforge.FuckingValidationMixin from mod super_resolution,pl:mixin:APP:super_resolution_irisapi.mixins.json:composite.before1_21_1.GlStateManagerTextureStateAccessor from mod super_resolution,pl:mixin:APP:architectury.mixins.json:MixinMinecraft from mod architectury,pl:mixin:A,pl:runtimedistcleaner:A}
	at TRANSFORMER/minecraft@1.21.1/net.minecraft.client.main.Main.main(Main.java:230) [neoforge-21.1.219.jar%23172!/:?] {re:classloading,pl:runtimedistcleaner:A}
	at java.base/jdk.internal.reflect.DirectMethodHandleAccessor.invoke(DirectMethodHandleAccessor.java:104) ~[?:?] {}
	at java.base/java.lang.reflect.Method.invoke(Method.java:565) ~[?:?] {}
	at MC-BOOTSTRAP/fml_loader@4.0.42/net.neoforged.fml.loading.targets.CommonLaunchHandler.runTarget(CommonLaunchHandler.java:136) [loader-4.0.42.jar%23130!/:4.0] {}
	at MC-BOOTSTRAP/fml_loader@4.0.42/net.neoforged.fml.loading.targets.CommonLaunchHandler.clientService(CommonLaunchHandler.java:124) [loader-4.0.42.jar%23130!/:4.0] {}
	at MC-BOOTSTRAP/fml_loader@4.0.42/net.neoforged.fml.loading.targets.NeoForgeClientDevLaunchHandler.runService(NeoForgeClientDevLaunchHandler.java:23) [loader-4.0.42.jar%23130!/:4.0] {}
	at MC-BOOTSTRAP/fml_loader@4.0.42/net.neoforged.fml.loading.targets.CommonLaunchHandler.lambda$launchService$4(CommonLaunchHandler.java:118) [loader-4.0.42.jar%23130!/:4.0] {}
	at MC-BOOTSTRAP/cpw.mods.modlauncher@11.0.5/cpw.mods.modlauncher.LaunchServiceHandlerDecorator.launch(LaunchServiceHandlerDecorator.java:30) [modlauncher-11.0.5.jar%23112!/:?] {}
	at MC-BOOTSTRAP/cpw.mods.modlauncher@11.0.5/cpw.mods.modlauncher.LaunchServiceHandler.launch(LaunchServiceHandler.java:53) [modlauncher-11.0.5.jar%23112!/:?] {}
	at MC-BOOTSTRAP/cpw.mods.modlauncher@11.0.5/cpw.mods.modlauncher.LaunchServiceHandler.launch(LaunchServiceHandler.java:71) [modlauncher-11.0.5.jar%23112!/:?] {}
	at MC-BOOTSTRAP/cpw.mods.modlauncher@11.0.5/cpw.mods.modlauncher.Launcher.run(Launcher.java:103) [modlauncher-11.0.5.jar%23112!/:?] {}
	at MC-BOOTSTRAP/cpw.mods.modlauncher@11.0.5/cpw.mods.modlauncher.Launcher.main(Launcher.java:74) [modlauncher-11.0.5.jar%23112!/:?] {}
	at MC-BOOTSTRAP/cpw.mods.modlauncher@11.0.5/cpw.mods.modlauncher.BootstrapLaunchConsumer.accept(BootstrapLaunchConsumer.java:26) [modlauncher-11.0.5.jar%23112!/:?] {}
	at MC-BOOTSTRAP/cpw.mods.modlauncher@11.0.5/cpw.mods.modlauncher.BootstrapLaunchConsumer.accept(BootstrapLaunchConsumer.java:23) [modlauncher-11.0.5.jar%23112!/:?] {}
	at cpw.mods.bootstraplauncher@2.0.2/cpw.mods.bootstraplauncher.BootstrapLauncher.run(BootstrapLauncher.java:210) [bootstraplauncher-2.0.2.jar:?] {}
	at cpw.mods.bootstraplauncher@2.0.2/cpw.mods.bootstraplauncher.BootstrapLauncher.main(BootstrapLauncher.java:69) [bootstraplauncher-2.0.2.jar:?] {}
	at java.base/jdk.internal.reflect.DirectMethodHandleAccessor.invoke(DirectMethodHandleAccessor.java:104) ~[?:?] {}
	at java.base/java.lang.reflect.Method.invoke(Method.java:565) ~[?:?] {}
	at net.neoforged.devlaunch.Main.main(Main.java:57) [DevLaunch-1.0.2.jar:?] {}
[14:20:08] [Render thread/WARN] [Iris/]: Failed to resolve uniform inSulfurCaves, reason: Unknown variable: BIOME_SULFUR_CAVES ( = FunctionCall{smooth {[Number{56}, FunctionCall{if {[FunctionCall{in {[Id{biome}, Id{BIOME_SULFUR_CAVES}]} }, Number{1}, Number{0}]} }, Number{15}, Number{15}]} })
java.lang.RuntimeException: Unknown variable: BIOME_SULFUR_CAVES
	at TRANSFORMER/iris@1.8.8+mc1.21.1/kroppeb.stareval.resolver.ExpressionResolver.resolveExpressionInternal(ExpressionResolver.java:225) ~[iris-1.8.8+1.21.1-neoforge-neoforge,1.21.1.jar%23177!/:?] {re:classloading}
	at TRANSFORMER/iris@1.8.8+mc1.21.1/kroppeb.stareval.resolver.ExpressionResolver.resolveCallExpressionInternal(ExpressionResolver.java:81) ~[iris-1.8.8+1.21.1-neoforge-neoforge,1.21.1.jar%23177!/:?] {re:classloading}
	at TRANSFORMER/iris@1.8.8+mc1.21.1/kroppeb.stareval.resolver.ExpressionResolver.resolveCallExpression(ExpressionResolver.java:140) ~[iris-1.8.8+1.21.1-neoforge-neoforge,1.21.1.jar%23177!/:?] {re:classloading}
	at TRANSFORMER/iris@1.8.8+mc1.21.1/kroppeb.stareval.resolver.ExpressionResolver.resolveExpressionInternal(ExpressionResolver.java:196) ~[iris-1.8.8+1.21.1-neoforge-neoforge,1.21.1.jar%23177!/:?] {re:classloading}
	at TRANSFORMER/iris@1.8.8+mc1.21.1/kroppeb.stareval.resolver.ExpressionResolver.resolveCallExpressionInternal(ExpressionResolver.java:81) ~[iris-1.8.8+1.21.1-neoforge-neoforge,1.21.1.jar%23177!/:?] {re:classloading}
	at TRANSFORMER/iris@1.8.8+mc1.21.1/kroppeb.stareval.resolver.ExpressionResolver.resolveCallExpression(ExpressionResolver.java:140) ~[iris-1.8.8+1.21.1-neoforge-neoforge,1.21.1.jar%23177!/:?] {re:classloading}
	at TRANSFORMER/iris@1.8.8+mc1.21.1/kroppeb.stareval.resolver.ExpressionResolver.resolveCallExpression(ExpressionResolver.java:127) ~[iris-1.8.8+1.21.1-neoforge-neoforge,1.21.1.jar%23177!/:?] {re:classloading}
	at TRANSFORMER/iris@1.8.8+mc1.21.1/kroppeb.stareval.resolver.ExpressionResolver.resolveExpressionInternal(ExpressionResolver.java:196) ~[iris-1.8.8+1.21.1-neoforge-neoforge,1.21.1.jar%23177!/:?] {re:classloading}
	at TRANSFORMER/iris@1.8.8+mc1.21.1/kroppeb.stareval.resolver.ExpressionResolver.resolveCallExpressionInternal(ExpressionResolver.java:81) ~[iris-1.8.8+1.21.1-neoforge-neoforge,1.21.1.jar%23177!/:?] {re:classloading}
	at TRANSFORMER/iris@1.8.8+mc1.21.1/kroppeb.stareval.resolver.ExpressionResolver.resolveCallExpression(ExpressionResolver.java:140) ~[iris-1.8.8+1.21.1-neoforge-neoforge,1.21.1.jar%23177!/:?] {re:classloading}
	at TRANSFORMER/iris@1.8.8+mc1.21.1/kroppeb.stareval.resolver.ExpressionResolver.resolveExpressionInternal(ExpressionResolver.java:196) ~[iris-1.8.8+1.21.1-neoforge-neoforge,1.21.1.jar%23177!/:?] {re:classloading}
	at TRANSFORMER/iris@1.8.8+mc1.21.1/kroppeb.stareval.resolver.ExpressionResolver.resolveExpression(ExpressionResolver.java:50) ~[iris-1.8.8+1.21.1-neoforge-neoforge,1.21.1.jar%23177!/:?] {re:classloading}
	at TRANSFORMER/iris@1.8.8+mc1.21.1/net.irisshaders.iris.uniforms.custom.CustomUniforms.<init>(CustomUniforms.java:60) [iris-1.8.8+1.21.1-neoforge-neoforge,1.21.1.jar%23177!/:?] {re:classloading}
	at TRANSFORMER/iris@1.8.8+mc1.21.1/net.irisshaders.iris.uniforms.custom.CustomUniforms$Builder.build(CustomUniforms.java:332) [iris-1.8.8+1.21.1-neoforge-neoforge,1.21.1.jar%23177!/:?] {re:classloading}
	at TRANSFORMER/iris@1.8.8+mc1.21.1/net.irisshaders.iris.uniforms.custom.CustomUniforms$Builder.build(CustomUniforms.java:343) [iris-1.8.8+1.21.1-neoforge-neoforge,1.21.1.jar%23177!/:?] {re:classloading}
	at TRANSFORMER/iris@1.8.8+mc1.21.1/net.irisshaders.iris.pipeline.IrisRenderingPipeline.<init>(IrisRenderingPipeline.java:282) [iris-1.8.8+1.21.1-neoforge-neoforge,1.21.1.jar%23177!/:?] {re:mixin,re:classloading,pl:mixin:APP:super_resolution_irisapi.mixins.json:composite.IrisRenderingPipelineAccessor from mod super_resolution,pl:mixin:APP:super_resolution_irisapi.mixins.json:composite.before1_21_1.IrisRenderingPipelineMixin from mod super_resolution,pl:mixin:APP:super_resolution.shadercompat.mixins.json:core.IrisRenderingPipelineAccessor from mod super_resolution,pl:mixin:APP:super_resolution.shadercompat.mixins.json:core.IrisRenderingPipelineMixin from mod super_resolution,pl:mixin:A}
	at TRANSFORMER/iris@1.8.8+mc1.21.1/net.irisshaders.iris.Iris.createPipeline(Iris.java:616) [iris-1.8.8+1.21.1-neoforge-neoforge,1.21.1.jar%23177!/:?] {re:mixin,re:classloading,pl:mixin:APP:super_resolution.shadercompat.mixins.json:core.IrisMixin from mod super_resolution,pl:mixin:A}
	at TRANSFORMER/iris@1.8.8+mc1.21.1/net.irisshaders.iris.pipeline.PipelineManager.preparePipeline(PipelineManager.java:33) [iris-1.8.8+1.21.1-neoforge-neoforge,1.21.1.jar%23177!/:?] {re:mixin,re:classloading,pl:mixin:APP:super_resolution.shadercompat.mixins.json:core.PipelineManagerMixin from mod super_resolution,pl:mixin:A}
	at TRANSFORMER/iris@1.8.8+mc1.21.1/net.irisshaders.iris.Iris.onLoadingComplete(Iris.java:150) [iris-1.8.8+1.21.1-neoforge-neoforge,1.21.1.jar%23177!/:?] {re:mixin,re:classloading,pl:mixin:APP:super_resolution.shadercompat.mixins.json:core.IrisMixin from mod super_resolution,pl:mixin:A}
	at TRANSFORMER/minecraft@1.21.1/net.minecraft.client.gui.screens.TitleScreen.handler$zfl000$iris$firstInit(TitleScreen.java:525) [neoforge-21.1.219.jar%23172!/:?] {re:mixin,pl:runtimedistcleaner:A,re:computing_frames,pl:runtimedistcleaner:A,re:classloading,pl:mixin:APP:mixins.iris.json:MixinTitleScreen from mod iris,pl:mixin:A,pl:runtimedistcleaner:A}
	at TRANSFORMER/minecraft@1.21.1/net.minecraft.client.gui.screens.TitleScreen.init(TitleScreen.java:157) [neoforge-21.1.219.jar%23172!/:?] {re:mixin,pl:runtimedistcleaner:A,re:computing_frames,pl:runtimedistcleaner:A,re:classloading,pl:mixin:APP:mixins.iris.json:MixinTitleScreen from mod iris,pl:mixin:A,pl:runtimedistcleaner:A}
	at TRANSFORMER/minecraft@1.21.1/net.minecraft.client.gui.screens.Screen.init(Screen.java:317) [neoforge-21.1.219.jar%23172!/:?] {re:mixin,pl:accesstransformer:B,pl:runtimedistcleaner:A,re:classloading,pl:accesstransformer:B,pl:runtimedistcleaner:A}
	at TRANSFORMER/minecraft@1.21.1/net.minecraft.client.Minecraft.setScreen(Minecraft.java:1057) [neoforge-21.1.219.jar%23172!/:?] {re:mixin,pl:runtimedistcleaner:A,re:classloading,pl:mixin:APP:sodium-common.mixins.json:core.MinecraftMixin from mod sodium,pl:mixin:APP:sodium-neoforge.mixins.json:platform.neoforge.EntrypointMixin from mod sodium,pl:mixin:APP:mixins.iris.json:MixinMinecraft_Images from mod iris,pl:mixin:APP:mixins.iris.json:MixinMinecraft_Keybinds from mod iris,pl:mixin:APP:mixins.iris.json:MixinMinecraft_PipelineManagement from mod iris,pl:mixin:APP:super_resolution.mixins.json:core.GlTextureViewMixin from mod super_resolution,pl:mixin:APP:super_resolution.mixins.json:core.MinecraftMixin from mod super_resolution,pl:mixin:APP:super_resolution.mixins.json:core.accessor.MinecraftAccessor from mod super_resolution,pl:mixin:APP:super_resolution.mixins.json:framegeneration.v1_20_1.GameRendererConstantsMixin from mod super_resolution,pl:mixin:APP:super_resolution.mixins.json:framegeneration.v1_21_11.GameRendererConstantsMixin from mod super_resolution,pl:mixin:APP:super_resolution.mixins.json:framegeneration.v26_1_x.GameRendererConstantsMixin from mod super_resolution,pl:mixin:APP:super_resolution.mixins.json:framegeneration.v26_2.GameRendererConstantsMixin from mod super_resolution,pl:mixin:APP:super_resolution.mixins.json:framegeneration.v26_2.NativeLibrariesBootstrapMixin from mod super_resolution,pl:mixin:APP:super_resolution.mixins.json:framegeneration.v26_3.GameRendererConstantsMixin from mod super_resolution,pl:mixin:APP:super_resolution.mixins.json:framegeneration.v26_3.NativeLibrariesBootstrapMixin from mod super_resolution,pl:mixin:APP:super_resolution.mixins.json:gui.GuiGraphicsMixin from mod super_resolution,pl:mixin:APP:super_resolution.mixins.json:gui.GuiRendererDrawAccessor from mod super_resolution,pl:mixin:APP:super_resolution.mixins.json:gui.GuiRendererMixin from mod super_resolution,pl:mixin:APP:super_resolution.mixins.json:lowlatency.v1_20_1.KeyboardHandlerReflexMixin from mod super_resolution,pl:mixin:APP:super_resolution.mixins.json:lowlatency.v1_20_1.MinecraftReflexMixin from mod super_resolution,pl:mixin:APP:super_resolution.mixins.json:lowlatency.v1_20_1.MouseHandlerReflexMixin from mod super_resolution,pl:mixin:APP:super_resolution.mixins.json:lowlatency.v1_20_1.RenderSystemAccessor from mod super_resolution,pl:mixin:APP:super_resolution.mixins.json:lowlatency.v1_21_1.MinecraftReflexMixin from mod super_resolution,pl:mixin:APP:super_resolution.mixins.json:lowlatency.v1_21_11.KeyboardHandlerReflexMixin from mod super_resolution,pl:mixin:APP:super_resolution.mixins.json:lowlatency.v1_21_11.MinecraftReflexMixin from mod super_resolution,pl:mixin:APP:super_resolution.mixins.json:lowlatency.v1_21_11.MouseHandlerReflexMixin from mod super_resolution,pl:mixin:APP:super_resolution.mixins.json:lowlatency.v1_21_11.RenderSystemAccessor from mod super_resolution,pl:mixin:APP:super_resolution.mixins.json:lowlatency.v26_1_x.KeyboardHandlerReflexMixin from mod super_resolution,pl:mixin:APP:super_resolution.mixins.json:lowlatency.v26_1_x.MinecraftReflexMixin from mod super_resolution,pl:mixin:APP:super_resolution.mixins.json:lowlatency.v26_1_x.MouseHandlerReflexMixin from mod super_resolution,pl:mixin:APP:super_resolution.mixins.json:lowlatency.v26_2.KeyboardHandlerReflexMixin from mod super_resolution,pl:mixin:APP:super_resolution.mixins.json:lowlatency.v26_2.MinecraftReflexMixin from mod super_resolution,pl:mixin:APP:super_resolution.mixins.json:lowlatency.v26_2.MouseHandlerReflexMixin from mod super_resolution,pl:mixin:APP:super_resolution.mixins.json:lowlatency.v26_3.KeyboardHandlerReflexMixin from mod super_resolution,pl:mixin:APP:super_resolution.mixins.json:lowlatency.v26_3.MinecraftReflexMixin from mod super_resolution,pl:mixin:APP:super_resolution.mixins.json:lowlatency.v26_3.MouseHandlerReflexMixin from mod super_resolution,pl:mixin:APP:super_resolution.mixins.json:presentation.v1_20_1.VulkanPresentationGameRendererCaptureMixin from mod super_resolution,pl:mixin:APP:super_resolution.mixins.json:presentation.v1_20_1.VulkanPresentationGlDeviceMixin from mod super_resolution,pl:mixin:APP:super_resolution.mixins.json:presentation.v1_20_1.VulkanPresentationMinecraftBackendMixin from mod super_resolution,pl:mixin:APP:super_resolution.mixins.json:presentation.v1_20_1.VulkanPresentationMinecraftCaptureMixin from mod super_resolution,pl:mixin:APP:super_resolution.mixins.json:presentation.v1_20_1.VulkanPresentationWindowMixin from mod super_resolution,pl:mixin:APP:super_resolution.mixins.json:presentation.v1_21_1.VulkanPresentationMinecraftCaptureMixin from mod super_resolution,pl:mixin:APP:super_resolution.mixins.json:presentation.v1_21_11.VulkanPresentationGameRendererCaptureMixin from mod super_resolution,pl:mixin:APP:super_resolution.mixins.json:presentation.v1_21_11.VulkanPresentationGlDeviceMixin from mod super_resolution,pl:mixin:APP:super_resolution.mixins.json:presentation.v1_21_11.VulkanPresentationMinecraftBackendMixin from mod super_resolution,pl:mixin:APP:super_resolution.mixins.json:presentation.v1_21_11.VulkanPresentationMinecraftCaptureMixin from mod super_resolution,pl:mixin:APP:super_resolution.mixins.json:presentation.v1_21_11.VulkanPresentationWindowMixin from mod super_resolution,pl:mixin:APP:super_resolution.mixins.json:presentation.v26_1_x.VulkanPresentationGameRendererCaptureMixin from mod super_resolution,pl:mixin:APP:super_resolution.mixins.json:presentation.v26_1_x.VulkanPresentationGlDeviceMixin from mod super_resolution,pl:mixin:APP:super_resolution.mixins.json:presentation.v26_1_x.VulkanPresentationMinecraftBackendMixin from mod super_resolution,pl:mixin:APP:super_resolution.mixins.json:presentation.v26_1_x.VulkanPresentationMinecraftCaptureMixin from mod super_resolution,pl:mixin:APP:super_resolution.mixins.json:presentation.v26_1_x.VulkanPresentationWindowCloseMixin from mod super_resolution,pl:mixin:APP:super_resolution.mixins.json:presentation.v26_2.VulkanPresentationGameRendererCaptureMixin from mod super_resolution,pl:mixin:APP:super_resolution.mixins.json:presentation.v26_2.VulkanPresentationGlDeviceMixin from mod super_resolution,pl:mixin:APP:super_resolution.mixins.json:presentation.v26_2.VulkanPresentationMinecraftBackendMixin from mod super_resolution,pl:mixin:APP:super_resolution.mixins.json:presentation.v26_2.VulkanPresentationMinecraftCaptureMixin from mod super_resolution,pl:mixin:APP:super_resolution.mixins.json:presentation.v26_2.VulkanPresentationWindowCloseMixin from mod super_resolution,pl:mixin:APP:super_resolution.mixins.json:presentation.v26_3.VulkanPresentationGameRendererCaptureMixin from mod super_resolution,pl:mixin:APP:super_resolution.mixins.json:presentation.v26_3.VulkanPresentationGlDeviceMixin from mod super_resolution,pl:mixin:APP:super_resolution.mixins.json:presentation.v26_3.VulkanPresentationMinecraftBackendMixin from mod super_resolution,pl:mixin:APP:super_resolution.mixins.json:presentation.v26_3.VulkanPresentationMinecraftCaptureMixin from mod super_resolution,pl:mixin:APP:super_resolution.mixins.json:presentation.v26_3.VulkanPresentationWindowCloseMixin from mod super_resolution,pl:mixin:APP:super_resolution-neoforge.mixins.json:neoforge.FuckingValidation1218Mixin from mod super_resolution,pl:mixin:APP:super_resolution-neoforge.mixins.json:neoforge.FuckingValidationMixin from mod super_resolution,pl:mixin:APP:super_resolution_irisapi.mixins.json:composite.before1_21_1.GlStateManagerTextureStateAccessor from mod super_resolution,pl:mixin:APP:architectury.mixins.json:MixinMinecraft from mod architectury,pl:mixin:A,pl:runtimedistcleaner:A}
	at TRANSFORMER/minecraft@1.21.1/net.minecraft.client.Minecraft.lambda$buildInitialScreens$9(Minecraft.java:664) [neoforge-21.1.219.jar%23172!/:?] {re:mixin,pl:runtimedistcleaner:A,re:classloading,pl:mixin:APP:sodium-common.mixins.json:core.MinecraftMixin from mod sodium,pl:mixin:APP:sodium-neoforge.mixins.json:platform.neoforge.EntrypointMixin from mod sodium,pl:mixin:APP:mixins.iris.json:MixinMinecraft_Images from mod iris,pl:mixin:APP:mixins.iris.json:MixinMinecraft_Keybinds from mod iris,pl:mixin:APP:mixins.iris.json:MixinMinecraft_PipelineManagement from mod iris,pl:mixin:APP:super_resolution.mixins.json:core.GlTextureViewMixin from mod super_resolution,pl:mixin:APP:super_resolution.mixins.json:core.MinecraftMixin from mod super_resolution,pl:mixin:APP:super_resolution.mixins.json:core.accessor.MinecraftAccessor from mod super_resolution,pl:mixin:APP:super_resolution.mixins.json:framegeneration.v1_20_1.GameRendererConstantsMixin from mod super_resolution,pl:mixin:APP:super_resolution.mixins.json:framegeneration.v1_21_11.GameRendererConstantsMixin from mod super_resolution,pl:mixin:APP:super_resolution.mixins.json:framegeneration.v26_1_x.GameRendererConstantsMixin from mod super_resolution,pl:mixin:APP:super_resolution.mixins.json:framegeneration.v26_2.GameRendererConstantsMixin from mod super_resolution,pl:mixin:APP:super_resolution.mixins.json:framegeneration.v26_2.NativeLibrariesBootstrapMixin from mod super_resolution,pl:mixin:APP:super_resolution.mixins.json:framegeneration.v26_3.GameRendererConstantsMixin from mod super_resolution,pl:mixin:APP:super_resolution.mixins.json:framegeneration.v26_3.NativeLibrariesBootstrapMixin from mod super_resolution,pl:mixin:APP:super_resolution.mixins.json:gui.GuiGraphicsMixin from mod super_resolution,pl:mixin:APP:super_resolution.mixins.json:gui.GuiRendererDrawAccessor from mod super_resolution,pl:mixin:APP:super_resolution.mixins.json:gui.GuiRendererMixin from mod super_resolution,pl:mixin:APP:super_resolution.mixins.json:lowlatency.v1_20_1.KeyboardHandlerReflexMixin from mod super_resolution,pl:mixin:APP:super_resolution.mixins.json:lowlatency.v1_20_1.MinecraftReflexMixin from mod super_resolution,pl:mixin:APP:super_resolution.mixins.json:lowlatency.v1_20_1.MouseHandlerReflexMixin from mod super_resolution,pl:mixin:APP:super_resolution.mixins.json:lowlatency.v1_20_1.RenderSystemAccessor from mod super_resolution,pl:mixin:APP:super_resolution.mixins.json:lowlatency.v1_21_1.MinecraftReflexMixin from mod super_resolution,pl:mixin:APP:super_resolution.mixins.json:lowlatency.v1_21_11.KeyboardHandlerReflexMixin from mod super_resolution,pl:mixin:APP:super_resolution.mixins.json:lowlatency.v1_21_11.MinecraftReflexMixin from mod super_resolution,pl:mixin:APP:super_resolution.mixins.json:lowlatency.v1_21_11.MouseHandlerReflexMixin from mod super_resolution,pl:mixin:APP:super_resolution.mixins.json:lowlatency.v1_21_11.RenderSystemAccessor from mod super_resolution,pl:mixin:APP:super_resolution.mixins.json:lowlatency.v26_1_x.KeyboardHandlerReflexMixin from mod super_resolution,pl:mixin:APP:super_resolution.mixins.json:lowlatency.v26_1_x.MinecraftReflexMixin from mod super_resolution,pl:mixin:APP:super_resolution.mixins.json:lowlatency.v26_1_x.MouseHandlerReflexMixin from mod super_resolution,pl:mixin:APP:super_resolution.mixins.json:lowlatency.v26_2.KeyboardHandlerReflexMixin from mod super_resolution,pl:mixin:APP:super_resolution.mixins.json:lowlatency.v26_2.MinecraftReflexMixin from mod super_resolution,pl:mixin:APP:super_resolution.mixins.json:lowlatency.v26_2.MouseHandlerReflexMixin from mod super_resolution,pl:mixin:APP:super_resolution.mixins.json:lowlatency.v26_3.KeyboardHandlerReflexMixin from mod super_resolution,pl:mixin:APP:super_resolution.mixins.json:lowlatency.v26_3.MinecraftReflexMixin from mod super_resolution,pl:mixin:APP:super_resolution.mixins.json:lowlatency.v26_3.MouseHandlerReflexMixin from mod super_resolution,pl:mixin:APP:super_resolution.mixins.json:presentation.v1_20_1.VulkanPresentationGameRendererCaptureMixin from mod super_resolution,pl:mixin:APP:super_resolution.mixins.json:presentation.v1_20_1.VulkanPresentationGlDeviceMixin from mod super_resolution,pl:mixin:APP:super_resolution.mixins.json:presentation.v1_20_1.VulkanPresentationMinecraftBackendMixin from mod super_resolution,pl:mixin:APP:super_resolution.mixins.json:presentation.v1_20_1.VulkanPresentationMinecraftCaptureMixin from mod super_resolution,pl:mixin:APP:super_resolution.mixins.json:presentation.v1_20_1.VulkanPresentationWindowMixin from mod super_resolution,pl:mixin:APP:super_resolution.mixins.json:presentation.v1_21_1.VulkanPresentationMinecraftCaptureMixin from mod super_resolution,pl:mixin:APP:super_resolution.mixins.json:presentation.v1_21_11.VulkanPresentationGameRendererCaptureMixin from mod super_resolution,pl:mixin:APP:super_resolution.mixins.json:presentation.v1_21_11.VulkanPresentationGlDeviceMixin from mod super_resolution,pl:mixin:APP:super_resolution.mixins.json:presentation.v1_21_11.VulkanPresentationMinecraftBackendMixin from mod super_resolution,pl:mixin:APP:super_resolution.mixins.json:presentation.v1_21_11.VulkanPresentationMinecraftCaptureMixin from mod super_resolution,pl:mixin:APP:super_resolution.mixins.json:presentation.v1_21_11.VulkanPresentationWindowMixin from mod super_resolution,pl:mixin:APP:super_resolution.mixins.json:presentation.v26_1_x.VulkanPresentationGameRendererCaptureMixin from mod super_resolution,pl:mixin:APP:super_resolution.mixins.json:presentation.v26_1_x.VulkanPresentationGlDeviceMixin from mod super_resolution,pl:mixin:APP:super_resolution.mixins.json:presentation.v26_1_x.VulkanPresentationMinecraftBackendMixin from mod super_resolution,pl:mixin:APP:super_resolution.mixins.json:presentation.v26_1_x.VulkanPresentationMinecraftCaptureMixin from mod super_resolution,pl:mixin:APP:super_resolution.mixins.json:presentation.v26_1_x.VulkanPresentationWindowCloseMixin from mod super_resolution,pl:mixin:APP:super_resolution.mixins.json:presentation.v26_2.VulkanPresentationGameRendererCaptureMixin from mod super_resolution,pl:mixin:APP:super_resolution.mixins.json:presentation.v26_2.VulkanPresentationGlDeviceMixin from mod super_resolution,pl:mixin:APP:super_resolution.mixins.json:presentation.v26_2.VulkanPresentationMinecraftBackendMixin from mod super_resolution,pl:mixin:APP:super_resolution.mixins.json:presentation.v26_2.VulkanPresentationMinecraftCaptureMixin from mod super_resolution,pl:mixin:APP:super_resolution.mixins.json:presentation.v26_2.VulkanPresentationWindowCloseMixin from mod super_resolution,pl:mixin:APP:super_resolution.mixins.json:presentation.v26_3.VulkanPresentationGameRendererCaptureMixin from mod super_resolution,pl:mixin:APP:super_resolution.mixins.json:presentation.v26_3.VulkanPresentationGlDeviceMixin from mod super_resolution,pl:mixin:APP:super_resolution.mixins.json:presentation.v26_3.VulkanPresentationMinecraftBackendMixin from mod super_resolution,pl:mixin:APP:super_resolution.mixins.json:presentation.v26_3.VulkanPresentationMinecraftCaptureMixin from mod super_resolution,pl:mixin:APP:super_resolution.mixins.json:presentation.v26_3.VulkanPresentationWindowCloseMixin from mod super_resolution,pl:mixin:APP:super_resolution-neoforge.mixins.json:neoforge.FuckingValidation1218Mixin from mod super_resolution,pl:mixin:APP:super_resolution-neoforge.mixins.json:neoforge.FuckingValidationMixin from mod super_resolution,pl:mixin:APP:super_resolution_irisapi.mixins.json:composite.before1_21_1.GlStateManagerTextureStateAccessor from mod super_resolution,pl:mixin:APP:architectury.mixins.json:MixinMinecraft from mod architectury,pl:mixin:A,pl:runtimedistcleaner:A}
	at TRANSFORMER/minecraft@1.21.1/net.minecraft.client.Minecraft.onGameLoadFinished(Minecraft.java:650) [neoforge-21.1.219.jar%23172!/:?] {re:mixin,pl:runtimedistcleaner:A,re:classloading,pl:mixin:APP:sodium-common.mixins.json:core.MinecraftMixin from mod sodium,pl:mixin:APP:sodium-neoforge.mixins.json:platform.neoforge.EntrypointMixin from mod sodium,pl:mixin:APP:mixins.iris.json:MixinMinecraft_Images from mod iris,pl:mixin:APP:mixins.iris.json:MixinMinecraft_Keybinds from mod iris,pl:mixin:APP:mixins.iris.json:MixinMinecraft_PipelineManagement from mod iris,pl:mixin:APP:super_resolution.mixins.json:core.GlTextureViewMixin from mod super_resolution,pl:mixin:APP:super_resolution.mixins.json:core.MinecraftMixin from mod super_resolution,pl:mixin:APP:super_resolution.mixins.json:core.accessor.MinecraftAccessor from mod super_resolution,pl:mixin:APP:super_resolution.mixins.json:framegeneration.v1_20_1.GameRendererConstantsMixin from mod super_resolution,pl:mixin:APP:super_resolution.mixins.json:framegeneration.v1_21_11.GameRendererConstantsMixin from mod super_resolution,pl:mixin:APP:super_resolution.mixins.json:framegeneration.v26_1_x.GameRendererConstantsMixin from mod super_resolution,pl:mixin:APP:super_resolution.mixins.json:framegeneration.v26_2.GameRendererConstantsMixin from mod super_resolution,pl:mixin:APP:super_resolution.mixins.json:framegeneration.v26_2.NativeLibrariesBootstrapMixin from mod super_resolution,pl:mixin:APP:super_resolution.mixins.json:framegeneration.v26_3.GameRendererConstantsMixin from mod super_resolution,pl:mixin:APP:super_resolution.mixins.json:framegeneration.v26_3.NativeLibrariesBootstrapMixin from mod super_resolution,pl:mixin:APP:super_resolution.mixins.json:gui.GuiGraphicsMixin from mod super_resolution,pl:mixin:APP:super_resolution.mixins.json:gui.GuiRendererDrawAccessor from mod super_resolution,pl:mixin:APP:super_resolution.mixins.json:gui.GuiRendererMixin from mod super_resolution,pl:mixin:APP:super_resolution.mixins.json:lowlatency.v1_20_1.KeyboardHandlerReflexMixin from mod super_resolution,pl:mixin:APP:super_resolution.mixins.json:lowlatency.v1_20_1.MinecraftReflexMixin from mod super_resolution,pl:mixin:APP:super_resolution.mixins.json:lowlatency.v1_20_1.MouseHandlerReflexMixin from mod super_resolution,pl:mixin:APP:super_resolution.mixins.json:lowlatency.v1_20_1.RenderSystemAccessor from mod super_resolution,pl:mixin:APP:super_resolution.mixins.json:lowlatency.v1_21_1.MinecraftReflexMixin from mod super_resolution,pl:mixin:APP:super_resolution.mixins.json:lowlatency.v1_21_11.KeyboardHandlerReflexMixin from mod super_resolution,pl:mixin:APP:super_resolution.mixins.json:lowlatency.v1_21_11.MinecraftReflexMixin from mod super_resolution,pl:mixin:APP:super_resolution.mixins.json:lowlatency.v1_21_11.MouseHandlerReflexMixin from mod super_resolution,pl:mixin:APP:super_resolution.mixins.json:lowlatency.v1_21_11.RenderSystemAccessor from mod super_resolution,pl:mixin:APP:super_resolution.mixins.json:lowlatency.v26_1_x.KeyboardHandlerReflexMixin from mod super_resolution,pl:mixin:APP:super_resolution.mixins.json:lowlatency.v26_1_x.MinecraftReflexMixin from mod super_resolution,pl:mixin:APP:super_resolution.mixins.json:lowlatency.v26_1_x.MouseHandlerReflexMixin from mod super_resolution,pl:mixin:APP:super_resolution.mixins.json:lowlatency.v26_2.KeyboardHandlerReflexMixin from mod super_resolution,pl:mixin:APP:super_resolution.mixins.json:lowlatency.v26_2.MinecraftReflexMixin from mod super_resolution,pl:mixin:APP:super_resolution.mixins.json:lowlatency.v26_2.MouseHandlerReflexMixin from mod super_resolution,pl:mixin:APP:super_resolution.mixins.json:lowlatency.v26_3.KeyboardHandlerReflexMixin from mod super_resolution,pl:mixin:APP:super_resolution.mixins.json:lowlatency.v26_3.MinecraftReflexMixin from mod super_resolution,pl:mixin:APP:super_resolution.mixins.json:lowlatency.v26_3.MouseHandlerReflexMixin from mod super_resolution,pl:mixin:APP:super_resolution.mixins.json:presentation.v1_20_1.VulkanPresentationGameRendererCaptureMixin from mod super_resolution,pl:mixin:APP:super_resolution.mixins.json:presentation.v1_20_1.VulkanPresentationGlDeviceMixin from mod super_resolution,pl:mixin:APP:super_resolution.mixins.json:presentation.v1_20_1.VulkanPresentationMinecraftBackendMixin from mod super_resolution,pl:mixin:APP:super_resolution.mixins.json:presentation.v1_20_1.VulkanPresentationMinecraftCaptureMixin from mod super_resolution,pl:mixin:APP:super_resolution.mixins.json:presentation.v1_20_1.VulkanPresentationWindowMixin from mod super_resolution,pl:mixin:APP:super_resolution.mixins.json:presentation.v1_21_1.VulkanPresentationMinecraftCaptureMixin from mod super_resolution,pl:mixin:APP:super_resolution.mixins.json:presentation.v1_21_11.VulkanPresentationGameRendererCaptureMixin from mod super_resolution,pl:mixin:APP:super_resolution.mixins.json:presentation.v1_21_11.VulkanPresentationGlDeviceMixin from mod super_resolution,pl:mixin:APP:super_resolution.mixins.json:presentation.v1_21_11.VulkanPresentationMinecraftBackendMixin from mod super_resolution,pl:mixin:APP:super_resolution.mixins.json:presentation.v1_21_11.VulkanPresentationMinecraftCaptureMixin from mod super_resolution,pl:mixin:APP:super_resolution.mixins.json:presentation.v1_21_11.VulkanPresentationWindowMixin from mod super_resolution,pl:mixin:APP:super_resolution.mixins.json:presentation.v26_1_x.VulkanPresentationGameRendererCaptureMixin from mod super_resolution,pl:mixin:APP:super_resolution.mixins.json:presentation.v26_1_x.VulkanPresentationGlDeviceMixin from mod super_resolution,pl:mixin:APP:super_resolution.mixins.json:presentation.v26_1_x.VulkanPresentationMinecraftBackendMixin from mod super_resolution,pl:mixin:APP:super_resolution.mixins.json:presentation.v26_1_x.VulkanPresentationMinecraftCaptureMixin from mod super_resolution,pl:mixin:APP:super_resolution.mixins.json:presentation.v26_1_x.VulkanPresentationWindowCloseMixin from mod super_resolution,pl:mixin:APP:super_resolution.mixins.json:presentation.v26_2.VulkanPresentationGameRendererCaptureMixin from mod super_resolution,pl:mixin:APP:super_resolution.mixins.json:presentation.v26_2.VulkanPresentationGlDeviceMixin from mod super_resolution,pl:mixin:APP:super_resolution.mixins.json:presentation.v26_2.VulkanPresentationMinecraftBackendMixin from mod super_resolution,pl:mixin:APP:super_resolution.mixins.json:presentation.v26_2.VulkanPresentationMinecraftCaptureMixin from mod super_resolution,pl:mixin:APP:super_resolution.mixins.json:presentation.v26_2.VulkanPresentationWindowCloseMixin from mod super_resolution,pl:mixin:APP:super_resolution.mixins.json:presentation.v26_3.VulkanPresentationGameRendererCaptureMixin from mod super_resolution,pl:mixin:APP:super_resolution.mixins.json:presentation.v26_3.VulkanPresentationGlDeviceMixin from mod super_resolution,pl:mixin:APP:super_resolution.mixins.json:presentation.v26_3.VulkanPresentationMinecraftBackendMixin from mod super_resolution,pl:mixin:APP:super_resolution.mixins.json:presentation.v26_3.VulkanPresentationMinecraftCaptureMixin from mod super_resolution,pl:mixin:APP:super_resolution.mixins.json:presentation.v26_3.VulkanPresentationWindowCloseMixin from mod super_resolution,pl:mixin:APP:super_resolution-neoforge.mixins.json:neoforge.FuckingValidation1218Mixin from mod super_resolution,pl:mixin:APP:super_resolution-neoforge.mixins.json:neoforge.FuckingValidationMixin from mod super_resolution,pl:mixin:APP:super_resolution_irisapi.mixins.json:composite.before1_21_1.GlStateManagerTextureStateAccessor from mod super_resolution,pl:mixin:APP:architectury.mixins.json:MixinMinecraft from mod architectury,pl:mixin:A,pl:runtimedistcleaner:A}
	at TRANSFORMER/minecraft@1.21.1/net.minecraft.client.Minecraft.onResourceLoadFinished(Minecraft.java:641) [neoforge-21.1.219.jar%23172!/:?] {re:mixin,pl:runtimedistcleaner:A,re:classloading,pl:mixin:APP:sodium-common.mixins.json:core.MinecraftMixin from mod sodium,pl:mixin:APP:sodium-neoforge.mixins.json:platform.neoforge.EntrypointMixin from mod sodium,pl:mixin:APP:mixins.iris.json:MixinMinecraft_Images from mod iris,pl:mixin:APP:mixins.iris.json:MixinMinecraft_Keybinds from mod iris,pl:mixin:APP:mixins.iris.json:MixinMinecraft_PipelineManagement from mod iris,pl:mixin:APP:super_resolution.mixins.json:core.GlTextureViewMixin from mod super_resolution,pl:mixin:APP:super_resolution.mixins.json:core.MinecraftMixin from mod super_resolution,pl:mixin:APP:super_resolution.mixins.json:core.accessor.MinecraftAccessor from mod super_resolution,pl:mixin:APP:super_resolution.mixins.json:framegeneration.v1_20_1.GameRendererConstantsMixin from mod super_resolution,pl:mixin:APP:super_resolution.mixins.json:framegeneration.v1_21_11.GameRendererConstantsMixin from mod super_resolution,pl:mixin:APP:super_resolution.mixins.json:framegeneration.v26_1_x.GameRendererConstantsMixin from mod super_resolution,pl:mixin:APP:super_resolution.mixins.json:framegeneration.v26_2.GameRendererConstantsMixin from mod super_resolution,pl:mixin:APP:super_resolution.mixins.json:framegeneration.v26_2.NativeLibrariesBootstrapMixin from mod super_resolution,pl:mixin:APP:super_resolution.mixins.json:framegeneration.v26_3.GameRendererConstantsMixin from mod super_resolution,pl:mixin:APP:super_resolution.mixins.json:framegeneration.v26_3.NativeLibrariesBootstrapMixin from mod super_resolution,pl:mixin:APP:super_resolution.mixins.json:gui.GuiGraphicsMixin from mod super_resolution,pl:mixin:APP:super_resolution.mixins.json:gui.GuiRendererDrawAccessor from mod super_resolution,pl:mixin:APP:super_resolution.mixins.json:gui.GuiRendererMixin from mod super_resolution,pl:mixin:APP:super_resolution.mixins.json:lowlatency.v1_20_1.KeyboardHandlerReflexMixin from mod super_resolution,pl:mixin:APP:super_resolution.mixins.json:lowlatency.v1_20_1.MinecraftReflexMixin from mod super_resolution,pl:mixin:APP:super_resolution.mixins.json:lowlatency.v1_20_1.MouseHandlerReflexMixin from mod super_resolution,pl:mixin:APP:super_resolution.mixins.json:lowlatency.v1_20_1.RenderSystemAccessor from mod super_resolution,pl:mixin:APP:super_resolution.mixins.json:lowlatency.v1_21_1.MinecraftReflexMixin from mod super_resolution,pl:mixin:APP:super_resolution.mixins.json:lowlatency.v1_21_11.KeyboardHandlerReflexMixin from mod super_resolution,pl:mixin:APP:super_resolution.mixins.json:lowlatency.v1_21_11.MinecraftReflexMixin from mod super_resolution,pl:mixin:APP:super_resolution.mixins.json:lowlatency.v1_21_11.MouseHandlerReflexMixin from mod super_resolution,pl:mixin:APP:super_resolution.mixins.json:lowlatency.v1_21_11.RenderSystemAccessor from mod super_resolution,pl:mixin:APP:super_resolution.mixins.json:lowlatency.v26_1_x.KeyboardHandlerReflexMixin from mod super_resolution,pl:mixin:APP:super_resolution.mixins.json:lowlatency.v26_1_x.MinecraftReflexMixin from mod super_resolution,pl:mixin:APP:super_resolution.mixins.json:lowlatency.v26_1_x.MouseHandlerReflexMixin from mod super_resolution,pl:mixin:APP:super_resolution.mixins.json:lowlatency.v26_2.KeyboardHandlerReflexMixin from mod super_resolution,pl:mixin:APP:super_resolution.mixins.json:lowlatency.v26_2.MinecraftReflexMixin from mod super_resolution,pl:mixin:APP:super_resolution.mixins.json:lowlatency.v26_2.MouseHandlerReflexMixin from mod super_resolution,pl:mixin:APP:super_resolution.mixins.json:lowlatency.v26_3.KeyboardHandlerReflexMixin from mod super_resolution,pl:mixin:APP:super_resolution.mixins.json:lowlatency.v26_3.MinecraftReflexMixin from mod super_resolution,pl:mixin:APP:super_resolution.mixins.json:lowlatency.v26_3.MouseHandlerReflexMixin from mod super_resolution,pl:mixin:APP:super_resolution.mixins.json:presentation.v1_20_1.VulkanPresentationGameRendererCaptureMixin from mod super_resolution,pl:mixin:APP:super_resolution.mixins.json:presentation.v1_20_1.VulkanPresentationGlDeviceMixin from mod super_resolution,pl:mixin:APP:super_resolution.mixins.json:presentation.v1_20_1.VulkanPresentationMinecraftBackendMixin from mod super_resolution,pl:mixin:APP:super_resolution.mixins.json:presentation.v1_20_1.VulkanPresentationMinecraftCaptureMixin from mod super_resolution,pl:mixin:APP:super_resolution.mixins.json:presentation.v1_20_1.VulkanPresentationWindowMixin from mod super_resolution,pl:mixin:APP:super_resolution.mixins.json:presentation.v1_21_1.VulkanPresentationMinecraftCaptureMixin from mod super_resolution,pl:mixin:APP:super_resolution.mixins.json:presentation.v1_21_11.VulkanPresentationGameRendererCaptureMixin from mod super_resolution,pl:mixin:APP:super_resolution.mixins.json:presentation.v1_21_11.VulkanPresentationGlDeviceMixin from mod super_resolution,pl:mixin:APP:super_resolution.mixins.json:presentation.v1_21_11.VulkanPresentationMinecraftBackendMixin from mod super_resolution,pl:mixin:APP:super_resolution.mixins.json:presentation.v1_21_11.VulkanPresentationMinecraftCaptureMixin from mod super_resolution,pl:mixin:APP:super_resolution.mixins.json:presentation.v1_21_11.VulkanPresentationWindowMixin from mod super_resolution,pl:mixin:APP:super_resolution.mixins.json:presentation.v26_1_x.VulkanPresentationGameRendererCaptureMixin from mod super_resolution,pl:mixin:APP:super_resolution.mixins.json:presentation.v26_1_x.VulkanPresentationGlDeviceMixin from mod super_resolution,pl:mixin:APP:super_resolution.mixins.json:presentation.v26_1_x.VulkanPresentationMinecraftBackendMixin from mod super_resolution,pl:mixin:APP:super_resolution.mixins.json:presentation.v26_1_x.VulkanPresentationMinecraftCaptureMixin from mod super_resolution,pl:mixin:APP:super_resolution.mixins.json:presentation.v26_1_x.VulkanPresentationWindowCloseMixin from mod super_resolution,pl:mixin:APP:super_resolution.mixins.json:presentation.v26_2.VulkanPresentationGameRendererCaptureMixin from mod super_resolution,pl:mixin:APP:super_resolution.mixins.json:presentation.v26_2.VulkanPresentationGlDeviceMixin from mod super_resolution,pl:mixin:APP:super_resolution.mixins.json:presentation.v26_2.VulkanPresentationMinecraftBackendMixin from mod super_resolution,pl:mixin:APP:super_resolution.mixins.json:presentation.v26_2.VulkanPresentationMinecraftCaptureMixin from mod super_resolution,pl:mixin:APP:super_resolution.mixins.json:presentation.v26_2.VulkanPresentationWindowCloseMixin from mod super_resolution,pl:mixin:APP:super_resolution.mixins.json:presentation.v26_3.VulkanPresentationGameRendererCaptureMixin from mod super_resolution,pl:mixin:APP:super_resolution.mixins.json:presentation.v26_3.VulkanPresentationGlDeviceMixin from mod super_resolution,pl:mixin:APP:super_resolution.mixins.json:presentation.v26_3.VulkanPresentationMinecraftBackendMixin from mod super_resolution,pl:mixin:APP:super_resolution.mixins.json:presentation.v26_3.VulkanPresentationMinecraftCaptureMixin from mod super_resolution,pl:mixin:APP:super_resolution.mixins.json:presentation.v26_3.VulkanPresentationWindowCloseMixin from mod super_resolution,pl:mixin:APP:super_resolution-neoforge.mixins.json:neoforge.FuckingValidation1218Mixin from mod super_resolution,pl:mixin:APP:super_resolution-neoforge.mixins.json:neoforge.FuckingValidationMixin from mod super_resolution,pl:mixin:APP:super_resolution_irisapi.mixins.json:composite.before1_21_1.GlStateManagerTextureStateAccessor from mod super_resolution,pl:mixin:APP:architectury.mixins.json:MixinMinecraft from mod architectury,pl:mixin:A,pl:runtimedistcleaner:A}
	at TRANSFORMER/minecraft@1.21.1/net.minecraft.client.Minecraft.lambda$new$7(Minecraft.java:629) [neoforge-21.1.219.jar%23172!/:?] {re:mixin,pl:runtimedistcleaner:A,re:classloading,pl:mixin:APP:sodium-common.mixins.json:core.MinecraftMixin from mod sodium,pl:mixin:APP:sodium-neoforge.mixins.json:platform.neoforge.EntrypointMixin from mod sodium,pl:mixin:APP:mixins.iris.json:MixinMinecraft_Images from mod iris,pl:mixin:APP:mixins.iris.json:MixinMinecraft_Keybinds from mod iris,pl:mixin:APP:mixins.iris.json:MixinMinecraft_PipelineManagement from mod iris,pl:mixin:APP:super_resolution.mixins.json:core.GlTextureViewMixin from mod super_resolution,pl:mixin:APP:super_resolution.mixins.json:core.MinecraftMixin from mod super_resolution,pl:mixin:APP:super_resolution.mixins.json:core.accessor.MinecraftAccessor from mod super_resolution,pl:mixin:APP:super_resolution.mixins.json:framegeneration.v1_20_1.GameRendererConstantsMixin from mod super_resolution,pl:mixin:APP:super_resolution.mixins.json:framegeneration.v1_21_11.GameRendererConstantsMixin from mod super_resolution,pl:mixin:APP:super_resolution.mixins.json:framegeneration.v26_1_x.GameRendererConstantsMixin from mod super_resolution,pl:mixin:APP:super_resolution.mixins.json:framegeneration.v26_2.GameRendererConstantsMixin from mod super_resolution,pl:mixin:APP:super_resolution.mixins.json:framegeneration.v26_2.NativeLibrariesBootstrapMixin from mod super_resolution,pl:mixin:APP:super_resolution.mixins.json:framegeneration.v26_3.GameRendererConstantsMixin from mod super_resolution,pl:mixin:APP:super_resolution.mixins.json:framegeneration.v26_3.NativeLibrariesBootstrapMixin from mod super_resolution,pl:mixin:APP:super_resolution.mixins.json:gui.GuiGraphicsMixin from mod super_resolution,pl:mixin:APP:super_resolution.mixins.json:gui.GuiRendererDrawAccessor from mod super_resolution,pl:mixin:APP:super_resolution.mixins.json:gui.GuiRendererMixin from mod super_resolution,pl:mixin:APP:super_resolution.mixins.json:lowlatency.v1_20_1.KeyboardHandlerReflexMixin from mod super_resolution,pl:mixin:APP:super_resolution.mixins.json:lowlatency.v1_20_1.MinecraftReflexMixin from mod super_resolution,pl:mixin:APP:super_resolution.mixins.json:lowlatency.v1_20_1.MouseHandlerReflexMixin from mod super_resolution,pl:mixin:APP:super_resolution.mixins.json:lowlatency.v1_20_1.RenderSystemAccessor from mod super_resolution,pl:mixin:APP:super_resolution.mixins.json:lowlatency.v1_21_1.MinecraftReflexMixin from mod super_resolution,pl:mixin:APP:super_resolution.mixins.json:lowlatency.v1_21_11.KeyboardHandlerReflexMixin from mod super_resolution,pl:mixin:APP:super_resolution.mixins.json:lowlatency.v1_21_11.MinecraftReflexMixin from mod super_resolution,pl:mixin:APP:super_resolution.mixins.json:lowlatency.v1_21_11.MouseHandlerReflexMixin from mod super_resolution,pl:mixin:APP:super_resolution.mixins.json:lowlatency.v1_21_11.RenderSystemAccessor from mod super_resolution,pl:mixin:APP:super_resolution.mixins.json:lowlatency.v26_1_x.KeyboardHandlerReflexMixin from mod super_resolution,pl:mixin:APP:super_resolution.mixins.json:lowlatency.v26_1_x.MinecraftReflexMixin from mod super_resolution,pl:mixin:APP:super_resolution.mixins.json:lowlatency.v26_1_x.MouseHandlerReflexMixin from mod super_resolution,pl:mixin:APP:super_resolution.mixins.json:lowlatency.v26_2.KeyboardHandlerReflexMixin from mod super_resolution,pl:mixin:APP:super_resolution.mixins.json:lowlatency.v26_2.MinecraftReflexMixin from mod super_resolution,pl:mixin:APP:super_resolution.mixins.json:lowlatency.v26_2.MouseHandlerReflexMixin from mod super_resolution,pl:mixin:APP:super_resolution.mixins.json:lowlatency.v26_3.KeyboardHandlerReflexMixin from mod super_resolution,pl:mixin:APP:super_resolution.mixins.json:lowlatency.v26_3.MinecraftReflexMixin from mod super_resolution,pl:mixin:APP:super_resolution.mixins.json:lowlatency.v26_3.MouseHandlerReflexMixin from mod super_resolution,pl:mixin:APP:super_resolution.mixins.json:presentation.v1_20_1.VulkanPresentationGameRendererCaptureMixin from mod super_resolution,pl:mixin:APP:super_resolution.mixins.json:presentation.v1_20_1.VulkanPresentationGlDeviceMixin from mod super_resolution,pl:mixin:APP:super_resolution.mixins.json:presentation.v1_20_1.VulkanPresentationMinecraftBackendMixin from mod super_resolution,pl:mixin:APP:super_resolution.mixins.json:presentation.v1_20_1.VulkanPresentationMinecraftCaptureMixin from mod super_resolution,pl:mixin:APP:super_resolution.mixins.json:presentation.v1_20_1.VulkanPresentationWindowMixin from mod super_resolution,pl:mixin:APP:super_resolution.mixins.json:presentation.v1_21_1.VulkanPresentationMinecraftCaptureMixin from mod super_resolution,pl:mixin:APP:super_resolution.mixins.json:presentation.v1_21_11.VulkanPresentationGameRendererCaptureMixin from mod super_resolution,pl:mixin:APP:super_resolution.mixins.json:presentation.v1_21_11.VulkanPresentationGlDeviceMixin from mod super_resolution,pl:mixin:APP:super_resolution.mixins.json:presentation.v1_21_11.VulkanPresentationMinecraftBackendMixin from mod super_resolution,pl:mixin:APP:super_resolution.mixins.json:presentation.v1_21_11.VulkanPresentationMinecraftCaptureMixin from mod super_resolution,pl:mixin:APP:super_resolution.mixins.json:presentation.v1_21_11.VulkanPresentationWindowMixin from mod super_resolution,pl:mixin:APP:super_resolution.mixins.json:presentation.v26_1_x.VulkanPresentationGameRendererCaptureMixin from mod super_resolution,pl:mixin:APP:super_resolution.mixins.json:presentation.v26_1_x.VulkanPresentationGlDeviceMixin from mod super_resolution,pl:mixin:APP:super_resolution.mixins.json:presentation.v26_1_x.VulkanPresentationMinecraftBackendMixin from mod super_resolution,pl:mixin:APP:super_resolution.mixins.json:presentation.v26_1_x.VulkanPresentationMinecraftCaptureMixin from mod super_resolution,pl:mixin:APP:super_resolution.mixins.json:presentation.v26_1_x.VulkanPresentationWindowCloseMixin from mod super_resolution,pl:mixin:APP:super_resolution.mixins.json:presentation.v26_2.VulkanPresentationGameRendererCaptureMixin from mod super_resolution,pl:mixin:APP:super_resolution.mixins.json:presentation.v26_2.VulkanPresentationGlDeviceMixin from mod super_resolution,pl:mixin:APP:super_resolution.mixins.json:presentation.v26_2.VulkanPresentationMinecraftBackendMixin from mod super_resolution,pl:mixin:APP:super_resolution.mixins.json:presentation.v26_2.VulkanPresentationMinecraftCaptureMixin from mod super_resolution,pl:mixin:APP:super_resolution.mixins.json:presentation.v26_2.VulkanPresentationWindowCloseMixin from mod super_resolution,pl:mixin:APP:super_resolution.mixins.json:presentation.v26_3.VulkanPresentationGameRendererCaptureMixin from mod super_resolution,pl:mixin:APP:super_resolution.mixins.json:presentation.v26_3.VulkanPresentationGlDeviceMixin from mod super_resolution,pl:mixin:APP:super_resolution.mixins.json:presentation.v26_3.VulkanPresentationMinecraftBackendMixin from mod super_resolution,pl:mixin:APP:super_resolution.mixins.json:presentation.v26_3.VulkanPresentationMinecraftCaptureMixin from mod super_resolution,pl:mixin:APP:super_resolution.mixins.json:presentation.v26_3.VulkanPresentationWindowCloseMixin from mod super_resolution,pl:mixin:APP:super_resolution-neoforge.mixins.json:neoforge.FuckingValidation1218Mixin from mod super_resolution,pl:mixin:APP:super_resolution-neoforge.mixins.json:neoforge.FuckingValidationMixin from mod super_resolution,pl:mixin:APP:super_resolution_irisapi.mixins.json:composite.before1_21_1.GlStateManagerTextureStateAccessor from mod super_resolution,pl:mixin:APP:architectury.mixins.json:MixinMinecraft from mod architectury,pl:mixin:A,pl:runtimedistcleaner:A}
	at TRANSFORMER/minecraft@1.21.1/net.minecraft.Util.ifElse(Util.java:513) [neoforge-21.1.219.jar%23172!/:?] {re:classloading,re:mixin}
	at TRANSFORMER/minecraft@1.21.1/net.minecraft.client.Minecraft.lambda$new$8(Minecraft.java:623) [neoforge-21.1.219.jar%23172!/:?] {re:mixin,pl:runtimedistcleaner:A,re:classloading,pl:mixin:APP:sodium-common.mixins.json:core.MinecraftMixin from mod sodium,pl:mixin:APP:sodium-neoforge.mixins.json:platform.neoforge.EntrypointMixin from mod sodium,pl:mixin:APP:mixins.iris.json:MixinMinecraft_Images from mod iris,pl:mixin:APP:mixins.iris.json:MixinMinecraft_Keybinds from mod iris,pl:mixin:APP:mixins.iris.json:MixinMinecraft_PipelineManagement from mod iris,pl:mixin:APP:super_resolution.mixins.json:core.GlTextureViewMixin from mod super_resolution,pl:mixin:APP:super_resolution.mixins.json:core.MinecraftMixin from mod super_resolution,pl:mixin:APP:super_resolution.mixins.json:core.accessor.MinecraftAccessor from mod super_resolution,pl:mixin:APP:super_resolution.mixins.json:framegeneration.v1_20_1.GameRendererConstantsMixin from mod super_resolution,pl:mixin:APP:super_resolution.mixins.json:framegeneration.v1_21_11.GameRendererConstantsMixin from mod super_resolution,pl:mixin:APP:super_resolution.mixins.json:framegeneration.v26_1_x.GameRendererConstantsMixin from mod super_resolution,pl:mixin:APP:super_resolution.mixins.json:framegeneration.v26_2.GameRendererConstantsMixin from mod super_resolution,pl:mixin:APP:super_resolution.mixins.json:framegeneration.v26_2.NativeLibrariesBootstrapMixin from mod super_resolution,pl:mixin:APP:super_resolution.mixins.json:framegeneration.v26_3.GameRendererConstantsMixin from mod super_resolution,pl:mixin:APP:super_resolution.mixins.json:framegeneration.v26_3.NativeLibrariesBootstrapMixin from mod super_resolution,pl:mixin:APP:super_resolution.mixins.json:gui.GuiGraphicsMixin from mod super_resolution,pl:mixin:APP:super_resolution.mixins.json:gui.GuiRendererDrawAccessor from mod super_resolution,pl:mixin:APP:super_resolution.mixins.json:gui.GuiRendererMixin from mod super_resolution,pl:mixin:APP:super_resolution.mixins.json:lowlatency.v1_20_1.KeyboardHandlerReflexMixin from mod super_resolution,pl:mixin:APP:super_resolution.mixins.json:lowlatency.v1_20_1.MinecraftReflexMixin from mod super_resolution,pl:mixin:APP:super_resolution.mixins.json:lowlatency.v1_20_1.MouseHandlerReflexMixin from mod super_resolution,pl:mixin:APP:super_resolution.mixins.json:lowlatency.v1_20_1.RenderSystemAccessor from mod super_resolution,pl:mixin:APP:super_resolution.mixins.json:lowlatency.v1_21_1.MinecraftReflexMixin from mod super_resolution,pl:mixin:APP:super_resolution.mixins.json:lowlatency.v1_21_11.KeyboardHandlerReflexMixin from mod super_resolution,pl:mixin:APP:super_resolution.mixins.json:lowlatency.v1_21_11.MinecraftReflexMixin from mod super_resolution,pl:mixin:APP:super_resolution.mixins.json:lowlatency.v1_21_11.MouseHandlerReflexMixin from mod super_resolution,pl:mixin:APP:super_resolution.mixins.json:lowlatency.v1_21_11.RenderSystemAccessor from mod super_resolution,pl:mixin:APP:super_resolution.mixins.json:lowlatency.v26_1_x.KeyboardHandlerReflexMixin from mod super_resolution,pl:mixin:APP:super_resolution.mixins.json:lowlatency.v26_1_x.MinecraftReflexMixin from mod super_resolution,pl:mixin:APP:super_resolution.mixins.json:lowlatency.v26_1_x.MouseHandlerReflexMixin from mod super_resolution,pl:mixin:APP:super_resolution.mixins.json:lowlatency.v26_2.KeyboardHandlerReflexMixin from mod super_resolution,pl:mixin:APP:super_resolution.mixins.json:lowlatency.v26_2.MinecraftReflexMixin from mod super_resolution,pl:mixin:APP:super_resolution.mixins.json:lowlatency.v26_2.MouseHandlerReflexMixin from mod super_resolution,pl:mixin:APP:super_resolution.mixins.json:lowlatency.v26_3.KeyboardHandlerReflexMixin from mod super_resolution,pl:mixin:APP:super_resolution.mixins.json:lowlatency.v26_3.MinecraftReflexMixin from mod super_resolution,pl:mixin:APP:super_resolution.mixins.json:lowlatency.v26_3.MouseHandlerReflexMixin from mod super_resolution,pl:mixin:APP:super_resolution.mixins.json:presentation.v1_20_1.VulkanPresentationGameRendererCaptureMixin from mod super_resolution,pl:mixin:APP:super_resolution.mixins.json:presentation.v1_20_1.VulkanPresentationGlDeviceMixin from mod super_resolution,pl:mixin:APP:super_resolution.mixins.json:presentation.v1_20_1.VulkanPresentationMinecraftBackendMixin from mod super_resolution,pl:mixin:APP:super_resolution.mixins.json:presentation.v1_20_1.VulkanPresentationMinecraftCaptureMixin from mod super_resolution,pl:mixin:APP:super_resolution.mixins.json:presentation.v1_20_1.VulkanPresentationWindowMixin from mod super_resolution,pl:mixin:APP:super_resolution.mixins.json:presentation.v1_21_1.VulkanPresentationMinecraftCaptureMixin from mod super_resolution,pl:mixin:APP:super_resolution.mixins.json:presentation.v1_21_11.VulkanPresentationGameRendererCaptureMixin from mod super_resolution,pl:mixin:APP:super_resolution.mixins.json:presentation.v1_21_11.VulkanPresentationGlDeviceMixin from mod super_resolution,pl:mixin:APP:super_resolution.mixins.json:presentation.v1_21_11.VulkanPresentationMinecraftBackendMixin from mod super_resolution,pl:mixin:APP:super_resolution.mixins.json:presentation.v1_21_11.VulkanPresentationMinecraftCaptureMixin from mod super_resolution,pl:mixin:APP:super_resolution.mixins.json:presentation.v1_21_11.VulkanPresentationWindowMixin from mod super_resolution,pl:mixin:APP:super_resolution.mixins.json:presentation.v26_1_x.VulkanPresentationGameRendererCaptureMixin from mod super_resolution,pl:mixin:APP:super_resolution.mixins.json:presentation.v26_1_x.VulkanPresentationGlDeviceMixin from mod super_resolution,pl:mixin:APP:super_resolution.mixins.json:presentation.v26_1_x.VulkanPresentationMinecraftBackendMixin from mod super_resolution,pl:mixin:APP:super_resolution.mixins.json:presentation.v26_1_x.VulkanPresentationMinecraftCaptureMixin from mod super_resolution,pl:mixin:APP:super_resolution.mixins.json:presentation.v26_1_x.VulkanPresentationWindowCloseMixin from mod super_resolution,pl:mixin:APP:super_resolution.mixins.json:presentation.v26_2.VulkanPresentationGameRendererCaptureMixin from mod super_resolution,pl:mixin:APP:super_resolution.mixins.json:presentation.v26_2.VulkanPresentationGlDeviceMixin from mod super_resolution,pl:mixin:APP:super_resolution.mixins.json:presentation.v26_2.VulkanPresentationMinecraftBackendMixin from mod super_resolution,pl:mixin:APP:super_resolution.mixins.json:presentation.v26_2.VulkanPresentationMinecraftCaptureMixin from mod super_resolution,pl:mixin:APP:super_resolution.mixins.json:presentation.v26_2.VulkanPresentationWindowCloseMixin from mod super_resolution,pl:mixin:APP:super_resolution.mixins.json:presentation.v26_3.VulkanPresentationGameRendererCaptureMixin from mod super_resolution,pl:mixin:APP:super_resolution.mixins.json:presentation.v26_3.VulkanPresentationGlDeviceMixin from mod super_resolution,pl:mixin:APP:super_resolution.mixins.json:presentation.v26_3.VulkanPresentationMinecraftBackendMixin from mod super_resolution,pl:mixin:APP:super_resolution.mixins.json:presentation.v26_3.VulkanPresentationMinecraftCaptureMixin from mod super_resolution,pl:mixin:APP:super_resolution.mixins.json:presentation.v26_3.VulkanPresentationWindowCloseMixin from mod super_resolution,pl:mixin:APP:super_resolution-neoforge.mixins.json:neoforge.FuckingValidation1218Mixin from mod super_resolution,pl:mixin:APP:super_resolution-neoforge.mixins.json:neoforge.FuckingValidationMixin from mod super_resolution,pl:mixin:APP:super_resolution_irisapi.mixins.json:composite.before1_21_1.GlStateManagerTextureStateAccessor from mod super_resolution,pl:mixin:APP:architectury.mixins.json:MixinMinecraft from mod architectury,pl:mixin:A,pl:runtimedistcleaner:A}
	at TRANSFORMER/minecraft@1.21.1/net.minecraft.client.gui.screens.LoadingOverlay.render(LoadingOverlay.java:139) [neoforge-21.1.219.jar%23172!/:?] {re:classloading,pl:runtimedistcleaner:A}
	at TRANSFORMER/minecraft@1.21.1/net.minecraft.client.renderer.GameRenderer.render(GameRenderer.java:1081) [neoforge-21.1.219.jar%23172!/:?] {re:mixin,pl:accesstransformer:B,pl:runtimedistcleaner:A,re:classloading,pl:accesstransformer:B,pl:mixin:A,pl:runtimedistcleaner:A}
	at TRANSFORMER/minecraft@1.21.1/net.minecraft.client.Minecraft.runTick(Minecraft.java:1195) [neoforge-21.1.219.jar%23172!/:?] {re:mixin,pl:runtimedistcleaner:A,re:classloading,pl:mixin:APP:sodium-common.mixins.json:core.MinecraftMixin from mod sodium,pl:mixin:APP:sodium-neoforge.mixins.json:platform.neoforge.EntrypointMixin from mod sodium,pl:mixin:APP:mixins.iris.json:MixinMinecraft_Images from mod iris,pl:mixin:APP:mixins.iris.json:MixinMinecraft_Keybinds from mod iris,pl:mixin:APP:mixins.iris.json:MixinMinecraft_PipelineManagement from mod iris,pl:mixin:APP:super_resolution.mixins.json:core.GlTextureViewMixin from mod super_resolution,pl:mixin:APP:super_resolution.mixins.json:core.MinecraftMixin from mod super_resolution,pl:mixin:APP:super_resolution.mixins.json:core.accessor.MinecraftAccessor from mod super_resolution,pl:mixin:APP:super_resolution.mixins.json:framegeneration.v1_20_1.GameRendererConstantsMixin from mod super_resolution,pl:mixin:APP:super_resolution.mixins.json:framegeneration.v1_21_11.GameRendererConstantsMixin from mod super_resolution,pl:mixin:APP:super_resolution.mixins.json:framegeneration.v26_1_x.GameRendererConstantsMixin from mod super_resolution,pl:mixin:APP:super_resolution.mixins.json:framegeneration.v26_2.GameRendererConstantsMixin from mod super_resolution,pl:mixin:APP:super_resolution.mixins.json:framegeneration.v26_2.NativeLibrariesBootstrapMixin from mod super_resolution,pl:mixin:APP:super_resolution.mixins.json:framegeneration.v26_3.GameRendererConstantsMixin from mod super_resolution,pl:mixin:APP:super_resolution.mixins.json:framegeneration.v26_3.NativeLibrariesBootstrapMixin from mod super_resolution,pl:mixin:APP:super_resolution.mixins.json:gui.GuiGraphicsMixin from mod super_resolution,pl:mixin:APP:super_resolution.mixins.json:gui.GuiRendererDrawAccessor from mod super_resolution,pl:mixin:APP:super_resolution.mixins.json:gui.GuiRendererMixin from mod super_resolution,pl:mixin:APP:super_resolution.mixins.json:lowlatency.v1_20_1.KeyboardHandlerReflexMixin from mod super_resolution,pl:mixin:APP:super_resolution.mixins.json:lowlatency.v1_20_1.MinecraftReflexMixin from mod super_resolution,pl:mixin:APP:super_resolution.mixins.json:lowlatency.v1_20_1.MouseHandlerReflexMixin from mod super_resolution,pl:mixin:APP:super_resolution.mixins.json:lowlatency.v1_20_1.RenderSystemAccessor from mod super_resolution,pl:mixin:APP:super_resolution.mixins.json:lowlatency.v1_21_1.MinecraftReflexMixin from mod super_resolution,pl:mixin:APP:super_resolution.mixins.json:lowlatency.v1_21_11.KeyboardHandlerReflexMixin from mod super_resolution,pl:mixin:APP:super_resolution.mixins.json:lowlatency.v1_21_11.MinecraftReflexMixin from mod super_resolution,pl:mixin:APP:super_resolution.mixins.json:lowlatency.v1_21_11.MouseHandlerReflexMixin from mod super_resolution,pl:mixin:APP:super_resolution.mixins.json:lowlatency.v1_21_11.RenderSystemAccessor from mod super_resolution,pl:mixin:APP:super_resolution.mixins.json:lowlatency.v26_1_x.KeyboardHandlerReflexMixin from mod super_resolution,pl:mixin:APP:super_resolution.mixins.json:lowlatency.v26_1_x.MinecraftReflexMixin from mod super_resolution,pl:mixin:APP:super_resolution.mixins.json:lowlatency.v26_1_x.MouseHandlerReflexMixin from mod super_resolution,pl:mixin:APP:super_resolution.mixins.json:lowlatency.v26_2.KeyboardHandlerReflexMixin from mod super_resolution,pl:mixin:APP:super_resolution.mixins.json:lowlatency.v26_2.MinecraftReflexMixin from mod super_resolution,pl:mixin:APP:super_resolution.mixins.json:lowlatency.v26_2.MouseHandlerReflexMixin from mod super_resolution,pl:mixin:APP:super_resolution.mixins.json:lowlatency.v26_3.KeyboardHandlerReflexMixin from mod super_resolution,pl:mixin:APP:super_resolution.mixins.json:lowlatency.v26_3.MinecraftReflexMixin from mod super_resolution,pl:mixin:APP:super_resolution.mixins.json:lowlatency.v26_3.MouseHandlerReflexMixin from mod super_resolution,pl:mixin:APP:super_resolution.mixins.json:presentation.v1_20_1.VulkanPresentationGameRendererCaptureMixin from mod super_resolution,pl:mixin:APP:super_resolution.mixins.json:presentation.v1_20_1.VulkanPresentationGlDeviceMixin from mod super_resolution,pl:mixin:APP:super_resolution.mixins.json:presentation.v1_20_1.VulkanPresentationMinecraftBackendMixin from mod super_resolution,pl:mixin:APP:super_resolution.mixins.json:presentation.v1_20_1.VulkanPresentationMinecraftCaptureMixin from mod super_resolution,pl:mixin:APP:super_resolution.mixins.json:presentation.v1_20_1.VulkanPresentationWindowMixin from mod super_resolution,pl:mixin:APP:super_resolution.mixins.json:presentation.v1_21_1.VulkanPresentationMinecraftCaptureMixin from mod super_resolution,pl:mixin:APP:super_resolution.mixins.json:presentation.v1_21_11.VulkanPresentationGameRendererCaptureMixin from mod super_resolution,pl:mixin:APP:super_resolution.mixins.json:presentation.v1_21_11.VulkanPresentationGlDeviceMixin from mod super_resolution,pl:mixin:APP:super_resolution.mixins.json:presentation.v1_21_11.VulkanPresentationMinecraftBackendMixin from mod super_resolution,pl:mixin:APP:super_resolution.mixins.json:presentation.v1_21_11.VulkanPresentationMinecraftCaptureMixin from mod super_resolution,pl:mixin:APP:super_resolution.mixins.json:presentation.v1_21_11.VulkanPresentationWindowMixin from mod super_resolution,pl:mixin:APP:super_resolution.mixins.json:presentation.v26_1_x.VulkanPresentationGameRendererCaptureMixin from mod super_resolution,pl:mixin:APP:super_resolution.mixins.json:presentation.v26_1_x.VulkanPresentationGlDeviceMixin from mod super_resolution,pl:mixin:APP:super_resolution.mixins.json:presentation.v26_1_x.VulkanPresentationMinecraftBackendMixin from mod super_resolution,pl:mixin:APP:super_resolution.mixins.json:presentation.v26_1_x.VulkanPresentationMinecraftCaptureMixin from mod super_resolution,pl:mixin:APP:super_resolution.mixins.json:presentation.v26_1_x.VulkanPresentationWindowCloseMixin from mod super_resolution,pl:mixin:APP:super_resolution.mixins.json:presentation.v26_2.VulkanPresentationGameRendererCaptureMixin from mod super_resolution,pl:mixin:APP:super_resolution.mixins.json:presentation.v26_2.VulkanPresentationGlDeviceMixin from mod super_resolution,pl:mixin:APP:super_resolution.mixins.json:presentation.v26_2.VulkanPresentationMinecraftBackendMixin from mod super_resolution,pl:mixin:APP:super_resolution.mixins.json:presentation.v26_2.VulkanPresentationMinecraftCaptureMixin from mod super_resolution,pl:mixin:APP:super_resolution.mixins.json:presentation.v26_2.VulkanPresentationWindowCloseMixin from mod super_resolution,pl:mixin:APP:super_resolution.mixins.json:presentation.v26_3.VulkanPresentationGameRendererCaptureMixin from mod super_resolution,pl:mixin:APP:super_resolution.mixins.json:presentation.v26_3.VulkanPresentationGlDeviceMixin from mod super_resolution,pl:mixin:APP:super_resolution.mixins.json:presentation.v26_3.VulkanPresentationMinecraftBackendMixin from mod super_resolution,pl:mixin:APP:super_resolution.mixins.json:presentation.v26_3.VulkanPresentationMinecraftCaptureMixin from mod super_resolution,pl:mixin:APP:super_resolution.mixins.json:presentation.v26_3.VulkanPresentationWindowCloseMixin from mod super_resolution,pl:mixin:APP:super_resolution-neoforge.mixins.json:neoforge.FuckingValidation1218Mixin from mod super_resolution,pl:mixin:APP:super_resolution-neoforge.mixins.json:neoforge.FuckingValidationMixin from mod super_resolution,pl:mixin:APP:super_resolution_irisapi.mixins.json:composite.before1_21_1.GlStateManagerTextureStateAccessor from mod super_resolution,pl:mixin:APP:architectury.mixins.json:MixinMinecraft from mod architectury,pl:mixin:A,pl:runtimedistcleaner:A}
	at TRANSFORMER/minecraft@1.21.1/net.minecraft.client.Minecraft.run(Minecraft.java:807) [neoforge-21.1.219.jar%23172!/:?] {re:mixin,pl:runtimedistcleaner:A,re:classloading,pl:mixin:APP:sodium-common.mixins.json:core.MinecraftMixin from mod sodium,pl:mixin:APP:sodium-neoforge.mixins.json:platform.neoforge.EntrypointMixin from mod sodium,pl:mixin:APP:mixins.iris.json:MixinMinecraft_Images from mod iris,pl:mixin:APP:mixins.iris.json:MixinMinecraft_Keybinds from mod iris,pl:mixin:APP:mixins.iris.json:MixinMinecraft_PipelineManagement from mod iris,pl:mixin:APP:super_resolution.mixins.json:core.GlTextureViewMixin from mod super_resolution,pl:mixin:APP:super_resolution.mixins.json:core.MinecraftMixin from mod super_resolution,pl:mixin:APP:super_resolution.mixins.json:core.accessor.MinecraftAccessor from mod super_resolution,pl:mixin:APP:super_resolution.mixins.json:framegeneration.v1_20_1.GameRendererConstantsMixin from mod super_resolution,pl:mixin:APP:super_resolution.mixins.json:framegeneration.v1_21_11.GameRendererConstantsMixin from mod super_resolution,pl:mixin:APP:super_resolution.mixins.json:framegeneration.v26_1_x.GameRendererConstantsMixin from mod super_resolution,pl:mixin:APP:super_resolution.mixins.json:framegeneration.v26_2.GameRendererConstantsMixin from mod super_resolution,pl:mixin:APP:super_resolution.mixins.json:framegeneration.v26_2.NativeLibrariesBootstrapMixin from mod super_resolution,pl:mixin:APP:super_resolution.mixins.json:framegeneration.v26_3.GameRendererConstantsMixin from mod super_resolution,pl:mixin:APP:super_resolution.mixins.json:framegeneration.v26_3.NativeLibrariesBootstrapMixin from mod super_resolution,pl:mixin:APP:super_resolution.mixins.json:gui.GuiGraphicsMixin from mod super_resolution,pl:mixin:APP:super_resolution.mixins.json:gui.GuiRendererDrawAccessor from mod super_resolution,pl:mixin:APP:super_resolution.mixins.json:gui.GuiRendererMixin from mod super_resolution,pl:mixin:APP:super_resolution.mixins.json:lowlatency.v1_20_1.KeyboardHandlerReflexMixin from mod super_resolution,pl:mixin:APP:super_resolution.mixins.json:lowlatency.v1_20_1.MinecraftReflexMixin from mod super_resolution,pl:mixin:APP:super_resolution.mixins.json:lowlatency.v1_20_1.MouseHandlerReflexMixin from mod super_resolution,pl:mixin:APP:super_resolution.mixins.json:lowlatency.v1_20_1.RenderSystemAccessor from mod super_resolution,pl:mixin:APP:super_resolution.mixins.json:lowlatency.v1_21_1.MinecraftReflexMixin from mod super_resolution,pl:mixin:APP:super_resolution.mixins.json:lowlatency.v1_21_11.KeyboardHandlerReflexMixin from mod super_resolution,pl:mixin:APP:super_resolution.mixins.json:lowlatency.v1_21_11.MinecraftReflexMixin from mod super_resolution,pl:mixin:APP:super_resolution.mixins.json:lowlatency.v1_21_11.MouseHandlerReflexMixin from mod super_resolution,pl:mixin:APP:super_resolution.mixins.json:lowlatency.v1_21_11.RenderSystemAccessor from mod super_resolution,pl:mixin:APP:super_resolution.mixins.json:lowlatency.v26_1_x.KeyboardHandlerReflexMixin from mod super_resolution,pl:mixin:APP:super_resolution.mixins.json:lowlatency.v26_1_x.MinecraftReflexMixin from mod super_resolution,pl:mixin:APP:super_resolution.mixins.json:lowlatency.v26_1_x.MouseHandlerReflexMixin from mod super_resolution,pl:mixin:APP:super_resolution.mixins.json:lowlatency.v26_2.KeyboardHandlerReflexMixin from mod super_resolution,pl:mixin:APP:super_resolution.mixins.json:lowlatency.v26_2.MinecraftReflexMixin from mod super_resolution,pl:mixin:APP:super_resolution.mixins.json:lowlatency.v26_2.MouseHandlerReflexMixin from mod super_resolution,pl:mixin:APP:super_resolution.mixins.json:lowlatency.v26_3.KeyboardHandlerReflexMixin from mod super_resolution,pl:mixin:APP:super_resolution.mixins.json:lowlatency.v26_3.MinecraftReflexMixin from mod super_resolution,pl:mixin:APP:super_resolution.mixins.json:lowlatency.v26_3.MouseHandlerReflexMixin from mod super_resolution,pl:mixin:APP:super_resolution.mixins.json:presentation.v1_20_1.VulkanPresentationGameRendererCaptureMixin from mod super_resolution,pl:mixin:APP:super_resolution.mixins.json:presentation.v1_20_1.VulkanPresentationGlDeviceMixin from mod super_resolution,pl:mixin:APP:super_resolution.mixins.json:presentation.v1_20_1.VulkanPresentationMinecraftBackendMixin from mod super_resolution,pl:mixin:APP:super_resolution.mixins.json:presentation.v1_20_1.VulkanPresentationMinecraftCaptureMixin from mod super_resolution,pl:mixin:APP:super_resolution.mixins.json:presentation.v1_20_1.VulkanPresentationWindowMixin from mod super_resolution,pl:mixin:APP:super_resolution.mixins.json:presentation.v1_21_1.VulkanPresentationMinecraftCaptureMixin from mod super_resolution,pl:mixin:APP:super_resolution.mixins.json:presentation.v1_21_11.VulkanPresentationGameRendererCaptureMixin from mod super_resolution,pl:mixin:APP:super_resolution.mixins.json:presentation.v1_21_11.VulkanPresentationGlDeviceMixin from mod super_resolution,pl:mixin:APP:super_resolution.mixins.json:presentation.v1_21_11.VulkanPresentationMinecraftBackendMixin from mod super_resolution,pl:mixin:APP:super_resolution.mixins.json:presentation.v1_21_11.VulkanPresentationMinecraftCaptureMixin from mod super_resolution,pl:mixin:APP:super_resolution.mixins.json:presentation.v1_21_11.VulkanPresentationWindowMixin from mod super_resolution,pl:mixin:APP:super_resolution.mixins.json:presentation.v26_1_x.VulkanPresentationGameRendererCaptureMixin from mod super_resolution,pl:mixin:APP:super_resolution.mixins.json:presentation.v26_1_x.VulkanPresentationGlDeviceMixin from mod super_resolution,pl:mixin:APP:super_resolution.mixins.json:presentation.v26_1_x.VulkanPresentationMinecraftBackendMixin from mod super_resolution,pl:mixin:APP:super_resolution.mixins.json:presentation.v26_1_x.VulkanPresentationMinecraftCaptureMixin from mod super_resolution,pl:mixin:APP:super_resolution.mixins.json:presentation.v26_1_x.VulkanPresentationWindowCloseMixin from mod super_resolution,pl:mixin:APP:super_resolution.mixins.json:presentation.v26_2.VulkanPresentationGameRendererCaptureMixin from mod super_resolution,pl:mixin:APP:super_resolution.mixins.json:presentation.v26_2.VulkanPresentationGlDeviceMixin from mod super_resolution,pl:mixin:APP:super_resolution.mixins.json:presentation.v26_2.VulkanPresentationMinecraftBackendMixin from mod super_resolution,pl:mixin:APP:super_resolution.mixins.json:presentation.v26_2.VulkanPresentationMinecraftCaptureMixin from mod super_resolution,pl:mixin:APP:super_resolution.mixins.json:presentation.v26_2.VulkanPresentationWindowCloseMixin from mod super_resolution,pl:mixin:APP:super_resolution.mixins.json:presentation.v26_3.VulkanPresentationGameRendererCaptureMixin from mod super_resolution,pl:mixin:APP:super_resolution.mixins.json:presentation.v26_3.VulkanPresentationGlDeviceMixin from mod super_resolution,pl:mixin:APP:super_resolution.mixins.json:presentation.v26_3.VulkanPresentationMinecraftBackendMixin from mod super_resolution,pl:mixin:APP:super_resolution.mixins.json:presentation.v26_3.VulkanPresentationMinecraftCaptureMixin from mod super_resolution,pl:mixin:APP:super_resolution.mixins.json:presentation.v26_3.VulkanPresentationWindowCloseMixin from mod super_resolution,pl:mixin:APP:super_resolution-neoforge.mixins.json:neoforge.FuckingValidation1218Mixin from mod super_resolution,pl:mixin:APP:super_resolution-neoforge.mixins.json:neoforge.FuckingValidationMixin from mod super_resolution,pl:mixin:APP:super_resolution_irisapi.mixins.json:composite.before1_21_1.GlStateManagerTextureStateAccessor from mod super_resolution,pl:mixin:APP:architectury.mixins.json:MixinMinecraft from mod architectury,pl:mixin:A,pl:runtimedistcleaner:A}
	at TRANSFORMER/minecraft@1.21.1/net.minecraft.client.main.Main.main(Main.java:230) [neoforge-21.1.219.jar%23172!/:?] {re:classloading,pl:runtimedistcleaner:A}
	at java.base/jdk.internal.reflect.DirectMethodHandleAccessor.invoke(DirectMethodHandleAccessor.java:104) ~[?:?] {}
	at java.base/java.lang.reflect.Method.invoke(Method.java:565) ~[?:?] {}
	at MC-BOOTSTRAP/fml_loader@4.0.42/net.neoforged.fml.loading.targets.CommonLaunchHandler.runTarget(CommonLaunchHandler.java:136) [loader-4.0.42.jar%23130!/:4.0] {}
	at MC-BOOTSTRAP/fml_loader@4.0.42/net.neoforged.fml.loading.targets.CommonLaunchHandler.clientService(CommonLaunchHandler.java:124) [loader-4.0.42.jar%23130!/:4.0] {}
	at MC-BOOTSTRAP/fml_loader@4.0.42/net.neoforged.fml.loading.targets.NeoForgeClientDevLaunchHandler.runService(NeoForgeClientDevLaunchHandler.java:23) [loader-4.0.42.jar%23130!/:4.0] {}
	at MC-BOOTSTRAP/fml_loader@4.0.42/net.neoforged.fml.loading.targets.CommonLaunchHandler.lambda$launchService$4(CommonLaunchHandler.java:118) [loader-4.0.42.jar%23130!/:4.0] {}
	at MC-BOOTSTRAP/cpw.mods.modlauncher@11.0.5/cpw.mods.modlauncher.LaunchServiceHandlerDecorator.launch(LaunchServiceHandlerDecorator.java:30) [modlauncher-11.0.5.jar%23112!/:?] {}
	at MC-BOOTSTRAP/cpw.mods.modlauncher@11.0.5/cpw.mods.modlauncher.LaunchServiceHandler.launch(LaunchServiceHandler.java:53) [modlauncher-11.0.5.jar%23112!/:?] {}
	at MC-BOOTSTRAP/cpw.mods.modlauncher@11.0.5/cpw.mods.modlauncher.LaunchServiceHandler.launch(LaunchServiceHandler.java:71) [modlauncher-11.0.5.jar%23112!/:?] {}
	at MC-BOOTSTRAP/cpw.mods.modlauncher@11.0.5/cpw.mods.modlauncher.Launcher.run(Launcher.java:103) [modlauncher-11.0.5.jar%23112!/:?] {}
	at MC-BOOTSTRAP/cpw.mods.modlauncher@11.0.5/cpw.mods.modlauncher.Launcher.main(Launcher.java:74) [modlauncher-11.0.5.jar%23112!/:?] {}
	at MC-BOOTSTRAP/cpw.mods.modlauncher@11.0.5/cpw.mods.modlauncher.BootstrapLaunchConsumer.accept(BootstrapLaunchConsumer.java:26) [modlauncher-11.0.5.jar%23112!/:?] {}
	at MC-BOOTSTRAP/cpw.mods.modlauncher@11.0.5/cpw.mods.modlauncher.BootstrapLaunchConsumer.accept(BootstrapLaunchConsumer.java:23) [modlauncher-11.0.5.jar%23112!/:?] {}
	at cpw.mods.bootstraplauncher@2.0.2/cpw.mods.bootstraplauncher.BootstrapLauncher.run(BootstrapLauncher.java:210) [bootstraplauncher-2.0.2.jar:?] {}
	at cpw.mods.bootstraplauncher@2.0.2/cpw.mods.bootstraplauncher.BootstrapLauncher.main(BootstrapLauncher.java:69) [bootstraplauncher-2.0.2.jar:?] {}
	at java.base/jdk.internal.reflect.DirectMethodHandleAccessor.invoke(DirectMethodHandleAccessor.java:104) ~[?:?] {}
	at java.base/java.lang.reflect.Method.invoke(Method.java:565) ~[?:?] {}
	at net.neoforged.devlaunch.Main.main(Main.java:57) [DevLaunch-1.0.2.jar:?] {}
[14:20:08] [Render thread/WARN] [Iris/]: Failed to resolve uniform endFlashFactor0, reason: Unknown variable: endFlashIntensity ( = BinaryExpr{ {FunctionCall{min {[Id{endFlashIntensity}, Number{0.5}]} }} multiply{0} {Number{2.0}} })
java.lang.RuntimeException: Unknown variable: endFlashIntensity
	at TRANSFORMER/iris@1.8.8+mc1.21.1/kroppeb.stareval.resolver.ExpressionResolver.resolveExpressionInternal(ExpressionResolver.java:225) ~[iris-1.8.8+1.21.1-neoforge-neoforge,1.21.1.jar%23177!/:?] {re:classloading}
	at TRANSFORMER/iris@1.8.8+mc1.21.1/kroppeb.stareval.resolver.ExpressionResolver.resolveCallExpressionInternal(ExpressionResolver.java:81) ~[iris-1.8.8+1.21.1-neoforge-neoforge,1.21.1.jar%23177!/:?] {re:classloading}
	at TRANSFORMER/iris@1.8.8+mc1.21.1/kroppeb.stareval.resolver.ExpressionResolver.resolveCallExpression(ExpressionResolver.java:111) ~[iris-1.8.8+1.21.1-neoforge-neoforge,1.21.1.jar%23177!/:?] {re:classloading}
	at TRANSFORMER/iris@1.8.8+mc1.21.1/kroppeb.stareval.resolver.ExpressionResolver.resolveExpressionInternal(ExpressionResolver.java:196) ~[iris-1.8.8+1.21.1-neoforge-neoforge,1.21.1.jar%23177!/:?] {re:classloading}
	at TRANSFORMER/iris@1.8.8+mc1.21.1/kroppeb.stareval.resolver.ExpressionResolver.resolveCallExpressionInternal(ExpressionResolver.java:81) ~[iris-1.8.8+1.21.1-neoforge-neoforge,1.21.1.jar%23177!/:?] {re:classloading}
	at TRANSFORMER/iris@1.8.8+mc1.21.1/kroppeb.stareval.resolver.ExpressionResolver.resolveCallExpression(ExpressionResolver.java:111) ~[iris-1.8.8+1.21.1-neoforge-neoforge,1.21.1.jar%23177!/:?] {re:classloading}
	at TRANSFORMER/iris@1.8.8+mc1.21.1/kroppeb.stareval.resolver.ExpressionResolver.resolveExpressionInternal(ExpressionResolver.java:192) ~[iris-1.8.8+1.21.1-neoforge-neoforge,1.21.1.jar%23177!/:?] {re:classloading}
	at TRANSFORMER/iris@1.8.8+mc1.21.1/kroppeb.stareval.resolver.ExpressionResolver.resolveExpression(ExpressionResolver.java:50) ~[iris-1.8.8+1.21.1-neoforge-neoforge,1.21.1.jar%23177!/:?] {re:classloading}
	at TRANSFORMER/iris@1.8.8+mc1.21.1/net.irisshaders.iris.uniforms.custom.CustomUniforms.<init>(CustomUniforms.java:60) [iris-1.8.8+1.21.1-neoforge-neoforge,1.21.1.jar%23177!/:?] {re:classloading}
	at TRANSFORMER/iris@1.8.8+mc1.21.1/net.irisshaders.iris.uniforms.custom.CustomUniforms$Builder.build(CustomUniforms.java:332) [iris-1.8.8+1.21.1-neoforge-neoforge,1.21.1.jar%23177!/:?] {re:classloading}
	at TRANSFORMER/iris@1.8.8+mc1.21.1/net.irisshaders.iris.uniforms.custom.CustomUniforms$Builder.build(CustomUniforms.java:343) [iris-1.8.8+1.21.1-neoforge-neoforge,1.21.1.jar%23177!/:?] {re:classloading}
	at TRANSFORMER/iris@1.8.8+mc1.21.1/net.irisshaders.iris.pipeline.IrisRenderingPipeline.<init>(IrisRenderingPipeline.java:282) [iris-1.8.8+1.21.1-neoforge-neoforge,1.21.1.jar%23177!/:?] {re:mixin,re:classloading,pl:mixin:APP:super_resolution_irisapi.mixins.json:composite.IrisRenderingPipelineAccessor from mod super_resolution,pl:mixin:APP:super_resolution_irisapi.mixins.json:composite.before1_21_1.IrisRenderingPipelineMixin from mod super_resolution,pl:mixin:APP:super_resolution.shadercompat.mixins.json:core.IrisRenderingPipelineAccessor from mod super_resolution,pl:mixin:APP:super_resolution.shadercompat.mixins.json:core.IrisRenderingPipelineMixin from mod super_resolution,pl:mixin:A}
	at TRANSFORMER/iris@1.8.8+mc1.21.1/net.irisshaders.iris.Iris.createPipeline(Iris.java:616) [iris-1.8.8+1.21.1-neoforge-neoforge,1.21.1.jar%23177!/:?] {re:mixin,re:classloading,pl:mixin:APP:super_resolution.shadercompat.mixins.json:core.IrisMixin from mod super_resolution,pl:mixin:A}
	at TRANSFORMER/iris@1.8.8+mc1.21.1/net.irisshaders.iris.pipeline.PipelineManager.preparePipeline(PipelineManager.java:33) [iris-1.8.8+1.21.1-neoforge-neoforge,1.21.1.jar%23177!/:?] {re:mixin,re:classloading,pl:mixin:APP:super_resolution.shadercompat.mixins.json:core.PipelineManagerMixin from mod super_resolution,pl:mixin:A}
	at TRANSFORMER/iris@1.8.8+mc1.21.1/net.irisshaders.iris.Iris.onLoadingComplete(Iris.java:150) [iris-1.8.8+1.21.1-neoforge-neoforge,1.21.1.jar%23177!/:?] {re:mixin,re:classloading,pl:mixin:APP:super_resolution.shadercompat.mixins.json:core.IrisMixin from mod super_resolution,pl:mixin:A}
	at TRANSFORMER/minecraft@1.21.1/net.minecraft.client.gui.screens.TitleScreen.handler$zfl000$iris$firstInit(TitleScreen.java:525) [neoforge-21.1.219.jar%23172!/:?] {re:mixin,pl:runtimedistcleaner:A,re:computing_frames,pl:runtimedistcleaner:A,re:classloading,pl:mixin:APP:mixins.iris.json:MixinTitleScreen from mod iris,pl:mixin:A,pl:runtimedistcleaner:A}
	at TRANSFORMER/minecraft@1.21.1/net.minecraft.client.gui.screens.TitleScreen.init(TitleScreen.java:157) [neoforge-21.1.219.jar%23172!/:?] {re:mixin,pl:runtimedistcleaner:A,re:computing_frames,pl:runtimedistcleaner:A,re:classloading,pl:mixin:APP:mixins.iris.json:MixinTitleScreen from mod iris,pl:mixin:A,pl:runtimedistcleaner:A}
	at TRANSFORMER/minecraft@1.21.1/net.minecraft.client.gui.screens.Screen.init(Screen.java:317) [neoforge-21.1.219.jar%23172!/:?] {re:mixin,pl:accesstransformer:B,pl:runtimedistcleaner:A,re:classloading,pl:accesstransformer:B,pl:runtimedistcleaner:A}
	at TRANSFORMER/minecraft@1.21.1/net.minecraft.client.Minecraft.setScreen(Minecraft.java:1057) [neoforge-21.1.219.jar%23172!/:?] {re:mixin,pl:runtimedistcleaner:A,re:classloading,pl:mixin:APP:sodium-common.mixins.json:core.MinecraftMixin from mod sodium,pl:mixin:APP:sodium-neoforge.mixins.json:platform.neoforge.EntrypointMixin from mod sodium,pl:mixin:APP:mixins.iris.json:MixinMinecraft_Images from mod iris,pl:mixin:APP:mixins.iris.json:MixinMinecraft_Keybinds from mod iris,pl:mixin:APP:mixins.iris.json:MixinMinecraft_PipelineManagement from mod iris,pl:mixin:APP:super_resolution.mixins.json:core.GlTextureViewMixin from mod super_resolution,pl:mixin:APP:super_resolution.mixins.json:core.MinecraftMixin from mod super_resolution,pl:mixin:APP:super_resolution.mixins.json:core.accessor.MinecraftAccessor from mod super_resolution,pl:mixin:APP:super_resolution.mixins.json:framegeneration.v1_20_1.GameRendererConstantsMixin from mod super_resolution,pl:mixin:APP:super_resolution.mixins.json:framegeneration.v1_21_11.GameRendererConstantsMixin from mod super_resolution,pl:mixin:APP:super_resolution.mixins.json:framegeneration.v26_1_x.GameRendererConstantsMixin from mod super_resolution,pl:mixin:APP:super_resolution.mixins.json:framegeneration.v26_2.GameRendererConstantsMixin from mod super_resolution,pl:mixin:APP:super_resolution.mixins.json:framegeneration.v26_2.NativeLibrariesBootstrapMixin from mod super_resolution,pl:mixin:APP:super_resolution.mixins.json:framegeneration.v26_3.GameRendererConstantsMixin from mod super_resolution,pl:mixin:APP:super_resolution.mixins.json:framegeneration.v26_3.NativeLibrariesBootstrapMixin from mod super_resolution,pl:mixin:APP:super_resolution.mixins.json:gui.GuiGraphicsMixin from mod super_resolution,pl:mixin:APP:super_resolution.mixins.json:gui.GuiRendererDrawAccessor from mod super_resolution,pl:mixin:APP:super_resolution.mixins.json:gui.GuiRendererMixin from mod super_resolution,pl:mixin:APP:super_resolution.mixins.json:lowlatency.v1_20_1.KeyboardHandlerReflexMixin from mod super_resolution,pl:mixin:APP:super_resolution.mixins.json:lowlatency.v1_20_1.MinecraftReflexMixin from mod super_resolution,pl:mixin:APP:super_resolution.mixins.json:lowlatency.v1_20_1.MouseHandlerReflexMixin from mod super_resolution,pl:mixin:APP:super_resolution.mixins.json:lowlatency.v1_20_1.RenderSystemAccessor from mod super_resolution,pl:mixin:APP:super_resolution.mixins.json:lowlatency.v1_21_1.MinecraftReflexMixin from mod super_resolution,pl:mixin:APP:super_resolution.mixins.json:lowlatency.v1_21_11.KeyboardHandlerReflexMixin from mod super_resolution,pl:mixin:APP:super_resolution.mixins.json:lowlatency.v1_21_11.MinecraftReflexMixin from mod super_resolution,pl:mixin:APP:super_resolution.mixins.json:lowlatency.v1_21_11.MouseHandlerReflexMixin from mod super_resolution,pl:mixin:APP:super_resolution.mixins.json:lowlatency.v1_21_11.RenderSystemAccessor from mod super_resolution,pl:mixin:APP:super_resolution.mixins.json:lowlatency.v26_1_x.KeyboardHandlerReflexMixin from mod super_resolution,pl:mixin:APP:super_resolution.mixins.json:lowlatency.v26_1_x.MinecraftReflexMixin from mod super_resolution,pl:mixin:APP:super_resolution.mixins.json:lowlatency.v26_1_x.MouseHandlerReflexMixin from mod super_resolution,pl:mixin:APP:super_resolution.mixins.json:lowlatency.v26_2.KeyboardHandlerReflexMixin from mod super_resolution,pl:mixin:APP:super_resolution.mixins.json:lowlatency.v26_2.MinecraftReflexMixin from mod super_resolution,pl:mixin:APP:super_resolution.mixins.json:lowlatency.v26_2.MouseHandlerReflexMixin from mod super_resolution,pl:mixin:APP:super_resolution.mixins.json:lowlatency.v26_3.KeyboardHandlerReflexMixin from mod super_resolution,pl:mixin:APP:super_resolution.mixins.json:lowlatency.v26_3.MinecraftReflexMixin from mod super_resolution,pl:mixin:APP:super_resolution.mixins.json:lowlatency.v26_3.MouseHandlerReflexMixin from mod super_resolution,pl:mixin:APP:super_resolution.mixins.json:presentation.v1_20_1.VulkanPresentationGameRendererCaptureMixin from mod super_resolution,pl:mixin:APP:super_resolution.mixins.json:presentation.v1_20_1.VulkanPresentationGlDeviceMixin from mod super_resolution,pl:mixin:APP:super_resolution.mixins.json:presentation.v1_20_1.VulkanPresentationMinecraftBackendMixin from mod super_resolution,pl:mixin:APP:super_resolution.mixins.json:presentation.v1_20_1.VulkanPresentationMinecraftCaptureMixin from mod super_resolution,pl:mixin:APP:super_resolution.mixins.json:presentation.v1_20_1.VulkanPresentationWindowMixin from mod super_resolution,pl:mixin:APP:super_resolution.mixins.json:presentation.v1_21_1.VulkanPresentationMinecraftCaptureMixin from mod super_resolution,pl:mixin:APP:super_resolution.mixins.json:presentation.v1_21_11.VulkanPresentationGameRendererCaptureMixin from mod super_resolution,pl:mixin:APP:super_resolution.mixins.json:presentation.v1_21_11.VulkanPresentationGlDeviceMixin from mod super_resolution,pl:mixin:APP:super_resolution.mixins.json:presentation.v1_21_11.VulkanPresentationMinecraftBackendMixin from mod super_resolution,pl:mixin:APP:super_resolution.mixins.json:presentation.v1_21_11.VulkanPresentationMinecraftCaptureMixin from mod super_resolution,pl:mixin:APP:super_resolution.mixins.json:presentation.v1_21_11.VulkanPresentationWindowMixin from mod super_resolution,pl:mixin:APP:super_resolution.mixins.json:presentation.v26_1_x.VulkanPresentationGameRendererCaptureMixin from mod super_resolution,pl:mixin:APP:super_resolution.mixins.json:presentation.v26_1_x.VulkanPresentationGlDeviceMixin from mod super_resolution,pl:mixin:APP:super_resolution.mixins.json:presentation.v26_1_x.VulkanPresentationMinecraftBackendMixin from mod super_resolution,pl:mixin:APP:super_resolution.mixins.json:presentation.v26_1_x.VulkanPresentationMinecraftCaptureMixin from mod super_resolution,pl:mixin:APP:super_resolution.mixins.json:presentation.v26_1_x.VulkanPresentationWindowCloseMixin from mod super_resolution,pl:mixin:APP:super_resolution.mixins.json:presentation.v26_2.VulkanPresentationGameRendererCaptureMixin from mod super_resolution,pl:mixin:APP:super_resolution.mixins.json:presentation.v26_2.VulkanPresentationGlDeviceMixin from mod super_resolution,pl:mixin:APP:super_resolution.mixins.json:presentation.v26_2.VulkanPresentationMinecraftBackendMixin from mod super_resolution,pl:mixin:APP:super_resolution.mixins.json:presentation.v26_2.VulkanPresentationMinecraftCaptureMixin from mod super_resolution,pl:mixin:APP:super_resolution.mixins.json:presentation.v26_2.VulkanPresentationWindowCloseMixin from mod super_resolution,pl:mixin:APP:super_resolution.mixins.json:presentation.v26_3.VulkanPresentationGameRendererCaptureMixin from mod super_resolution,pl:mixin:APP:super_resolution.mixins.json:presentation.v26_3.VulkanPresentationGlDeviceMixin from mod super_resolution,pl:mixin:APP:super_resolution.mixins.json:presentation.v26_3.VulkanPresentationMinecraftBackendMixin from mod super_resolution,pl:mixin:APP:super_resolution.mixins.json:presentation.v26_3.VulkanPresentationMinecraftCaptureMixin from mod super_resolution,pl:mixin:APP:super_resolution.mixins.json:presentation.v26_3.VulkanPresentationWindowCloseMixin from mod super_resolution,pl:mixin:APP:super_resolution-neoforge.mixins.json:neoforge.FuckingValidation1218Mixin from mod super_resolution,pl:mixin:APP:super_resolution-neoforge.mixins.json:neoforge.FuckingValidationMixin from mod super_resolution,pl:mixin:APP:super_resolution_irisapi.mixins.json:composite.before1_21_1.GlStateManagerTextureStateAccessor from mod super_resolution,pl:mixin:APP:architectury.mixins.json:MixinMinecraft from mod architectury,pl:mixin:A,pl:runtimedistcleaner:A}
	at TRANSFORMER/minecraft@1.21.1/net.minecraft.client.Minecraft.lambda$buildInitialScreens$9(Minecraft.java:664) [neoforge-21.1.219.jar%23172!/:?] {re:mixin,pl:runtimedistcleaner:A,re:classloading,pl:mixin:APP:sodium-common.mixins.json:core.MinecraftMixin from mod sodium,pl:mixin:APP:sodium-neoforge.mixins.json:platform.neoforge.EntrypointMixin from mod sodium,pl:mixin:APP:mixins.iris.json:MixinMinecraft_Images from mod iris,pl:mixin:APP:mixins.iris.json:MixinMinecraft_Keybinds from mod iris,pl:mixin:APP:mixins.iris.json:MixinMinecraft_PipelineManagement from mod iris,pl:mixin:APP:super_resolution.mixins.json:core.GlTextureViewMixin from mod super_resolution,pl:mixin:APP:super_resolution.mixins.json:core.MinecraftMixin from mod super_resolution,pl:mixin:APP:super_resolution.mixins.json:core.accessor.MinecraftAccessor from mod super_resolution,pl:mixin:APP:super_resolution.mixins.json:framegeneration.v1_20_1.GameRendererConstantsMixin from mod super_resolution,pl:mixin:APP:super_resolution.mixins.json:framegeneration.v1_21_11.GameRendererConstantsMixin from mod super_resolution,pl:mixin:APP:super_resolution.mixins.json:framegeneration.v26_1_x.GameRendererConstantsMixin from mod super_resolution,pl:mixin:APP:super_resolution.mixins.json:framegeneration.v26_2.GameRendererConstantsMixin from mod super_resolution,pl:mixin:APP:super_resolution.mixins.json:framegeneration.v26_2.NativeLibrariesBootstrapMixin from mod super_resolution,pl:mixin:APP:super_resolution.mixins.json:framegeneration.v26_3.GameRendererConstantsMixin from mod super_resolution,pl:mixin:APP:super_resolution.mixins.json:framegeneration.v26_3.NativeLibrariesBootstrapMixin from mod super_resolution,pl:mixin:APP:super_resolution.mixins.json:gui.GuiGraphicsMixin from mod super_resolution,pl:mixin:APP:super_resolution.mixins.json:gui.GuiRendererDrawAccessor from mod super_resolution,pl:mixin:APP:super_resolution.mixins.json:gui.GuiRendererMixin from mod super_resolution,pl:mixin:APP:super_resolution.mixins.json:lowlatency.v1_20_1.KeyboardHandlerReflexMixin from mod super_resolution,pl:mixin:APP:super_resolution.mixins.json:lowlatency.v1_20_1.MinecraftReflexMixin from mod super_resolution,pl:mixin:APP:super_resolution.mixins.json:lowlatency.v1_20_1.MouseHandlerReflexMixin from mod super_resolution,pl:mixin:APP:super_resolution.mixins.json:lowlatency.v1_20_1.RenderSystemAccessor from mod super_resolution,pl:mixin:APP:super_resolution.mixins.json:lowlatency.v1_21_1.MinecraftReflexMixin from mod super_resolution,pl:mixin:APP:super_resolution.mixins.json:lowlatency.v1_21_11.KeyboardHandlerReflexMixin from mod super_resolution,pl:mixin:APP:super_resolution.mixins.json:lowlatency.v1_21_11.MinecraftReflexMixin from mod super_resolution,pl:mixin:APP:super_resolution.mixins.json:lowlatency.v1_21_11.MouseHandlerReflexMixin from mod super_resolution,pl:mixin:APP:super_resolution.mixins.json:lowlatency.v1_21_11.RenderSystemAccessor from mod super_resolution,pl:mixin:APP:super_resolution.mixins.json:lowlatency.v26_1_x.KeyboardHandlerReflexMixin from mod super_resolution,pl:mixin:APP:super_resolution.mixins.json:lowlatency.v26_1_x.MinecraftReflexMixin from mod super_resolution,pl:mixin:APP:super_resolution.mixins.json:lowlatency.v26_1_x.MouseHandlerReflexMixin from mod super_resolution,pl:mixin:APP:super_resolution.mixins.json:lowlatency.v26_2.KeyboardHandlerReflexMixin from mod super_resolution,pl:mixin:APP:super_resolution.mixins.json:lowlatency.v26_2.MinecraftReflexMixin from mod super_resolution,pl:mixin:APP:super_resolution.mixins.json:lowlatency.v26_2.MouseHandlerReflexMixin from mod super_resolution,pl:mixin:APP:super_resolution.mixins.json:lowlatency.v26_3.KeyboardHandlerReflexMixin from mod super_resolution,pl:mixin:APP:super_resolution.mixins.json:lowlatency.v26_3.MinecraftReflexMixin from mod super_resolution,pl:mixin:APP:super_resolution.mixins.json:lowlatency.v26_3.MouseHandlerReflexMixin from mod super_resolution,pl:mixin:APP:super_resolution.mixins.json:presentation.v1_20_1.VulkanPresentationGameRendererCaptureMixin from mod super_resolution,pl:mixin:APP:super_resolution.mixins.json:presentation.v1_20_1.VulkanPresentationGlDeviceMixin from mod super_resolution,pl:mixin:APP:super_resolution.mixins.json:presentation.v1_20_1.VulkanPresentationMinecraftBackendMixin from mod super_resolution,pl:mixin:APP:super_resolution.mixins.json:presentation.v1_20_1.VulkanPresentationMinecraftCaptureMixin from mod super_resolution,pl:mixin:APP:super_resolution.mixins.json:presentation.v1_20_1.VulkanPresentationWindowMixin from mod super_resolution,pl:mixin:APP:super_resolution.mixins.json:presentation.v1_21_1.VulkanPresentationMinecraftCaptureMixin from mod super_resolution,pl:mixin:APP:super_resolution.mixins.json:presentation.v1_21_11.VulkanPresentationGameRendererCaptureMixin from mod super_resolution,pl:mixin:APP:super_resolution.mixins.json:presentation.v1_21_11.VulkanPresentationGlDeviceMixin from mod super_resolution,pl:mixin:APP:super_resolution.mixins.json:presentation.v1_21_11.VulkanPresentationMinecraftBackendMixin from mod super_resolution,pl:mixin:APP:super_resolution.mixins.json:presentation.v1_21_11.VulkanPresentationMinecraftCaptureMixin from mod super_resolution,pl:mixin:APP:super_resolution.mixins.json:presentation.v1_21_11.VulkanPresentationWindowMixin from mod super_resolution,pl:mixin:APP:super_resolution.mixins.json:presentation.v26_1_x.VulkanPresentationGameRendererCaptureMixin from mod super_resolution,pl:mixin:APP:super_resolution.mixins.json:presentation.v26_1_x.VulkanPresentationGlDeviceMixin from mod super_resolution,pl:mixin:APP:super_resolution.mixins.json:presentation.v26_1_x.VulkanPresentationMinecraftBackendMixin from mod super_resolution,pl:mixin:APP:super_resolution.mixins.json:presentation.v26_1_x.VulkanPresentationMinecraftCaptureMixin from mod super_resolution,pl:mixin:APP:super_resolution.mixins.json:presentation.v26_1_x.VulkanPresentationWindowCloseMixin from mod super_resolution,pl:mixin:APP:super_resolution.mixins.json:presentation.v26_2.VulkanPresentationGameRendererCaptureMixin from mod super_resolution,pl:mixin:APP:super_resolution.mixins.json:presentation.v26_2.VulkanPresentationGlDeviceMixin from mod super_resolution,pl:mixin:APP:super_resolution.mixins.json:presentation.v26_2.VulkanPresentationMinecraftBackendMixin from mod super_resolution,pl:mixin:APP:super_resolution.mixins.json:presentation.v26_2.VulkanPresentationMinecraftCaptureMixin from mod super_resolution,pl:mixin:APP:super_resolution.mixins.json:presentation.v26_2.VulkanPresentationWindowCloseMixin from mod super_resolution,pl:mixin:APP:super_resolution.mixins.json:presentation.v26_3.VulkanPresentationGameRendererCaptureMixin from mod super_resolution,pl:mixin:APP:super_resolution.mixins.json:presentation.v26_3.VulkanPresentationGlDeviceMixin from mod super_resolution,pl:mixin:APP:super_resolution.mixins.json:presentation.v26_3.VulkanPresentationMinecraftBackendMixin from mod super_resolution,pl:mixin:APP:super_resolution.mixins.json:presentation.v26_3.VulkanPresentationMinecraftCaptureMixin from mod super_resolution,pl:mixin:APP:super_resolution.mixins.json:presentation.v26_3.VulkanPresentationWindowCloseMixin from mod super_resolution,pl:mixin:APP:super_resolution-neoforge.mixins.json:neoforge.FuckingValidation1218Mixin from mod super_resolution,pl:mixin:APP:super_resolution-neoforge.mixins.json:neoforge.FuckingValidationMixin from mod super_resolution,pl:mixin:APP:super_resolution_irisapi.mixins.json:composite.before1_21_1.GlStateManagerTextureStateAccessor from mod super_resolution,pl:mixin:APP:architectury.mixins.json:MixinMinecraft from mod architectury,pl:mixin:A,pl:runtimedistcleaner:A}
	at TRANSFORMER/minecraft@1.21.1/net.minecraft.client.Minecraft.onGameLoadFinished(Minecraft.java:650) [neoforge-21.1.219.jar%23172!/:?] {re:mixin,pl:runtimedistcleaner:A,re:classloading,pl:mixin:APP:sodium-common.mixins.json:core.MinecraftMixin from mod sodium,pl:mixin:APP:sodium-neoforge.mixins.json:platform.neoforge.EntrypointMixin from mod sodium,pl:mixin:APP:mixins.iris.json:MixinMinecraft_Images from mod iris,pl:mixin:APP:mixins.iris.json:MixinMinecraft_Keybinds from mod iris,pl:mixin:APP:mixins.iris.json:MixinMinecraft_PipelineManagement from mod iris,pl:mixin:APP:super_resolution.mixins.json:core.GlTextureViewMixin from mod super_resolution,pl:mixin:APP:super_resolution.mixins.json:core.MinecraftMixin from mod super_resolution,pl:mixin:APP:super_resolution.mixins.json:core.accessor.MinecraftAccessor from mod super_resolution,pl:mixin:APP:super_resolution.mixins.json:framegeneration.v1_20_1.GameRendererConstantsMixin from mod super_resolution,pl:mixin:APP:super_resolution.mixins.json:framegeneration.v1_21_11.GameRendererConstantsMixin from mod super_resolution,pl:mixin:APP:super_resolution.mixins.json:framegeneration.v26_1_x.GameRendererConstantsMixin from mod super_resolution,pl:mixin:APP:super_resolution.mixins.json:framegeneration.v26_2.GameRendererConstantsMixin from mod super_resolution,pl:mixin:APP:super_resolution.mixins.json:framegeneration.v26_2.NativeLibrariesBootstrapMixin from mod super_resolution,pl:mixin:APP:super_resolution.mixins.json:framegeneration.v26_3.GameRendererConstantsMixin from mod super_resolution,pl:mixin:APP:super_resolution.mixins.json:framegeneration.v26_3.NativeLibrariesBootstrapMixin from mod super_resolution,pl:mixin:APP:super_resolution.mixins.json:gui.GuiGraphicsMixin from mod super_resolution,pl:mixin:APP:super_resolution.mixins.json:gui.GuiRendererDrawAccessor from mod super_resolution,pl:mixin:APP:super_resolution.mixins.json:gui.GuiRendererMixin from mod super_resolution,pl:mixin:APP:super_resolution.mixins.json:lowlatency.v1_20_1.KeyboardHandlerReflexMixin from mod super_resolution,pl:mixin:APP:super_resolution.mixins.json:lowlatency.v1_20_1.MinecraftReflexMixin from mod super_resolution,pl:mixin:APP:super_resolution.mixins.json:lowlatency.v1_20_1.MouseHandlerReflexMixin from mod super_resolution,pl:mixin:APP:super_resolution.mixins.json:lowlatency.v1_20_1.RenderSystemAccessor from mod super_resolution,pl:mixin:APP:super_resolution.mixins.json:lowlatency.v1_21_1.MinecraftReflexMixin from mod super_resolution,pl:mixin:APP:super_resolution.mixins.json:lowlatency.v1_21_11.KeyboardHandlerReflexMixin from mod super_resolution,pl:mixin:APP:super_resolution.mixins.json:lowlatency.v1_21_11.MinecraftReflexMixin from mod super_resolution,pl:mixin:APP:super_resolution.mixins.json:lowlatency.v1_21_11.MouseHandlerReflexMixin from mod super_resolution,pl:mixin:APP:super_resolution.mixins.json:lowlatency.v1_21_11.RenderSystemAccessor from mod super_resolution,pl:mixin:APP:super_resolution.mixins.json:lowlatency.v26_1_x.KeyboardHandlerReflexMixin from mod super_resolution,pl:mixin:APP:super_resolution.mixins.json:lowlatency.v26_1_x.MinecraftReflexMixin from mod super_resolution,pl:mixin:APP:super_resolution.mixins.json:lowlatency.v26_1_x.MouseHandlerReflexMixin from mod super_resolution,pl:mixin:APP:super_resolution.mixins.json:lowlatency.v26_2.KeyboardHandlerReflexMixin from mod super_resolution,pl:mixin:APP:super_resolution.mixins.json:lowlatency.v26_2.MinecraftReflexMixin from mod super_resolution,pl:mixin:APP:super_resolution.mixins.json:lowlatency.v26_2.MouseHandlerReflexMixin from mod super_resolution,pl:mixin:APP:super_resolution.mixins.json:lowlatency.v26_3.KeyboardHandlerReflexMixin from mod super_resolution,pl:mixin:APP:super_resolution.mixins.json:lowlatency.v26_3.MinecraftReflexMixin from mod super_resolution,pl:mixin:APP:super_resolution.mixins.json:lowlatency.v26_3.MouseHandlerReflexMixin from mod super_resolution,pl:mixin:APP:super_resolution.mixins.json:presentation.v1_20_1.VulkanPresentationGameRendererCaptureMixin from mod super_resolution,pl:mixin:APP:super_resolution.mixins.json:presentation.v1_20_1.VulkanPresentationGlDeviceMixin from mod super_resolution,pl:mixin:APP:super_resolution.mixins.json:presentation.v1_20_1.VulkanPresentationMinecraftBackendMixin from mod super_resolution,pl:mixin:APP:super_resolution.mixins.json:presentation.v1_20_1.VulkanPresentationMinecraftCaptureMixin from mod super_resolution,pl:mixin:APP:super_resolution.mixins.json:presentation.v1_20_1.VulkanPresentationWindowMixin from mod super_resolution,pl:mixin:APP:super_resolution.mixins.json:presentation.v1_21_1.VulkanPresentationMinecraftCaptureMixin from mod super_resolution,pl:mixin:APP:super_resolution.mixins.json:presentation.v1_21_11.VulkanPresentationGameRendererCaptureMixin from mod super_resolution,pl:mixin:APP:super_resolution.mixins.json:presentation.v1_21_11.VulkanPresentationGlDeviceMixin from mod super_resolution,pl:mixin:APP:super_resolution.mixins.json:presentation.v1_21_11.VulkanPresentationMinecraftBackendMixin from mod super_resolution,pl:mixin:APP:super_resolution.mixins.json:presentation.v1_21_11.VulkanPresentationMinecraftCaptureMixin from mod super_resolution,pl:mixin:APP:super_resolution.mixins.json:presentation.v1_21_11.VulkanPresentationWindowMixin from mod super_resolution,pl:mixin:APP:super_resolution.mixins.json:presentation.v26_1_x.VulkanPresentationGameRendererCaptureMixin from mod super_resolution,pl:mixin:APP:super_resolution.mixins.json:presentation.v26_1_x.VulkanPresentationGlDeviceMixin from mod super_resolution,pl:mixin:APP:super_resolution.mixins.json:presentation.v26_1_x.VulkanPresentationMinecraftBackendMixin from mod super_resolution,pl:mixin:APP:super_resolution.mixins.json:presentation.v26_1_x.VulkanPresentationMinecraftCaptureMixin from mod super_resolution,pl:mixin:APP:super_resolution.mixins.json:presentation.v26_1_x.VulkanPresentationWindowCloseMixin from mod super_resolution,pl:mixin:APP:super_resolution.mixins.json:presentation.v26_2.VulkanPresentationGameRendererCaptureMixin from mod super_resolution,pl:mixin:APP:super_resolution.mixins.json:presentation.v26_2.VulkanPresentationGlDeviceMixin from mod super_resolution,pl:mixin:APP:super_resolution.mixins.json:presentation.v26_2.VulkanPresentationMinecraftBackendMixin from mod super_resolution,pl:mixin:APP:super_resolution.mixins.json:presentation.v26_2.VulkanPresentationMinecraftCaptureMixin from mod super_resolution,pl:mixin:APP:super_resolution.mixins.json:presentation.v26_2.VulkanPresentationWindowCloseMixin from mod super_resolution,pl:mixin:APP:super_resolution.mixins.json:presentation.v26_3.VulkanPresentationGameRendererCaptureMixin from mod super_resolution,pl:mixin:APP:super_resolution.mixins.json:presentation.v26_3.VulkanPresentationGlDeviceMixin from mod super_resolution,pl:mixin:APP:super_resolution.mixins.json:presentation.v26_3.VulkanPresentationMinecraftBackendMixin from mod super_resolution,pl:mixin:APP:super_resolution.mixins.json:presentation.v26_3.VulkanPresentationMinecraftCaptureMixin from mod super_resolution,pl:mixin:APP:super_resolution.mixins.json:presentation.v26_3.VulkanPresentationWindowCloseMixin from mod super_resolution,pl:mixin:APP:super_resolution-neoforge.mixins.json:neoforge.FuckingValidation1218Mixin from mod super_resolution,pl:mixin:APP:super_resolution-neoforge.mixins.json:neoforge.FuckingValidationMixin from mod super_resolution,pl:mixin:APP:super_resolution_irisapi.mixins.json:composite.before1_21_1.GlStateManagerTextureStateAccessor from mod super_resolution,pl:mixin:APP:architectury.mixins.json:MixinMinecraft from mod architectury,pl:mixin:A,pl:runtimedistcleaner:A}
	at TRANSFORMER/minecraft@1.21.1/net.minecraft.client.Minecraft.onResourceLoadFinished(Minecraft.java:641) [neoforge-21.1.219.jar%23172!/:?] {re:mixin,pl:runtimedistcleaner:A,re:classloading,pl:mixin:APP:sodium-common.mixins.json:core.MinecraftMixin from mod sodium,pl:mixin:APP:sodium-neoforge.mixins.json:platform.neoforge.EntrypointMixin from mod sodium,pl:mixin:APP:mixins.iris.json:MixinMinecraft_Images from mod iris,pl:mixin:APP:mixins.iris.json:MixinMinecraft_Keybinds from mod iris,pl:mixin:APP:mixins.iris.json:MixinMinecraft_PipelineManagement from mod iris,pl:mixin:APP:super_resolution.mixins.json:core.GlTextureViewMixin from mod super_resolution,pl:mixin:APP:super_resolution.mixins.json:core.MinecraftMixin from mod super_resolution,pl:mixin:APP:super_resolution.mixins.json:core.accessor.MinecraftAccessor from mod super_resolution,pl:mixin:APP:super_resolution.mixins.json:framegeneration.v1_20_1.GameRendererConstantsMixin from mod super_resolution,pl:mixin:APP:super_resolution.mixins.json:framegeneration.v1_21_11.GameRendererConstantsMixin from mod super_resolution,pl:mixin:APP:super_resolution.mixins.json:framegeneration.v26_1_x.GameRendererConstantsMixin from mod super_resolution,pl:mixin:APP:super_resolution.mixins.json:framegeneration.v26_2.GameRendererConstantsMixin from mod super_resolution,pl:mixin:APP:super_resolution.mixins.json:framegeneration.v26_2.NativeLibrariesBootstrapMixin from mod super_resolution,pl:mixin:APP:super_resolution.mixins.json:framegeneration.v26_3.GameRendererConstantsMixin from mod super_resolution,pl:mixin:APP:super_resolution.mixins.json:framegeneration.v26_3.NativeLibrariesBootstrapMixin from mod super_resolution,pl:mixin:APP:super_resolution.mixins.json:gui.GuiGraphicsMixin from mod super_resolution,pl:mixin:APP:super_resolution.mixins.json:gui.GuiRendererDrawAccessor from mod super_resolution,pl:mixin:APP:super_resolution.mixins.json:gui.GuiRendererMixin from mod super_resolution,pl:mixin:APP:super_resolution.mixins.json:lowlatency.v1_20_1.KeyboardHandlerReflexMixin from mod super_resolution,pl:mixin:APP:super_resolution.mixins.json:lowlatency.v1_20_1.MinecraftReflexMixin from mod super_resolution,pl:mixin:APP:super_resolution.mixins.json:lowlatency.v1_20_1.MouseHandlerReflexMixin from mod super_resolution,pl:mixin:APP:super_resolution.mixins.json:lowlatency.v1_20_1.RenderSystemAccessor from mod super_resolution,pl:mixin:APP:super_resolution.mixins.json:lowlatency.v1_21_1.MinecraftReflexMixin from mod super_resolution,pl:mixin:APP:super_resolution.mixins.json:lowlatency.v1_21_11.KeyboardHandlerReflexMixin from mod super_resolution,pl:mixin:APP:super_resolution.mixins.json:lowlatency.v1_21_11.MinecraftReflexMixin from mod super_resolution,pl:mixin:APP:super_resolution.mixins.json:lowlatency.v1_21_11.MouseHandlerReflexMixin from mod super_resolution,pl:mixin:APP:super_resolution.mixins.json:lowlatency.v1_21_11.RenderSystemAccessor from mod super_resolution,pl:mixin:APP:super_resolution.mixins.json:lowlatency.v26_1_x.KeyboardHandlerReflexMixin from mod super_resolution,pl:mixin:APP:super_resolution.mixins.json:lowlatency.v26_1_x.MinecraftReflexMixin from mod super_resolution,pl:mixin:APP:super_resolution.mixins.json:lowlatency.v26_1_x.MouseHandlerReflexMixin from mod super_resolution,pl:mixin:APP:super_resolution.mixins.json:lowlatency.v26_2.KeyboardHandlerReflexMixin from mod super_resolution,pl:mixin:APP:super_resolution.mixins.json:lowlatency.v26_2.MinecraftReflexMixin from mod super_resolution,pl:mixin:APP:super_resolution.mixins.json:lowlatency.v26_2.MouseHandlerReflexMixin from mod super_resolution,pl:mixin:APP:super_resolution.mixins.json:lowlatency.v26_3.KeyboardHandlerReflexMixin from mod super_resolution,pl:mixin:APP:super_resolution.mixins.json:lowlatency.v26_3.MinecraftReflexMixin from mod super_resolution,pl:mixin:APP:super_resolution.mixins.json:lowlatency.v26_3.MouseHandlerReflexMixin from mod super_resolution,pl:mixin:APP:super_resolution.mixins.json:presentation.v1_20_1.VulkanPresentationGameRendererCaptureMixin from mod super_resolution,pl:mixin:APP:super_resolution.mixins.json:presentation.v1_20_1.VulkanPresentationGlDeviceMixin from mod super_resolution,pl:mixin:APP:super_resolution.mixins.json:presentation.v1_20_1.VulkanPresentationMinecraftBackendMixin from mod super_resolution,pl:mixin:APP:super_resolution.mixins.json:presentation.v1_20_1.VulkanPresentationMinecraftCaptureMixin from mod super_resolution,pl:mixin:APP:super_resolution.mixins.json:presentation.v1_20_1.VulkanPresentationWindowMixin from mod super_resolution,pl:mixin:APP:super_resolution.mixins.json:presentation.v1_21_1.VulkanPresentationMinecraftCaptureMixin from mod super_resolution,pl:mixin:APP:super_resolution.mixins.json:presentation.v1_21_11.VulkanPresentationGameRendererCaptureMixin from mod super_resolution,pl:mixin:APP:super_resolution.mixins.json:presentation.v1_21_11.VulkanPresentationGlDeviceMixin from mod super_resolution,pl:mixin:APP:super_resolution.mixins.json:presentation.v1_21_11.VulkanPresentationMinecraftBackendMixin from mod super_resolution,pl:mixin:APP:super_resolution.mixins.json:presentation.v1_21_11.VulkanPresentationMinecraftCaptureMixin from mod super_resolution,pl:mixin:APP:super_resolution.mixins.json:presentation.v1_21_11.VulkanPresentationWindowMixin from mod super_resolution,pl:mixin:APP:super_resolution.mixins.json:presentation.v26_1_x.VulkanPresentationGameRendererCaptureMixin from mod super_resolution,pl:mixin:APP:super_resolution.mixins.json:presentation.v26_1_x.VulkanPresentationGlDeviceMixin from mod super_resolution,pl:mixin:APP:super_resolution.mixins.json:presentation.v26_1_x.VulkanPresentationMinecraftBackendMixin from mod super_resolution,pl:mixin:APP:super_resolution.mixins.json:presentation.v26_1_x.VulkanPresentationMinecraftCaptureMixin from mod super_resolution,pl:mixin:APP:super_resolution.mixins.json:presentation.v26_1_x.VulkanPresentationWindowCloseMixin from mod super_resolution,pl:mixin:APP:super_resolution.mixins.json:presentation.v26_2.VulkanPresentationGameRendererCaptureMixin from mod super_resolution,pl:mixin:APP:super_resolution.mixins.json:presentation.v26_2.VulkanPresentationGlDeviceMixin from mod super_resolution,pl:mixin:APP:super_resolution.mixins.json:presentation.v26_2.VulkanPresentationMinecraftBackendMixin from mod super_resolution,pl:mixin:APP:super_resolution.mixins.json:presentation.v26_2.VulkanPresentationMinecraftCaptureMixin from mod super_resolution,pl:mixin:APP:super_resolution.mixins.json:presentation.v26_2.VulkanPresentationWindowCloseMixin from mod super_resolution,pl:mixin:APP:super_resolution.mixins.json:presentation.v26_3.VulkanPresentationGameRendererCaptureMixin from mod super_resolution,pl:mixin:APP:super_resolution.mixins.json:presentation.v26_3.VulkanPresentationGlDeviceMixin from mod super_resolution,pl:mixin:APP:super_resolution.mixins.json:presentation.v26_3.VulkanPresentationMinecraftBackendMixin from mod super_resolution,pl:mixin:APP:super_resolution.mixins.json:presentation.v26_3.VulkanPresentationMinecraftCaptureMixin from mod super_resolution,pl:mixin:APP:super_resolution.mixins.json:presentation.v26_3.VulkanPresentationWindowCloseMixin from mod super_resolution,pl:mixin:APP:super_resolution-neoforge.mixins.json:neoforge.FuckingValidation1218Mixin from mod super_resolution,pl:mixin:APP:super_resolution-neoforge.mixins.json:neoforge.FuckingValidationMixin from mod super_resolution,pl:mixin:APP:super_resolution_irisapi.mixins.json:composite.before1_21_1.GlStateManagerTextureStateAccessor from mod super_resolution,pl:mixin:APP:architectury.mixins.json:MixinMinecraft from mod architectury,pl:mixin:A,pl:runtimedistcleaner:A}
	at TRANSFORMER/minecraft@1.21.1/net.minecraft.client.Minecraft.lambda$new$7(Minecraft.java:629) [neoforge-21.1.219.jar%23172!/:?] {re:mixin,pl:runtimedistcleaner:A,re:classloading,pl:mixin:APP:sodium-common.mixins.json:core.MinecraftMixin from mod sodium,pl:mixin:APP:sodium-neoforge.mixins.json:platform.neoforge.EntrypointMixin from mod sodium,pl:mixin:APP:mixins.iris.json:MixinMinecraft_Images from mod iris,pl:mixin:APP:mixins.iris.json:MixinMinecraft_Keybinds from mod iris,pl:mixin:APP:mixins.iris.json:MixinMinecraft_PipelineManagement from mod iris,pl:mixin:APP:super_resolution.mixins.json:core.GlTextureViewMixin from mod super_resolution,pl:mixin:APP:super_resolution.mixins.json:core.MinecraftMixin from mod super_resolution,pl:mixin:APP:super_resolution.mixins.json:core.accessor.MinecraftAccessor from mod super_resolution,pl:mixin:APP:super_resolution.mixins.json:framegeneration.v1_20_1.GameRendererConstantsMixin from mod super_resolution,pl:mixin:APP:super_resolution.mixins.json:framegeneration.v1_21_11.GameRendererConstantsMixin from mod super_resolution,pl:mixin:APP:super_resolution.mixins.json:framegeneration.v26_1_x.GameRendererConstantsMixin from mod super_resolution,pl:mixin:APP:super_resolution.mixins.json:framegeneration.v26_2.GameRendererConstantsMixin from mod super_resolution,pl:mixin:APP:super_resolution.mixins.json:framegeneration.v26_2.NativeLibrariesBootstrapMixin from mod super_resolution,pl:mixin:APP:super_resolution.mixins.json:framegeneration.v26_3.GameRendererConstantsMixin from mod super_resolution,pl:mixin:APP:super_resolution.mixins.json:framegeneration.v26_3.NativeLibrariesBootstrapMixin from mod super_resolution,pl:mixin:APP:super_resolution.mixins.json:gui.GuiGraphicsMixin from mod super_resolution,pl:mixin:APP:super_resolution.mixins.json:gui.GuiRendererDrawAccessor from mod super_resolution,pl:mixin:APP:super_resolution.mixins.json:gui.GuiRendererMixin from mod super_resolution,pl:mixin:APP:super_resolution.mixins.json:lowlatency.v1_20_1.KeyboardHandlerReflexMixin from mod super_resolution,pl:mixin:APP:super_resolution.mixins.json:lowlatency.v1_20_1.MinecraftReflexMixin from mod super_resolution,pl:mixin:APP:super_resolution.mixins.json:lowlatency.v1_20_1.MouseHandlerReflexMixin from mod super_resolution,pl:mixin:APP:super_resolution.mixins.json:lowlatency.v1_20_1.RenderSystemAccessor from mod super_resolution,pl:mixin:APP:super_resolution.mixins.json:lowlatency.v1_21_1.MinecraftReflexMixin from mod super_resolution,pl:mixin:APP:super_resolution.mixins.json:lowlatency.v1_21_11.KeyboardHandlerReflexMixin from mod super_resolution,pl:mixin:APP:super_resolution.mixins.json:lowlatency.v1_21_11.MinecraftReflexMixin from mod super_resolution,pl:mixin:APP:super_resolution.mixins.json:lowlatency.v1_21_11.MouseHandlerReflexMixin from mod super_resolution,pl:mixin:APP:super_resolution.mixins.json:lowlatency.v1_21_11.RenderSystemAccessor from mod super_resolution,pl:mixin:APP:super_resolution.mixins.json:lowlatency.v26_1_x.KeyboardHandlerReflexMixin from mod super_resolution,pl:mixin:APP:super_resolution.mixins.json:lowlatency.v26_1_x.MinecraftReflexMixin from mod super_resolution,pl:mixin:APP:super_resolution.mixins.json:lowlatency.v26_1_x.MouseHandlerReflexMixin from mod super_resolution,pl:mixin:APP:super_resolution.mixins.json:lowlatency.v26_2.KeyboardHandlerReflexMixin from mod super_resolution,pl:mixin:APP:super_resolution.mixins.json:lowlatency.v26_2.MinecraftReflexMixin from mod super_resolution,pl:mixin:APP:super_resolution.mixins.json:lowlatency.v26_2.MouseHandlerReflexMixin from mod super_resolution,pl:mixin:APP:super_resolution.mixins.json:lowlatency.v26_3.KeyboardHandlerReflexMixin from mod super_resolution,pl:mixin:APP:super_resolution.mixins.json:lowlatency.v26_3.MinecraftReflexMixin from mod super_resolution,pl:mixin:APP:super_resolution.mixins.json:lowlatency.v26_3.MouseHandlerReflexMixin from mod super_resolution,pl:mixin:APP:super_resolution.mixins.json:presentation.v1_20_1.VulkanPresentationGameRendererCaptureMixin from mod super_resolution,pl:mixin:APP:super_resolution.mixins.json:presentation.v1_20_1.VulkanPresentationGlDeviceMixin from mod super_resolution,pl:mixin:APP:super_resolution.mixins.json:presentation.v1_20_1.VulkanPresentationMinecraftBackendMixin from mod super_resolution,pl:mixin:APP:super_resolution.mixins.json:presentation.v1_20_1.VulkanPresentationMinecraftCaptureMixin from mod super_resolution,pl:mixin:APP:super_resolution.mixins.json:presentation.v1_20_1.VulkanPresentationWindowMixin from mod super_resolution,pl:mixin:APP:super_resolution.mixins.json:presentation.v1_21_1.VulkanPresentationMinecraftCaptureMixin from mod super_resolution,pl:mixin:APP:super_resolution.mixins.json:presentation.v1_21_11.VulkanPresentationGameRendererCaptureMixin from mod super_resolution,pl:mixin:APP:super_resolution.mixins.json:presentation.v1_21_11.VulkanPresentationGlDeviceMixin from mod super_resolution,pl:mixin:APP:super_resolution.mixins.json:presentation.v1_21_11.VulkanPresentationMinecraftBackendMixin from mod super_resolution,pl:mixin:APP:super_resolution.mixins.json:presentation.v1_21_11.VulkanPresentationMinecraftCaptureMixin from mod super_resolution,pl:mixin:APP:super_resolution.mixins.json:presentation.v1_21_11.VulkanPresentationWindowMixin from mod super_resolution,pl:mixin:APP:super_resolution.mixins.json:presentation.v26_1_x.VulkanPresentationGameRendererCaptureMixin from mod super_resolution,pl:mixin:APP:super_resolution.mixins.json:presentation.v26_1_x.VulkanPresentationGlDeviceMixin from mod super_resolution,pl:mixin:APP:super_resolution.mixins.json:presentation.v26_1_x.VulkanPresentationMinecraftBackendMixin from mod super_resolution,pl:mixin:APP:super_resolution.mixins.json:presentation.v26_1_x.VulkanPresentationMinecraftCaptureMixin from mod super_resolution,pl:mixin:APP:super_resolution.mixins.json:presentation.v26_1_x.VulkanPresentationWindowCloseMixin from mod super_resolution,pl:mixin:APP:super_resolution.mixins.json:presentation.v26_2.VulkanPresentationGameRendererCaptureMixin from mod super_resolution,pl:mixin:APP:super_resolution.mixins.json:presentation.v26_2.VulkanPresentationGlDeviceMixin from mod super_resolution,pl:mixin:APP:super_resolution.mixins.json:presentation.v26_2.VulkanPresentationMinecraftBackendMixin from mod super_resolution,pl:mixin:APP:super_resolution.mixins.json:presentation.v26_2.VulkanPresentationMinecraftCaptureMixin from mod super_resolution,pl:mixin:APP:super_resolution.mixins.json:presentation.v26_2.VulkanPresentationWindowCloseMixin from mod super_resolution,pl:mixin:APP:super_resolution.mixins.json:presentation.v26_3.VulkanPresentationGameRendererCaptureMixin from mod super_resolution,pl:mixin:APP:super_resolution.mixins.json:presentation.v26_3.VulkanPresentationGlDeviceMixin from mod super_resolution,pl:mixin:APP:super_resolution.mixins.json:presentation.v26_3.VulkanPresentationMinecraftBackendMixin from mod super_resolution,pl:mixin:APP:super_resolution.mixins.json:presentation.v26_3.VulkanPresentationMinecraftCaptureMixin from mod super_resolution,pl:mixin:APP:super_resolution.mixins.json:presentation.v26_3.VulkanPresentationWindowCloseMixin from mod super_resolution,pl:mixin:APP:super_resolution-neoforge.mixins.json:neoforge.FuckingValidation1218Mixin from mod super_resolution,pl:mixin:APP:super_resolution-neoforge.mixins.json:neoforge.FuckingValidationMixin from mod super_resolution,pl:mixin:APP:super_resolution_irisapi.mixins.json:composite.before1_21_1.GlStateManagerTextureStateAccessor from mod super_resolution,pl:mixin:APP:architectury.mixins.json:MixinMinecraft from mod architectury,pl:mixin:A,pl:runtimedistcleaner:A}
	at TRANSFORMER/minecraft@1.21.1/net.minecraft.Util.ifElse(Util.java:513) [neoforge-21.1.219.jar%23172!/:?] {re:classloading,re:mixin}
	at TRANSFORMER/minecraft@1.21.1/net.minecraft.client.Minecraft.lambda$new$8(Minecraft.java:623) [neoforge-21.1.219.jar%23172!/:?] {re:mixin,pl:runtimedistcleaner:A,re:classloading,pl:mixin:APP:sodium-common.mixins.json:core.MinecraftMixin from mod sodium,pl:mixin:APP:sodium-neoforge.mixins.json:platform.neoforge.EntrypointMixin from mod sodium,pl:mixin:APP:mixins.iris.json:MixinMinecraft_Images from mod iris,pl:mixin:APP:mixins.iris.json:MixinMinecraft_Keybinds from mod iris,pl:mixin:APP:mixins.iris.json:MixinMinecraft_PipelineManagement from mod iris,pl:mixin:APP:super_resolution.mixins.json:core.GlTextureViewMixin from mod super_resolution,pl:mixin:APP:super_resolution.mixins.json:core.MinecraftMixin from mod super_resolution,pl:mixin:APP:super_resolution.mixins.json:core.accessor.MinecraftAccessor from mod super_resolution,pl:mixin:APP:super_resolution.mixins.json:framegeneration.v1_20_1.GameRendererConstantsMixin from mod super_resolution,pl:mixin:APP:super_resolution.mixins.json:framegeneration.v1_21_11.GameRendererConstantsMixin from mod super_resolution,pl:mixin:APP:super_resolution.mixins.json:framegeneration.v26_1_x.GameRendererConstantsMixin from mod super_resolution,pl:mixin:APP:super_resolution.mixins.json:framegeneration.v26_2.GameRendererConstantsMixin from mod super_resolution,pl:mixin:APP:super_resolution.mixins.json:framegeneration.v26_2.NativeLibrariesBootstrapMixin from mod super_resolution,pl:mixin:APP:super_resolution.mixins.json:framegeneration.v26_3.GameRendererConstantsMixin from mod super_resolution,pl:mixin:APP:super_resolution.mixins.json:framegeneration.v26_3.NativeLibrariesBootstrapMixin from mod super_resolution,pl:mixin:APP:super_resolution.mixins.json:gui.GuiGraphicsMixin from mod super_resolution,pl:mixin:APP:super_resolution.mixins.json:gui.GuiRendererDrawAccessor from mod super_resolution,pl:mixin:APP:super_resolution.mixins.json:gui.GuiRendererMixin from mod super_resolution,pl:mixin:APP:super_resolution.mixins.json:lowlatency.v1_20_1.KeyboardHandlerReflexMixin from mod super_resolution,pl:mixin:APP:super_resolution.mixins.json:lowlatency.v1_20_1.MinecraftReflexMixin from mod super_resolution,pl:mixin:APP:super_resolution.mixins.json:lowlatency.v1_20_1.MouseHandlerReflexMixin from mod super_resolution,pl:mixin:APP:super_resolution.mixins.json:lowlatency.v1_20_1.RenderSystemAccessor from mod super_resolution,pl:mixin:APP:super_resolution.mixins.json:lowlatency.v1_21_1.MinecraftReflexMixin from mod super_resolution,pl:mixin:APP:super_resolution.mixins.json:lowlatency.v1_21_11.KeyboardHandlerReflexMixin from mod super_resolution,pl:mixin:APP:super_resolution.mixins.json:lowlatency.v1_21_11.MinecraftReflexMixin from mod super_resolution,pl:mixin:APP:super_resolution.mixins.json:lowlatency.v1_21_11.MouseHandlerReflexMixin from mod super_resolution,pl:mixin:APP:super_resolution.mixins.json:lowlatency.v1_21_11.RenderSystemAccessor from mod super_resolution,pl:mixin:APP:super_resolution.mixins.json:lowlatency.v26_1_x.KeyboardHandlerReflexMixin from mod super_resolution,pl:mixin:APP:super_resolution.mixins.json:lowlatency.v26_1_x.MinecraftReflexMixin from mod super_resolution,pl:mixin:APP:super_resolution.mixins.json:lowlatency.v26_1_x.MouseHandlerReflexMixin from mod super_resolution,pl:mixin:APP:super_resolution.mixins.json:lowlatency.v26_2.KeyboardHandlerReflexMixin from mod super_resolution,pl:mixin:APP:super_resolution.mixins.json:lowlatency.v26_2.MinecraftReflexMixin from mod super_resolution,pl:mixin:APP:super_resolution.mixins.json:lowlatency.v26_2.MouseHandlerReflexMixin from mod super_resolution,pl:mixin:APP:super_resolution.mixins.json:lowlatency.v26_3.KeyboardHandlerReflexMixin from mod super_resolution,pl:mixin:APP:super_resolution.mixins.json:lowlatency.v26_3.MinecraftReflexMixin from mod super_resolution,pl:mixin:APP:super_resolution.mixins.json:lowlatency.v26_3.MouseHandlerReflexMixin from mod super_resolution,pl:mixin:APP:super_resolution.mixins.json:presentation.v1_20_1.VulkanPresentationGameRendererCaptureMixin from mod super_resolution,pl:mixin:APP:super_resolution.mixins.json:presentation.v1_20_1.VulkanPresentationGlDeviceMixin from mod super_resolution,pl:mixin:APP:super_resolution.mixins.json:presentation.v1_20_1.VulkanPresentationMinecraftBackendMixin from mod super_resolution,pl:mixin:APP:super_resolution.mixins.json:presentation.v1_20_1.VulkanPresentationMinecraftCaptureMixin from mod super_resolution,pl:mixin:APP:super_resolution.mixins.json:presentation.v1_20_1.VulkanPresentationWindowMixin from mod super_resolution,pl:mixin:APP:super_resolution.mixins.json:presentation.v1_21_1.VulkanPresentationMinecraftCaptureMixin from mod super_resolution,pl:mixin:APP:super_resolution.mixins.json:presentation.v1_21_11.VulkanPresentationGameRendererCaptureMixin from mod super_resolution,pl:mixin:APP:super_resolution.mixins.json:presentation.v1_21_11.VulkanPresentationGlDeviceMixin from mod super_resolution,pl:mixin:APP:super_resolution.mixins.json:presentation.v1_21_11.VulkanPresentationMinecraftBackendMixin from mod super_resolution,pl:mixin:APP:super_resolution.mixins.json:presentation.v1_21_11.VulkanPresentationMinecraftCaptureMixin from mod super_resolution,pl:mixin:APP:super_resolution.mixins.json:presentation.v1_21_11.VulkanPresentationWindowMixin from mod super_resolution,pl:mixin:APP:super_resolution.mixins.json:presentation.v26_1_x.VulkanPresentationGameRendererCaptureMixin from mod super_resolution,pl:mixin:APP:super_resolution.mixins.json:presentation.v26_1_x.VulkanPresentationGlDeviceMixin from mod super_resolution,pl:mixin:APP:super_resolution.mixins.json:presentation.v26_1_x.VulkanPresentationMinecraftBackendMixin from mod super_resolution,pl:mixin:APP:super_resolution.mixins.json:presentation.v26_1_x.VulkanPresentationMinecraftCaptureMixin from mod super_resolution,pl:mixin:APP:super_resolution.mixins.json:presentation.v26_1_x.VulkanPresentationWindowCloseMixin from mod super_resolution,pl:mixin:APP:super_resolution.mixins.json:presentation.v26_2.VulkanPresentationGameRendererCaptureMixin from mod super_resolution,pl:mixin:APP:super_resolution.mixins.json:presentation.v26_2.VulkanPresentationGlDeviceMixin from mod super_resolution,pl:mixin:APP:super_resolution.mixins.json:presentation.v26_2.VulkanPresentationMinecraftBackendMixin from mod super_resolution,pl:mixin:APP:super_resolution.mixins.json:presentation.v26_2.VulkanPresentationMinecraftCaptureMixin from mod super_resolution,pl:mixin:APP:super_resolution.mixins.json:presentation.v26_2.VulkanPresentationWindowCloseMixin from mod super_resolution,pl:mixin:APP:super_resolution.mixins.json:presentation.v26_3.VulkanPresentationGameRendererCaptureMixin from mod super_resolution,pl:mixin:APP:super_resolution.mixins.json:presentation.v26_3.VulkanPresentationGlDeviceMixin from mod super_resolution,pl:mixin:APP:super_resolution.mixins.json:presentation.v26_3.VulkanPresentationMinecraftBackendMixin from mod super_resolution,pl:mixin:APP:super_resolution.mixins.json:presentation.v26_3.VulkanPresentationMinecraftCaptureMixin from mod super_resolution,pl:mixin:APP:super_resolution.mixins.json:presentation.v26_3.VulkanPresentationWindowCloseMixin from mod super_resolution,pl:mixin:APP:super_resolution-neoforge.mixins.json:neoforge.FuckingValidation1218Mixin from mod super_resolution,pl:mixin:APP:super_resolution-neoforge.mixins.json:neoforge.FuckingValidationMixin from mod super_resolution,pl:mixin:APP:super_resolution_irisapi.mixins.json:composite.before1_21_1.GlStateManagerTextureStateAccessor from mod super_resolution,pl:mixin:APP:architectury.mixins.json:MixinMinecraft from mod architectury,pl:mixin:A,pl:runtimedistcleaner:A}
	at TRANSFORMER/minecraft@1.21.1/net.minecraft.client.gui.screens.LoadingOverlay.render(LoadingOverlay.java:139) [neoforge-21.1.219.jar%23172!/:?] {re:classloading,pl:runtimedistcleaner:A}
	at TRANSFORMER/minecraft@1.21.1/net.minecraft.client.renderer.GameRenderer.render(GameRenderer.java:1081) [neoforge-21.1.219.jar%23172!/:?] {re:mixin,pl:accesstransformer:B,pl:runtimedistcleaner:A,re:classloading,pl:accesstransformer:B,pl:mixin:A,pl:runtimedistcleaner:A}
	at TRANSFORMER/minecraft@1.21.1/net.minecraft.client.Minecraft.runTick(Minecraft.java:1195) [neoforge-21.1.219.jar%23172!/:?] {re:mixin,pl:runtimedistcleaner:A,re:classloading,pl:mixin:APP:sodium-common.mixins.json:core.MinecraftMixin from mod sodium,pl:mixin:APP:sodium-neoforge.mixins.json:platform.neoforge.EntrypointMixin from mod sodium,pl:mixin:APP:mixins.iris.json:MixinMinecraft_Images from mod iris,pl:mixin:APP:mixins.iris.json:MixinMinecraft_Keybinds from mod iris,pl:mixin:APP:mixins.iris.json:MixinMinecraft_PipelineManagement from mod iris,pl:mixin:APP:super_resolution.mixins.json:core.GlTextureViewMixin from mod super_resolution,pl:mixin:APP:super_resolution.mixins.json:core.MinecraftMixin from mod super_resolution,pl:mixin:APP:super_resolution.mixins.json:core.accessor.MinecraftAccessor from mod super_resolution,pl:mixin:APP:super_resolution.mixins.json:framegeneration.v1_20_1.GameRendererConstantsMixin from mod super_resolution,pl:mixin:APP:super_resolution.mixins.json:framegeneration.v1_21_11.GameRendererConstantsMixin from mod super_resolution,pl:mixin:APP:super_resolution.mixins.json:framegeneration.v26_1_x.GameRendererConstantsMixin from mod super_resolution,pl:mixin:APP:super_resolution.mixins.json:framegeneration.v26_2.GameRendererConstantsMixin from mod super_resolution,pl:mixin:APP:super_resolution.mixins.json:framegeneration.v26_2.NativeLibrariesBootstrapMixin from mod super_resolution,pl:mixin:APP:super_resolution.mixins.json:framegeneration.v26_3.GameRendererConstantsMixin from mod super_resolution,pl:mixin:APP:super_resolution.mixins.json:framegeneration.v26_3.NativeLibrariesBootstrapMixin from mod super_resolution,pl:mixin:APP:super_resolution.mixins.json:gui.GuiGraphicsMixin from mod super_resolution,pl:mixin:APP:super_resolution.mixins.json:gui.GuiRendererDrawAccessor from mod super_resolution,pl:mixin:APP:super_resolution.mixins.json:gui.GuiRendererMixin from mod super_resolution,pl:mixin:APP:super_resolution.mixins.json:lowlatency.v1_20_1.KeyboardHandlerReflexMixin from mod super_resolution,pl:mixin:APP:super_resolution.mixins.json:lowlatency.v1_20_1.MinecraftReflexMixin from mod super_resolution,pl:mixin:APP:super_resolution.mixins.json:lowlatency.v1_20_1.MouseHandlerReflexMixin from mod super_resolution,pl:mixin:APP:super_resolution.mixins.json:lowlatency.v1_20_1.RenderSystemAccessor from mod super_resolution,pl:mixin:APP:super_resolution.mixins.json:lowlatency.v1_21_1.MinecraftReflexMixin from mod super_resolution,pl:mixin:APP:super_resolution.mixins.json:lowlatency.v1_21_11.KeyboardHandlerReflexMixin from mod super_resolution,pl:mixin:APP:super_resolution.mixins.json:lowlatency.v1_21_11.MinecraftReflexMixin from mod super_resolution,pl:mixin:APP:super_resolution.mixins.json:lowlatency.v1_21_11.MouseHandlerReflexMixin from mod super_resolution,pl:mixin:APP:super_resolution.mixins.json:lowlatency.v1_21_11.RenderSystemAccessor from mod super_resolution,pl:mixin:APP:super_resolution.mixins.json:lowlatency.v26_1_x.KeyboardHandlerReflexMixin from mod super_resolution,pl:mixin:APP:super_resolution.mixins.json:lowlatency.v26_1_x.MinecraftReflexMixin from mod super_resolution,pl:mixin:APP:super_resolution.mixins.json:lowlatency.v26_1_x.MouseHandlerReflexMixin from mod super_resolution,pl:mixin:APP:super_resolution.mixins.json:lowlatency.v26_2.KeyboardHandlerReflexMixin from mod super_resolution,pl:mixin:APP:super_resolution.mixins.json:lowlatency.v26_2.MinecraftReflexMixin from mod super_resolution,pl:mixin:APP:super_resolution.mixins.json:lowlatency.v26_2.MouseHandlerReflexMixin from mod super_resolution,pl:mixin:APP:super_resolution.mixins.json:lowlatency.v26_3.KeyboardHandlerReflexMixin from mod super_resolution,pl:mixin:APP:super_resolution.mixins.json:lowlatency.v26_3.MinecraftReflexMixin from mod super_resolution,pl:mixin:APP:super_resolution.mixins.json:lowlatency.v26_3.MouseHandlerReflexMixin from mod super_resolution,pl:mixin:APP:super_resolution.mixins.json:presentation.v1_20_1.VulkanPresentationGameRendererCaptureMixin from mod super_resolution,pl:mixin:APP:super_resolution.mixins.json:presentation.v1_20_1.VulkanPresentationGlDeviceMixin from mod super_resolution,pl:mixin:APP:super_resolution.mixins.json:presentation.v1_20_1.VulkanPresentationMinecraftBackendMixin from mod super_resolution,pl:mixin:APP:super_resolution.mixins.json:presentation.v1_20_1.VulkanPresentationMinecraftCaptureMixin from mod super_resolution,pl:mixin:APP:super_resolution.mixins.json:presentation.v1_20_1.VulkanPresentationWindowMixin from mod super_resolution,pl:mixin:APP:super_resolution.mixins.json:presentation.v1_21_1.VulkanPresentationMinecraftCaptureMixin from mod super_resolution,pl:mixin:APP:super_resolution.mixins.json:presentation.v1_21_11.VulkanPresentationGameRendererCaptureMixin from mod super_resolution,pl:mixin:APP:super_resolution.mixins.json:presentation.v1_21_11.VulkanPresentationGlDeviceMixin from mod super_resolution,pl:mixin:APP:super_resolution.mixins.json:presentation.v1_21_11.VulkanPresentationMinecraftBackendMixin from mod super_resolution,pl:mixin:APP:super_resolution.mixins.json:presentation.v1_21_11.VulkanPresentationMinecraftCaptureMixin from mod super_resolution,pl:mixin:APP:super_resolution.mixins.json:presentation.v1_21_11.VulkanPresentationWindowMixin from mod super_resolution,pl:mixin:APP:super_resolution.mixins.json:presentation.v26_1_x.VulkanPresentationGameRendererCaptureMixin from mod super_resolution,pl:mixin:APP:super_resolution.mixins.json:presentation.v26_1_x.VulkanPresentationGlDeviceMixin from mod super_resolution,pl:mixin:APP:super_resolution.mixins.json:presentation.v26_1_x.VulkanPresentationMinecraftBackendMixin from mod super_resolution,pl:mixin:APP:super_resolution.mixins.json:presentation.v26_1_x.VulkanPresentationMinecraftCaptureMixin from mod super_resolution,pl:mixin:APP:super_resolution.mixins.json:presentation.v26_1_x.VulkanPresentationWindowCloseMixin from mod super_resolution,pl:mixin:APP:super_resolution.mixins.json:presentation.v26_2.VulkanPresentationGameRendererCaptureMixin from mod super_resolution,pl:mixin:APP:super_resolution.mixins.json:presentation.v26_2.VulkanPresentationGlDeviceMixin from mod super_resolution,pl:mixin:APP:super_resolution.mixins.json:presentation.v26_2.VulkanPresentationMinecraftBackendMixin from mod super_resolution,pl:mixin:APP:super_resolution.mixins.json:presentation.v26_2.VulkanPresentationMinecraftCaptureMixin from mod super_resolution,pl:mixin:APP:super_resolution.mixins.json:presentation.v26_2.VulkanPresentationWindowCloseMixin from mod super_resolution,pl:mixin:APP:super_resolution.mixins.json:presentation.v26_3.VulkanPresentationGameRendererCaptureMixin from mod super_resolution,pl:mixin:APP:super_resolution.mixins.json:presentation.v26_3.VulkanPresentationGlDeviceMixin from mod super_resolution,pl:mixin:APP:super_resolution.mixins.json:presentation.v26_3.VulkanPresentationMinecraftBackendMixin from mod super_resolution,pl:mixin:APP:super_resolution.mixins.json:presentation.v26_3.VulkanPresentationMinecraftCaptureMixin from mod super_resolution,pl:mixin:APP:super_resolution.mixins.json:presentation.v26_3.VulkanPresentationWindowCloseMixin from mod super_resolution,pl:mixin:APP:super_resolution-neoforge.mixins.json:neoforge.FuckingValidation1218Mixin from mod super_resolution,pl:mixin:APP:super_resolution-neoforge.mixins.json:neoforge.FuckingValidationMixin from mod super_resolution,pl:mixin:APP:super_resolution_irisapi.mixins.json:composite.before1_21_1.GlStateManagerTextureStateAccessor from mod super_resolution,pl:mixin:APP:architectury.mixins.json:MixinMinecraft from mod architectury,pl:mixin:A,pl:runtimedistcleaner:A}
	at TRANSFORMER/minecraft@1.21.1/net.minecraft.client.Minecraft.run(Minecraft.java:807) [neoforge-21.1.219.jar%23172!/:?] {re:mixin,pl:runtimedistcleaner:A,re:classloading,pl:mixin:APP:sodium-common.mixins.json:core.MinecraftMixin from mod sodium,pl:mixin:APP:sodium-neoforge.mixins.json:platform.neoforge.EntrypointMixin from mod sodium,pl:mixin:APP:mixins.iris.json:MixinMinecraft_Images from mod iris,pl:mixin:APP:mixins.iris.json:MixinMinecraft_Keybinds from mod iris,pl:mixin:APP:mixins.iris.json:MixinMinecraft_PipelineManagement from mod iris,pl:mixin:APP:super_resolution.mixins.json:core.GlTextureViewMixin from mod super_resolution,pl:mixin:APP:super_resolution.mixins.json:core.MinecraftMixin from mod super_resolution,pl:mixin:APP:super_resolution.mixins.json:core.accessor.MinecraftAccessor from mod super_resolution,pl:mixin:APP:super_resolution.mixins.json:framegeneration.v1_20_1.GameRendererConstantsMixin from mod super_resolution,pl:mixin:APP:super_resolution.mixins.json:framegeneration.v1_21_11.GameRendererConstantsMixin from mod super_resolution,pl:mixin:APP:super_resolution.mixins.json:framegeneration.v26_1_x.GameRendererConstantsMixin from mod super_resolution,pl:mixin:APP:super_resolution.mixins.json:framegeneration.v26_2.GameRendererConstantsMixin from mod super_resolution,pl:mixin:APP:super_resolution.mixins.json:framegeneration.v26_2.NativeLibrariesBootstrapMixin from mod super_resolution,pl:mixin:APP:super_resolution.mixins.json:framegeneration.v26_3.GameRendererConstantsMixin from mod super_resolution,pl:mixin:APP:super_resolution.mixins.json:framegeneration.v26_3.NativeLibrariesBootstrapMixin from mod super_resolution,pl:mixin:APP:super_resolution.mixins.json:gui.GuiGraphicsMixin from mod super_resolution,pl:mixin:APP:super_resolution.mixins.json:gui.GuiRendererDrawAccessor from mod super_resolution,pl:mixin:APP:super_resolution.mixins.json:gui.GuiRendererMixin from mod super_resolution,pl:mixin:APP:super_resolution.mixins.json:lowlatency.v1_20_1.KeyboardHandlerReflexMixin from mod super_resolution,pl:mixin:APP:super_resolution.mixins.json:lowlatency.v1_20_1.MinecraftReflexMixin from mod super_resolution,pl:mixin:APP:super_resolution.mixins.json:lowlatency.v1_20_1.MouseHandlerReflexMixin from mod super_resolution,pl:mixin:APP:super_resolution.mixins.json:lowlatency.v1_20_1.RenderSystemAccessor from mod super_resolution,pl:mixin:APP:super_resolution.mixins.json:lowlatency.v1_21_1.MinecraftReflexMixin from mod super_resolution,pl:mixin:APP:super_resolution.mixins.json:lowlatency.v1_21_11.KeyboardHandlerReflexMixin from mod super_resolution,pl:mixin:APP:super_resolution.mixins.json:lowlatency.v1_21_11.MinecraftReflexMixin from mod super_resolution,pl:mixin:APP:super_resolution.mixins.json:lowlatency.v1_21_11.MouseHandlerReflexMixin from mod super_resolution,pl:mixin:APP:super_resolution.mixins.json:lowlatency.v1_21_11.RenderSystemAccessor from mod super_resolution,pl:mixin:APP:super_resolution.mixins.json:lowlatency.v26_1_x.KeyboardHandlerReflexMixin from mod super_resolution,pl:mixin:APP:super_resolution.mixins.json:lowlatency.v26_1_x.MinecraftReflexMixin from mod super_resolution,pl:mixin:APP:super_resolution.mixins.json:lowlatency.v26_1_x.MouseHandlerReflexMixin from mod super_resolution,pl:mixin:APP:super_resolution.mixins.json:lowlatency.v26_2.KeyboardHandlerReflexMixin from mod super_resolution,pl:mixin:APP:super_resolution.mixins.json:lowlatency.v26_2.MinecraftReflexMixin from mod super_resolution,pl:mixin:APP:super_resolution.mixins.json:lowlatency.v26_2.MouseHandlerReflexMixin from mod super_resolution,pl:mixin:APP:super_resolution.mixins.json:lowlatency.v26_3.KeyboardHandlerReflexMixin from mod super_resolution,pl:mixin:APP:super_resolution.mixins.json:lowlatency.v26_3.MinecraftReflexMixin from mod super_resolution,pl:mixin:APP:super_resolution.mixins.json:lowlatency.v26_3.MouseHandlerReflexMixin from mod super_resolution,pl:mixin:APP:super_resolution.mixins.json:presentation.v1_20_1.VulkanPresentationGameRendererCaptureMixin from mod super_resolution,pl:mixin:APP:super_resolution.mixins.json:presentation.v1_20_1.VulkanPresentationGlDeviceMixin from mod super_resolution,pl:mixin:APP:super_resolution.mixins.json:presentation.v1_20_1.VulkanPresentationMinecraftBackendMixin from mod super_resolution,pl:mixin:APP:super_resolution.mixins.json:presentation.v1_20_1.VulkanPresentationMinecraftCaptureMixin from mod super_resolution,pl:mixin:APP:super_resolution.mixins.json:presentation.v1_20_1.VulkanPresentationWindowMixin from mod super_resolution,pl:mixin:APP:super_resolution.mixins.json:presentation.v1_21_1.VulkanPresentationMinecraftCaptureMixin from mod super_resolution,pl:mixin:APP:super_resolution.mixins.json:presentation.v1_21_11.VulkanPresentationGameRendererCaptureMixin from mod super_resolution,pl:mixin:APP:super_resolution.mixins.json:presentation.v1_21_11.VulkanPresentationGlDeviceMixin from mod super_resolution,pl:mixin:APP:super_resolution.mixins.json:presentation.v1_21_11.VulkanPresentationMinecraftBackendMixin from mod super_resolution,pl:mixin:APP:super_resolution.mixins.json:presentation.v1_21_11.VulkanPresentationMinecraftCaptureMixin from mod super_resolution,pl:mixin:APP:super_resolution.mixins.json:presentation.v1_21_11.VulkanPresentationWindowMixin from mod super_resolution,pl:mixin:APP:super_resolution.mixins.json:presentation.v26_1_x.VulkanPresentationGameRendererCaptureMixin from mod super_resolution,pl:mixin:APP:super_resolution.mixins.json:presentation.v26_1_x.VulkanPresentationGlDeviceMixin from mod super_resolution,pl:mixin:APP:super_resolution.mixins.json:presentation.v26_1_x.VulkanPresentationMinecraftBackendMixin from mod super_resolution,pl:mixin:APP:super_resolution.mixins.json:presentation.v26_1_x.VulkanPresentationMinecraftCaptureMixin from mod super_resolution,pl:mixin:APP:super_resolution.mixins.json:presentation.v26_1_x.VulkanPresentationWindowCloseMixin from mod super_resolution,pl:mixin:APP:super_resolution.mixins.json:presentation.v26_2.VulkanPresentationGameRendererCaptureMixin from mod super_resolution,pl:mixin:APP:super_resolution.mixins.json:presentation.v26_2.VulkanPresentationGlDeviceMixin from mod super_resolution,pl:mixin:APP:super_resolution.mixins.json:presentation.v26_2.VulkanPresentationMinecraftBackendMixin from mod super_resolution,pl:mixin:APP:super_resolution.mixins.json:presentation.v26_2.VulkanPresentationMinecraftCaptureMixin from mod super_resolution,pl:mixin:APP:super_resolution.mixins.json:presentation.v26_2.VulkanPresentationWindowCloseMixin from mod super_resolution,pl:mixin:APP:super_resolution.mixins.json:presentation.v26_3.VulkanPresentationGameRendererCaptureMixin from mod super_resolution,pl:mixin:APP:super_resolution.mixins.json:presentation.v26_3.VulkanPresentationGlDeviceMixin from mod super_resolution,pl:mixin:APP:super_resolution.mixins.json:presentation.v26_3.VulkanPresentationMinecraftBackendMixin from mod super_resolution,pl:mixin:APP:super_resolution.mixins.json:presentation.v26_3.VulkanPresentationMinecraftCaptureMixin from mod super_resolution,pl:mixin:APP:super_resolution.mixins.json:presentation.v26_3.VulkanPresentationWindowCloseMixin from mod super_resolution,pl:mixin:APP:super_resolution-neoforge.mixins.json:neoforge.FuckingValidation1218Mixin from mod super_resolution,pl:mixin:APP:super_resolution-neoforge.mixins.json:neoforge.FuckingValidationMixin from mod super_resolution,pl:mixin:APP:super_resolution_irisapi.mixins.json:composite.before1_21_1.GlStateManagerTextureStateAccessor from mod super_resolution,pl:mixin:APP:architectury.mixins.json:MixinMinecraft from mod architectury,pl:mixin:A,pl:runtimedistcleaner:A}
	at TRANSFORMER/minecraft@1.21.1/net.minecraft.client.main.Main.main(Main.java:230) [neoforge-21.1.219.jar%23172!/:?] {re:classloading,pl:runtimedistcleaner:A}
	at java.base/jdk.internal.reflect.DirectMethodHandleAccessor.invoke(DirectMethodHandleAccessor.java:104) ~[?:?] {}
	at java.base/java.lang.reflect.Method.invoke(Method.java:565) ~[?:?] {}
	at MC-BOOTSTRAP/fml_loader@4.0.42/net.neoforged.fml.loading.targets.CommonLaunchHandler.runTarget(CommonLaunchHandler.java:136) [loader-4.0.42.jar%23130!/:4.0] {}
	at MC-BOOTSTRAP/fml_loader@4.0.42/net.neoforged.fml.loading.targets.CommonLaunchHandler.clientService(CommonLaunchHandler.java:124) [loader-4.0.42.jar%23130!/:4.0] {}
	at MC-BOOTSTRAP/fml_loader@4.0.42/net.neoforged.fml.loading.targets.NeoForgeClientDevLaunchHandler.runService(NeoForgeClientDevLaunchHandler.java:23) [loader-4.0.42.jar%23130!/:4.0] {}
	at MC-BOOTSTRAP/fml_loader@4.0.42/net.neoforged.fml.loading.targets.CommonLaunchHandler.lambda$launchService$4(CommonLaunchHandler.java:118) [loader-4.0.42.jar%23130!/:4.0] {}
	at MC-BOOTSTRAP/cpw.mods.modlauncher@11.0.5/cpw.mods.modlauncher.LaunchServiceHandlerDecorator.launch(LaunchServiceHandlerDecorator.java:30) [modlauncher-11.0.5.jar%23112!/:?] {}
	at MC-BOOTSTRAP/cpw.mods.modlauncher@11.0.5/cpw.mods.modlauncher.LaunchServiceHandler.launch(LaunchServiceHandler.java:53) [modlauncher-11.0.5.jar%23112!/:?] {}
	at MC-BOOTSTRAP/cpw.mods.modlauncher@11.0.5/cpw.mods.modlauncher.LaunchServiceHandler.launch(LaunchServiceHandler.java:71) [modlauncher-11.0.5.jar%23112!/:?] {}
	at MC-BOOTSTRAP/cpw.mods.modlauncher@11.0.5/cpw.mods.modlauncher.Launcher.run(Launcher.java:103) [modlauncher-11.0.5.jar%23112!/:?] {}
	at MC-BOOTSTRAP/cpw.mods.modlauncher@11.0.5/cpw.mods.modlauncher.Launcher.main(Launcher.java:74) [modlauncher-11.0.5.jar%23112!/:?] {}
	at MC-BOOTSTRAP/cpw.mods.modlauncher@11.0.5/cpw.mods.modlauncher.BootstrapLaunchConsumer.accept(BootstrapLaunchConsumer.java:26) [modlauncher-11.0.5.jar%23112!/:?] {}
	at MC-BOOTSTRAP/cpw.mods.modlauncher@11.0.5/cpw.mods.modlauncher.BootstrapLaunchConsumer.accept(BootstrapLaunchConsumer.java:23) [modlauncher-11.0.5.jar%23112!/:?] {}
	at cpw.mods.bootstraplauncher@2.0.2/cpw.mods.bootstraplauncher.BootstrapLauncher.run(BootstrapLauncher.java:210) [bootstraplauncher-2.0.2.jar:?] {}
	at cpw.mods.bootstraplauncher@2.0.2/cpw.mods.bootstraplauncher.BootstrapLauncher.main(BootstrapLauncher.java:69) [bootstraplauncher-2.0.2.jar:?] {}
	at java.base/jdk.internal.reflect.DirectMethodHandleAccessor.invoke(DirectMethodHandleAccessor.java:104) ~[?:?] {}
	at java.base/java.lang.reflect.Method.invoke(Method.java:565) ~[?:?] {}
	at net.neoforged.devlaunch.Main.main(Main.java:57) [DevLaunch-1.0.2.jar:?] {}
[14:20:08] [Render thread/WARN] [Iris/]: The following uniforms won't work, either because they are broken, or reference a broken uniform: 
endFlashIntensityM, endFlashFactor1
[14:20:14] [Render thread/INFO] [SuperResolution/]: NGX [UNKNOWN:ON] [2026-10-04 14:20:14] [NVSDK_NGX_CreateFeature_Validate:731] app id is 141959980
[14:20:14] [Render thread/INFO] [SuperResolution/]: NGX [SUPER_SAMPLING:ON] [2026-10-04 14:20:14] [tid:1570080][NgxRayReconstruction::FillCreationParams::<lambda_5bd36971463f469fd81574f74f368df1>::operator ():1733] Info: (DLAA) Using Default Overriden Preset Preset_D
[14:20:14] [Render thread/INFO] [SuperResolution/]: NGX [SUPER_SAMPLING:ON] [2026-10-04 14:20:14] [tid:1570080][NgxRayReconstruction::FillCreationParams::<lambda_5bd36971463f469fd81574f74f368df1>::operator ():1733] Info: (Quality) Using Default Overriden Preset Preset_D
[14:20:14] [Render thread/INFO] [SuperResolution/]: NGX [SUPER_SAMPLING:ON] [2026-10-04 14:20:14] [tid:1570080][NgxRayReconstruction::FillCreationParams::<lambda_5bd36971463f469fd81574f74f368df1>::operator ():1733] Info: (Balanced) Using Default Overriden Preset Preset_D
[14:20:14] [Render thread/INFO] [SuperResolution/]: NGX [SUPER_SAMPLING:ON] [2026-10-04 14:20:14] [tid:1570080][NgxRayReconstruction::FillCreationParams::<lambda_5bd36971463f469fd81574f74f368df1>::operator ():1733] Info: (Perf) Using Default Overriden Preset Preset_D
[14:20:14] [Render thread/INFO] [SuperResolution/]: NGX [SUPER_SAMPLING:ON] [2026-10-04 14:20:14] [tid:1570080][NgxRayReconstruction::FillCreationParams::<lambda_5bd36971463f469fd81574f74f368df1>::operator ():1733] Info: (UltraPerf) Using Default Overriden Preset Preset_D
[14:20:14] [Render thread/INFO] [SuperResolution/]: NGX [SUPER_SAMPLING:ON] [2026-10-04 14:20:14] [tid:1570080][NgxRayReconstruction::FillCreationParams::<lambda_5bd36971463f469fd81574f74f368df1>::operator ():1733] Info: (UltraQuality) Using Default Overriden Preset Preset_D
[14:20:14] [Render thread/INFO] [SuperResolution/]: NGX [SUPER_SAMPLING:ON] [2026-10-04 14:20:14] [tid:1570080][NgxDltss::FillCreationParams::<lambda_cef418e50ae0bb979313c68b3f92b7fd>::operator ():2763] Info: (DLAA) Using App hint Preset K
[14:20:14] [Render thread/INFO] [SuperResolution/]: NGX [SUPER_SAMPLING:ON] [2026-10-04 14:20:14] [tid:1570080][NgxDltss::FillCreationParams::<lambda_cef418e50ae0bb979313c68b3f92b7fd>::operator ():2763] Info: (Quality) Using App hint Preset K
[14:20:14] [Render thread/INFO] [SuperResolution/]: NGX [SUPER_SAMPLING:ON] [2026-10-04 14:20:14] [tid:1570080][NgxDltss::FillCreationParams::<lambda_cef418e50ae0bb979313c68b3f92b7fd>::operator ():2763] Info: (Balanced) Using App hint Preset K
[14:20:14] [Render thread/INFO] [SuperResolution/]: NGX [SUPER_SAMPLING:ON] [2026-10-04 14:20:14] [tid:1570080][NgxDltss::FillCreationParams::<lambda_cef418e50ae0bb979313c68b3f92b7fd>::operator ():2763] Info: (Perf) Using App hint Preset K
[14:20:14] [Render thread/INFO] [SuperResolution/]: NGX [SUPER_SAMPLING:ON] [2026-10-04 14:20:14] [tid:1570080][NgxDltss::FillCreationParams::<lambda_cef418e50ae0bb979313c68b3f92b7fd>::operator ():2763] Info: (UltraPerf) Using App hint Preset K
[14:20:14] [Render thread/INFO] [SuperResolution/]: NGX [SUPER_SAMPLING:ON] [2026-10-04 14:20:14] [tid:1570080][NgxDltss::FillCreationParams::<lambda_cef418e50ae0bb979313c68b3f92b7fd>::operator ():2763] Info: (UltraQuality) Using App hint Preset K
[14:20:14] [Render thread/INFO] [SuperResolution/]: NGX [SUPER_SAMPLING:ON] [2026-10-04 14:20:14] [tid:1570080][AliasTensorContainer:192] Texture is too small to fit tensor buffer: 3538944 < 6291456
[14:20:14] [Render thread/INFO] [SuperResolution/]: NGX [SUPER_SAMPLING:ON] [2026-10-04 14:20:14] [tid:1570080][AliasTensorContainer:192] Texture is too small to fit tensor buffer: 3538944 < 4214784
[14:20:14] [Render thread/INFO] [SuperResolution/]: NGX [SUPER_SAMPLING:ON] [2026-10-04 14:20:14] [tid:1570080][PaddedWindowNetwork::CreatePaddedWindowNetwork:399] Container0Tensor: 5 MiB allocated
[14:20:14] [Render thread/INFO] [SuperResolution/]: NGX [SUPER_SAMPLING:ON] [2026-10-04 14:20:14] [tid:1570080][PaddedWindowNetwork::CreatePaddedWindowNetwork:403] Container1Tensor: 6 MiB allocated
[14:20:14] [Render thread/INFO] [SuperResolution/]: NGX [SUPER_SAMPLING:ON] [2026-10-04 14:20:14] [tid:1570080][PaddedWindowNetwork::CreatePaddedWindowNetwork:407] Container2Tensor: 4 MiB allocated
[14:20:15] [Render thread/INFO] [SuperResolution/]: NGX [UNKNOWN:ON] [2026-10-04 14:20:15] [NVSDK_NGX_CreateFeature_Validate:731] app id is 141959980
[14:20:15] [Render thread/INFO] [SuperResolution/]: NGX [SUPER_SAMPLING:ON] [2026-10-04 14:20:15] [tid:1570080][NgxRayReconstruction::FillCreationParams::<lambda_5bd36971463f469fd81574f74f368df1>::operator ():1733] Info: (DLAA) Using Default Overriden Preset Preset_D
[14:20:15] [Render thread/INFO] [SuperResolution/]: NGX [SUPER_SAMPLING:ON] [2026-10-04 14:20:15] [tid:1570080][NgxRayReconstruction::FillCreationParams::<lambda_5bd36971463f469fd81574f74f368df1>::operator ():1733] Info: (Quality) Using Default Overriden Preset Preset_D
[14:20:15] [Render thread/INFO] [SuperResolution/]: NGX [SUPER_SAMPLING:ON] [2026-10-04 14:20:15] [tid:1570080][NgxRayReconstruction::FillCreationParams::<lambda_5bd36971463f469fd81574f74f368df1>::operator ():1733] Info: (Balanced) Using Default Overriden Preset Preset_D
[14:20:15] [Render thread/INFO] [SuperResolution/]: NGX [SUPER_SAMPLING:ON] [2026-10-04 14:20:15] [tid:1570080][NgxRayReconstruction::FillCreationParams::<lambda_5bd36971463f469fd81574f74f368df1>::operator ():1733] Info: (Perf) Using Default Overriden Preset Preset_D
4 < 6291456
[2026-10-04 14:20:00] [tid:1570080][AliasTensorContainer:192] Texture is too small to fit tensor buffer: 3538944 < 4214784
[2026-10-04 14:20:00] [tid:1570080][PaddedWindowNetwork::CreatePaddedWindowNetwork:399] Container0Tensor: 5 MiB allocated
[2026-10-04 14:20:00] [tid:1570080][PaddedWindowNetwork::CreatePaddedWindowNetwork:403] Container1Tensor: 6 MiB allocated
[2026-10-04 14:20:00] [tid:1570080][PaddedWindowNetwork::CreatePaddedWindowNetwork:407] Container2Tensor: 4 MiB allocated
[2026-10-04 14:20:14] [tid:1570080][NgxRayReconstruction::FillCreationParams::<lambda_5bd36971463f469fd81574f74f368df1>::operator ():1733] Info: (DLAA) Using Default Overriden Preset Preset_D
[2026-10-04 14:20:14] [tid:1570080][NgxRayReconstruction::FillCreationParams::<lambda_5bd36971463f469fd81574f74f368df1>::operator ():1733] Info: (Quality) Using Default Overriden Preset Preset_D
[2026-10-04 14:20:14] [tid:1570080][NgxRayReconstruction::FillCreationParams::<lambda_5bd36971463f469fd81574f74f368df1>::operator ():1733] Info: (Balanced) Using Default Overriden Preset Preset_D
[2026-10-04 14:20:14] [tid:1570080][NgxRayReconstruction::FillCreationParams::<lambda_5bd36971463f469fd81574f74f368df1>::operator ():1733] Info: (Perf) Using Default Overriden Preset Preset_D
[2026-10-04 14:20:14] [tid:1570080][NgxRayReconstruction::FillCreationParams::<lambda_5bd36971463f469fd81574f74f368df1>::operator ():1733] Info: (UltraPerf) Using Default Overriden Preset Preset_D
[2026-10-04 14:20:14] [tid:1570080][NgxRayReconstruction::FillCreationParams::<lambda_5bd36971463f469fd81574f74f368df1>::operator ():1733] Info: (UltraQuality) Using Default Overriden Preset Preset_D
[2026-10-04 14:20:14] [tid:1570080][NgxDltss::FillCreationParams::<lambda_cef418e50ae0bb979313c68b3f92b7fd>::operator ():2763] Info: (DLAA) Using App hint Preset K
[2026-10-04 14:20:14] [tid:1570080][NgxDltss::FillCreationParams::<lambda_cef418e50ae0bb979313c68b3f92b7fd>::operator ():2763] Info: (Quality) Using App hint Preset K
[2026-10-04 14:20:14] [tid:1570080][NgxDltss::FillCreationParams::<lambda_cef418e50ae0bb979313c68b3f92b7fd>::operator ():2763] Info: (Balanced) Using App hint Preset K
[2026-10-04 14:20:14] [tid:1570080][NgxDltss::FillCreationParams::<lambda_cef418e50ae0bb979313c68b3f92b7fd>::operator ():2763] Info: (Perf) Using App hint Preset K
[2026-10-04 14:20:14] [tid:1570080][NgxDltss::FillCreationParams::<lambda_cef418e50ae0bb979313c68b3f92b7fd>::operator ():2763] Info: (UltraPerf) Using App hint Preset K
[2026-10-04 14:20:14] [tid:1570080][NgxDltss::FillCreationParams::<lambda_cef418e50ae0bb979313c68b3f92b7fd>::operator ():2763] Info: (UltraQuality) Using App hint Preset K
[2026-10-04 14:20:14] [tid:1570080][AliasTensorContainer:192] Texture is too small to fit tensor buffer: 3538944 < 6291456
[2026-10-04 14:20:14] [tid:1570080][AliasTensorContainer:192] Texture is too small to fit tensor buffer: 3538944 < 4214784
[2026-10-04 14:20:14] [tid:1570080][PaddedWindowNetwork::CreatePaddedWindowNetwork:399] Container0Tensor: 5 MiB allocated
[2026-10-04 14:20:14] [tid:1570080][PaddedWindowNetwork::CreatePaddedWindowNetwork:403] Container1Tensor: 6 MiB allocated
[2026-10-04 14:20:14] [tid:1570080][PaddedWindowNetwork::CreatePaddedWindowNetwork:407] Container2Tensor: 4 MiB allocated
[2026-10-04 14:20:15] [tid:1570080][NgxRayReconstruction::FillCreationParams::<lambda_5bd36971463f469fd81574f74f368df1>::operator ():1733] Info: (DLAA) Using Default Overriden Preset Preset_D
[2026-10-04 14:20:15] [tid:1570080][NgxRayReconstruction::FillCreationParams::<lambda_5bd36971463f469fd81574f74f368df1>::operator ():1733] Info: (Quality) Using Default Overriden Preset Preset_D
[2026-10-04 14:20:15] [tid:1570080][NgxRayReconstruction::FillCreationParams::<lambda_5bd36971463f469fd81574f74f368df1>::operator ():1733] Info: (Balanced) Using Default Overriden Preset Preset_D
[2026-10-04 14:20:15] [tid:1570080][NgxRayReconstruction::FillCreationParams::<lambda_5bd36971463f469fd81574f74f368df1>::operator ():1733] Info: (Perf) Using Default Overriden Preset Preset_D
[2026-10-04 14:20:15] [tid:15700[14:20:15] [Render thread/INFO] [SuperResolution/]: NGX [SUPER_SAMPLING:ON] [2026-10-04 14:20:15] [tid:1570080][NgxRayReconstruction::FillCreationParams::<lambda_5bd36971463f469fd81574f74f368df1>::operator ():1733] Info: (UltraPerf) Using Default Overriden Preset Preset_D
[14:20:15] [Render thread/INFO] [SuperResolution/]: NGX [SUPER_SAMPLING:ON] [2026-10-04 14:20:15] [tid:1570080][NgxRayReconstruction::FillCreationParams::<lambda_5bd36971463f469fd81574f74f368df1>::operator ():1733] Info: (UltraQuality) Using Default Overriden Preset Preset_D
[14:20:15] [Render thread/INFO] [SuperResolution/]: NGX [SUPER_SAMPLING:ON] [2026-10-04 14:20:15] [tid:1570080][NgxDltss::FillCreationParams::<lambda_cef418e50ae0bb979313c68b3f92b7fd>::operator ():2763] Info: (DLAA) Using App hint Preset K
[14:20:15] [Render thread/INFO] [SuperResolution/]: NGX [SUPER_SAMPLING:ON] [2026-10-04 14:20:15] [tid:1570080][NgxDltss::FillCreationParams::<lambda_cef418e50ae0bb979313c68b3f92b7fd>::operator ():2763] Info: (Quality) Using App hint Preset K
[14:20:15] [Render thread/INFO] [SuperResolution/]: NGX [SUPER_SAMPLING:ON] [2026-10-04 14:20:15] [tid:1570080][NgxDltss::FillCreationParams::<lambda_cef418e50ae0bb979313c68b3f92b7fd>::operator ():2763] Info: (Balanced) Using App hint Preset K
[14:20:15] [Render thread/INFO] [SuperResolution/]: NGX [SUPER_SAMPLING:ON] [2026-10-04 14:20:15] [tid:1570080][NgxDltss::FillCreationParams::<lambda_cef418e50ae0bb979313c68b3f92b7fd>::operator ():2763] Info: (Perf) Using App hint Preset K
[14:20:15] [Render thread/INFO] [SuperResolution/]: NGX [SUPER_SAMPLING:ON] [2026-10-04 14:20:15] [tid:1570080][NgxDltss::FillCreationParams::<lambda_cef418e50ae0bb979313c68b3f92b7fd>::operator ():2763] Info: (UltraPerf) Using App hint Preset K
[14:20:15] [Render thread/INFO] [SuperResolution/]: NGX [SUPER_SAMPLING:ON] [2026-10-04 14:20:15] [tid:1570080][NgxDltss::FillCreationParams::<lambda_cef418e50ae0bb979313c68b3f92b7fd>::operator ():2763] Info: (UltraQuality) Using App hint Preset K
[14:20:15] [Render thread/INFO] [SuperResolution/]: NGX [SUPER_SAMPLING:ON] [2026-10-04 14:20:15] [tid:1570080][AliasTensorContainer:192] Texture is too small to fit tensor buffer: 3538944 < 6291456
[14:20:15] [Render thread/INFO] [SuperResolution/]: NGX [SUPER_SAMPLING:ON] [2026-10-04 14:20:15] [tid:1570080][AliasTensorContainer:192] Texture is too small to fit tensor buffer: 3538944 < 4214784
[14:20:15] [Render thread/INFO] [SuperResolution/]: NGX [SUPER_SAMPLING:ON] [2026-10-04 14:20:15] [tid:1570080][PaddedWindowNetwork::CreatePaddedWindowNetwork:399] Container0Tensor: 5 MiB allocated
[14:20:15] [Render thread/INFO] [SuperResolution/]: NGX [SUPER_SAMPLING:ON] [2026-10-04 14:20:15] [tid:1570080][PaddedWindowNetwork::CreatePaddedWindowNetwork:403] Container1Tensor: 6 MiB allocated
[14:20:15] [Render thread/INFO] [SuperResolution/]: NGX [SUPER_SAMPLING:ON] [2026-10-04 14:20:15] [tid:1570080][PaddedWindowNetwork::CreatePaddedWindowNetwork:407] Container2Tensor: 4 MiB allocated
[14:20:15] [Render thread/INFO] [SuperResolution/]: Initializing algorithm NVIDIA DLSS
[14:21:18] [Render thread/WARN] [ne.ne.ne.co.CommonHooks/WP]: The following mods have version differences that were not resolved:
super_resolution (version 0.9.2-alpha.1+dev.eaca5f4.opengl -> 0.9.2-alpha.1+dev.b3dd23c.opengl)
Things may not work well.
[14:21:19] [Render thread/INFO] [minecraft/RecipeManager]: Loaded 1290 recipes
[14:21:19] [Render thread/INFO] [minecraft/AdvancementTree]: Loaded 1399 advancements
[14:21:19] [Server thread/INFO] [minecraft/IntegratedServer]: Starting integrated minecraft server version 1.21.1
[14:21:19] [Server thread/INFO] [minecraft/MinecraftServer]: Generating keypair
[14:21:20] [Server thread/INFO] [minecraft/MinecraftServer]: Preparing start region for dimension minecraft:overworld
[14:21:20] [progressListener/INFO] [minecraft/LoggerChunkProgressListener]: Preparing spawn area: 0%
[14:21:21] [Server thread/INFO] [ne.ne.ne.se.pe.PermissionAPI/]: Successfully initialized permission handler neoforge:default_handler
[14:21:21] [progressListener/INFO] [minecraft/LoggerChunkProgressListener]: Time elapsed: 402 ms
[14:21:21] [Server thread/INFO] [minecraft/IntegratedServer]: Changing view distance to 12, from 10
[14:21:21] [Server thread/INFO] [minecraft/IntegratedServer]: Changing simulation distance to 12, from 0
[14:21:21] [Server thread/INFO] [minecraft/PlayerList]: Dev[local:E:40d03879] logged in with entity id 2 at (733.5908592373125, 116.0, -134.00704416520662)
[14:21:21] [Render thread/INFO] [Iris/]: Reloading pipeline on dimension change: minecraft:overworld => minecraft:overworld
[14:21:21] [Render thread/INFO] [Iris/]: Destroying pipeline minecraft:overworld
[14:21:21] [Server thread/INFO] [minecraft/MinecraftServer]: Dev joined the game
[14:21:21] [Render thread/INFO] [Iris/]: Creating pipeline for dimension minecraft:overworld
[14:21:21] [Render thread/WARN] [Iris/]: Failed to resolve uniform inPaleGarden, reason: Unknown variable: BIOME_PALE_GARDEN ( = FunctionCall{smooth {[Number{55}, FunctionCall{if {[FunctionCall{in {[Id{biome}, Id{BIOME_PALE_GARDEN}]} }, Number{1}, Number{0}]} }, Number{15}, Number{15}]} })
java.lang.RuntimeException: Unknown variable: BIOME_PALE_GARDEN
	at TRANSFORMER/iris@1.8.8+mc1.21.1/kroppeb.stareval.resolver.ExpressionResolver.resolveExpressionInternal(ExpressionResolver.java:225) ~[iris-1.8.8+1.21.1-neoforge-neoforge,1.21.1.jar%23177!/:?] {re:classloading}
	at TRANSFORMER/iris@1.8.8+mc1.21.1/kroppeb.stareval.resolver.ExpressionResolver.resolveCallExpressionInternal(ExpressionResolver.java:81) ~[iris-1.8.8+1.21.1-neoforge-neoforge,1.21.1.jar%23177!/:?] {re:classloading}
	at TRANSFORMER/iris@1.8.8+mc1.21.1/kroppeb.stareval.resolver.ExpressionResolver.resolveCallExpression(ExpressionResolver.java:140) ~[iris-1.8.8+1.21.1-neoforge-neoforge,1.21.1.jar%23177!/:?] {re:classloading}
	at TRANSFORMER/iris@1.8.8+mc1.21.1/kroppeb.stareval.resolver.ExpressionResolver.resolveExpressionInternal(ExpressionResolver.java:196) ~[iris-1.8.8+1.21.1-neoforge-neoforge,1.21.1.jar%23177!/:?] {re:classloading}
	at TRANSFORMER/iris@1.8.8+mc1.21.1/kroppeb.stareval.resolver.ExpressionResolver.resolveCallExpressionInternal(ExpressionResolver.java:81) ~[iris-1.8.8+1.21.1-neoforge-neoforge,1.21.1.jar%23177!/:?] {re:classloading}
	at TRANSFORMER/iris@1.8.8+mc1.21.1/kroppeb.stareval.resolver.ExpressionResolver.resolveCallExpression(ExpressionResolver.java:140) ~[iris-1.8.8+1.21.1-neoforge-neoforge,1.21.1.jar%23177!/:?] {re:classloading}
	at TRANSFORMER/iris@1.8.8+mc1.21.1/kroppeb.stareval.resolver.ExpressionResolver.resolveCallExpression(ExpressionResolver.java:127) ~[iris-1.8.8+1.21.1-neoforge-neoforge,1.21.1.jar%23177!/:?] {re:classloading}
	at TRANSFORMER/iris@1.8.8+mc1.21.1/kroppeb.stareval.resolver.ExpressionResolver.resolveExpressionInternal(ExpressionResolver.java:196) ~[iris-1.8.8+1.21.1-neoforge-neoforge,1.21.1.jar%23177!/:?] {re:classloading}
	at TRANSFORMER/iris@1.8.8+mc1.21.1/kroppeb.stareval.resolver.ExpressionResolver.resolveCallExpressionInternal(ExpressionResolver.java:81) ~[iris-1.8.8+1.21.1-neoforge-neoforge,1.21.1.jar%23177!/:?] {re:classloading}
	at TRANSFORMER/iris@1.8.8+mc1.21.1/kroppeb.stareval.resolver.ExpressionResolver.resolveCallExpression(ExpressionResolver.java:140) ~[iris-1.8.8+1.21.1-neoforge-neoforge,1.21.1.jar%23177!/:?] {re:classloading}
	at TRANSFORMER/iris@1.8.8+mc1.21.1/kroppeb.stareval.resolver.ExpressionResolver.resolveExpressionInternal(ExpressionResolver.java:196) ~[iris-1.8.8+1.21.1-neoforge-neoforge,1.21.1.jar%23177!/:?] {re:classloading}
	at TRANSFORMER/iris@1.8.8+mc1.21.1/kroppeb.stareval.resolver.ExpressionResolver.resolveExpression(ExpressionResolver.java:50) ~[iris-1.8.8+1.21.1-neoforge-neoforge,1.21.1.jar%23177!/:?] {re:classloading}
	at TRANSFORMER/iris@1.8.8+mc1.21.1/net.irisshaders.iris.uniforms.custom.CustomUniforms.<init>(CustomUniforms.java:60) [iris-1.8.8+1.21.1-neoforge-neoforge,1.21.1.jar%23177!/:?] {re:classloading}
	at TRANSFORMER/iris@1.8.8+mc1.21.1/net.irisshaders.iris.uniforms.custom.CustomUniforms$Builder.build(CustomUniforms.java:332) [iris-1.8.8+1.21.1-neoforge-neoforge,1.21.1.jar%23177!/:?] {re:classloading}
	at TRANSFORMER/iris@1.8.8+mc1.21.1/net.irisshaders.iris.uniforms.custom.CustomUniforms$Builder.build(CustomUniforms.java:343) [iris-1.8.8+1.21.1-neoforge-neoforge,1.21.1.jar%23177!/:?] {re:classloading}
	at TRANSFORMER/iris@1.8.8+mc1.21.1/net.irisshaders.iris.pipeline.IrisRenderingPipeline.<init>(IrisRenderingPipeline.java:282) [iris-1.8.8+1.21.1-neoforge-neoforge,1.21.1.jar%23177!/:?] {re:mixin,re:classloading,pl:mixin:APP:super_resolution_irisapi.mixins.json:composite.IrisRenderingPipelineAccessor from mod super_resolution,pl:mixin:APP:super_resolution_irisapi.mixins.json:composite.before1_21_1.IrisRenderingPipelineMixin from mod super_resolution,pl:mixin:APP:super_resolution.shadercompat.mixins.json:core.IrisRenderingPipelineAccessor from mod super_resolution,pl:mixin:APP:super_resolution.shadercompat.mixins.json:core.IrisRenderingPipelineMixin from mod super_resolution,pl:mixin:A}
	at TRANSFORMER/iris@1.8.8+mc1.21.1/net.irisshaders.iris.Iris.createPipeline(Iris.java:616) [iris-1.8.8+1.21.1-neoforge-neoforge,1.21.1.jar%23177!/:?] {re:mixin,re:classloading,pl:mixin:APP:super_resolution.shadercompat.mixins.json:core.IrisMixin from mod super_resolution,pl:mixin:A}
	at TRANSFORMER/iris@1.8.8+mc1.21.1/net.irisshaders.iris.pipeline.PipelineManager.preparePipeline(PipelineManager.java:33) [iris-1.8.8+1.21.1-neoforge-neoforge,1.21.1.jar%23177!/:?] {re:mixin,re:classloading,pl:mixin:APP:super_resolution.shadercompat.mixins.json:core.PipelineManagerMixin from mod super_resolution,pl:mixin:A}
	at TRANSFORMER/minecraft@1.21.1/net.minecraft.client.Minecraft.handler$zeo000$iris$resetPipeline(Minecraft.java:5042) [neoforge-21.1.219.jar%23172!/:?] {re:mixin,pl:runtimedistcleaner:A,re:classloading,pl:mixin:APP:sodium-common.mixins.json:core.MinecraftMixin from mod sodium,pl:mixin:APP:sodium-neoforge.mixins.json:platform.neoforge.EntrypointMixin from mod sodium,pl:mixin:APP:mixins.iris.json:MixinMinecraft_Images from mod iris,pl:mixin:APP:mixins.iris.json:MixinMinecraft_Keybinds from mod iris,pl:mixin:APP:mixins.iris.json:MixinMinecraft_PipelineManagement from mod iris,pl:mixin:APP:super_resolution.mixins.json:core.GlTextureViewMixin from mod super_resolution,pl:mixin:APP:super_resolution.mixins.json:core.MinecraftMixin from mod super_resolution,pl:mixin:APP:super_resolution.mixins.json:core.accessor.MinecraftAccessor from mod super_resolution,pl:mixin:APP:super_resolution.mixins.json:framegeneration.v1_20_1.GameRendererConstantsMixin from mod super_resolution,pl:mixin:APP:super_resolution.mixins.json:framegeneration.v1_21_11.GameRendererConstantsMixin from mod super_resolution,pl:mixin:APP:super_resolution.mixins.json:framegeneration.v26_1_x.GameRendererConstantsMixin from mod super_resolution,pl:mixin:APP:super_resolution.mixins.json:framegeneration.v26_2.GameRendererConstantsMixin from mod super_resolution,pl:mixin:APP:super_resolution.mixins.json:framegeneration.v26_2.NativeLibrariesBootstrapMixin from mod super_resolution,pl:mixin:APP:super_resolution.mixins.json:framegeneration.v26_3.GameRendererConstantsMixin from mod super_resolution,pl:mixin:APP:super_resolution.mixins.json:framegeneration.v26_3.NativeLibrariesBootstrapMixin from mod super_resolution,pl:mixin:APP:super_resolution.mixins.json:gui.GuiGraphicsMixin from mod super_resolution,pl:mixin:APP:super_resolution.mixins.json:gui.GuiRendererDrawAccessor from mod super_resolution,pl:mixin:APP:super_resolution.mixins.json:gui.GuiRendererMixin from mod super_resolution,pl:mixin:APP:super_resolution.mixins.json:lowlatency.v1_20_1.KeyboardHandlerReflexMixin from mod super_resolution,pl:mixin:APP:super_resolution.mixins.json:lowlatency.v1_20_1.MinecraftReflexMixin from mod super_resolution,pl:mixin:APP:super_resolution.mixins.json:lowlatency.v1_20_1.MouseHandlerReflexMixin from mod super_resolution,pl:mixin:APP:super_resolution.mixins.json:lowlatency.v1_20_1.RenderSystemAccessor from mod super_resolution,pl:mixin:APP:super_resolution.mixins.json:lowlatency.v1_21_1.MinecraftReflexMixin from mod super_resolution,pl:mixin:APP:super_resolution.mixins.json:lowlatency.v1_21_11.KeyboardHandlerReflexMixin from mod super_resolution,pl:mixin:APP:super_resolution.mixins.json:lowlatency.v1_21_11.MinecraftReflexMixin from mod super_resolution,pl:mixin:APP:super_resolution.mixins.json:lowlatency.v1_21_11.MouseHandlerReflexMixin from mod super_resolution,pl:mixin:APP:super_resolution.mixins.json:lowlatency.v1_21_11.RenderSystemAccessor from mod super_resolution,pl:mixin:APP:super_resolution.mixins.json:lowlatency.v26_1_x.KeyboardHandlerReflexMixin from mod super_resolution,pl:mixin:APP:super_resolution.mixins.json:lowlatency.v26_1_x.MinecraftReflexMixin from mod super_resolution,pl:mixin:APP:super_resolution.mixins.json:lowlatency.v26_1_x.MouseHandlerReflexMixin from mod super_resolution,pl:mixin:APP:super_resolution.mixins.json:lowlatency.v26_2.KeyboardHandlerReflexMixin from mod super_resolution,pl:mixin:APP:super_resolution.mixins.json:lowlatency.v26_2.MinecraftReflexMixin from mod super_resolution,pl:mixin:APP:super_resolution.mixins.json:lowlatency.v26_2.MouseHandlerReflexMixin from mod super_resolution,pl:mixin:APP:super_resolution.mixins.json:lowlatency.v26_3.KeyboardHandlerReflexMixin from mod super_resolution,pl:mixin:APP:super_resolution.mixins.json:lowlatency.v26_3.MinecraftReflexMixin from mod super_resolution,pl:mixin:APP:super_resolution.mixins.json:lowlatency.v26_3.MouseHandlerReflexMixin from mod super_resolution,pl:mixin:APP:super_resolution.mixins.json:presentation.v1_20_1.VulkanPresentationGameRendererCaptureMixin from mod super_resolution,pl:mixin:APP:super_resolution.mixins.json:presentation.v1_20_1.VulkanPresentationGlDeviceMixin from mod super_resolution,pl:mixin:APP:super_resolution.mixins.json:presentation.v1_20_1.VulkanPresentationMinecraftBackendMixin from mod super_resolution,pl:mixin:APP:super_resolution.mixins.json:presentation.v1_20_1.VulkanPresentationMinecraftCaptureMixin from mod super_resolution,pl:mixin:APP:super_resolution.mixins.json:presentation.v1_20_1.VulkanPresentationWindowMixin from mod super_resolution,pl:mixin:APP:super_resolution.mixins.json:presentation.v1_21_1.VulkanPresentationMinecraftCaptureMixin from mod super_resolution,pl:mixin:APP:super_resolution.mixins.json:presentation.v1_21_11.VulkanPresentationGameRendererCaptureMixin from mod super_resolution,pl:mixin:APP:super_resolution.mixins.json:presentation.v1_21_11.VulkanPresentationGlDeviceMixin from mod super_resolution,pl:mixin:APP:super_resolution.mixins.json:presentation.v1_21_11.VulkanPresentationMinecraftBackendMixin from mod super_resolution,pl:mixin:APP:super_resolution.mixins.json:presentation.v1_21_11.VulkanPresentationMinecraftCaptureMixin from mod super_resolution,pl:mixin:APP:super_resolution.mixins.json:presentation.v1_21_11.VulkanPresentationWindowMixin from mod super_resolution,pl:mixin:APP:super_resolution.mixins.json:presentation.v26_1_x.VulkanPresentationGameRendererCaptureMixin from mod super_resolution,pl:mixin:APP:super_resolution.mixins.json:presentation.v26_1_x.VulkanPresentationGlDeviceMixin from mod super_resolution,pl:mixin:APP:super_resolution.mixins.json:presentation.v26_1_x.VulkanPresentationMinecraftBackendMixin from mod super_resolution,pl:mixin:APP:super_resolution.mixins.json:presentation.v26_1_x.VulkanPresentationMinecraftCaptureMixin from mod super_resolution,pl:mixin:APP:super_resolution.mixins.json:presentation.v26_1_x.VulkanPresentationWindowCloseMixin from mod super_resolution,pl:mixin:APP:super_resolution.mixins.json:presentation.v26_2.VulkanPresentationGameRendererCaptureMixin from mod super_resolution,pl:mixin:APP:super_resolution.mixins.json:presentation.v26_2.VulkanPresentationGlDeviceMixin from mod super_resolution,pl:mixin:APP:super_resolution.mixins.json:presentation.v26_2.VulkanPresentationMinecraftBackendMixin from mod super_resolution,pl:mixin:APP:super_resolution.mixins.json:presentation.v26_2.VulkanPresentationMinecraftCaptureMixin from mod super_resolution,pl:mixin:APP:super_resolution.mixins.json:presentation.v26_2.VulkanPresentationWindowCloseMixin from mod super_resolution,pl:mixin:APP:super_resolution.mixins.json:presentation.v26_3.VulkanPresentationGameRendererCaptureMixin from mod super_resolution,pl:mixin:APP:super_resolution.mixins.json:presentation.v26_3.VulkanPresentationGlDeviceMixin from mod super_resolution,pl:mixin:APP:super_resolution.mixins.json:presentation.v26_3.VulkanPresentationMinecraftBackendMixin from mod super_resolution,pl:mixin:APP:super_resolution.mixins.json:presentation.v26_3.VulkanPresentationMinecraftCaptureMixin from mod super_resolution,pl:mixin:APP:super_resolution.mixins.json:presentation.v26_3.VulkanPresentationWindowCloseMixin from mod super_resolution,pl:mixin:APP:super_resolution-neoforge.mixins.json:neoforge.FuckingValidation1218Mixin from mod super_resolution,pl:mixin:APP:super_resolution-neoforge.mixins.json:neoforge.FuckingValidationMixin from mod super_resolution,pl:mixin:APP:super_resolution_irisapi.mixins.json:composite.before1_21_1.GlStateManagerTextureStateAccessor from mod super_resolution,pl:mixin:APP:architectury.mixins.json:MixinMinecraft from mod architectury,pl:mixin:A,pl:runtimedistcleaner:A}
	at TRANSFORMER/minecraft@1.21.1/net.minecraft.client.Minecraft.updateLevelInEngines(Minecraft.java) [neoforge-21.1.219.jar%23172!/:?] {re:mixin,pl:runtimedistcleaner:A,re:classloading,pl:mixin:APP:sodium-common.mixins.json:core.MinecraftMixin from mod sodium,pl:mixin:APP:sodium-neoforge.mixins.json:platform.neoforge.EntrypointMixin from mod sodium,pl:mixin:APP:mixins.iris.json:MixinMinecraft_Images from mod iris,pl:mixin:APP:mixins.iris.json:MixinMinecraft_Keybinds from mod iris,pl:mixin:APP:mixins.iris.json:MixinMinecraft_PipelineManagement from mod iris,pl:mixin:APP:super_resolution.mixins.json:core.GlTextureViewMixin from mod super_resolution,pl:mixin:APP:super_resolution.mixins.json:core.MinecraftMixin from mod super_resolution,pl:mixin:APP:super_resolution.mixins.json:core.accessor.MinecraftAccessor from mod super_resolution,pl:mixin:APP:super_resolution.mixins.json:framegeneration.v1_20_1.GameRendererConstantsMixin from mod super_resolution,pl:mixin:APP:super_resolution.mixins.json:framegeneration.v1_21_11.GameRendererConstantsMixin from mod super_resolution,pl:mixin:APP:super_resolution.mixins.json:framegeneration.v26_1_x.GameRendererConstantsMixin from mod super_resolution,pl:mixin:APP:super_resolution.mixins.json:framegeneration.v26_2.GameRendererConstantsMixin from mod super_resolution,pl:mixin:APP:super_resolution.mixins.json:framegeneration.v26_2.NativeLibrariesBootstrapMixin from mod super_resolution,pl:mixin:APP:super_resolution.mixins.json:framegeneration.v26_3.GameRendererConstantsMixin from mod super_resolution,pl:mixin:APP:super_resolution.mixins.json:framegeneration.v26_3.NativeLibrariesBootstrapMixin from mod super_resolution,pl:mixin:APP:super_resolution.mixins.json:gui.GuiGraphicsMixin from mod super_resolution,pl:mixin:APP:super_resolution.mixins.json:gui.GuiRendererDrawAccessor from mod super_resolution,pl:mixin:APP:super_resolution.mixins.json:gui.GuiRendererMixin from mod super_resolution,pl:mixin:APP:super_resolution.mixins.json:lowlatency.v1_20_1.KeyboardHandlerReflexMixin from mod super_resolution,pl:mixin:APP:super_resolution.mixins.json:lowlatency.v1_20_1.MinecraftReflexMixin from mod super_resolution,pl:mixin:APP:super_resolution.mixins.json:lowlatency.v1_20_1.MouseHandlerReflexMixin from mod super_resolution,pl:mixin:APP:super_resolution.mixins.json:lowlatency.v1_20_1.RenderSystemAccessor from mod super_resolution,pl:mixin:APP:super_resolution.mixins.json:lowlatency.v1_21_1.MinecraftReflexMixin from mod super_resolution,pl:mixin:APP:super_resolution.mixins.json:lowlatency.v1_21_11.KeyboardHandlerReflexMixin from mod super_resolution,pl:mixin:APP:super_resolution.mixins.json:lowlatency.v1_21_11.MinecraftReflexMixin from mod super_resolution,pl:mixin:APP:super_resolution.mixins.json:lowlatency.v1_21_11.MouseHandlerReflexMixin from mod super_resolution,pl:mixin:APP:super_resolution.mixins.json:lowlatency.v1_21_11.RenderSystemAccessor from mod super_resolution,pl:mixin:APP:super_resolution.mixins.json:lowlatency.v26_1_x.KeyboardHandlerReflexMixin from mod super_resolution,pl:mixin:APP:super_resolution.mixins.json:lowlatency.v26_1_x.MinecraftReflexMixin from mod super_resolution,pl:mixin:APP:super_resolution.mixins.json:lowlatency.v26_1_x.MouseHandlerReflexMixin from mod super_resolution,pl:mixin:APP:super_resolution.mixins.json:lowlatency.v26_2.KeyboardHandlerReflexMixin from mod super_resolution,pl:mixin:APP:super_resolution.mixins.json:lowlatency.v26_2.MinecraftReflexMixin from mod super_resolution,pl:mixin:APP:super_resolution.mixins.json:lowlatency.v26_2.MouseHandlerReflexMixin from mod super_resolution,pl:mixin:APP:super_resolution.mixins.json:lowlatency.v26_3.KeyboardHandlerReflexMixin from mod super_resolution,pl:mixin:APP:super_resolution.mixins.json:lowlatency.v26_3.MinecraftReflexMixin from mod super_resolution,pl:mixin:APP:super_resolution.mixins.json:lowlatency.v26_3.MouseHandlerReflexMixin from mod super_resolution,pl:mixin:APP:super_resolution.mixins.json:presentation.v1_20_1.VulkanPresentationGameRendererCaptureMixin from mod super_resolution,pl:mixin:APP:super_resolution.mixins.json:presentation.v1_20_1.VulkanPresentationGlDeviceMixin from mod super_resolution,pl:mixin:APP:super_resolution.mixins.json:presentation.v1_20_1.VulkanPresentationMinecraftBackendMixin from mod super_resolution,pl:mixin:APP:super_resolution.mixins.json:presentation.v1_20_1.VulkanPresentationMinecraftCaptureMixin from mod super_resolution,pl:mixin:APP:super_resolution.mixins.json:presentation.v1_20_1.VulkanPresentationWindowMixin from mod super_resolution,pl:mixin:APP:super_resolution.mixins.json:presentation.v1_21_1.VulkanPresentationMinecraftCaptureMixin from mod super_resolution,pl:mixin:APP:super_resolution.mixins.json:presentation.v1_21_11.VulkanPresentationGameRendererCaptureMixin from mod super_resolution,pl:mixin:APP:super_resolution.mixins.json:presentation.v1_21_11.VulkanPresentationGlDeviceMixin from mod super_resolution,pl:mixin:APP:super_resolution.mixins.json:presentation.v1_21_11.VulkanPresentationMinecraftBackendMixin from mod super_resolution,pl:mixin:APP:super_resolution.mixins.json:presentation.v1_21_11.VulkanPresentationMinecraftCaptureMixin from mod super_resolution,pl:mixin:APP:super_resolution.mixins.json:presentation.v1_21_11.VulkanPresentationWindowMixin from mod super_resolution,pl:mixin:APP:super_resolution.mixins.json:presentation.v26_1_x.VulkanPresentationGameRendererCaptureMixin from mod super_resolution,pl:mixin:APP:super_resolution.mixins.json:presentation.v26_1_x.VulkanPresentationGlDeviceMixin from mod super_resolution,pl:mixin:APP:super_resolution.mixins.json:presentation.v26_1_x.VulkanPresentationMinecraftBackendMixin from mod super_resolution,pl:mixin:APP:super_resolution.mixins.json:presentation.v26_1_x.VulkanPresentationMinecraftCaptureMixin from mod super_resolution,pl:mixin:APP:super_resolution.mixins.json:presentation.v26_1_x.VulkanPresentationWindowCloseMixin from mod super_resolution,pl:mixin:APP:super_resolution.mixins.json:presentation.v26_2.VulkanPresentationGameRendererCaptureMixin from mod super_resolution,pl:mixin:APP:super_resolution.mixins.json:presentation.v26_2.VulkanPresentationGlDeviceMixin from mod super_resolution,pl:mixin:APP:super_resolution.mixins.json:presentation.v26_2.VulkanPresentationMinecraftBackendMixin from mod super_resolution,pl:mixin:APP:super_resolution.mixins.json:presentation.v26_2.VulkanPresentationMinecraftCaptureMixin from mod super_resolution,pl:mixin:APP:super_resolution.mixins.json:presentation.v26_2.VulkanPresentationWindowCloseMixin from mod super_resolution,pl:mixin:APP:super_resolution.mixins.json:presentation.v26_3.VulkanPresentationGameRendererCaptureMixin from mod super_resolution,pl:mixin:APP:super_resolution.mixins.json:presentation.v26_3.VulkanPresentationGlDeviceMixin from mod super_resolution,pl:mixin:APP:super_resolution.mixins.json:presentation.v26_3.VulkanPresentationMinecraftBackendMixin from mod super_resolution,pl:mixin:APP:super_resolution.mixins.json:presentation.v26_3.VulkanPresentationMinecraftCaptureMixin from mod super_resolution,pl:mixin:APP:super_resolution.mixins.json:presentation.v26_3.VulkanPresentationWindowCloseMixin from mod super_resolution,pl:mixin:APP:super_resolution-neoforge.mixins.json:neoforge.FuckingValidation1218Mixin from mod super_resolution,pl:mixin:APP:super_resolution-neoforge.mixins.json:neoforge.FuckingValidationMixin from mod super_resolution,pl:mixin:APP:super_resolution_irisapi.mixins.json:composite.before1_21_1.GlStateManagerTextureStateAccessor from mod super_resolution,pl:mixin:APP:architectury.mixins.json:MixinMinecraft from mod architectury,pl:mixin:A,pl:runtimedistcleaner:A}
	at TRANSFORMER/minecraft@1.21.1/net.minecraft.client.Minecraft.setLevel(Minecraft.java:2117) [neoforge-21.1.219.jar%23172!/:?] {re:mixin,pl:runtimedistcleaner:A,re:classloading,pl:mixin:APP:sodium-common.mixins.json:core.MinecraftMixin from mod sodium,pl:mixin:APP:sodium-neoforge.mixins.json:platform.neoforge.EntrypointMixin from mod sodium,pl:mixin:APP:mixins.iris.json:MixinMinecraft_Images from mod iris,pl:mixin:APP:mixins.iris.json:MixinMinecraft_Keybinds from mod iris,pl:mixin:APP:mixins.iris.json:MixinMinecraft_PipelineManagement from mod iris,pl:mixin:APP:super_resolution.mixins.json:core.GlTextureViewMixin from mod super_resolution,pl:mixin:APP:super_resolution.mixins.json:core.MinecraftMixin from mod super_resolution,pl:mixin:APP:super_resolution.mixins.json:core.accessor.MinecraftAccessor from mod super_resolution,pl:mixin:APP:super_resolution.mixins.json:framegeneration.v1_20_1.GameRendererConstantsMixin from mod super_resolution,pl:mixin:APP:super_resolution.mixins.json:framegeneration.v1_21_11.GameRendererConstantsMixin from mod super_resolution,pl:mixin:APP:super_resolution.mixins.json:framegeneration.v26_1_x.GameRendererConstantsMixin from mod super_resolution,pl:mixin:APP:super_resolution.mixins.json:framegeneration.v26_2.GameRendererConstantsMixin from mod super_resolution,pl:mixin:APP:super_resolution.mixins.json:framegeneration.v26_2.NativeLibrariesBootstrapMixin from mod super_resolution,pl:mixin:APP:super_resolution.mixins.json:framegeneration.v26_3.GameRendererConstantsMixin from mod super_resolution,pl:mixin:APP:super_resolution.mixins.json:framegeneration.v26_3.NativeLibrariesBootstrapMixin from mod super_resolution,pl:mixin:APP:super_resolution.mixins.json:gui.GuiGraphicsMixin from mod super_resolution,pl:mixin:APP:super_resolution.mixins.json:gui.GuiRendererDrawAccessor from mod super_resolution,pl:mixin:APP:super_resolution.mixins.json:gui.GuiRendererMixin from mod super_resolution,pl:mixin:APP:super_resolution.mixins.json:lowlatency.v1_20_1.KeyboardHandlerReflexMixin from mod super_resolution,pl:mixin:APP:super_resolution.mixins.json:lowlatency.v1_20_1.MinecraftReflexMixin from mod super_resolution,pl:mixin:APP:super_resolution.mixins.json:lowlatency.v1_20_1.MouseHandlerReflexMixin from mod super_resolution,pl:mixin:APP:super_resolution.mixins.json:lowlatency.v1_20_1.RenderSystemAccessor from mod super_resolution,pl:mixin:APP:super_resolution.mixins.json:lowlatency.v1_21_1.MinecraftReflexMixin from mod super_resolution,pl:mixin:APP:super_resolution.mixins.json:lowlatency.v1_21_11.KeyboardHandlerReflexMixin from mod super_resolution,pl:mixin:APP:super_resolution.mixins.json:lowlatency.v1_21_11.MinecraftReflexMixin from mod super_resolution,pl:mixin:APP:super_resolution.mixins.json:lowlatency.v1_21_11.MouseHandlerReflexMixin from mod super_resolution,pl:mixin:APP:super_resolution.mixins.json:lowlatency.v1_21_11.RenderSystemAccessor from mod super_resolution,pl:mixin:APP:super_resolution.mixins.json:lowlatency.v26_1_x.KeyboardHandlerReflexMixin from mod super_resolution,pl:mixin:APP:super_resolution.mixins.json:lowlatency.v26_1_x.MinecraftReflexMixin from mod super_resolution,pl:mixin:APP:super_resolution.mixins.json:lowlatency.v26_1_x.MouseHandlerReflexMixin from mod super_resolution,pl:mixin:APP:super_resolution.mixins.json:lowlatency.v26_2.KeyboardHandlerReflexMixin from mod super_resolution,pl:mixin:APP:super_resolution.mixins.json:lowlatency.v26_2.MinecraftReflexMixin from mod super_resolution,pl:mixin:APP:super_resolution.mixins.json:lowlatency.v26_2.MouseHandlerReflexMixin from mod super_resolution,pl:mixin:APP:super_resolution.mixins.json:lowlatency.v26_3.KeyboardHandlerReflexMixin from mod super_resolution,pl:mixin:APP:super_resolution.mixins.json:lowlatency.v26_3.MinecraftReflexMixin from mod super_resolution,pl:mixin:APP:super_resolution.mixins.json:lowlatency.v26_3.MouseHandlerReflexMixin from mod super_resolution,pl:mixin:APP:super_resolution.mixins.json:presentation.v1_20_1.VulkanPresentationGameRendererCaptureMixin from mod super_resolution,pl:mixin:APP:super_resolution.mixins.json:presentation.v1_20_1.VulkanPresentationGlDeviceMixin from mod super_resolution,pl:mixin:APP:super_resolution.mixins.json:presentation.v1_20_1.VulkanPresentationMinecraftBackendMixin from mod super_resolution,pl:mixin:APP:super_resolution.mixins.json:presentation.v1_20_1.VulkanPresentationMinecraftCaptureMixin from mod super_resolution,pl:mixin:APP:super_resolution.mixins.json:presentation.v1_20_1.VulkanPresentationWindowMixin from mod super_resolution,pl:mixin:APP:super_resolution.mixins.json:presentation.v1_21_1.VulkanPresentationMinecraftCaptureMixin from mod super_resolution,pl:mixin:APP:super_resolution.mixins.json:presentation.v1_21_11.VulkanPresentationGameRendererCaptureMixin from mod super_resolution,pl:mixin:APP:super_resolution.mixins.json:presentation.v1_21_11.VulkanPresentationGlDeviceMixin from mod super_resolution,pl:mixin:APP:super_resolution.mixins.json:presentation.v1_21_11.VulkanPresentationMinecraftBackendMixin from mod super_resolution,pl:mixin:APP:super_resolution.mixins.json:presentation.v1_21_11.VulkanPresentationMinecraftCaptureMixin from mod super_resolution,pl:mixin:APP:super_resolution.mixins.json:presentation.v1_21_11.VulkanPresentationWindowMixin from mod super_resolution,pl:mixin:APP:super_resolution.mixins.json:presentation.v26_1_x.VulkanPresentationGameRendererCaptureMixin from mod super_resolution,pl:mixin:APP:super_resolution.mixins.json:presentation.v26_1_x.VulkanPresentationGlDeviceMixin from mod super_resolution,pl:mixin:APP:super_resolution.mixins.json:presentation.v26_1_x.VulkanPresentationMinecraftBackendMixin from mod super_resolution,pl:mixin:APP:super_resolution.mixins.json:presentation.v26_1_x.VulkanPresentationMinecraftCaptureMixin from mod super_resolution,pl:mixin:APP:super_resolution.mixins.json:presentation.v26_1_x.VulkanPresentationWindowCloseMixin from mod super_resolution,pl:mixin:APP:super_resolution.mixins.json:presentation.v26_2.VulkanPresentationGameRendererCaptureMixin from mod super_resolution,pl:mixin:APP:super_resolution.mixins.json:presentation.v26_2.VulkanPresentationGlDeviceMixin from mod super_resolution,pl:mixin:APP:super_resolution.mixins.json:presentation.v26_2.VulkanPresentationMinecraftBackendMixin from mod super_resolution,pl:mixin:APP:super_resolution.mixins.json:presentation.v26_2.VulkanPresentationMinecraftCaptureMixin from mod super_resolution,pl:mixin:APP:super_resolution.mixins.json:presentation.v26_2.VulkanPresentationWindowCloseMixin from mod super_resolution,pl:mixin:APP:super_resolution.mixins.json:presentation.v26_3.VulkanPresentationGameRendererCaptureMixin from mod super_resolution,pl:mixin:APP:super_resolution.mixins.json:presentation.v26_3.VulkanPresentationGlDeviceMixin from mod super_resolution,pl:mixin:APP:super_resolution.mixins.json:presentation.v26_3.VulkanPresentationMinecraftBackendMixin from mod super_resolution,pl:mixin:APP:super_resolution.mixins.json:presentation.v26_3.VulkanPresentationMinecraftCaptureMixin from mod super_resolution,pl:mixin:APP:super_resolution.mixins.json:presentation.v26_3.VulkanPresentationWindowCloseMixin from mod super_resolution,pl:mixin:APP:super_resolution-neoforge.mixins.json:neoforge.FuckingValidation1218Mixin from mod super_resolution,pl:mixin:APP:super_resolution-neoforge.mixins.json:neoforge.FuckingValidationMixin from mod super_resolution,pl:mixin:APP:super_resolution_irisapi.mixins.json:composite.before1_21_1.GlStateManagerTextureStateAccessor from mod super_resolution,pl:mixin:APP:architectury.mixins.json:MixinMinecraft from mod architectury,pl:mixin:A,pl:runtimedistcleaner:A}
	at TRANSFORMER/minecraft@1.21.1/net.minecraft.client.multiplayer.ClientPacketListener.handleLogin(ClientPacketListener.java:421) [neoforge-21.1.219.jar%23172!/:?] {re:mixin,pl:accesstransformer:B,pl:runtimedistcleaner:A,re:classloading,pl:accesstransformer:B,pl:mixin:APP:sodium-common.mixins.json:core.world.map.ClientPacketListenerMixin from mod sodium,pl:mixin:APP:mixins.iris.json:MixinClientPacketListener from mod iris,pl:mixin:A,pl:runtimedistcleaner:A}
	at TRANSFORMER/minecraft@1.21.1/net.minecraft.network.protocol.game.ClientboundLoginPacket.handle(ClientboundLoginPacket.java:67) [neoforge-21.1.219.jar%23172!/:?] {re:classloading,re:mixin}
	at TRANSFORMER/minecraft@1.21.1/net.minecraft.network.protocol.game.ClientboundLoginPacket.handle(ClientboundLoginPacket.java:14) [neoforge-21.1.219.jar%23172!/:?] {re:classloading,re:mixin}
	at TRANSFORMER/minecraft@1.21.1/net.minecraft.network.protocol.PacketUtils.lambda$ensureRunningOnSameThread$0(PacketUtils.java:26) [neoforge-21.1.219.jar%23172!/:?] {re:classloading}
	at TRANSFORMER/minecraft@1.21.1/net.minecraft.util.thread.BlockableEventLoop.doRunTask(BlockableEventLoop.java:148) [neoforge-21.1.219.jar%23172!/:?] {re:classloading,pl:accesstransformer:B,re:mixin,pl:accesstransformer:B}
	at TRANSFORMER/minecraft@1.21.1/net.minecraft.util.thread.ReentrantBlockableEventLoop.doRunTask(ReentrantBlockableEventLoop.java:24) [neoforge-21.1.219.jar%23172!/:?] {re:classloading,re:mixin}
	at TRANSFORMER/minecraft@1.21.1/net.minecraft.util.thread.BlockableEventLoop.pollTask(BlockableEventLoop.java:122) [neoforge-21.1.219.jar%23172!/:?] {re:classloading,pl:accesstransformer:B,re:mixin,pl:accesstransformer:B}
	at TRANSFORMER/minecraft@1.21.1/net.minecraft.util.thread.BlockableEventLoop.runAllTasks(BlockableEventLoop.java:111) [neoforge-21.1.219.jar%23172!/:?] {re:classloading,pl:accesstransformer:B,re:mixin,pl:accesstransformer:B}
	at TRANSFORMER/minecraft@1.21.1/net.minecraft.client.Minecraft.runTick(Minecraft.java:1155) [neoforge-21.1.219.jar%23172!/:?] {re:mixin,pl:runtimedistcleaner:A,re:classloading,pl:mixin:APP:sodium-common.mixins.json:core.MinecraftMixin from mod sodium,pl:mixin:APP:sodium-neoforge.mixins.json:platform.neoforge.EntrypointMixin from mod sodium,pl:mixin:APP:mixins.iris.json:MixinMinecraft_Images from mod iris,pl:mixin:APP:mixins.iris.json:MixinMinecraft_Keybinds from mod iris,pl:mixin:APP:mixins.iris.json:MixinMinecraft_PipelineManagement from mod iris,pl:mixin:APP:super_resolution.mixins.json:core.GlTextureViewMixin from mod super_resolution,pl:mixin:APP:super_resolution.mixins.json:core.MinecraftMixin from mod super_resolution,pl:mixin:APP:super_resolution.mixins.json:core.accessor.MinecraftAccessor from mod super_resolution,pl:mixin:APP:super_resolution.mixins.json:framegeneration.v1_20_1.GameRendererConstantsMixin from mod super_resolution,pl:mixin:APP:super_resolution.mixins.json:framegeneration.v1_21_11.GameRendererConstantsMixin from mod super_resolution,pl:mixin:APP:super_resolution.mixins.json:framegeneration.v26_1_x.GameRendererConstantsMixin from mod super_resolution,pl:mixin:APP:super_resolution.mixins.json:framegeneration.v26_2.GameRendererConstantsMixin from mod super_resolution,pl:mixin:APP:super_resolution.mixins.json:framegeneration.v26_2.NativeLibrariesBootstrapMixin from mod super_resolution,pl:mixin:APP:super_resolution.mixins.json:framegeneration.v26_3.GameRendererConstantsMixin from mod super_resolution,pl:mixin:APP:super_resolution.mixins.json:framegeneration.v26_3.NativeLibrariesBootstrapMixin from mod super_resolution,pl:mixin:APP:super_resolution.mixins.json:gui.GuiGraphicsMixin from mod super_resolution,pl:mixin:APP:super_resolution.mixins.json:gui.GuiRendererDrawAccessor from mod super_resolution,pl:mixin:APP:super_resolution.mixins.json:gui.GuiRendererMixin from mod super_resolution,pl:mixin:APP:super_resolution.mixins.json:lowlatency.v1_20_1.KeyboardHandlerReflexMixin from mod super_resolution,pl:mixin:APP:super_resolution.mixins.json:lowlatency.v1_20_1.MinecraftReflexMixin from mod super_resolution,pl:mixin:APP:super_resolution.mixins.json:lowlatency.v1_20_1.MouseHandlerReflexMixin from mod super_resolution,pl:mixin:APP:super_resolution.mixins.json:lowlatency.v1_20_1.RenderSystemAccessor from mod super_resolution,pl:mixin:APP:super_resolution.mixins.json:lowlatency.v1_21_1.MinecraftReflexMixin from mod super_resolution,pl:mixin:APP:super_resolution.mixins.json:lowlatency.v1_21_11.KeyboardHandlerReflexMixin from mod super_resolution,pl:mixin:APP:super_resolution.mixins.json:lowlatency.v1_21_11.MinecraftReflexMixin from mod super_resolution,pl:mixin:APP:super_resolution.mixins.json:lowlatency.v1_21_11.MouseHandlerReflexMixin from mod super_resolution,pl:mixin:APP:super_resolution.mixins.json:lowlatency.v1_21_11.RenderSystemAccessor from mod super_resolution,pl:mixin:APP:super_resolution.mixins.json:lowlatency.v26_1_x.KeyboardHandlerReflexMixin from mod super_resolution,pl:mixin:APP:super_resolution.mixins.json:lowlatency.v26_1_x.MinecraftReflexMixin from mod super_resolution,pl:mixin:APP:super_resolution.mixins.json:lowlatency.v26_1_x.MouseHandlerReflexMixin from mod super_resolution,pl:mixin:APP:super_resolution.mixins.json:lowlatency.v26_2.KeyboardHandlerReflexMixin from mod super_resolution,pl:mixin:APP:super_resolution.mixins.json:lowlatency.v26_2.MinecraftReflexMixin from mod super_resolution,pl:mixin:APP:super_resolution.mixins.json:lowlatency.v26_2.MouseHandlerReflexMixin from mod super_resolution,pl:mixin:APP:super_resolution.mixins.json:lowlatency.v26_3.KeyboardHandlerReflexMixin from mod super_resolution,pl:mixin:APP:super_resolution.mixins.json:lowlatency.v26_3.MinecraftReflexMixin from mod super_resolution,pl:mixin:APP:super_resolution.mixins.json:lowlatency.v26_3.MouseHandlerReflexMixin from mod super_resolution,pl:mixin:APP:super_resolution.mixins.json:presentation.v1_20_1.VulkanPresentationGameRendererCaptureMixin from mod super_resolution,pl:mixin:APP:super_resolution.mixins.json:presentation.v1_20_1.VulkanPresentationGlDeviceMixin from mod super_resolution,pl:mixin:APP:super_resolution.mixins.json:presentation.v1_20_1.VulkanPresentationMinecraftBackendMixin from mod super_resolution,pl:mixin:APP:super_resolution.mixins.json:presentation.v1_20_1.VulkanPresentationMinecraftCaptureMixin from mod super_resolution,pl:mixin:APP:super_resolution.mixins.json:presentation.v1_20_1.VulkanPresentationWindowMixin from mod super_resolution,pl:mixin:APP:super_resolution.mixins.json:presentation.v1_21_1.VulkanPresentationMinecraftCaptureMixin from mod super_resolution,pl:mixin:APP:super_resolution.mixins.json:presentation.v1_21_11.VulkanPresentationGameRendererCaptureMixin from mod super_resolution,pl:mixin:APP:super_resolution.mixins.json:presentation.v1_21_11.VulkanPresentationGlDeviceMixin from mod super_resolution,pl:mixin:APP:super_resolution.mixins.json:presentation.v1_21_11.VulkanPresentationMinecraftBackendMixin from mod super_resolution,pl:mixin:APP:super_resolution.mixins.json:presentation.v1_21_11.VulkanPresentationMinecraftCaptureMixin from mod super_resolution,pl:mixin:APP:super_resolution.mixins.json:presentation.v1_21_11.VulkanPresentationWindowMixin from mod super_resolution,pl:mixin:APP:super_resolution.mixins.json:presentation.v26_1_x.VulkanPresentationGameRendererCaptureMixin from mod super_resolution,pl:mixin:APP:super_resolution.mixins.json:presentation.v26_1_x.VulkanPresentationGlDeviceMixin from mod super_resolution,pl:mixin:APP:super_resolution.mixins.json:presentation.v26_1_x.VulkanPresentationMinecraftBackendMixin from mod super_resolution,pl:mixin:APP:super_resolution.mixins.json:presentation.v26_1_x.VulkanPresentationMinecraftCaptureMixin from mod super_resolution,pl:mixin:APP:super_resolution.mixins.json:presentation.v26_1_x.VulkanPresentationWindowCloseMixin from mod super_resolution,pl:mixin:APP:super_resolution.mixins.json:presentation.v26_2.VulkanPresentationGameRendererCaptureMixin from mod super_resolution,pl:mixin:APP:super_resolution.mixins.json:presentation.v26_2.VulkanPresentationGlDeviceMixin from mod super_resolution,pl:mixin:APP:super_resolution.mixins.json:presentation.v26_2.VulkanPresentationMinecraftBackendMixin from mod super_resolution,pl:mixin:APP:super_resolution.mixins.json:presentation.v26_2.VulkanPresentationMinecraftCaptureMixin from mod super_resolution,pl:mixin:APP:super_resolution.mixins.json:presentation.v26_2.VulkanPresentationWindowCloseMixin from mod super_resolution,pl:mixin:APP:super_resolution.mixins.json:presentation.v26_3.VulkanPresentationGameRendererCaptureMixin from mod super_resolution,pl:mixin:APP:super_resolution.mixins.json:presentation.v26_3.VulkanPresentationGlDeviceMixin from mod super_resolution,pl:mixin:APP:super_resolution.mixins.json:presentation.v26_3.VulkanPresentationMinecraftBackendMixin from mod super_resolution,pl:mixin:APP:super_resolution.mixins.json:presentation.v26_3.VulkanPresentationMinecraftCaptureMixin from mod super_resolution,pl:mixin:APP:super_resolution.mixins.json:presentation.v26_3.VulkanPresentationWindowCloseMixin from mod super_resolution,pl:mixin:APP:super_resolution-neoforge.mixins.json:neoforge.FuckingValidation1218Mixin from mod super_resolution,pl:mixin:APP:super_resolution-neoforge.mixins.json:neoforge.FuckingValidationMixin from mod super_resolution,pl:mixin:APP:super_resolution_irisapi.mixins.json:composite.before1_21_1.GlStateManagerTextureStateAccessor from mod super_resolution,pl:mixin:APP:architectury.mixins.json:MixinMinecraft from mod architectury,pl:mixin:A,pl:runtimedistcleaner:A}
	at TRANSFORMER/minecraft@1.21.1/net.minecraft.client.Minecraft.run(Minecraft.java:807) [neoforge-21.1.219.jar%23172!/:?] {re:mixin,pl:runtimedistcleaner:A,re:classloading,pl:mixin:APP:sodium-common.mixins.json:core.MinecraftMixin from mod sodium,pl:mixin:APP:sodium-neoforge.mixins.json:platform.neoforge.EntrypointMixin from mod sodium,pl:mixin:APP:mixins.iris.json:MixinMinecraft_Images from mod iris,pl:mixin:APP:mixins.iris.json:MixinMinecraft_Keybinds from mod iris,pl:mixin:APP:mixins.iris.json:MixinMinecraft_PipelineManagement from mod iris,pl:mixin:APP:super_resolution.mixins.json:core.GlTextureViewMixin from mod super_resolution,pl:mixin:APP:super_resolution.mixins.json:core.MinecraftMixin from mod super_resolution,pl:mixin:APP:super_resolution.mixins.json:core.accessor.MinecraftAccessor from mod super_resolution,pl:mixin:APP:super_resolution.mixins.json:framegeneration.v1_20_1.GameRendererConstantsMixin from mod super_resolution,pl:mixin:APP:super_resolution.mixins.json:framegeneration.v1_21_11.GameRendererConstantsMixin from mod super_resolution,pl:mixin:APP:super_resolution.mixins.json:framegeneration.v26_1_x.GameRendererConstantsMixin from mod super_resolution,pl:mixin:APP:super_resolution.mixins.json:framegeneration.v26_2.GameRendererConstantsMixin from mod super_resolution,pl:mixin:APP:super_resolution.mixins.json:framegeneration.v26_2.NativeLibrariesBootstrapMixin from mod super_resolution,pl:mixin:APP:super_resolution.mixins.json:framegeneration.v26_3.GameRendererConstantsMixin from mod super_resolution,pl:mixin:APP:super_resolution.mixins.json:framegeneration.v26_3.NativeLibrariesBootstrapMixin from mod super_resolution,pl:mixin:APP:super_resolution.mixins.json:gui.GuiGraphicsMixin from mod super_resolution,pl:mixin:APP:super_resolution.mixins.json:gui.GuiRendererDrawAccessor from mod super_resolution,pl:mixin:APP:super_resolution.mixins.json:gui.GuiRendererMixin from mod super_resolution,pl:mixin:APP:super_resolution.mixins.json:lowlatency.v1_20_1.KeyboardHandlerReflexMixin from mod super_resolution,pl:mixin:APP:super_resolution.mixins.json:lowlatency.v1_20_1.MinecraftReflexMixin from mod super_resolution,pl:mixin:APP:super_resolution.mixins.json:lowlatency.v1_20_1.MouseHandlerReflexMixin from mod super_resolution,pl:mixin:APP:super_resolution.mixins.json:lowlatency.v1_20_1.RenderSystemAccessor from mod super_resolution,pl:mixin:APP:super_resolution.mixins.json:lowlatency.v1_21_1.MinecraftReflexMixin from mod super_resolution,pl:mixin:APP:super_resolution.mixins.json:lowlatency.v1_21_11.KeyboardHandlerReflexMixin from mod super_resolution,pl:mixin:APP:super_resolution.mixins.json:lowlatency.v1_21_11.MinecraftReflexMixin from mod super_resolution,pl:mixin:APP:super_resolution.mixins.json:lowlatency.v1_21_11.MouseHandlerReflexMixin from mod super_resolution,pl:mixin:APP:super_resolution.mixins.json:lowlatency.v1_21_11.RenderSystemAccessor from mod super_resolution,pl:mixin:APP:super_resolution.mixins.json:lowlatency.v26_1_x.KeyboardHandlerReflexMixin from mod super_resolution,pl:mixin:APP:super_resolution.mixins.json:lowlatency.v26_1_x.MinecraftReflexMixin from mod super_resolution,pl:mixin:APP:super_resolution.mixins.json:lowlatency.v26_1_x.MouseHandlerReflexMixin from mod super_resolution,pl:mixin:APP:super_resolution.mixins.json:lowlatency.v26_2.KeyboardHandlerReflexMixin from mod super_resolution,pl:mixin:APP:super_resolution.mixins.json:lowlatency.v26_2.MinecraftReflexMixin from mod super_resolution,pl:mixin:APP:super_resolution.mixins.json:lowlatency.v26_2.MouseHandlerReflexMixin from mod super_resolution,pl:mixin:APP:super_resolution.mixins.json:lowlatency.v26_3.KeyboardHandlerReflexMixin from mod super_resolution,pl:mixin:APP:super_resolution.mixins.json:lowlatency.v26_3.MinecraftReflexMixin from mod super_resolution,pl:mixin:APP:super_resolution.mixins.json:lowlatency.v26_3.MouseHandlerReflexMixin from mod super_resolution,pl:mixin:APP:super_resolution.mixins.json:presentation.v1_20_1.VulkanPresentationGameRendererCaptureMixin from mod super_resolution,pl:mixin:APP:super_resolution.mixins.json:presentation.v1_20_1.VulkanPresentationGlDeviceMixin from mod super_resolution,pl:mixin:APP:super_resolution.mixins.json:presentation.v1_20_1.VulkanPresentationMinecraftBackendMixin from mod super_resolution,pl:mixin:APP:super_resolution.mixins.json:presentation.v1_20_1.VulkanPresentationMinecraftCaptureMixin from mod super_resolution,pl:mixin:APP:super_resolution.mixins.json:presentation.v1_20_1.VulkanPresentationWindowMixin from mod super_resolution,pl:mixin:APP:super_resolution.mixins.json:presentation.v1_21_1.VulkanPresentationMinecraftCaptureMixin from mod super_resolution,pl:mixin:APP:super_resolution.mixins.json:presentation.v1_21_11.VulkanPresentationGameRendererCaptureMixin from mod super_resolution,pl:mixin:APP:super_resolution.mixins.json:presentation.v1_21_11.VulkanPresentationGlDeviceMixin from mod super_resolution,pl:mixin:APP:super_resolution.mixins.json:presentation.v1_21_11.VulkanPresentationMinecraftBackendMixin from mod super_resolution,pl:mixin:APP:super_resolution.mixins.json:presentation.v1_21_11.VulkanPresentationMinecraftCaptureMixin from mod super_resolution,pl:mixin:APP:super_resolution.mixins.json:presentation.v1_21_11.VulkanPresentationWindowMixin from mod super_resolution,pl:mixin:APP:super_resolution.mixins.json:presentation.v26_1_x.VulkanPresentationGameRendererCaptureMixin from mod super_resolution,pl:mixin:APP:super_resolution.mixins.json:presentation.v26_1_x.VulkanPresentationGlDeviceMixin from mod super_resolution,pl:mixin:APP:super_resolution.mixins.json:presentation.v26_1_x.VulkanPresentationMinecraftBackendMixin from mod super_resolution,pl:mixin:APP:super_resolution.mixins.json:presentation.v26_1_x.VulkanPresentationMinecraftCaptureMixin from mod super_resolution,pl:mixin:APP:super_resolution.mixins.json:presentation.v26_1_x.VulkanPresentationWindowCloseMixin from mod super_resolution,pl:mixin:APP:super_resolution.mixins.json:presentation.v26_2.VulkanPresentationGameRendererCaptureMixin from mod super_resolution,pl:mixin:APP:super_resolution.mixins.json:presentation.v26_2.VulkanPresentationGlDeviceMixin from mod super_resolution,pl:mixin:APP:super_resolution.mixins.json:presentation.v26_2.VulkanPresentationMinecraftBackendMixin from mod super_resolution,pl:mixin:APP:super_resolution.mixins.json:presentation.v26_2.VulkanPresentationMinecraftCaptureMixin from mod super_resolution,pl:mixin:APP:super_resolution.mixins.json:presentation.v26_2.VulkanPresentationWindowCloseMixin from mod super_resolution,pl:mixin:APP:super_resolution.mixins.json:presentation.v26_3.VulkanPresentationGameRendererCaptureMixin from mod super_resolution,pl:mixin:APP:super_resolution.mixins.json:presentation.v26_3.VulkanPresentationGlDeviceMixin from mod super_resolution,pl:mixin:APP:super_resolution.mixins.json:presentation.v26_3.VulkanPresentationMinecraftBackendMixin from mod super_resolution,pl:mixin:APP:super_resolution.mixins.json:presentation.v26_3.VulkanPresentationMinecraftCaptureMixin from mod super_resolution,pl:mixin:APP:super_resolution.mixins.json:presentation.v26_3.VulkanPresentationWindowCloseMixin from mod super_resolution,pl:mixin:APP:super_resolution-neoforge.mixins.json:neoforge.FuckingValidation1218Mixin from mod super_resolution,pl:mixin:APP:super_resolution-neoforge.mixins.json:neoforge.FuckingValidationMixin from mod super_resolution,pl:mixin:APP:super_resolution_irisapi.mixins.json:composite.before1_21_1.GlStateManagerTextureStateAccessor from mod super_resolution,pl:mixin:APP:architectury.mixins.json:MixinMinecraft from mod architectury,pl:mixin:A,pl:runtimedistcleaner:A}
	at TRANSFORMER/minecraft@1.21.1/net.minecraft.client.main.Main.main(Main.java:230) [neoforge-21.1.219.jar%23172!/:?] {re:classloading,pl:runtimedistcleaner:A}
	at java.base/jdk.internal.reflect.DirectMethodHandleAccessor.invoke(DirectMethodHandleAccessor.java:104) ~[?:?] {}
	at java.base/java.lang.reflect.Method.invoke(Method.java:565) ~[?:?] {}
	at MC-BOOTSTRAP/fml_loader@4.0.42/net.neoforged.fml.loading.targets.CommonLaunchHandler.runTarget(CommonLaunchHandler.java:136) [loader-4.0.42.jar%23130!/:4.0] {}
	at MC-BOOTSTRAP/fml_loader@4.0.42/net.neoforged.fml.loading.targets.CommonLaunchHandler.clientService(CommonLaunchHandler.java:124) [loader-4.0.42.jar%23130!/:4.0] {}
	at MC-BOOTSTRAP/fml_loader@4.0.42/net.neoforged.fml.loading.targets.NeoForgeClientDevLaunchHandler.runService(NeoForgeClientDevLaunchHandler.java:23) [loader-4.0.42.jar%23130!/:4.0] {}
	at MC-BOOTSTRAP/fml_loader@4.0.42/net.neoforged.fml.loading.targets.CommonLaunchHandler.lambda$launchService$4(CommonLaunchHandler.java:118) [loader-4.0.42.jar%23130!/:4.0] {}
	at MC-BOOTSTRAP/cpw.mods.modlauncher@11.0.5/cpw.mods.modlauncher.LaunchServiceHandlerDecorator.launch(LaunchServiceHandlerDecorator.java:30) [modlauncher-11.0.5.jar%23112!/:?] {}
	at MC-BOOTSTRAP/cpw.mods.modlauncher@11.0.5/cpw.mods.modlauncher.LaunchServiceHandler.launch(LaunchServiceHandler.java:53) [modlauncher-11.0.5.jar%23112!/:?] {}
	at MC-BOOTSTRAP/cpw.mods.modlauncher@11.0.5/cpw.mods.modlauncher.LaunchServiceHandler.launch(LaunchServiceHandler.java:71) [modlauncher-11.0.5.jar%23112!/:?] {}
	at MC-BOOTSTRAP/cpw.mods.modlauncher@11.0.5/cpw.mods.modlauncher.Launcher.run(Launcher.java:103) [modlauncher-11.0.5.jar%23112!/:?] {}
	at MC-BOOTSTRAP/cpw.mods.modlauncher@11.0.5/cpw.mods.modlauncher.Launcher.main(Launcher.java:74) [modlauncher-11.0.5.jar%23112!/:?] {}
	at MC-BOOTSTRAP/cpw.mods.modlauncher@11.0.5/cpw.mods.modlauncher.BootstrapLaunchConsumer.accept(BootstrapLaunchConsumer.java:26) [modlauncher-11.0.5.jar%23112!/:?] {}
	at MC-BOOTSTRAP/cpw.mods.modlauncher@11.0.5/cpw.mods.modlauncher.BootstrapLaunchConsumer.accept(BootstrapLaunchConsumer.java:23) [modlauncher-11.0.5.jar%23112!/:?] {}
	at cpw.mods.bootstraplauncher@2.0.2/cpw.mods.bootstraplauncher.BootstrapLauncher.run(BootstrapLauncher.java:210) [bootstraplauncher-2.0.2.jar:?] {}
	at cpw.mods.bootstraplauncher@2.0.2/cpw.mods.bootstraplauncher.BootstrapLauncher.main(BootstrapLauncher.java:69) [bootstraplauncher-2.0.2.jar:?] {}
	at java.base/jdk.internal.reflect.DirectMethodHandleAccessor.invoke(DirectMethodHandleAccessor.java:104) ~[?:?] {}
	at java.base/java.lang.reflect.Method.invoke(Method.java:565) ~[?:?] {}
	at net.neoforged.devlaunch.Main.main(Main.java:57) [DevLaunch-1.0.2.jar:?] {}
[14:21:21] [Render thread/WARN] [Iris/]: Failed to resolve uniform inSulfurCaves, reason: Unknown variable: BIOME_SULFUR_CAVES ( = FunctionCall{smooth {[Number{56}, FunctionCall{if {[FunctionCall{in {[Id{biome}, Id{BIOME_SULFUR_CAVES}]} }, Number{1}, Number{0}]} }, Number{15}, Number{15}]} })
java.lang.RuntimeException: Unknown variable: BIOME_SULFUR_CAVES
	at TRANSFORMER/iris@1.8.8+mc1.21.1/kroppeb.stareval.resolver.ExpressionResolver.resolveExpressionInternal(ExpressionResolver.java:225) ~[iris-1.8.8+1.21.1-neoforge-neoforge,1.21.1.jar%23177!/:?] {re:classloading}
	at TRANSFORMER/iris@1.8.8+mc1.21.1/kroppeb.stareval.resolver.ExpressionResolver.resolveCallExpressionInternal(ExpressionResolver.java:81) ~[iris-1.8.8+1.21.1-neoforge-neoforge,1.21.1.jar%23177!/:?] {re:classloading}
	at TRANSFORMER/iris@1.8.8+mc1.21.1/kroppeb.stareval.resolver.ExpressionResolver.resolveCallExpression(ExpressionResolver.java:140) ~[iris-1.8.8+1.21.1-neoforge-neoforge,1.21.1.jar%23177!/:?] {re:classloading}
	at TRANSFORMER/iris@1.8.8+mc1.21.1/kroppeb.stareval.resolver.ExpressionResolver.resolveExpressionInternal(ExpressionResolver.java:196) ~[iris-1.8.8+1.21.1-neoforge-neoforge,1.21.1.jar%23177!/:?] {re:classloading}
	at TRANSFORMER/iris@1.8.8+mc1.21.1/kroppeb.stareval.resolver.ExpressionResolver.resolveCallExpressionInternal(ExpressionResolver.java:81) ~[iris-1.8.8+1.21.1-neoforge-neoforge,1.21.1.jar%23177!/:?] {re:classloading}
	at TRANSFORMER/iris@1.8.8+mc1.21.1/kroppeb.stareval.resolver.ExpressionResolver.resolveCallExpression(ExpressionResolver.java:140) ~[iris-1.8.8+1.21.1-neoforge-neoforge,1.21.1.jar%23177!/:?] {re:classloading}
	at TRANSFORMER/iris@1.8.8+mc1.21.1/kroppeb.stareval.resolver.ExpressionResolver.resolveCallExpression(ExpressionResolver.java:127) ~[iris-1.8.8+1.21.1-neoforge-neoforge,1.21.1.jar%23177!/:?] {re:classloading}
	at TRANSFORMER/iris@1.8.8+mc1.21.1/kroppeb.stareval.resolver.ExpressionResolver.resolveExpressionInternal(ExpressionResolver.java:196) ~[iris-1.8.8+1.21.1-neoforge-neoforge,1.21.1.jar%23177!/:?] {re:classloading}
	at TRANSFORMER/iris@1.8.8+mc1.21.1/kroppeb.stareval.resolver.ExpressionResolver.resolveCallExpressionInternal(ExpressionResolver.java:81) ~[iris-1.8.8+1.21.1-neoforge-neoforge,1.21.1.jar%23177!/:?] {re:classloading}
	at TRANSFORMER/iris@1.8.8+mc1.21.1/kroppeb.stareval.resolver.ExpressionResolver.resolveCallExpression(ExpressionResolver.java:140) ~[iris-1.8.8+1.21.1-neoforge-neoforge,1.21.1.jar%23177!/:?] {re:classloading}
	at TRANSFORMER/iris@1.8.8+mc1.21.1/kroppeb.stareval.resolver.ExpressionResolver.resolveExpressionInternal(ExpressionResolver.java:196) ~[iris-1.8.8+1.21.1-neoforge-neoforge,1.21.1.jar%23177!/:?] {re:classloading}
	at TRANSFORMER/iris@1.8.8+mc1.21.1/kroppeb.stareval.resolver.ExpressionResolver.resolveExpression(ExpressionResolver.java:50) ~[iris-1.8.8+1.21.1-neoforge-neoforge,1.21.1.jar%23177!/:?] {re:classloading}
	at TRANSFORMER/iris@1.8.8+mc1.21.1/net.irisshaders.iris.uniforms.custom.CustomUniforms.<init>(CustomUniforms.java:60) [iris-1.8.8+1.21.1-neoforge-neoforge,1.21.1.jar%23177!/:?] {re:classloading}
	at TRANSFORMER/iris@1.8.8+mc1.21.1/net.irisshaders.iris.uniforms.custom.CustomUniforms$Builder.build(CustomUniforms.java:332) [iris-1.8.8+1.21.1-neoforge-neoforge,1.21.1.jar%23177!/:?] {re:classloading}
	at TRANSFORMER/iris@1.8.8+mc1.21.1/net.irisshaders.iris.uniforms.custom.CustomUniforms$Builder.build(CustomUniforms.java:343) [iris-1.8.8+1.21.1-neoforge-neoforge,1.21.1.jar%23177!/:?] {re:classloading}
	at TRANSFORMER/iris@1.8.8+mc1.21.1/net.irisshaders.iris.pipeline.IrisRenderingPipeline.<init>(IrisRenderingPipeline.java:282) [iris-1.8.8+1.21.1-neoforge-neoforge,1.21.1.jar%23177!/:?] {re:mixin,re:classloading,pl:mixin:APP:super_resolution_irisapi.mixins.json:composite.IrisRenderingPipelineAccessor from mod super_resolution,pl:mixin:APP:super_resolution_irisapi.mixins.json:composite.before1_21_1.IrisRenderingPipelineMixin from mod super_resolution,pl:mixin:APP:super_resolution.shadercompat.mixins.json:core.IrisRenderingPipelineAccessor from mod super_resolution,pl:mixin:APP:super_resolution.shadercompat.mixins.json:core.IrisRenderingPipelineMixin from mod super_resolution,pl:mixin:A}
	at TRANSFORMER/iris@1.8.8+mc1.21.1/net.irisshaders.iris.Iris.createPipeline(Iris.java:616) [iris-1.8.8+1.21.1-neoforge-neoforge,1.21.1.jar%23177!/:?] {re:mixin,re:classloading,pl:mixin:APP:super_resolution.shadercompat.mixins.json:core.IrisMixin from mod super_resolution,pl:mixin:A}
	at TRANSFORMER/iris@1.8.8+mc1.21.1/net.irisshaders.iris.pipeline.PipelineManager.preparePipeline(PipelineManager.java:33) [iris-1.8.8+1.21.1-neoforge-neoforge,1.21.1.jar%23177!/:?] {re:mixin,re:classloading,pl:mixin:APP:super_resolution.shadercompat.mixins.json:core.PipelineManagerMixin from mod super_resolution,pl:mixin:A}
	at TRANSFORMER/minecraft@1.21.1/net.minecraft.client.Minecraft.handler$zeo000$iris$resetPipeline(Minecraft.java:5042) [neoforge-21.1.219.jar%23172!/:?] {re:mixin,pl:runtimedistcleaner:A,re:classloading,pl:mixin:APP:sodium-common.mixins.json:core.MinecraftMixin from mod sodium,pl:mixin:APP:sodium-neoforge.mixins.json:platform.neoforge.EntrypointMixin from mod sodium,pl:mixin:APP:mixins.iris.json:MixinMinecraft_Images from mod iris,pl:mixin:APP:mixins.iris.json:MixinMinecraft_Keybinds from mod iris,pl:mixin:APP:mixins.iris.json:MixinMinecraft_PipelineManagement from mod iris,pl:mixin:APP:super_resolution.mixins.json:core.GlTextureViewMixin from mod super_resolution,pl:mixin:APP:super_resolution.mixins.json:core.MinecraftMixin from mod super_resolution,pl:mixin:APP:super_resolution.mixins.json:core.accessor.MinecraftAccessor from mod super_resolution,pl:mixin:APP:super_resolution.mixins.json:framegeneration.v1_20_1.GameRendererConstantsMixin from mod super_resolution,pl:mixin:APP:super_resolution.mixins.json:framegeneration.v1_21_11.GameRendererConstantsMixin from mod super_resolution,pl:mixin:APP:super_resolution.mixins.json:framegeneration.v26_1_x.GameRendererConstantsMixin from mod super_resolution,pl:mixin:APP:super_resolution.mixins.json:framegeneration.v26_2.GameRendererConstantsMixin from mod super_resolution,pl:mixin:APP:super_resolution.mixins.json:framegeneration.v26_2.NativeLibrariesBootstrapMixin from mod super_resolution,pl:mixin:APP:super_resolution.mixins.json:framegeneration.v26_3.GameRendererConstantsMixin from mod super_resolution,pl:mixin:APP:super_resolution.mixins.json:framegeneration.v26_3.NativeLibrariesBootstrapMixin from mod super_resolution,pl:mixin:APP:super_resolution.mixins.json:gui.GuiGraphicsMixin from mod super_resolution,pl:mixin:APP:super_resolution.mixins.json:gui.GuiRendererDrawAccessor from mod super_resolution,pl:mixin:APP:super_resolution.mixins.json:gui.GuiRendererMixin from mod super_resolution,pl:mixin:APP:super_resolution.mixins.json:lowlatency.v1_20_1.KeyboardHandlerReflexMixin from mod super_resolution,pl:mixin:APP:super_resolution.mixins.json:lowlatency.v1_20_1.MinecraftReflexMixin from mod super_resolution,pl:mixin:APP:super_resolution.mixins.json:lowlatency.v1_20_1.MouseHandlerReflexMixin from mod super_resolution,pl:mixin:APP:super_resolution.mixins.json:lowlatency.v1_20_1.RenderSystemAccessor from mod super_resolution,pl:mixin:APP:super_resolution.mixins.json:lowlatency.v1_21_1.MinecraftReflexMixin from mod super_resolution,pl:mixin:APP:super_resolution.mixins.json:lowlatency.v1_21_11.KeyboardHandlerReflexMixin from mod super_resolution,pl:mixin:APP:super_resolution.mixins.json:lowlatency.v1_21_11.MinecraftReflexMixin from mod super_resolution,pl:mixin:APP:super_resolution.mixins.json:lowlatency.v1_21_11.MouseHandlerReflexMixin from mod super_resolution,pl:mixin:APP:super_resolution.mixins.json:lowlatency.v1_21_11.RenderSystemAccessor from mod super_resolution,pl:mixin:APP:super_resolution.mixins.json:lowlatency.v26_1_x.KeyboardHandlerReflexMixin from mod super_resolution,pl:mixin:APP:super_resolution.mixins.json:lowlatency.v26_1_x.MinecraftReflexMixin from mod super_resolution,pl:mixin:APP:super_resolution.mixins.json:lowlatency.v26_1_x.MouseHandlerReflexMixin from mod super_resolution,pl:mixin:APP:super_resolution.mixins.json:lowlatency.v26_2.KeyboardHandlerReflexMixin from mod super_resolution,pl:mixin:APP:super_resolution.mixins.json:lowlatency.v26_2.MinecraftReflexMixin from mod super_resolution,pl:mixin:APP:super_resolution.mixins.json:lowlatency.v26_2.MouseHandlerReflexMixin from mod super_resolution,pl:mixin:APP:super_resolution.mixins.json:lowlatency.v26_3.KeyboardHandlerReflexMixin from mod super_resolution,pl:mixin:APP:super_resolution.mixins.json:lowlatency.v26_3.MinecraftReflexMixin from mod super_resolution,pl:mixin:APP:super_resolution.mixins.json:lowlatency.v26_3.MouseHandlerReflexMixin from mod super_resolution,pl:mixin:APP:super_resolution.mixins.json:presentation.v1_20_1.VulkanPresentationGameRendererCaptureMixin from mod super_resolution,pl:mixin:APP:super_resolution.mixins.json:presentation.v1_20_1.VulkanPresentationGlDeviceMixin from mod super_resolution,pl:mixin:APP:super_resolution.mixins.json:presentation.v1_20_1.VulkanPresentationMinecraftBackendMixin from mod super_resolution,pl:mixin:APP:super_resolution.mixins.json:presentation.v1_20_1.VulkanPresentationMinecraftCaptureMixin from mod super_resolution,pl:mixin:APP:super_resolution.mixins.json:presentation.v1_20_1.VulkanPresentationWindowMixin from mod super_resolution,pl:mixin:APP:super_resolution.mixins.json:presentation.v1_21_1.VulkanPresentationMinecraftCaptureMixin from mod super_resolution,pl:mixin:APP:super_resolution.mixins.json:presentation.v1_21_11.VulkanPresentationGameRendererCaptureMixin from mod super_resolution,pl:mixin:APP:super_resolution.mixins.json:presentation.v1_21_11.VulkanPresentationGlDeviceMixin from mod super_resolution,pl:mixin:APP:super_resolution.mixins.json:presentation.v1_21_11.VulkanPresentationMinecraftBackendMixin from mod super_resolution,pl:mixin:APP:super_resolution.mixins.json:presentation.v1_21_11.VulkanPresentationMinecraftCaptureMixin from mod super_resolution,pl:mixin:APP:super_resolution.mixins.json:presentation.v1_21_11.VulkanPresentationWindowMixin from mod super_resolution,pl:mixin:APP:super_resolution.mixins.json:presentation.v26_1_x.VulkanPresentationGameRendererCaptureMixin from mod super_resolution,pl:mixin:APP:super_resolution.mixins.json:presentation.v26_1_x.VulkanPresentationGlDeviceMixin from mod super_resolution,pl:mixin:APP:super_resolution.mixins.json:presentation.v26_1_x.VulkanPresentationMinecraftBackendMixin from mod super_resolution,pl:mixin:APP:super_resolution.mixins.json:presentation.v26_1_x.VulkanPresentationMinecraftCaptureMixin from mod super_resolution,pl:mixin:APP:super_resolution.mixins.json:presentation.v26_1_x.VulkanPresentationWindowCloseMixin from mod super_resolution,pl:mixin:APP:super_resolution.mixins.json:presentation.v26_2.VulkanPresentationGameRendererCaptureMixin from mod super_resolution,pl:mixin:APP:super_resolution.mixins.json:presentation.v26_2.VulkanPresentationGlDeviceMixin from mod super_resolution,pl:mixin:APP:super_resolution.mixins.json:presentation.v26_2.VulkanPresentationMinecraftBackendMixin from mod super_resolution,pl:mixin:APP:super_resolution.mixins.json:presentation.v26_2.VulkanPresentationMinecraftCaptureMixin from mod super_resolution,pl:mixin:APP:super_resolution.mixins.json:presentation.v26_2.VulkanPresentationWindowCloseMixin from mod super_resolution,pl:mixin:APP:super_resolution.mixins.json:presentation.v26_3.VulkanPresentationGameRendererCaptureMixin from mod super_resolution,pl:mixin:APP:super_resolution.mixins.json:presentation.v26_3.VulkanPresentationGlDeviceMixin from mod super_resolution,pl:mixin:APP:super_resolution.mixins.json:presentation.v26_3.VulkanPresentationMinecraftBackendMixin from mod super_resolution,pl:mixin:APP:super_resolution.mixins.json:presentation.v26_3.VulkanPresentationMinecraftCaptureMixin from mod super_resolution,pl:mixin:APP:super_resolution.mixins.json:presentation.v26_3.VulkanPresentationWindowCloseMixin from mod super_resolution,pl:mixin:APP:super_resolution-neoforge.mixins.json:neoforge.FuckingValidation1218Mixin from mod super_resolution,pl:mixin:APP:super_resolution-neoforge.mixins.json:neoforge.FuckingValidationMixin from mod super_resolution,pl:mixin:APP:super_resolution_irisapi.mixins.json:composite.before1_21_1.GlStateManagerTextureStateAccessor from mod super_resolution,pl:mixin:APP:architectury.mixins.json:MixinMinecraft from mod architectury,pl:mixin:A,pl:runtimedistcleaner:A}
	at TRANSFORMER/minecraft@1.21.1/net.minecraft.client.Minecraft.updateLevelInEngines(Minecraft.java) [neoforge-21.1.219.jar%23172!/:?] {re:mixin,pl:runtimedistcleaner:A,re:classloading,pl:mixin:APP:sodium-common.mixins.json:core.MinecraftMixin from mod sodium,pl:mixin:APP:sodium-neoforge.mixins.json:platform.neoforge.EntrypointMixin from mod sodium,pl:mixin:APP:mixins.iris.json:MixinMinecraft_Images from mod iris,pl:mixin:APP:mixins.iris.json:MixinMinecraft_Keybinds from mod iris,pl:mixin:APP:mixins.iris.json:MixinMinecraft_PipelineManagement from mod iris,pl:mixin:APP:super_resolution.mixins.json:core.GlTextureViewMixin from mod super_resolution,pl:mixin:APP:super_resolution.mixins.json:core.MinecraftMixin from mod super_resolution,pl:mixin:APP:super_resolution.mixins.json:core.accessor.MinecraftAccessor from mod super_resolution,pl:mixin:APP:super_resolution.mixins.json:framegeneration.v1_20_1.GameRendererConstantsMixin from mod super_resolution,pl:mixin:APP:super_resolution.mixins.json:framegeneration.v1_21_11.GameRendererConstantsMixin from mod super_resolution,pl:mixin:APP:super_resolution.mixins.json:framegeneration.v26_1_x.GameRendererConstantsMixin from mod super_resolution,pl:mixin:APP:super_resolution.mixins.json:framegeneration.v26_2.GameRendererConstantsMixin from mod super_resolution,pl:mixin:APP:super_resolution.mixins.json:framegeneration.v26_2.NativeLibrariesBootstrapMixin from mod super_resolution,pl:mixin:APP:super_resolution.mixins.json:framegeneration.v26_3.GameRendererConstantsMixin from mod super_resolution,pl:mixin:APP:super_resolution.mixins.json:framegeneration.v26_3.NativeLibrariesBootstrapMixin from mod super_resolution,pl:mixin:APP:super_resolution.mixins.json:gui.GuiGraphicsMixin from mod super_resolution,pl:mixin:APP:super_resolution.mixins.json:gui.GuiRendererDrawAccessor from mod super_resolution,pl:mixin:APP:super_resolution.mixins.json:gui.GuiRendererMixin from mod super_resolution,pl:mixin:APP:super_resolution.mixins.json:lowlatency.v1_20_1.KeyboardHandlerReflexMixin from mod super_resolution,pl:mixin:APP:super_resolution.mixins.json:lowlatency.v1_20_1.MinecraftReflexMixin from mod super_resolution,pl:mixin:APP:super_resolution.mixins.json:lowlatency.v1_20_1.MouseHandlerReflexMixin from mod super_resolution,pl:mixin:APP:super_resolution.mixins.json:lowlatency.v1_20_1.RenderSystemAccessor from mod super_resolution,pl:mixin:APP:super_resolution.mixins.json:lowlatency.v1_21_1.MinecraftReflexMixin from mod super_resolution,pl:mixin:APP:super_resolution.mixins.json:lowlatency.v1_21_11.KeyboardHandlerReflexMixin from mod super_resolution,pl:mixin:APP:super_resolution.mixins.json:lowlatency.v1_21_11.MinecraftReflexMixin from mod super_resolution,pl:mixin:APP:super_resolution.mixins.json:lowlatency.v1_21_11.MouseHandlerReflexMixin from mod super_resolution,pl:mixin:APP:super_resolution.mixins.json:lowlatency.v1_21_11.RenderSystemAccessor from mod super_resolution,pl:mixin:APP:super_resolution.mixins.json:lowlatency.v26_1_x.KeyboardHandlerReflexMixin from mod super_resolution,pl:mixin:APP:super_resolution.mixins.json:lowlatency.v26_1_x.MinecraftReflexMixin from mod super_resolution,pl:mixin:APP:super_resolution.mixins.json:lowlatency.v26_1_x.MouseHandlerReflexMixin from mod super_resolution,pl:mixin:APP:super_resolution.mixins.json:lowlatency.v26_2.KeyboardHandlerReflexMixin from mod super_resolution,pl:mixin:APP:super_resolution.mixins.json:lowlatency.v26_2.MinecraftReflexMixin from mod super_resolution,pl:mixin:APP:super_resolution.mixins.json:lowlatency.v26_2.MouseHandlerReflexMixin from mod super_resolution,pl:mixin:APP:super_resolution.mixins.json:lowlatency.v26_3.KeyboardHandlerReflexMixin from mod super_resolution,pl:mixin:APP:super_resolution.mixins.json:lowlatency.v26_3.MinecraftReflexMixin from mod super_resolution,pl:mixin:APP:super_resolution.mixins.json:lowlatency.v26_3.MouseHandlerReflexMixin from mod super_resolution,pl:mixin:APP:super_resolution.mixins.json:presentation.v1_20_1.VulkanPresentationGameRendererCaptureMixin from mod super_resolution,pl:mixin:APP:super_resolution.mixins.json:presentation.v1_20_1.VulkanPresentationGlDeviceMixin from mod super_resolution,pl:mixin:APP:super_resolution.mixins.json:presentation.v1_20_1.VulkanPresentationMinecraftBackendMixin from mod super_resolution,pl:mixin:APP:super_resolution.mixins.json:presentation.v1_20_1.VulkanPresentationMinecraftCaptureMixin from mod super_resolution,pl:mixin:APP:super_resolution.mixins.json:presentation.v1_20_1.VulkanPresentationWindowMixin from mod super_resolution,pl:mixin:APP:super_resolution.mixins.json:presentation.v1_21_1.VulkanPresentationMinecraftCaptureMixin from mod super_resolution,pl:mixin:APP:super_resolution.mixins.json:presentation.v1_21_11.VulkanPresentationGameRendererCaptureMixin from mod super_resolution,pl:mixin:APP:super_resolution.mixins.json:presentation.v1_21_11.VulkanPresentationGlDeviceMixin from mod super_resolution,pl:mixin:APP:super_resolution.mixins.json:presentation.v1_21_11.VulkanPresentationMinecraftBackendMixin from mod super_resolution,pl:mixin:APP:super_resolution.mixins.json:presentation.v1_21_11.VulkanPresentationMinecraftCaptureMixin from mod super_resolution,pl:mixin:APP:super_resolution.mixins.json:presentation.v1_21_11.VulkanPresentationWindowMixin from mod super_resolution,pl:mixin:APP:super_resolution.mixins.json:presentation.v26_1_x.VulkanPresentationGameRendererCaptureMixin from mod super_resolution,pl:mixin:APP:super_resolution.mixins.json:presentation.v26_1_x.VulkanPresentationGlDeviceMixin from mod super_resolution,pl:mixin:APP:super_resolution.mixins.json:presentation.v26_1_x.VulkanPresentationMinecraftBackendMixin from mod super_resolution,pl:mixin:APP:super_resolution.mixins.json:presentation.v26_1_x.VulkanPresentationMinecraftCaptureMixin from mod super_resolution,pl:mixin:APP:super_resolution.mixins.json:presentation.v26_1_x.VulkanPresentationWindowCloseMixin from mod super_resolution,pl:mixin:APP:super_resolution.mixins.json:presentation.v26_2.VulkanPresentationGameRendererCaptureMixin from mod super_resolution,pl:mixin:APP:super_resolution.mixins.json:presentation.v26_2.VulkanPresentationGlDeviceMixin from mod super_resolution,pl:mixin:APP:super_resolution.mixins.json:presentation.v26_2.VulkanPresentationMinecraftBackendMixin from mod super_resolution,pl:mixin:APP:super_resolution.mixins.json:presentation.v26_2.VulkanPresentationMinecraftCaptureMixin from mod super_resolution,pl:mixin:APP:super_resolution.mixins.json:presentation.v26_2.VulkanPresentationWindowCloseMixin from mod super_resolution,pl:mixin:APP:super_resolution.mixins.json:presentation.v26_3.VulkanPresentationGameRendererCaptureMixin from mod super_resolution,pl:mixin:APP:super_resolution.mixins.json:presentation.v26_3.VulkanPresentationGlDeviceMixin from mod super_resolution,pl:mixin:APP:super_resolution.mixins.json:presentation.v26_3.VulkanPresentationMinecraftBackendMixin from mod super_resolution,pl:mixin:APP:super_resolution.mixins.json:presentation.v26_3.VulkanPresentationMinecraftCaptureMixin from mod super_resolution,pl:mixin:APP:super_resolution.mixins.json:presentation.v26_3.VulkanPresentationWindowCloseMixin from mod super_resolution,pl:mixin:APP:super_resolution-neoforge.mixins.json:neoforge.FuckingValidation1218Mixin from mod super_resolution,pl:mixin:APP:super_resolution-neoforge.mixins.json:neoforge.FuckingValidationMixin from mod super_resolution,pl:mixin:APP:super_resolution_irisapi.mixins.json:composite.before1_21_1.GlStateManagerTextureStateAccessor from mod super_resolution,pl:mixin:APP:architectury.mixins.json:MixinMinecraft from mod architectury,pl:mixin:A,pl:runtimedistcleaner:A}
	at TRANSFORMER/minecraft@1.21.1/net.minecraft.client.Minecraft.setLevel(Minecraft.java:2117) [neoforge-21.1.219.jar%23172!/:?] {re:mixin,pl:runtimedistcleaner:A,re:classloading,pl:mixin:APP:sodium-common.mixins.json:core.MinecraftMixin from mod sodium,pl:mixin:APP:sodium-neoforge.mixins.json:platform.neoforge.EntrypointMixin from mod sodium,pl:mixin:APP:mixins.iris.json:MixinMinecraft_Images from mod iris,pl:mixin:APP:mixins.iris.json:MixinMinecraft_Keybinds from mod iris,pl:mixin:APP:mixins.iris.json:MixinMinecraft_PipelineManagement from mod iris,pl:mixin:APP:super_resolution.mixins.json:core.GlTextureViewMixin from mod super_resolution,pl:mixin:APP:super_resolution.mixins.json:core.MinecraftMixin from mod super_resolution,pl:mixin:APP:super_resolution.mixins.json:core.accessor.MinecraftAccessor from mod super_resolution,pl:mixin:APP:super_resolution.mixins.json:framegeneration.v1_20_1.GameRendererConstantsMixin from mod super_resolution,pl:mixin:APP:super_resolution.mixins.json:framegeneration.v1_21_11.GameRendererConstantsMixin from mod super_resolution,pl:mixin:APP:super_resolution.mixins.json:framegeneration.v26_1_x.GameRendererConstantsMixin from mod super_resolution,pl:mixin:APP:super_resolution.mixins.json:framegeneration.v26_2.GameRendererConstantsMixin from mod super_resolution,pl:mixin:APP:super_resolution.mixins.json:framegeneration.v26_2.NativeLibrariesBootstrapMixin from mod super_resolution,pl:mixin:APP:super_resolution.mixins.json:framegeneration.v26_3.GameRendererConstantsMixin from mod super_resolution,pl:mixin:APP:super_resolution.mixins.json:framegeneration.v26_3.NativeLibrariesBootstrapMixin from mod super_resolution,pl:mixin:APP:super_resolution.mixins.json:gui.GuiGraphicsMixin from mod super_resolution,pl:mixin:APP:super_resolution.mixins.json:gui.GuiRendererDrawAccessor from mod super_resolution,pl:mixin:APP:super_resolution.mixins.json:gui.GuiRendererMixin from mod super_resolution,pl:mixin:APP:super_resolution.mixins.json:lowlatency.v1_20_1.KeyboardHandlerReflexMixin from mod super_resolution,pl:mixin:APP:super_resolution.mixins.json:lowlatency.v1_20_1.MinecraftReflexMixin from mod super_resolution,pl:mixin:APP:super_resolution.mixins.json:lowlatency.v1_20_1.MouseHandlerReflexMixin from mod super_resolution,pl:mixin:APP:super_resolution.mixins.json:lowlatency.v1_20_1.RenderSystemAccessor from mod super_resolution,pl:mixin:APP:super_resolution.mixins.json:lowlatency.v1_21_1.MinecraftReflexMixin from mod super_resolution,pl:mixin:APP:super_resolution.mixins.json:lowlatency.v1_21_11.KeyboardHandlerReflexMixin from mod super_resolution,pl:mixin:APP:super_resolution.mixins.json:lowlatency.v1_21_11.MinecraftReflexMixin from mod super_resolution,pl:mixin:APP:super_resolution.mixins.json:lowlatency.v1_21_11.MouseHandlerReflexMixin from mod super_resolution,pl:mixin:APP:super_resolution.mixins.json:lowlatency.v1_21_11.RenderSystemAccessor from mod super_resolution,pl:mixin:APP:super_resolution.mixins.json:lowlatency.v26_1_x.KeyboardHandlerReflexMixin from mod super_resolution,pl:mixin:APP:super_resolution.mixins.json:lowlatency.v26_1_x.MinecraftReflexMixin from mod super_resolution,pl:mixin:APP:super_resolution.mixins.json:lowlatency.v26_1_x.MouseHandlerReflexMixin from mod super_resolution,pl:mixin:APP:super_resolution.mixins.json:lowlatency.v26_2.KeyboardHandlerReflexMixin from mod super_resolution,pl:mixin:APP:super_resolution.mixins.json:lowlatency.v26_2.MinecraftReflexMixin from mod super_resolution,pl:mixin:APP:super_resolution.mixins.json:lowlatency.v26_2.MouseHandlerReflexMixin from mod super_resolution,pl:mixin:APP:super_resolution.mixins.json:lowlatency.v26_3.KeyboardHandlerReflexMixin from mod super_resolution,pl:mixin:APP:super_resolution.mixins.json:lowlatency.v26_3.MinecraftReflexMixin from mod super_resolution,pl:mixin:APP:super_resolution.mixins.json:lowlatency.v26_3.MouseHandlerReflexMixin from mod super_resolution,pl:mixin:APP:super_resolution.mixins.json:presentation.v1_20_1.VulkanPresentationGameRendererCaptureMixin from mod super_resolution,pl:mixin:APP:super_resolution.mixins.json:presentation.v1_20_1.VulkanPresentationGlDeviceMixin from mod super_resolution,pl:mixin:APP:super_resolution.mixins.json:presentation.v1_20_1.VulkanPresentationMinecraftBackendMixin from mod super_resolution,pl:mixin:APP:super_resolution.mixins.json:presentation.v1_20_1.VulkanPresentationMinecraftCaptureMixin from mod super_resolution,pl:mixin:APP:super_resolution.mixins.json:presentation.v1_20_1.VulkanPresentationWindowMixin from mod super_resolution,pl:mixin:APP:super_resolution.mixins.json:presentation.v1_21_1.VulkanPresentationMinecraftCaptureMixin from mod super_resolution,pl:mixin:APP:super_resolution.mixins.json:presentation.v1_21_11.VulkanPresentationGameRendererCaptureMixin from mod super_resolution,pl:mixin:APP:super_resolution.mixins.json:presentation.v1_21_11.VulkanPresentationGlDeviceMixin from mod super_resolution,pl:mixin:APP:super_resolution.mixins.json:presentation.v1_21_11.VulkanPresentationMinecraftBackendMixin from mod super_resolution,pl:mixin:APP:super_resolution.mixins.json:presentation.v1_21_11.VulkanPresentationMinecraftCaptureMixin from mod super_resolution,pl:mixin:APP:super_resolution.mixins.json:presentation.v1_21_11.VulkanPresentationWindowMixin from mod super_resolution,pl:mixin:APP:super_resolution.mixins.json:presentation.v26_1_x.VulkanPresentationGameRendererCaptureMixin from mod super_resolution,pl:mixin:APP:super_resolution.mixins.json:presentation.v26_1_x.VulkanPresentationGlDeviceMixin from mod super_resolution,pl:mixin:APP:super_resolution.mixins.json:presentation.v26_1_x.VulkanPresentationMinecraftBackendMixin from mod super_resolution,pl:mixin:APP:super_resolution.mixins.json:presentation.v26_1_x.VulkanPresentationMinecraftCaptureMixin from mod super_resolution,pl:mixin:APP:super_resolution.mixins.json:presentation.v26_1_x.VulkanPresentationWindowCloseMixin from mod super_resolution,pl:mixin:APP:super_resolution.mixins.json:presentation.v26_2.VulkanPresentationGameRendererCaptureMixin from mod super_resolution,pl:mixin:APP:super_resolution.mixins.json:presentation.v26_2.VulkanPresentationGlDeviceMixin from mod super_resolution,pl:mixin:APP:super_resolution.mixins.json:presentation.v26_2.VulkanPresentationMinecraftBackendMixin from mod super_resolution,pl:mixin:APP:super_resolution.mixins.json:presentation.v26_2.VulkanPresentationMinecraftCaptureMixin from mod super_resolution,pl:mixin:APP:super_resolution.mixins.json:presentation.v26_2.VulkanPresentationWindowCloseMixin from mod super_resolution,pl:mixin:APP:super_resolution.mixins.json:presentation.v26_3.VulkanPresentationGameRendererCaptureMixin from mod super_resolution,pl:mixin:APP:super_resolution.mixins.json:presentation.v26_3.VulkanPresentationGlDeviceMixin from mod super_resolution,pl:mixin:APP:super_resolution.mixins.json:presentation.v26_3.VulkanPresentationMinecraftBackendMixin from mod super_resolution,pl:mixin:APP:super_resolution.mixins.json:presentation.v26_3.VulkanPresentationMinecraftCaptureMixin from mod super_resolution,pl:mixin:APP:super_resolution.mixins.json:presentation.v26_3.VulkanPresentationWindowCloseMixin from mod super_resolution,pl:mixin:APP:super_resolution-neoforge.mixins.json:neoforge.FuckingValidation1218Mixin from mod super_resolution,pl:mixin:APP:super_resolution-neoforge.mixins.json:neoforge.FuckingValidationMixin from mod super_resolution,pl:mixin:APP:super_resolution_irisapi.mixins.json:composite.before1_21_1.GlStateManagerTextureStateAccessor from mod super_resolution,pl:mixin:APP:architectury.mixins.json:MixinMinecraft from mod architectury,pl:mixin:A,pl:runtimedistcleaner:A}
	at TRANSFORMER/minecraft@1.21.1/net.minecraft.client.multiplayer.ClientPacketListener.handleLogin(ClientPacketListener.java:421) [neoforge-21.1.219.jar%23172!/:?] {re:mixin,pl:accesstransformer:B,pl:runtimedistcleaner:A,re:classloading,pl:accesstransformer:B,pl:mixin:APP:sodium-common.mixins.json:core.world.map.ClientPacketListenerMixin from mod sodium,pl:mixin:APP:mixins.iris.json:MixinClientPacketListener from mod iris,pl:mixin:A,pl:runtimedistcleaner:A}
	at TRANSFORMER/minecraft@1.21.1/net.minecraft.network.protocol.game.ClientboundLoginPacket.handle(ClientboundLoginPacket.java:67) [neoforge-21.1.219.jar%23172!/:?] {re:classloading,re:mixin}
	at TRANSFORMER/minecraft@1.21.1/net.minecraft.network.protocol.game.ClientboundLoginPacket.handle(ClientboundLoginPacket.java:14) [neoforge-21.1.219.jar%23172!/:?] {re:classloading,re:mixin}
	at TRANSFORMER/minecraft@1.21.1/net.minecraft.network.protocol.PacketUtils.lambda$ensureRunningOnSameThread$0(PacketUtils.java:26) [neoforge-21.1.219.jar%23172!/:?] {re:classloading}
	at TRANSFORMER/minecraft@1.21.1/net.minecraft.util.thread.BlockableEventLoop.doRunTask(BlockableEventLoop.java:148) [neoforge-21.1.219.jar%23172!/:?] {re:classloading,pl:accesstransformer:B,re:mixin,pl:accesstransformer:B}
	at TRANSFORMER/minecraft@1.21.1/net.minecraft.util.thread.ReentrantBlockableEventLoop.doRunTask(ReentrantBlockableEventLoop.java:24) [neoforge-21.1.219.jar%23172!/:?] {re:classloading,re:mixin}
	at TRANSFORMER/minecraft@1.21.1/net.minecraft.util.thread.BlockableEventLoop.pollTask(BlockableEventLoop.java:122) [neoforge-21.1.219.jar%23172!/:?] {re:classloading,pl:accesstransformer:B,re:mixin,pl:accesstransformer:B}
	at TRANSFORMER/minecraft@1.21.1/net.minecraft.util.thread.BlockableEventLoop.runAllTasks(BlockableEventLoop.java:111) [neoforge-21.1.219.jar%23172!/:?] {re:classloading,pl:accesstransformer:B,re:mixin,pl:accesstransformer:B}
	at TRANSFORMER/minecraft@1.21.1/net.minecraft.client.Minecraft.runTick(Minecraft.java:1155) [neoforge-21.1.219.jar%23172!/:?] {re:mixin,pl:runtimedistcleaner:A,re:classloading,pl:mixin:APP:sodium-common.mixins.json:core.MinecraftMixin from mod sodium,pl:mixin:APP:sodium-neoforge.mixins.json:platform.neoforge.EntrypointMixin from mod sodium,pl:mixin:APP:mixins.iris.json:MixinMinecraft_Images from mod iris,pl:mixin:APP:mixins.iris.json:MixinMinecraft_Keybinds from mod iris,pl:mixin:APP:mixins.iris.json:MixinMinecraft_PipelineManagement from mod iris,pl:mixin:APP:super_resolution.mixins.json:core.GlTextureViewMixin from mod super_resolution,pl:mixin:APP:super_resolution.mixins.json:core.MinecraftMixin from mod super_resolution,pl:mixin:APP:super_resolution.mixins.json:core.accessor.MinecraftAccessor from mod super_resolution,pl:mixin:APP:super_resolution.mixins.json:framegeneration.v1_20_1.GameRendererConstantsMixin from mod super_resolution,pl:mixin:APP:super_resolution.mixins.json:framegeneration.v1_21_11.GameRendererConstantsMixin from mod super_resolution,pl:mixin:APP:super_resolution.mixins.json:framegeneration.v26_1_x.GameRendererConstantsMixin from mod super_resolution,pl:mixin:APP:super_resolution.mixins.json:framegeneration.v26_2.GameRendererConstantsMixin from mod super_resolution,pl:mixin:APP:super_resolution.mixins.json:framegeneration.v26_2.NativeLibrariesBootstrapMixin from mod super_resolution,pl:mixin:APP:super_resolution.mixins.json:framegeneration.v26_3.GameRendererConstantsMixin from mod super_resolution,pl:mixin:APP:super_resolution.mixins.json:framegeneration.v26_3.NativeLibrariesBootstrapMixin from mod super_resolution,pl:mixin:APP:super_resolution.mixins.json:gui.GuiGraphicsMixin from mod super_resolution,pl:mixin:APP:super_resolution.mixins.json:gui.GuiRendererDrawAccessor from mod super_resolution,pl:mixin:APP:super_resolution.mixins.json:gui.GuiRendererMixin from mod super_resolution,pl:mixin:APP:super_resolution.mixins.json:lowlatency.v1_20_1.KeyboardHandlerReflexMixin from mod super_resolution,pl:mixin:APP:super_resolution.mixins.json:lowlatency.v1_20_1.MinecraftReflexMixin from mod super_resolution,pl:mixin:APP:super_resolution.mixins.json:lowlatency.v1_20_1.MouseHandlerReflexMixin from mod super_resolution,pl:mixin:APP:super_resolution.mixins.json:lowlatency.v1_20_1.RenderSystemAccessor from mod super_resolution,pl:mixin:APP:super_resolution.mixins.json:lowlatency.v1_21_1.MinecraftReflexMixin from mod super_resolution,pl:mixin:APP:super_resolution.mixins.json:lowlatency.v1_21_11.KeyboardHandlerReflexMixin from mod super_resolution,pl:mixin:APP:super_resolution.mixins.json:lowlatency.v1_21_11.MinecraftReflexMixin from mod super_resolution,pl:mixin:APP:super_resolution.mixins.json:lowlatency.v1_21_11.MouseHandlerReflexMixin from mod super_resolution,pl:mixin:APP:super_resolution.mixins.json:lowlatency.v1_21_11.RenderSystemAccessor from mod super_resolution,pl:mixin:APP:super_resolution.mixins.json:lowlatency.v26_1_x.KeyboardHandlerReflexMixin from mod super_resolution,pl:mixin:APP:super_resolution.mixins.json:lowlatency.v26_1_x.MinecraftReflexMixin from mod super_resolution,pl:mixin:APP:super_resolution.mixins.json:lowlatency.v26_1_x.MouseHandlerReflexMixin from mod super_resolution,pl:mixin:APP:super_resolution.mixins.json:lowlatency.v26_2.KeyboardHandlerReflexMixin from mod super_resolution,pl:mixin:APP:super_resolution.mixins.json:lowlatency.v26_2.MinecraftReflexMixin from mod super_resolution,pl:mixin:APP:super_resolution.mixins.json:lowlatency.v26_2.MouseHandlerReflexMixin from mod super_resolution,pl:mixin:APP:super_resolution.mixins.json:lowlatency.v26_3.KeyboardHandlerReflexMixin from mod super_resolution,pl:mixin:APP:super_resolution.mixins.json:lowlatency.v26_3.MinecraftReflexMixin from mod super_resolution,pl:mixin:APP:super_resolution.mixins.json:lowlatency.v26_3.MouseHandlerReflexMixin from mod super_resolution,pl:mixin:APP:super_resolution.mixins.json:presentation.v1_20_1.VulkanPresentationGameRendererCaptureMixin from mod super_resolution,pl:mixin:APP:super_resolution.mixins.json:presentation.v1_20_1.VulkanPresentationGlDeviceMixin from mod super_resolution,pl:mixin:APP:super_resolution.mixins.json:presentation.v1_20_1.VulkanPresentationMinecraftBackendMixin from mod super_resolution,pl:mixin:APP:super_resolution.mixins.json:presentation.v1_20_1.VulkanPresentationMinecraftCaptureMixin from mod super_resolution,pl:mixin:APP:super_resolution.mixins.json:presentation.v1_20_1.VulkanPresentationWindowMixin from mod super_resolution,pl:mixin:APP:super_resolution.mixins.json:presentation.v1_21_1.VulkanPresentationMinecraftCaptureMixin from mod super_resolution,pl:mixin:APP:super_resolution.mixins.json:presentation.v1_21_11.VulkanPresentationGameRendererCaptureMixin from mod super_resolution,pl:mixin:APP:super_resolution.mixins.json:presentation.v1_21_11.VulkanPresentationGlDeviceMixin from mod super_resolution,pl:mixin:APP:super_resolution.mixins.json:presentation.v1_21_11.VulkanPresentationMinecraftBackendMixin from mod super_resolution,pl:mixin:APP:super_resolution.mixins.json:presentation.v1_21_11.VulkanPresentationMinecraftCaptureMixin from mod super_resolution,pl:mixin:APP:super_resolution.mixins.json:presentation.v1_21_11.VulkanPresentationWindowMixin from mod super_resolution,pl:mixin:APP:super_resolution.mixins.json:presentation.v26_1_x.VulkanPresentationGameRendererCaptureMixin from mod super_resolution,pl:mixin:APP:super_resolution.mixins.json:presentation.v26_1_x.VulkanPresentationGlDeviceMixin from mod super_resolution,pl:mixin:APP:super_resolution.mixins.json:presentation.v26_1_x.VulkanPresentationMinecraftBackendMixin from mod super_resolution,pl:mixin:APP:super_resolution.mixins.json:presentation.v26_1_x.VulkanPresentationMinecraftCaptureMixin from mod super_resolution,pl:mixin:APP:super_resolution.mixins.json:presentation.v26_1_x.VulkanPresentationWindowCloseMixin from mod super_resolution,pl:mixin:APP:super_resolution.mixins.json:presentation.v26_2.VulkanPresentationGameRendererCaptureMixin from mod super_resolution,pl:mixin:APP:super_resolution.mixins.json:presentation.v26_2.VulkanPresentationGlDeviceMixin from mod super_resolution,pl:mixin:APP:super_resolution.mixins.json:presentation.v26_2.VulkanPresentationMinecraftBackendMixin from mod super_resolution,pl:mixin:APP:super_resolution.mixins.json:presentation.v26_2.VulkanPresentationMinecraftCaptureMixin from mod super_resolution,pl:mixin:APP:super_resolution.mixins.json:presentation.v26_2.VulkanPresentationWindowCloseMixin from mod super_resolution,pl:mixin:APP:super_resolution.mixins.json:presentation.v26_3.VulkanPresentationGameRendererCaptureMixin from mod super_resolution,pl:mixin:APP:super_resolution.mixins.json:presentation.v26_3.VulkanPresentationGlDeviceMixin from mod super_resolution,pl:mixin:APP:super_resolution.mixins.json:presentation.v26_3.VulkanPresentationMinecraftBackendMixin from mod super_resolution,pl:mixin:APP:super_resolution.mixins.json:presentation.v26_3.VulkanPresentationMinecraftCaptureMixin from mod super_resolution,pl:mixin:APP:super_resolution.mixins.json:presentation.v26_3.VulkanPresentationWindowCloseMixin from mod super_resolution,pl:mixin:APP:super_resolution-neoforge.mixins.json:neoforge.FuckingValidation1218Mixin from mod super_resolution,pl:mixin:APP:super_resolution-neoforge.mixins.json:neoforge.FuckingValidationMixin from mod super_resolution,pl:mixin:APP:super_resolution_irisapi.mixins.json:composite.before1_21_1.GlStateManagerTextureStateAccessor from mod super_resolution,pl:mixin:APP:architectury.mixins.json:MixinMinecraft from mod architectury,pl:mixin:A,pl:runtimedistcleaner:A}
	at TRANSFORMER/minecraft@1.21.1/net.minecraft.client.Minecraft.run(Minecraft.java:807) [neoforge-21.1.219.jar%23172!/:?] {re:mixin,pl:runtimedistcleaner:A,re:classloading,pl:mixin:APP:sodium-common.mixins.json:core.MinecraftMixin from mod sodium,pl:mixin:APP:sodium-neoforge.mixins.json:platform.neoforge.EntrypointMixin from mod sodium,pl:mixin:APP:mixins.iris.json:MixinMinecraft_Images from mod iris,pl:mixin:APP:mixins.iris.json:MixinMinecraft_Keybinds from mod iris,pl:mixin:APP:mixins.iris.json:MixinMinecraft_PipelineManagement from mod iris,pl:mixin:APP:super_resolution.mixins.json:core.GlTextureViewMixin from mod super_resolution,pl:mixin:APP:super_resolution.mixins.json:core.MinecraftMixin from mod super_resolution,pl:mixin:APP:super_resolution.mixins.json:core.accessor.MinecraftAccessor from mod super_resolution,pl:mixin:APP:super_resolution.mixins.json:framegeneration.v1_20_1.GameRendererConstantsMixin from mod super_resolution,pl:mixin:APP:super_resolution.mixins.json:framegeneration.v1_21_11.GameRendererConstantsMixin from mod super_resolution,pl:mixin:APP:super_resolution.mixins.json:framegeneration.v26_1_x.GameRendererConstantsMixin from mod super_resolution,pl:mixin:APP:super_resolution.mixins.json:framegeneration.v26_2.GameRendererConstantsMixin from mod super_resolution,pl:mixin:APP:super_resolution.mixins.json:framegeneration.v26_2.NativeLibrariesBootstrapMixin from mod super_resolution,pl:mixin:APP:super_resolution.mixins.json:framegeneration.v26_3.GameRendererConstantsMixin from mod super_resolution,pl:mixin:APP:super_resolution.mixins.json:framegeneration.v26_3.NativeLibrariesBootstrapMixin from mod super_resolution,pl:mixin:APP:super_resolution.mixins.json:gui.GuiGraphicsMixin from mod super_resolution,pl:mixin:APP:super_resolution.mixins.json:gui.GuiRendererDrawAccessor from mod super_resolution,pl:mixin:APP:super_resolution.mixins.json:gui.GuiRendererMixin from mod super_resolution,pl:mixin:APP:super_resolution.mixins.json:lowlatency.v1_20_1.KeyboardHandlerReflexMixin from mod super_resolution,pl:mixin:APP:super_resolution.mixins.json:lowlatency.v1_20_1.MinecraftReflexMixin from mod super_resolution,pl:mixin:APP:super_resolution.mixins.json:lowlatency.v1_20_1.MouseHandlerReflexMixin from mod super_resolution,pl:mixin:APP:super_resolution.mixins.json:lowlatency.v1_20_1.RenderSystemAccessor from mod super_resolution,pl:mixin:APP:super_resolution.mixins.json:lowlatency.v1_21_1.MinecraftReflexMixin from mod super_resolution,pl:mixin:APP:super_resolution.mixins.json:lowlatency.v1_21_11.KeyboardHandlerReflexMixin from mod super_resolution,pl:mixin:APP:super_resolution.mixins.json:lowlatency.v1_21_11.MinecraftReflexMixin from mod super_resolution,pl:mixin:APP:super_resolution.mixins.json:lowlatency.v1_21_11.MouseHandlerReflexMixin from mod super_resolution,pl:mixin:APP:super_resolution.mixins.json:lowlatency.v1_21_11.RenderSystemAccessor from mod super_resolution,pl:mixin:APP:super_resolution.mixins.json:lowlatency.v26_1_x.KeyboardHandlerReflexMixin from mod super_resolution,pl:mixin:APP:super_resolution.mixins.json:lowlatency.v26_1_x.MinecraftReflexMixin from mod super_resolution,pl:mixin:APP:super_resolution.mixins.json:lowlatency.v26_1_x.MouseHandlerReflexMixin from mod super_resolution,pl:mixin:APP:super_resolution.mixins.json:lowlatency.v26_2.KeyboardHandlerReflexMixin from mod super_resolution,pl:mixin:APP:super_resolution.mixins.json:lowlatency.v26_2.MinecraftReflexMixin from mod super_resolution,pl:mixin:APP:super_resolution.mixins.json:lowlatency.v26_2.MouseHandlerReflexMixin from mod super_resolution,pl:mixin:APP:super_resolution.mixins.json:lowlatency.v26_3.KeyboardHandlerReflexMixin from mod super_resolution,pl:mixin:APP:super_resolution.mixins.json:lowlatency.v26_3.MinecraftReflexMixin from mod super_resolution,pl:mixin:APP:super_resolution.mixins.json:lowlatency.v26_3.MouseHandlerReflexMixin from mod super_resolution,pl:mixin:APP:super_resolution.mixins.json:presentation.v1_20_1.VulkanPresentationGameRendererCaptureMixin from mod super_resolution,pl:mixin:APP:super_resolution.mixins.json:presentation.v1_20_1.VulkanPresentationGlDeviceMixin from mod super_resolution,pl:mixin:APP:super_resolution.mixins.json:presentation.v1_20_1.VulkanPresentationMinecraftBackendMixin from mod super_resolution,pl:mixin:APP:super_resolution.mixins.json:presentation.v1_20_1.VulkanPresentationMinecraftCaptureMixin from mod super_resolution,pl:mixin:APP:super_resolution.mixins.json:presentation.v1_20_1.VulkanPresentationWindowMixin from mod super_resolution,pl:mixin:APP:super_resolution.mixins.json:presentation.v1_21_1.VulkanPresentationMinecraftCaptureMixin from mod super_resolution,pl:mixin:APP:super_resolution.mixins.json:presentation.v1_21_11.VulkanPresentationGameRendererCaptureMixin from mod super_resolution,pl:mixin:APP:super_resolution.mixins.json:presentation.v1_21_11.VulkanPresentationGlDeviceMixin from mod super_resolution,pl:mixin:APP:super_resolution.mixins.json:presentation.v1_21_11.VulkanPresentationMinecraftBackendMixin from mod super_resolution,pl:mixin:APP:super_resolution.mixins.json:presentation.v1_21_11.VulkanPresentationMinecraftCaptureMixin from mod super_resolution,pl:mixin:APP:super_resolution.mixins.json:presentation.v1_21_11.VulkanPresentationWindowMixin from mod super_resolution,pl:mixin:APP:super_resolution.mixins.json:presentation.v26_1_x.VulkanPresentationGameRendererCaptureMixin from mod super_resolution,pl:mixin:APP:super_resolution.mixins.json:presentation.v26_1_x.VulkanPresentationGlDeviceMixin from mod super_resolution,pl:mixin:APP:super_resolution.mixins.json:presentation.v26_1_x.VulkanPresentationMinecraftBackendMixin from mod super_resolution,pl:mixin:APP:super_resolution.mixins.json:presentation.v26_1_x.VulkanPresentationMinecraftCaptureMixin from mod super_resolution,pl:mixin:APP:super_resolution.mixins.json:presentation.v26_1_x.VulkanPresentationWindowCloseMixin from mod super_resolution,pl:mixin:APP:super_resolution.mixins.json:presentation.v26_2.VulkanPresentationGameRendererCaptureMixin from mod super_resolution,pl:mixin:APP:super_resolution.mixins.json:presentation.v26_2.VulkanPresentationGlDeviceMixin from mod super_resolution,pl:mixin:APP:super_resolution.mixins.json:presentation.v26_2.VulkanPresentationMinecraftBackendMixin from mod super_resolution,pl:mixin:APP:super_resolution.mixins.json:presentation.v26_2.VulkanPresentationMinecraftCaptureMixin from mod super_resolution,pl:mixin:APP:super_resolution.mixins.json:presentation.v26_2.VulkanPresentationWindowCloseMixin from mod super_resolution,pl:mixin:APP:super_resolution.mixins.json:presentation.v26_3.VulkanPresentationGameRendererCaptureMixin from mod super_resolution,pl:mixin:APP:super_resolution.mixins.json:presentation.v26_3.VulkanPresentationGlDeviceMixin from mod super_resolution,pl:mixin:APP:super_resolution.mixins.json:presentation.v26_3.VulkanPresentationMinecraftBackendMixin from mod super_resolution,pl:mixin:APP:super_resolution.mixins.json:presentation.v26_3.VulkanPresentationMinecraftCaptureMixin from mod super_resolution,pl:mixin:APP:super_resolution.mixins.json:presentation.v26_3.VulkanPresentationWindowCloseMixin from mod super_resolution,pl:mixin:APP:super_resolution-neoforge.mixins.json:neoforge.FuckingValidation1218Mixin from mod super_resolution,pl:mixin:APP:super_resolution-neoforge.mixins.json:neoforge.FuckingValidationMixin from mod super_resolution,pl:mixin:APP:super_resolution_irisapi.mixins.json:composite.before1_21_1.GlStateManagerTextureStateAccessor from mod super_resolution,pl:mixin:APP:architectury.mixins.json:MixinMinecraft from mod architectury,pl:mixin:A,pl:runtimedistcleaner:A}
	at TRANSFORMER/minecraft@1.21.1/net.minecraft.client.main.Main.main(Main.java:230) [neoforge-21.1.219.jar%23172!/:?] {re:classloading,pl:runtimedistcleaner:A}
	at java.base/jdk.internal.reflect.DirectMethodHandleAccessor.invoke(DirectMethodHandleAccessor.java:104) ~[?:?] {}
	at java.base/java.lang.reflect.Method.invoke(Method.java:565) ~[?:?] {}
	at MC-BOOTSTRAP/fml_loader@4.0.42/net.neoforged.fml.loading.targets.CommonLaunchHandler.runTarget(CommonLaunchHandler.java:136) [loader-4.0.42.jar%23130!/:4.0] {}
	at MC-BOOTSTRAP/fml_loader@4.0.42/net.neoforged.fml.loading.targets.CommonLaunchHandler.clientService(CommonLaunchHandler.java:124) [loader-4.0.42.jar%23130!/:4.0] {}
	at MC-BOOTSTRAP/fml_loader@4.0.42/net.neoforged.fml.loading.targets.NeoForgeClientDevLaunchHandler.runService(NeoForgeClientDevLaunchHandler.java:23) [loader-4.0.42.jar%23130!/:4.0] {}
	at MC-BOOTSTRAP/fml_loader@4.0.42/net.neoforged.fml.loading.targets.CommonLaunchHandler.lambda$launchService$4(CommonLaunchHandler.java:118) [loader-4.0.42.jar%23130!/:4.0] {}
	at MC-BOOTSTRAP/cpw.mods.modlauncher@11.0.5/cpw.mods.modlauncher.LaunchServiceHandlerDecorator.launch(LaunchServiceHandlerDecorator.java:30) [modlauncher-11.0.5.jar%23112!/:?] {}
	at MC-BOOTSTRAP/cpw.mods.modlauncher@11.0.5/cpw.mods.modlauncher.LaunchServiceHandler.launch(LaunchServiceHandler.java:53) [modlauncher-11.0.5.jar%23112!/:?] {}
	at MC-BOOTSTRAP/cpw.mods.modlauncher@11.0.5/cpw.mods.modlauncher.LaunchServiceHandler.launch(LaunchServiceHandler.java:71) [modlauncher-11.0.5.jar%23112!/:?] {}
	at MC-BOOTSTRAP/cpw.mods.modlauncher@11.0.5/cpw.mods.modlauncher.Launcher.run(Launcher.java:103) [modlauncher-11.0.5.jar%23112!/:?] {}
	at MC-BOOTSTRAP/cpw.mods.modlauncher@11.0.5/cpw.mods.modlauncher.Launcher.main(Launcher.java:74) [modlauncher-11.0.5.jar%23112!/:?] {}
	at MC-BOOTSTRAP/cpw.mods.modlauncher@11.0.5/cpw.mods.modlauncher.BootstrapLaunchConsumer.accept(BootstrapLaunchConsumer.java:26) [modlauncher-11.0.5.jar%23112!/:?] {}
	at MC-BOOTSTRAP/cpw.mods.modlauncher@11.0.5/cpw.mods.modlauncher.BootstrapLaunchConsumer.accept(BootstrapLaunchConsumer.java:23) [modlauncher-11.0.5.jar%23112!/:?] {}
	at cpw.mods.bootstraplauncher@2.0.2/cpw.mods.bootstraplauncher.BootstrapLauncher.run(BootstrapLauncher.java:210) [bootstraplauncher-2.0.2.jar:?] {}
	at cpw.mods.bootstraplauncher@2.0.2/cpw.mods.bootstraplauncher.BootstrapLauncher.main(BootstrapLauncher.java:69) [bootstraplauncher-2.0.2.jar:?] {}
	at java.base/jdk.internal.reflect.DirectMethodHandleAccessor.invoke(DirectMethodHandleAccessor.java:104) ~[?:?] {}
	at java.base/java.lang.reflect.Method.invoke(Method.java:565) ~[?:?] {}
	at net.neoforged.devlaunch.Main.main(Main.java:57) [DevLaunch-1.0.2.jar:?] {}
[14:21:21] [Render thread/WARN] [Iris/]: Failed to resolve uniform endFlashFactor0, reason: Unknown variable: endFlashIntensity ( = BinaryExpr{ {FunctionCall{min {[Id{endFlashIntensity}, Number{0.5}]} }} multiply{0} {Number{2.0}} })
java.lang.RuntimeException: Unknown variable: endFlashIntensity
	at TRANSFORMER/iris@1.8.8+mc1.21.1/kroppeb.stareval.resolver.ExpressionResolver.resolveExpressionInternal(ExpressionResolver.java:225) ~[iris-1.8.8+1.21.1-neoforge-neoforge,1.21.1.jar%23177!/:?] {re:classloading}
	at TRANSFORMER/iris@1.8.8+mc1.21.1/kroppeb.stareval.resolver.ExpressionResolver.resolveCallExpressionInternal(ExpressionResolver.java:81) ~[iris-1.8.8+1.21.1-neoforge-neoforge,1.21.1.jar%23177!/:?] {re:classloading}
	at TRANSFORMER/iris@1.8.8+mc1.21.1/kroppeb.stareval.resolver.ExpressionResolver.resolveCallExpression(ExpressionResolver.java:111) ~[iris-1.8.8+1.21.1-neoforge-neoforge,1.21.1.jar%23177!/:?] {re:classloading}
	at TRANSFORMER/iris@1.8.8+mc1.21.1/kroppeb.stareval.resolver.ExpressionResolver.resolveExpressionInternal(ExpressionResolver.java:196) ~[iris-1.8.8+1.21.1-neoforge-neoforge,1.21.1.jar%23177!/:?] {re:classloading}
	at TRANSFORMER/iris@1.8.8+mc1.21.1/kroppeb.stareval.resolver.ExpressionResolver.resolveCallExpressionInternal(ExpressionResolver.java:81) ~[iris-1.8.8+1.21.1-neoforge-neoforge,1.21.1.jar%23177!/:?] {re:classloading}
	at TRANSFORMER/iris@1.8.8+mc1.21.1/kroppeb.stareval.resolver.ExpressionResolver.resolveCallExpression(ExpressionResolver.java:111) ~[iris-1.8.8+1.21.1-neoforge-neoforge,1.21.1.jar%23177!/:?] {re:classloading}
	at TRANSFORMER/iris@1.8.8+mc1.21.1/kroppeb.stareval.resolver.ExpressionResolver.resolveExpressionInternal(ExpressionResolver.java:192) ~[iris-1.8.8+1.21.1-neoforge-neoforge,1.21.1.jar%23177!/:?] {re:classloading}
	at TRANSFORMER/iris@1.8.8+mc1.21.1/kroppeb.stareval.resolver.ExpressionResolver.resolveExpression(ExpressionResolver.java:50) ~[iris-1.8.8+1.21.1-neoforge-neoforge,1.21.1.jar%23177!/:?] {re:classloading}
	at TRANSFORMER/iris@1.8.8+mc1.21.1/net.irisshaders.iris.uniforms.custom.CustomUniforms.<init>(CustomUniforms.java:60) [iris-1.8.8+1.21.1-neoforge-neoforge,1.21.1.jar%23177!/:?] {re:classloading}
	at TRANSFORMER/iris@1.8.8+mc1.21.1/net.irisshaders.iris.uniforms.custom.CustomUniforms$Builder.build(CustomUniforms.java:332) [iris-1.8.8+1.21.1-neoforge-neoforge,1.21.1.jar%23177!/:?] {re:classloading}
	at TRANSFORMER/iris@1.8.8+mc1.21.1/net.irisshaders.iris.uniforms.custom.CustomUniforms$Builder.build(CustomUniforms.java:343) [iris-1.8.8+1.21.1-neoforge-neoforge,1.21.1.jar%23177!/:?] {re:classloading}
	at TRANSFORMER/iris@1.8.8+mc1.21.1/net.irisshaders.iris.pipeline.IrisRenderingPipeline.<init>(IrisRenderingPipeline.java:282) [iris-1.8.8+1.21.1-neoforge-neoforge,1.21.1.jar%23177!/:?] {re:mixin,re:classloading,pl:mixin:APP:super_resolution_irisapi.mixins.json:composite.IrisRenderingPipelineAccessor from mod super_resolution,pl:mixin:APP:super_resolution_irisapi.mixins.json:composite.before1_21_1.IrisRenderingPipelineMixin from mod super_resolution,pl:mixin:APP:super_resolution.shadercompat.mixins.json:core.IrisRenderingPipelineAccessor from mod super_resolution,pl:mixin:APP:super_resolution.shadercompat.mixins.json:core.IrisRenderingPipelineMixin from mod super_resolution,pl:mixin:A}
	at TRANSFORMER/iris@1.8.8+mc1.21.1/net.irisshaders.iris.Iris.createPipeline(Iris.java:616) [iris-1.8.8+1.21.1-neoforge-neoforge,1.21.1.jar%23177!/:?] {re:mixin,re:classloading,pl:mixin:APP:super_resolution.shadercompat.mixins.json:core.IrisMixin from mod super_resolution,pl:mixin:A}
	at TRANSFORMER/iris@1.8.8+mc1.21.1/net.irisshaders.iris.pipeline.PipelineManager.preparePipeline(PipelineManager.java:33) [iris-1.8.8+1.21.1-neoforge-neoforge,1.21.1.jar%23177!/:?] {re:mixin,re:classloading,pl:mixin:APP:super_resolution.shadercompat.mixins.json:core.PipelineManagerMixin from mod super_resolution,pl:mixin:A}
	at TRANSFORMER/minecraft@1.21.1/net.minecraft.client.Minecraft.handler$zeo000$iris$resetPipeline(Minecraft.java:5042) [neoforge-21.1.219.jar%23172!/:?] {re:mixin,pl:runtimedistcleaner:A,re:classloading,pl:mixin:APP:sodium-common.mixins.json:core.MinecraftMixin from mod sodium,pl:mixin:APP:sodium-neoforge.mixins.json:platform.neoforge.EntrypointMixin from mod sodium,pl:mixin:APP:mixins.iris.json:MixinMinecraft_Images from mod iris,pl:mixin:APP:mixins.iris.json:MixinMinecraft_Keybinds from mod iris,pl:mixin:APP:mixins.iris.json:MixinMinecraft_PipelineManagement from mod iris,pl:mixin:APP:super_resolution.mixins.json:core.GlTextureViewMixin from mod super_resolution,pl:mixin:APP:super_resolution.mixins.json:core.MinecraftMixin from mod super_resolution,pl:mixin:APP:super_resolution.mixins.json:core.accessor.MinecraftAccessor from mod super_resolution,pl:mixin:APP:super_resolution.mixins.json:framegeneration.v1_20_1.GameRendererConstantsMixin from mod super_resolution,pl:mixin:APP:super_resolution.mixins.json:framegeneration.v1_21_11.GameRendererConstantsMixin from mod super_resolution,pl:mixin:APP:super_resolution.mixins.json:framegeneration.v26_1_x.GameRendererConstantsMixin from mod super_resolution,pl:mixin:APP:super_resolution.mixins.json:framegeneration.v26_2.GameRendererConstantsMixin from mod super_resolution,pl:mixin:APP:super_resolution.mixins.json:framegeneration.v26_2.NativeLibrariesBootstrapMixin from mod super_resolution,pl:mixin:APP:super_resolution.mixins.json:framegeneration.v26_3.GameRendererConstantsMixin from mod super_resolution,pl:mixin:APP:super_resolution.mixins.json:framegeneration.v26_3.NativeLibrariesBootstrapMixin from mod super_resolution,pl:mixin:APP:super_resolution.mixins.json:gui.GuiGraphicsMixin from mod super_resolution,pl:mixin:APP:super_resolution.mixins.json:gui.GuiRendererDrawAccessor from mod super_resolution,pl:mixin:APP:super_resolution.mixins.json:gui.GuiRendererMixin from mod super_resolution,pl:mixin:APP:super_resolution.mixins.json:lowlatency.v1_20_1.KeyboardHandlerReflexMixin from mod super_resolution,pl:mixin:APP:super_resolution.mixins.json:lowlatency.v1_20_1.MinecraftReflexMixin from mod super_resolution,pl:mixin:APP:super_resolution.mixins.json:lowlatency.v1_20_1.MouseHandlerReflexMixin from mod super_resolution,pl:mixin:APP:super_resolution.mixins.json:lowlatency.v1_20_1.RenderSystemAccessor from mod super_resolution,pl:mixin:APP:super_resolution.mixins.json:lowlatency.v1_21_1.MinecraftReflexMixin from mod super_resolution,pl:mixin:APP:super_resolution.mixins.json:lowlatency.v1_21_11.KeyboardHandlerReflexMixin from mod super_resolution,pl:mixin:APP:super_resolution.mixins.json:lowlatency.v1_21_11.MinecraftReflexMixin from mod super_resolution,pl:mixin:APP:super_resolution.mixins.json:lowlatency.v1_21_11.MouseHandlerReflexMixin from mod super_resolution,pl:mixin:APP:super_resolution.mixins.json:lowlatency.v1_21_11.RenderSystemAccessor from mod super_resolution,pl:mixin:APP:super_resolution.mixins.json:lowlatency.v26_1_x.KeyboardHandlerReflexMixin from mod super_resolution,pl:mixin:APP:super_resolution.mixins.json:lowlatency.v26_1_x.MinecraftReflexMixin from mod super_resolution,pl:mixin:APP:super_resolution.mixins.json:lowlatency.v26_1_x.MouseHandlerReflexMixin from mod super_resolution,pl:mixin:APP:super_resolution.mixins.json:lowlatency.v26_2.KeyboardHandlerReflexMixin from mod super_resolution,pl:mixin:APP:super_resolution.mixins.json:lowlatency.v26_2.MinecraftReflexMixin from mod super_resolution,pl:mixin:APP:super_resolution.mixins.json:lowlatency.v26_2.MouseHandlerReflexMixin from mod super_resolution,pl:mixin:APP:super_resolution.mixins.json:lowlatency.v26_3.KeyboardHandlerReflexMixin from mod super_resolution,pl:mixin:APP:super_resolution.mixins.json:lowlatency.v26_3.MinecraftReflexMixin from mod super_resolution,pl:mixin:APP:super_resolution.mixins.json:lowlatency.v26_3.MouseHandlerReflexMixin from mod super_resolution,pl:mixin:APP:super_resolution.mixins.json:presentation.v1_20_1.VulkanPresentationGameRendererCaptureMixin from mod super_resolution,pl:mixin:APP:super_resolution.mixins.json:presentation.v1_20_1.VulkanPresentationGlDeviceMixin from mod super_resolution,pl:mixin:APP:super_resolution.mixins.json:presentation.v1_20_1.VulkanPresentationMinecraftBackendMixin from mod super_resolution,pl:mixin:APP:super_resolution.mixins.json:presentation.v1_20_1.VulkanPresentationMinecraftCaptureMixin from mod super_resolution,pl:mixin:APP:super_resolution.mixins.json:presentation.v1_20_1.VulkanPresentationWindowMixin from mod super_resolution,pl:mixin:APP:super_resolution.mixins.json:presentation.v1_21_1.VulkanPresentationMinecraftCaptureMixin from mod super_resolution,pl:mixin:APP:super_resolution.mixins.json:presentation.v1_21_11.VulkanPresentationGameRendererCaptureMixin from mod super_resolution,pl:mixin:APP:super_resolution.mixins.json:presentation.v1_21_11.VulkanPresentationGlDeviceMixin from mod super_resolution,pl:mixin:APP:super_resolution.mixins.json:presentation.v1_21_11.VulkanPresentationMinecraftBackendMixin from mod super_resolution,pl:mixin:APP:super_resolution.mixins.json:presentation.v1_21_11.VulkanPresentationMinecraftCaptureMixin from mod super_resolution,pl:mixin:APP:super_resolution.mixins.json:presentation.v1_21_11.VulkanPresentationWindowMixin from mod super_resolution,pl:mixin:APP:super_resolution.mixins.json:presentation.v26_1_x.VulkanPresentationGameRendererCaptureMixin from mod super_resolution,pl:mixin:APP:super_resolution.mixins.json:presentation.v26_1_x.VulkanPresentationGlDeviceMixin from mod super_resolution,pl:mixin:APP:super_resolution.mixins.json:presentation.v26_1_x.VulkanPresentationMinecraftBackendMixin from mod super_resolution,pl:mixin:APP:super_resolution.mixins.json:presentation.v26_1_x.VulkanPresentationMinecraftCaptureMixin from mod super_resolution,pl:mixin:APP:super_resolution.mixins.json:presentation.v26_1_x.VulkanPresentationWindowCloseMixin from mod super_resolution,pl:mixin:APP:super_resolution.mixins.json:presentation.v26_2.VulkanPresentationGameRendererCaptureMixin from mod super_resolution,pl:mixin:APP:super_resolution.mixins.json:presentation.v26_2.VulkanPresentationGlDeviceMixin from mod super_resolution,pl:mixin:APP:super_resolution.mixins.json:presentation.v26_2.VulkanPresentationMinecraftBackendMixin from mod super_resolution,pl:mixin:APP:super_resolution.mixins.json:presentation.v26_2.VulkanPresentationMinecraftCaptureMixin from mod super_resolution,pl:mixin:APP:super_resolution.mixins.json:presentation.v26_2.VulkanPresentationWindowCloseMixin from mod super_resolution,pl:mixin:APP:super_resolution.mixins.json:presentation.v26_3.VulkanPresentationGameRendererCaptureMixin from mod super_resolution,pl:mixin:APP:super_resolution.mixins.json:presentation.v26_3.VulkanPresentationGlDeviceMixin from mod super_resolution,pl:mixin:APP:super_resolution.mixins.json:presentation.v26_3.VulkanPresentationMinecraftBackendMixin from mod super_resolution,pl:mixin:APP:super_resolution.mixins.json:presentation.v26_3.VulkanPresentationMinecraftCaptureMixin from mod super_resolution,pl:mixin:APP:super_resolution.mixins.json:presentation.v26_3.VulkanPresentationWindowCloseMixin from mod super_resolution,pl:mixin:APP:super_resolution-neoforge.mixins.json:neoforge.FuckingValidation1218Mixin from mod super_resolution,pl:mixin:APP:super_resolution-neoforge.mixins.json:neoforge.FuckingValidationMixin from mod super_resolution,pl:mixin:APP:super_resolution_irisapi.mixins.json:composite.before1_21_1.GlStateManagerTextureStateAccessor from mod super_resolution,pl:mixin:APP:architectury.mixins.json:MixinMinecraft from mod architectury,pl:mixin:A,pl:runtimedistcleaner:A}
	at TRANSFORMER/minecraft@1.21.1/net.minecraft.client.Minecraft.updateLevelInEngines(Minecraft.java) [neoforge-21.1.219.jar%23172!/:?] {re:mixin,pl:runtimedistcleaner:A,re:classloading,pl:mixin:APP:sodium-common.mixins.json:core.MinecraftMixin from mod sodium,pl:mixin:APP:sodium-neoforge.mixins.json:platform.neoforge.EntrypointMixin from mod sodium,pl:mixin:APP:mixins.iris.json:MixinMinecraft_Images from mod iris,pl:mixin:APP:mixins.iris.json:MixinMinecraft_Keybinds from mod iris,pl:mixin:APP:mixins.iris.json:MixinMinecraft_PipelineManagement from mod iris,pl:mixin:APP:super_resolution.mixins.json:core.GlTextureViewMixin from mod super_resolution,pl:mixin:APP:super_resolution.mixins.json:core.MinecraftMixin from mod super_resolution,pl:mixin:APP:super_resolution.mixins.json:core.accessor.MinecraftAccessor from mod super_resolution,pl:mixin:APP:super_resolution.mixins.json:framegeneration.v1_20_1.GameRendererConstantsMixin from mod super_resolution,pl:mixin:APP:super_resolution.mixins.json:framegeneration.v1_21_11.GameRendererConstantsMixin from mod super_resolution,pl:mixin:APP:super_resolution.mixins.json:framegeneration.v26_1_x.GameRendererConstantsMixin from mod super_resolution,pl:mixin:APP:super_resolution.mixins.json:framegeneration.v26_2.GameRendererConstantsMixin from mod super_resolution,pl:mixin:APP:super_resolution.mixins.json:framegeneration.v26_2.NativeLibrariesBootstrapMixin from mod super_resolution,pl:mixin:APP:super_resolution.mixins.json:framegeneration.v26_3.GameRendererConstantsMixin from mod super_resolution,pl:mixin:APP:super_resolution.mixins.json:framegeneration.v26_3.NativeLibrariesBootstrapMixin from mod super_resolution,pl:mixin:APP:super_resolution.mixins.json:gui.GuiGraphicsMixin from mod super_resolution,pl:mixin:APP:super_resolution.mixins.json:gui.GuiRendererDrawAccessor from mod super_resolution,pl:mixin:APP:super_resolution.mixins.json:gui.GuiRendererMixin from mod super_resolution,pl:mixin:APP:super_resolution.mixins.json:lowlatency.v1_20_1.KeyboardHandlerReflexMixin from mod super_resolution,pl:mixin:APP:super_resolution.mixins.json:lowlatency.v1_20_1.MinecraftReflexMixin from mod super_resolution,pl:mixin:APP:super_resolution.mixins.json:lowlatency.v1_20_1.MouseHandlerReflexMixin from mod super_resolution,pl:mixin:APP:super_resolution.mixins.json:lowlatency.v1_20_1.RenderSystemAccessor from mod super_resolution,pl:mixin:APP:super_resolution.mixins.json:lowlatency.v1_21_1.MinecraftReflexMixin from mod super_resolution,pl:mixin:APP:super_resolution.mixins.json:lowlatency.v1_21_11.KeyboardHandlerReflexMixin from mod super_resolution,pl:mixin:APP:super_resolution.mixins.json:lowlatency.v1_21_11.MinecraftReflexMixin from mod super_resolution,pl:mixin:APP:super_resolution.mixins.json:lowlatency.v1_21_11.MouseHandlerReflexMixin from mod super_resolution,pl:mixin:APP:super_resolution.mixins.json:lowlatency.v1_21_11.RenderSystemAccessor from mod super_resolution,pl:mixin:APP:super_resolution.mixins.json:lowlatency.v26_1_x.KeyboardHandlerReflexMixin from mod super_resolution,pl:mixin:APP:super_resolution.mixins.json:lowlatency.v26_1_x.MinecraftReflexMixin from mod super_resolution,pl:mixin:APP:super_resolution.mixins.json:lowlatency.v26_1_x.MouseHandlerReflexMixin from mod super_resolution,pl:mixin:APP:super_resolution.mixins.json:lowlatency.v26_2.KeyboardHandlerReflexMixin from mod super_resolution,pl:mixin:APP:super_resolution.mixins.json:lowlatency.v26_2.MinecraftReflexMixin from mod super_resolution,pl:mixin:APP:super_resolution.mixins.json:lowlatency.v26_2.MouseHandlerReflexMixin from mod super_resolution,pl:mixin:APP:super_resolution.mixins.json:lowlatency.v26_3.KeyboardHandlerReflexMixin from mod super_resolution,pl:mixin:APP:super_resolution.mixins.json:lowlatency.v26_3.MinecraftReflexMixin from mod super_resolution,pl:mixin:APP:super_resolution.mixins.json:lowlatency.v26_3.MouseHandlerReflexMixin from mod super_resolution,pl:mixin:APP:super_resolution.mixins.json:presentation.v1_20_1.VulkanPresentationGameRendererCaptureMixin from mod super_resolution,pl:mixin:APP:super_resolution.mixins.json:presentation.v1_20_1.VulkanPresentationGlDeviceMixin from mod super_resolution,pl:mixin:APP:super_resolution.mixins.json:presentation.v1_20_1.VulkanPresentationMinecraftBackendMixin from mod super_resolution,pl:mixin:APP:super_resolution.mixins.json:presentation.v1_20_1.VulkanPresentationMinecraftCaptureMixin from mod super_resolution,pl:mixin:APP:super_resolution.mixins.json:presentation.v1_20_1.VulkanPresentationWindowMixin from mod super_resolution,pl:mixin:APP:super_resolution.mixins.json:presentation.v1_21_1.VulkanPresentationMinecraftCaptureMixin from mod super_resolution,pl:mixin:APP:super_resolution.mixins.json:presentation.v1_21_11.VulkanPresentationGameRendererCaptureMixin from mod super_resolution,pl:mixin:APP:super_resolution.mixins.json:presentation.v1_21_11.VulkanPresentationGlDeviceMixin from mod super_resolution,pl:mixin:APP:super_resolution.mixins.json:presentation.v1_21_11.VulkanPresentationMinecraftBackendMixin from mod super_resolution,pl:mixin:APP:super_resolution.mixins.json:presentation.v1_21_11.VulkanPresentationMinecraftCaptureMixin from mod super_resolution,pl:mixin:APP:super_resolution.mixins.json:presentation.v1_21_11.VulkanPresentationWindowMixin from mod super_resolution,pl:mixin:APP:super_resolution.mixins.json:presentation.v26_1_x.VulkanPresentationGameRendererCaptureMixin from mod super_resolution,pl:mixin:APP:super_resolution.mixins.json:presentation.v26_1_x.VulkanPresentationGlDeviceMixin from mod super_resolution,pl:mixin:APP:super_resolution.mixins.json:presentation.v26_1_x.VulkanPresentationMinecraftBackendMixin from mod super_resolution,pl:mixin:APP:super_resolution.mixins.json:presentation.v26_1_x.VulkanPresentationMinecraftCaptureMixin from mod super_resolution,pl:mixin:APP:super_resolution.mixins.json:presentation.v26_1_x.VulkanPresentationWindowCloseMixin from mod super_resolution,pl:mixin:APP:super_resolution.mixins.json:presentation.v26_2.VulkanPresentationGameRendererCaptureMixin from mod super_resolution,pl:mixin:APP:super_resolution.mixins.json:presentation.v26_2.VulkanPresentationGlDeviceMixin from mod super_resolution,pl:mixin:APP:super_resolution.mixins.json:presentation.v26_2.VulkanPresentationMinecraftBackendMixin from mod super_resolution,pl:mixin:APP:super_resolution.mixins.json:presentation.v26_2.VulkanPresentationMinecraftCaptureMixin from mod super_resolution,pl:mixin:APP:super_resolution.mixins.json:presentation.v26_2.VulkanPresentationWindowCloseMixin from mod super_resolution,pl:mixin:APP:super_resolution.mixins.json:presentation.v26_3.VulkanPresentationGameRendererCaptureMixin from mod super_resolution,pl:mixin:APP:super_resolution.mixins.json:presentation.v26_3.VulkanPresentationGlDeviceMixin from mod super_resolution,pl:mixin:APP:super_resolution.mixins.json:presentation.v26_3.VulkanPresentationMinecraftBackendMixin from mod super_resolution,pl:mixin:APP:super_resolution.mixins.json:presentation.v26_3.VulkanPresentationMinecraftCaptureMixin from mod super_resolution,pl:mixin:APP:super_resolution.mixins.json:presentation.v26_3.VulkanPresentationWindowCloseMixin from mod super_resolution,pl:mixin:APP:super_resolution-neoforge.mixins.json:neoforge.FuckingValidation1218Mixin from mod super_resolution,pl:mixin:APP:super_resolution-neoforge.mixins.json:neoforge.FuckingValidationMixin from mod super_resolution,pl:mixin:APP:super_resolution_irisapi.mixins.json:composite.before1_21_1.GlStateManagerTextureStateAccessor from mod super_resolution,pl:mixin:APP:architectury.mixins.json:MixinMinecraft from mod architectury,pl:mixin:A,pl:runtimedistcleaner:A}
	at TRANSFORMER/minecraft@1.21.1/net.minecraft.client.Minecraft.setLevel(Minecraft.java:2117) [neoforge-21.1.219.jar%23172!/:?] {re:mixin,pl:runtimedistcleaner:A,re:classloading,pl:mixin:APP:sodium-common.mixins.json:core.MinecraftMixin from mod sodium,pl:mixin:APP:sodium-neoforge.mixins.json:platform.neoforge.EntrypointMixin from mod sodium,pl:mixin:APP:mixins.iris.json:MixinMinecraft_Images from mod iris,pl:mixin:APP:mixins.iris.json:MixinMinecraft_Keybinds from mod iris,pl:mixin:APP:mixins.iris.json:MixinMinecraft_PipelineManagement from mod iris,pl:mixin:APP:super_resolution.mixins.json:core.GlTextureViewMixin from mod super_resolution,pl:mixin:APP:super_resolution.mixins.json:core.MinecraftMixin from mod super_resolution,pl:mixin:APP:super_resolution.mixins.json:core.accessor.MinecraftAccessor from mod super_resolution,pl:mixin:APP:super_resolution.mixins.json:framegeneration.v1_20_1.GameRendererConstantsMixin from mod super_resolution,pl:mixin:APP:super_resolution.mixins.json:framegeneration.v1_21_11.GameRendererConstantsMixin from mod super_resolution,pl:mixin:APP:super_resolution.mixins.json:framegeneration.v26_1_x.GameRendererConstantsMixin from mod super_resolution,pl:mixin:APP:super_resolution.mixins.json:framegeneration.v26_2.GameRendererConstantsMixin from mod super_resolution,pl:mixin:APP:super_resolution.mixins.json:framegeneration.v26_2.NativeLibrariesBootstrapMixin from mod super_resolution,pl:mixin:APP:super_resolution.mixins.json:framegeneration.v26_3.GameRendererConstantsMixin from mod super_resolution,pl:mixin:APP:super_resolution.mixins.json:framegeneration.v26_3.NativeLibrariesBootstrapMixin from mod super_resolution,pl:mixin:APP:super_resolution.mixins.json:gui.GuiGraphicsMixin from mod super_resolution,pl:mixin:APP:super_resolution.mixins.json:gui.GuiRendererDrawAccessor from mod super_resolution,pl:mixin:APP:super_resolution.mixins.json:gui.GuiRendererMixin from mod super_resolution,pl:mixin:APP:super_resolution.mixins.json:lowlatency.v1_20_1.KeyboardHandlerReflexMixin from mod super_resolution,pl:mixin:APP:super_resolution.mixins.json:lowlatency.v1_20_1.MinecraftReflexMixin from mod super_resolution,pl:mixin:APP:super_resolution.mixins.json:lowlatency.v1_20_1.MouseHandlerReflexMixin from mod super_resolution,pl:mixin:APP:super_resolution.mixins.json:lowlatency.v1_20_1.RenderSystemAccessor from mod super_resolution,pl:mixin:APP:super_resolution.mixins.json:lowlatency.v1_21_1.MinecraftReflexMixin from mod super_resolution,pl:mixin:APP:super_resolution.mixins.json:lowlatency.v1_21_11.KeyboardHandlerReflexMixin from mod super_resolution,pl:mixin:APP:super_resolution.mixins.json:lowlatency.v1_21_11.MinecraftReflexMixin from mod super_resolution,pl:mixin:APP:super_resolution.mixins.json:lowlatency.v1_21_11.MouseHandlerReflexMixin from mod super_resolution,pl:mixin:APP:super_resolution.mixins.json:lowlatency.v1_21_11.RenderSystemAccessor from mod super_resolution,pl:mixin:APP:super_resolution.mixins.json:lowlatency.v26_1_x.KeyboardHandlerReflexMixin from mod super_resolution,pl:mixin:APP:super_resolution.mixins.json:lowlatency.v26_1_x.MinecraftReflexMixin from mod super_resolution,pl:mixin:APP:super_resolution.mixins.json:lowlatency.v26_1_x.MouseHandlerReflexMixin from mod super_resolution,pl:mixin:APP:super_resolution.mixins.json:lowlatency.v26_2.KeyboardHandlerReflexMixin from mod super_resolution,pl:mixin:APP:super_resolution.mixins.json:lowlatency.v26_2.MinecraftReflexMixin from mod super_resolution,pl:mixin:APP:super_resolution.mixins.json:lowlatency.v26_2.MouseHandlerReflexMixin from mod super_resolution,pl:mixin:APP:super_resolution.mixins.json:lowlatency.v26_3.KeyboardHandlerReflexMixin from mod super_resolution,pl:mixin:APP:super_resolution.mixins.json:lowlatency.v26_3.MinecraftReflexMixin from mod super_resolution,pl:mixin:APP:super_resolution.mixins.json:lowlatency.v26_3.MouseHandlerReflexMixin from mod super_resolution,pl:mixin:APP:super_resolution.mixins.json:presentation.v1_20_1.VulkanPresentationGameRendererCaptureMixin from mod super_resolution,pl:mixin:APP:super_resolution.mixins.json:presentation.v1_20_1.VulkanPresentationGlDeviceMixin from mod super_resolution,pl:mixin:APP:super_resolution.mixins.json:presentation.v1_20_1.VulkanPresentationMinecraftBackendMixin from mod super_resolution,pl:mixin:APP:super_resolution.mixins.json:presentation.v1_20_1.VulkanPresentationMinecraftCaptureMixin from mod super_resolution,pl:mixin:APP:super_resolution.mixins.json:presentation.v1_20_1.VulkanPresentationWindowMixin from mod super_resolution,pl:mixin:APP:super_resolution.mixins.json:presentation.v1_21_1.VulkanPresentationMinecraftCaptureMixin from mod super_resolution,pl:mixin:APP:super_resolution.mixins.json:presentation.v1_21_11.VulkanPresentationGameRendererCaptureMixin from mod super_resolution,pl:mixin:APP:super_resolution.mixins.json:presentation.v1_21_11.VulkanPresentationGlDeviceMixin from mod super_resolution,pl:mixin:APP:super_resolution.mixins.json:presentation.v1_21_11.VulkanPresentationMinecraftBackendMixin from mod super_resolution,pl:mixin:APP:super_resolution.mixins.json:presentation.v1_21_11.VulkanPresentationMinecraftCaptureMixin from mod super_resolution,pl:mixin:APP:super_resolution.mixins.json:presentation.v1_21_11.VulkanPresentationWindowMixin from mod super_resolution,pl:mixin:APP:super_resolution.mixins.json:presentation.v26_1_x.VulkanPresentationGameRendererCaptureMixin from mod super_resolution,pl:mixin:APP:super_resolution.mixins.json:presentation.v26_1_x.VulkanPresentationGlDeviceMixin from mod super_resolution,pl:mixin:APP:super_resolution.mixins.json:presentation.v26_1_x.VulkanPresentationMinecraftBackendMixin from mod super_resolution,pl:mixin:APP:super_resolution.mixins.json:presentation.v26_1_x.VulkanPresentationMinecraftCaptureMixin from mod super_resolution,pl:mixin:APP:super_resolution.mixins.json:presentation.v26_1_x.VulkanPresentationWindowCloseMixin from mod super_resolution,pl:mixin:APP:super_resolution.mixins.json:presentation.v26_2.VulkanPresentationGameRendererCaptureMixin from mod super_resolution,pl:mixin:APP:super_resolution.mixins.json:presentation.v26_2.VulkanPresentationGlDeviceMixin from mod super_resolution,pl:mixin:APP:super_resolution.mixins.json:presentation.v26_2.VulkanPresentationMinecraftBackendMixin from mod super_resolution,pl:mixin:APP:super_resolution.mixins.json:presentation.v26_2.VulkanPresentationMinecraftCaptureMixin from mod super_resolution,pl:mixin:APP:super_resolution.mixins.json:presentation.v26_2.VulkanPresentationWindowCloseMixin from mod super_resolution,pl:mixin:APP:super_resolution.mixins.json:presentation.v26_3.VulkanPresentationGameRendererCaptureMixin from mod super_resolution,pl:mixin:APP:super_resolution.mixins.json:presentation.v26_3.VulkanPresentationGlDeviceMixin from mod super_resolution,pl:mixin:APP:super_resolution.mixins.json:presentation.v26_3.VulkanPresentationMinecraftBackendMixin from mod super_resolution,pl:mixin:APP:super_resolution.mixins.json:presentation.v26_3.VulkanPresentationMinecraftCaptureMixin from mod super_resolution,pl:mixin:APP:super_resolution.mixins.json:presentation.v26_3.VulkanPresentationWindowCloseMixin from mod super_resolution,pl:mixin:APP:super_resolution-neoforge.mixins.json:neoforge.FuckingValidation1218Mixin from mod super_resolution,pl:mixin:APP:super_resolution-neoforge.mixins.json:neoforge.FuckingValidationMixin from mod super_resolution,pl:mixin:APP:super_resolution_irisapi.mixins.json:composite.before1_21_1.GlStateManagerTextureStateAccessor from mod super_resolution,pl:mixin:APP:architectury.mixins.json:MixinMinecraft from mod architectury,pl:mixin:A,pl:runtimedistcleaner:A}
	at TRANSFORMER/minecraft@1.21.1/net.minecraft.client.multiplayer.ClientPacketListener.handleLogin(ClientPacketListener.java:421) [neoforge-21.1.219.jar%23172!/:?] {re:mixin,pl:accesstransformer:B,pl:runtimedistcleaner:A,re:classloading,pl:accesstransformer:B,pl:mixin:APP:sodium-common.mixins.json:core.world.map.ClientPacketListenerMixin from mod sodium,pl:mixin:APP:mixins.iris.json:MixinClientPacketListener from mod iris,pl:mixin:A,pl:runtimedistcleaner:A}
	at TRANSFORMER/minecraft@1.21.1/net.minecraft.network.protocol.game.ClientboundLoginPacket.handle(ClientboundLoginPacket.java:67) [neoforge-21.1.219.jar%23172!/:?] {re:classloading,re:mixin}
	at TRANSFORMER/minecraft@1.21.1/net.minecraft.network.protocol.game.ClientboundLoginPacket.handle(ClientboundLoginPacket.java:14) [neoforge-21.1.219.jar%23172!/:?] {re:classloading,re:mixin}
	at TRANSFORMER/minecraft@1.21.1/net.minecraft.network.protocol.PacketUtils.lambda$ensureRunningOnSameThread$0(PacketUtils.java:26) [neoforge-21.1.219.jar%23172!/:?] {re:classloading}
	at TRANSFORMER/minecraft@1.21.1/net.minecraft.util.thread.BlockableEventLoop.doRunTask(BlockableEventLoop.java:148) [neoforge-21.1.219.jar%23172!/:?] {re:classloading,pl:accesstransformer:B,re:mixin,pl:accesstransformer:B}
	at TRANSFORMER/minecraft@1.21.1/net.minecraft.util.thread.ReentrantBlockableEventLoop.doRunTask(ReentrantBlockableEventLoop.java:24) [neoforge-21.1.219.jar%23172!/:?] {re:classloading,re:mixin}
	at TRANSFORMER/minecraft@1.21.1/net.minecraft.util.thread.BlockableEventLoop.pollTask(BlockableEventLoop.java:122) [neoforge-21.1.219.jar%23172!/:?] {re:classloading,pl:accesstransformer:B,re:mixin,pl:accesstransformer:B}
	at TRANSFORMER/minecraft@1.21.1/net.minecraft.util.thread.BlockableEventLoop.runAllTasks(BlockableEventLoop.java:111) [neoforge-21.1.219.jar%23172!/:?] {re:classloading,pl:accesstransformer:B,re:mixin,pl:accesstransformer:B}
	at TRANSFORMER/minecraft@1.21.1/net.minecraft.client.Minecraft.runTick(Minecraft.java:1155) [neoforge-21.1.219.jar%23172!/:?] {re:mixin,pl:runtimedistcleaner:A,re:classloading,pl:mixin:APP:sodium-common.mixins.json:core.MinecraftMixin from mod sodium,pl:mixin:APP:sodium-neoforge.mixins.json:platform.neoforge.EntrypointMixin from mod sodium,pl:mixin:APP:mixins.iris.json:MixinMinecraft_Images from mod iris,pl:mixin:APP:mixins.iris.json:MixinMinecraft_Keybinds from mod iris,pl:mixin:APP:mixins.iris.json:MixinMinecraft_PipelineManagement from mod iris,pl:mixin:APP:super_resolution.mixins.json:core.GlTextureViewMixin from mod super_resolution,pl:mixin:APP:super_resolution.mixins.json:core.MinecraftMixin from mod super_resolution,pl:mixin:APP:super_resolution.mixins.json:core.accessor.MinecraftAccessor from mod super_resolution,pl:mixin:APP:super_resolution.mixins.json:framegeneration.v1_20_1.GameRendererConstantsMixin from mod super_resolution,pl:mixin:APP:super_resolution.mixins.json:framegeneration.v1_21_11.GameRendererConstantsMixin from mod super_resolution,pl:mixin:APP:super_resolution.mixins.json:framegeneration.v26_1_x.GameRendererConstantsMixin from mod super_resolution,pl:mixin:APP:super_resolution.mixins.json:framegeneration.v26_2.GameRendererConstantsMixin from mod super_resolution,pl:mixin:APP:super_resolution.mixins.json:framegeneration.v26_2.NativeLibrariesBootstrapMixin from mod super_resolution,pl:mixin:APP:super_resolution.mixins.json:framegeneration.v26_3.GameRendererConstantsMixin from mod super_resolution,pl:mixin:APP:super_resolution.mixins.json:framegeneration.v26_3.NativeLibrariesBootstrapMixin from mod super_resolution,pl:mixin:APP:super_resolution.mixins.json:gui.GuiGraphicsMixin from mod super_resolution,pl:mixin:APP:super_resolution.mixins.json:gui.GuiRendererDrawAccessor from mod super_resolution,pl:mixin:APP:super_resolution.mixins.json:gui.GuiRendererMixin from mod super_resolution,pl:mixin:APP:super_resolution.mixins.json:lowlatency.v1_20_1.KeyboardHandlerReflexMixin from mod super_resolution,pl:mixin:APP:super_resolution.mixins.json:lowlatency.v1_20_1.MinecraftReflexMixin from mod super_resolution,pl:mixin:APP:super_resolution.mixins.json:lowlatency.v1_20_1.MouseHandlerReflexMixin from mod super_resolution,pl:mixin:APP:super_resolution.mixins.json:lowlatency.v1_20_1.RenderSystemAccessor from mod super_resolution,pl:mixin:APP:super_resolution.mixins.json:lowlatency.v1_21_1.MinecraftReflexMixin from mod super_resolution,pl:mixin:APP:super_resolution.mixins.json:lowlatency.v1_21_11.KeyboardHandlerReflexMixin from mod super_resolution,pl:mixin:APP:super_resolution.mixins.json:lowlatency.v1_21_11.MinecraftReflexMixin from mod super_resolution,pl:mixin:APP:super_resolution.mixins.json:lowlatency.v1_21_11.MouseHandlerReflexMixin from mod super_resolution,pl:mixin:APP:super_resolution.mixins.json:lowlatency.v1_21_11.RenderSystemAccessor from mod super_resolution,pl:mixin:APP:super_resolution.mixins.json:lowlatency.v26_1_x.KeyboardHandlerReflexMixin from mod super_resolution,pl:mixin:APP:super_resolution.mixins.json:lowlatency.v26_1_x.MinecraftReflexMixin from mod super_resolution,pl:mixin:APP:super_resolution.mixins.json:lowlatency.v26_1_x.MouseHandlerReflexMixin from mod super_resolution,pl:mixin:APP:super_resolution.mixins.json:lowlatency.v26_2.KeyboardHandlerReflexMixin from mod super_resolution,pl:mixin:APP:super_resolution.mixins.json:lowlatency.v26_2.MinecraftReflexMixin from mod super_resolution,pl:mixin:APP:super_resolution.mixins.json:lowlatency.v26_2.MouseHandlerReflexMixin from mod super_resolution,pl:mixin:APP:super_resolution.mixins.json:lowlatency.v26_3.KeyboardHandlerReflexMixin from mod super_resolution,pl:mixin:APP:super_resolution.mixins.json:lowlatency.v26_3.MinecraftReflexMixin from mod super_resolution,pl:mixin:APP:super_resolution.mixins.json:lowlatency.v26_3.MouseHandlerReflexMixin from mod super_resolution,pl:mixin:APP:super_resolution.mixins.json:presentation.v1_20_1.VulkanPresentationGameRendererCaptureMixin from mod super_resolution,pl:mixin:APP:super_resolution.mixins.json:presentation.v1_20_1.VulkanPresentationGlDeviceMixin from mod super_resolution,pl:mixin:APP:super_resolution.mixins.json:presentation.v1_20_1.VulkanPresentationMinecraftBackendMixin from mod super_resolution,pl:mixin:APP:super_resolution.mixins.json:presentation.v1_20_1.VulkanPresentationMinecraftCaptureMixin from mod super_resolution,pl:mixin:APP:super_resolution.mixins.json:presentation.v1_20_1.VulkanPresentationWindowMixin from mod super_resolution,pl:mixin:APP:super_resolution.mixins.json:presentation.v1_21_1.VulkanPresentationMinecraftCaptureMixin from mod super_resolution,pl:mixin:APP:super_resolution.mixins.json:presentation.v1_21_11.VulkanPresentationGameRendererCaptureMixin from mod super_resolution,pl:mixin:APP:super_resolution.mixins.json:presentation.v1_21_11.VulkanPresentationGlDeviceMixin from mod super_resolution,pl:mixin:APP:super_resolution.mixins.json:presentation.v1_21_11.VulkanPresentationMinecraftBackendMixin from mod super_resolution,pl:mixin:APP:super_resolution.mixins.json:presentation.v1_21_11.VulkanPresentationMinecraftCaptureMixin from mod super_resolution,pl:mixin:APP:super_resolution.mixins.json:presentation.v1_21_11.VulkanPresentationWindowMixin from mod super_resolution,pl:mixin:APP:super_resolution.mixins.json:presentation.v26_1_x.VulkanPresentationGameRendererCaptureMixin from mod super_resolution,pl:mixin:APP:super_resolution.mixins.json:presentation.v26_1_x.VulkanPresentationGlDeviceMixin from mod super_resolution,pl:mixin:APP:super_resolution.mixins.json:presentation.v26_1_x.VulkanPresentationMinecraftBackendMixin from mod super_resolution,pl:mixin:APP:super_resolution.mixins.json:presentation.v26_1_x.VulkanPresentationMinecraftCaptureMixin from mod super_resolution,pl:mixin:APP:super_resolution.mixins.json:presentation.v26_1_x.VulkanPresentationWindowCloseMixin from mod super_resolution,pl:mixin:APP:super_resolution.mixins.json:presentation.v26_2.VulkanPresentationGameRendererCaptureMixin from mod super_resolution,pl:mixin:APP:super_resolution.mixins.json:presentation.v26_2.VulkanPresentationGlDeviceMixin from mod super_resolution,pl:mixin:APP:super_resolution.mixins.json:presentation.v26_2.VulkanPresentationMinecraftBackendMixin from mod super_resolution,pl:mixin:APP:super_resolution.mixins.json:presentation.v26_2.VulkanPresentationMinecraftCaptureMixin from mod super_resolution,pl:mixin:APP:super_resolution.mixins.json:presentation.v26_2.VulkanPresentationWindowCloseMixin from mod super_resolution,pl:mixin:APP:super_resolution.mixins.json:presentation.v26_3.VulkanPresentationGameRendererCaptureMixin from mod super_resolution,pl:mixin:APP:super_resolution.mixins.json:presentation.v26_3.VulkanPresentationGlDeviceMixin from mod super_resolution,pl:mixin:APP:super_resolution.mixins.json:presentation.v26_3.VulkanPresentationMinecraftBackendMixin from mod super_resolution,pl:mixin:APP:super_resolution.mixins.json:presentation.v26_3.VulkanPresentationMinecraftCaptureMixin from mod super_resolution,pl:mixin:APP:super_resolution.mixins.json:presentation.v26_3.VulkanPresentationWindowCloseMixin from mod super_resolution,pl:mixin:APP:super_resolution-neoforge.mixins.json:neoforge.FuckingValidation1218Mixin from mod super_resolution,pl:mixin:APP:super_resolution-neoforge.mixins.json:neoforge.FuckingValidationMixin from mod super_resolution,pl:mixin:APP:super_resolution_irisapi.mixins.json:composite.before1_21_1.GlStateManagerTextureStateAccessor from mod super_resolution,pl:mixin:APP:architectury.mixins.json:MixinMinecraft from mod architectury,pl:mixin:A,pl:runtimedistcleaner:A}
	at TRANSFORMER/minecraft@1.21.1/net.minecraft.client.Minecraft.run(Minecraft.java:807) [neoforge-21.1.219.jar%23172!/:?] {re:mixin,pl:runtimedistcleaner:A,re:classloading,pl:mixin:APP:sodium-common.mixins.json:core.MinecraftMixin from mod sodium,pl:mixin:APP:sodium-neoforge.mixins.json:platform.neoforge.EntrypointMixin from mod sodium,pl:mixin:APP:mixins.iris.json:MixinMinecraft_Images from mod iris,pl:mixin:APP:mixins.iris.json:MixinMinecraft_Keybinds from mod iris,pl:mixin:APP:mixins.iris.json:MixinMinecraft_PipelineManagement from mod iris,pl:mixin:APP:super_resolution.mixins.json:core.GlTextureViewMixin from mod super_resolution,pl:mixin:APP:super_resolution.mixins.json:core.MinecraftMixin from mod super_resolution,pl:mixin:APP:super_resolution.mixins.json:core.accessor.MinecraftAccessor from mod super_resolution,pl:mixin:APP:super_resolution.mixins.json:framegeneration.v1_20_1.GameRendererConstantsMixin from mod super_resolution,pl:mixin:APP:super_resolution.mixins.json:framegeneration.v1_21_11.GameRendererConstantsMixin from mod super_resolution,pl:mixin:APP:super_resolution.mixins.json:framegeneration.v26_1_x.GameRendererConstantsMixin from mod super_resolution,pl:mixin:APP:super_resolution.mixins.json:framegeneration.v26_2.GameRendererConstantsMixin from mod super_resolution,pl:mixin:APP:super_resolution.mixins.json:framegeneration.v26_2.NativeLibrariesBootstrapMixin from mod super_resolution,pl:mixin:APP:super_resolution.mixins.json:framegeneration.v26_3.GameRendererConstantsMixin from mod super_resolution,pl:mixin:APP:super_resolution.mixins.json:framegeneration.v26_3.NativeLibrariesBootstrapMixin from mod super_resolution,pl:mixin:APP:super_resolution.mixins.json:gui.GuiGraphicsMixin from mod super_resolution,pl:mixin:APP:super_resolution.mixins.json:gui.GuiRendererDrawAccessor from mod super_resolution,pl:mixin:APP:super_resolution.mixins.json:gui.GuiRendererMixin from mod super_resolution,pl:mixin:APP:super_resolution.mixins.json:lowlatency.v1_20_1.KeyboardHandlerReflexMixin from mod super_resolution,pl:mixin:APP:super_resolution.mixins.json:lowlatency.v1_20_1.MinecraftReflexMixin from mod super_resolution,pl:mixin:APP:super_resolution.mixins.json:lowlatency.v1_20_1.MouseHandlerReflexMixin from mod super_resolution,pl:mixin:APP:super_resolution.mixins.json:lowlatency.v1_20_1.RenderSystemAccessor from mod super_resolution,pl:mixin:APP:super_resolution.mixins.json:lowlatency.v1_21_1.MinecraftReflexMixin from mod super_resolution,pl:mixin:APP:super_resolution.mixins.json:lowlatency.v1_21_11.KeyboardHandlerReflexMixin from mod super_resolution,pl:mixin:APP:super_resolution.mixins.json:lowlatency.v1_21_11.MinecraftReflexMixin from mod super_resolution,pl:mixin:APP:super_resolution.mixins.json:lowlatency.v1_21_11.MouseHandlerReflexMixin from mod super_resolution,pl:mixin:APP:super_resolution.mixins.json:lowlatency.v1_21_11.RenderSystemAccessor from mod super_resolution,pl:mixin:APP:super_resolution.mixins.json:lowlatency.v26_1_x.KeyboardHandlerReflexMixin from mod super_resolution,pl:mixin:APP:super_resolution.mixins.json:lowlatency.v26_1_x.MinecraftReflexMixin from mod super_resolution,pl:mixin:APP:super_resolution.mixins.json:lowlatency.v26_1_x.MouseHandlerReflexMixin from mod super_resolution,pl:mixin:APP:super_resolution.mixins.json:lowlatency.v26_2.KeyboardHandlerReflexMixin from mod super_resolution,pl:mixin:APP:super_resolution.mixins.json:lowlatency.v26_2.MinecraftReflexMixin from mod super_resolution,pl:mixin:APP:super_resolution.mixins.json:lowlatency.v26_2.MouseHandlerReflexMixin from mod super_resolution,pl:mixin:APP:super_resolution.mixins.json:lowlatency.v26_3.KeyboardHandlerReflexMixin from mod super_resolution,pl:mixin:APP:super_resolution.mixins.json:lowlatency.v26_3.MinecraftReflexMixin from mod super_resolution,pl:mixin:APP:super_resolution.mixins.json:lowlatency.v26_3.MouseHandlerReflexMixin from mod super_resolution,pl:mixin:APP:super_resolution.mixins.json:presentation.v1_20_1.VulkanPresentationGameRendererCaptureMixin from mod super_resolution,pl:mixin:APP:super_resolution.mixins.json:presentation.v1_20_1.VulkanPresentationGlDeviceMixin from mod super_resolution,pl:mixin:APP:super_resolution.mixins.json:presentation.v1_20_1.VulkanPresentationMinecraftBackendMixin from mod super_resolution,pl:mixin:APP:super_resolution.mixins.json:presentation.v1_20_1.VulkanPresentationMinecraftCaptureMixin from mod super_resolution,pl:mixin:APP:super_resolution.mixins.json:presentation.v1_20_1.VulkanPresentationWindowMixin from mod super_resolution,pl:mixin:APP:super_resolution.mixins.json:presentation.v1_21_1.VulkanPresentationMinecraftCaptureMixin from mod super_resolution,pl:mixin:APP:super_resolution.mixins.json:presentation.v1_21_11.VulkanPresentationGameRendererCaptureMixin from mod super_resolution,pl:mixin:APP:super_resolution.mixins.json:presentation.v1_21_11.VulkanPresentationGlDeviceMixin from mod super_resolution,pl:mixin:APP:super_resolution.mixins.json:presentation.v1_21_11.VulkanPresentationMinecraftBackendMixin from mod super_resolution,pl:mixin:APP:super_resolution.mixins.json:presentation.v1_21_11.VulkanPresentationMinecraftCaptureMixin from mod super_resolution,pl:mixin:APP:super_resolution.mixins.json:presentation.v1_21_11.VulkanPresentationWindowMixin from mod super_resolution,pl:mixin:APP:super_resolution.mixins.json:presentation.v26_1_x.VulkanPresentationGameRendererCaptureMixin from mod super_resolution,pl:mixin:APP:super_resolution.mixins.json:presentation.v26_1_x.VulkanPresentationGlDeviceMixin from mod super_resolution,pl:mixin:APP:super_resolution.mixins.json:presentation.v26_1_x.VulkanPresentationMinecraftBackendMixin from mod super_resolution,pl:mixin:APP:super_resolution.mixins.json:presentation.v26_1_x.VulkanPresentationMinecraftCaptureMixin from mod super_resolution,pl:mixin:APP:super_resolution.mixins.json:presentation.v26_1_x.VulkanPresentationWindowCloseMixin from mod super_resolution,pl:mixin:APP:super_resolution.mixins.json:presentation.v26_2.VulkanPresentationGameRendererCaptureMixin from mod super_resolution,pl:mixin:APP:super_resolution.mixins.json:presentation.v26_2.VulkanPresentationGlDeviceMixin from mod super_resolution,pl:mixin:APP:super_resolution.mixins.json:presentation.v26_2.VulkanPresentationMinecraftBackendMixin from mod super_resolution,pl:mixin:APP:super_resolution.mixins.json:presentation.v26_2.VulkanPresentationMinecraftCaptureMixin from mod super_resolution,pl:mixin:APP:super_resolution.mixins.json:presentation.v26_2.VulkanPresentationWindowCloseMixin from mod super_resolution,pl:mixin:APP:super_resolution.mixins.json:presentation.v26_3.VulkanPresentationGameRendererCaptureMixin from mod super_resolution,pl:mixin:APP:super_resolution.mixins.json:presentation.v26_3.VulkanPresentationGlDeviceMixin from mod super_resolution,pl:mixin:APP:super_resolution.mixins.json:presentation.v26_3.VulkanPresentationMinecraftBackendMixin from mod super_resolution,pl:mixin:APP:super_resolution.mixins.json:presentation.v26_3.VulkanPresentationMinecraftCaptureMixin from mod super_resolution,pl:mixin:APP:super_resolution.mixins.json:presentation.v26_3.VulkanPresentationWindowCloseMixin from mod super_resolution,pl:mixin:APP:super_resolution-neoforge.mixins.json:neoforge.FuckingValidation1218Mixin from mod super_resolution,pl:mixin:APP:super_resolution-neoforge.mixins.json:neoforge.FuckingValidationMixin from mod super_resolution,pl:mixin:APP:super_resolution_irisapi.mixins.json:composite.before1_21_1.GlStateManagerTextureStateAccessor from mod super_resolution,pl:mixin:APP:architectury.mixins.json:MixinMinecraft from mod architectury,pl:mixin:A,pl:runtimedistcleaner:A}
	at TRANSFORMER/minecraft@1.21.1/net.minecraft.client.main.Main.main(Main.java:230) [neoforge-21.1.219.jar%23172!/:?] {re:classloading,pl:runtimedistcleaner:A}
	at java.base/jdk.internal.reflect.DirectMethodHandleAccessor.invoke(DirectMethodHandleAccessor.java:104) ~[?:?] {}
	at java.base/java.lang.reflect.Method.invoke(Method.java:565) ~[?:?] {}
	at MC-BOOTSTRAP/fml_loader@4.0.42/net.neoforged.fml.loading.targets.CommonLaunchHandler.runTarget(CommonLaunchHandler.java:136) [loader-4.0.42.jar%23130!/:4.0] {}
	at MC-BOOTSTRAP/fml_loader@4.0.42/net.neoforged.fml.loading.targets.CommonLaunchHandler.clientService(CommonLaunchHandler.java:124) [loader-4.0.42.jar%23130!/:4.0] {}
	at MC-BOOTSTRAP/fml_loader@4.0.42/net.neoforged.fml.loading.targets.NeoForgeClientDevLaunchHandler.runService(NeoForgeClientDevLaunchHandler.java:23) [loader-4.0.42.jar%23130!/:4.0] {}
	at MC-BOOTSTRAP/fml_loader@4.0.42/net.neoforged.fml.loading.targets.CommonLaunchHandler.lambda$launchService$4(CommonLaunchHandler.java:118) [loader-4.0.42.jar%23130!/:4.0] {}
	at MC-BOOTSTRAP/cpw.mods.modlauncher@11.0.5/cpw.mods.modlauncher.LaunchServiceHandlerDecorator.launch(LaunchServiceHandlerDecorator.java:30) [modlauncher-11.0.5.jar%23112!/:?] {}
	at MC-BOOTSTRAP/cpw.mods.modlauncher@11.0.5/cpw.mods.modlauncher.LaunchServiceHandler.launch(LaunchServiceHandler.java:53) [modlauncher-11.0.5.jar%23112!/:?] {}
	at MC-BOOTSTRAP/cpw.mods.modlauncher@11.0.5/cpw.mods.modlauncher.LaunchServiceHandler.launch(LaunchServiceHandler.java:71) [modlauncher-11.0.5.jar%23112!/:?] {}
	at MC-BOOTSTRAP/cpw.mods.modlauncher@11.0.5/cpw.mods.modlauncher.Launcher.run(Launcher.java:103) [modlauncher-11.0.5.jar%23112!/:?] {}
	at MC-BOOTSTRAP/cpw.mods.modlauncher@11.0.5/cpw.mods.modlauncher.Launcher.main(Launcher.java:74) [modlauncher-11.0.5.jar%23112!/:?] {}
	at MC-BOOTSTRAP/cpw.mods.modlauncher@11.0.5/cpw.mods.modlauncher.BootstrapLaunchConsumer.accept(BootstrapLaunchConsumer.java:26) [modlauncher-11.0.5.jar%23112!/:?] {}
	at MC-BOOTSTRAP/cpw.mods.modlauncher@11.0.5/cpw.mods.modlauncher.BootstrapLaunchConsumer.accept(BootstrapLaunchConsumer.java:23) [modlauncher-11.0.5.jar%23112!/:?] {}
	at cpw.mods.bootstraplauncher@2.0.2/cpw.mods.bootstraplauncher.BootstrapLauncher.run(BootstrapLauncher.java:210) [bootstraplauncher-2.0.2.jar:?] {}
	at cpw.mods.bootstraplauncher@2.0.2/cpw.mods.bootstraplauncher.BootstrapLauncher.main(BootstrapLauncher.java:69) [bootstraplauncher-2.0.2.jar:?] {}
	at java.base/jdk.internal.reflect.DirectMethodHandleAccessor.invoke(DirectMethodHandleAccessor.java:104) ~[?:?] {}
	at java.base/java.lang.reflect.Method.invoke(Method.java:565) ~[?:?] {}
	at net.neoforged.devlaunch.Main.main(Main.java:57) [DevLaunch-1.0.2.jar:?] {}
[14:21:21] [Render thread/WARN] [Iris/]: The following uniforms won't work, either because they are broken, or reference a broken uniform: 
endFlashIntensityM, endFlashFactor1
[14:21:22] [Render thread/INFO] [ChunkBuilder/]: Started 6 worker threads
[14:21:22] [Render thread/INFO] [minecraft/AdvancementTree]: Loaded 11 advancements
[14:21:22] [Render thread/INFO] [SuperResolution/]: SR_DIAG glTextureStorage2D texture=89 levels=1 internalFormat=8058 size=854x480 label=ITexture{id=89format=RGBA8width=854height=480}
[14:21:22] [Render thread/INFO] [SuperResolution/]: SR_DIAG glTextureStorage2D texture=95 levels=1 internalFormat=81a6 size=854x480 label=ITexture{id=95format=DEPTH24width=854height=480}
[14:21:22] [Render thread/WARN] [Iris/]: Error while parsing the block ID map entry for "block.10104":
[14:21:22] [Render thread/WARN] [Iris/]: - The block minecraft:stone_slab has no property with the name variant, ignoring!
[14:21:22] [Render thread/INFO] [ChunkBuilder/]: Stopping worker threads
[14:21:22] [Render thread/INFO] [ChunkBuilder/]: Started 6 worker threads
[14:21:22] [Render thread/INFO] [SuperResolution/]: SR_DIAG BEFORE_PASS:deferred1 render=( 4.950E+2  2.780E+2) display=( 8.540E+2  4.800E+2) region-1=( 4.950E+2  2.780E+2) region-2=( 8.540E+2  4.800E+2) viewport=[0,0,854,480] scissor=[0,128,854,256]/false drawFbo=1 readFbo=3 drawBuffer=36064 readBuffer=36064 drawStatus=8cd5
[14:21:22] [Render thread/INFO] [SuperResolution/]: SR_DIAG BEFORE_PASS:deferred1 fbo=1 attachment=8ce0 texture=6 mip=0 size=854x480 internalFormat=8058
[14:21:22] [Render thread/INFO] [SuperResolution/]: SR_DIAG BEFORE_PASS:deferred1 fbo=1 attachment=8d00 texture=7 mip=0 size=854x480 internalFormat=1902
[14:21:22] [Render thread/INFO] [SuperResolution/]: SR_DIAG AFTER_PASS:deferred1 render=( 4.950E+2  2.780E+2) display=( 8.540E+2  4.800E+2) region-1=( 4.950E+2  2.780E+2) region-2=( 8.540E+2  4.800E+2) viewport=[0,0,854,480] scissor=[0,128,854,256]/false drawFbo=12 readFbo=12 drawBuffer=36064 readBuffer=36064 drawStatus=8cd5
[14:21:22] [Render thread/INFO] [SuperResolution/]: SR_DIAG AFTER_PASS:deferred1 fbo=12 attachment=8ce0 texture=58 mip=0 size=854x480 internalFormat=8c3a
[14:21:22] [Render thread/INFO] [SuperResolution/]: SR_DIAG BEFORE_PASS:composite render=( 4.950E+2  2.780E+2) display=( 8.540E+2  4.800E+2) region-1=( 4.950E+2  2.780E+2) region-2=( 8.540E+2  4.800E+2) viewport=[0,0,854,480] scissor=[0,128,854,256]/false drawFbo=1 readFbo=1 drawBuffer=36064 readBuffer=36064 drawStatus=8cd5
[14:21:22] [Render thread/INFO] [SuperResolution/]: SR_DIAG BEFORE_PASS:composite fbo=1 attachment=8ce0 texture=6 mip=0 size=854x480 internalFormat=8058
[14:21:22] [Render thread/INFO] [SuperResolution/]: SR_DIAG BEFORE_PASS:composite fbo=1 attachment=8d00 texture=7 mip=0 size=854x480 internalFormat=1902
[14:21:22] [Render thread/INFO] [SuperResolution/]: SR_DIAG AFTER_PASS:composite render=( 4.950E+2  2.780E+2) display=( 8.540E+2  4.800E+2) region-1=( 4.950E+2  2.780E+2) region-2=( 8.540E+2  4.800E+2) viewport=[0,0,427,240] scissor=[0,128,854,256]/false drawFbo=13 readFbo=13 drawBuffer=36064 readBuffer=36064 drawStatus=8cd5
[14:21:22] [Render thread/INFO] [SuperResolution/]: SR_DIAG AFTER_PASS:composite fbo=13 attachment=8ce0 texture=82 mip=0 size=427x240 internalFormat=881a
[14:21:22] [Render thread/INFO] [SuperResolution/]: SR_DIAG BEFORE_PASS:composite1 render=( 4.950E+2  2.780E+2) display=( 8.540E+2  4.800E+2) region-1=( 4.950E+2  2.780E+2) region-2=( 8.540E+2  4.800E+2) viewport=[0,0,427,240] scissor=[0,128,854,256]/false drawFbo=13 readFbo=13 drawBuffer=36064 readBuffer=36064 drawStatus=8cd5
[14:21:22] [Render thread/INFO] [SuperResolution/]: SR_DIAG BEFORE_PASS:composite1 fbo=13 attachment=8ce0 texture=82 mip=0 size=427x240 internalFormat=881a
[14:21:22] [Render thread/INFO] [SuperResolution/]: SR_DIAG AFTER_PASS:composite1 render=( 4.950E+2  2.780E+2) display=( 8.540E+2  4.800E+2) region-1=( 4.950E+2  2.780E+2) region-2=( 8.540E+2  4.800E+2) viewport=[0,0,854,480] scissor=[0,128,854,256]/false drawFbo=14 readFbo=14 drawBuffer=36064 readBuffer=36064 drawStatus=8cd5
[14:21:22] [Render thread/INFO] [SuperResolution/]: SR_DIAG AFTER_PASS:composite1 fbo=14 attachment=8ce0 texture=57 mip=0 size=854x480 internalFormat=8c3a
[14:21:22] [Render thread/INFO] [SuperResolution/]: SR_DIAG BEFORE_PASS:composite3 render=( 4.950E+2  2.780E+2) display=( 8.540E+2  4.800E+2) region-1=( 4.950E+2  2.780E+2) region-2=( 8.540E+2  4.800E+2) viewport=[0,0,854,480] scissor=[0,128,854,256]/false drawFbo=14 readFbo=14 drawBuffer=36064 readBuffer=36064 drawStatus=8cd5
[14:21:22] [Render thread/INFO] [SuperResolution/]: SR_DIAG BEFORE_PASS:composite3 fbo=14 attachment=8ce0 texture=57 mip=0 size=854x480 internalFormat=8c3a
[14:21:22] [Render thread/INFO] [SuperResolution/]: SR_DIAG AFTER_PASS:composite3 render=( 4.950E+2  2.780E+2) display=( 8.540E+2  4.800E+2) region-1=( 4.950E+2  2.780E+2) region-2=( 8.540E+2  4.800E+2) viewport=[0,0,854,480] scissor=[0,128,854,256]/false drawFbo=15 readFbo=15 drawBuffer=36064 readBuffer=36064 drawStatus=8cd5
[14:21:22] [Render thread/INFO] [SuperResolution/]: SR_DIAG AFTER_PASS:composite3 fbo=15 attachment=8ce0 texture=58 mip=0 size=854x480 internalFormat=8c3a
[14:21:22] [Render thread/INFO] [SuperResolution/]: SR_DIAG BEFORE_PASS:composite4 render=( 4.950E+2  2.780E+2) display=( 8.540E+2  4.800E+2) region-1=( 4.950E+2  2.780E+2) region-2=( 8.540E+2  4.800E+2) viewport=[0,0,854,480] scissor=[0,128,854,256]/false drawFbo=15 readFbo=15 drawBuffer=36064 readBuffer=36064 drawStatus=8cd5
[14:21:22] [Render thread/INFO] [SuperResolution/]: SR_DIAG BEFORE_PASS:composite4 fbo=15 attachment=8ce0 texture=58 mip=0 size=854x480 internalFormat=8c3a
[14:21:22] [Render thread/INFO] [SuperResolution/]: SR_DIAG AFTER_PASS:composite4 render=( 4.950E+2  2.780E+2) display=( 8.540E+2  4.800E+2) region-1=( 4.950E+2  2.780E+2) region-2=( 8.540E+2  4.800E+2) viewport=[0,0,854,480] scissor=[0,128,854,256]/false drawFbo=16 readFbo=16 drawBuffer=36064 readBuffer=36064 drawStatus=8cd5
[14:21:22] [Render thread/INFO] [SuperResolution/]: SR_DIAG AFTER_PASS:composite4 fbo=16 attachment=8ce0 texture=68 mip=0 size=854x480 internalFormat=881a
[14:21:22] [Render thread/INFO] [SuperResolution/]: SR_DIAG BEFORE_PASS:composite5 render=( 4.950E+2  2.780E+2) display=( 8.540E+2  4.800E+2) region-1=( 4.950E+2  2.780E+2) region-2=( 8.540E+2  4.800E+2) viewport=[0,0,854,480] scissor=[0,128,854,256]/false drawFbo=16 readFbo=16 drawBuffer=36064 readBuffer=36064 drawStatus=8cd5
[14:21:22] [Render thread/INFO] [SuperResolution/]: SR_DIAG BEFORE_PASS:composite5 fbo=16 attachment=8ce0 texture=68 mip=0 size=854x480 internalFormat=881a
[14:21:22] [Render thread/INFO] [SuperResolution/]: SR_DIAG AFTER_PASS:composite5 render=( 4.950E+2  2.780E+2) display=( 8.540E+2  4.800E+2) region-1=( 4.950E+2  2.780E+2) region-2=( 8.540E+2  4.800E+2) viewport=[0,0,854,480] scissor=[0,128,854,256]/false drawFbo=17 readFbo=17 drawBuffer=36064 readBuffer=36064 drawStatus=8cd5
[14:21:22] [Render thread/INFO] [SuperResolution/]: SR_DIAG AFTER_PASS:composite5 fbo=17 attachment=8ce0 texture=67 mip=0 size=854x480 internalFormat=881a
[14:21:22] [Render thread/INFO] [SuperResolution/]: SR_DIAG BEFORE_PASS:composite6 render=( 4.950E+2  2.780E+2) display=( 8.540E+2  4.800E+2) region-1=( 4.950E+2  2.780E+2) region-2=( 8.540E+2  4.800E+2) viewport=[0,0,854,480] scissor=[0,128,854,256]/false drawFbo=17 readFbo=17 drawBuffer=36064 readBuffer=36064 drawStatus=8cd5
[14:21:22] [Render thread/INFO] [SuperResolution/]: SR_DIAG BEFORE_PASS:composite6 fbo=17 attachment=8ce0 texture=67 mip=0 size=854x480 internalFormat=881a
[14:21:22] [Render thread/INFO] [SuperResolution/]: SR_DIAG AFTER_PASS:composite6 render=( 4.950E+2  2.780E+2) display=( 8.540E+2  4.800E+2) region-1=( 4.950E+2  2.780E+2) region-2=( 8.540E+2  4.800E+2) viewport=[0,0,854,480] scissor=[0,128,854,256]/false drawFbo=18 readFbo=18 drawBuffer=36064 readBuffer=36064 drawStatus=8cd5
[14:21:22] [Render thread/INFO] [SuperResolution/]: SR_DIAG AFTER_PASS:composite6 fbo=18 attachment=8ce0 texture=68 mip=0 size=854x480 internalFormat=881a
[14:21:22] [Render thread/INFO] [SuperResolution/]: SR_DIAG BEFORE_PASS:composite7 render=( 4.950E+2  2.780E+2) display=( 8.540E+2  4.800E+2) region-1=( 4.950E+2  2.780E+2) region-2=( 8.540E+2  4.800E+2) viewport=[0,0,854,480] scissor=[0,128,854,256]/false drawFbo=18 readFbo=18 drawBuffer=36064 readBuffer=36064 drawStatus=8cd5
[14:21:22] [Render thread/INFO] [SuperResolution/]: SR_DIAG BEFORE_PASS:composite7 fbo=18 attachment=8ce0 texture=68 mip=0 size=854x480 internalFormat=881a
[14:21:22] [Render thread/INFO] [SuperResolution/]: SR_DIAG BEFORE_SR render=( 4.950E+2  2.780E+2) display=( 8.540E+2  4.800E+2) region-1=( 4.950E+2  2.780E+2) region-2=( 8.540E+2  4.800E+2) viewport=[0,0,854,480] scissor=[0,128,854,256]/false drawFbo=18 readFbo=18 drawBuffer=36064 readBuffer=36064 drawStatus=8cd5
[14:21:22] [Render thread/INFO] [SuperResolution/]: SR_DIAG BEFORE_SR fbo=18 attachment=8ce0 texture=68 mip=0 size=854x480 internalFormat=881a
[14:21:22] [Render thread/INFO] [SuperResolution/]: SR_DIAG glTextureStorage2D texture=97 levels=1 internalFormat=881a size=495x278 label=SRIrisCompatInternalTexture-autotex3
[14:21:22] [Render thread/INFO] [SuperResolution/]: SR_DIAG glTextureStorage2D texture=99 levels=1 internalFormat=81a6 size=495x278 label=SRIrisCompatInternalTexture-depthtex
[14:21:22] [Render thread/INFO] [SuperResolution/]: SR_DIAG glTextureStorage2D texture=100 levels=1 internalFormat=881a size=495x278 label=SRIrisCompatInternalTexture-autotex2
[14:21:22] [Render thread/INFO] [SuperResolution/]: SR_DIAG texture color id=68 size=854x480 format=RGBA16F target/type=Texture2D glInternalFormat=881a
[14:21:22] [Render thread/INFO] [SuperResolution/]: SR_DIAG texture depth id=7 size=854x480 format=DEPTH24 target/type=Texture2D glInternalFormat=1902
[14:21:22] [Render thread/INFO] [SuperResolution/]: SR_DIAG depth depth id=7 bits=24 componentType=8c17
[14:21:22] [Render thread/INFO] [SuperResolution/]: SR_DIAG texture motion_vectors id=88 size=854x480 format=RGBA16F target/type=Texture2D glInternalFormat=881a
[14:21:22] [Render thread/INFO] [SuperResolution/]: SR_DIAG texture algorithm_color id=97 size=495x278 format=RGBA16F target/type=Texture2D glInternalFormat=881a
[14:21:22] [Render thread/INFO] [SuperResolution/]: SR_DIAG texture algorithm_depth id=99 size=495x278 format=DEPTH24 target/type=Texture2D glInternalFormat=81a6
[14:21:22] [Render thread/INFO] [SuperResolution/]: SR_DIAG depth algorithm_depth id=99 bits=24 componentType=8c17
[14:21:22] [Render thread/INFO] [SuperResolution/]: SR_DIAG texture algorithm_motion_vectors id=100 size=495x278 format=RGBA16F target/type=Texture2D glInternalFormat=881a
[14:21:22] [Render thread/WARN] [SuperResolution/]: Failed to build DLSS-G constants
java.lang.IllegalArgumentException: cameraViewToClip is not invertible
	at TRANSFORMER/super_resolution@0.9.2-alpha.1+dev.b3dd23c.opengl/io.homo.superresolution.common.framegeneration.constants.FGConstantsBuilder.inverse(FGConstantsBuilder.java:120) ~[superresolution-sr-x2-handoff-f9a2bcdf8c4a.jar%23175!/:?] {re:classloading}
	at TRANSFORMER/super_resolution@0.9.2-alpha.1+dev.b3dd23c.opengl/io.homo.superresolution.common.framegeneration.constants.FGConstantsBuilder.build(FGConstantsBuilder.java:45) ~[superresolution-sr-x2-handoff-f9a2bcdf8c4a.jar%23175!/:?] {re:classloading}
	at TRANSFORMER/super_resolution@0.9.2-alpha.1+dev.b3dd23c.opengl/io.homo.superresolution.common.framegeneration.constants.FGConstantsFeature.onAlgorithmDispatch(FGConstantsFeature.java:160) [superresolution-sr-x2-handoff-f9a2bcdf8c4a.jar%23175!/:?] {re:mixin,re:classloading}
	at MC-BOOTSTRAP/net.neoforged.bus/net.neoforged.bus.ConsumerEventHandler.invoke(ConsumerEventHandler.java:27) [bus-8.0.5.jar%23134!/:?] {}
	at MC-BOOTSTRAP/net.neoforged.bus/net.neoforged.bus.EventBus.post(EventBus.java:360) [bus-8.0.5.jar%23134!/:?] {}
	at MC-BOOTSTRAP/net.neoforged.bus/net.neoforged.bus.EventBus.post(EventBus.java:328) [bus-8.0.5.jar%23134!/:?] {}
	at TRANSFORMER/super_resolution@0.9.2-alpha.1+dev.b3dd23c.opengl/io.homo.superresolution.shadercompat.IrisShaderCompatUpscaleDispatcher.dispatchUpscale(IrisShaderCompatUpscaleDispatcher.java:541) [superresolution-sr-x2-handoff-f9a2bcdf8c4a.jar%23175!/:?] {re:mixin,re:classloading}
	at TRANSFORMER/super_resolution@0.9.2-alpha.1+dev.b3dd23c.opengl/io.homo.superresolution.shadercompat.IrisShaderCompatEventHandler.onCompositeRendererRenderBefore(IrisShaderCompatEventHandler.java:132) [superresolution-sr-x2-handoff-f9a2bcdf8c4a.jar%23175!/:?] {re:classloading}
	at MC-BOOTSTRAP/net.neoforged.bus/net.neoforged.bus.ConsumerEventHandler.invoke(ConsumerEventHandler.java:27) [bus-8.0.5.jar%23134!/:?] {}
	at MC-BOOTSTRAP/net.neoforged.bus/net.neoforged.bus.EventBus.post(EventBus.java:360) [bus-8.0.5.jar%23134!/:?] {}
	at MC-BOOTSTRAP/net.neoforged.bus/net.neoforged.bus.EventBus.post(EventBus.java:328) [bus-8.0.5.jar%23134!/:?] {}
	at TRANSFORMER/super_resolution@0.9.2-alpha.1+dev.b3dd23c.opengl/io.homo.irisapi.handlers.IrisRenderingPipelineHandler.onCompositePassDispatchBefore(IrisRenderingPipelineHandler.java:70) [superresolution-sr-x2-handoff-f9a2bcdf8c4a.jar%23175!/:?] {re:mixin,re:classloading}
	at TRANSFORMER/iris@1.8.8+mc1.21.1/net.irisshaders.iris.pipeline.CompositeRenderer.superresolution$handlePassEvent(CompositeRenderer.java:2570) [iris-1.8.8+1.21.1-neoforge-neoforge,1.21.1.jar%23177!/:?] {re:mixin,re:classloading,pl:mixin:APP:super_resolution_irisapi.mixins.json:composite.CompositeRendererAccessor from mod super_resolution,pl:mixin:APP:super_resolution_irisapi.mixins.json:composite.after1_21_11.CompositeRendererMixin from mod super_resolution,pl:mixin:APP:super_resolution_irisapi.mixins.json:composite.after1_21_4.CompositeRendererMixin from mod super_resolution,pl:mixin:APP:super_resolution_irisapi.mixins.json:composite.before1_21_1.CompositeRendererMixin from mod super_resolution,pl:mixin:APP:super_resolution_irisapi.mixins.json:composite.v1_21_1.CompositeRendererMixin from mod super_resolution,pl:mixin:A}
	at TRANSFORMER/iris@1.8.8+mc1.21.1/net.irisshaders.iris.pipeline.CompositeRenderer.handler$zlh000$super_resolution$onBeforeRenderA(CompositeRenderer.java:2625) [iris-1.8.8+1.21.1-neoforge-neoforge,1.21.1.jar%23177!/:?] {re:mixin,re:classloading,pl:mixin:APP:super_resolution_irisapi.mixins.json:composite.CompositeRendererAccessor from mod super_resolution,pl:mixin:APP:super_resolution_irisapi.mixins.json:composite.after1_21_11.CompositeRendererMixin from mod super_resolution,pl:mixin:APP:super_resolution_irisapi.mixins.json:composite.after1_21_4.CompositeRendererMixin from mod super_resolution,pl:mixin:APP:super_resolution_irisapi.mixins.json:composite.before1_21_1.CompositeRendererMixin from mod super_resolution,pl:mixin:APP:super_resolution_irisapi.mixins.json:composite.v1_21_1.CompositeRendererMixin from mod super_resolution,pl:mixin:A}
	at TRANSFORMER/iris@1.8.8+mc1.21.1/net.irisshaders.iris.pipeline.CompositeRenderer.renderAll(CompositeRenderer.java:284) [iris-1.8.8+1.21.1-neoforge-neoforge,1.21.1.jar%23177!/:?] {re:mixin,re:classloading,pl:mixin:APP:super_resolution_irisapi.mixins.json:composite.CompositeRendererAccessor from mod super_resolution,pl:mixin:APP:super_resolution_irisapi.mixins.json:composite.after1_21_11.CompositeRendererMixin from mod super_resolution,pl:mixin:APP:super_resolution_irisapi.mixins.json:composite.after1_21_4.CompositeRendererMixin from mod super_resolution,pl:mixin:APP:super_resolution_irisapi.mixins.json:composite.before1_21_1.CompositeRendererMixin from mod super_resolution,pl:mixin:APP:super_resolution_irisapi.mixins.json:composite.v1_21_1.CompositeRendererMixin from mod super_resolution,pl:mixin:A}
	at TRANSFORMER/iris@1.8.8+mc1.21.1/net.irisshaders.iris.pipeline.IrisRenderingPipeline.finalizeLevelRendering(IrisRenderingPipeline.java:1088) [iris-1.8.8+1.21.1-neoforge-neoforge,1.21.1.jar%23177!/:?] {re:mixin,re:classloading,pl:mixin:APP:super_resolution_irisapi.mixins.json:composite.IrisRenderingPipelineAccessor from mod super_resolution,pl:mixin:APP:super_resolution_irisapi.mixins.json:composite.before1_21_1.IrisRenderingPipelineMixin from mod super_resolution,pl:mixin:APP:super_resolution.shadercompat.mixins.json:core.IrisRenderingPipelineAccessor from mod super_resolution,pl:mixin:APP:super_resolution.shadercompat.mixins.json:core.IrisRenderingPipelineMixin from mod super_resolution,pl:mixin:A}
	at TRANSFORMER/minecraft@1.21.1/net.minecraft.client.renderer.LevelRenderer.handler$zeh000$iris$endLevelRender(LevelRenderer.java:7818) [neoforge-21.1.219.jar%23172!/:?] {re:mixin,pl:accesstransformer:B,pl:runtimedistcleaner:A,re:classloading,pl:accesstransformer:B,pl:mixin:A,pl:runtimedistcleaner:A}
	at TRANSFORMER/minecraft@1.21.1/net.minecraft.client.renderer.LevelRenderer.renderLevel(LevelRenderer.java:1240) [neoforge-21.1.219.jar%23172!/:?] {re:mixin,pl:accesstransformer:B,pl:runtimedistcleaner:A,re:classloading,pl:accesstransformer:B,pl:mixin:A,pl:runtimedistcleaner:A}
	at TRANSFORMER/minecraft@1.21.1/net.minecraft.client.renderer.GameRenderer.renderLevel(GameRenderer.java:1271) [neoforge-21.1.219.jar%23172!/:?] {re:mixin,pl:accesstransformer:B,pl:runtimedistcleaner:A,re:classloading,pl:accesstransformer:B,pl:mixin:A,pl:runtimedistcleaner:A}
	at TRANSFORMER/minecraft@1.21.1/net.minecraft.client.renderer.GameRenderer.render(GameRenderer.java:1024) [neoforge-21.1.219.jar%23172!/:?] {re:mixin,pl:accesstransformer:B,pl:runtimedistcleaner:A,re:classloading,pl:accesstransformer:B,pl:mixin:A,pl:runtimedistcleaner:A}
	at TRANSFORMER/minecraft@1.21.1/net.minecraft.client.Minecraft.runTick(Minecraft.java:1195) [neoforge-21.1.219.jar%23172!/:?] {re:mixin,pl:runtimedistcleaner:A,re:classloading,pl:mixin:APP:sodium-common.mixins.json:core.MinecraftMixin from mod sodium,pl:mixin:APP:sodium-neoforge.mixins.json:platform.neoforge.EntrypointMixin from mod sodium,pl:mixin:APP:mixins.iris.json:MixinMinecraft_Images from mod iris,pl:mixin:APP:mixins.iris.json:MixinMinecraft_Keybinds from mod iris,pl:mixin:APP:mixins.iris.json:MixinMinecraft_PipelineManagement from mod iris,pl:mixin:APP:super_resolution.mixins.json:core.GlTextureViewMixin from mod super_resolution,pl:mixin:APP:super_resolution.mixins.json:core.MinecraftMixin from mod super_resolution,pl:mixin:APP:super_resolution.mixins.json:core.accessor.MinecraftAccessor from mod super_resolution,pl:mixin:APP:super_resolution.mixins.json:framegeneration.v1_20_1.GameRendererConstantsMixin from mod super_resolution,pl:mixin:APP:super_resolution.mixins.json:framegeneration.v1_21_11.GameRendererConstantsMixin from mod super_resolution,pl:mixin:APP:super_resolution.mixins.json:framegeneration.v26_1_x.GameRendererConstantsMixin from mod super_resolution,pl:mixin:APP:super_resolution.mixins.json:framegeneration.v26_2.GameRendererConstantsMixin from mod super_resolution,pl:mixin:APP:super_resolution.mixins.json:framegeneration.v26_2.NativeLibrariesBootstrapMixin from mod super_resolution,pl:mixin:APP:super_resolution.mixins.json:framegeneration.v26_3.GameRendererConstantsMixin from mod super_resolution,pl:mixin:APP:super_resolution.mixins.json:framegeneration.v26_3.NativeLibrariesBootstrapMixin from mod super_resolution,pl:mixin:APP:super_resolution.mixins.json:gui.GuiGraphicsMixin from mod super_resolution,pl:mixin:APP:super_resolution.mixins.json:gui.GuiRendererDrawAccessor from mod super_resolution,pl:mixin:APP:super_resolution.mixins.json:gui.GuiRendererMixin from mod super_resolution,pl:mixin:APP:super_resolution.mixins.json:lowlatency.v1_20_1.KeyboardHandlerReflexMixin from mod super_resolution,pl:mixin:APP:super_resolution.mixins.json:lowlatency.v1_20_1.MinecraftReflexMixin from mod super_resolution,pl:mixin:APP:super_resolution.mixins.json:lowlatency.v1_20_1.MouseHandlerReflexMixin from mod super_resolution,pl:mixin:APP:super_resolution.mixins.json:lowlatency.v1_20_1.RenderSystemAccessor from mod super_resolution,pl:mixin:APP:super_resolution.mixins.json:lowlatency.v1_21_1.MinecraftReflexMixin from mod super_resolution,pl:mixin:APP:super_resolution.mixins.json:lowlatency.v1_21_11.KeyboardHandlerReflexMixin from mod super_resolution,pl:mixin:APP:super_resolution.mixins.json:lowlatency.v1_21_11.MinecraftReflexMixin from mod super_resolution,pl:mixin:APP:super_resolution.mixins.json:lowlatency.v1_21_11.MouseHandlerReflexMixin from mod super_resolution,pl:mixin:APP:super_resolution.mixins.json:lowlatency.v1_21_11.RenderSystemAccessor from mod super_resolution,pl:mixin:APP:super_resolution.mixins.json:lowlatency.v26_1_x.KeyboardHandlerReflexMixin from mod super_resolution,pl:mixin:APP:super_resolution.mixins.json:lowlatency.v26_1_x.MinecraftReflexMixin from mod super_resolution,pl:mixin:APP:super_resolution.mixins.json:lowlatency.v26_1_x.MouseHandlerReflexMixin from mod super_resolution,pl:mixin:APP:super_resolution.mixins.json:lowlatency.v26_2.KeyboardHandlerReflexMixin from mod super_resolution,pl:mixin:APP:super_resolution.mixins.json:lowlatency.v26_2.MinecraftReflexMixin from mod super_resolution,pl:mixin:APP:super_resolution.mixins.json:lowlatency.v26_2.MouseHandlerReflexMixin from mod super_resolution,pl:mixin:APP:super_resolution.mixins.json:lowlatency.v26_3.KeyboardHandlerReflexMixin from mod super_resolution,pl:mixin:APP:super_resolution.mixins.json:lowlatency.v26_3.MinecraftReflexMixin from mod super_resolution,pl:mixin:APP:super_resolution.mixins.json:lowlatency.v26_3.MouseHandlerReflexMixin from mod super_resolution,pl:mixin:APP:super_resolution.mixins.json:presentation.v1_20_1.VulkanPresentationGameRendererCaptureMixin from mod super_resolution,pl:mixin:APP:super_resolution.mixins.json:presentation.v1_20_1.VulkanPresentationGlDeviceMixin from mod super_resolution,pl:mixin:APP:super_resolution.mixins.json:presentation.v1_20_1.VulkanPresentationMinecraftBackendMixin from mod super_resolution,pl:mixin:APP:super_resolution.mixins.json:presentation.v1_20_1.VulkanPresentationMinecraftCaptureMixin from mod super_resolution,pl:mixin:APP:super_resolution.mixins.json:presentation.v1_20_1.VulkanPresentationWindowMixin from mod super_resolution,pl:mixin:APP:super_resolution.mixins.json:presentation.v1_21_1.VulkanPresentationMinecraftCaptureMixin from mod super_resolution,pl:mixin:APP:super_resolution.mixins.json:presentation.v1_21_11.VulkanPresentationGameRendererCaptureMixin from mod super_resolution,pl:mixin:APP:super_resolution.mixins.json:presentation.v1_21_11.VulkanPresentationGlDeviceMixin from mod super_resolution,pl:mixin:APP:super_resolution.mixins.json:presentation.v1_21_11.VulkanPresentationMinecraftBackendMixin from mod super_resolution,pl:mixin:APP:super_resolution.mixins.json:presentation.v1_21_11.VulkanPresentationMinecraftCaptureMixin from mod super_resolution,pl:mixin:APP:super_resolution.mixins.json:presentation.v1_21_11.VulkanPresentationWindowMixin from mod super_resolution,pl:mixin:APP:super_resolution.mixins.json:presentation.v26_1_x.VulkanPresentationGameRendererCaptureMixin from mod super_resolution,pl:mixin:APP:super_resolution.mixins.json:presentation.v26_1_x.VulkanPresentationGlDeviceMixin from mod super_resolution,pl:mixin:APP:super_resolution.mixins.json:presentation.v26_1_x.VulkanPresentationMinecraftBackendMixin from mod super_resolution,pl:mixin:APP:super_resolution.mixins.json:presentation.v26_1_x.VulkanPresentationMinecraftCaptureMixin from mod super_resolution,pl:mixin:APP:super_resolution.mixins.json:presentation.v26_1_x.VulkanPresentationWindowCloseMixin from mod super_resolution,pl:mixin:APP:super_resolution.mixins.json:presentation.v26_2.VulkanPresentationGameRendererCaptureMixin from mod super_resolution,pl:mixin:APP:super_resolution.mixins.json:presentation.v26_2.VulkanPresentationGlDeviceMixin from mod super_resolution,pl:mixin:APP:super_resolution.mixins.json:presentation.v26_2.VulkanPresentationMinecraftBackendMixin from mod super_resolution,pl:mixin:APP:super_resolution.mixins.json:presentation.v26_2.VulkanPresentationMinecraftCaptureMixin from mod super_resolution,pl:mixin:APP:super_resolution.mixins.json:presentation.v26_2.VulkanPresentationWindowCloseMixin from mod super_resolution,pl:mixin:APP:super_resolution.mixins.json:presentation.v26_3.VulkanPresentationGameRendererCaptureMixin from mod super_resolution,pl:mixin:APP:super_resolution.mixins.json:presentation.v26_3.VulkanPresentationGlDeviceMixin from mod super_resolution,pl:mixin:APP:super_resolution.mixins.json:presentation.v26_3.VulkanPresentationMinecraftBackendMixin from mod super_resolution,pl:mixin:APP:super_resolution.mixins.json:presentation.v26_3.VulkanPresentationMinecraftCaptureMixin from mod super_resolution,pl:mixin:APP:super_resolution.mixins.json:presentation.v26_3.VulkanPresentationWindowCloseMixin from mod super_resolution,pl:mixin:APP:super_resolution-neoforge.mixins.json:neoforge.FuckingValidation1218Mixin from mod super_resolution,pl:mixin:APP:super_resolution-neoforge.mixins.json:neoforge.FuckingValidationMixin from mod super_resolution,pl:mixin:APP:super_resolution_irisapi.mixins.json:composite.before1_21_1.GlStateManagerTextureStateAccessor from mod super_resolution,pl:mixin:APP:architectury.mixins.json:MixinMinecraft from mod architectury,pl:mixin:A,pl:runtimedistcleaner:A}
	at TRANSFORMER/minecraft@1.21.1/net.minecraft.client.Minecraft.run(Minecraft.java:807) [neoforge-21.1.219.jar%23172!/:?] {re:mixin,pl:runtimedistcleaner:A,re:classloading,pl:mixin:APP:sodium-common.mixins.json:core.MinecraftMixin from mod sodium,pl:mixin:APP:sodium-neoforge.mixins.json:platform.neoforge.EntrypointMixin from mod sodium,pl:mixin:APP:mixins.iris.json:MixinMinecraft_Images from mod iris,pl:mixin:APP:mixins.iris.json:MixinMinecraft_Keybinds from mod iris,pl:mixin:APP:mixins.iris.json:MixinMinecraft_PipelineManagement from mod iris,pl:mixin:APP:super_resolution.mixins.json:core.GlTextureViewMixin from mod super_resolution,pl:mixin:APP:super_resolution.mixins.json:core.MinecraftMixin from mod super_resolution,pl:mixin:APP:super_resolution.mixins.json:core.accessor.MinecraftAccessor from mod super_resolution,pl:mixin:APP:super_resolution.mixins.json:framegeneration.v1_20_1.GameRendererConstantsMixin from mod super_resolution,pl:mixin:APP:super_resolution.mixins.json:framegeneration.v1_21_11.GameRendererConstantsMixin from mod super_resolution,pl:mixin:APP:super_resolution.mixins.json:framegeneration.v26_1_x.GameRendererConstantsMixin from mod super_resolution,pl:mixin:APP:super_resolution.mixins.json:framegeneration.v26_2.GameRendererConstantsMixin from mod super_resolution,pl:mixin:APP:super_resolution.mixins.json:framegeneration.v26_2.NativeLibrariesBootstrapMixin from mod super_resolution,pl:mixin:APP:super_resolution.mixins.json:framegeneration.v26_3.GameRendererConstantsMixin from mod super_resolution,pl:mixin:APP:super_resolution.mixins.json:framegeneration.v26_3.NativeLibrariesBootstrapMixin from mod super_resolution,pl:mixin:APP:super_resolution.mixins.json:gui.GuiGraphicsMixin from mod super_resolution,pl:mixin:APP:super_resolution.mixins.json:gui.GuiRendererDrawAccessor from mod super_resolution,pl:mixin:APP:super_resolution.mixins.json:gui.GuiRendererMixin from mod super_resolution,pl:mixin:APP:super_resolution.mixins.json:lowlatency.v1_20_1.KeyboardHandlerReflexMixin from mod super_resolution,pl:mixin:APP:super_resolution.mixins.json:lowlatency.v1_20_1.MinecraftReflexMixin from mod super_resolution,pl:mixin:APP:super_resolution.mixins.json:lowlatency.v1_20_1.MouseHandlerReflexMixin from mod super_resolution,pl:mixin:APP:super_resolution.mixins.json:lowlatency.v1_20_1.RenderSystemAccessor from mod super_resolution,pl:mixin:APP:super_resolution.mixins.json:lowlatency.v1_21_1.MinecraftReflexMixin from mod super_resolution,pl:mixin:APP:super_resolution.mixins.json:lowlatency.v1_21_11.KeyboardHandlerReflexMixin from mod super_resolution,pl:mixin:APP:super_resolution.mixins.json:lowlatency.v1_21_11.MinecraftReflexMixin from mod super_resolution,pl:mixin:APP:super_resolution.mixins.json:lowlatency.v1_21_11.MouseHandlerReflexMixin from mod super_resolution,pl:mixin:APP:super_resolution.mixins.json:lowlatency.v1_21_11.RenderSystemAccessor from mod super_resolution,pl:mixin:APP:super_resolution.mixins.json:lowlatency.v26_1_x.KeyboardHandlerReflexMixin from mod super_resolution,pl:mixin:APP:super_resolution.mixins.json:lowlatency.v26_1_x.MinecraftReflexMixin from mod super_resolution,pl:mixin:APP:super_resolution.mixins.json:lowlatency.v26_1_x.MouseHandlerReflexMixin from mod super_resolution,pl:mixin:APP:super_resolution.mixins.json:lowlatency.v26_2.KeyboardHandlerReflexMixin from mod super_resolution,pl:mixin:APP:super_resolution.mixins.json:lowlatency.v26_2.MinecraftReflexMixin from mod super_resolution,pl:mixin:APP:super_resolution.mixins.json:lowlatency.v26_2.MouseHandlerReflexMixin from mod super_resolution,pl:mixin:APP:super_resolution.mixins.json:lowlatency.v26_3.KeyboardHandlerReflexMixin from mod super_resolution,pl:mixin:APP:super_resolution.mixins.json:lowlatency.v26_3.MinecraftReflexMixin from mod super_resolution,pl:mixin:APP:super_resolution.mixins.json:lowlatency.v26_3.MouseHandlerReflexMixin from mod super_resolution,pl:mixin:APP:super_resolution.mixins.json:presentation.v1_20_1.VulkanPresentationGameRendererCaptureMixin from mod super_resolution,pl:mixin:APP:super_resolution.mixins.json:presentation.v1_20_1.VulkanPresentationGlDeviceMixin from mod super_resolution,pl:mixin:APP:super_resolution.mixins.json:presentation.v1_20_1.VulkanPresentationMinecraftBackendMixin from mod super_resolution,pl:mixin:APP:super_resolution.mixins.json:presentation.v1_20_1.VulkanPresentationMinecraftCaptureMixin from mod super_resolution,pl:mixin:APP:super_resolution.mixins.json:presentation.v1_20_1.VulkanPresentationWindowMixin from mod super_resolution,pl:mixin:APP:super_resolution.mixins.json:presentation.v1_21_1.VulkanPresentationMinecraftCaptureMixin from mod super_resolution,pl:mixin:APP:super_resolution.mixins.json:presentation.v1_21_11.VulkanPresentationGameRendererCaptureMixin from mod super_resolution,pl:mixin:APP:super_resolution.mixins.json:presentation.v1_21_11.VulkanPresentationGlDeviceMixin from mod super_resolution,pl:mixin:APP:super_resolution.mixins.json:presentation.v1_21_11.VulkanPresentationMinecraftBackendMixin from mod super_resolution,pl:mixin:APP:super_resolution.mixins.json:presentation.v1_21_11.VulkanPresentationMinecraftCaptureMixin from mod super_resolution,pl:mixin:APP:super_resolution.mixins.json:presentation.v1_21_11.VulkanPresentationWindowMixin from mod super_resolution,pl:mixin:APP:super_resolution.mixins.json:presentation.v26_1_x.VulkanPresentationGameRendererCaptureMixin from mod super_resolution,pl:mixin:APP:super_resolution.mixins.json:presentation.v26_1_x.VulkanPresentationGlDeviceMixin from mod super_resolution,pl:mixin:APP:super_resolution.mixins.json:presentation.v26_1_x.VulkanPresentationMinecraftBackendMixin from mod super_resolution,pl:mixin:APP:super_resolution.mixins.json:presentation.v26_1_x.VulkanPresentationMinecraftCaptureMixin from mod super_resolution,pl:mixin:APP:super_resolution.mixins.json:presentation.v26_1_x.VulkanPresentationWindowCloseMixin from mod super_resolution,pl:mixin:APP:super_resolution.mixins.json:presentation.v26_2.VulkanPresentationGameRendererCaptureMixin from mod super_resolution,pl:mixin:APP:super_resolution.mixins.json:presentation.v26_2.VulkanPresentationGlDeviceMixin from mod super_resolution,pl:mixin:APP:super_resolution.mixins.json:presentation.v26_2.VulkanPresentationMinecraftBackendMixin from mod super_resolution,pl:mixin:APP:super_resolution.mixins.json:presentation.v26_2.VulkanPresentationMinecraftCaptureMixin from mod super_resolution,pl:mixin:APP:super_resolution.mixins.json:presentation.v26_2.VulkanPresentationWindowCloseMixin from mod super_resolution,pl:mixin:APP:super_resolution.mixins.json:presentation.v26_3.VulkanPresentationGameRendererCaptureMixin from mod super_resolution,pl:mixin:APP:super_resolution.mixins.json:presentation.v26_3.VulkanPresentationGlDeviceMixin from mod super_resolution,pl:mixin:APP:super_resolution.mixins.json:presentation.v26_3.VulkanPresentationMinecraftBackendMixin from mod super_resolution,pl:mixin:APP:super_resolution.mixins.json:presentation.v26_3.VulkanPresentationMinecraftCaptureMixin from mod super_resolution,pl:mixin:APP:super_resolution.mixins.json:presentation.v26_3.VulkanPresentationWindowCloseMixin from mod super_resolution,pl:mixin:APP:super_resolution-neoforge.mixins.json:neoforge.FuckingValidation1218Mixin from mod super_resolution,pl:mixin:APP:super_resolution-neoforge.mixins.json:neoforge.FuckingValidationMixin from mod super_resolution,pl:mixin:APP:super_resolution_irisapi.mixins.json:composite.before1_21_1.GlStateManagerTextureStateAccessor from mod super_resolution,pl:mixin:APP:architectury.mixins.json:MixinMinecraft from mod architectury,pl:mixin:A,pl:runtimedistcleaner:A}
	at TRANSFORMER/minecraft@1.21.1/net.minecraft.client.main.Main.main(Main.java:230) [neoforge-21.1.219.jar%23172!/:?] {re:classloading,pl:runtimedistcleaner:A}
	at java.base/jdk.internal.reflect.DirectMethodHandleAccessor.invoke(DirectMethodHandleAccessor.java:104) ~[?:?] {}
	at java.base/java.lang.reflect.Method.invoke(Method.java:565) ~[?:?] {}
	at MC-BOOTSTRAP/fml_loader@4.0.42/net.neoforged.fml.loading.targets.CommonLaunchHandler.runTarget(CommonLaunchHandler.java:136) [loader-4.0.42.jar%23130!/:4.0] {}
	at MC-BOOTSTRAP/fml_loader@4.0.42/net.neoforged.fml.loading.targets.CommonLaunchHandler.clientService(CommonLaunchHandler.java:124) [loader-4.0.42.jar%23130!/:4.0] {}
	at MC-BOOTSTRAP/fml_loader@4.0.42/net.neoforged.fml.loading.targets.NeoForgeClientDevLaunchHandler.runService(NeoForgeClientDevLaunchHandler.java:23) [loader-4.0.42.jar%23130!/:4.0] {}
	at MC-BOOTSTRAP/fml_loader@4.0.42/net.neoforged.fml.loading.targets.CommonLaunchHandler.lambda$launchService$4(CommonLaunchHandler.java:118) [loader-4.0.42.jar%23130!/:4.0] {}
	at MC-BOOTSTRAP/cpw.mods.modlauncher@11.0.5/cpw.mods.modlauncher.LaunchServiceHandlerDecorator.launch(LaunchServiceHandlerDecorator.java:30) [modlauncher-11.0.5.jar%23112!/:?] {}
	at MC-BOOTSTRAP/cpw.mods.modlauncher@11.0.5/cpw.mods.modlauncher.LaunchServiceHandler.launch(LaunchServiceHandler.java:53) [modlauncher-11.0.5.jar%23112!/:?] {}
	at MC-BOOTSTRAP/cpw.mods.modlauncher@11.0.5/cpw.mods.modlauncher.LaunchServiceHandler.launch(LaunchServiceHandler.java:71) [modlauncher-11.0.5.jar%23112!/:?] {}
	at MC-BOOTSTRAP/cpw.mods.modlauncher@11.0.5/cpw.mods.modlauncher.Launcher.run(Launcher.java:103) [modlauncher-11.0.5.jar%23112!/:?] {}
	at MC-BOOTSTRAP/cpw.mods.modlauncher@11.0.5/cpw.mods.modlauncher.Launcher.main(Launcher.java:74) [modlauncher-11.0.5.jar%23112!/:?] {}
	at MC-BOOTSTRAP/cpw.mods.modlauncher@11.0.5/cpw.mods.modlauncher.BootstrapLaunchConsumer.accept(BootstrapLaunchConsumer.java:26) [modlauncher-11.0.5.jar%23112!/:?] {}
	at MC-BOOTSTRAP/cpw.mods.modlauncher@11.0.5/cpw.mods.modlauncher.BootstrapLaunchConsumer.accept(BootstrapLaunchConsumer.java:23) [modlauncher-11.0.5.jar%23112!/:?] {}
	at cpw.mods.bootstraplauncher@2.0.2/cpw.mods.bootstraplauncher.BootstrapLauncher.run(BootstrapLauncher.java:210) [bootstraplauncher-2.0.2.jar:?] {}
	at cpw.mods.bootstraplauncher@2.0.2/cpw.mods.bootstraplauncher.BootstrapLauncher.main(BootstrapLauncher.java:69) [bootstraplauncher-2.0.2.jar:?] {}
	at java.base/jdk.internal.reflect.DirectMethodHandleAccessor.invoke(DirectMethodHandleAccessor.java:104) ~[?:?] {}
	at java.base/java.lang.reflect.Method.invoke(Method.java:565) ~[?:?] {}
	at net.neoforged.devlaunch.Main.main(Main.java:57) [DevLaunch-1.0.2.jar:?] {}
[14:21:23] [Render thread/WARN] [SuperResolution/]: DLSSG_MATRIX_EVIDENCE logicalFrame=2615 render=495x278 display=854x480 projection=[Infinity, 0.0, 0.0, 0.0, 0.0, Infinity, 0.0, 0.0, 0.0, 0.0, -1.0001302, -1.0, 0.0, 0.0, -0.10000651, 0.0] previousProjection=[1.0, 0.0, 0.0, 0.0, 0.0, 1.0, 0.0, 0.0, 0.0, 0.0, 1.0, 0.0, 0.0, 0.0, 0.0, 1.0] modelView=[-0.24616921, 0.39653665, -0.8843977, 0.0, 0.0, 0.9124775, 0.40912676, 0.0, 0.9692268, 0.1007144, -0.22462389, 0.0, 0.0, -0.0, 0.0, 1.0] jitter=( 3.125E-2 -4.259E-1) resetHistory=true
[14:21:23] [Render thread/INFO] [SuperResolution/]: SR_DIAG texture SR_output id=93 size=854x480 format=RGBA16F target/type=Texture2D glInternalFormat=881a
[14:21:23] [Render thread/INFO] [SuperResolution/]: SR_DIAG texture autotex3/output_target id=68 size=854x480 format=RGBA16F target/type=Texture2D glInternalFormat=881a
[14:21:23] [Render thread/INFO] [SuperResolution/]: SR_DIAG AFTER_SR render=( 4.950E+2  2.780E+2) display=( 8.540E+2  4.800E+2) region-1=( 4.950E+2  2.780E+2) region-2=( 8.540E+2  4.800E+2) viewport=[0,0,854,480] scissor=[0,128,854,256]/false drawFbo=18 readFbo=18 drawBuffer=36064 readBuffer=36064 drawStatus=8cd5
[14:21:23] [Render thread/INFO] [SuperResolution/]: SR_DIAG AFTER_SR fbo=18 attachment=8ce0 texture=68 mip=0 size=854x480 internalFormat=881a
[14:21:23] [Render thread/INFO] [SuperResolution/]: SR_DIAG AFTER_PASS:composite7 render=( 4.950E+2  2.780E+2) display=( 8.540E+2  4.800E+2) region-1=( 4.950E+2  2.780E+2) region-2=( 8.540E+2  4.800E+2) viewport=[0,0,854,480] scissor=[0,128,854,256]/false drawFbo=19 readFbo=19 drawBuffer=36064 readBuffer=36064 drawStatus=8cd5
[14:21:23] [Render thread/INFO] [SuperResolution/]: SR_DIAG AFTER_PASS:composite7 fbo=19 attachment=8ce0 texture=67 mip=0 size=854x480 internalFormat=881a
[14:21:23] [Render thread/INFO] [SuperResolution/]: SR_DIAG FINAL_PIPELINE render=( 4.950E+2  2.780E+2) display=( 8.540E+2  4.800E+2) region-1=( 4.950E+2  2.780E+2) region-2=( 8.540E+2  4.800E+2) viewport=[0,0,854,480] scissor=[0,128,854,256]/false drawFbo=1 readFbo=1 drawBuffer=36064 readBuffer=36064 drawStatus=8cd5
[14:21:23] [Render thread/INFO] [SuperResolution/]: SR_DIAG FINAL_PIPELINE fbo=1 attachment=8ce0 texture=6 mip=0 size=854x480 internalFormat=8058
[14:21:23] [Render thread/INFO] [SuperResolution/]: SR_DIAG FINAL_PIPELINE fbo=1 attachment=8d00 texture=7 mip=0 size=854x480 internalFormat=1902
[14:21:23] [Render thread/INFO] [SuperResolution/]: SR_INTEROP resource=SRPresentationHudlessColor-2 sourceGL=6 sharedGL=101 VkImage=2956804020240 format=RGBA8 VkFormat=37 size=854x480 ready=2952965980640 release=2952965980944 phase=GL_WRITE_READY layout=TRANSFER_SRC_OPTIMAL usages=io.homo.superresolution.core.graphics.impl.texture.TextureUsages@24d63043
[14:21:23] [Render thread/INFO] [SuperResolution/]: SR_FG_INPUT frame=1 timestampNs=136451437500000 deltaMs=0.0 epoch=1 render=Size[width=495, height=278] display=Size[width=854, height=480] jitter=-0.21875,0.4259259 cameraNear=0.05 cameraFar=768.0 fovRadians=1.2202511 depthInverted=0 MV=previousMinusCurrentUV_Yflipped meters=1_MinecraftBlockConvention
[14:21:23] [Render thread/INFO] [SuperResolution/]: SR_INTEROP resource=SRPresentationHudlessColor-0 sourceGL=6 sharedGL=102 VkImage=2956849317264 format=RGBA8 VkFormat=37 size=854x480 ready=2957209663872 release=2957209666000 phase=GL_WRITE_READY layout=TRANSFER_SRC_OPTIMAL usages=io.homo.superresolution.core.graphics.impl.texture.TextureUsages@48a6eb2d
[14:21:23] [Render thread/INFO] [SuperResolution/]: SR_FG_INPUT sealed metadata=RealFrameMetadata[realFrameTimestamp=136451437500000, realFrameDeltaMs=0.0, monotonicFrameId=1, discontinuityEpoch=1, renderSize=Size[width=495, height=278], displaySize=Size[width=854, height=480], color=Color[format=RGBA8, transferFunction=SRGB, minLuminance=null, maxLuminance=null, source=Iris output color space; HDR luminance unavailable], viewSpaceToMetersFactor=1.0] final=true hudless=true depth=true mv=true
[14:21:23] [SR-FrameGeneration-FG/INFO] [SuperResolution/]: Frame pacing sample history reset for provider 'wisteria:dlssg': frame-generation history reset requested
[14:21:23] [SR-FrameGeneration-FG/INFO] [SuperResolution/]: NGX [UNKNOWN:ON] [2026-10-04 14:21:23] [NVSDK_NGX_CreateFeature_Validate:731] app id is 141959980
[14:21:23] [Render thread/INFO] [SuperResolution/]: SR_FG_INPUT frame=2 timestampNs=136451540212000 deltaMs=102.712 epoch=1 render=Size[width=495, height=278] display=Size[width=854, height=480] jitter=0.28125,0.0925926 cameraNear=0.05 cameraFar=768.0 fovRadians=1.2216097 depthInverted=0 MV=previousMinusCurrentUV_Yflipped meters=1_MinecraftBlockConvention
[14:21:23] [Render thread/INFO] [OpenGLDebug/]: OpenGL debug message: id=1282, source=API, type=ERROR, severity=HIGH, message='GL_INVALID_OPERATION error generated. Wait for sync object failed.'
[14:21:23] [Render thread/ERROR] [OpenGLDebug/]: OpenGL Error!
[14:21:23] [Render thread/ERROR] [OpenGLDebug/]:     java.base/java.lang.Thread.getStackTrace(Thread.java:2193)
[14:21:23] [Render thread/ERROR] [OpenGLDebug/]:     TRANSFORMER/minecraft@1.21.1/com.mojang.blaze3d.platform.GlDebug.handler$zkd000$super_resolution$printGlErrorStackTrace(GlDebug.java:542)
[14:21:23] [Render thread/ERROR] [OpenGLDebug/]:     TRANSFORMER/minecraft@1.21.1/com.mojang.blaze3d.platform.GlDebug.printDebugLog(GlDebug.java:106)
[14:21:23] [Render thread/ERROR] [OpenGLDebug/]:     MC-BOOTSTRAP/org.lwjgl.opengl@3.3.4+7/org.lwjgl.opengl.GLDebugMessageCallbackI.callback(GLDebugMessageCallbackI.java:46)
[14:21:23] [Render thread/ERROR] [OpenGLDebug/]:     MC-BOOTSTRAP/org.lwjgl@3.3.4+7/org.lwjgl.system.JNI.callPPPV(Native Method)
[14:21:23] [Render thread/ERROR] [OpenGLDebug/]:     MC-BOOTSTRAP/org.lwjgl.opengl@3.3.4+7/org.lwjgl.opengl.EXTSemaphore.glWaitSemaphoreEXT(EXTSemaphore.java:246)
[14:21:23] [Render thread/ERROR] [OpenGLDebug/]:     TRANSFORMER/super_resolution@0.9.2-alpha.1+dev.b3dd23c.opengl/io.homo.superresolution.core.graphics.vulkan.VkGlInteropSemaphore.waitVulkanSignal(VkGlInteropSemaphore.java:136)
[14:21:23] [Render thread/ERROR] [OpenGLDebug/]:     TRANSFORMER/super_resolution@0.9.2-alpha.1+dev.b3dd23c.opengl/io.homo.superresolution.common.upscale.interoplayer.GlVulkanInteropAlgorithm$FrameResourcesSet.awaitCaptureRelease(GlVulkanInteropAlgorithm.java:763)
[14:21:23] [Render thread/ERROR] [OpenGLDebug/]:     TRANSFORMER/super_resolution@0.9.2-alpha.1+dev.b3dd23c.opengl/io.homo.superresolution.common.upscale.interoplayer.GlVulkanInteropAlgorithm.processInputResources(GlVulkanInteropAlgorithm.java:359)
[14:21:23] [Render thread/ERROR] [OpenGLDebug/]:     TRANSFORMER/super_resolution@0.9.2-alpha.1+dev.b3dd23c.opengl/io.homo.superresolution.common.upscale.interoplayer.GlVulkanInteropAlgorithm.dispatchInternal(GlVulkanInteropAlgorithm.java:274)
[14:21:23] [Render thread/ERROR] [OpenGLDebug/]:     TRANSFORMER/super_resolution@0.9.2-alpha.1+dev.b3dd23c.opengl/io.homo.superresolution.common.upscale.interoplayer.GlVulkanInteropAlgorithm.dispatchWithInputWriter(GlVulkanInteropAlgorithm.java:158)
[14:21:23] [Render thread/ERROR] [OpenGLDebug/]:     TRANSFORMER/super_resolution@0.9.2-alpha.1+dev.b3dd23c.opengl/io.homo.superresolution.common.upscale.interoplayer.GlVulkanInteropAlgorithm.dispatch(GlVulkanInteropAlgorithm.java:210)
[14:21:23] [Render thread/ERROR] [OpenGLDebug/]:     TRANSFORMER/super_resolution@0.9.2-alpha.1+dev.b3dd23c.opengl/io.homo.superresolution.shadercompat.IrisShaderCompatUpscaleDispatcher.dispatchUpscale(IrisShaderCompatUpscaleDispatcher.java:552)
[14:21:23] [Render thread/ERROR] [OpenGLDebug/]:     TRANSFORMER/super_resolution@0.9.2-alpha.1+dev.b3dd23c.opengl/io.homo.superresolution.shadercompat.IrisShaderCompatEventHandler.onCompositeRendererRenderBefore(IrisShaderCompatEventHandler.java:132)
[14:21:23] [Render thread/ERROR] [OpenGLDebug/]:     MC-BOOTSTRAP/net.neoforged.bus/net.neoforged.bus.ConsumerEventHandler.invoke(ConsumerEventHandler.java:27)
[14:21:23] [Render thread/ERROR] [OpenGLDebug/]:     MC-BOOTSTRAP/net.neoforged.bus/net.neoforged.bus.EventBus.post(EventBus.java:360)
[14:21:23] [Render thread/ERROR] [OpenGLDebug/]:     MC-BOOTSTRAP/net.neoforged.bus/net.neoforged.bus.EventBus.post(EventBus.java:328)
[14:21:23] [Render thread/ERROR] [OpenGLDebug/]:     TRANSFORMER/super_resolution@0.9.2-alpha.1+dev.b3dd23c.opengl/io.homo.irisapi.handlers.IrisRenderingPipelineHandler.onCompositePassDispatchBefore(IrisRenderingPipelineHandler.java:70)
[14:21:23] [Render thread/ERROR] [OpenGLDebug/]:     TRANSFORMER/iris@1.8.8+mc1.21.1/net.irisshaders.iris.pipeline.CompositeRenderer.superresolution$handlePassEvent(CompositeRenderer.java:2570)
[14:21:23] [Render thread/ERROR] [OpenGLDebug/]:     TRANSFORMER/iris@1.8.8+mc1.21.1/net.irisshaders.iris.pipeline.CompositeRenderer.handler$zlh000$super_resolution$onBeforeRenderA(CompositeRenderer.java:2625)
[14:21:23] [Render thread/ERROR] [OpenGLDebug/]:     TRANSFORMER/iris@1.8.8+mc1.21.1/net.irisshaders.iris.pipeline.CompositeRenderer.renderAll(CompositeRenderer.java:284)
[14:21:23] [Render thread/ERROR] [OpenGLDebug/]:     TRANSFORMER/iris@1.8.8+mc1.21.1/net.irisshaders.iris.pipeline.IrisRenderingPipeline.finalizeLevelRendering(IrisRenderingPipeline.java:1088)
[14:21:23] [Render thread/ERROR] [OpenGLDebug/]:     TRANSFORMER/minecraft@1.21.1/net.minecraft.client.renderer.LevelRenderer.handler$zeh000$iris$endLevelRender(LevelRenderer.java:7818)
[14:21:23] [Render thread/ERROR] [OpenGLDebug/]:     TRANSFORMER/minecraft@1.21.1/net.minecraft.client.renderer.LevelRenderer.renderLevel(LevelRenderer.java:1240)
[14:21:23] [Render thread/ERROR] [OpenGLDebug/]:     TRANSFORMER/minecraft@1.21.1/net.minecraft.client.renderer.GameRenderer.renderLevel(GameRenderer.java:1271)
[14:21:23] [Render thread/ERROR] [OpenGLDebug/]:     TRANSFORMER/minecraft@1.21.1/net.minecraft.client.renderer.GameRenderer.render(GameRenderer.java:1024)
[14:21:23] [Render thread/ERROR] [OpenGLDebug/]:     TRANSFORMER/minecraft@1.21.1/net.minecraft.client.Minecraft.runTick(Minecraft.java:1195)
[14:21:23] [Render thread/ERROR] [OpenGLDebug/]:     TRANSFORMER/minecraft@1.21.1/net.minecraft.client.Minecraft.run(Minecraft.java:807)
[14:21:23] [Render thread/ERROR] [OpenGLDebug/]:     TRANSFORMER/minecraft@1.21.1/net.minecraft.client.main.Main.main(Main.java:230)
[14:21:23] [Render thread/ERROR] [OpenGLDebug/]:     java.base/jdk.internal.reflect.DirectMethodHandleAccessor.invoke(DirectMethodHandleAccessor.java:104)
[14:21:23] [Render thread/ERROR] [OpenGLDebug/]:     java.base/java.lang.reflect.Method.invoke(Method.java:565)
[14:21:23] [Render thread/ERROR] [OpenGLDebug/]:     MC-BOOTSTRAP/fml_loader@4.0.42/net.neoforged.fml.loading.targets.CommonLaunchHandler.runTarget(CommonLaunchHandler.java:136)
[14:21:23] [Render thread/ERROR] [OpenGLDebug/]:     MC-BOOTSTRAP/fml_loader@4.0.42/net.neoforged.fml.loading.targets.CommonLaunchHandler.clientService(CommonLaunchHandler.java:124)
[14:21:23] [Render thread/ERROR] [OpenGLDebug/]:     MC-BOOTSTRAP/fml_loader@4.0.42/net.neoforged.fml.loading.targets.NeoForgeClientDevLaunchHandler.runService(NeoForgeClientDevLaunchHandler.java:23)
[14:21:23] [Render thread/ERROR] [OpenGLDebug/]:     MC-BOOTSTRAP/fml_loader@4.0.42/net.neoforged.fml.loading.targets.CommonLaunchHandler.lambda$launchService$4(CommonLaunchHandler.java:118)
[14:21:23] [Render thread/ERROR] [OpenGLDebug/]:     MC-BOOTSTRAP/cpw.mods.modlauncher@11.0.5/cpw.mods.modlauncher.LaunchServiceHandlerDecorator.launch(LaunchServiceHandlerDecorator.java:30)
[14:21:23] [Render thread/ERROR] [OpenGLDebug/]:     MC-BOOTSTRAP/cpw.mods.modlauncher@11.0.5/cpw.mods.modlauncher.LaunchServiceHandler.launch(LaunchServiceHandler.java:53)
[14:21:23] [Render thread/ERROR] [OpenGLDebug/]:     MC-BOOTSTRAP/cpw.mods.modlauncher@11.0.5/cpw.mods.modlauncher.LaunchServiceHandler.launch(LaunchServiceHandler.java:71)
[14:21:23] [Render thread/ERROR] [OpenGLDebug/]:     MC-BOOTSTRAP/cpw.mods.modlauncher@11.0.5/cpw.mods.modlauncher.Launcher.run(Launcher.java:103)
[14:21:23] [Render thread/ERROR] [OpenGLDebug/]:     MC-BOOTSTRAP/cpw.mods.modlauncher@11.0.5/cpw.mods.modlauncher.Launcher.main(Launcher.java:74)
[14:21:23] [Render thread/ERROR] [OpenGLDebug/]:     MC-BOOTSTRAP/cpw.mods.modlauncher@11.0.5/cpw.mods.modlauncher.BootstrapLaunchConsumer.accept(BootstrapLaunchConsumer.java:26)
[14:21:23] [Render thread/ERROR] [OpenGLDebug/]:     MC-BOOTSTRAP/cpw.mods.modlauncher@11.0.5/cpw.mods.modlauncher.BootstrapLaunchConsumer.accept(BootstrapLaunchConsumer.java:23)
[14:21:23] [Render thread/ERROR] [OpenGLDebug/]:     cpw.mods.bootstraplauncher@2.0.2/cpw.mods.bootstraplauncher.BootstrapLauncher.run(BootstrapLauncher.java:210)
[14:21:23] [Render thread/ERROR] [OpenGLDebug/]:     cpw.mods.bootstraplauncher@2.0.2/cpw.mods.bootstraplauncher.BootstrapLauncher.main(BootstrapLauncher.java:69)
[14:21:23] [Render thread/ERROR] [OpenGLDebug/]:     java.base/jdk.internal.reflect.DirectMethodHandleAccessor.invoke(DirectMethodHandleAccessor.java:104)
[14:21:23] [Render thread/ERROR] [OpenGLDebug/]:     java.base/java.lang.reflect.Method.invoke(Method.java:565)
[14:21:23] [Render thread/ERROR] [OpenGLDebug/]:     net.neoforged.devlaunch.Main.main(Main.java:57)
[14:21:23] [Render thread/INFO] [OpenGLDebug/]: OpenGL debug message: id=1282, source=API, type=ERROR, severity=HIGH, message='GL_INVALID_OPERATION error generated. Wait for sync object failed.'
[14:21:23] [Render thread/ERROR] [OpenGLDebug/]: OpenGL Error!
[14:21:23] [Render thread/ERROR] [OpenGLDebug/]:     java.base/java.lang.Thread.getStackTrace(Thread.java:2193)
[14:21:23] [Render thread/ERROR] [OpenGLDebug/]:     TRANSFORMER/minecraft@1.21.1/com.mojang.blaze3d.platform.GlDebug.handler$zkd000$super_resolution$printGlErrorStackTrace(GlDebug.java:542)
[14:21:23] [Render thread/ERROR] [OpenGLDebug/]:     TRANSFORMER/minecraft@1.21.1/com.mojang.blaze3d.platform.GlDebug.printDebugLog(GlDebug.java:106)
[14:21:23] [Render thread/ERROR] [OpenGLDebug/]:     MC-BOOTSTRAP/org.lwjgl.opengl@3.3.4+7/org.lwjgl.opengl.GLDebugMessageCallbackI.callback(GLDebugMessageCallbackI.java:46)
[14:21:23] [Render thread/ERROR] [OpenGLDebug/]:     MC-BOOTSTRAP/org.lwjgl@3.3.4+7/org.lwjgl.system.JNI.callPPPV(Native Method)
[14:21:23] [Render thread/ERROR] [OpenGLDebug/]:     MC-BOOTSTRAP/org.lwjgl.opengl@3.3.4+7/org.lwjgl.opengl.EXTSemaphore.glWaitSemaphoreEXT(EXTSemaphore.java:246)
[14:21:23] [Render thread/ERROR] [OpenGLDebug/]:     TRANSFORMER/super_resolution@0.9.2-alpha.1+dev.b3dd23c.opengl/io.homo.superresolution.core.graphics.vulkan.VkGlInteropSemaphore.waitVulkanSignal(VkGlInteropSemaphore.java:136)
[14:21:23] [Render thread/ERROR] [OpenGLDebug/]:     TRANSFORMER/super_resolution@0.9.2-alpha.1+dev.b3dd23c.opengl/io.homo.superresolution.common.upscale.interoplayer.GlVulkanInteropAlgorithm$FrameResourcesSet.awaitCaptureRelease(GlVulkanInteropAlgorithm.java:771)
[14:21:23] [Render thread/ERROR] [OpenGLDebug/]:     TRANSFORMER/super_resolution@0.9.2-alpha.1+dev.b3dd23c.opengl/io.homo.superresolution.common.upscale.interoplayer.GlVulkanInteropAlgorithm.processInputResources(GlVulkanInteropAlgorithm.java:359)
[14:21:23] [Render thread/ERROR] [OpenGLDebug/]:     TRANSFORMER/super_resolution@0.9.2-alpha.1+dev.b3dd23c.opengl/io.homo.superresolution.common.upscale.interoplayer.GlVulkanInteropAlgorithm.dispatchInternal(GlVulkanInteropAlgorithm.java:274)
[14:21:23] [Render thread/ERROR] [OpenGLDebug/]:     TRANSFORMER/super_resolution@0.9.2-alpha.1+dev.b3dd23c.opengl/io.homo.superresolution.common.upscale.interoplayer.GlVulkanInteropAlgorithm.dispatchWithInputWriter(GlVulkanInteropAlgorithm.java:158)
[14:21:23] [Render thread/ERROR] [OpenGLDebug/]:     TRANSFORMER/super_resolution@0.9.2-alpha.1+dev.b3dd23c.opengl/io.homo.superresolution.common.upscale.interoplayer.GlVulkanInteropAlgorithm.dispatch(GlVulkanInteropAlgorithm.java:210)
[14:21:23] [Render thread/ERROR] [OpenGLDebug/]:     TRANSFORMER/super_resolution@0.9.2-alpha.1+dev.b3dd23c.opengl/io.homo.superresolution.shadercompat.IrisShaderCompatUpscaleDispatcher.dispatchUpscale(IrisShaderCompatUpscaleDispatcher.java:552)
[14:21:23] [Render thread/ERROR] [OpenGLDebug/]:     TRANSFORMER/super_resolution@0.9.2-alpha.1+dev.b3dd23c.opengl/io.homo.superresolution.shadercompat.IrisShaderCompatEventHandler.onCompositeRendererRenderBefore(IrisShaderCompatEventHandler.java:132)
[14:21:23] [Render thread/ERROR] [OpenGLDebug/]:     MC-BOOTSTRAP/net.neoforged.bus/net.neoforged.bus.ConsumerEventHandler.invoke(ConsumerEventHandler.java:27)
[14:21:23] [Render thread/ERROR] [OpenGLDebug/]:     MC-BOOTSTRAP/net.neoforged.bus/net.neoforged.bus.EventBus.post(EventBus.java:360)
[14:21:23] [Render thread/ERROR] [OpenGLDebug/]:     MC-BOOTSTRAP/net.neoforged.bus/net.neoforged.bus.EventBus.post(EventBus.java:328)
[14:21:23] [Render thread/ERROR] [OpenGLDebug/]:     TRANSFORMER/super_resolution@0.9.2-alpha.1+dev.b3dd23c.opengl/io.homo.irisapi.handlers.IrisRenderingPipelineHandler.onCompositePassDispatchBefore(IrisRenderingPipelineHandler.java:70)
[14:21:23] [Render thread/ERROR] [OpenGLDebug/]:     TRANSFORMER/iris@1.8.8+mc1.21.1/net.irisshaders.iris.pipeline.CompositeRenderer.superresolution$handlePassEvent(CompositeRenderer.java:2570)
[14:21:23] [Render thread/ERROR] [OpenGLDebug/]:     TRANSFORMER/iris@1.8.8+mc1.21.1/net.irisshaders.iris.pipeline.CompositeRenderer.handler$zlh000$super_resolution$onBeforeRenderA(CompositeRenderer.java:2625)
[14:21:23] [Render thread/ERROR] [OpenGLDebug/]:     TRANSFORMER/iris@1.8.8+mc1.21.1/net.irisshaders.iris.pipeline.CompositeRenderer.renderAll(CompositeRenderer.java:284)
[14:21:23] [Render thread/ERROR] [OpenGLDebug/]:     TRANSFORMER/iris@1.8.8+mc1.21.1/net.irisshaders.iris.pipeline.IrisRenderingPipeline.finalizeLevelRendering(IrisRenderingPipeline.java:1088)
[14:21:23] [Render thread/ERROR] [OpenGLDebug/]:     TRANSFORMER/minecraft@1.21.1/net.minecraft.client.renderer.LevelRenderer.handler$zeh000$iris$endLevelRender(LevelRenderer.java:7818)
[14:21:23] [Render thread/ERROR] [OpenGLDebug/]:     TRANSFORMER/minecraft@1.21.1/net.minecraft.client.renderer.LevelRenderer.renderLevel(LevelRenderer.java:1240)
[14:21:23] [Render thread/ERROR] [OpenGLDebug/]:     TRANSFORMER/minecraft@1.21.1/net.minecraft.client.renderer.GameRenderer.renderLevel(GameRenderer.java:1271)
[14:21:23] [Render thread/ERROR] [OpenGLDebug/]:     TRANSFORMER/minecraft@1.21.1/net.minecraft.client.renderer.GameRenderer.render(GameRenderer.java:1024)
[14:21:23] [Render thread/ERROR] [OpenGLDebug/]:     TRANSFORMER/minecraft@1.21.1/net.minecraft.client.Minecraft.runTick(Minecraft.java:1195)
[14:21:23] [Render thread/ERROR] [OpenGLDebug/]:     TRANSFORMER/minecraft@1.21.1/net.minecraft.client.Minecraft.run(Minecraft.java:807)
[14:21:23] [Render thread/ERROR] [OpenGLDebug/]:     TRANSFORMER/minecraft@1.21.1/net.minecraft.client.main.Main.main(Main.java:230)
[14:21:23] [Render thread/ERROR] [OpenGLDebug/]:     java.base/jdk.internal.reflect.DirectMethodHandleAccessor.invoke(DirectMethodHandleAccessor.java:104)
[14:21:23] [Render thread/ERROR] [OpenGLDebug/]:     java.base/java.lang.reflect.Method.invoke(Method.java:565)
[14:21:23] [Render thread/ERROR] [OpenGLDebug/]:     MC-BOOTSTRAP/fml_loader@4.0.42/net.neoforged.fml.loading.targets.CommonLaunchHandler.runTarget(CommonLaunchHandler.java:136)
[14:21:23] [Render thread/ERROR] [OpenGLDebug/]:     MC-BOOTSTRAP/fml_loader@4.0.42/net.neoforged.fml.loading.targets.CommonLaunchHandler.clientService(CommonLaunchHandler.java:124)
[14:21:23] [Render thread/ERROR] [OpenGLDebug/]:     MC-BOOTSTRAP/fml_loader@4.0.42/net.neoforged.fml.loading.targets.NeoForgeClientDevLaunchHandler.runService(NeoForgeClientDevLaunchHandler.java:23)
[14:21:23] [Render thread/ERROR] [OpenGLDebug/]:     MC-BOOTSTRAP/fml_loader@4.0.42/net.neoforged.fml.loading.targets.CommonLaunchHandler.lambda$launchService$4(CommonLaunchHandler.java:118)
[14:21:23] [Render thread/ERROR] [OpenGLDebug/]:     MC-BOOTSTRAP/cpw.mods.modlauncher@11.0.5/cpw.mods.modlauncher.LaunchServiceHandlerDecorator.launch(LaunchServiceHandlerDecorator.java:30)
[14:21:23] [Render thread/ERROR] [OpenGLDebug/]:     MC-BOOTSTRAP/cpw.mods.modlauncher@11.0.5/cpw.mods.modlauncher.LaunchServiceHandler.launch(LaunchServiceHandler.java:53)
[14:21:23] [Render thread/ERROR] [OpenGLDebug/]:     MC-BOOTSTRAP/cpw.mods.modlauncher@11.0.5/cpw.mods.modlauncher.LaunchServiceHandler.launch(LaunchServiceHandler.java:71)
[14:21:23] [Render thread/ERROR] [OpenGLDebug/]:     MC-BOOTSTRAP/cpw.mods.modlauncher@11.0.5/cpw.mods.modlauncher.Launcher.run(Launcher.java:103)
[14:21:23] [Render thread/ERROR] [OpenGLDebug/]:     MC-BOOTSTRAP/cpw.mods.modlauncher@11.0.5/cpw.mods.modlauncher.Launcher.main(Launcher.java:74)
[14:21:23] [Render thread/ERROR] [OpenGLDebug/]:     MC-BOOTSTRAP/cpw.mods.modlauncher@11.0.5/cpw.mods.modlauncher.BootstrapLaunchConsumer.accept(BootstrapLaunchConsumer.java:26)
[14:21:23] [Render thread/ERROR] [OpenGLDebug/]:     MC-BOOTSTRAP/cpw.mods.modlauncher@11.0.5/cpw.mods.modlauncher.BootstrapLaunchConsumer.accept(BootstrapLaunchConsumer.java:23)
[14:21:23] [Render thread/ERROR] [OpenGLDebug/]:     cpw.mods.bootstraplauncher@2.0.2/cpw.mods.bootstraplauncher.BootstrapLauncher.run(BootstrapLauncher.java:210)
[14:21:23] [Render thread/ERROR] [OpenGLDebug/]:     cpw.mods.bootstraplauncher@2.0.2/cpw.mods.bootstraplauncher.BootstrapLauncher.main(BootstrapLauncher.java:69)
[14:21:23] [Render thread/ERROR] [OpenGLDebug/]:     java.base/jdk.internal.reflect.DirectMethodHandleAccessor.invoke(DirectMethodHandleAccessor.java:104)
[14:21:23] [Render thread/ERROR] [OpenGLDebug/]:     java.base/java.lang.reflect.Method.invoke(Method.java:565)
[14:21:23] [Render thread/ERROR] [OpenGLDebug/]:     net.neoforged.devlaunch.Main.main(Main.java:57)
[14:21:23] [Render thread/INFO] [SuperResolution/]: SR_INTEROP resource=SRPresentationHudlessColor-1 sourceGL=6 sharedGL=103 VkImage=2953007325056 format=RGBA8 VkFormat=37 size=854x480 ready=2952952070416 release=2952952067680 phase=GL_WRITE_READY layout=TRANSFER_SRC_OPTIMAL usages=io.homo.superresolution.core.graphics.impl.texture.TextureUsages@47f33e29
[14:21:23] [Render thread/INFO] [SuperResolution/]: SR_FG_INPUT sealed metadata=RealFrameMetadata[realFrameTimestamp=136451540212000, realFrameDeltaMs=102.712, monotonicFrameId=2, discontinuityEpoch=1, renderSize=Size[width=495, height=278], displaySize=Size[width=854, height=480], color=Color[format=RGBA8, transferFunction=SRGB, minLuminance=null, maxLuminance=null, source=Iris output color space; HDR luminance unavailable], viewSpaceToMetersFactor=1.0] final=true hudless=true depth=true mv=true
[14:21:23] [Render thread/INFO] [SuperResolution/]: SR_FG_INPUT frame=3 timestampNs=136451593151600 deltaMs=52.9396 epoch=1 render=Size[width=495, height=278] display=Size[width=854, height=480] jitter=-0.34375,-0.24074078 cameraNear=0.05 cameraFar=768.0 fovRadians=1.2217002 depthInverted=0 MV=previousMinusCurrentUV_Yflipped meters=1_MinecraftBlockConvention
[14:21:23] [Render thread/INFO] [OpenGLDebug/]: OpenGL debug message: id=1282, source=API, type=ERROR, severity=HIGH, message='GL_INVALID_OPERATION error generated. Wait for sync object failed.'
[14:21:23] [Render thread/ERROR] [OpenGLDebug/]: OpenGL Error!
[14:21:23] [Render thread/ERROR] [OpenGLDebug/]:     java.base/java.lang.Thread.getStackTrace(Thread.java:2193)
[14:21:23] [Render thread/ERROR] [OpenGLDebug/]:     TRANSFORMER/minecraft@1.21.1/com.mojang.blaze3d.platform.GlDebug.handler$zkd000$super_resolution$printGlErrorStackTrace(GlDebug.java:542)
[14:21:23] [Render thread/ERROR] [OpenGLDebug/]:     TRANSFORMER/minecraft@1.21.1/com.mojang.blaze3d.platform.GlDebug.printDebugLog(GlDebug.java:106)
[14:21:23] [Render thread/ERROR] [OpenGLDebug/]:     MC-BOOTSTRAP/org.lwjgl.opengl@3.3.4+7/org.lwjgl.opengl.GLDebugMessageCallbackI.callback(GLDebugMessageCallbackI.java:46)
[14:21:23] [Render thread/ERROR] [OpenGLDebug/]:     MC-BOOTSTRAP/org.lwjgl@3.3.4+7/org.lwjgl.system.JNI.callPPPV(Native Method)
[14:21:23] [Render thread/ERROR] [OpenGLDebug/]:     MC-BOOTSTRAP/org.lwjgl.opengl@3.3.4+7/org.lwjgl.opengl.EXTSemaphore.glWaitSemaphoreEXT(EXTSemaphore.java:246)
[14:21:23] [Render thread/ERROR] [OpenGLDebug/]:     TRANSFORMER/super_resolution@0.9.2-alpha.1+dev.b3dd23c.opengl/io.homo.superresolution.core.graphics.vulkan.VkGlInteropSemaphore.waitVulkanSignal(VkGlInteropSemaphore.java:136)
[14:21:23] [Render thread/ERROR] [OpenGLDebug/]:     TRANSFORMER/super_resolution@0.9.2-alpha.1+dev.b3dd23c.opengl/io.homo.superresolution.common.upscale.interoplayer.GlVulkanInteropAlgorithm$FrameResourcesSet.awaitCaptureRelease(GlVulkanInteropAlgorithm.java:763)
[14:21:23] [Render thread/ERROR] [OpenGLDebug/]:     TRANSFORMER/super_resolution@0.9.2-alpha.1+dev.b3dd23c.opengl/io.homo.superresolution.common.upscale.interoplayer.GlVulkanInteropAlgorithm.processInputResources(GlVulkanInteropAlgorithm.java:359)
[14:21:23] [Render thread/ERROR] [OpenGLDebug/]:     TRANSFORMER/super_resolution@0.9.2-alpha.1+dev.b3dd23c.opengl/io.homo.superresolution.common.upscale.interoplayer.GlVulkanInteropAlgorithm.dispatchInternal(GlVulkanInteropAlgorithm.java:274)
[14:21:23] [Render thread/ERROR] [OpenGLDebug/]:     TRANSFORMER/super_resolution@0.9.2-alpha.1+dev.b3dd23c.opengl/io.homo.superresolution.common.upscale.interoplayer.GlVulkanInteropAlgorithm.dispatchWithInputWriter(GlVulkanInteropAlgorithm.java:158)
[14:21:23] [Render thread/ERROR] [OpenGLDebug/]:     TRANSFORMER/super_resolution@0.9.2-alpha.1+dev.b3dd23c.opengl/io.homo.superresolution.common.upscale.interoplayer.GlVulkanInteropAlgorithm.dispatch(GlVulkanInteropAlgorithm.java:210)
[14:21:23] [Render thread/ERROR] [OpenGLDebug/]:     TRANSFORMER/super_resolution@0.9.2-alpha.1+dev.b3dd23c.opengl/io.homo.superresolution.shadercompat.IrisShaderCompatUpscaleDispatcher.dispatchUpscale(IrisShaderCompatUpscaleDispatcher.java:552)
[14:21:23] [Render thread/ERROR] [OpenGLDebug/]:     TRANSFORMER/super_resolution@0.9.2-alpha.1+dev.b3dd23c.opengl/io.homo.superresolution.shadercompat.IrisShaderCompatEventHandler.onCompositeRendererRenderBefore(IrisShaderCompatEventHandler.java:132)
[14:21:23] [Render thread/ERROR] [OpenGLDebug/]:     MC-BOOTSTRAP/net.neoforged.bus/net.neoforged.bus.ConsumerEventHandler.invoke(ConsumerEventHandler.java:27)
[14:21:23] [Render thread/ERROR] [OpenGLDebug/]:     MC-BOOTSTRAP/net.neoforged.bus/net.neoforged.bus.EventBus.post(EventBus.java:360)
[14:21:23] [Render thread/ERROR] [OpenGLDebug/]:     MC-BOOTSTRAP/net.neoforged.bus/net.neoforged.bus.EventBus.post(EventBus.java:328)
[14:21:23] [Render thread/ERROR] [OpenGLDebug/]:     TRANSFORMER/super_resolution@0.9.2-alpha.1+dev.b3dd23c.opengl/io.homo.irisapi.handlers.IrisRenderingPipelineHandler.onCompositePassDispatchBefore(IrisRenderingPipelineHandler.java:70)
[14:21:23] [Render thread/ERROR] [OpenGLDebug/]:     TRANSFORMER/iris@1.8.8+mc1.21.1/net.irisshaders.iris.pipeline.CompositeRenderer.superresolution$handlePassEvent(CompositeRenderer.java:2570)
[14:21:23] [Render thread/ERROR] [OpenGLDebug/]:     TRANSFORMER/iris@1.8.8+mc1.21.1/net.irisshaders.iris.pipeline.CompositeRenderer.handler$zlh000$super_resolution$onBeforeRenderA(CompositeRenderer.java:2625)
[14:21:23] [Render thread/ERROR] [OpenGLDebug/]:     TRANSFORMER/iris@1.8.8+mc1.21.1/net.irisshaders.iris.pipeline.CompositeRenderer.renderAll(CompositeRenderer.java:284)
[14:21:23] [Render thread/ERROR] [OpenGLDebug/]:     TRANSFORMER/iris@1.8.8+mc1.21.1/net.irisshaders.iris.pipeline.IrisRenderingPipeline.finalizeLevelRendering(IrisRenderingPipeline.java:1088)
[14:21:23] [Render thread/ERROR] [OpenGLDebug/]:     TRANSFORMER/minecraft@1.21.1/net.minecraft.client.renderer.LevelRenderer.handler$zeh000$iris$endLevelRender(LevelRenderer.java:7818)
[14:21:23] [Render thread/ERROR] [OpenGLDebug/]:     TRANSFORMER/minecraft@1.21.1/net.minecraft.client.renderer.LevelRenderer.renderLevel(LevelRenderer.java:1240)
[14:21:23] [Render thread/ERROR] [OpenGLDebug/]:     TRANSFORMER/minecraft@1.21.1/net.minecraft.client.renderer.GameRenderer.renderLevel(GameRenderer.java:1271)
[14:21:23] [Render thread/ERROR] [OpenGLDebug/]:     TRANSFORMER/minecraft@1.21.1/net.minecraft.client.renderer.GameRenderer.render(GameRenderer.java:1024)
[14:21:23] [Render thread/ERROR] [OpenGLDebug/]:     TRANSFORMER/minecraft@1.21.1/net.minecraft.client.Minecraft.runTick(Minecraft.java:1195)
[14:21:23] [Render thread/ERROR] [OpenGLDebug/]:     TRANSFORMER/minecraft@1.21.1/net.minecraft.client.Minecraft.run(Minecraft.java:807)
[14:21:23] [Render thread/ERROR] [OpenGLDebug/]:     TRANSFORMER/minecraft@1.21.1/net.minecraft.client.main.Main.main(Main.java:230)
[14:21:23] [Render thread/ERROR] [OpenGLDebug/]:     java.base/jdk.internal.reflect.DirectMethodHandleAccessor.invoke(DirectMethodHandleAccessor.java:104)
[14:21:23] [Render thread/ERROR] [OpenGLDebug/]:     java.base/java.lang.reflect.Method.invoke(Method.java:565)
[14:21:23] [Render thread/ERROR] [OpenGLDebug/]:     MC-BOOTSTRAP/fml_loader@4.0.42/net.neoforged.fml.loading.targets.CommonLaunchHandler.runTarget(CommonLaunchHandler.java:136)
[14:21:23] [Render thread/ERROR] [OpenGLDebug/]:     MC-BOOTSTRAP/fml_loader@4.0.42/net.neoforged.fml.loading.targets.CommonLaunchHandler.clientService(CommonLaunchHandler.java:124)
[14:21:23] [Render thread/ERROR] [OpenGLDebug/]:     MC-BOOTSTRAP/fml_loader@4.0.42/net.neoforged.fml.loading.targets.NeoForgeClientDevLaunchHandler.runService(NeoForgeClientDevLaunchHandler.java:23)
[14:21:23] [Render thread/ERROR] [OpenGLDebug/]:     MC-BOOTSTRAP/fml_loader@4.0.42/net.neoforged.fml.loading.targets.CommonLaunchHandler.lambda$launchService$4(CommonLaunchHandler.java:118)
[14:21:23] [Render thread/ERROR] [OpenGLDebug/]:     MC-BOOTSTRAP/cpw.mods.modlauncher@11.0.5/cpw.mods.modlauncher.LaunchServiceHandlerDecorator.launch(LaunchServiceHandlerDecorator.java:30)
[14:21:23] [Render thread/ERROR] [OpenGLDebug/]:     MC-BOOTSTRAP/cpw.mods.modlauncher@11.0.5/cpw.mods.modlauncher.LaunchServiceHandler.launch(LaunchServiceHandler.java:53)
[14:21:23] [Render thread/ERROR] [OpenGLDebug/]:     MC-BOOTSTRAP/cpw.mods.modlauncher@11.0.5/cpw.mods.modlauncher.LaunchServiceHandler.launch(LaunchServiceHandler.java:71)
[14:21:23] [Render thread/ERROR] [OpenGLDebug/]:     MC-BOOTSTRAP/cpw.mods.modlauncher@11.0.5/cpw.mods.modlauncher.Launcher.run(Launcher.java:103)
[14:21:23] [Render thread/ERROR] [OpenGLDebug/]:     MC-BOOTSTRAP/cpw.mods.modlauncher@11.0.5/cpw.mods.modlauncher.Launcher.main(Launcher.java:74)
[14:21:23] [Render thread/ERROR] [OpenGLDebug/]:     MC-BOOTSTRAP/cpw.mods.modlauncher@11.0.5/cpw.mods.modlauncher.BootstrapLaunchConsumer.accept(BootstrapLaunchConsumer.java:26)
[14:21:23] [Render thread/ERROR] [OpenGLDebug/]:     MC-BOOTSTRAP/cpw.mods.modlauncher@11.0.5/cpw.mods.modlauncher.BootstrapLaunchConsumer.accept(BootstrapLaunchConsumer.java:23)
[14:21:23] [Render thread/ERROR] [OpenGLDebug/]:     cpw.mods.bootstraplauncher@2.0.2/cpw.mods.bootstraplauncher.BootstrapLauncher.run(BootstrapLauncher.java:210)
[14:21:23] [Render thread/ERROR] [OpenGLDebug/]:     cpw.mods.bootstraplauncher@2.0.2/cpw.mods.bootstraplauncher.BootstrapLauncher.main(BootstrapLauncher.java:69)
[14:21:23] [Render thread/ERROR] [OpenGLDebug/]:     java.base/jdk.internal.reflect.DirectMethodHandleAccessor.invoke(DirectMethodHandleAccessor.java:104)
[14:21:23] [Render thread/ERROR] [OpenGLDebug/]:     java.base/java.lang.reflect.Method.invoke(Method.java:565)
[14:21:23] [Render thread/ERROR] [OpenGLDebug/]:     net.neoforged.devlaunch.Main.main(Main.java:57)
[14:21:23] [Render thread/INFO] [OpenGLDebug/]: OpenGL debug message: id=1282, source=API, type=ERROR, severity=HIGH, message='GL_INVALID_OPERATION error generated. Wait for sync object failed.'
[14:21:23] [Render thread/ERROR] [OpenGLDebug/]: OpenGL Error!
[14:21:23] [Render thread/ERROR] [OpenGLDebug/]:     java.base/java.lang.Thread.getStackTrace(Thread.java:2193)
[14:21:23] [Render thread/ERROR] [OpenGLDebug/]:     TRANSFORMER/minecraft@1.21.1/com.mojang.blaze3d.platform.GlDebug.handler$zkd000$super_resolution$printGlErrorStackTrace(GlDebug.java:542)
[14:21:23] [Render thread/ERROR] [OpenGLDebug/]:     TRANSFORMER/minecraft@1.21.1/com.mojang.blaze3d.platform.GlDebug.printDebugLog(GlDebug.java:106)
[14:21:23] [Render thread/ERROR] [OpenGLDebug/]:     MC-BOOTSTRAP/org.lwjgl.opengl@3.3.4+7/org.lwjgl.opengl.GLDebugMessageCallbackI.callback(GLDebugMessageCallbackI.java:46)
[14:21:23] [Render thread/ERROR] [OpenGLDebug/]:     MC-BOOTSTRAP/org.lwjgl@3.3.4+7/org.lwjgl.system.JNI.callPPPV(Native Method)
[14:21:23] [Render thread/ERROR] [OpenGLDebug/]:     MC-BOOTSTRAP/org.lwjgl.opengl@3.3.4+7/org.lwjgl.opengl.EXTSemaphore.glWaitSemaphoreEXT(EXTSemaphore.java:246)
[14:21:23] [Render thread/ERROR] [OpenGLDebug/]:     TRANSFORMER/super_resolution@0.9.2-alpha.1+dev.b3dd23c.opengl/io.homo.superresolution.core.graphics.vulkan.VkGlInteropSemaphore.waitVulkanSignal(VkGlInteropSemaphore.java:136)
[14:21:23] [Render thread/ERROR] [OpenGLDebug/]:     TRANSFORMER/super_resolution@0.9.2-alpha.1+dev.b3dd23c.opengl/io.homo.superresolution.common.upscale.interoplayer.GlVulkanInteropAlgorithm$FrameResourcesSet.awaitCaptureRelease(GlVulkanInteropAlgorithm.java:771)
[14:21:23] [Render thread/ERROR] [OpenGLDebug/]:     TRANSFORMER/super_resolution@0.9.2-alpha.1+dev.b3dd23c.opengl/io.homo.superresolution.common.upscale.interoplayer.GlVulkanInteropAlgorithm.processInputResources(GlVulkanInteropAlgorithm.java:359)
[14:21:23] [Render thread/ERROR] [OpenGLDebug/]:     TRANSFORMER/super_resolution@0.9.2-alpha.1+dev.b3dd23c.opengl/io.homo.superresolution.common.upscale.interoplayer.GlVulkanInteropAlgorithm.dispatchInternal(GlVulkanInteropAlgorithm.java:274)
[14:21:23] [Render thread/ERROR] [OpenGLDebug/]:     TRANSFORMER/super_resolution@0.9.2-alpha.1+dev.b3dd23c.opengl/io.homo.superresolution.common.upscale.interoplayer.GlVulkanInteropAlgorithm.dispatchWithInputWriter(GlVulkanInteropAlgorithm.java:158)
[14:21:23] [Render thread/ERROR] [OpenGLDebug/]:     TRANSFORMER/super_resolution@0.9.2-alpha.1+dev.b3dd23c.opengl/io.homo.superresolution.common.upscale.interoplayer.GlVulkanInteropAlgorithm.dispatch(GlVulkanInteropAlgorithm.java:210)
[14:21:23] [Render thread/ERROR] [OpenGLDebug/]:     TRANSFORMER/super_resolution@0.9.2-alpha.1+dev.b3dd23c.opengl/io.homo.superresolution.shadercompat.IrisShaderCompatUpscaleDispatcher.dispatchUpscale(IrisShaderCompatUpscaleDispatcher.java:552)
[14:21:23] [Render thread/ERROR] [OpenGLDebug/]:     TRANSFORMER/super_resolution@0.9.2-alpha.1+dev.b3dd23c.opengl/io.homo.superresolution.shadercompat.IrisShaderCompatEventHandler.onCompositeRendererRenderBefore(IrisShaderCompatEventHandler.java:132)
[14:21:23] [Render thread/ERROR] [OpenGLDebug/]:     MC-BOOTSTRAP/net.neoforged.bus/net.neoforged.bus.ConsumerEventHandler.invoke(ConsumerEventHandler.java:27)
[14:21:23] [Render thread/ERROR] [OpenGLDebug/]:     MC-BOOTSTRAP/net.neoforged.bus/net.neoforged.bus.EventBus.post(EventBus.java:360)
[14:21:23] [Render thread/ERROR] [OpenGLDebug/]:     MC-BOOTSTRAP/net.neoforged.bus/net.neoforged.bus.EventBus.post(EventBus.java:328)
[14:21:23] [Render thread/ERROR] [OpenGLDebug/]:     TRANSFORMER/super_resolution@0.9.2-alpha.1+dev.b3dd23c.opengl/io.homo.irisapi.handlers.IrisRenderingPipelineHandler.onCompositePassDispatchBefore(IrisRenderingPipelineHandler.java:70)
[14:21:23] [Render thread/ERROR] [OpenGLDebug/]:     TRANSFORMER/iris@1.8.8+mc1.21.1/net.irisshaders.iris.pipeline.CompositeRenderer.superresolution$handlePassEvent(CompositeRenderer.java:2570)
[14:21:23] [Render thread/ERROR] [OpenGLDebug/]:     TRANSFORMER/iris@1.8.8+mc1.21.1/net.irisshaders.iris.pipeline.CompositeRenderer.handler$zlh000$super_resolution$onBeforeRenderA(CompositeRenderer.java:2625)
[14:21:23] [Render thread/ERROR] [OpenGLDebug/]:     TRANSFORMER/iris@1.8.8+mc1.21.1/net.irisshaders.iris.pipeline.CompositeRenderer.renderAll(CompositeRenderer.java:284)
[14:21:23] [Render thread/ERROR] [OpenGLDebug/]:     TRANSFORMER/iris@1.8.8+mc1.21.1/net.irisshaders.iris.pipeline.IrisRenderingPipeline.finalizeLevelRendering(IrisRenderingPipeline.java:1088)
[14:21:23] [Render thread/ERROR] [OpenGLDebug/]:     TRANSFORMER/minecraft@1.21.1/net.minecraft.client.renderer.LevelRenderer.handler$zeh000$iris$endLevelRender(LevelRenderer.java:7818)
[14:21:23] [Render thread/ERROR] [OpenGLDebug/]:     TRANSFORMER/minecraft@1.21.1/net.minecraft.client.renderer.LevelRenderer.renderLevel(LevelRenderer.java:1240)
[14:21:23] [Render thread/ERROR] [OpenGLDebug/]:     TRANSFORMER/minecraft@1.21.1/net.minecraft.client.renderer.GameRenderer.renderLevel(GameRenderer.java:1271)
[14:21:23] [Render thread/ERROR] [OpenGLDebug/]:     TRANSFORMER/minecraft@1.21.1/net.minecraft.client.renderer.GameRenderer.render(GameRenderer.java:1024)
[14:21:23] [Render thread/ERROR] [OpenGLDebug/]:     TRANSFORMER/minecraft@1.21.1/net.minecraft.client.Minecraft.runTick(Minecraft.java:1195)
[14:21:23] [Render thread/ERROR] [OpenGLDebug/]:     TRANSFORMER/minecraft@1.21.1/net.minecraft.client.Minecraft.run(Minecraft.java:807)
[14:21:23] [Render thread/ERROR] [OpenGLDebug/]:     TRANSFORMER/minecraft@1.21.1/net.minecraft.client.main.Main.main(Main.java:230)
[14:21:23] [Render thread/ERROR] [OpenGLDebug/]:     java.base/jdk.internal.reflect.DirectMethodHandleAccessor.invoke(DirectMethodHandleAccessor.java:104)
[14:21:23] [Render thread/ERROR] [OpenGLDebug/]:     java.base/java.lang.reflect.Method.invoke(Method.java:565)
[14:21:23] [Render thread/ERROR] [OpenGLDebug/]:     MC-BOOTSTRAP/fml_loader@4.0.42/net.neoforged.fml.loading.targets.CommonLaunchHandler.runTarget(CommonLaunchHandler.java:136)
[14:21:23] [Render thread/ERROR] [OpenGLDebug/]:     MC-BOOTSTRAP/fml_loader@4.0.42/net.neoforged.fml.loading.targets.CommonLaunchHandler.clientService(CommonLaunchHandler.java:124)
[14:21:23] [Render thread/ERROR] [OpenGLDebug/]:     MC-BOOTSTRAP/fml_loader@4.0.42/net.neoforged.fml.loading.targets.NeoForgeClientDevLaunchHandler.runService(NeoForgeClientDevLaunchHandler.java:23)
[14:21:23] [Render thread/ERROR] [OpenGLDebug/]:     MC-BOOTSTRAP/fml_loader@4.0.42/net.neoforged.fml.loading.targets.CommonLaunchHandler.lambda$launchService$4(CommonLaunchHandler.java:118)
[14:21:23] [Render thread/ERROR] [OpenGLDebug/]:     MC-BOOTSTRAP/cpw.mods.modlauncher@11.0.5/cpw.mods.modlauncher.LaunchServiceHandlerDecorator.launch(LaunchServiceHandlerDecorator.java:30)
[14:21:23] [Render thread/ERROR] [OpenGLDebug/]:     MC-BOOTSTRAP/cpw.mods.modlauncher@11.0.5/cpw.mods.modlauncher.LaunchServiceHandler.launch(LaunchServiceHandler.java:53)
[14:21:23] [Render thread/ERROR] [OpenGLDebug/]:     MC-BOOTSTRAP/cpw.mods.modlauncher@11.0.5/cpw.mods.modlauncher.LaunchServiceHandler.launch(LaunchServiceHandler.java:71)
[14:21:23] [Render thread/ERROR] [OpenGLDebug/]:     MC-BOOTSTRAP/cpw.mods.modlauncher@11.0.5/cpw.mods.modlauncher.Launcher.run(Launcher.java:103)
[14:21:23] [Render thread/ERROR] [OpenGLDebug/]:     MC-BOOTSTRAP/cpw.mods.modlauncher@11.0.5/cpw.mods.modlauncher.Launcher.main(Launcher.java:74)
[14:21:23] [Render thread/ERROR] [OpenGLDebug/]:     MC-BOOTSTRAP/cpw.mods.modlauncher@11.0.5/cpw.mods.modlauncher.BootstrapLaunchConsumer.accept(BootstrapLaunchConsumer.java:26)
[14:21:23] [Render thread/ERROR] [OpenGLDebug/]:     MC-BOOTSTRAP/cpw.mods.modlauncher@11.0.5/cpw.mods.modlauncher.BootstrapLaunchConsumer.accept(BootstrapLaunchConsumer.java:23)
[14:21:23] [Render thread/ERROR] [OpenGLDebug/]:     cpw.mods.bootstraplauncher@2.0.2/cpw.mods.bootstraplauncher.BootstrapLauncher.run(BootstrapLauncher.java:210)
[14:21:23] [Render thread/ERROR] [OpenGLDebug/]:     cpw.mods.bootstraplauncher@2.0.2/cpw.mods.bootstraplauncher.BootstrapLauncher.main(BootstrapLauncher.java:69)
[14:21:23] [Render thread/ERROR] [OpenGLDebug/]:     java.base/jdk.internal.reflect.DirectMethodHandleAccessor.invoke(DirectMethodHandleAccessor.java:104)
[14:21:23] [Render thread/ERROR] [OpenGLDebug/]:     java.base/java.lang.reflect.Method.invoke(Method.java:565)
[14:21:23] [Render thread/ERROR] [OpenGLDebug/]:     net.neoforged.devlaunch.Main.main(Main.java:57)
[14:21:23] [Render thread/INFO] [SuperResolution/]: SR_INTEROP resource=SRPresentationHudlessColor-2 phase=GL_RELEASE_WAIT_REUSE semaphore=2952965980944
[14:21:23] [Render thread/INFO] [SuperResolution/]: SR_INTEROP resource=SRPresentationHudlessColor-2 sourceGL=6 sharedGL=101 VkImage=2956804020240 format=RGBA8 VkFormat=37 size=854x480 ready=2952965980640 release=2952965980944 phase=GL_WRITE_READY layout=TRANSFER_SRC_OPTIMAL usages=io.homo.superresolution.core.graphics.impl.texture.TextureUsages@24d63043
[14:21:23] [Render thread/INFO] [SuperResolution/]: SR_FG_INPUT sealed metadata=RealFrameMetadata[realFrameTimestamp=136451593151600, realFrameDeltaMs=52.9396, monotonicFrameId=3, discontinuityEpoch=1, renderSize=Size[width=495, height=278], displaySize=Size[width=854, height=480], color=Color[format=RGBA8, transferFunction=SRGB, minLuminance=null, maxLuminance=null, source=Iris output color space; HDR luminance unavailable], viewSpaceToMetersFactor=1.0] final=true hudless=true depth=true mv=true
[14:21:23] [SR-FrameGeneration-Present/ERROR] [SuperResolution/Vulkan/]: Vulkan error! Code:-4
[14:21:23] [SR-FrameGeneration-FG/ERROR] [Wisteria/]: DLSSG_EXPERIMENT_FAIL stage=GPU_SUBMISSION (no retry)
java.lang.IllegalStateException: input queue submit VkResult=-4
	at TRANSFORMER/wisteria@0.1.0-alpha.1+1.21.1/org.ireallywanttosleep.wisteria.dlssg.DlssgBridge.submit(Native Method) ~[wisteria-sr-x2-handoff-ad3a00b7c41a.jar%23176!/:?] {re:classloading}
	at TRANSFORMER/wisteria@0.1.0-alpha.1+1.21.1/org.ireallywanttosleep.wisteria.dlssg.DlssgFrameGenerationAdapter$Lease.submitInputs(DlssgFrameGenerationAdapter.java:186) [wisteria-sr-x2-handoff-ad3a00b7c41a.jar%23176!/:?] {re:classloading}
	at TRANSFORMER/super_resolution@0.9.2-alpha.1+dev.b3dd23c.opengl/io.homo.superresolution.common.presentation.vulkan.FrameGenerationWorker.dispatch(FrameGenerationWorker.java:360) [superresolution-sr-x2-handoff-f9a2bcdf8c4a.jar%23175!/:?] {re:classloading}
	at TRANSFORMER/super_resolution@0.9.2-alpha.1+dev.b3dd23c.opengl/io.homo.superresolution.common.presentation.vulkan.FrameGenerationWorker.runLoop(FrameGenerationWorker.java:197) [superresolution-sr-x2-handoff-f9a2bcdf8c4a.jar%23175!/:?] {re:classloading}
	at java.base/java.lang.Thread.run(Thread.java:1474) [?:?] {re:mixin}
[14:21:23] [SR-FrameGeneration-Present/WARN] [SuperResolution/]: Application-managed frame presenter stopped
java.lang.IllegalStateException: Failed to retire a presentation batch
	at TRANSFORMER/super_resolution@0.9.2-alpha.1+dev.b3dd23c.opengl/io.homo.superresolution.common.presentation.vulkan.PresentWorker.releaseBatch(PresentWorker.java:435) ~[superresolution-sr-x2-handoff-f9a2bcdf8c4a.jar%23175!/:?] {re:classloading}
	at TRANSFORMER/super_resolution@0.9.2-alpha.1+dev.b3dd23c.opengl/io.homo.superresolution.common.presentation.vulkan.PresentWorker.presentBatch(PresentWorker.java:303) ~[superresolution-sr-x2-handoff-f9a2bcdf8c4a.jar%23175!/:?] {re:classloading}
	at TRANSFORMER/super_resolution@0.9.2-alpha.1+dev.b3dd23c.opengl/io.homo.superresolution.common.presentation.vulkan.PresentWorker.runLoop(PresentWorker.java:112) [superresolution-sr-x2-handoff-f9a2bcdf8c4a.jar%23175!/:?] {re:classloading}
	at java.base/java.lang.Thread.run(Thread.java:1474) [?:?] {re:mixin}
Caused by: io.homo.superresolution.core.graphics.vulkan.VulkanException: Unknown error occurred
	at TRANSFORMER/super_resolution@0.9.2-alpha.1+dev.b3dd23c.opengl/io.homo.superresolution.core.graphics.vulkan.VulkanUtils.VK_CHECK(VulkanUtils.java:27) ~[superresolution-sr-x2-handoff-f9a2bcdf8c4a.jar%23175!/:?] {re:classloading}
	at TRANSFORMER/super_resolution@0.9.2-alpha.1+dev.b3dd23c.opengl/io.homo.superresolution.core.graphics.vulkan.VulkanCommandBuffer.waitForFence(VulkanCommandBuffer.java:215) ~[superresolution-sr-x2-handoff-f9a2bcdf8c4a.jar%23175!/:?] {re:classloading}
	at TRANSFORMER/super_resolution@0.9.2-alpha.1+dev.b3dd23c.opengl/io.homo.superresolution.core.graphics.vulkan.VulkanCommandBufferRing.acquire(VulkanCommandBufferRing.java:57) ~[superresolution-sr-x2-handoff-f9a2bcdf8c4a.jar%23175!/:?] {re:classloading}
	at TRANSFORMER/super_resolution@0.9.2-alpha.1+dev.b3dd23c.opengl/io.homo.superresolution.common.presentation.vulkan.VulkanSwapchain.submitPresentationRelease(VulkanSwapchain.java:833) ~[superresolution-sr-x2-handoff-f9a2bcdf8c4a.jar%23175!/:?] {re:classloading}
	at TRANSFORMER/super_resolution@0.9.2-alpha.1+dev.b3dd23c.opengl/io.homo.superresolution.common.presentation.vulkan.PresentWorker.releaseBatch(PresentWorker.java:396) ~[superresolution-sr-x2-handoff-f9a2bcdf8c4a.jar%23175!/:?] {re:classloading}
	... 3 more
[14:21:23] [SR-FrameGeneration-Present/ERROR] [SuperResolution/Vulkan/]: Vulkan error! Code:-4
[14:21:23] [SR-FrameGeneration-FG/ERROR] [Wisteria/]: DLSSG_EXPERIMENT_FAIL stage=ABORT_AFTER_GPU_SUBMISSION (no retry)
java.lang.IllegalStateException: Retain native pool until safe terminal drain
	at TRANSFORMER/wisteria@0.1.0-alpha.1+1.21.1/org.ireallywanttosleep.wisteria.dlssg.DlssgFrameGenerationAdapter$Lease.abort(DlssgFrameGenerationAdapter.java:198) [wisteria-sr-x2-handoff-ad3a00b7c41a.jar%23176!/:?] {re:classloading}
	at TRANSFORMER/super_resolution@0.9.2-alpha.1+dev.b3dd23c.opengl/io.homo.superresolution.common.presentation.vulkan.FrameGenerationWorker.abortDispatch(FrameGenerationWorker.java:504) [superresolution-sr-x2-handoff-f9a2bcdf8c4a.jar%23175!/:?] {re:classloading}
	at TRANSFORMER/super_resolution@0.9.2-alpha.1+dev.b3dd23c.opengl/io.homo.superresolution.common.presentation.vulkan.FrameGenerationWorker.dispatch(FrameGenerationWorker.java:420) [superresolution-sr-x2-handoff-f9a2bcdf8c4a.jar%23175!/:?] {re:classloading}
	at TRANSFORMER/super_resolution@0.9.2-alpha.1+dev.b3dd23c.opengl/io.homo.superresolution.common.presentation.vulkan.FrameGenerationWorker.runLoop(FrameGenerationWorker.java:197) [superresolution-sr-x2-handoff-f9a2bcdf8c4a.jar%23175!/:?] {re:classloading}
	at java.base/java.lang.Thread.run(Thread.java:1474) [?:?] {re:mixin}
[14:21:23] [SR-FrameGeneration-FG/ERROR] [SuperResolution/Vulkan/]: Vulkan error! Code:-4
[14:21:23] [SR-FrameGeneration-FG/ERROR] [SuperResolution/Vulkan/]: Vulkan error! Code:-4
[14:21:23] [Render thread/INFO] [SuperResolution/]: SR_FG_INPUT frame=4 timestampNs=136451799365000 deltaMs=206.2134 epoch=1 render=Size[width=495, height=278] display=Size[width=854, height=480] jitter=0.15625,0.3148148 cameraNear=0.05 cameraFar=768.0 fovRadians=1.2217286 depthInverted=0 MV=previousMinusCurrentUV_Yflipped meters=1_MinecraftBlockConvention
[14:21:23] [Render thread/ERROR] [SuperResolution/]: Error while performing super resolution
java.lang.IllegalStateException: Borrowed capture has no live release path
	at TRANSFORMER/super_resolution@0.9.2-alpha.1+dev.b3dd23c.opengl/io.homo.superresolution.common.presentation.capture.FrameResources.hasGpuOrderedBorrowedRelease(FrameResources.java:364) ~[superresolution-sr-x2-handoff-f9a2bcdf8c4a.jar%23175!/:?] {re:classloading}
	at TRANSFORMER/super_resolution@0.9.2-alpha.1+dev.b3dd23c.opengl/io.homo.superresolution.common.upscale.interoplayer.GlVulkanInteropAlgorithm$FrameResourcesSet.awaitCaptureRelease(GlVulkanInteropAlgorithm.java:759) ~[superresolution-sr-x2-handoff-f9a2bcdf8c4a.jar%23175!/:?] {re:classloading}
	at TRANSFORMER/super_resolution@0.9.2-alpha.1+dev.b3dd23c.opengl/io.homo.superresolution.common.upscale.interoplayer.GlVulkanInteropAlgorithm.processInputResources(GlVulkanInteropAlgorithm.java:359) ~[superresolution-sr-x2-handoff-f9a2bcdf8c4a.jar%23175!/:?] {re:classloading}
	at TRANSFORMER/super_resolution@0.9.2-alpha.1+dev.b3dd23c.opengl/io.homo.superresolution.common.upscale.interoplayer.GlVulkanInteropAlgorithm.dispatchInternal(GlVulkanInteropAlgorithm.java:274) ~[superresolution-sr-x2-handoff-f9a2bcdf8c4a.jar%23175!/:?] {re:classloading}
	at TRANSFORMER/super_resolution@0.9.2-alpha.1+dev.b3dd23c.opengl/io.homo.superresolution.common.upscale.interoplayer.GlVulkanInteropAlgorithm.dispatchWithInputWriter(GlVulkanInteropAlgorithm.java:158) ~[superresolution-sr-x2-handoff-f9a2bcdf8c4a.jar%23175!/:?] {re:classloading}
	at TRANSFORMER/super_resolution@0.9.2-alpha.1+dev.b3dd23c.opengl/io.homo.superresolution.common.upscale.interoplayer.GlVulkanInteropAlgorithm.dispatch(GlVulkanInteropAlgorithm.java:210) ~[superresolution-sr-x2-handoff-f9a2bcdf8c4a.jar%23175!/:?] {re:classloading}
	at TRANSFORMER/super_resolution@0.9.2-alpha.1+dev.b3dd23c.opengl/io.homo.superresolution.shadercompat.IrisShaderCompatUpscaleDispatcher.dispatchUpscale(IrisShaderCompatUpscaleDispatcher.java:552) ~[superresolution-sr-x2-handoff-f9a2bcdf8c4a.jar%23175!/:?] {re:mixin,re:classloading}
	at TRANSFORMER/super_resolution@0.9.2-alpha.1+dev.b3dd23c.opengl/io.homo.superresolution.shadercompat.IrisShaderCompatEventHandler.onCompositeRendererRenderBefore(IrisShaderCompatEventHandler.java:132) [superresolution-sr-x2-handoff-f9a2bcdf8c4a.jar%23175!/:?] {re:classloading}
	at MC-BOOTSTRAP/net.neoforged.bus/net.neoforged.bus.ConsumerEventHandler.invoke(ConsumerEventHandler.java:27) [bus-8.0.5.jar%23134!/:?] {}
	at MC-BOOTSTRAP/net.neoforged.bus/net.neoforged.bus.EventBus.post(EventBus.java:360) [bus-8.0.5.jar%23134!/:?] {}
	at MC-BOOTSTRAP/net.neoforged.bus/net.neoforged.bus.EventBus.post(EventBus.java:328) [bus-8.0.5.jar%23134!/:?] {}
	at TRANSFORMER/super_resolution@0.9.2-alpha.1+dev.b3dd23c.opengl/io.homo.irisapi.handlers.IrisRenderingPipelineHandler.onCompositePassDispatchBefore(IrisRenderingPipelineHandler.java:70) [superresolution-sr-x2-handoff-f9a2bcdf8c4a.jar%23175!/:?] {re:mixin,re:classloading}
	at TRANSFORMER/iris@1.8.8+mc1.21.1/net.irisshaders.iris.pipeline.CompositeRenderer.superresolution$handlePassEvent(CompositeRenderer.java:2570) [iris-1.8.8+1.21.1-neoforge-neoforge,1.21.1.jar%23177!/:?] {re:mixin,re:classloading,pl:mixin:APP:super_resolution_irisapi.mixins.json:composite.CompositeRendererAccessor from mod super_resolution,pl:mixin:APP:super_resolution_irisapi.mixins.json:composite.after1_21_11.CompositeRendererMixin from mod super_resolution,pl:mixin:APP:super_resolution_irisapi.mixins.json:composite.after1_21_4.CompositeRendererMixin from mod super_resolution,pl:mixin:APP:super_resolution_irisapi.mixins.json:composite.before1_21_1.CompositeRendererMixin from mod super_resolution,pl:mixin:APP:super_resolution_irisapi.mixins.json:composite.v1_21_1.CompositeRendererMixin from mod super_resolution,pl:mixin:A}
	at TRANSFORMER/iris@1.8.8+mc1.21.1/net.irisshaders.iris.pipeline.CompositeRenderer.handler$zlh000$super_resolution$onBeforeRenderA(CompositeRenderer.java:2625) [iris-1.8.8+1.21.1-neoforge-neoforge,1.21.1.jar%23177!/:?] {re:mixin,re:classloading,pl:mixin:APP:super_resolution_irisapi.mixins.json:composite.CompositeRendererAccessor from mod super_resolution,pl:mixin:APP:super_resolution_irisapi.mixins.json:composite.after1_21_11.CompositeRendererMixin from mod super_resolution,pl:mixin:APP:super_resolution_irisapi.mixins.json:composite.after1_21_4.CompositeRendererMixin from mod super_resolution,pl:mixin:APP:super_resolution_irisapi.mixins.json:composite.before1_21_1.CompositeRendererMixin from mod super_resolution,pl:mixin:APP:super_resolution_irisapi.mixins.json:composite.v1_21_1.CompositeRendererMixin from mod super_resolution,pl:mixin:A}
	at TRANSFORMER/iris@1.8.8+mc1.21.1/net.irisshaders.iris.pipeline.CompositeRenderer.renderAll(CompositeRenderer.java:284) [iris-1.8.8+1.21.1-neoforge-neoforge,1.21.1.jar%23177!/:?] {re:mixin,re:classloading,pl:mixin:APP:super_resolution_irisapi.mixins.json:composite.CompositeRendererAccessor from mod super_resolution,pl:mixin:APP:super_resolution_irisapi.mixins.json:composite.after1_21_11.CompositeRendererMixin from mod super_resolution,pl:mixin:APP:super_resolution_irisapi.mixins.json:composite.after1_21_4.CompositeRendererMixin from mod super_resolution,pl:mixin:APP:super_resolution_irisapi.mixins.json:composite.before1_21_1.CompositeRendererMixin from mod super_resolution,pl:mixin:APP:super_resolution_irisapi.mixins.json:composite.v1_21_1.CompositeRendererMixin from mod super_resolution,pl:mixin:A}
	at TRANSFORMER/iris@1.8.8+mc1.21.1/net.irisshaders.iris.pipeline.IrisRenderingPipeline.finalizeLevelRendering(IrisRenderingPipeline.java:1088) [iris-1.8.8+1.21.1-neoforge-neoforge,1.21.1.jar%23177!/:?] {re:mixin,re:classloading,pl:mixin:APP:super_resolution_irisapi.mixins.json:composite.IrisRenderingPipelineAccessor from mod super_resolution,pl:mixin:APP:super_resolution_irisapi.mixins.json:composite.before1_21_1.IrisRenderingPipelineMixin from mod super_resolution,pl:mixin:APP:super_resolution.shadercompat.mixins.json:core.IrisRenderingPipelineAccessor from mod super_resolution,pl:mixin:APP:super_resolution.shadercompat.mixins.json:core.IrisRenderingPipelineMixin from mod super_resolution,pl:mixin:A}
	at TRANSFORMER/minecraft@1.21.1/net.minecraft.client.renderer.LevelRenderer.handler$zeh000$iris$endLevelRender(LevelRenderer.java:7818) [neoforge-21.1.219.jar%23172!/:?] {re:mixin,pl:accesstransformer:B,pl:runtimedistcleaner:A,re:classloading,pl:accesstransformer:B,pl:mixin:A,pl:runtimedistcleaner:A}
	at TRANSFORMER/minecraft@1.21.1/net.minecraft.client.renderer.LevelRenderer.renderLevel(LevelRenderer.java:1240) [neoforge-21.1.219.jar%23172!/:?] {re:mixin,pl:accesstransformer:B,pl:runtimedistcleaner:A,re:classloading,pl:accesstransformer:B,pl:mixin:A,pl:runtimedistcleaner:A}
	at TRANSFORMER/minecraft@1.21.1/net.minecraft.client.renderer.GameRenderer.renderLevel(GameRenderer.java:1271) [neoforge-21.1.219.jar%23172!/:?] {re:mixin,pl:accesstransformer:B,pl:runtimedistcleaner:A,re:classloading,pl:accesstransformer:B,pl:mixin:A,pl:runtimedistcleaner:A}
	at TRANSFORMER/minecraft@1.21.1/net.minecraft.client.renderer.GameRenderer.render(GameRenderer.java:1024) [neoforge-21.1.219.jar%23172!/:?] {re:mixin,pl:accesstransformer:B,pl:runtimedistcleaner:A,re:classloading,pl:accesstransformer:B,pl:mixin:A,pl:runtimedistcleaner:A}
	at TRANSFORMER/minecraft@1.21.1/net.minecraft.client.Minecraft.runTick(Minecraft.java:1195) [neoforge-21.1.219.jar%23172!/:?] {re:mixin,pl:runtimedistcleaner:A,re:classloading,pl:mixin:APP:sodium-common.mixins.json:core.MinecraftMixin from mod sodium,pl:mixin:APP:sodium-neoforge.mixins.json:platform.neoforge.EntrypointMixin from mod sodium,pl:mixin:APP:mixins.iris.json:MixinMinecraft_Images from mod iris,pl:mixin:APP:mixins.iris.json:MixinMinecraft_Keybinds from mod iris,pl:mixin:APP:mixins.iris.json:MixinMinecraft_PipelineManagement from mod iris,pl:mixin:APP:super_resolution.mixins.json:core.GlTextureViewMixin from mod super_resolution,pl:mixin:APP:super_resolution.mixins.json:core.MinecraftMixin from mod super_resolution,pl:mixin:APP:super_resolution.mixins.json:core.accessor.MinecraftAccessor from mod super_resolution,pl:mixin:APP:super_resolution.mixins.json:framegeneration.v1_20_1.GameRendererConstantsMixin from mod super_resolution,pl:mixin:APP:super_resolution.mixins.json:framegeneration.v1_21_11.GameRendererConstantsMixin from mod super_resolution,pl:mixin:APP:super_resolution.mixins.json:framegeneration.v26_1_x.GameRendererConstantsMixin from mod super_resolution,pl:mixin:APP:super_resolution.mixins.json:framegeneration.v26_2.GameRendererConstantsMixin from mod super_resolution,pl:mixin:APP:super_resolution.mixins.json:framegeneration.v26_2.NativeLibrariesBootstrapMixin from mod super_resolution,pl:mixin:APP:super_resolution.mixins.json:framegeneration.v26_3.GameRendererConstantsMixin from mod super_resolution,pl:mixin:APP:super_resolution.mixins.json:framegeneration.v26_3.NativeLibrariesBootstrapMixin from mod super_resolution,pl:mixin:APP:super_resolution.mixins.json:gui.GuiGraphicsMixin from mod super_resolution,pl:mixin:APP:super_resolution.mixins.json:gui.GuiRendererDrawAccessor from mod super_resolution,pl:mixin:APP:super_resolution.mixins.json:gui.GuiRendererMixin from mod super_resolution,pl:mixin:APP:super_resolution.mixins.json:lowlatency.v1_20_1.KeyboardHandlerReflexMixin from mod super_resolution,pl:mixin:APP:super_resolution.mixins.json:lowlatency.v1_20_1.MinecraftReflexMixin from mod super_resolution,pl:mixin:APP:super_resolution.mixins.json:lowlatency.v1_20_1.MouseHandlerReflexMixin from mod super_resolution,pl:mixin:APP:super_resolution.mixins.json:lowlatency.v1_20_1.RenderSystemAccessor from mod super_resolution,pl:mixin:APP:super_resolution.mixins.json:lowlatency.v1_21_1.MinecraftReflexMixin from mod super_resolution,pl:mixin:APP:super_resolution.mixins.json:lowlatency.v1_21_11.KeyboardHandlerReflexMixin from mod super_resolution,pl:mixin:APP:super_resolution.mixins.json:lowlatency.v1_21_11.MinecraftReflexMixin from mod super_resolution,pl:mixin:APP:super_resolution.mixins.json:lowlatency.v1_21_11.MouseHandlerReflexMixin from mod super_resolution,pl:mixin:APP:super_resolution.mixins.json:lowlatency.v1_21_11.RenderSystemAccessor from mod super_resolution,pl:mixin:APP:super_resolution.mixins.json:lowlatency.v26_1_x.KeyboardHandlerReflexMixin from mod super_resolution,pl:mixin:APP:super_resolution.mixins.json:lowlatency.v26_1_x.MinecraftReflexMixin from mod super_resolution,pl:mixin:APP:super_resolution.mixins.json:lowlatency.v26_1_x.MouseHandlerReflexMixin from mod super_resolution,pl:mixin:APP:super_resolution.mixins.json:lowlatency.v26_2.KeyboardHandlerReflexMixin from mod super_resolution,pl:mixin:APP:super_resolution.mixins.json:lowlatency.v26_2.MinecraftReflexMixin from mod super_resolution,pl:mixin:APP:super_resolution.mixins.json:lowlatency.v26_2.MouseHandlerReflexMixin from mod super_resolution,pl:mixin:APP:super_resolution.mixins.json:lowlatency.v26_3.KeyboardHandlerReflexMixin from mod super_resolution,pl:mixin:APP:super_resolution.mixins.json:lowlatency.v26_3.MinecraftReflexMixin from mod super_resolution,pl:mixin:APP:super_resolution.mixins.json:lowlatency.v26_3.MouseHandlerReflexMixin from mod super_resolution,pl:mixin:APP:super_resolution.mixins.json:presentation.v1_20_1.VulkanPresentationGameRendererCaptureMixin from mod super_resolution,pl:mixin:APP:super_resolution.mixins.json:presentation.v1_20_1.VulkanPresentationGlDeviceMixin from mod super_resolution,pl:mixin:APP:super_resolution.mixins.json:presentation.v1_20_1.VulkanPresentationMinecraftBackendMixin from mod super_resolution,pl:mixin:APP:super_resolution.mixins.json:presentation.v1_20_1.VulkanPresentationMinecraftCaptureMixin from mod super_resolution,pl:mixin:APP:super_resolution.mixins.json:presentation.v1_20_1.VulkanPresentationWindowMixin from mod super_resolution,pl:mixin:APP:super_resolution.mixins.json:presentation.v1_21_1.VulkanPresentationMinecraftCaptureMixin from mod super_resolution,pl:mixin:APP:super_resolution.mixins.json:presentation.v1_21_11.VulkanPresentationGameRendererCaptureMixin from mod super_resolution,pl:mixin:APP:super_resolution.mixins.json:presentation.v1_21_11.VulkanPresentationGlDeviceMixin from mod super_resolution,pl:mixin:APP:super_resolution.mixins.json:presentation.v1_21_11.VulkanPresentationMinecraftBackendMixin from mod super_resolution,pl:mixin:APP:super_resolution.mixins.json:presentation.v1_21_11.VulkanPresentationMinecraftCaptureMixin from mod super_resolution,pl:mixin:APP:super_resolution.mixins.json:presentation.v1_21_11.VulkanPresentationWindowMixin from mod super_resolution,pl:mixin:APP:super_resolution.mixins.json:presentation.v26_1_x.VulkanPresentationGameRendererCaptureMixin from mod super_resolution,pl:mixin:APP:super_resolution.mixins.json:presentation.v26_1_x.VulkanPresentationGlDeviceMixin from mod super_resolution,pl:mixin:APP:super_resolution.mixins.json:presentation.v26_1_x.VulkanPresentationMinecraftBackendMixin from mod super_resolution,pl:mixin:APP:super_resolution.mixins.json:presentation.v26_1_x.VulkanPresentationMinecraftCaptureMixin from mod super_resolution,pl:mixin:APP:super_resolution.mixins.json:presentation.v26_1_x.VulkanPresentationWindowCloseMixin from mod super_resolution,pl:mixin:APP:super_resolution.mixins.json:presentation.v26_2.VulkanPresentationGameRendererCaptureMixin from mod super_resolution,pl:mixin:APP:super_resolution.mixins.json:presentation.v26_2.VulkanPresentationGlDeviceMixin from mod super_resolution,pl:mixin:APP:super_resolution.mixins.json:presentation.v26_2.VulkanPresentationMinecraftBackendMixin from mod super_resolution,pl:mixin:APP:super_resolution.mixins.json:presentation.v26_2.VulkanPresentationMinecraftCaptureMixin from mod super_resolution,pl:mixin:APP:super_resolution.mixins.json:presentation.v26_2.VulkanPresentationWindowCloseMixin from mod super_resolution,pl:mixin:APP:super_resolution.mixins.json:presentation.v26_3.VulkanPresentationGameRendererCaptureMixin from mod super_resolution,pl:mixin:APP:super_resolution.mixins.json:presentation.v26_3.VulkanPresentationGlDeviceMixin from mod super_resolution,pl:mixin:APP:super_resolution.mixins.json:presentation.v26_3.VulkanPresentationMinecraftBackendMixin from mod super_resolution,pl:mixin:APP:super_resolution.mixins.json:presentation.v26_3.VulkanPresentationMinecraftCaptureMixin from mod super_resolution,pl:mixin:APP:super_resolution.mixins.json:presentation.v26_3.VulkanPresentationWindowCloseMixin from mod super_resolution,pl:mixin:APP:super_resolution-neoforge.mixins.json:neoforge.FuckingValidation1218Mixin from mod super_resolution,pl:mixin:APP:super_resolution-neoforge.mixins.json:neoforge.FuckingValidationMixin from mod super_resolution,pl:mixin:APP:super_resolution_irisapi.mixins.json:composite.before1_21_1.GlStateManagerTextureStateAccessor from mod super_resolution,pl:mixin:APP:architectury.mixins.json:MixinMinecraft from mod architectury,pl:mixin:A,pl:runtimedistcleaner:A}
	at TRANSFORMER/minecraft@1.21.1/net.minecraft.client.Minecraft.run(Minecraft.java:807) [neoforge-21.1.219.jar%23172!/:?] {re:mixin,pl:runtimedistcleaner:A,re:classloading,pl:mixin:APP:sodium-common.mixins.json:core.MinecraftMixin from mod sodium,pl:mixin:APP:sodium-neoforge.mixins.json:platform.neoforge.EntrypointMixin from mod sodium,pl:mixin:APP:mixins.iris.json:MixinMinecraft_Images from mod iris,pl:mixin:APP:mixins.iris.json:MixinMinecraft_Keybinds from mod iris,pl:mixin:APP:mixins.iris.json:MixinMinecraft_PipelineManagement from mod iris,pl:mixin:APP:super_resolution.mixins.json:core.GlTextureViewMixin from mod super_resolution,pl:mixin:APP:super_resolution.mixins.json:core.MinecraftMixin from mod super_resolution,pl:mixin:APP:super_resolution.mixins.json:core.accessor.MinecraftAccessor from mod super_resolution,pl:mixin:APP:super_resolution.mixins.json:framegeneration.v1_20_1.GameRendererConstantsMixin from mod super_resolution,pl:mixin:APP:super_resolution.mixins.json:framegeneration.v1_21_11.GameRendererConstantsMixin from mod super_resolution,pl:mixin:APP:super_resolution.mixins.json:framegeneration.v26_1_x.GameRendererConstantsMixin from mod super_resolution,pl:mixin:APP:super_resolution.mixins.json:framegeneration.v26_2.GameRendererConstantsMixin from mod super_resolution,pl:mixin:APP:super_resolution.mixins.json:framegeneration.v26_2.NativeLibrariesBootstrapMixin from mod super_resolution,pl:mixin:APP:super_resolution.mixins.json:framegeneration.v26_3.GameRendererConstantsMixin from mod super_resolution,pl:mixin:APP:super_resolution.mixins.json:framegeneration.v26_3.NativeLibrariesBootstrapMixin from mod super_resolution,pl:mixin:APP:super_resolution.mixins.json:gui.GuiGraphicsMixin from mod super_resolution,pl:mixin:APP:super_resolution.mixins.json:gui.GuiRendererDrawAccessor from mod super_resolution,pl:mixin:APP:super_resolution.mixins.json:gui.GuiRendererMixin from mod super_resolution,pl:mixin:APP:super_resolution.mixins.json:lowlatency.v1_20_1.KeyboardHandlerReflexMixin from mod super_resolution,pl:mixin:APP:super_resolution.mixins.json:lowlatency.v1_20_1.MinecraftReflexMixin from mod super_resolution,pl:mixin:APP:super_resolution.mixins.json:lowlatency.v1_20_1.MouseHandlerReflexMixin from mod super_resolution,pl:mixin:APP:super_resolution.mixins.json:lowlatency.v1_20_1.RenderSystemAccessor from mod super_resolution,pl:mixin:APP:super_resolution.mixins.json:lowlatency.v1_21_1.MinecraftReflexMixin from mod super_resolution,pl:mixin:APP:super_resolution.mixins.json:lowlatency.v1_21_11.KeyboardHandlerReflexMixin from mod super_resolution,pl:mixin:APP:super_resolution.mixins.json:lowlatency.v1_21_11.MinecraftReflexMixin from mod super_resolution,pl:mixin:APP:super_resolution.mixins.json:lowlatency.v1_21_11.MouseHandlerReflexMixin from mod super_resolution,pl:mixin:APP:super_resolution.mixins.json:lowlatency.v1_21_11.RenderSystemAccessor from mod super_resolution,pl:mixin:APP:super_resolution.mixins.json:lowlatency.v26_1_x.KeyboardHandlerReflexMixin from mod super_resolution,pl:mixin:APP:super_resolution.mixins.json:lowlatency.v26_1_x.MinecraftReflexMixin from mod super_resolution,pl:mixin:APP:super_resolution.mixins.json:lowlatency.v26_1_x.MouseHandlerReflexMixin from mod super_resolution,pl:mixin:APP:super_resolution.mixins.json:lowlatency.v26_2.KeyboardHandlerReflexMixin from mod super_resolution,pl:mixin:APP:super_resolution.mixins.json:lowlatency.v26_2.MinecraftReflexMixin from mod super_resolution,pl:mixin:APP:super_resolution.mixins.json:lowlatency.v26_2.MouseHandlerReflexMixin from mod super_resolution,pl:mixin:APP:super_resolution.mixins.json:lowlatency.v26_3.KeyboardHandlerReflexMixin from mod super_resolution,pl:mixin:APP:super_resolution.mixins.json:lowlatency.v26_3.MinecraftReflexMixin from mod super_resolution,pl:mixin:APP:super_resolution.mixins.json:lowlatency.v26_3.MouseHandlerReflexMixin from mod super_resolution,pl:mixin:APP:super_resolution.mixins.json:presentation.v1_20_1.VulkanPresentationGameRendererCaptureMixin from mod super_resolution,pl:mixin:APP:super_resolution.mixins.json:presentation.v1_20_1.VulkanPresentationGlDeviceMixin from mod super_resolution,pl:mixin:APP:super_resolution.mixins.json:presentation.v1_20_1.VulkanPresentationMinecraftBackendMixin from mod super_resolution,pl:mixin:APP:super_resolution.mixins.json:presentation.v1_20_1.VulkanPresentationMinecraftCaptureMixin from mod super_resolution,pl:mixin:APP:super_resolution.mixins.json:presentation.v1_20_1.VulkanPresentationWindowMixin from mod super_resolution,pl:mixin:APP:super_resolution.mixins.json:presentation.v1_21_1.VulkanPresentationMinecraftCaptureMixin from mod super_resolution,pl:mixin:APP:super_resolution.mixins.json:presentation.v1_21_11.VulkanPresentationGameRendererCaptureMixin from mod super_resolution,pl:mixin:APP:super_resolution.mixins.json:presentation.v1_21_11.VulkanPresentationGlDeviceMixin from mod super_resolution,pl:mixin:APP:super_resolution.mixins.json:presentation.v1_21_11.VulkanPresentationMinecraftBackendMixin from mod super_resolution,pl:mixin:APP:super_resolution.mixins.json:presentation.v1_21_11.VulkanPresentationMinecraftCaptureMixin from mod super_resolution,pl:mixin:APP:super_resolution.mixins.json:presentation.v1_21_11.VulkanPresentationWindowMixin from mod super_resolution,pl:mixin:APP:super_resolution.mixins.json:presentation.v26_1_x.VulkanPresentationGameRendererCaptureMixin from mod super_resolution,pl:mixin:APP:super_resolution.mixins.json:presentation.v26_1_x.VulkanPresentationGlDeviceMixin from mod super_resolution,pl:mixin:APP:super_resolution.mixins.json:presentation.v26_1_x.VulkanPresentationMinecraftBackendMixin from mod super_resolution,pl:mixin:APP:super_resolution.mixins.json:presentation.v26_1_x.VulkanPresentationMinecraftCaptureMixin from mod super_resolution,pl:mixin:APP:super_resolution.mixins.json:presentation.v26_1_x.VulkanPresentationWindowCloseMixin from mod super_resolution,pl:mixin:APP:super_resolution.mixins.json:presentation.v26_2.VulkanPresentationGameRendererCaptureMixin from mod super_resolution,pl:mixin:APP:super_resolution.mixins.json:presentation.v26_2.VulkanPresentationGlDeviceMixin from mod super_resolution,pl:mixin:APP:super_resolution.mixins.json:presentation.v26_2.VulkanPresentationMinecraftBackendMixin from mod super_resolution,pl:mixin:APP:super_resolution.mixins.json:presentation.v26_2.VulkanPresentationMinecraftCaptureMixin from mod super_resolution,pl:mixin:APP:super_resolution.mixins.json:presentation.v26_2.VulkanPresentationWindowCloseMixin from mod super_resolution,pl:mixin:APP:super_resolution.mixins.json:presentation.v26_3.VulkanPresentationGameRendererCaptureMixin from mod super_resolution,pl:mixin:APP:super_resolution.mixins.json:presentation.v26_3.VulkanPresentationGlDeviceMixin from mod super_resolution,pl:mixin:APP:super_resolution.mixins.json:presentation.v26_3.VulkanPresentationMinecraftBackendMixin from mod super_resolution,pl:mixin:APP:super_resolution.mixins.json:presentation.v26_3.VulkanPresentationMinecraftCaptureMixin from mod super_resolution,pl:mixin:APP:super_resolution.mixins.json:presentation.v26_3.VulkanPresentationWindowCloseMixin from mod super_resolution,pl:mixin:APP:super_resolution-neoforge.mixins.json:neoforge.FuckingValidation1218Mixin from mod super_resolution,pl:mixin:APP:super_resolution-neoforge.mixins.json:neoforge.FuckingValidationMixin from mod super_resolution,pl:mixin:APP:super_resolution_irisapi.mixins.json:composite.before1_21_1.GlStateManagerTextureStateAccessor from mod super_resolution,pl:mixin:APP:architectury.mixins.json:MixinMinecraft from mod architectury,pl:mixin:A,pl:runtimedistcleaner:A}
	at TRANSFORMER/minecraft@1.21.1/net.minecraft.client.main.Main.main(Main.java:230) [neoforge-21.1.219.jar%23172!/:?] {re:classloading,pl:runtimedistcleaner:A}
	at java.base/jdk.internal.reflect.DirectMethodHandleAccessor.invoke(DirectMethodHandleAccessor.java:104) ~[?:?] {}
	at java.base/java.lang.reflect.Method.invoke(Method.java:565) ~[?:?] {}
	at MC-BOOTSTRAP/fml_loader@4.0.42/net.neoforged.fml.loading.targets.CommonLaunchHandler.runTarget(CommonLaunchHandler.java:136) [loader-4.0.42.jar%23130!/:4.0] {}
	at MC-BOOTSTRAP/fml_loader@4.0.42/net.neoforged.fml.loading.targets.CommonLaunchHandler.clientService(CommonLaunchHandler.java:124) [loader-4.0.42.jar%23130!/:4.0] {}
	at MC-BOOTSTRAP/fml_loader@4.0.42/net.neoforged.fml.loading.targets.NeoForgeClientDevLaunchHandler.runService(NeoForgeClientDevLaunchHandler.java:23) [loader-4.0.42.jar%23130!/:4.0] {}
	at MC-BOOTSTRAP/fml_loader@4.0.42/net.neoforged.fml.loading.targets.CommonLaunchHandler.lambda$launchService$4(CommonLaunchHandler.java:118) [loader-4.0.42.jar%23130!/:4.0] {}
	at MC-BOOTSTRAP/cpw.mods.modlauncher@11.0.5/cpw.mods.modlauncher.LaunchServiceHandlerDecorator.launch(LaunchServiceHandlerDecorator.java:30) [modlauncher-11.0.5.jar%23112!/:?] {}
	at MC-BOOTSTRAP/cpw.mods.modlauncher@11.0.5/cpw.mods.modlauncher.LaunchServiceHandler.launch(LaunchServiceHandler.java:53) [modlauncher-11.0.5.jar%23112!/:?] {}
	at MC-BOOTSTRAP/cpw.mods.modlauncher@11.0.5/cpw.mods.modlauncher.LaunchServiceHandler.launch(LaunchServiceHandler.java:71) [modlauncher-11.0.5.jar%23112!/:?] {}
	at MC-BOOTSTRAP/cpw.mods.modlauncher@11.0.5/cpw.mods.modlauncher.Launcher.run(Launcher.java:103) [modlauncher-11.0.5.jar%23112!/:?] {}
	at MC-BOOTSTRAP/cpw.mods.modlauncher@11.0.5/cpw.mods.modlauncher.Launcher.main(Launcher.java:74) [modlauncher-11.0.5.jar%23112!/:?] {}
	at MC-BOOTSTRAP/cpw.mods.modlauncher@11.0.5/cpw.mods.modlauncher.BootstrapLaunchConsumer.accept(BootstrapLaunchConsumer.java:26) [modlauncher-11.0.5.jar%23112!/:?] {}
	at MC-BOOTSTRAP/cpw.mods.modlauncher@11.0.5/cpw.mods.modlauncher.BootstrapLaunchConsumer.accept(BootstrapLaunchConsumer.java:23) [modlauncher-11.0.5.jar%23112!/:?] {}
	at cpw.mods.bootstraplauncher@2.0.2/cpw.mods.bootstraplauncher.BootstrapLauncher.run(BootstrapLauncher.java:210) [bootstraplauncher-2.0.2.jar:?] {}
	at cpw.mods.bootstraplauncher@2.0.2/cpw.mods.bootstraplauncher.BootstrapLauncher.main(BootstrapLauncher.java:69) [bootstraplauncher-2.0.2.jar:?] {}
	at java.base/jdk.internal.reflect.DirectMethodHandleAccessor.invoke(DirectMethodHandleAccessor.java:104) ~[?:?] {}
	at java.base/java.lang.reflect.Method.invoke(Method.java:565) ~[?:?] {}
	at net.neoforged.devlaunch.Main.main(Main.java:57) [DevLaunch-1.0.2.jar:?] {}
[14:21:23] [Render thread/ERROR] [SuperResolution/]: Further errors will not be logged until the shader pack is reloaded.
[14:21:23] [Render thread/ERROR] [minecraft/Minecraft]: Unreported exception thrown!
java.lang.IllegalStateException: Frame capture slot cannot be reused after ownership recovery failed
	at TRANSFORMER/super_resolution@0.9.2-alpha.1+dev.b3dd23c.opengl/io.homo.superresolution.common.presentation.capture.FrameResources.begin(FrameResources.java:80) ~[superresolution-sr-x2-handoff-f9a2bcdf8c4a.jar%23175!/:?] {re:classloading}
	at TRANSFORMER/super_resolution@0.9.2-alpha.1+dev.b3dd23c.opengl/io.homo.superresolution.common.presentation.capture.CaptureFrameRing.beginFrame(CaptureFrameRing.java:65) ~[superresolution-sr-x2-handoff-f9a2bcdf8c4a.jar%23175!/:?] {re:classloading}
	at TRANSFORMER/super_resolution@0.9.2-alpha.1+dev.b3dd23c.opengl/io.homo.superresolution.common.presentation.capture.FrameCaptureManager.beginFrame(FrameCaptureManager.java:153) ~[superresolution-sr-x2-handoff-f9a2bcdf8c4a.jar%23175!/:?] {re:mixin,re:classloading}
	at TRANSFORMER/super_resolution@0.9.2-alpha.1+dev.b3dd23c.opengl/io.homo.superresolution.common.presentation.capture.FrameCaptureManager.captureFinalColor(FrameCaptureManager.java:83) ~[superresolution-sr-x2-handoff-f9a2bcdf8c4a.jar%23175!/:?] {re:mixin,re:classloading}
	at TRANSFORMER/minecraft@1.21.1/net.minecraft.client.renderer.GameRenderer.handler$zkm000$super_resolution$captureFinalColor(GameRenderer.java:5848) ~[neoforge-21.1.219.jar%23172!/:?] {re:mixin,pl:accesstransformer:B,pl:runtimedistcleaner:A,re:classloading,pl:accesstransformer:B,pl:mixin:A,pl:runtimedistcleaner:A}
	at TRANSFORMER/minecraft@1.21.1/net.minecraft.client.renderer.GameRenderer.render(GameRenderer.java:1149) ~[neoforge-21.1.219.jar%23172!/:?] {re:mixin,pl:accesstransformer:B,pl:runtimedistcleaner:A,re:classloading,pl:accesstransformer:B,pl:mixin:A,pl:runtimedistcleaner:A}
	at TRANSFORMER/minecraft@1.21.1/net.minecraft.client.Minecraft.runTick(Minecraft.java:1195) ~[neoforge-21.1.219.jar%23172!/:?] {re:mixin,pl:runtimedistcleaner:A,re:classloading,pl:mixin:APP:sodium-common.mixins.json:core.MinecraftMixin from mod sodium,pl:mixin:APP:sodium-neoforge.mixins.json:platform.neoforge.EntrypointMixin from mod sodium,pl:mixin:APP:mixins.iris.json:MixinMinecraft_Images from mod iris,pl:mixin:APP:mixins.iris.json:MixinMinecraft_Keybinds from mod iris,pl:mixin:APP:mixins.iris.json:MixinMinecraft_PipelineManagement from mod iris,pl:mixin:APP:super_resolution.mixins.json:core.GlTextureViewMixin from mod super_resolution,pl:mixin:APP:super_resolution.mixins.json:core.MinecraftMixin from mod super_resolution,pl:mixin:APP:super_resolution.mixins.json:core.accessor.MinecraftAccessor from mod super_resolution,pl:mixin:APP:super_resolution.mixins.json:framegeneration.v1_20_1.GameRendererConstantsMixin from mod super_resolution,pl:mixin:APP:super_resolution.mixins.json:framegeneration.v1_21_11.GameRendererConstantsMixin from mod super_resolution,pl:mixin:APP:super_resolution.mixins.json:framegeneration.v26_1_x.GameRendererConstantsMixin from mod super_resolution,pl:mixin:APP:super_resolution.mixins.json:framegeneration.v26_2.GameRendererConstantsMixin from mod super_resolution,pl:mixin:APP:super_resolution.mixins.json:framegeneration.v26_2.NativeLibrariesBootstrapMixin from mod super_resolution,pl:mixin:APP:super_resolution.mixins.json:framegeneration.v26_3.GameRendererConstantsMixin from mod super_resolution,pl:mixin:APP:super_resolution.mixins.json:framegeneration.v26_3.NativeLibrariesBootstrapMixin from mod super_resolution,pl:mixin:APP:super_resolution.mixins.json:gui.GuiGraphicsMixin from mod super_resolution,pl:mixin:APP:super_resolution.mixins.json:gui.GuiRendererDrawAccessor from mod super_resolution,pl:mixin:APP:super_resolution.mixins.json:gui.GuiRendererMixin from mod super_resolution,pl:mixin:APP:super_resolution.mixins.json:lowlatency.v1_20_1.KeyboardHandlerReflexMixin from mod super_resolution,pl:mixin:APP:super_resolution.mixins.json:lowlatency.v1_20_1.MinecraftReflexMixin from mod super_resolution,pl:mixin:APP:super_resolution.mixins.json:lowlatency.v1_20_1.MouseHandlerReflexMixin from mod super_resolution,pl:mixin:APP:super_resolution.mixins.json:lowlatency.v1_20_1.RenderSystemAccessor from mod super_resolution,pl:mixin:APP:super_resolution.mixins.json:lowlatency.v1_21_1.MinecraftReflexMixin from mod super_resolution,pl:mixin:APP:super_resolution.mixins.json:lowlatency.v1_21_11.KeyboardHandlerReflexMixin from mod super_resolution,pl:mixin:APP:super_resolution.mixins.json:lowlatency.v1_21_11.MinecraftReflexMixin from mod super_resolution,pl:mixin:APP:super_resolution.mixins.json:lowlatency.v1_21_11.MouseHandlerReflexMixin from mod super_resolution,pl:mixin:APP:super_resolution.mixins.json:lowlatency.v1_21_11.RenderSystemAccessor from mod super_resolution,pl:mixin:APP:super_resolution.mixins.json:lowlatency.v26_1_x.KeyboardHandlerReflexMixin from mod super_resolution,pl:mixin:APP:super_resolution.mixins.json:lowlatency.v26_1_x.MinecraftReflexMixin from mod super_resolution,pl:mixin:APP:super_resolution.mixins.json:lowlatency.v26_1_x.MouseHandlerReflexMixin from mod super_resolution,pl:mixin:APP:super_resolution.mixins.json:lowlatency.v26_2.KeyboardHandlerReflexMixin from mod super_resolution,pl:mixin:APP:super_resolution.mixins.json:lowlatency.v26_2.MinecraftReflexMixin from mod super_resolution,pl:mixin:APP:super_resolution.mixins.json:lowlatency.v26_2.MouseHandlerReflexMixin from mod super_resolution,pl:mixin:APP:super_resolution.mixins.json:lowlatency.v26_3.KeyboardHandlerReflexMixin from mod super_resolution,pl:mixin:APP:super_resolution.mixins.json:lowlatency.v26_3.MinecraftReflexMixin from mod super_resolution,pl:mixin:APP:super_resolution.mixins.json:lowlatency.v26_3.MouseHandlerReflexMixin from mod super_resolution,pl:mixin:APP:super_resolution.mixins.json:presentation.v1_20_1.VulkanPresentationGameRendererCaptureMixin from mod super_resolution,pl:mixin:APP:super_resolution.mixins.json:presentation.v1_20_1.VulkanPresentationGlDeviceMixin from mod super_resolution,pl:mixin:APP:super_resolution.mixins.json:presentation.v1_20_1.VulkanPresentationMinecraftBackendMixin from mod super_resolution,pl:mixin:APP:super_resolution.mixins.json:presentation.v1_20_1.VulkanPresentationMinecraftCaptureMixin from mod super_resolution,pl:mixin:APP:super_resolution.mixins.json:presentation.v1_20_1.VulkanPresentationWindowMixin from mod super_resolution,pl:mixin:APP:super_resolution.mixins.json:presentation.v1_21_1.VulkanPresentationMinecraftCaptureMixin from mod super_resolution,pl:mixin:APP:super_resolution.mixins.json:presentation.v1_21_11.VulkanPresentationGameRendererCaptureMixin from mod super_resolution,pl:mixin:APP:super_resolution.mixins.json:presentation.v1_21_11.VulkanPresentationGlDeviceMixin from mod super_resolution,pl:mixin:APP:super_resolution.mixins.json:presentation.v1_21_11.VulkanPresentationMinecraftBackendMixin from mod super_resolution,pl:mixin:APP:super_resolution.mixins.json:presentation.v1_21_11.VulkanPresentationMinecraftCaptureMixin from mod super_resolution,pl:mixin:APP:super_resolution.mixins.json:presentation.v1_21_11.VulkanPresentationWindowMixin from mod super_resolution,pl:mixin:APP:super_resolution.mixins.json:presentation.v26_1_x.VulkanPresentationGameRendererCaptureMixin from mod super_resolution,pl:mixin:APP:super_resolution.mixins.json:presentation.v26_1_x.VulkanPresentationGlDeviceMixin from mod super_resolution,pl:mixin:APP:super_resolution.mixins.json:presentation.v26_1_x.VulkanPresentationMinecraftBackendMixin from mod super_resolution,pl:mixin:APP:super_resolution.mixins.json:presentation.v26_1_x.VulkanPresentationMinecraftCaptureMixin from mod super_resolution,pl:mixin:APP:super_resolution.mixins.json:presentation.v26_1_x.VulkanPresentationWindowCloseMixin from mod super_resolution,pl:mixin:APP:super_resolution.mixins.json:presentation.v26_2.VulkanPresentationGameRendererCaptureMixin from mod super_resolution,pl:mixin:APP:super_resolution.mixins.json:presentation.v26_2.VulkanPresentationGlDeviceMixin from mod super_resolution,pl:mixin:APP:super_resolution.mixins.json:presentation.v26_2.VulkanPresentationMinecraftBackendMixin from mod super_resolution,pl:mixin:APP:super_resolution.mixins.json:presentation.v26_2.VulkanPresentationMinecraftCaptureMixin from mod super_resolution,pl:mixin:APP:super_resolution.mixins.json:presentation.v26_2.VulkanPresentationWindowCloseMixin from mod super_resolution,pl:mixin:APP:super_resolution.mixins.json:presentation.v26_3.VulkanPresentationGameRendererCaptureMixin from mod super_resolution,pl:mixin:APP:super_resolution.mixins.json:presentation.v26_3.VulkanPresentationGlDeviceMixin from mod super_resolution,pl:mixin:APP:super_resolution.mixins.json:presentation.v26_3.VulkanPresentationMinecraftBackendMixin from mod super_resolution,pl:mixin:APP:super_resolution.mixins.json:presentation.v26_3.VulkanPresentationMinecraftCaptureMixin from mod super_resolution,pl:mixin:APP:super_resolution.mixins.json:presentation.v26_3.VulkanPresentationWindowCloseMixin from mod super_resolution,pl:mixin:APP:super_resolution-neoforge.mixins.json:neoforge.FuckingValidation1218Mixin from mod super_resolution,pl:mixin:APP:super_resolution-neoforge.mixins.json:neoforge.FuckingValidationMixin from mod super_resolution,pl:mixin:APP:super_resolution_irisapi.mixins.json:composite.before1_21_1.GlStateManagerTextureStateAccessor from mod super_resolution,pl:mixin:APP:architectury.mixins.json:MixinMinecraft from mod architectury,pl:mixin:A,pl:runtimedistcleaner:A}
	at TRANSFORMER/minecraft@1.21.1/net.minecraft.client.Minecraft.run(Minecraft.java:807) [neoforge-21.1.219.jar%23172!/:?] {re:mixin,pl:runtimedistcleaner:A,re:classloading,pl:mixin:APP:sodium-common.mixins.json:core.MinecraftMixin from mod sodium,pl:mixin:APP:sodium-neoforge.mixins.json:platform.neoforge.EntrypointMixin from mod sodium,pl:mixin:APP:mixins.iris.json:MixinMinecraft_Images from mod iris,pl:mixin:APP:mixins.iris.json:MixinMinecraft_Keybinds from mod iris,pl:mixin:APP:mixins.iris.json:MixinMinecraft_PipelineManagement from mod iris,pl:mixin:APP:super_resolution.mixins.json:core.GlTextureViewMixin from mod super_resolution,pl:mixin:APP:super_resolution.mixins.json:core.MinecraftMixin from mod super_resolution,pl:mixin:APP:super_resolution.mixins.json:core.accessor.MinecraftAccessor from mod super_resolution,pl:mixin:APP:super_resolution.mixins.json:framegeneration.v1_20_1.GameRendererConstantsMixin from mod super_resolution,pl:mixin:APP:super_resolution.mixins.json:framegeneration.v1_21_11.GameRendererConstantsMixin from mod super_resolution,pl:mixin:APP:super_resolution.mixins.json:framegeneration.v26_1_x.GameRendererConstantsMixin from mod super_resolution,pl:mixin:APP:super_resolution.mixins.json:framegeneration.v26_2.GameRendererConstantsMixin from mod super_resolution,pl:mixin:APP:super_resolution.mixins.json:framegeneration.v26_2.NativeLibrariesBootstrapMixin from mod super_resolution,pl:mixin:APP:super_resolution.mixins.json:framegeneration.v26_3.GameRendererConstantsMixin from mod super_resolution,pl:mixin:APP:super_resolution.mixins.json:framegeneration.v26_3.NativeLibrariesBootstrapMixin from mod super_resolution,pl:mixin:APP:super_resolution.mixins.json:gui.GuiGraphicsMixin from mod super_resolution,pl:mixin:APP:super_resolution.mixins.json:gui.GuiRendererDrawAccessor from mod super_resolution,pl:mixin:APP:super_resolution.mixins.json:gui.GuiRendererMixin from mod super_resolution,pl:mixin:APP:super_resolution.mixins.json:lowlatency.v1_20_1.KeyboardHandlerReflexMixin from mod super_resolution,pl:mixin:APP:super_resolution.mixins.json:lowlatency.v1_20_1.MinecraftReflexMixin from mod super_resolution,pl:mixin:APP:super_resolution.mixins.json:lowlatency.v1_20_1.MouseHandlerReflexMixin from mod super_resolution,pl:mixin:APP:super_resolution.mixins.json:lowlatency.v1_20_1.RenderSystemAccessor from mod super_resolution,pl:mixin:APP:super_resolution.mixins.json:lowlatency.v1_21_1.MinecraftReflexMixin from mod super_resolution,pl:mixin:APP:super_resolution.mixins.json:lowlatency.v1_21_11.KeyboardHandlerReflexMixin from mod super_resolution,pl:mixin:APP:super_resolution.mixins.json:lowlatency.v1_21_11.MinecraftReflexMixin from mod super_resolution,pl:mixin:APP:super_resolution.mixins.json:lowlatency.v1_21_11.MouseHandlerReflexMixin from mod super_resolution,pl:mixin:APP:super_resolution.mixins.json:lowlatency.v1_21_11.RenderSystemAccessor from mod super_resolution,pl:mixin:APP:super_resolution.mixins.json:lowlatency.v26_1_x.KeyboardHandlerReflexMixin from mod super_resolution,pl:mixin:APP:super_resolution.mixins.json:lowlatency.v26_1_x.MinecraftReflexMixin from mod super_resolution,pl:mixin:APP:super_resolution.mixins.json:lowlatency.v26_1_x.MouseHandlerReflexMixin from mod super_resolution,pl:mixin:APP:super_resolution.mixins.json:lowlatency.v26_2.KeyboardHandlerReflexMixin from mod super_resolution,pl:mixin:APP:super_resolution.mixins.json:lowlatency.v26_2.MinecraftReflexMixin from mod super_resolution,pl:mixin:APP:super_resolution.mixins.json:lowlatency.v26_2.MouseHandlerReflexMixin from mod super_resolution,pl:mixin:APP:super_resolution.mixins.json:lowlatency.v26_3.KeyboardHandlerReflexMixin from mod super_resolution,pl:mixin:APP:super_resolution.mixins.json:lowlatency.v26_3.MinecraftReflexMixin from mod super_resolution,pl:mixin:APP:super_resolution.mixins.json:lowlatency.v26_3.MouseHandlerReflexMixin from mod super_resolution,pl:mixin:APP:super_resolution.mixins.json:presentation.v1_20_1.VulkanPresentationGameRendererCaptureMixin from mod super_resolution,pl:mixin:APP:super_resolution.mixins.json:presentation.v1_20_1.VulkanPresentationGlDeviceMixin from mod super_resolution,pl:mixin:APP:super_resolution.mixins.json:presentation.v1_20_1.VulkanPresentationMinecraftBackendMixin from mod super_resolution,pl:mixin:APP:super_resolution.mixins.json:presentation.v1_20_1.VulkanPresentationMinecraftCaptureMixin from mod super_resolution,pl:mixin:APP:super_resolution.mixins.json:presentation.v1_20_1.VulkanPresentationWindowMixin from mod super_resolution,pl:mixin:APP:super_resolution.mixins.json:presentation.v1_21_1.VulkanPresentationMinecraftCaptureMixin from mod super_resolution,pl:mixin:APP:super_resolution.mixins.json:presentation.v1_21_11.VulkanPresentationGameRendererCaptureMixin from mod super_resolution,pl:mixin:APP:super_resolution.mixins.json:presentation.v1_21_11.VulkanPresentationGlDeviceMixin from mod super_resolution,pl:mixin:APP:super_resolution.mixins.json:presentation.v1_21_11.VulkanPresentationMinecraftBackendMixin from mod super_resolution,pl:mixin:APP:super_resolution.mixins.json:presentation.v1_21_11.VulkanPresentationMinecraftCaptureMixin from mod super_resolution,pl:mixin:APP:super_resolution.mixins.json:presentation.v1_21_11.VulkanPresentationWindowMixin from mod super_resolution,pl:mixin:APP:super_resolution.mixins.json:presentation.v26_1_x.VulkanPresentationGameRendererCaptureMixin from mod super_resolution,pl:mixin:APP:super_resolution.mixins.json:presentation.v26_1_x.VulkanPresentationGlDeviceMixin from mod super_resolution,pl:mixin:APP:super_resolution.mixins.json:presentation.v26_1_x.VulkanPresentationMinecraftBackendMixin from mod super_resolution,pl:mixin:APP:super_resolution.mixins.json:presentation.v26_1_x.VulkanPresentationMinecraftCaptureMixin from mod super_resolution,pl:mixin:APP:super_resolution.mixins.json:presentation.v26_1_x.VulkanPresentationWindowCloseMixin from mod super_resolution,pl:mixin:APP:super_resolution.mixins.json:presentation.v26_2.VulkanPresentationGameRendererCaptureMixin from mod super_resolution,pl:mixin:APP:super_resolution.mixins.json:presentation.v26_2.VulkanPresentationGlDeviceMixin from mod super_resolution,pl:mixin:APP:super_resolution.mixins.json:presentation.v26_2.VulkanPresentationMinecraftBackendMixin from mod super_resolution,pl:mixin:APP:super_resolution.mixins.json:presentation.v26_2.VulkanPresentationMinecraftCaptureMixin from mod super_resolution,pl:mixin:APP:super_resolution.mixins.json:presentation.v26_2.VulkanPresentationWindowCloseMixin from mod super_resolution,pl:mixin:APP:super_resolution.mixins.json:presentation.v26_3.VulkanPresentationGameRendererCaptureMixin from mod super_resolution,pl:mixin:APP:super_resolution.mixins.json:presentation.v26_3.VulkanPresentationGlDeviceMixin from mod super_resolution,pl:mixin:APP:super_resolution.mixins.json:presentation.v26_3.VulkanPresentationMinecraftBackendMixin from mod super_resolution,pl:mixin:APP:super_resolution.mixins.json:presentation.v26_3.VulkanPresentationMinecraftCaptureMixin from mod super_resolution,pl:mixin:APP:super_resolution.mixins.json:presentation.v26_3.VulkanPresentationWindowCloseMixin from mod super_resolution,pl:mixin:APP:super_resolution-neoforge.mixins.json:neoforge.FuckingValidation1218Mixin from mod super_resolution,pl:mixin:APP:super_resolution-neoforge.mixins.json:neoforge.FuckingValidationMixin from mod super_resolution,pl:mixin:APP:super_resolution_irisapi.mixins.json:composite.before1_21_1.GlStateManagerTextureStateAccessor from mod super_resolution,pl:mixin:APP:architectury.mixins.json:MixinMinecraft from mod architectury,pl:mixin:A,pl:runtimedistcleaner:A}
	at TRANSFORMER/minecraft@1.21.1/net.minecraft.client.main.Main.main(Main.java:230) [neoforge-21.1.219.jar%23172!/:?] {re:classloading,pl:runtimedistcleaner:A}
	at java.base/jdk.internal.reflect.DirectMethodHandleAccessor.invoke(DirectMethodHandleAccessor.java:104) ~[?:?] {}
	at java.base/java.lang.reflect.Method.invoke(Method.java:565) ~[?:?] {}
	at MC-BOOTSTRAP/fml_loader@4.0.42/net.neoforged.fml.loading.targets.CommonLaunchHandler.runTarget(CommonLaunchHandler.java:136) [loader-4.0.42.jar%23130!/:4.0] {}
	at MC-BOOTSTRAP/fml_loader@4.0.42/net.neoforged.fml.loading.targets.CommonLaunchHandler.clientService(CommonLaunchHandler.java:124) [loader-4.0.42.jar%23130!/:4.0] {}
	at MC-BOOTSTRAP/fml_loader@4.0.42/net.neoforged.fml.loading.targets.NeoForgeClientDevLaunchHandler.runService(NeoForgeClientDevLaunchHandler.java:23) [loader-4.0.42.jar%23130!/:4.0] {}
	at MC-BOOTSTRAP/fml_loader@4.0.42/net.neoforged.fml.loading.targets.CommonLaunchHandler.lambda$launchService$4(CommonLaunchHandler.java:118) [loader-4.0.42.jar%23130!/:4.0] {}
	at MC-BOOTSTRAP/cpw.mods.modlauncher@11.0.5/cpw.mods.modlauncher.LaunchServiceHandlerDecorator.launch(LaunchServiceHandlerDecorator.java:30) [modlauncher-11.0.5.jar%23112!/:?] {}
	at MC-BOOTSTRAP/cpw.mods.modlauncher@11.0.5/cpw.mods.modlauncher.LaunchServiceHandler.launch(LaunchServiceHandler.java:53) [modlauncher-11.0.5.jar%23112!/:?] {}
	at MC-BOOTSTRAP/cpw.mods.modlauncher@11.0.5/cpw.mods.modlauncher.LaunchServiceHandler.launch(LaunchServiceHandler.java:71) [modlauncher-11.0.5.jar%23112!/:?] {}
	at MC-BOOTSTRAP/cpw.mods.modlauncher@11.0.5/cpw.mods.modlauncher.Launcher.run(Launcher.java:103) [modlauncher-11.0.5.jar%23112!/:?] {}
	at MC-BOOTSTRAP/cpw.mods.modlauncher@11.0.5/cpw.mods.modlauncher.Launcher.main(Launcher.java:74) [modlauncher-11.0.5.jar%23112!/:?] {}
	at MC-BOOTSTRAP/cpw.mods.modlauncher@11.0.5/cpw.mods.modlauncher.BootstrapLaunchConsumer.accept(BootstrapLaunchConsumer.java:26) [modlauncher-11.0.5.jar%23112!/:?] {}
	at MC-BOOTSTRAP/cpw.mods.modlauncher@11.0.5/cpw.mods.modlauncher.BootstrapLaunchConsumer.accept(BootstrapLaunchConsumer.java:23) [modlauncher-11.0.5.jar%23112!/:?] {}
	at cpw.mods.bootstraplauncher@2.0.2/cpw.mods.bootstraplauncher.BootstrapLauncher.run(BootstrapLauncher.java:210) [bootstraplauncher-2.0.2.jar:?] {}
	at cpw.mods.bootstraplauncher@2.0.2/cpw.mods.bootstraplauncher.BootstrapLauncher.main(BootstrapLauncher.java:69) [bootstraplauncher-2.0.2.jar:?] {}
	at java.base/jdk.internal.reflect.DirectMethodHandleAccessor.invoke(DirectMethodHandleAccessor.java:104) ~[?:?] {}
	at java.base/java.lang.reflect.Method.invoke(Method.java:565) ~[?:?] {}
	at net.neoforged.devlaunch.Main.main(Main.java:57) [DevLaunch-1.0.2.jar:?] {}
[14:21:24] [Server thread/INFO] [minecraft/MinecraftServer]: Stopping server
[14:21:24] [Server thread/INFO] [minecraft/MinecraftServer]: Saving players
[14:21:24] [Server thread/INFO] [minecraft/MinecraftServer]: Saving worlds
[14:21:24] [Server thread/INFO] [minecraft/MinecraftServer]: Saving chunks for level 'ServerLevel[New Worldsdfsdf]'/minecraft:overworld
[14:21:24] [Server thread/INFO] [minecraft/MinecraftServer]: Saving chunks for level 'ServerLevel[New Worldsdfsdf]'/minecraft:the_end
[14:21:24] [Server thread/INFO] [minecraft/MinecraftServer]: Saving chunks for level 'ServerLevel[New Worldsdfsdf]'/minecraft:the_nether
[14:21:24] [Server thread/INFO] [minecraft/MinecraftServer]: ThreadedAnvilChunkStorage (New Worldsdfsdf): All chunks are saved
[14:21:24] [Server thread/INFO] [minecraft/MinecraftServer]: ThreadedAnvilChunkStorage (DIM1): All chunks are saved
[14:21:24] [Server thread/INFO] [minecraft/MinecraftServer]: ThreadedAnvilChunkStorage (DIM-1): All chunks are saved
[14:21:24] [Server thread/INFO] [minecraft/MinecraftServer]: ThreadedAnvilChunkStorage: All dimensions are saved
[14:21:24] [Render thread/INFO] [SuperResolution/]: Frame generation backend negotiation: fg=null, lowLatency=null
[14:21:25] [Render thread/FATAL] [ne.ne.ne.co.NeoForgeMod/]: Preparing crash report with UUID 0cf04db3-b193-4253-9e91-6833b035c7dc
---- Minecraft Crash Report ----
// You're mean.

Time: 2026-10-04 14:21:25
Description: Unexpected error

java.lang.IllegalStateException: Frame capture slot cannot be reused after ownership recovery failed
	at TRANSFORMER/super_resolution@0.9.2-alpha.1+dev.b3dd23c.opengl/io.homo.superresolution.common.presentation.capture.FrameResources.begin(FrameResources.java:80) ~[superresolution-sr-x2-handoff-f9a2bcdf8c4a.jar%23175!/:?] {re:classloading}
	at TRANSFORMER/super_resolution@0.9.2-alpha.1+dev.b3dd23c.opengl/io.homo.superresolution.common.presentation.capture.CaptureFrameRing.beginFrame(CaptureFrameRing.java:65) ~[superresolution-sr-x2-handoff-f9a2bcdf8c4a.jar%23175!/:?] {re:classloading}
	at TRANSFORMER/super_resolution@0.9.2-alpha.1+dev.b3dd23c.opengl/io.homo.superresolution.common.presentation.capture.FrameCaptureManager.beginFrame(FrameCaptureManager.java:153) ~[superresolution-sr-x2-handoff-f9a2bcdf8c4a.jar%23175!/:?] {re:mixin,re:classloading}
	at TRANSFORMER/super_resolution@0.9.2-alpha.1+dev.b3dd23c.opengl/io.homo.superresolution.common.presentation.capture.FrameCaptureManager.captureFinalColor(FrameCaptureManager.java:83) ~[superresolution-sr-x2-handoff-f9a2bcdf8c4a.jar%23175!/:?] {re:mixin,re:classloading}
	at TRANSFORMER/minecraft@1.21.1/net.minecraft.client.renderer.GameRenderer.handler$zkm000$super_resolution$captureFinalColor(GameRenderer.java:5848) ~[neoforge-21.1.219.jar%23172!/:?] {re:mixin,pl:accesstransformer:B,pl:runtimedistcleaner:A,re:classloading,pl:accesstransformer:B,pl:mixin:A,pl:runtimedistcleaner:A}
	at TRANSFORMER/minecraft@1.21.1/net.minecraft.client.renderer.GameRenderer.render(GameRenderer.java:1149) ~[neoforge-21.1.219.jar%23172!/:?] {re:mixin,pl:accesstransformer:B,pl:runtimedistcleaner:A,re:classloading,pl:accesstransformer:B,pl:mixin:A,pl:runtimedistcleaner:A}
	at TRANSFORMER/minecraft@1.21.1/net.minecraft.client.Minecraft.runTick(Minecraft.java:1195) [neoforge-21.1.219.jar%23172!/:?] {re:mixin,pl:runtimedistcleaner:A,re:classloading,pl:mixin:APP:sodium-common.mixins.json:core.MinecraftMixin from mod sodium,pl:mixin:APP:sodium-neoforge.mixins.json:platform.neoforge.EntrypointMixin from mod sodium,pl:mixin:APP:mixins.iris.json:MixinMinecraft_Images from mod iris,pl:mixin:APP:mixins.iris.json:MixinMinecraft_Keybinds from mod iris,pl:mixin:APP:mixins.iris.json:MixinMinecraft_PipelineManagement from mod iris,pl:mixin:APP:super_resolution.mixins.json:core.GlTextureViewMixin from mod super_resolution,pl:mixin:APP:super_resolution.mixins.json:core.MinecraftMixin from mod super_resolution,pl:mixin:APP:super_resolution.mixins.json:core.accessor.MinecraftAccessor from mod super_resolution,pl:mixin:APP:super_resolution.mixins.json:framegeneration.v1_20_1.GameRendererConstantsMixin from mod super_resolution,pl:mixin:APP:super_resolution.mixins.json:framegeneration.v1_21_11.GameRendererConstantsMixin from mod super_resolution,pl:mixin:APP:super_resolution.mixins.json:framegeneration.v26_1_x.GameRendererConstantsMixin from mod super_resolution,pl:mixin:APP:super_resolution.mixins.json:framegeneration.v26_2.GameRendererConstantsMixin from mod super_resolution,pl:mixin:APP:super_resolution.mixins.json:framegeneration.v26_2.NativeLibrariesBootstrapMixin from mod super_resolution,pl:mixin:APP:super_resolution.mixins.json:framegeneration.v26_3.GameRendererConstantsMixin from mod super_resolution,pl:mixin:APP:super_resolution.mixins.json:framegeneration.v26_3.NativeLibrariesBootstrapMixin from mod super_resolution,pl:mixin:APP:super_resolution.mixins.json:gui.GuiGraphicsMixin from mod super_resolution,pl:mixin:APP:super_resolution.mixins.json:gui.GuiRendererDrawAccessor from mod super_resolution,pl:mixin:APP:super_resolution.mixins.json:gui.GuiRendererMixin from mod super_resolution,pl:mixin:APP:super_resolution.mixins.json:lowlatency.v1_20_1.KeyboardHandlerReflexMixin from mod super_resolution,pl:mixin:APP:super_resolution.mixins.json:lowlatency.v1_20_1.MinecraftReflexMixin from mod super_resolution,pl:mixin:APP:super_resolution.mixins.json:lowlatency.v1_20_1.MouseHandlerReflexMixin from mod super_resolution,pl:mixin:APP:super_resolution.mixins.json:lowlatency.v1_20_1.RenderSystemAccessor from mod super_resolution,pl:mixin:APP:super_resolution.mixins.json:lowlatency.v1_21_1.MinecraftReflexMixin from mod super_resolution,pl:mixin:APP:super_resolution.mixins.json:lowlatency.v1_21_11.KeyboardHandlerReflexMixin from mod super_resolution,pl:mixin:APP:super_resolution.mixins.json:lowlatency.v1_21_11.MinecraftReflexMixin from mod super_resolution,pl:mixin:APP:super_resolution.mixins.json:lowlatency.v1_21_11.MouseHandlerReflexMixin from mod super_resolution,pl:mixin:APP:super_resolution.mixins.json:lowlatency.v1_21_11.RenderSystemAccessor from mod super_resolution,pl:mixin:APP:super_resolution.mixins.json:lowlatency.v26_1_x.KeyboardHandlerReflexMixin from mod super_resolution,pl:mixin:APP:super_resolution.mixins.json:lowlatency.v26_1_x.MinecraftReflexMixin from mod super_resolution,pl:mixin:APP:super_resolution.mixins.json:lowlatency.v26_1_x.MouseHandlerReflexMixin from mod super_resolution,pl:mixin:APP:super_resolution.mixins.json:lowlatency.v26_2.KeyboardHandlerReflexMixin from mod super_resolution,pl:mixin:APP:super_resolution.mixins.json:lowlatency.v26_2.MinecraftReflexMixin from mod super_resolution,pl:mixin:APP:super_resolution.mixins.json:lowlatency.v26_2.MouseHandlerReflexMixin from mod super_resolution,pl:mixin:APP:super_resolution.mixins.json:lowlatency.v26_3.KeyboardHandlerReflexMixin from mod super_resolution,pl:mixin:APP:super_resolution.mixins.json:lowlatency.v26_3.MinecraftReflexMixin from mod super_resolution,pl:mixin:APP:super_resolution.mixins.json:lowlatency.v26_3.MouseHandlerReflexMixin from mod super_resolution,pl:mixin:APP:super_resolution.mixins.json:presentation.v1_20_1.VulkanPresentationGameRendererCaptureMixin from mod super_resolution,pl:mixin:APP:super_resolution.mixins.json:presentation.v1_20_1.VulkanPresentationGlDeviceMixin from mod super_resolution,pl:mixin:APP:super_resolution.mixins.json:presentation.v1_20_1.VulkanPresentationMinecraftBackendMixin from mod super_resolution,pl:mixin:APP:super_resolution.mixins.json:presentation.v1_20_1.VulkanPresentationMinecraftCaptureMixin from mod super_resolution,pl:mixin:APP:super_resolution.mixins.json:presentation.v1_20_1.VulkanPresentationWindowMixin from mod super_resolution,pl:mixin:APP:super_resolution.mixins.json:presentation.v1_21_1.VulkanPresentationMinecraftCaptureMixin from mod super_resolution,pl:mixin:APP:super_resolution.mixins.json:presentation.v1_21_11.VulkanPresentationGameRendererCaptureMixin from mod super_resolution,pl:mixin:APP:super_resolution.mixins.json:presentation.v1_21_11.VulkanPresentationGlDeviceMixin from mod super_resolution,pl:mixin:APP:super_resolution.mixins.json:presentation.v1_21_11.VulkanPresentationMinecraftBackendMixin from mod super_resolution,pl:mixin:APP:super_resolution.mixins.json:presentation.v1_21_11.VulkanPresentationMinecraftCaptureMixin from mod super_resolution,pl:mixin:APP:super_resolution.mixins.json:presentation.v1_21_11.VulkanPresentationWindowMixin from mod super_resolution,pl:mixin:APP:super_resolution.mixins.json:presentation.v26_1_x.VulkanPresentationGameRendererCaptureMixin from mod super_resolution,pl:mixin:APP:super_resolution.mixins.json:presentation.v26_1_x.VulkanPresentationGlDeviceMixin from mod super_resolution,pl:mixin:APP:super_resolution.mixins.json:presentation.v26_1_x.VulkanPresentationMinecraftBackendMixin from mod super_resolution,pl:mixin:APP:super_resolution.mixins.json:presentation.v26_1_x.VulkanPresentationMinecraftCaptureMixin from mod super_resolution,pl:mixin:APP:super_resolution.mixins.json:presentation.v26_1_x.VulkanPresentationWindowCloseMixin from mod super_resolution,pl:mixin:APP:super_resolution.mixins.json:presentation.v26_2.VulkanPresentationGameRendererCaptureMixin from mod super_resolution,pl:mixin:APP:super_resolution.mixins.json:presentation.v26_2.VulkanPresentationGlDeviceMixin from mod super_resolution,pl:mixin:APP:super_resolution.mixins.json:presentation.v26_2.VulkanPresentationMinecraftBackendMixin from mod super_resolution,pl:mixin:APP:super_resolution.mixins.json:presentation.v26_2.VulkanPresentationMinecraftCaptureMixin from mod super_resolution,pl:mixin:APP:super_resolution.mixins.json:presentation.v26_2.VulkanPresentationWindowCloseMixin from mod super_resolution,pl:mixin:APP:super_resolution.mixins.json:presentation.v26_3.VulkanPresentationGameRendererCaptureMixin from mod super_resolution,pl:mixin:APP:super_resolution.mixins.json:presentation.v26_3.VulkanPresentationGlDeviceMixin from mod super_resolution,pl:mixin:APP:super_resolution.mixins.json:presentation.v26_3.VulkanPresentationMinecraftBackendMixin from mod super_resolution,pl:mixin:APP:super_resolution.mixins.json:presentation.v26_3.VulkanPresentationMinecraftCaptureMixin from mod super_resolution,pl:mixin:APP:super_resolution.mixins.json:presentation.v26_3.VulkanPresentationWindowCloseMixin from mod super_resolution,pl:mixin:APP:super_resolution-neoforge.mixins.json:neoforge.FuckingValidation1218Mixin from mod super_resolution,pl:mixin:APP:super_resolution-neoforge.mixins.json:neoforge.FuckingValidationMixin from mod super_resolution,pl:mixin:APP:super_resolution_irisapi.mixins.json:composite.before1_21_1.GlStateManagerTextureStateAccessor from mod super_resolution,pl:mixin:APP:architectury.mixins.json:MixinMinecraft from mod architectury,pl:mixin:A,pl:runtimedistcleaner:A}
	at TRANSFORMER/minecraft@1.21.1/net.minecraft.client.Minecraft.run(Minecraft.java:807) [neoforge-21.1.219.jar%23172!/:?] {re:mixin,pl:runtimedistcleaner:A,re:classloading,pl:mixin:APP:sodium-common.mixins.json:core.MinecraftMixin from mod sodium,pl:mixin:APP:sodium-neoforge.mixins.json:platform.neoforge.EntrypointMixin from mod sodium,pl:mixin:APP:mixins.iris.json:MixinMinecraft_Images from mod iris,pl:mixin:APP:mixins.iris.json:MixinMinecraft_Keybinds from mod iris,pl:mixin:APP:mixins.iris.json:MixinMinecraft_PipelineManagement from mod iris,pl:mixin:APP:super_resolution.mixins.json:core.GlTextureViewMixin from mod super_resolution,pl:mixin:APP:super_resolution.mixins.json:core.MinecraftMixin from mod super_resolution,pl:mixin:APP:super_resolution.mixins.json:core.accessor.MinecraftAccessor from mod super_resolution,pl:mixin:APP:super_resolution.mixins.json:framegeneration.v1_20_1.GameRendererConstantsMixin from mod super_resolution,pl:mixin:APP:super_resolution.mixins.json:framegeneration.v1_21_11.GameRendererConstantsMixin from mod super_resolution,pl:mixin:APP:super_resolution.mixins.json:framegeneration.v26_1_x.GameRendererConstantsMixin from mod super_resolution,pl:mixin:APP:super_resolution.mixins.json:framegeneration.v26_2.GameRendererConstantsMixin from mod super_resolution,pl:mixin:APP:super_resolution.mixins.json:framegeneration.v26_2.NativeLibrariesBootstrapMixin from mod super_resolution,pl:mixin:APP:super_resolution.mixins.json:framegeneration.v26_3.GameRendererConstantsMixin from mod super_resolution,pl:mixin:APP:super_resolution.mixins.json:framegeneration.v26_3.NativeLibrariesBootstrapMixin from mod super_resolution,pl:mixin:APP:super_resolution.mixins.json:gui.GuiGraphicsMixin from mod super_resolution,pl:mixin:APP:super_resolution.mixins.json:gui.GuiRendererDrawAccessor from mod super_resolution,pl:mixin:APP:super_resolution.mixins.json:gui.GuiRendererMixin from mod super_resolution,pl:mixin:APP:super_resolution.mixins.json:lowlatency.v1_20_1.KeyboardHandlerReflexMixin from mod super_resolution,pl:mixin:APP:super_resolution.mixins.json:lowlatency.v1_20_1.MinecraftReflexMixin from mod super_resolution,pl:mixin:APP:super_resolution.mixins.json:lowlatency.v1_20_1.MouseHandlerReflexMixin from mod super_resolution,pl:mixin:APP:super_resolution.mixins.json:lowlatency.v1_20_1.RenderSystemAccessor from mod super_resolution,pl:mixin:APP:super_resolution.mixins.json:lowlatency.v1_21_1.MinecraftReflexMixin from mod super_resolution,pl:mixin:APP:super_resolution.mixins.json:lowlatency.v1_21_11.KeyboardHandlerReflexMixin from mod super_resolution,pl:mixin:APP:super_resolution.mixins.json:lowlatency.v1_21_11.MinecraftReflexMixin from mod super_resolution,pl:mixin:APP:super_resolution.mixins.json:lowlatency.v1_21_11.MouseHandlerReflexMixin from mod super_resolution,pl:mixin:APP:super_resolution.mixins.json:lowlatency.v1_21_11.RenderSystemAccessor from mod super_resolution,pl:mixin:APP:super_resolution.mixins.json:lowlatency.v26_1_x.KeyboardHandlerReflexMixin from mod super_resolution,pl:mixin:APP:super_resolution.mixins.json:lowlatency.v26_1_x.MinecraftReflexMixin from mod super_resolution,pl:mixin:APP:super_resolution.mixins.json:lowlatency.v26_1_x.MouseHandlerReflexMixin from mod super_resolution,pl:mixin:APP:super_resolution.mixins.json:lowlatency.v26_2.KeyboardHandlerReflexMixin from mod super_resolution,pl:mixin:APP:super_resolution.mixins.json:lowlatency.v26_2.MinecraftReflexMixin from mod super_resolution,pl:mixin:APP:super_resolution.mixins.json:lowlatency.v26_2.MouseHandlerReflexMixin from mod super_resolution,pl:mixin:APP:super_resolution.mixins.json:lowlatency.v26_3.KeyboardHandlerReflexMixin from mod super_resolution,pl:mixin:APP:super_resolution.mixins.json:lowlatency.v26_3.MinecraftReflexMixin from mod super_resolution,pl:mixin:APP:super_resolution.mixins.json:lowlatency.v26_3.MouseHandlerReflexMixin from mod super_resolution,pl:mixin:APP:super_resolution.mixins.json:presentation.v1_20_1.VulkanPresentationGameRendererCaptureMixin from mod super_resolution,pl:mixin:APP:super_resolution.mixins.json:presentation.v1_20_1.VulkanPresentationGlDeviceMixin from mod super_resolution,pl:mixin:APP:super_resolution.mixins.json:presentation.v1_20_1.VulkanPresentationMinecraftBackendMixin from mod super_resolution,pl:mixin:APP:super_resolution.mixins.json:presentation.v1_20_1.VulkanPresentationMinecraftCaptureMixin from mod super_resolution,pl:mixin:APP:super_resolution.mixins.json:presentation.v1_20_1.VulkanPresentationWindowMixin from mod super_resolution,pl:mixin:APP:super_resolution.mixins.json:presentation.v1_21_1.VulkanPresentationMinecraftCaptureMixin from mod super_resolution,pl:mixin:APP:super_resolution.mixins.json:presentation.v1_21_11.VulkanPresentationGameRendererCaptureMixin from mod super_resolution,pl:mixin:APP:super_resolution.mixins.json:presentation.v1_21_11.VulkanPresentationGlDeviceMixin from mod super_resolution,pl:mixin:APP:super_resolution.mixins.json:presentation.v1_21_11.VulkanPresentationMinecraftBackendMixin from mod super_resolution,pl:mixin:APP:super_resolution.mixins.json:presentation.v1_21_11.VulkanPresentationMinecraftCaptureMixin from mod super_resolution,pl:mixin:APP:super_resolution.mixins.json:presentation.v1_21_11.VulkanPresentationWindowMixin from mod super_resolution,pl:mixin:APP:super_resolution.mixins.json:presentation.v26_1_x.VulkanPresentationGameRendererCaptureMixin from mod super_resolution,pl:mixin:APP:super_resolution.mixins.json:presentation.v26_1_x.VulkanPresentationGlDeviceMixin from mod super_resolution,pl:mixin:APP:super_resolution.mixins.json:presentation.v26_1_x.VulkanPresentationMinecraftBackendMixin from mod super_resolution,pl:mixin:APP:super_resolution.mixins.json:presentation.v26_1_x.VulkanPresentationMinecraftCaptureMixin from mod super_resolution,pl:mixin:APP:super_resolution.mixins.json:presentation.v26_1_x.VulkanPresentationWindowCloseMixin from mod super_resolution,pl:mixin:APP:super_resolution.mixins.json:presentation.v26_2.VulkanPresentationGameRendererCaptureMixin from mod super_resolution,pl:mixin:APP:super_resolution.mixins.json:presentation.v26_2.VulkanPresentationGlDeviceMixin from mod super_resolution,pl:mixin:APP:super_resolution.mixins.json:presentation.v26_2.VulkanPresentationMinecraftBackendMixin from mod super_resolution,pl:mixin:APP:super_resolution.mixins.json:presentation.v26_2.VulkanPresentationMinecraftCaptureMixin from mod super_resolution,pl:mixin:APP:super_resolution.mixins.json:presentation.v26_2.VulkanPresentationWindowCloseMixin from mod super_resolution,pl:mixin:APP:super_resolution.mixins.json:presentation.v26_3.VulkanPresentationGameRendererCaptureMixin from mod super_resolution,pl:mixin:APP:super_resolution.mixins.json:presentation.v26_3.VulkanPresentationGlDeviceMixin from mod super_resolution,pl:mixin:APP:super_resolution.mixins.json:presentation.v26_3.VulkanPresentationMinecraftBackendMixin from mod super_resolution,pl:mixin:APP:super_resolution.mixins.json:presentation.v26_3.VulkanPresentationMinecraftCaptureMixin from mod super_resolution,pl:mixin:APP:super_resolution.mixins.json:presentation.v26_3.VulkanPresentationWindowCloseMixin from mod super_resolution,pl:mixin:APP:super_resolution-neoforge.mixins.json:neoforge.FuckingValidation1218Mixin from mod super_resolution,pl:mixin:APP:super_resolution-neoforge.mixins.json:neoforge.FuckingValidationMixin from mod super_resolution,pl:mixin:APP:super_resolution_irisapi.mixins.json:composite.before1_21_1.GlStateManagerTextureStateAccessor from mod super_resolution,pl:mixin:APP:architectury.mixins.json:MixinMinecraft from mod architectury,pl:mixin:A,pl:runtimedistcleaner:A}
	at TRANSFORMER/minecraft@1.21.1/net.minecraft.client.main.Main.main(Main.java:230) [neoforge-21.1.219.jar%23172!/:?] {re:classloading,pl:runtimedistcleaner:A}
	at java.base/jdk.internal.reflect.DirectMethodHandleAccessor.invoke(DirectMethodHandleAccessor.java:104) ~[?:?] {}
	at java.base/java.lang.reflect.Method.invoke(Method.java:565) ~[?:?] {}
	at MC-BOOTSTRAP/fml_loader@4.0.42/net.neoforged.fml.loading.targets.CommonLaunchHandler.runTarget(CommonLaunchHandler.java:136) [loader-4.0.42.jar%23130!/:4.0] {}
	at MC-BOOTSTRAP/fml_loader@4.0.42/net.neoforged.fml.loading.targets.CommonLaunchHandler.clientService(CommonLaunchHandler.java:124) [loader-4.0.42.jar%23130!/:4.0] {}
	at MC-BOOTSTRAP/fml_loader@4.0.42/net.neoforged.fml.loading.targets.NeoForgeClientDevLaunchHandler.runService(NeoForgeClientDevLaunchHandler.java:23) [loader-4.0.42.jar%23130!/:4.0] {}
	at MC-BOOTSTRAP/fml_loader@4.0.42/net.neoforged.fml.loading.targets.CommonLaunchHandler.lambda$launchService$4(CommonLaunchHandler.java:118) [loader-4.0.42.jar%23130!/:4.0] {}
	at MC-BOOTSTRAP/cpw.mods.modlauncher@11.0.5/cpw.mods.modlauncher.LaunchServiceHandlerDecorator.launch(LaunchServiceHandlerDecorator.java:30) [modlauncher-11.0.5.jar%23112!/:?] {}
	at MC-BOOTSTRAP/cpw.mods.modlauncher@11.0.5/cpw.mods.modlauncher.LaunchServiceHandler.launch(LaunchServiceHandler.java:53) [modlauncher-11.0.5.jar%23112!/:?] {}
	at MC-BOOTSTRAP/cpw.mods.modlauncher@11.0.5/cpw.mods.modlauncher.LaunchServiceHandler.launch(LaunchServiceHandler.java:71) [modlauncher-11.0.5.jar%23112!/:?] {}
	at MC-BOOTSTRAP/cpw.mods.modlauncher@11.0.5/cpw.mods.modlauncher.Launcher.run(Launcher.java:103) [modlauncher-11.0.5.jar%23112!/:?] {}
	at MC-BOOTSTRAP/cpw.mods.modlauncher@11.0.5/cpw.mods.modlauncher.Launcher.main(Launcher.java:74) [modlauncher-11.0.5.jar%23112!/:?] {}
	at MC-BOOTSTRAP/cpw.mods.modlauncher@11.0.5/cpw.mods.modlauncher.BootstrapLaunchConsumer.accept(BootstrapLaunchConsumer.java:26) [modlauncher-11.0.5.jar%23112!/:?] {}
	at MC-BOOTSTRAP/cpw.mods.modlauncher@11.0.5/cpw.mods.modlauncher.BootstrapLaunchConsumer.accept(BootstrapLaunchConsumer.java:23) [modlauncher-11.0.5.jar%23112!/:?] {}
	at cpw.mods.bootstraplauncher@2.0.2/cpw.mods.bootstraplauncher.BootstrapLauncher.run(BootstrapLauncher.java:210) [bootstraplauncher-2.0.2.jar:?] {}
	at cpw.mods.bootstraplauncher@2.0.2/cpw.mods.bootstraplauncher.BootstrapLauncher.main(BootstrapLauncher.java:69) [bootstraplauncher-2.0.2.jar:?] {}
	at java.base/jdk.internal.reflect.DirectMethodHandleAccessor.invoke(DirectMethodHandleAccessor.java:104) ~[?:?] {}
	at java.base/java.lang.reflect.Method.invoke(Method.java:565) ~[?:?] {}
	at net.neoforged.devlaunch.Main.main(Main.java:57) [DevLaunch-1.0.2.jar:?] {}


A detailed walkthrough of the error, its code path and all known details is as follows:
---------------------------------------------------------------------------------------

-- Head --
Thread: Render thread
Stacktrace:
	at TRANSFORMER/super_resolution@0.9.2-alpha.1+dev.b3dd23c.opengl/io.homo.superresolution.common.presentation.capture.FrameResources.begin(FrameResources.java:80) ~[superresolution-sr-x2-handoff-f9a2bcdf8c4a.jar%23175!/:?] {re:classloading}
	at TRANSFORMER/super_resolution@0.9.2-alpha.1+dev.b3dd23c.opengl/io.homo.superresolution.common.presentation.capture.CaptureFrameRing.beginFrame(CaptureFrameRing.java:65) ~[superresolution-sr-x2-handoff-f9a2bcdf8c4a.jar%23175!/:?] {re:classloading}
	at TRANSFORMER/super_resolution@0.9.2-alpha.1+dev.b3dd23c.opengl/io.homo.superresolution.common.presentation.capture.FrameCaptureManager.beginFrame(FrameCaptureManager.java:153) ~[superresolution-sr-x2-handoff-f9a2bcdf8c4a.jar%23175!/:?] {re:mixin,re:classloading}
	at TRANSFORMER/super_resolution@0.9.2-alpha.1+dev.b3dd23c.opengl/io.homo.superresolution.common.presentation.capture.FrameCaptureManager.captureFinalColor(FrameCaptureManager.java:83) ~[superresolution-sr-x2-handoff-f9a2bcdf8c4a.jar%23175!/:?] {re:mixin,re:classloading}
	at TRANSFORMER/minecraft@1.21.1/net.minecraft.client.renderer.GameRenderer.handler$zkm000$super_resolution$captureFinalColor(GameRenderer.java:5848) ~[neoforge-21.1.219.jar%23172!/:?] {re:mixin,pl:accesstransformer:B,pl:runtimedistcleaner:A,re:classloading,pl:accesstransformer:B,pl:mixin:A,pl:runtimedistcleaner:A}
-- Uptime --
Details:
	JVM uptime: 127.779s
	Wall uptime: 101.823s
	High-res time: 100.948s
	Client ticks: 1396 ticks / 69.800s
Stacktrace:
	at TRANSFORMER/minecraft@1.21.1/net.minecraft.client.Minecraft.fillReport(Minecraft.java:2394) [neoforge-21.1.219.jar%23172!/:?] {re:mixin,pl:runtimedistcleaner:A,re:classloading,pl:mixin:APP:sodium-common.mixins.json:core.MinecraftMixin from mod sodium,pl:mixin:APP:sodium-neoforge.mixins.json:platform.neoforge.EntrypointMixin from mod sodium,pl:mixin:APP:mixins.iris.json:MixinMinecraft_Images from mod iris,pl:mixin:APP:mixins.iris.json:MixinMinecraft_Keybinds from mod iris,pl:mixin:APP:mixins.iris.json:MixinMinecraft_PipelineManagement from mod iris,pl:mixin:APP:super_resolution.mixins.json:core.GlTextureViewMixin from mod super_resolution,pl:mixin:APP:super_resolution.mixins.json:core.MinecraftMixin from mod super_resolution,pl:mixin:APP:super_resolution.mixins.json:core.accessor.MinecraftAccessor from mod super_resolution,pl:mixin:APP:super_resolution.mixins.json:framegeneration.v1_20_1.GameRendererConstantsMixin from mod super_resolution,pl:mixin:APP:super_resolution.mixins.json:framegeneration.v1_21_11.GameRendererConstantsMixin from mod super_resolution,pl:mixin:APP:super_resolution.mixins.json:framegeneration.v26_1_x.GameRendererConstantsMixin from mod super_resolution,pl:mixin:APP:super_resolution.mixins.json:framegeneration.v26_2.GameRendererConstantsMixin from mod super_resolution,pl:mixin:APP:super_resolution.mixins.json:framegeneration.v26_2.NativeLibrariesBootstrapMixin from mod super_resolution,pl:mixin:APP:super_resolution.mixins.json:framegeneration.v26_3.GameRendererConstantsMixin from mod super_resolution,pl:mixin:APP:super_resolution.mixins.json:framegeneration.v26_3.NativeLibrariesBootstrapMixin from mod super_resolution,pl:mixin:APP:super_resolution.mixins.json:gui.GuiGraphicsMixin from mod super_resolution,pl:mixin:APP:super_resolution.mixins.json:gui.GuiRendererDrawAccessor from mod super_resolution,pl:mixin:APP:super_resolution.mixins.json:gui.GuiRendererMixin from mod super_resolution,pl:mixin:APP:super_resolution.mixins.json:lowlatency.v1_20_1.KeyboardHandlerReflexMixin from mod super_resolution,pl:mixin:APP:super_resolution.mixins.json:lowlatency.v1_20_1.MinecraftReflexMixin from mod super_resolution,pl:mixin:APP:super_resolution.mixins.json:lowlatency.v1_20_1.MouseHandlerReflexMixin from mod super_resolution,pl:mixin:APP:super_resolution.mixins.json:lowlatency.v1_20_1.RenderSystemAccessor from mod super_resolution,pl:mixin:APP:super_resolution.mixins.json:lowlatency.v1_21_1.MinecraftReflexMixin from mod super_resolution,pl:mixin:APP:super_resolution.mixins.json:lowlatency.v1_21_11.KeyboardHandlerReflexMixin from mod super_resolution,pl:mixin:APP:super_resolution.mixins.json:lowlatency.v1_21_11.MinecraftReflexMixin from mod super_resolution,pl:mixin:APP:super_resolution.mixins.json:lowlatency.v1_21_11.MouseHandlerReflexMixin from mod super_resolution,pl:mixin:APP:super_resolution.mixins.json:lowlatency.v1_21_11.RenderSystemAccessor from mod super_resolution,pl:mixin:APP:super_resolution.mixins.json:lowlatency.v26_1_x.KeyboardHandlerReflexMixin from mod super_resolution,pl:mixin:APP:super_resolution.mixins.json:lowlatency.v26_1_x.MinecraftReflexMixin from mod super_resolution,pl:mixin:APP:super_resolution.mixins.json:lowlatency.v26_1_x.MouseHandlerReflexMixin from mod super_resolution,pl:mixin:APP:super_resolution.mixins.json:lowlatency.v26_2.KeyboardHandlerReflexMixin from mod super_resolution,pl:mixin:APP:super_resolution.mixins.json:lowlatency.v26_2.MinecraftReflexMixin from mod super_resolution,pl:mixin:APP:super_resolution.mixins.json:lowlatency.v26_2.MouseHandlerReflexMixin from mod super_resolution,pl:mixin:APP:super_resolution.mixins.json:lowlatency.v26_3.KeyboardHandlerReflexMixin from mod super_resolution,pl:mixin:APP:super_resolution.mixins.json:lowlatency.v26_3.MinecraftReflexMixin from mod super_resolution,pl:mixin:APP:super_resolution.mixins.json:lowlatency.v26_3.MouseHandlerReflexMixin from mod super_resolution,pl:mixin:APP:super_resolution.mixins.json:presentation.v1_20_1.VulkanPresentationGameRendererCaptureMixin from mod super_resolution,pl:mixin:APP:super_resolution.mixins.json:presentation.v1_20_1.VulkanPresentationGlDeviceMixin from mod super_resolution,pl:mixin:APP:super_resolution.mixins.json:presentation.v1_20_1.VulkanPresentationMinecraftBackendMixin from mod super_resolution,pl:mixin:APP:super_resolution.mixins.json:presentation.v1_20_1.VulkanPresentationMinecraftCaptureMixin from mod super_resolution,pl:mixin:APP:super_resolution.mixins.json:presentation.v1_20_1.VulkanPresentationWindowMixin from mod super_resolution,pl:mixin:APP:super_resolution.mixins.json:presentation.v1_21_1.VulkanPresentationMinecraftCaptureMixin from mod super_resolution,pl:mixin:APP:super_resolution.mixins.json:presentation.v1_21_11.VulkanPresentationGameRendererCaptureMixin from mod super_resolution,pl:mixin:APP:super_resolution.mixins.json:presentation.v1_21_11.VulkanPresentationGlDeviceMixin from mod super_resolution,pl:mixin:APP:super_resolution.mixins.json:presentation.v1_21_11.VulkanPresentationMinecraftBackendMixin from mod super_resolution,pl:mixin:APP:super_resolution.mixins.json:presentation.v1_21_11.VulkanPresentationMinecraftCaptureMixin from mod super_resolution,pl:mixin:APP:super_resolution.mixins.json:presentation.v1_21_11.VulkanPresentationWindowMixin from mod super_resolution,pl:mixin:APP:super_resolution.mixins.json:presentation.v26_1_x.VulkanPresentationGameRendererCaptureMixin from mod super_resolution,pl:mixin:APP:super_resolution.mixins.json:presentation.v26_1_x.VulkanPresentationGlDeviceMixin from mod super_resolution,pl:mixin:APP:super_resolution.mixins.json:presentation.v26_1_x.VulkanPresentationMinecraftBackendMixin from mod super_resolution,pl:mixin:APP:super_resolution.mixins.json:presentation.v26_1_x.VulkanPresentationMinecraftCaptureMixin from mod super_resolution,pl:mixin:APP:super_resolution.mixins.json:presentation.v26_1_x.VulkanPresentationWindowCloseMixin from mod super_resolution,pl:mixin:APP:super_resolution.mixins.json:presentation.v26_2.VulkanPresentationGameRendererCaptureMixin from mod super_resolution,pl:mixin:APP:super_resolution.mixins.json:presentation.v26_2.VulkanPresentationGlDeviceMixin from mod super_resolution,pl:mixin:APP:super_resolution.mixins.json:presentation.v26_2.VulkanPresentationMinecraftBackendMixin from mod super_resolution,pl:mixin:APP:super_resolution.mixins.json:presentation.v26_2.VulkanPresentationMinecraftCaptureMixin from mod super_resolution,pl:mixin:APP:super_resolution.mixins.json:presentation.v26_2.VulkanPresentationWindowCloseMixin from mod super_resolution,pl:mixin:APP:super_resolution.mixins.json:presentation.v26_3.VulkanPresentationGameRendererCaptureMixin from mod super_resolution,pl:mixin:APP:super_resolution.mixins.json:presentation.v26_3.VulkanPresentationGlDeviceMixin from mod super_resolution,pl:mixin:APP:super_resolution.mixins.json:presentation.v26_3.VulkanPresentationMinecraftBackendMixin from mod super_resolution,pl:mixin:APP:super_resolution.mixins.json:presentation.v26_3.VulkanPresentationMinecraftCaptureMixin from mod super_resolution,pl:mixin:APP:super_resolution.mixins.json:presentation.v26_3.VulkanPresentationWindowCloseMixin from mod super_resolution,pl:mixin:APP:super_resolution-neoforge.mixins.json:neoforge.FuckingValidation1218Mixin from mod super_resolution,pl:mixin:APP:super_resolution-neoforge.mixins.json:neoforge.FuckingValidationMixin from mod super_resolution,pl:mixin:APP:super_resolution_irisapi.mixins.json:composite.before1_21_1.GlStateManagerTextureStateAccessor from mod super_resolution,pl:mixin:APP:architectury.mixins.json:MixinMinecraft from mod architectury,pl:mixin:A,pl:runtimedistcleaner:A}
	at TRANSFORMER/minecraft@1.21.1/net.minecraft.client.Minecraft.emergencySaveAndCrash(Minecraft.java:868) [neoforge-21.1.219.jar%23172!/:?] {re:mixin,pl:runtimedistcleaner:A,re:classloading,pl:mixin:APP:sodium-common.mixins.json:core.MinecraftMixin from mod sodium,pl:mixin:APP:sodium-neoforge.mixins.json:platform.neoforge.EntrypointMixin from mod sodium,pl:mixin:APP:mixins.iris.json:MixinMinecraft_Images from mod iris,pl:mixin:APP:mixins.iris.json:MixinMinecraft_Keybinds from mod iris,pl:mixin:APP:mixins.iris.json:MixinMinecraft_PipelineManagement from mod iris,pl:mixin:APP:super_resolution.mixins.json:core.GlTextureViewMixin from mod super_resolution,pl:mixin:APP:super_resolution.mixins.json:core.MinecraftMixin from mod super_resolution,pl:mixin:APP:super_resolution.mixins.json:core.accessor.MinecraftAccessor from mod super_resolution,pl:mixin:APP:super_resolution.mixins.json:framegeneration.v1_20_1.GameRendererConstantsMixin from mod super_resolution,pl:mixin:APP:super_resolution.mixins.json:framegeneration.v1_21_11.GameRendererConstantsMixin from mod super_resolution,pl:mixin:APP:super_resolution.mixins.json:framegeneration.v26_1_x.GameRendererConstantsMixin from mod super_resolution,pl:mixin:APP:super_resolution.mixins.json:framegeneration.v26_2.GameRendererConstantsMixin from mod super_resolution,pl:mixin:APP:super_resolution.mixins.json:framegeneration.v26_2.NativeLibrariesBootstrapMixin from mod super_resolution,pl:mixin:APP:super_resolution.mixins.json:framegeneration.v26_3.GameRendererConstantsMixin from mod super_resolution,pl:mixin:APP:super_resolution.mixins.json:framegeneration.v26_3.NativeLibrariesBootstrapMixin from mod super_resolution,pl:mixin:APP:super_resolution.mixins.json:gui.GuiGraphicsMixin from mod super_resolution,pl:mixin:APP:super_resolution.mixins.json:gui.GuiRendererDrawAccessor from mod super_resolution,pl:mixin:APP:super_resolution.mixins.json:gui.GuiRendererMixin from mod super_resolution,pl:mixin:APP:super_resolution.mixins.json:lowlatency.v1_20_1.KeyboardHandlerReflexMixin from mod super_resolution,pl:mixin:APP:super_resolution.mixins.json:lowlatency.v1_20_1.MinecraftReflexMixin from mod super_resolution,pl:mixin:APP:super_resolution.mixins.json:lowlatency.v1_20_1.MouseHandlerReflexMixin from mod super_resolution,pl:mixin:APP:super_resolution.mixins.json:lowlatency.v1_20_1.RenderSystemAccessor from mod super_resolution,pl:mixin:APP:super_resolution.mixins.json:lowlatency.v1_21_1.MinecraftReflexMixin from mod super_resolution,pl:mixin:APP:super_resolution.mixins.json:lowlatency.v1_21_11.KeyboardHandlerReflexMixin from mod super_resolution,pl:mixin:APP:super_resolution.mixins.json:lowlatency.v1_21_11.MinecraftReflexMixin from mod super_resolution,pl:mixin:APP:super_resolution.mixins.json:lowlatency.v1_21_11.MouseHandlerReflexMixin from mod super_resolution,pl:mixin:APP:super_resolution.mixins.json:lowlatency.v1_21_11.RenderSystemAccessor from mod super_resolution,pl:mixin:APP:super_resolution.mixins.json:lowlatency.v26_1_x.KeyboardHandlerReflexMixin from mod super_resolution,pl:mixin:APP:super_resolution.mixins.json:lowlatency.v26_1_x.MinecraftReflexMixin from mod super_resolution,pl:mixin:APP:super_resolution.mixins.json:lowlatency.v26_1_x.MouseHandlerReflexMixin from mod super_resolution,pl:mixin:APP:super_resolution.mixins.json:lowlatency.v26_2.KeyboardHandlerReflexMixin from mod super_resolution,pl:mixin:APP:super_resolution.mixins.json:lowlatency.v26_2.MinecraftReflexMixin from mod super_resolution,pl:mixin:APP:super_resolution.mixins.json:lowlatency.v26_2.MouseHandlerReflexMixin from mod super_resolution,pl:mixin:APP:super_resolution.mixins.json:lowlatency.v26_3.KeyboardHandlerReflexMixin from mod super_resolution,pl:mixin:APP:super_resolution.mixins.json:lowlatency.v26_3.MinecraftReflexMixin from mod super_resolution,pl:mixin:APP:super_resolution.mixins.json:lowlatency.v26_3.MouseHandlerReflexMixin from mod super_resolution,pl:mixin:APP:super_resolution.mixins.json:presentation.v1_20_1.VulkanPresentationGameRendererCaptureMixin from mod super_resolution,pl:mixin:APP:super_resolution.mixins.json:presentation.v1_20_1.VulkanPresentationGlDeviceMixin from mod super_resolution,pl:mixin:APP:super_resolution.mixins.json:presentation.v1_20_1.VulkanPresentationMinecraftBackendMixin from mod super_resolution,pl:mixin:APP:super_resolution.mixins.json:presentation.v1_20_1.VulkanPresentationMinecraftCaptureMixin from mod super_resolution,pl:mixin:APP:super_resolution.mixins.json:presentation.v1_20_1.VulkanPresentationWindowMixin from mod super_resolution,pl:mixin:APP:super_resolution.mixins.json:presentation.v1_21_1.VulkanPresentationMinecraftCaptureMixin from mod super_resolution,pl:mixin:APP:super_resolution.mixins.json:presentation.v1_21_11.VulkanPresentationGameRendererCaptureMixin from mod super_resolution,pl:mixin:APP:super_resolution.mixins.json:presentation.v1_21_11.VulkanPresentationGlDeviceMixin from mod super_resolution,pl:mixin:APP:super_resolution.mixins.json:presentation.v1_21_11.VulkanPresentationMinecraftBackendMixin from mod super_resolution,pl:mixin:APP:super_resolution.mixins.json:presentation.v1_21_11.VulkanPresentationMinecraftCaptureMixin from mod super_resolution,pl:mixin:APP:super_resolution.mixins.json:presentation.v1_21_11.VulkanPresentationWindowMixin from mod super_resolution,pl:mixin:APP:super_resolution.mixins.json:presentation.v26_1_x.VulkanPresentationGameRendererCaptureMixin from mod super_resolution,pl:mixin:APP:super_resolution.mixins.json:presentation.v26_1_x.VulkanPresentationGlDeviceMixin from mod super_resolution,pl:mixin:APP:super_resolution.mixins.json:presentation.v26_1_x.VulkanPresentationMinecraftBackendMixin from mod super_resolution,pl:mixin:APP:super_resolution.mixins.json:presentation.v26_1_x.VulkanPresentationMinecraftCaptureMixin from mod super_resolution,pl:mixin:APP:super_resolution.mixins.json:presentation.v26_1_x.VulkanPresentationWindowCloseMixin from mod super_resolution,pl:mixin:APP:super_resolution.mixins.json:presentation.v26_2.VulkanPresentationGameRendererCaptureMixin from mod super_resolution,pl:mixin:APP:super_resolution.mixins.json:presentation.v26_2.VulkanPresentationGlDeviceMixin from mod super_resolution,pl:mixin:APP:super_resolution.mixins.json:presentation.v26_2.VulkanPresentationMinecraftBackendMixin from mod super_resolution,pl:mixin:APP:super_resolution.mixins.json:presentation.v26_2.VulkanPresentationMinecraftCaptureMixin from mod super_resolution,pl:mixin:APP:super_resolution.mixins.json:presentation.v26_2.VulkanPresentationWindowCloseMixin from mod super_resolution,pl:mixin:APP:super_resolution.mixins.json:presentation.v26_3.VulkanPresentationGameRendererCaptureMixin from mod super_resolution,pl:mixin:APP:super_resolution.mixins.json:presentation.v26_3.VulkanPresentationGlDeviceMixin from mod super_resolution,pl:mixin:APP:super_resolution.mixins.json:presentation.v26_3.VulkanPresentationMinecraftBackendMixin from mod super_resolution,pl:mixin:APP:super_resolution.mixins.json:presentation.v26_3.VulkanPresentationMinecraftCaptureMixin from mod super_resolution,pl:mixin:APP:super_resolution.mixins.json:presentation.v26_3.VulkanPresentationWindowCloseMixin from mod super_resolution,pl:mixin:APP:super_resolution-neoforge.mixins.json:neoforge.FuckingValidation1218Mixin from mod super_resolution,pl:mixin:APP:super_resolution-neoforge.mixins.json:neoforge.FuckingValidationMixin from mod super_resolution,pl:mixin:APP:super_resolution_irisapi.mixins.json:composite.before1_21_1.GlStateManagerTextureStateAccessor from mod super_resolution,pl:mixin:APP:architectury.mixins.json:MixinMinecraft from mod architectury,pl:mixin:A,pl:runtimedistcleaner:A}
	at TRANSFORMER/minecraft@1.21.1/net.minecraft.client.Minecraft.run(Minecraft.java:828) [neoforge-21.1.219.jar%23172!/:?] {re:mixin,pl:runtimedistcleaner:A,re:classloading,pl:mixin:APP:sodium-common.mixins.json:core.MinecraftMixin from mod sodium,pl:mixin:APP:sodium-neoforge.mixins.json:platform.neoforge.EntrypointMixin from mod sodium,pl:mixin:APP:mixins.iris.json:MixinMinecraft_Images from mod iris,pl:mixin:APP:mixins.iris.json:MixinMinecraft_Keybinds from mod iris,pl:mixin:APP:mixins.iris.json:MixinMinecraft_PipelineManagement from mod iris,pl:mixin:APP:super_resolution.mixins.json:core.GlTextureViewMixin from mod super_resolution,pl:mixin:APP:super_resolution.mixins.json:core.MinecraftMixin from mod super_resolution,pl:mixin:APP:super_resolution.mixins.json:core.accessor.MinecraftAccessor from mod super_resolution,pl:mixin:APP:super_resolution.mixins.json:framegeneration.v1_20_1.GameRendererConstantsMixin from mod super_resolution,pl:mixin:APP:super_resolution.mixins.json:framegeneration.v1_21_11.GameRendererConstantsMixin from mod super_resolution,pl:mixin:APP:super_resolution.mixins.json:framegeneration.v26_1_x.GameRendererConstantsMixin from mod super_resolution,pl:mixin:APP:super_resolution.mixins.json:framegeneration.v26_2.GameRendererConstantsMixin from mod super_resolution,pl:mixin:APP:super_resolution.mixins.json:framegeneration.v26_2.NativeLibrariesBootstrapMixin from mod super_resolution,pl:mixin:APP:super_resolution.mixins.json:framegeneration.v26_3.GameRendererConstantsMixin from mod super_resolution,pl:mixin:APP:super_resolution.mixins.json:framegeneration.v26_3.NativeLibrariesBootstrapMixin from mod super_resolution,pl:mixin:APP:super_resolution.mixins.json:gui.GuiGraphicsMixin from mod super_resolution,pl:mixin:APP:super_resolution.mixins.json:gui.GuiRendererDrawAccessor from mod super_resolution,pl:mixin:APP:super_resolution.mixins.json:gui.GuiRendererMixin from mod super_resolution,pl:mixin:APP:super_resolution.mixins.json:lowlatency.v1_20_1.KeyboardHandlerReflexMixin from mod super_resolution,pl:mixin:APP:super_resolution.mixins.json:lowlatency.v1_20_1.MinecraftReflexMixin from mod super_resolution,pl:mixin:APP:super_resolution.mixins.json:lowlatency.v1_20_1.MouseHandlerReflexMixin from mod super_resolution,pl:mixin:APP:super_resolution.mixins.json:lowlatency.v1_20_1.RenderSystemAccessor from mod super_resolution,pl:mixin:APP:super_resolution.mixins.json:lowlatency.v1_21_1.MinecraftReflexMixin from mod super_resolution,pl:mixin:APP:super_resolution.mixins.json:lowlatency.v1_21_11.KeyboardHandlerReflexMixin from mod super_resolution,pl:mixin:APP:super_resolution.mixins.json:lowlatency.v1_21_11.MinecraftReflexMixin from mod super_resolution,pl:mixin:APP:super_resolution.mixins.json:lowlatency.v1_21_11.MouseHandlerReflexMixin from mod super_resolution,pl:mixin:APP:super_resolution.mixins.json:lowlatency.v1_21_11.RenderSystemAccessor from mod super_resolution,pl:mixin:APP:super_resolution.mixins.json:lowlatency.v26_1_x.KeyboardHandlerReflexMixin from mod super_resolution,pl:mixin:APP:super_resolution.mixins.json:lowlatency.v26_1_x.MinecraftReflexMixin from mod super_resolution,pl:mixin:APP:super_resolution.mixins.json:lowlatency.v26_1_x.MouseHandlerReflexMixin from mod super_resolution,pl:mixin:APP:super_resolution.mixins.json:lowlatency.v26_2.KeyboardHandlerReflexMixin from mod super_resolution,pl:mixin:APP:super_resolution.mixins.json:lowlatency.v26_2.MinecraftReflexMixin from mod super_resolution,pl:mixin:APP:super_resolution.mixins.json:lowlatency.v26_2.MouseHandlerReflexMixin from mod super_resolution,pl:mixin:APP:super_resolution.mixins.json:lowlatency.v26_3.KeyboardHandlerReflexMixin from mod super_resolution,pl:mixin:APP:super_resolution.mixins.json:lowlatency.v26_3.MinecraftReflexMixin from mod super_resolution,pl:mixin:APP:super_resolution.mixins.json:lowlatency.v26_3.MouseHandlerReflexMixin from mod super_resolution,pl:mixin:APP:super_resolution.mixins.json:presentation.v1_20_1.VulkanPresentationGameRendererCaptureMixin from mod super_resolution,pl:mixin:APP:super_resolution.mixins.json:presentation.v1_20_1.VulkanPresentationGlDeviceMixin from mod super_resolution,pl:mixin:APP:super_resolution.mixins.json:presentation.v1_20_1.VulkanPresentationMinecraftBackendMixin from mod super_resolution,pl:mixin:APP:super_resolution.mixins.json:presentation.v1_20_1.VulkanPresentationMinecraftCaptureMixin from mod super_resolution,pl:mixin:APP:super_resolution.mixins.json:presentation.v1_20_1.VulkanPresentationWindowMixin from mod super_resolution,pl:mixin:APP:super_resolution.mixins.json:presentation.v1_21_1.VulkanPresentationMinecraftCaptureMixin from mod super_resolution,pl:mixin:APP:super_resolution.mixins.json:presentation.v1_21_11.VulkanPresentationGameRendererCaptureMixin from mod super_resolution,pl:mixin:APP:super_resolution.mixins.json:presentation.v1_21_11.VulkanPresentationGlDeviceMixin from mod super_resolution,pl:mixin:APP:super_resolution.mixins.json:presentation.v1_21_11.VulkanPresentationMinecraftBackendMixin from mod super_resolution,pl:mixin:APP:super_resolution.mixins.json:presentation.v1_21_11.VulkanPresentationMinecraftCaptureMixin from mod super_resolution,pl:mixin:APP:super_resolution.mixins.json:presentation.v1_21_11.VulkanPresentationWindowMixin from mod super_resolution,pl:mixin:APP:super_resolution.mixins.json:presentation.v26_1_x.VulkanPresentationGameRendererCaptureMixin from mod super_resolution,pl:mixin:APP:super_resolution.mixins.json:presentation.v26_1_x.VulkanPresentationGlDeviceMixin from mod super_resolution,pl:mixin:APP:super_resolution.mixins.json:presentation.v26_1_x.VulkanPresentationMinecraftBackendMixin from mod super_resolution,pl:mixin:APP:super_resolution.mixins.json:presentation.v26_1_x.VulkanPresentationMinecraftCaptureMixin from mod super_resolution,pl:mixin:APP:super_resolution.mixins.json:presentation.v26_1_x.VulkanPresentationWindowCloseMixin from mod super_resolution,pl:mixin:APP:super_resolution.mixins.json:presentation.v26_2.VulkanPresentationGameRendererCaptureMixin from mod super_resolution,pl:mixin:APP:super_resolution.mixins.json:presentation.v26_2.VulkanPresentationGlDeviceMixin from mod super_resolution,pl:mixin:APP:super_resolution.mixins.json:presentation.v26_2.VulkanPresentationMinecraftBackendMixin from mod super_resolution,pl:mixin:APP:super_resolution.mixins.json:presentation.v26_2.VulkanPresentationMinecraftCaptureMixin from mod super_resolution,pl:mixin:APP:super_resolution.mixins.json:presentation.v26_2.VulkanPresentationWindowCloseMixin from mod super_resolution,pl:mixin:APP:super_resolution.mixins.json:presentation.v26_3.VulkanPresentationGameRendererCaptureMixin from mod super_resolution,pl:mixin:APP:super_resolution.mixins.json:presentation.v26_3.VulkanPresentationGlDeviceMixin from mod super_resolution,pl:mixin:APP:super_resolution.mixins.json:presentation.v26_3.VulkanPresentationMinecraftBackendMixin from mod super_resolution,pl:mixin:APP:super_resolution.mixins.json:presentation.v26_3.VulkanPresentationMinecraftCaptureMixin from mod super_resolution,pl:mixin:APP:super_resolution.mixins.json:presentation.v26_3.VulkanPresentationWindowCloseMixin from mod super_resolution,pl:mixin:APP:super_resolution-neoforge.mixins.json:neoforge.FuckingValidation1218Mixin from mod super_resolution,pl:mixin:APP:super_resolution-neoforge.mixins.json:neoforge.FuckingValidationMixin from mod super_resolution,pl:mixin:APP:super_resolution_irisapi.mixins.json:composite.before1_21_1.GlStateManagerTextureStateAccessor from mod super_resolution,pl:mixin:APP:architectury.mixins.json:MixinMinecraft from mod architectury,pl:mixin:A,pl:runtimedistcleaner:A}
	at TRANSFORMER/minecraft@1.21.1/net.minecraft.client.main.Main.main(Main.java:230) [neoforge-21.1.219.jar%23172!/:?] {re:classloading,pl:runtimedistcleaner:A}
	at java.base/jdk.internal.reflect.DirectMethodHandleAccessor.invoke(DirectMethodHandleAccessor.java:104) ~[?:?] {}
	at java.base/java.lang.reflect.Method.invoke(Method.java:565) ~[?:?] {}
	at MC-BOOTSTRAP/fml_loader@4.0.42/net.neoforged.fml.loading.targets.CommonLaunchHandler.runTarget(CommonLaunchHandler.java:136) [loader-4.0.42.jar%23130!/:4.0] {}
	at MC-BOOTSTRAP/fml_loader@4.0.42/net.neoforged.fml.loading.targets.CommonLaunchHandler.clientService(CommonLaunchHandler.java:124) [loader-4.0.42.jar%23130!/:4.0] {}
	at MC-BOOTSTRAP/fml_loader@4.0.42/net.neoforged.fml.loading.targets.NeoForgeClientDevLaunchHandler.runService(NeoForgeClientDevLaunchHandler.java:23) [loader-4.0.42.jar%23130!/:4.0] {}
	at MC-BOOTSTRAP/fml_loader@4.0.42/net.neoforged.fml.loading.targets.CommonLaunchHandler.lambda$launchService$4(CommonLaunchHandler.java:118) [loader-4.0.42.jar%23130!/:4.0] {}
	at MC-BOOTSTRAP/cpw.mods.modlauncher@11.0.5/cpw.mods.modlauncher.LaunchServiceHandlerDecorator.launch(LaunchServiceHandlerDecorator.java:30) [modlauncher-11.0.5.jar%23112!/:?] {}
	at MC-BOOTSTRAP/cpw.mods.modlauncher@11.0.5/cpw.mods.modlauncher.LaunchServiceHandler.launch(LaunchServiceHandler.java:53) [modlauncher-11.0.5.jar%23112!/:?] {}
	at MC-BOOTSTRAP/cpw.mods.modlauncher@11.0.5/cpw.mods.modlauncher.LaunchServiceHandler.launch(LaunchServiceHandler.java:71) [modlauncher-11.0.5.jar%23112!/:?] {}
	at MC-BOOTSTRAP/cpw.mods.modlauncher@11.0.5/cpw.mods.modlauncher.Launcher.run(Launcher.java:103) [modlauncher-11.0.5.jar%23112!/:?] {}
	at MC-BOOTSTRAP/cpw.mods.modlauncher@11.0.5/cpw.mods.modlauncher.Launcher.main(Launcher.java:74) [modlauncher-11.0.5.jar%23112!/:?] {}
	at MC-BOOTSTRAP/cpw.mods.modlauncher@11.0.5/cpw.mods.modlauncher.BootstrapLaunchConsumer.accept(BootstrapLaunchConsumer.java:26) [modlauncher-11.0.5.jar%23112!/:?] {}
	at MC-BOOTSTRAP/cpw.mods.modlauncher@11.0.5/cpw.mods.modlauncher.BootstrapLaunchConsumer.accept(BootstrapLaunchConsumer.java:23) [modlauncher-11.0.5.jar%23112!/:?] {}
	at cpw.mods.bootstraplauncher@2.0.2/cpw.mods.bootstraplauncher.BootstrapLauncher.run(BootstrapLauncher.java:210) [bootstraplauncher-2.0.2.jar:?] {}
	at cpw.mods.bootstraplauncher@2.0.2/cpw.mods.bootstraplauncher.BootstrapLauncher.main(BootstrapLauncher.java:69) [bootstraplauncher-2.0.2.jar:?] {}
	at java.base/jdk.internal.reflect.DirectMethodHandleAccessor.invoke(DirectMethodHandleAccessor.java:104) ~[?:?] {}
	at java.base/java.lang.reflect.Method.invoke(Method.java:565) ~[?:?] {}
	at net.neoforged.devlaunch.Main.main(Main.java:57) [DevLaunch-1.0.2.jar:?] {}


-- Affected level --
Details:
	All players: 1 total; [LocalPlayer['Dev'/2, l='ClientLevel', x=733.59, y=116.00, z=-134.01]]
	Chunk stats: 961, 184
	Level dimension: minecraft:overworld
	Level spawn location: World: (400,63,16), Section: (at 0,15,0 in 25,3,1; chunk contains blocks 400,-64,16 to 415,319,31), Region: (0,0; contains chunks 0,0 to 31,31, blocks 0,-64,0 to 511,319,511)
	Level time: 80437 game time, 80437 day time
	Server brand: neoforge
	Server type: Integrated singleplayer server
	Tracked entity count: 124

-- Last reload --
Details:
	Reload number: 1
	Reload reason: initial
	Finished: Yes
	Packs: vanilla, mod_resources, mod/sodium, mod/fabric_rendering_data_attachment_v1, mod/iris, mod/super_resolution, mod/wisteria, mod/fabric_renderer_api_v1, mod/fabric_api_base, mod/architectury, mod/neoforge, mod/fabric_block_view_api_v2

-- System Details --
Details:
	Minecraft Version: 1.21.1
	Minecraft Version ID: 1.21.1
	Operating System: Windows 11 (amd64) version 10.0
	Java Version: 25.0.4, Oracle Corporation
	Java VM Version: Java HotSpot(TM) 64-Bit Server VM (mixed mode, sharing), Oracle Corporation
	Memory: 195563184 bytes (186 MiB) / 1182793728 bytes (1128 MiB) up to 4294967296 bytes (4096 MiB)
	CPUs: 12
	Processor Vendor: AuthenticAMD
	Processor Name: AMD Ryzen 5 5600H with Radeon Graphics         
	Identifier: AuthenticAMD Family 25 Model 80 Stepping 0
	Microarchitecture: Zen 3
	Frequency (GHz): 3.29
	Number of physical packages: 1
	Number of physical CPUs: 6
	Number of logical CPUs: 12
	Graphics card #0 name: AMD Radeon(TM) Graphics
	Graphics card #0 vendor: Advanced Micro Devices, Inc.
	Graphics card #0 VRAM (MiB): 4096.00
	Graphics card #0 deviceId: VideoController1
	Graphics card #0 versionInfo: 31.0.21924.61
	Graphics card #1 name: NVIDIA GeForce RTX 3050 Ti Laptop GPU
	Graphics card #1 vendor: NVIDIA
	Graphics card #1 VRAM (MiB): 4096.00
	Graphics card #1 deviceId: VideoController2
	Graphics card #1 versionInfo: 32.0.15.9649
	Memory slot #0 capacity (MiB): 16384.00
	Memory slot #0 clockSpeed (GHz): 3.20
	Memory slot #0 type: DDR4
	Memory slot #1 capacity (MiB): 16384.00
	Memory slot #1 clockSpeed (GHz): 3.20
	Memory slot #1 type: DDR4
	Virtual memory max (MiB): 40556.06
	Virtual memory used (MiB): 20700.60
	Swap memory total (MiB): 12032.00
	Swap memory used (MiB): 152.34
	Space in storage for jna.tmpdir (MiB): <path not set>
	Space in storage for org.lwjgl.system.SharedLibraryExtractPath (MiB): <path not set>
	Space in storage for io.netty.native.workdir (MiB): <path not set>
	Space in storage for java.io.tmpdir (MiB): available: 26142.20, total: 241921.00
	Space in storage for workdir (MiB): available: 172464.39, total: 976745.00
	JVM Flags: 2 total; -Xmx4G -XX:ErrorFile=D:\\ProjectDllsss\\logs\\runtime\\hs_err_pid%p.log
	Loaded Shaderpack: Complementary-SuperResolution-Wisteria.zip
		Profile: HIGH (+0 options changed by user)
	Launched Version: 21.1.219
	Backend library: LWJGL version 3.3.4+7
	Backend API: NVIDIA GeForce RTX 3050 Ti Laptop GPU/PCIe/SSE2 GL version 4.6.0 NVIDIA 596.49, NVIDIA Corporation
	Window size: 854x480
	GFLW Platform: win32
	GL Caps: Using framebuffer using OpenGL 3.2
	GL debug messages: id=1282, source=API, type=ERROR, severity=HIGH, message='GL_INVALID_OPERATION error generated. Wait for sync object failed.' x 4
	Is Modded: Definitely; Client brand changed to 'neoforge'; Server brand changed to 'neoforge'
	Universe: 400921fb54442d18
	Type: Integrated Server (map_client.txt)
	Graphics mode: fancy
	Render Distance: 12/12 chunks
	Resource Packs: vanilla, mod_resources, mod/sodium, mod/fabric_rendering_data_attachment_v1, mod/iris, mod/super_resolution, mod/wisteria, mod/fabric_renderer_api_v1, mod/fabric_api_base, mod/architectury (incompatible), mod/neoforge, mod/fabric_block_view_api_v2
	Current Language: en_us
	Locale: en_US
	System encoding: Cp1252
	File encoding: UTF-8
	CPU: 12x AMD Ryzen 5 5600H with Radeon Graphics 
	Server Running: true
	Player Count: 1 / 8; [ServerPlayer['Dev'/2, l='ServerLevel[New Worldsdfsdf]', x=733.59, y=116.00, z=-134.01]]
	Active Data Packs: vanilla, mod_data, mod/sodium, mod/fabric_rendering_data_attachment_v1, mod/iris, mod/super_resolution (incompatible), mod/wisteria, mod/fabric_renderer_api_v1, mod/fabric_api_base, mod/architectury (incompatible), mod/neoforge, mod/fabric_block_view_api_v2
	Available Data Packs: bundle, trade_rebalance, vanilla, mod/architectury (incompatible), mod/fabric_api_base, mod/fabric_block_view_api_v2, mod/fabric_renderer_api_v1, mod/fabric_rendering_data_attachment_v1, mod/iris, mod/neoforge, mod/sodium, mod/super_resolution (incompatible), mod/wisteria, mod_data
	Enabled Feature Flags: minecraft:vanilla
	World Generation: Stable
	World Seed: -6165318446773580
	ModLauncher: 11.0.5+main.901c6ea8
	ModLauncher launch target: forgeclientdev
	ModLauncher services: 
		sponge-mixin-0.15.2+mixin.0.8.7.jar mixin PLUGINSERVICE 
		loader-4.0.42.jar slf4jfixer PLUGINSERVICE 
		loader-4.0.42.jar runtime_enum_extender PLUGINSERVICE 
		at-modlauncher-10.0.1.jar accesstransformer PLUGINSERVICE 
		loader-4.0.42.jar runtimedistcleaner PLUGINSERVICE 
		modlauncher-11.0.5.jar mixin TRANSFORMATIONSERVICE 
		modlauncher-11.0.5.jar fml TRANSFORMATIONSERVICE 
	FML Language Providers: 
		javafml@4.0
		lowcodefml@4.0
		minecraft@4.0
	Mod List: 
		architectury-neoforge-13.0.6.jar                  |Architectury                  |architectury                  |13.0.6              |Manifest: NOSIGNATURE
		fabric-api-base-0.4.42+d1308ded19.jar             |Forgified Fabric API Base     |fabric_api_base               |0.4.42+d1308ded19   |Manifest: NOSIGNATURE
		fabric-block-view-api-v2-1.0.10+9afaaf8c19.jar    |Forgified Fabric BlockView API|fabric_block_view_api_v2      |1.0.10+9afaaf8c19   |Manifest: NOSIGNATURE
		fabric-renderer-api-v1-3.4.0+acb05a3919.jar       |Forgified Fabric Renderer API |fabric_renderer_api_v1        |3.4.0+acb05a3919    |Manifest: NOSIGNATURE
		fabric-rendering-data-attachment-v1-0.3.48+73761d2|Forgified Fabric Rendering Dat|fabric_rendering_data_attachme|0.3.48+73761d2e19   |Manifest: NOSIGNATURE
		iris-1.8.8+1.21.1-neoforge-neoforge,1.21.1.jar    |Iris                          |iris                          |1.8.8+mc1.21.1      |Manifest: NOSIGNATURE
		neoforge-21.1.219.jar                             |Minecraft                     |minecraft                     |1.21.1              |Manifest: NOSIGNATURE
		neoforge-21.1.219.jar                             |NeoForge                      |neoforge                      |21.1.219            |Manifest: NOSIGNATURE
		sodium-mc1.21.1-0.6.13-neoforge-neoforge,1.21.1.ja|Sodium                        |sodium                        |0.6.13+mc1.21.1     |Manifest: NOSIGNATURE
		superresolution-sr-x2-handoff-f9a2bcdf8c4a.jar    |Super Resolution              |super_resolution              |0.9.2-alpha.1+dev.b3|Manifest: NOSIGNATURE
		wisteria-sr-x2-handoff-ad3a00b7c41a.jar           |Wisteria                      |wisteria                      |0.1.0-alpha.1+1.21.1|Manifest: NOSIGNATURE
	Crash Report UUID: 0cf04db3-b193-4253-9e91-6833b035c7dc
	FML: 4.0.42
	NeoForge: 21.1.219
[14:21:25] [Render thread/FATAL] [ne.ne.ne.co.NeoForgeMod/]: Preparing crash report with UUID 15e130fe-6afe-49b4-81a3-ae700818343f
#@!@# Game crashed! Crash report saved to: #@!@# D:\ProjectDllsss\runtime-baseline\instance\.\crash-reports\crash-2026-10-04_14.21.25-client.txt
80][NgxRayReconstruction::FillCreationParams::<lambda_5bd36971463f469fd81574f74f368df1>::operator ():1733] Info: (UltraPerf) Using Default Overriden Preset Preset_D
[2026-10-04 14:20:15] [tid:1570080][NgxRayReconstruction::FillCreationParams::<lambda_5bd36971463f469fd81574f74f368df1>::operator ():1733] Info: (UltraQuality) Using Default Overriden Preset Preset_D
[2026-10-04 14:20:15] [tid:1570080][NgxDltss::FillCreationParams::<lambda_cef418e50ae0bb979313c68b3f92b7fd>::operator ():2763] Info: (DLAA) Using App hint Preset K
[2026-10-04 14:20:15] [tid:1570080][NgxDltss::FillCreationParams::<lambda_cef418e50ae0bb979313c68b3f92b7fd>::operator ():2763] Info: (Quality) Using App hint Preset K
[2026-10-04 14:20:15] [tid:1570080][NgxDltss::FillCreationParams::<lambda_cef418e50ae0bb979313c68b3f92b7fd>::operator ():2763] Info: (Balanced) Using App hint Preset K
[2026-10-04 14:20:15] [tid:1570080][NgxDltss::FillCreationParams::<lambda_cef418e50ae0bb979313c68b3f92b7fd>::operator ():2763] Info: (Perf) Using App hint Preset K
[2026-10-04 14:20:15] [tid:1570080][NgxDltss::FillCreationParams::<lambda_cef418e50ae0bb979313c68b3f92b7fd>::operator ():2763] Info: (UltraPerf) Using App hint Preset K
[2026-10-04 14:20:15] [tid:1570080][NgxDltss::FillCreationParams::<lambda_cef418e50ae0bb979313c68b3f92b7fd>::operator ():2763] Info: (UltraQuality) Using App hint Preset K
[2026-10-04 14:20:15] [tid:1570080][AliasTensorContainer:192] Texture is too small to fit tensor buffer: 3538944 < 6291456
[2026-10-04 14:20:15] [tid:1570080][AliasTensorContainer:192] Texture is too small to fit tensor buffer: 3538944 < 4214784
[2026-10-04 14:20:15] [tid:1570080][PaddedWindowNetwork::CreatePaddedWindowNetwork:399] Container0Tensor: 5 MiB allocated
[2026-10-04 14:20:15] [tid:1570080][PaddedWindowNetwork::CreatePaddedWindowNetwork:403] Container1Tensor: 6 MiB allocated
[2026-10-04 14:20:15] [tid:1570080][PaddedWindowNetwork::CreatePaddedWindowNetwork:407] Container2Tensor: 4 MiB allocated
[2026-10-04 14:19:58] [util::setLogFilename:284] Logging to requested file (D:\ProjectDllsss\runtime-baseline\instance\.\config\super_resolution/nvsdk_ngx.log) enabled successfully
[2026-10-04 14:19:58] [NGXSafeInitializeLog:150] App logging hooks successfully initialized
[2026-10-04 14:19:58] [NGXLoadLibrary:332] error: failed to load NGXCore: 126 (C:\Program Files\Java\jdk-25.0.4\bin\_nvngx.dll)
[2026-10-04 14:19:58] [NGXLoadLibrary:332] error: failed to load NGXCore: 126 (C:\Program Files\Java\jdk-25.0.4\bin\nvngx.dll)
[2026-10-04 14:19:58] [NGXGetPathUsingQAI:153] Attempting to read from Parameters\NGXCore\NGXPath
[2026-10-04 14:19:58] [NGXGetPathUsingQAI:177] Path to driverStore found using QAI: C:\WINDOWS\System32\DriverStore\FileRepository\nvlti.inf_amd64_af02d12a5c2283af
[2026-10-04 14:19:58] [NGXLoadCoreLibrary:285] Loading C:\WINDOWS\System32\DriverStore\FileRepository\nvlti.inf_amd64_af02d12a5c2283af\_nvngx.dll succeeded
deepdvc, denial value 0 for Cms ID 876232c
[2026-10-04 14:20:00] [`anonymous-namespace'::SnippetLocationInfo::load:695] NGXLoadFromPath failed: -1160773628
[2026-10-04 14:20:00] [`anonymous-namespace'::SnippetLocationInfo::load:695] NGXLoadFromPath failed: -1160773628
[2026-10-04 14:20:00] [NGXContextDenyListData::IsFeatureDenied:669] Feature dlssd, denial value 0 for Cms ID 876232c
[2026-10-04 14:20:00] [`anonymous-namespace'::SnippetLocationInfo::load:695] NGXLoadFromPath failed: -1160773628
[2026-10-04 14:20:00] [`anonymous-namespace'::SnippetLocationInfo::load:695] NGXLoadFromPath failed: -1160773628
[2026-10-04 14:20:00] [NGXContextDenyListData::IsFeatureDenied:669] Feature truehdr, denial value 0 for Cms ID 876232c
[2026-10-04 14:20:00] [`anonymous-namespace'::SnippetLocationInfo::load:695] NGXLoadFromPath failed: -1160773628
[2026-10-04 14:20:00] [`anonymous-namespace'::SnippetLocationInfo::load:695] NGXLoadFromPath failed: -1160773628
[2026-10-04 14:20:00] [NGXContextDenyListData::IsFeatureDenied:669] Feature latewarp, denial value 0 for Cms ID 876232c
[2026-10-04 14:20:00] [`anonymous-namespace'::SnippetLocationInfo::load:695] NGXLoadFromPath failed: -1160773628
[2026-10-04 14:20:00] [`anonymous-namespace'::SnippetLocationInfo::load:695] NGXLoadFromPath failed: -1160773628
[2026-10-04 14:20:00] [NGXContextDenyListData::IsFeatureDenied:669] Feature vsr, denial value 0 for Cms ID 876232c
[2026-10-04 14:20:00] [`anonymous-namespace'::SnippetLocationInfo::load:695] NGXLoadFromPath failed: -1160773628
[2026-10-04 14:20:00] [`anonymous-namespace'::SnippetLocationInfo::load:695] NGXLoadFromPath failed: -1160773628
[2026-10-04 14:20:00] [NGXContextDenyListData::IsFeatureDenied:669] Feature fgx, denial value 0 for Cms ID 876232c
[2026-10-04 14:20:00] [`anonymous-namespace'::SnippetLocationInfo::load:695] NGXLoadFromPath failed: -1160773628
[2026-10-04 14:20:00] [`anonymous-namespace'::SnippetLocationInfo::load:695] NGXLoadFromPath failed: -1160773628
[2026-10-04 14:20:00] [NVSDK_NGX_CreateFeature_Validate:731] app id is 141959980 
[2026-10-04 14:20:14] [NVSDK_NGX_CreateFeature_Validate:731] app id is 141959980 
[2026-10-04 14:20:15] [NVSDK_NGX_CreateFeature_Validate:731] app id is 141959980 
[2026-10-04 14:21:23] [NVSDK_NGX_CreateFeature_Validate:731] app id is 141959980 

> Task :runClient FAILED

FAILURE: Build failed with an exception.

* What went wrong:
Execution failed for task ':runClient' (registered in build file 'build.gradle').
> Process 'command 'C:\Program Files\Java\jdk-25.0.4\bin\java.exe'' finished with non-zero exit value -1 (NTSTATUS 0xFFFFFFFF)

* Try:
> Run with --stacktrace option to get the stack trace.
> Run with --info or --debug option to get more log output.
> Run with --scan to get full insights from a Build Scan (powered by Develocity).
> Get more help at https://help.gradle.org.

BUILD FAILED in 2m 28s
6 actionable tasks: 3 executed, 3 up-to-date
