[2026-10-03 23:05:48] [NGXSafeInitializeLog:150] App logging hooks successfully initialized

[2026-10-03 23:05:48] [NGXLoadLibrary:332] error: failed to load NGXCore: 126 (D:\Programs File2\Eclipse Adoptium\jdk-21.0.12.101-hotspot\bin\_nvngx.dll)

[2026-10-03 23:05:48] [NGXLoadLibrary:332] error: failed to load NGXCore: 126 (D:\Programs File2\Eclipse Adoptium\jdk-21.0.12.101-hotspot\bin\nvngx.dll)

[2026-10-03 23:05:48] [NGXLoadCoreLibrary:253] NGXCore not found next to the application

[2026-10-03 23:05:48] [NGXGetPathUsingQAI:69] Checking for path to NGX using QueryAdapterInfo

[2026-10-03 23:05:48] [NGXGetPathUsingQAI:153] Attempting to read from Parameters\NGXCore\NGXPath

[2026-10-03 23:05:48] [NGXGetPathUsingQAI:177] Path to driverStore found using QAI: C:\WINDOWS\System32\DriverStore\FileRepository\nvlti.inf_amd64_af02d12a5c2283af

[2026-10-03 23:05:48] [NGXLoadLibrary:328] Loaded NGXCore from path (C:\WINDOWS\System32\DriverStore\FileRepository\nvlti.inf_amd64_af02d12a5c2283af\_nvngx.dll)

[2026-10-03 23:05:48] [NGXLoadCoreLibrary:285] Loading C:\WINDOWS\System32\DriverStore\FileRepository\nvlti.inf_amd64_af02d12a5c2283af\_nvngx.dll succeeded

[2026-10-03 23:05:48] [NGXSafeInitializeLog:133] App logging hooks successfully initialized

[2026-10-03 23:05:48] [NGXCheckArchitectureSupport:229] Found matching adapter with NVAPI physical GPU handle: 0x100 and LUID: { 0x0, 0x1294c }

[2026-10-03 23:05:48] [NGXGetPathUsingQAI:475] Checking for path to NGX using QueryAdapterInfo

[2026-10-03 23:05:48] [NGXGetPathUsingQAI:512] Path to driverStore found using QAI: C:\WINDOWS\System32\DriverStore\FileRepository\nvlti.inf_amd64_af02d12a5c2283af

[2026-10-03 23:05:48] [NGXGetPath:1045] using path for models: C:\ProgramData\NVIDIA\NGX\models

[2026-10-03 23:05:48] [NGXGetPath:1045] using path for models: C:\ProgramData\NVIDIA\NGX\models

[2026-10-03 23:05:48] [CreateSecurityDescriptor:94] security attributes generated successfully

[2026-10-03 23:05:48] [CreateFolderWithACEs:154] using generated security descriptor for creating folder at: C:\ProgramData\NVIDIA\NGX\models

[2026-10-03 23:05:48] [ModifyExistingFolderDACL:211] updated access control list for NGX cache (NGX cache should now be usable by all authenticated users)

[2026-10-03 23:05:48] [NGXCreateModelsFolder:1072] model folder created: C:\ProgramData\NVIDIA\NGX\models

[2026-10-03 23:05:48] [NGXLoadConfig:1144] [dlss]

[2026-10-03 23:05:48] [NGXLoadConfig:1150] app_B9FEB50=1.0.108

[2026-10-03 23:05:48] [NGXLoadConfig:1150] app_B9FF4BC=1.0.108

[2026-10-03 23:05:48] [NGXLoadConfig:1150] app_B9FD524=1.0.108

[2026-10-03 23:05:48] [NGXLoadConfig:1150] app_B9DF510=1.3.106

[2026-10-03 23:05:48] [NGXLoadConfig:1150] app_B9CB0B8=1.0.108

[2026-10-03 23:05:48] [NGXLoadConfig:1150] app_B9E26B0=2.1.28

[2026-10-03 23:05:48] [NGXLoadConfig:1150] app_B9D48D0=1.0.108

[2026-10-03 23:05:48] [NGXLoadConfig:1150] app_E99B5EC=1.2.109

[2026-10-03 23:05:48] [NGXLoadConfig:1150] app_B9DFA64=1.0.108

[2026-10-03 23:05:48] [NGXLoadConfig:1150] app_B9FD6C0=1.0.108

[2026-10-03 23:05:48] [NGXLoadConfig:1150] app_B9CF688=2.2.15

[2026-10-03 23:05:48] [NGXLoadConfig:1150] app_B9D6F08=1.0.108

[2026-10-03 23:05:48] [NGXLoadConfig:1150] app_B9BF564=2.1.201

[2026-10-03 23:05:48] [NGXLoadConfig:1150] app_B9DB4F4=1.0.108

[2026-10-03 23:05:48] [NGXLoadConfig:1150] app_B9D2F5C=1.2.110

[2026-10-03 23:05:48] [NGXLoadConfig:1150] app_B9D7388=1.0.108

[2026-10-03 23:05:48] [NGXLoadConfig:1150] app_B9F5618=2.1.29

[2026-10-03 23:05:48] [NGXLoadConfig:1150] app_B9DAE68=1.2.109

[2026-10-03 23:05:48] [NGXLoadConfig:1150] app_B9D8C54=1.2.109

[2026-10-03 23:05:48] [NGXLoadConfig:1150] app_B9D3EF0=2.1.28

[2026-10-03 23:05:48] [NGXLoadConfig:1150] app_B9FACDC=2.1.201

[2026-10-03 23:05:48] [NGXLoadConfig:1150] app_F7361DC=2.1.28

[2026-10-03 23:05:48] [NGXLoadConfig:1150] app_B9C3560=2.1.201

[2026-10-03 23:05:48] [NGXLoadConfig:1150] app_B9B0430=2.1.28

[2026-10-03 23:05:48] [NGXLoadConfig:1150] app_E658702=0.0.0

[2026-10-03 23:05:48] [NGXLoadConfig:1150] app_E658701=0.0.0

[2026-10-03 23:05:48] [NGXLoadConfig:1150] app_E658700=310.9.0

[2026-10-03 23:05:48] [NGXLoadConfig:1150] app_B9393FC=2.1.201

[2026-10-03 23:05:48] [NGXLoadConfig:1144] [dlisp]

[2026-10-03 23:05:48] [NGXLoadConfig:1150] app_B9CF688=2.1.15

[2026-10-03 23:05:48] [NGXLoadConfig:1150] app_E99B5EC=1.2.102

[2026-10-03 23:05:48] [NGXLoadConfig:1150] app_E658703=310.0.0

[2026-10-03 23:05:48] [NGXLoadConfig:1150] app_B9D8C54=1.2.106

[2026-10-03 23:05:48] [NGXLoadConfig:1150] app_B9D2F5C=1.2.106

[2026-10-03 23:05:48] [NGXLoadConfig:1150] app_B9DF510=1.3.101

[2026-10-03 23:05:48] [NGXLoadConfig:1150] app_B9DAE68=1.2.106

[2026-10-03 23:05:48] [NGXLoadConfig:1144] [sl_sdk_0]

[2026-10-03 23:05:48] [NGXLoadConfig:1150] app_E658703=2.14.0

[2026-10-03 23:05:48] [NGXLoadConfig:1144] [sl_common_0]

[2026-10-03 23:05:48] [NGXLoadConfig:1150] app_E658703=2.14.0

[2026-10-03 23:05:48] [NGXLoadConfig:1144] [sl_deepdvc_0]

[2026-10-03 23:05:48] [NGXLoadConfig:1150] app_E658703=2.14.0

[2026-10-03 23:05:48] [NGXLoadConfig:1144] [sl_dlss_0]

[2026-10-03 23:05:48] [NGXLoadConfig:1150] app_E658703=2.14.0

[2026-10-03 23:05:48] [NGXLoadConfig:1144] [sl_dlss_d_0]

[2026-10-03 23:05:48] [NGXLoadConfig:1150] app_E658703=2.14.0

[2026-10-03 23:05:48] [NGXLoadConfig:1144] [sl_dlss_g_0]

[2026-10-03 23:05:48] [NGXLoadConfig:1150] app_E658703=2.14.0

[2026-10-03 23:05:48] [NGXLoadConfig:1144] [sl_nis_0]

[2026-10-03 23:05:48] [NGXLoadConfig:1150] app_E658703=2.14.0

[2026-10-03 23:05:48] [NGXLoadConfig:1144] [sl_deepdvc_override_0]

[2026-10-03 23:05:48] [NGXLoadConfig:1150] app_E658700=2.14.0

[2026-10-03 23:05:48] [NGXLoadConfig:1144] [sl_nvperf_0]

[2026-10-03 23:05:48] [NGXLoadConfig:1150] app_E658703=2.14.0

[2026-10-03 23:05:48] [NGXLoadConfig:1144] [sl_pcl_0]

[2026-10-03 23:05:48] [NGXLoadConfig:1150] app_E658703=2.14.0

[2026-10-03 23:05:48] [NGXLoadConfig:1144] [sl_reflex_0]

[2026-10-03 23:05:48] [NGXLoadConfig:1150] app_E658703=2.14.0

[2026-10-03 23:05:48] [NGXLoadConfig:1144] [dlss_override]

[2026-10-03 23:05:48] [NGXLoadConfig:1150] app_E658700=310.9.0

[2026-10-03 23:05:48] [NGXLoadConfig:1144] [dlssd]

[2026-10-03 23:05:48] [NGXLoadConfig:1150] app_E658700=310.9.0

[2026-10-03 23:05:48] [NGXLoadConfig:1144] [dlssg]

[2026-10-03 23:05:48] [NGXLoadConfig:1150] app_E658700=310.9.0

[2026-10-03 23:05:48] [NGXLoadConfig:1144] [sl_sdk_override_0]

[2026-10-03 23:05:48] [NGXLoadConfig:1150] app_E658700=2.14.0

[2026-10-03 23:05:48] [NGXLoadConfig:1144] [sl_dlss_g_override_0]

[2026-10-03 23:05:48] [NGXLoadConfig:1150] app_E658700=2.14.0

[2026-10-03 23:05:48] [NGXLoadConfig:1144] [sl_common_override_0]

[2026-10-03 23:05:48] [NGXLoadConfig:1150] app_E658700=2.14.0

[2026-10-03 23:05:48] [NGXLoadConfig:1144] [sl_dlss_override_0]

[2026-10-03 23:05:48] [NGXLoadConfig:1150] app_E658700=2.14.0

[2026-10-03 23:05:48] [NGXLoadConfig:1144] [sl_nis_override_0]

[2026-10-03 23:05:48] [NGXLoadConfig:1150] app_E658700=2.14.0

[2026-10-03 23:05:48] [NGXLoadConfig:1144] [sl_dlss_d_override_0]

[2026-10-03 23:05:48] [NGXLoadConfig:1150] app_E658700=2.14.0

[2026-10-03 23:05:48] [NGXLoadConfig:1144] [sl_nvperf_override_0]

[2026-10-03 23:05:48] [NGXLoadConfig:1150] app_E658700=2.14.0

[2026-10-03 23:05:48] [NGXLoadConfig:1144] [sl_pcl_override_0]

[2026-10-03 23:05:48] [NGXLoadConfig:1150] app_E658700=2.14.0

[2026-10-03 23:05:48] [NGXLoadConfig:1144] [sl_reflex_override_0]

[2026-10-03 23:05:48] [NGXLoadConfig:1150] app_E658700=2.14.0

[2026-10-03 23:05:48] [`anonymous-namespace'::LoadMappingFileData:268] listItem.engineVersion .* listItem.genericCMSId 86aa7b4

[2026-10-03 23:05:48] [`anonymous-namespace'::LoadMappingFileData:282]  project id 3F9D696D4363312194B0ECB2671E899F cms id B9FBD50

[2026-10-03 23:05:48] [`anonymous-namespace'::LoadMappingFileData:268] listItem.engineVersion .* listItem.genericCMSId 8618954

[2026-10-03 23:05:48] [`anonymous-namespace'::LoadMappingFileData:268] listItem.engineVersion .* listItem.genericCMSId b9b05cc

[2026-10-03 23:05:48] [`anonymous-namespace'::LoadMappingFileData:268] listItem.engineVersion .* listItem.genericCMSId 876232c

[2026-10-03 23:05:48] [MapProjectId:1905] Found cms id 876232c for engine: custom engineVersion 1.0.0 projectID 3e6891d2-09ac-4f54-ae8d-f481c3150d4b

[2026-10-03 23:05:49] [NGXDRSInit:327] NvAPI_DRS_FindApplicationByName -166

[2026-10-03 23:05:49] [NGXInitContext:245] called from module wisteria_dlssg_bridge-3d8482f06f81171446ae4ce039f5ace9e0b97e3bf6eb73fcae6359690e087c31.dll at D:\ProjectDllsss\logs\runtime\minecraft-dlssg-x2\20261004-030130-357\native

[2026-10-03 23:05:49] [NGXLoadConfig:1144] [streamline-ota]

[2026-10-03 23:05:49] [NGXLoadConfig:1150] app_84D32F0=1

[2026-10-03 23:05:49] [NGXContextDenyListData::IsFeatureDenied:669] Feature dldenoiser, denial value 0 for Cms ID 876232c

[2026-10-03 23:05:49] [`anonymous-namespace'::SnippetLocationInfo::load:695] NGXLoadFromPath failed: -1160773628

[2026-10-03 23:05:49] [`anonymous-namespace'::SnippetLocationInfo::load:695] NGXLoadFromPath failed: -1160773628

[2026-10-03 23:05:49] [NGXSecureLoadFeature:1231] warning: ModuleName - nvngx_dldenoiser.dll doesn't exist in any of the search paths!

[2026-10-03 23:05:49] [NGXReportStatusFeedback:1060] Override shared memory was opened successfully

[2026-10-03 23:05:49] [NGXReportStatusFeedback:1072] Override shared memory was mapped successfully

[2026-10-03 23:05:49] [NGXReportStatusFeedback:1101] Override feedback found available slot 0

[2026-10-03 23:05:49] [NGXContextDenyListData::IsFeatureDenied:669] Feature dlss, denial value 0 for Cms ID 876232c

[2026-10-03 23:05:49] [`anonymous-namespace'::SnippetLocationInfo::load:695] NGXLoadFromPath failed: -1160773628

[2026-10-03 23:05:49] [`anonymous-namespace'::SnippetLocationInfo::load:695] NGXLoadFromPath failed: -1160773628

[2026-10-03 23:05:49] [NGXSecureLoadFeature:1231] warning: ModuleName - nvngx_dlss.dll doesn't exist in any of the search paths!

[2026-10-03 23:05:49] [NGXContextDenyListData::IsFeatureDenied:669] Feature dlinpainting, denial value 0 for Cms ID 876232c

[2026-10-03 23:05:49] [`anonymous-namespace'::SnippetLocationInfo::load:695] NGXLoadFromPath failed: -1160773628

[2026-10-03 23:05:49] [`anonymous-namespace'::SnippetLocationInfo::load:695] NGXLoadFromPath failed: -1160773628

[2026-10-03 23:05:49] [NGXSecureLoadFeature:1231] warning: ModuleName - nvngx_dlinpainting.dll doesn't exist in any of the search paths!

[2026-10-03 23:05:49] [NGXContextDenyListData::IsFeatureDenied:669] Feature dlisr, denial value 0 for Cms ID 876232c

[2026-10-03 23:05:49] [`anonymous-namespace'::SnippetLocationInfo::load:695] NGXLoadFromPath failed: -1160773628

[2026-10-03 23:05:49] [`anonymous-namespace'::SnippetLocationInfo::load:695] NGXLoadFromPath failed: -1160773628

[2026-10-03 23:05:49] [NGXSecureLoadFeature:1231] warning: ModuleName - nvngx_dlisr.dll doesn't exist in any of the search paths!

[2026-10-03 23:05:49] [NGXContextDenyListData::IsFeatureDenied:669] Feature dlslowmo, denial value 0 for Cms ID 876232c

[2026-10-03 23:05:49] [`anonymous-namespace'::SnippetLocationInfo::load:695] NGXLoadFromPath failed: -1160773628

[2026-10-03 23:05:49] [`anonymous-namespace'::SnippetLocationInfo::load:695] NGXLoadFromPath failed: -1160773628

[2026-10-03 23:05:49] [NGXSecureLoadFeature:1231] warning: ModuleName - nvngx_dlslowmo.dll doesn't exist in any of the search paths!

[2026-10-03 23:05:49] [NGXContextDenyListData::IsFeatureDenied:669] Feature dlvsr, denial value 0 for Cms ID 876232c

[2026-10-03 23:05:49] [`anonymous-namespace'::SnippetLocationInfo::load:695] NGXLoadFromPath failed: -1160773628

[2026-10-03 23:05:49] [`anonymous-namespace'::SnippetLocationInfo::load:695] NGXLoadFromPath failed: -1160773628

[2026-10-03 23:05:49] [NGXSecureLoadFeature:1231] warning: ModuleName - nvngx_dlvsr.dll doesn't exist in any of the search paths!

[2026-10-03 23:05:49] [NGXContextDenyListData::IsFeatureDenied:669] Feature dlcolorize, denial value 0 for Cms ID 876232c

[2026-10-03 23:05:49] [`anonymous-namespace'::SnippetLocationInfo::load:695] NGXLoadFromPath failed: -1160773628

[2026-10-03 23:05:49] [`anonymous-namespace'::SnippetLocationInfo::load:695] NGXLoadFromPath failed: -1160773628

[2026-10-03 23:05:49] [NGXSecureLoadFeature:1231] warning: ModuleName - nvngx_dlcolorize.dll doesn't exist in any of the search paths!

[2026-10-03 23:05:49] [NGXContextDenyListData::IsFeatureDenied:669] Feature dlstyletransfer, denial value 0 for Cms ID 876232c

[2026-10-03 23:05:49] [`anonymous-namespace'::SnippetLocationInfo::load:695] NGXLoadFromPath failed: -1160773628

[2026-10-03 23:05:49] [`anonymous-namespace'::SnippetLocationInfo::load:695] NGXLoadFromPath failed: -1160773628

[2026-10-03 23:05:49] [NGXSecureLoadFeature:1231] warning: ModuleName - nvngx_dlstyletransfer.dll doesn't exist in any of the search paths!

[2026-10-03 23:05:49] [NGXContextDenyListData::IsFeatureDenied:669] Feature dlvdenoiser, denial value 0 for Cms ID 876232c

[2026-10-03 23:05:49] [`anonymous-namespace'::SnippetLocationInfo::load:695] NGXLoadFromPath failed: -1160773628

[2026-10-03 23:05:49] [`anonymous-namespace'::SnippetLocationInfo::load:695] NGXLoadFromPath failed: -1160773628

[2026-10-03 23:05:49] [NGXSecureLoadFeature:1231] warning: ModuleName - nvngx_dlvdenoiser.dll doesn't exist in any of the search paths!

[2026-10-03 23:05:49] [NGXContextDenyListData::IsFeatureDenied:669] Feature dlisp, denial value 0 for Cms ID 876232c

[2026-10-03 23:05:49] [`anonymous-namespace'::SnippetLocationInfo::load:695] NGXLoadFromPath failed: -1160773628

[2026-10-03 23:05:49] [`anonymous-namespace'::SnippetLocationInfo::load:695] NGXLoadFromPath failed: -1160773628

[2026-10-03 23:05:49] [NGXSecureLoadFeature:1231] warning: ModuleName - nvngx_dlisp.dll doesn't exist in any of the search paths!

[2026-10-03 23:05:49] [NGXContextDenyListData::IsFeatureDenied:669] Feature dlresolve, denial value 0 for Cms ID 876232c

[2026-10-03 23:05:49] [`anonymous-namespace'::SnippetLocationInfo::load:695] NGXLoadFromPath failed: -1160773628

[2026-10-03 23:05:49] [`anonymous-namespace'::SnippetLocationInfo::load:695] NGXLoadFromPath failed: -1160773628

[2026-10-03 23:05:49] [NGXSecureLoadFeature:1231] warning: ModuleName - nvngx_dlresolve.dll doesn't exist in any of the search paths!

[2026-10-03 23:05:49] [NGXContextDenyListData::IsFeatureDenied:669] Feature dlssg, denial value 0 for Cms ID 876232c

[2026-10-03 23:05:49] [NGXLoadLibrary:34] Loaded NGXCore from path (D:\\ProjectDllsss\\logs\\runtime\\minecraft-dlssg-x2\\20261004-030130-357\\stock-runtime/nvngx_dlssg.dll)

[2026-10-03 23:05:49] [NGXValidateSnippetMetaData:1509] Validating snippet D:\\ProjectDllsss\\logs\\runtime\\minecraft-dlssg-x2\\20261004-030130-357\\stock-runtime/nvngx_dlssg.dll

[2026-10-03 23:05:49] [NGXValidateSnippetMetaData:1511] NGX CORE API version : 0x15, Snippet requires at least : 0x13

[2026-10-03 23:05:49] [NGXValidateSnippetMetaData:1515] GPU architecture : 0x170, Snippet expects at least : 0x170

[2026-10-03 23:05:49] [NGXValidateSnippetMetaData:1530] Driver support flags : 0xF(SEAMLESS_OTA|LINUX_EXTENDED_DRIVER_VERSIONS|API_SPECIFIC_POPULATE_PARAMS|REQUIRE_CMSID), Snippet required flags : 0x0()

[2026-10-03 23:05:49] [NGXValidateSnippetMetaData:1558] Driver version : 596.49, Snippet expects at least : 520.0

[2026-10-03 23:05:49] [NGXValidateSnippetMetaData:1585] Snippet version : 310.9.1, Embedded app Id : E658703 (0)

[2026-10-03 23:05:49] [`anonymous-namespace'::SnippetLocationInfo::load:695] NGXLoadFromPath failed: -1160773628

[2026-10-03 23:05:49] [NGXSecureLoadFeature:1329] Feature dlssg failed to load (cmsid 141959980) from cache (location: C:\ProgramData\NVIDIA\NGX\models\dlssg\versions\0\files, name: 160_876232C.bin)

[2026-10-03 23:05:49] [LaunchNGXUpdater:342] starting C:\WINDOWS\System32\DriverStore\FileRepository\nvlti.inf_amd64_af02d12a5c2283af\nvngx_update.exe with command line - C:\WINDOWS\System32\DriverStore\FileRepository\nvlti.inf_amd64_af02d12a5c2283af\nvngx_update.exe -api update -cmsid 101950511 -feature dlssg -bootstrap  -gpuarch 352

[2026-10-03 23:05:49] [LaunchNGXUpdater:343] process for NGX Updater created successfully

[2026-10-03 23:05:49] [`anonymous-namespace'::SnippetLocationInfo::load:695] NGXLoadFromPath failed: -1160773628

[2026-10-03 23:05:49] [NGXSecureLoadFeature:1329] Feature dlssg failed to load (cmsid 241534723) from cache (location: C:\ProgramData\NVIDIA\NGX\models\dlssg\versions\0\files, name: 160_E658703.bin)

[2026-10-03 23:05:49] [LaunchNGXUpdater:342] starting C:\WINDOWS\System32\DriverStore\FileRepository\nvlti.inf_amd64_af02d12a5c2283af\nvngx_update.exe with command line - C:\WINDOWS\System32\DriverStore\FileRepository\nvlti.inf_amd64_af02d12a5c2283af\nvngx_update.exe -api update -cmsid 0 -feature dlssg -bootstrap  -gpuarch 352

[2026-10-03 23:05:49] [LaunchNGXUpdater:343] process for NGX Updater created successfully

[2026-10-03 23:05:49] [LaunchNGXUpdater:342] starting C:\WINDOWS\System32\DriverStore\FileRepository\nvlti.inf_amd64_af02d12a5c2283af\nvngx_update.exe with command line - C:\WINDOWS\System32\DriverStore\FileRepository\nvlti.inf_amd64_af02d12a5c2283af\nvngx_update.exe -api update -cmsid 1 -feature dlssg -bootstrap  -gpuarch 352

[2026-10-03 23:05:49] [LaunchNGXUpdater:343] process for NGX Updater created successfully

[2026-10-03 23:05:49] [LaunchNGXUpdater:342] starting C:\WINDOWS\System32\DriverStore\FileRepository\nvlti.inf_amd64_af02d12a5c2283af\nvngx_update.exe with command line - C:\WINDOWS\System32\DriverStore\FileRepository\nvlti.inf_amd64_af02d12a5c2283af\nvngx_update.exe -api update -cmsid 2 -feature dlssg -bootstrap  -gpuarch 352

[2026-10-03 23:05:49] [LaunchNGXUpdater:343] process for NGX Updater created successfully

[2026-10-03 23:05:50] [LaunchNGXUpdater:342] starting C:\WINDOWS\System32\DriverStore\FileRepository\nvlti.inf_amd64_af02d12a5c2283af\nvngx_update.exe with command line - C:\WINDOWS\System32\DriverStore\FileRepository\nvlti.inf_amd64_af02d12a5c2283af\nvngx_update.exe -api update -cmsid 3 -feature dlssg -bootstrap  -gpuarch 352

[2026-10-03 23:05:50] [LaunchNGXUpdater:343] process for NGX Updater created successfully

[2026-10-03 23:05:50] [NGXLoadLibrary:34] Loaded NGXCore from path (C:\WINDOWS\System32\DriverStore\FileRepository\nvlti.inf_amd64_af02d12a5c2283af/nvngx_dlssg.dll)

[2026-10-03 23:05:50] [NGXValidateSnippetMetaData:1509] Validating snippet C:\WINDOWS\System32\DriverStore\FileRepository\nvlti.inf_amd64_af02d12a5c2283af/nvngx_dlssg.dll

[2026-10-03 23:05:50] [NGXValidateSnippetMetaData:1511] NGX CORE API version : 0x15, Snippet requires at least : 0x13

[2026-10-03 23:05:50] [NGXValidateSnippetMetaData:1515] GPU architecture : 0x170, Snippet expects at least : 0x170

[2026-10-03 23:05:50] [NGXValidateSnippetMetaData:1530] Driver support flags : 0xF(SEAMLESS_OTA|LINUX_EXTENDED_DRIVER_VERSIONS|API_SPECIFIC_POPULATE_PARAMS|REQUIRE_CMSID), Snippet required flags : 0x0()

[2026-10-03 23:05:50] [NGXValidateSnippetMetaData:1558] Driver version : 596.49, Snippet expects at least : 520.0

[2026-10-03 23:05:50] [NGXValidateSnippetMetaData:1585] Snippet version : 310.9.1, Embedded app Id : E658703 (0)

[2026-10-03 23:05:50] [NGXSecureLoadFeature:1366] Found dlssg driver fallback snippet at C:\WINDOWS\System32\DriverStore\FileRepository\nvlti.inf_amd64_af02d12a5c2283af

[2026-10-03 23:05:50] [NGXSecureLoadFeature:1445] app 876232C feature dlssg snippet: D:\\ProjectDllsss\\logs\\runtime\\minecraft-dlssg-x2\\20261004-030130-357\\stock-runtime/nvngx_dlssg.dll version: 310.9.1

[2026-10-03 23:05:50] [NGXLoadFeature:1527] Setting telemetry callback for dlssg [schema 3.0+]

[2026-10-03 23:05:50] [NGXLoadFeature:1532] Setting override status callback for dlssg

[2026-10-03 23:05:50] [NGXContextDenyListData::IsFeatureDenied:669] Feature deepdvc, denial value 0 for Cms ID 876232c

[2026-10-03 23:05:50] [`anonymous-namespace'::SnippetLocationInfo::load:695] NGXLoadFromPath failed: -1160773628

[2026-10-03 23:05:50] [`anonymous-namespace'::SnippetLocationInfo::load:695] NGXLoadFromPath failed: -1160773628

[2026-10-03 23:05:50] [NGXSecureLoadFeature:1231] warning: ModuleName - nvngx_deepdvc.dll doesn't exist in any of the search paths!

[2026-10-03 23:05:50] [NGXContextDenyListData::IsFeatureDenied:669] Feature dlssd, denial value 0 for Cms ID 876232c

[2026-10-03 23:05:50] [`anonymous-namespace'::SnippetLocationInfo::load:695] NGXLoadFromPath failed: -1160773628

[2026-10-03 23:05:50] [`anonymous-namespace'::SnippetLocationInfo::load:695] NGXLoadFromPath failed: -1160773628

[2026-10-03 23:05:50] [NGXSecureLoadFeature:1231] warning: ModuleName - nvngx_dlssd.dll doesn't exist in any of the search paths!

[2026-10-03 23:05:50] [NGXContextDenyListData::IsFeatureDenied:669] Feature truehdr, denial value 0 for Cms ID 876232c

[2026-10-03 23:05:50] [`anonymous-namespace'::SnippetLocationInfo::load:695] NGXLoadFromPath failed: -1160773628

[2026-10-03 23:05:50] [`anonymous-namespace'::SnippetLocationInfo::load:695] NGXLoadFromPath failed: -1160773628

[2026-10-03 23:05:50] [NGXSecureLoadFeature:1231] warning: ModuleName - nvngx_truehdr.dll doesn't exist in any of the search paths!

[2026-10-03 23:05:50] [NGXContextDenyListData::IsFeatureDenied:669] Feature latewarp, denial value 0 for Cms ID 876232c

[2026-10-03 23:05:50] [`anonymous-namespace'::SnippetLocationInfo::load:695] NGXLoadFromPath failed: -1160773628

[2026-10-03 23:05:50] [`anonymous-namespace'::SnippetLocationInfo::load:695] NGXLoadFromPath failed: -1160773628

[2026-10-03 23:05:50] [NGXSecureLoadFeature:1231] warning: ModuleName - nvngx_latewarp.dll doesn't exist in any of the search paths!

[2026-10-03 23:05:50] [NGXContextDenyListData::IsFeatureDenied:669] Feature vsr, denial value 0 for Cms ID 876232c

[2026-10-03 23:05:50] [`anonymous-namespace'::SnippetLocationInfo::load:695] NGXLoadFromPath failed: -1160773628

[2026-10-03 23:05:50] [`anonymous-namespace'::SnippetLocationInfo::load:695] NGXLoadFromPath failed: -1160773628

[2026-10-03 23:05:50] [NGXSecureLoadFeature:1231] warning: ModuleName - nvngx_vsr.dll doesn't exist in any of the search paths!

[2026-10-03 23:05:50] [NGXContextDenyListData::IsFeatureDenied:669] Feature fgx, denial value 0 for Cms ID 876232c

[2026-10-03 23:05:50] [`anonymous-namespace'::SnippetLocationInfo::load:695] NGXLoadFromPath failed: -1160773628

[2026-10-03 23:05:50] [`anonymous-namespace'::SnippetLocationInfo::load:695] NGXLoadFromPath failed: -1160773628

[2026-10-03 23:05:50] [NGXSecureLoadFeature:1231] warning: ModuleName - nvngx_fgx.dll doesn't exist in any of the search paths!

[2026-10-03 23:05:51] [tid:2357368][NGXInitLog:208] App logging hooks successfully initialized

[2026-10-03 23:05:51] [tid:2357368][NGXInitLog:214] Build v310.9.1 CL 38868064

[2026-10-03 23:05:51] [tid:2357368][NGXInitLog:216] Built with APP_NAME = endpoint

[2026-10-03 23:05:51] [tid:2357368][NGXInitLog:226] Loaded from path "D:\ProjectDllsss\logs\runtime\minecraft-dlssg-x2\20261004-030130-357\bundle-cache\f041be503d3fe093468a799be4e6e15cbbb91fdde5aa3a1b9bef8985a18057b7/nvngx_dlssg.dll" by java.exe

[2026-10-03 23:05:51] [tid:2357368][DLSSGDRSKeys::ReadValuesFromDRSImpl:78] Finished loading values from DRS

[2026-10-03 23:05:51] [tid:2357368][NGXCubinD3D12::Init:135] Enabling texmode_raw

[2026-10-03 23:05:51] [tid:2357368][NGXCubinD3D12::Init:147] Enabling CuModule kernel path (load fatbin once, resolve entry points)

[2026-10-03 23:05:51] [tid:2357368][NGXCubinD3D12::Init:152] Build - PRODUCTION

[2026-10-03 23:05:51] [tid:2357368][NGXCubinD3D12::Init:156] GPU nodes 1 - visible node mask 1

[2026-10-03 23:05:51] [tid:2357368][NGXCubinKernelMap::InitCubins:42] Loading NGXCubin kernels

[2026-10-03 23:05:51] [tid:2357368][NGXCubinGeneric::SetGPUArch:473] m_gpuArch = 0x170

[2026-10-03 23:05:51] [tid:2357368][NGXCubinGeneric::genericPostInit:164] Fast UAV clear: supported

[2026-10-03 23:05:51] [GetSystemInfo:985] Detected Windows Version 10.0.26100.9278

[2026-10-03 23:05:51] [NGXSendTelemetryInitializeData:302] Sending Telemetry Init Data

[2026-10-03 23:05:51] [NGXSendTelemetryInitializeData:303] appExeName = wisteria_dlssg_bridge-3d8482f06f81171446ae4ce039f5ace9e0b97e3bf6eb73fcae6359690e087c31.dll

[2026-10-03 23:05:51] [NGXSendTelemetryInitializeData:304] drsProfileName = 

[2026-10-03 23:05:51] [NGXSendTelemetryInitializeData:305] drsName = 

[2026-10-03 23:05:51] [NGXSendTelemetryInitializeData:307] AppIdType = RENDERING_ENGINE

[2026-10-03 23:05:51] [NGXSendTelemetryInitializeData:308] ProjectId = 3e6891d2-09ac-4f54-ae8d-f481c3150d4b

[2026-10-03 23:05:51] [NGXSendTelemetryInitializeData:309] EngineVersion = 1.0.0

[2026-10-03 23:05:51] [NGXSendTelemetryInitializeData:310] EngineType = custom

[2026-10-03 23:05:51] [NGXSendTelemetryInitializeData:311] cmsId = 0

[2026-10-03 23:05:51] [NGXSendTelemetryInitializeData:312] featureType = FrameGeneration

[2026-10-03 23:05:51] [NGXSendTelemetryInitializeData:313] gpuDeviceId = 9632

[2026-10-03 23:05:51] [NGXSendTelemetryInitializeData:314] gpuVendorId = 4318

[2026-10-03 23:05:51] [NGXSendTelemetryInitializeData:315] gpuSubSys = 979179434

[2026-10-03 23:05:51] [NGXSendTelemetryInitializeData:316] gpuRev = 161

[2026-10-03 23:05:51] [NGXSendTelemetryInitializeData:317] ngxSDKVersion = 1.5

[2026-10-03 23:05:51] [NGXSendTelemetryInitializeData:318] ngxCoreVersion = 1.4.0.0

[2026-10-03 23:05:51] [NGXSendTelemetryInitializeData:319] ngxFeatureVersion = 310.9.1

[2026-10-03 23:05:51] [NGXSendTelemetryInitializeData:320] displayDriverVersion = 596.49

[2026-10-03 23:05:51] [NGXSendTelemetryInitializeData:321] osVersion = 10.0.26100.9278

[2026-10-03 23:05:51] [NGXSendTelemetryInitializeData:322] APIType = 0

[2026-10-03 23:05:51] [NGXSendTelemetryInitializeData:323] FeatureInitResult = NvNGXFeatureInitSuccess

[2026-10-03 23:05:51] [NGXSendTelemetryInitializeData:324] GpuAPI = 2

[2026-10-03 23:05:51] [NGXSendTelemetryInitializeData:326] StreamlineVersion = 

[2026-10-03 23:05:51] [NGXSendTelemetryInitializeData:327] StreamlineGitSHA = 

[2026-10-03 23:05:51] [NGXSendTelemetryInitializeData:328] ExeModuleName = java.exe

[2026-10-03 23:05:51] [NGXSendTelemetryInitializeData:329] OTAEnabled = 1

[2026-10-03 23:05:51] [NGXSendTelemetryInitializeData:335] -- END telemetry init data --

[2026-10-03 23:05:51] [NVSDK_NGX_CreateFeature_Validate:731] app id is 141959980 

[2026-10-03 23:05:51] [tid:2357368][NGXCubinD3D12::ProcessParameters:1424] Resources managed by host: false

[2026-10-03 23:05:51] [tid:2357368][NGXCubinD3D12::Init:135] Enabling texmode_raw

[2026-10-03 23:05:51] [tid:2357368][NGXCubinD3D12::Init:147] Enabling CuModule kernel path (load fatbin once, resolve entry points)

[2026-10-03 23:05:51] [tid:2357368][NGXCubinD3D12::Init:152] Build - PRODUCTION

[2026-10-03 23:05:51] [tid:2357368][NGXCubinD3D12::Init:156] GPU nodes 1 - visible node mask 1

[2026-10-03 23:05:51] [tid:2357368][NGXCubinKernelMap::InitCubins:42] Loading NGXCubin kernels

[2026-10-03 23:05:51] [tid:2357368][NGXCubinGeneric::SetGPUArch:473] m_gpuArch = 0x170

[2026-10-03 23:05:51] [tid:2357368][NGXCubinGeneric::genericPostInit:164] Fast UAV clear: supported

[2026-10-03 23:05:51] [tid:2357368][NGXCubinD3D12::ProcessParameters:1424] Resources managed by host: false

[2026-10-03 23:05:51] [tid:2357368][EndpointCoreCreateParameters::ParseNGXParameters:82] Creating feature using NVSDK_NGX_DLSSG_Parameter_Width/Height

[2026-10-03 23:05:51] [tid:2357368][EndpointConfiguration::ParseNGXParametersCreateTime:50] NVSDK_NGX_DLSSG_Parameter_UserInterfaceRecompositionEnabled: (false)

[2026-10-03 23:05:51] [tid:2357368][NGXCubinGeneric::CreateTexture2DResourceShared:1022] CUBIN 2D alloc (dlfg_resource), m_allocCount=1, currentSize 0.4 MB, totalSize 0.4 MB

[2026-10-03 23:05:51] [tid:2357368][ResourceName::getPublicName:679] ProductionResourceName: 'nv.ngx.dlssg.resource'

[2026-10-03 23:05:51] [tid:2357368][NGXCubinD3D12::SetResourceName:1083] D3D12 SetResourceName: nv.ngx.dlssg.resource

[2026-10-03 23:05:51] [tid:2357368][NGXCubinGeneric::CreateTexture2DResourceShared:1022] CUBIN 2D alloc (dlfg_resource), m_allocCount=2, currentSize 0.4 MB, totalSize 0.8 MB

[2026-10-03 23:05:51] [tid:2357368][ResourceName::getPublicName:679] ProductionResourceName: 'nv.ngx.dlssg.resource'

[2026-10-03 23:05:51] [tid:2357368][NGXCubinD3D12::SetResourceName:1083] D3D12 SetResourceName: nv.ngx.dlssg.resource

[2026-10-03 23:05:51] [tid:2357368][NGXCubinGeneric::CreateTexture2DResourceShared:1022] CUBIN 2D alloc (dlfg_resource), m_allocCount=3, currentSize 3.1 MB, totalSize 3.9 MB

[2026-10-03 23:05:51] [tid:2357368][ResourceName::getPublicName:679] ProductionResourceName: 'nv.ngx.dlssg.resource'

[2026-10-03 23:05:51] [tid:2357368][NGXCubinD3D12::SetResourceName:1083] D3D12 SetResourceName: nv.ngx.dlssg.resource

[2026-10-03 23:05:51] [tid:2357368][NGXCubinGeneric::CreateTexture2DResourceShared:1022] CUBIN 2D alloc (dlfg_resource), m_allocCount=4, currentSize 3.1 MB, totalSize 7.0 MB

[2026-10-03 23:05:51] [tid:2357368][ResourceName::getPublicName:679] ProductionResourceName: 'nv.ngx.dlssg.resource'

[2026-10-03 23:05:51] [tid:2357368][NGXCubinD3D12::SetResourceName:1083] D3D12 SetResourceName: nv.ngx.dlssg.resource

[2026-10-03 23:05:51] [tid:2357368][NGXCubinGeneric::CreateTexture2DResourceShared:1022] CUBIN 2D alloc (dlfg_resource), m_allocCount=5, currentSize 3.1 MB, totalSize 10.2 MB

[2026-10-03 23:05:51] [tid:2357368][ResourceName::getPublicName:679] ProductionResourceName: 'nv.ngx.dlssg.resource'

[2026-10-03 23:05:51] [tid:2357368][NGXCubinD3D12::SetResourceName:1083] D3D12 SetResourceName: nv.ngx.dlssg.resource

[2026-10-03 23:05:51] [tid:2357368][NGXCubinGeneric::CreateTexture2DResourceShared:1022] CUBIN 2D alloc (dlfg_resource), m_allocCount=6, currentSize 3.1 MB, totalSize 13.3 MB

[2026-10-03 23:05:51] [tid:2357368][ResourceName::getPublicName:679] ProductionResourceName: 'nv.ngx.dlssg.resource'

[2026-10-03 23:05:51] [tid:2357368][NGXCubinD3D12::SetResourceName:1083] D3D12 SetResourceName: nv.ngx.dlssg.resource

[2026-10-03 23:05:51] [tid:2357368][NGXCubinGeneric::CreateTexture2DResourceShared:1022] CUBIN 2D alloc (dlfg_resource), m_allocCount=7, currentSize 0.8 MB, totalSize 14.1 MB

[2026-10-03 23:05:51] [tid:2357368][ResourceName::getPublicName:679] ProductionResourceName: 'nv.ngx.dlssg.resource'

[2026-10-03 23:05:51] [tid:2357368][NGXCubinD3D12::SetResourceName:1083] D3D12 SetResourceName: nv.ngx.dlssg.resource

[2026-10-03 23:05:51] [tid:2357368][NGXCubinGeneric::CreateTexture2DResourceShared:1022] CUBIN 2D alloc (dlfg_resource), m_allocCount=8, currentSize 0.4 MB, totalSize 14.5 MB

[2026-10-03 23:05:51] [tid:2357368][ResourceName::getPublicName:679] ProductionResourceName: 'nv.ngx.dlssg.resource'

[2026-10-03 23:05:51] [tid:2357368][NGXCubinD3D12::SetResourceName:1083] D3D12 SetResourceName: nv.ngx.dlssg.resource

[2026-10-03 23:05:51] [tid:2357368][NGXCubinGeneric::CreateTexture2DResourceShared:1022] CUBIN 2D alloc (dlfg_resource), m_allocCount=9, currentSize 0.4 MB, totalSize 14.9 MB

[2026-10-03 23:05:51] [tid:2357368][ResourceName::getPublicName:679] ProductionResourceName: 'nv.ngx.dlssg.resource'

[2026-10-03 23:05:51] [tid:2357368][NGXCubinD3D12::SetResourceName:1083] D3D12 SetResourceName: nv.ngx.dlssg.resource

[2026-10-03 23:05:51] [tid:2357368][NGXCubinGeneric::CreateTexture2DResourceShared:1022] CUBIN 2D alloc (dlfg_resource), m_allocCount=10, currentSize 0.4 MB, totalSize 15.2 MB

[2026-10-03 23:05:51] [tid:2357368][ResourceName::getPublicName:679] ProductionResourceName: 'nv.ngx.dlssg.resource'

[2026-10-03 23:05:51] [tid:2357368][NGXCubinD3D12::SetResourceName:1083] D3D12 SetResourceName: nv.ngx.dlssg.resource

[2026-10-03 23:05:51] [tid:2357368][NGXCubinGeneric::CreateBufferResource:822] CUBIN 1D alloc (dlfg_resource), m_allocCount=11, currentSize 0.0 MB, totalSize 15.2 MB

[2026-10-03 23:05:51] [tid:2357368][ResourceName::getPublicName:679] ProductionResourceName: 'nv.ngx.dlssg.resource'

[2026-10-03 23:05:51] [tid:2357368][NGXCubinD3D12::SetResourceName:1083] D3D12 SetResourceName: nv.ngx.dlssg.resource

[2026-10-03 23:05:51] [tid:2357368][NGXCubinGeneric::CreateTexture2DResourceShared:1022] CUBIN 2D alloc (dlfg_resource), m_allocCount=12, currentSize 0.4 MB, totalSize 15.6 MB

[2026-10-03 23:05:51] [tid:2357368][ResourceName::getPublicName:679] ProductionResourceName: 'nv.ngx.dlssg.resource'

[2026-10-03 23:05:51] [tid:2357368][NGXCubinD3D12::SetResourceName:1083] D3D12 SetResourceName: nv.ngx.dlssg.resource

[2026-10-03 23:05:51] [tid:2357368][NGXCubinGeneric::CreateTexture2DResourceShared:1022] CUBIN 2D alloc (dlfg_resource), m_allocCount=13, currentSize 0.4 MB, totalSize 16.0 MB

[2026-10-03 23:05:51] [tid:2357368][ResourceName::getPublicName:679] ProductionResourceName: 'nv.ngx.dlssg.resource'

[2026-10-03 23:05:51] [tid:2357368][NGXCubinD3D12::SetResourceName:1083] D3D12 SetResourceName: nv.ngx.dlssg.resource

[2026-10-03 23:05:51] [tid:2357368][NGXCubinGeneric::CreateTexture2DResourceShared:1022] CUBIN 2D alloc (dlfg_resource), m_allocCount=14, currentSize 0.4 MB, totalSize 16.4 MB

[2026-10-03 23:05:51] [tid:2357368][ResourceName::getPublicName:679] ProductionResourceName: 'nv.ngx.dlssg.resource'

[2026-10-03 23:05:51] [tid:2357368][NGXCubinD3D12::SetResourceName:1083] D3D12 SetResourceName: nv.ngx.dlssg.resource

[2026-10-03 23:05:51] [tid:2357368][NGXCubinGeneric::CreateTexture2DResourceShared:1022] CUBIN 2D alloc (dlfg_resource), m_allocCount=15, currentSize 0.1 MB, totalSize 16.5 MB

[2026-10-03 23:05:51] [tid:2357368][ResourceName::getPublicName:679] ProductionResourceName: 'nv.ngx.dlssg.resource'

[2026-10-03 23:05:51] [tid:2357368][NGXCubinD3D12::SetResourceName:1083] D3D12 SetResourceName: nv.ngx.dlssg.resource

[2026-10-03 23:05:51] [tid:2357368][NGXCubinGeneric::CreateTexture2DResourceShared:1022] CUBIN 2D alloc (dlfg_resource), m_allocCount=16, currentSize 0.1 MB, totalSize 16.6 MB

[2026-10-03 23:05:51] [tid:2357368][ResourceName::getPublicName:679] ProductionResourceName: 'nv.ngx.dlssg.resource'

[2026-10-03 23:05:51] [tid:2357368][NGXCubinD3D12::SetResourceName:1083] D3D12 SetResourceName: nv.ngx.dlssg.resource

[2026-10-03 23:05:51] [tid:2357368][NGXCubinGeneric::CreateTexture2DResourceShared:1022] CUBIN 2D alloc (dlfg_resource), m_allocCount=17, currentSize 0.1 MB, totalSize 16.7 MB

[2026-10-03 23:05:51] [tid:2357368][ResourceName::getPublicName:679] ProductionResourceName: 'nv.ngx.dlssg.resource'

[2026-10-03 23:05:51] [tid:2357368][NGXCubinD3D12::SetResourceName:1083] D3D12 SetResourceName: nv.ngx.dlssg.resource

[2026-10-03 23:05:51] [tid:2357368][NGXCubinGeneric::CreateTexture2DResourceShared:1022] CUBIN 2D alloc (dlfg_resource), m_allocCount=18, currentSize 0.8 MB, totalSize 17.5 MB

[2026-10-03 23:05:51] [tid:2357368][ResourceName::getPublicName:679] ProductionResourceName: 'nv.ngx.dlssg.resource'

[2026-10-03 23:05:51] [tid:2357368][NGXCubinD3D12::SetResourceName:1083] D3D12 SetResourceName: nv.ngx.dlssg.resource

[2026-10-03 23:05:51] [tid:2357368][NGXCubinGeneric::CreateTexture2DResourceShared:1022] CUBIN 2D alloc (dlfg_resource), m_allocCount=19, currentSize 0.8 MB, totalSize 18.3 MB

[2026-10-03 23:05:51] [tid:2357368][ResourceName::getPublicName:679] ProductionResourceName: 'nv.ngx.dlssg.resource'

[2026-10-03 23:05:51] [tid:2357368][NGXCubinD3D12::SetResourceName:1083] D3D12 SetResourceName: nv.ngx.dlssg.resource

[2026-10-03 23:05:51] [tid:2357368][NGXCubinGeneric::CreateBufferResource:822] CUBIN 1D alloc (dlfg_resource), m_allocCount=20, currentSize 0.8 MB, totalSize 19.1 MB

[2026-10-03 23:05:51] [tid:2357368][ResourceName::getPublicName:679] ProductionResourceName: 'nv.ngx.dlssg.resource'

[2026-10-03 23:05:51] [tid:2357368][NGXCubinD3D12::SetResourceName:1083] D3D12 SetResourceName: nv.ngx.dlssg.resource

[2026-10-03 23:05:51] [tid:2357368][NGXCubinGeneric::CreateBufferResource:822] CUBIN 1D alloc (dlfg_resource), m_allocCount=21, currentSize 0.8 MB, totalSize 19.8 MB

[2026-10-03 23:05:51] [tid:2357368][ResourceName::getPublicName:679] ProductionResourceName: 'nv.ngx.dlssg.resource'

[2026-10-03 23:05:51] [tid:2357368][NGXCubinD3D12::SetResourceName:1083] D3D12 SetResourceName: nv.ngx.dlssg.resource

[2026-10-03 23:05:51] [tid:2357368][NGXCubinGeneric::CreateBufferResource:822] CUBIN 1D alloc (dlfg_resource), m_allocCount=22, currentSize 0.1 MB, totalSize 19.9 MB

[2026-10-03 23:05:51] [tid:2357368][ResourceName::getPublicName:679] ProductionResourceName: 'nv.ngx.dlssg.resource'

[2026-10-03 23:05:51] [tid:2357368][NGXCubinD3D12::SetResourceName:1083] D3D12 SetResourceName: nv.ngx.dlssg.resource

[2026-10-03 23:05:51] [tid:2357368][NGXCubinGeneric::CreateBufferResource:822] CUBIN 1D alloc (dlfg_resource), m_allocCount=23, currentSize 0.1 MB, totalSize 20.1 MB

[2026-10-03 23:05:51] [tid:2357368][ResourceName::getPublicName:679] ProductionResourceName: 'nv.ngx.dlssg.resource'

[2026-10-03 23:05:51] [tid:2357368][NGXCubinD3D12::SetResourceName:1083] D3D12 SetResourceName: nv.ngx.dlssg.resource

[2026-10-03 23:05:51] [tid:2357368][NGXCubinGeneric::CreateTexture2DResourceShared:1022] CUBIN 2D alloc (dlfg_resource), m_allocCount=24, currentSize 0.8 MB, totalSize 20.9 MB

[2026-10-03 23:05:51] [tid:2357368][ResourceName::getPublicName:679] ProductionResourceName: 'nv.ngx.dlssg.resource'

[2026-10-03 23:05:51] [tid:2357368][NGXCubinD3D12::SetResourceName:1083] D3D12 SetResourceName: nv.ngx.dlssg.resource

[2026-10-03 23:05:51] [tid:2357368][NGXCubinGeneric::CreateTexture2DResourceShared:1022] CUBIN 2D alloc (dlfg_resource), m_allocCount=25, currentSize 0.8 MB, totalSize 21.6 MB

[2026-10-03 23:05:51] [tid:2357368][ResourceName::getPublicName:679] ProductionResourceName: 'nv.ngx.dlssg.resource'

[2026-10-03 23:05:51] [tid:2357368][NGXCubinD3D12::SetResourceName:1083] D3D12 SetResourceName: nv.ngx.dlssg.resource

[2026-10-03 23:05:51] [tid:2357368][NGXCubinGeneric::CreateTexture2DResourceShared:1022] CUBIN 2D alloc (dlfg_resource), m_allocCount=26, currentSize 0.4 MB, totalSize 22.0 MB

[2026-10-03 23:05:51] [tid:2357368][ResourceName::getPublicName:679] ProductionResourceName: 'nv.ngx.dlssg.resource'

[2026-10-03 23:05:51] [tid:2357368][NGXCubinD3D12::SetResourceName:1083] D3D12 SetResourceName: nv.ngx.dlssg.resource

[2026-10-03 23:05:51] [tid:2357368][NGXCubinGeneric::CreateTexture2DResourceShared:1022] CUBIN 2D alloc (dlfg_resource), m_allocCount=27, currentSize 0.4 MB, totalSize 22.4 MB

[2026-10-03 23:05:51] [tid:2357368][ResourceName::getPublicName:679] ProductionResourceName: 'nv.ngx.dlssg.resource'

[2026-10-03 23:05:51] [tid:2357368][NGXCubinD3D12::SetResourceName:1083] D3D12 SetResourceName: nv.ngx.dlssg.resource

[2026-10-03 23:05:51] [tid:2357368][NGXCubinGeneric::CreateTexture2DResourceShared:1022] CUBIN 2D alloc (dlfg_resource), m_allocCount=28, currentSize 0.4 MB, totalSize 22.8 MB

[2026-10-03 23:05:51] [tid:2357368][ResourceName::getPublicName:679] ProductionResourceName: 'nv.ngx.dlssg.resource'

[2026-10-03 23:05:51] [tid:2357368][NGXCubinD3D12::SetResourceName:1083] D3D12 SetResourceName: nv.ngx.dlssg.resource

[2026-10-03 23:05:51] [tid:2357368][NGXCubinGeneric::CreateTexture2DResourceShared:1022] CUBIN 2D alloc (dlfg_resource), m_allocCount=29, currentSize 0.2 MB, totalSize 23.0 MB

[2026-10-03 23:05:51] [tid:2357368][ResourceName::getPublicName:679] ProductionResourceName: 'nv.ngx.dlssg.resource'

[2026-10-03 23:05:51] [tid:2357368][NGXCubinD3D12::SetResourceName:1083] D3D12 SetResourceName: nv.ngx.dlssg.resource

[2026-10-03 23:05:51] [tid:2357368][NGXCubinGeneric::CreateTexture2DResourceShared:1022] CUBIN 2D alloc (dlfg_resource), m_allocCount=30, currentSize 0.2 MB, totalSize 23.2 MB

[2026-10-03 23:05:51] [tid:2357368][ResourceName::getPublicName:679] ProductionResourceName: 'nv.ngx.dlssg.resource'

[2026-10-03 23:05:51] [tid:2357368][NGXCubinD3D12::SetResourceName:1083] D3D12 SetResourceName: nv.ngx.dlssg.resource

[2026-10-03 23:05:51] [tid:2357368][NGXCubinGeneric::CreateTexture2DResourceShared:1022] CUBIN 2D alloc (dlfg_resource), m_allocCount=31, currentSize 0.1 MB, totalSize 23.3 MB

[2026-10-03 23:05:51] [tid:2357368][ResourceName::getPublicName:679] ProductionResourceName: 'nv.ngx.dlssg.resource'

[2026-10-03 23:05:51] [tid:2357368][NGXCubinD3D12::SetResourceName:1083] D3D12 SetResourceName: nv.ngx.dlssg.resource

[2026-10-03 23:05:51] [tid:2357368][NGXCubinGeneric::CreateTexture2DResourceShared:1022] CUBIN 2D alloc (dlfg_resource), m_allocCount=32, currentSize 0.1 MB, totalSize 23.4 MB

[2026-10-03 23:05:51] [tid:2357368][ResourceName::getPublicName:679] ProductionResourceName: 'nv.ngx.dlssg.resource'

[2026-10-03 23:05:51] [tid:2357368][NGXCubinD3D12::SetResourceName:1083] D3D12 SetResourceName: nv.ngx.dlssg.resource

[2026-10-03 23:05:51] [tid:2357368][NGXCubinGeneric::CreateTexture2DResourceShared:1022] CUBIN 2D alloc (dlfg_resource), m_allocCount=33, currentSize 0.1 MB, totalSize 23.5 MB

[2026-10-03 23:05:51] [tid:2357368][ResourceName::getPublicName:679] ProductionResourceName: 'nv.ngx.dlssg.resource'

[2026-10-03 23:05:51] [tid:2357368][NGXCubinD3D12::SetResourceName:1083] D3D12 SetResourceName: nv.ngx.dlssg.resource

[2026-10-03 23:05:51] [tid:2357368][NGXCubinGeneric::CreateTexture2DResourceShared:1022] CUBIN 2D alloc (dlfg_resource), m_allocCount=34, currentSize 0.1 MB, totalSize 23.6 MB

[2026-10-03 23:05:51] [tid:2357368][ResourceName::getPublicName:679] ProductionResourceName: 'nv.ngx.dlssg.resource'

[2026-10-03 23:05:51] [tid:2357368][NGXCubinD3D12::SetResourceName:1083] D3D12 SetResourceName: nv.ngx.dlssg.resource

[2026-10-03 23:05:51] [tid:2357368][NGXCubinGeneric::CreateTexture2DResourceShared:1022] CUBIN 2D alloc (dlfg_resource), m_allocCount=35, currentSize 0.1 MB, totalSize 23.7 MB

[2026-10-03 23:05:51] [tid:2357368][ResourceName::getPublicName:679] ProductionResourceName: 'nv.ngx.dlssg.resource'

[2026-10-03 23:05:51] [tid:2357368][NGXCubinD3D12::SetResourceName:1083] D3D12 SetResourceName: nv.ngx.dlssg.resource

[2026-10-03 23:05:51] [tid:2357368][NGXCubinGeneric::CreateBufferResource:822] CUBIN 1D alloc (dlfg_resource), m_allocCount=36, currentSize 0.9 MB, totalSize 24.6 MB

[2026-10-03 23:05:51] [tid:2357368][ResourceName::getPublicName:679] ProductionResourceName: 'nv.ngx.dlssg.resource'

[2026-10-03 23:05:51] [tid:2357368][NGXCubinD3D12::SetResourceName:1083] D3D12 SetResourceName: nv.ngx.dlssg.resource

[2026-10-03 23:05:51] [tid:2357368][NGXCubinGeneric::CreateBufferResource:822] CUBIN 1D alloc (dlfg_resource), m_allocCount=37, currentSize 2.6 MB, totalSize 27.2 MB

[2026-10-03 23:05:51] [tid:2357368][ResourceName::getPublicName:679] ProductionResourceName: 'nv.ngx.dlssg.resource'

[2026-10-03 23:05:51] [tid:2357368][NGXCubinD3D12::SetResourceName:1083] D3D12 SetResourceName: nv.ngx.dlssg.resource

[2026-10-03 23:05:51] [tid:2357368][NGXCubinGeneric::CreateBufferResource:822] CUBIN 1D alloc (dlfg_resource), m_allocCount=38, currentSize 3.2 MB, totalSize 30.4 MB

[2026-10-03 23:05:51] [tid:2357368][ResourceName::getPublicName:679] ProductionResourceName: 'nv.ngx.dlssg.resource'

[2026-10-03 23:05:51] [tid:2357368][NGXCubinD3D12::SetResourceName:1083] D3D12 SetResourceName: nv.ngx.dlssg.resource

[2026-10-03 23:05:51] [tid:2357368][NGXCubinGeneric::CreateBufferResource:822] CUBIN 1D alloc (dlfg_resource), m_allocCount=39, currentSize 3.2 MB, totalSize 33.5 MB

[2026-10-03 23:05:51] [tid:2357368][ResourceName::getPublicName:679] ProductionResourceName: 'nv.ngx.dlssg.resource'

[2026-10-03 23:05:51] [tid:2357368][NGXCubinD3D12::SetResourceName:1083] D3D12 SetResourceName: nv.ngx.dlssg.resource

[2026-10-03 23:05:51] [tid:2357368][NGXCubinGeneric::CreateBufferResource:822] CUBIN 1D alloc (dlfg_resource), m_allocCount=40, currentSize 0.0 MB, totalSize 33.5 MB

[2026-10-03 23:05:51] [tid:2357368][ResourceName::getPublicName:679] ProductionResourceName: 'nv.ngx.dlssg.resource'

[2026-10-03 23:05:51] [tid:2357368][NGXCubinD3D12::SetResourceName:1083] D3D12 SetResourceName: nv.ngx.dlssg.resource

[2026-10-03 23:05:51] [tid:2357368][NGXCubinGeneric::CreateBufferResource:822] CUBIN 1D alloc (dlfg_resource), m_allocCount=41, currentSize 0.8 MB, totalSize 34.3 MB

[2026-10-03 23:05:51] [tid:2357368][ResourceName::getPublicName:679] ProductionResourceName: 'nv.ngx.dlssg.resource'

[2026-10-03 23:05:51] [tid:2357368][NGXCubinD3D12::SetResourceName:1083] D3D12 SetResourceName: nv.ngx.dlssg.resource

[2026-10-03 23:05:51] [tid:2357368][NGXCubinGeneric::CreateBufferResource:822] CUBIN 1D alloc (dlfg_resource), m_allocCount=42, currentSize 6.3 MB, totalSize 40.7 MB

[2026-10-03 23:05:51] [tid:2357368][ResourceName::getPublicName:679] ProductionResourceName: 'nv.ngx.dlssg.resource'

[2026-10-03 23:05:51] [tid:2357368][NGXCubinD3D12::SetResourceName:1083] D3D12 SetResourceName: nv.ngx.dlssg.resource

[2026-10-03 23:05:51] [tid:2357368][NGXCubinGeneric::CreateBufferResource:822] CUBIN 1D alloc (dlfg_resource), m_allocCount=43, currentSize 0.0 MB, totalSize 40.7 MB

[2026-10-03 23:05:51] [tid:2357368][ResourceName::getPublicName:679] ProductionResourceName: 'nv.ngx.dlssg.resource'

[2026-10-03 23:05:51] [tid:2357368][NGXCubinD3D12::SetResourceName:1083] D3D12 SetResourceName: nv.ngx.dlssg.resource

[2026-10-03 23:05:51] [tid:2357368][NGXCubinGeneric::CreateBufferResource:822] CUBIN 1D alloc (dlfg_resource), m_allocCount=44, currentSize 0.0 MB, totalSize 40.7 MB

[2026-10-03 23:05:51] [tid:2357368][ResourceName::getPublicName:679] ProductionResourceName: 'nv.ngx.dlssg.resource'

[2026-10-03 23:05:51] [tid:2357368][NGXCubinD3D12::SetResourceName:1083] D3D12 SetResourceName: nv.ngx.dlssg.resource

[2026-10-03 23:05:51] [tid:2357368][NGXCubinGeneric::CreateBufferResource:822] CUBIN 1D alloc (dlfg_resource), m_allocCount=45, currentSize 0.0 MB, totalSize 40.7 MB

[2026-10-03 23:05:51] [tid:2357368][ResourceName::getPublicName:679] ProductionResourceName: 'nv.ngx.dlssg.resource'

[2026-10-03 23:05:51] [tid:2357368][NGXCubinD3D12::SetResourceName:1083] D3D12 SetResourceName: nv.ngx.dlssg.resource

[2026-10-03 23:05:51] [tid:2357368][NGXCubinGeneric::CreateBufferResource:822] CUBIN 1D alloc (dlfg_resource), m_allocCount=46, currentSize 0.8 MB, totalSize 41.5 MB

[2026-10-03 23:05:51] [tid:2357368][ResourceName::getPublicName:679] ProductionResourceName: 'nv.ngx.dlssg.resource'

[2026-10-03 23:05:51] [tid:2357368][NGXCubinD3D12::SetResourceName:1083] D3D12 SetResourceName: nv.ngx.dlssg.resource

[2026-10-03 23:05:51] [tid:2357368][NGXCubinGeneric::CreateBufferResource:822] CUBIN 1D alloc (dlfg_resource), m_allocCount=47, currentSize 0.0 MB, totalSize 41.5 MB

[2026-10-03 23:05:51] [tid:2357368][ResourceName::getPublicName:679] ProductionResourceName: 'nv.ngx.dlssg.resource'

[2026-10-03 23:05:51] [tid:2357368][NGXCubinD3D12::SetResourceName:1083] D3D12 SetResourceName: nv.ngx.dlssg.resource

[2026-10-03 23:05:51] [tid:2357368][NGXCubinGeneric::CreateBufferResource:822] CUBIN 1D alloc (dlfg_resource), m_allocCount=48, currentSize 0.2 MB, totalSize 41.7 MB

[2026-10-03 23:05:51] [tid:2357368][ResourceName::getPublicName:679] ProductionResourceName: 'nv.ngx.dlssg.resource'

[2026-10-03 23:05:51] [tid:2357368][NGXCubinD3D12::SetResourceName:1083] D3D12 SetResourceName: nv.ngx.dlssg.resource

[2026-10-03 23:05:51] [tid:2357368][NGXCubinGeneric::CreateBufferResource:822] CUBIN 1D alloc (dlfg_resource), m_allocCount=49, currentSize 0.0 MB, totalSize 41.7 MB

[2026-10-03 23:05:51] [tid:2357368][ResourceName::getPublicName:679] ProductionResourceName: 'nv.ngx.dlssg.resource'

[2026-10-03 23:05:51] [tid:2357368][NGXCubinD3D12::SetResourceName:1083] D3D12 SetResourceName: nv.ngx.dlssg.resource

[2026-10-03 23:05:51] [tid:2357368][NGXCubinGeneric::CreateBufferResource:822] CUBIN 1D alloc (dlfg_resource), m_allocCount=50, currentSize 0.0 MB, totalSize 41.7 MB

[2026-10-03 23:05:51] [tid:2357368][ResourceName::getPublicName:679] ProductionResourceName: 'nv.ngx.dlssg.resource'

[2026-10-03 23:05:51] [tid:2357368][NGXCubinD3D12::SetResourceName:1083] D3D12 SetResourceName: nv.ngx.dlssg.resource

[2026-10-03 23:05:51] [tid:2357368][NGXCubinGeneric::CreateBufferResource:822] CUBIN 1D alloc (dlfg_resource), m_allocCount=51, currentSize 0.0 MB, totalSize 41.7 MB

[2026-10-03 23:05:51] [tid:2357368][ResourceName::getPublicName:679] ProductionResourceName: 'nv.ngx.dlssg.resource'

[2026-10-03 23:05:51] [tid:2357368][NGXCubinD3D12::SetResourceName:1083] D3D12 SetResourceName: nv.ngx.dlssg.resource

[2026-10-03 23:05:51] [tid:2357368][NGXCubinGeneric::CreateBufferResource:822] CUBIN 1D alloc (dlfg_resource), m_allocCount=52, currentSize 0.0 MB, totalSize 41.7 MB

[2026-10-03 23:05:51] [tid:2357368][ResourceName::getPublicName:679] ProductionResourceName: 'nv.ngx.dlssg.resource'

[2026-10-03 23:05:51] [tid:2357368][NGXCubinD3D12::SetResourceName:1083] D3D12 SetResourceName: nv.ngx.dlssg.resource

[2026-10-03 23:05:51] [tid:2357368][NGXCubinGeneric::CreateBufferResource:822] CUBIN 1D alloc (dlfg_resource), m_allocCount=53, currentSize 0.0 MB, totalSize 41.7 MB

[2026-10-03 23:05:51] [tid:2357368][ResourceName::getPublicName:679] ProductionResourceName: 'nv.ngx.dlssg.resource'

[2026-10-03 23:05:51] [tid:2357368][NGXCubinD3D12::SetResourceName:1083] D3D12 SetResourceName: nv.ngx.dlssg.resource

[2026-10-03 23:05:51] [tid:2357368][NGXCubinGeneric::CreateBufferResource:822] CUBIN 1D alloc (dlfg_resource), m_allocCount=54, currentSize 0.0 MB, totalSize 41.7 MB

[2026-10-03 23:05:51] [tid:2357368][ResourceName::getPublicName:679] ProductionResourceName: 'nv.ngx.dlssg.resource'

[2026-10-03 23:05:51] [tid:2357368][NGXCubinD3D12::SetResourceName:1083] D3D12 SetResourceName: nv.ngx.dlssg.resource

[2026-10-03 23:05:51] [tid:2357368][NGXCubinGeneric::CreateBufferResource:822] CUBIN 1D alloc (dlfg_resource), m_allocCount=55, currentSize 0.0 MB, totalSize 41.8 MB

[2026-10-03 23:05:51] [tid:2357368][ResourceName::getPublicName:679] ProductionResourceName: 'nv.ngx.dlssg.resource'

[2026-10-03 23:05:51] [tid:2357368][NGXCubinD3D12::SetResourceName:1083] D3D12 SetResourceName: nv.ngx.dlssg.resource

[2026-10-03 23:05:51] [tid:2357368][NGXCubinGeneric::CreateBufferResource:822] CUBIN 1D alloc (dlfg_network_resource), m_allocCount=56, currentSize 1.8 MB, totalSize 43.5 MB

[2026-10-03 23:05:51] [tid:2357368][ResourceName::getPublicName:679] ProductionResourceName: 'nv.ngx.dlssg.resource'

[2026-10-03 23:05:51] [tid:2357368][NGXCubinD3D12::SetResourceName:1083] D3D12 SetResourceName: nv.ngx.dlssg.resource

[2026-10-03 23:05:51] [tid:2357368][NGXCubinGeneric::CreateBufferResource:822] CUBIN 1D alloc (dlfg_network_resource), m_allocCount=57, currentSize 1.8 MB, totalSize 45.3 MB

[2026-10-03 23:05:51] [tid:2357368][ResourceName::getPublicName:679] ProductionResourceName: 'nv.ngx.dlssg.resource'

[2026-10-03 23:05:51] [tid:2357368][NGXCubinD3D12::SetResourceName:1083] D3D12 SetResourceName: nv.ngx.dlssg.resource

[2026-10-03 23:05:51] [tid:2357368][NGXCubinGeneric::CreateBufferResource:822] CUBIN 1D alloc (dlfg_network_resource), m_allocCount=58, currentSize 1.8 MB, totalSize 47.0 MB

[2026-10-03 23:05:51] [tid:2357368][ResourceName::getPublicName:679] ProductionResourceName: 'nv.ngx.dlssg.resource'

[2026-10-03 23:05:51] [tid:2357368][NGXCubinD3D12::SetResourceName:1083] D3D12 SetResourceName: nv.ngx.dlssg.resource

[2026-10-03 23:05:51] [tid:2357368][NGXCubinGeneric::CreateBufferResource:822] CUBIN 1D alloc (dlfg_network_resource), m_allocCount=59, currentSize 0.9 MB, totalSize 47.9 MB

[2026-10-03 23:05:51] [tid:2357368][ResourceName::getPublicName:679] ProductionResourceName: 'nv.ngx.dlssg.resource'

[2026-10-03 23:05:51] [tid:2357368][NGXCubinD3D12::SetResourceName:1083] D3D12 SetResourceName: nv.ngx.dlssg.resource

[2026-10-03 23:05:51] [tid:2357368][NGXCubinGeneric::CreateBufferResource:822] CUBIN 1D alloc (dlfg_network_resource), m_allocCount=60, currentSize 0.4 MB, totalSize 48.3 MB

[2026-10-03 23:05:51] [tid:2357368][ResourceName::getPublicName:679] ProductionResourceName: 'nv.ngx.dlssg.resource'

[2026-10-03 23:05:51] [tid:2357368][NGXCubinD3D12::SetResourceName:1083] D3D12 SetResourceName: nv.ngx.dlssg.resource

[2026-10-03 23:05:51] [tid:2357368][NGXCubinGeneric::CreateBufferResource:822] CUBIN 1D alloc (dlfg_network_resource), m_allocCount=61, currentSize 0.1 MB, totalSize 48.4 MB

[2026-10-03 23:05:51] [tid:2357368][ResourceName::getPublicName:679] ProductionResourceName: 'nv.ngx.dlssg.resource'

[2026-10-03 23:05:51] [tid:2357368][NGXCubinD3D12::SetResourceName:1083] D3D12 SetResourceName: nv.ngx.dlssg.resource

[2026-10-03 23:05:51] [tid:2357368][NGXCubinGeneric::CreateBufferResource:822] CUBIN 1D alloc (dlfg_network_resource), m_allocCount=62, currentSize 0.1 MB, totalSize 48.5 MB

[2026-10-03 23:05:51] [tid:2357368][ResourceName::getPublicName:679] ProductionResourceName: 'nv.ngx.dlssg.resource'

[2026-10-03 23:05:51] [tid:2357368][NGXCubinD3D12::SetResourceName:1083] D3D12 SetResourceName: nv.ngx.dlssg.resource

[2026-10-03 23:05:51] [tid:2357368][NGXCubinGeneric::CreateBufferResource:822] CUBIN 1D alloc (dlfg_network_resource), m_allocCount=63, currentSize 0.1 MB, totalSize 48.5 MB

[2026-10-03 23:05:51] [tid:2357368][ResourceName::getPublicName:679] ProductionResourceName: 'nv.ngx.dlssg.resource'

[2026-10-03 23:05:51] [tid:2357368][NGXCubinD3D12::SetResourceName:1083] D3D12 SetResourceName: nv.ngx.dlssg.resource

[2026-10-03 23:05:51] [tid:2357368][NGXCubinGeneric::CreateBufferResource:822] CUBIN 1D alloc (dlfg_network_resource), m_allocCount=64, currentSize 0.1 MB, totalSize 48.6 MB

[2026-10-03 23:05:51] [tid:2357368][ResourceName::getPublicName:679] ProductionResourceName: 'nv.ngx.dlssg.resource'

[2026-10-03 23:05:51] [tid:2357368][NGXCubinD3D12::SetResourceName:1083] D3D12 SetResourceName: nv.ngx.dlssg.resource

[2026-10-03 23:05:51] [tid:2357368][NGXCubinGeneric::CreateBufferResource:822] CUBIN 1D alloc (dlfg_network_resource), m_allocCount=65, currentSize 0.0 MB, totalSize 48.6 MB

[2026-10-03 23:05:51] [tid:2357368][ResourceName::getPublicName:679] ProductionResourceName: 'nv.ngx.dlssg.resource'

[2026-10-03 23:05:51] [tid:2357368][NGXCubinD3D12::SetResourceName:1083] D3D12 SetResourceName: nv.ngx.dlssg.resource

[2026-10-03 23:05:51] [tid:2357368][NGXCubinGeneric::CreateBufferResource:822] CUBIN 1D alloc (dlfg_network_resource), m_allocCount=66, currentSize 0.0 MB, totalSize 48.6 MB

[2026-10-03 23:05:51] [tid:2357368][ResourceName::getPublicName:679] ProductionResourceName: 'nv.ngx.dlssg.resource'

[2026-10-03 23:05:51] [tid:2357368][NGXCubinD3D12::SetResourceName:1083] D3D12 SetResourceName: nv.ngx.dlssg.resource

[2026-10-03 23:05:51] [tid:2357368][NGXCubinGeneric::CreateBufferResource:822] CUBIN 1D alloc (dlfg_network_resource), m_allocCount=67, currentSize 0.3 MB, totalSize 48.9 MB

[2026-10-03 23:05:51] [tid:2357368][ResourceName::getPublicName:679] ProductionResourceName: 'nv.ngx.dlssg.resource'

[2026-10-03 23:05:51] [tid:2357368][NGXCubinD3D12::SetResourceName:1083] D3D12 SetResourceName: nv.ngx.dlssg.resource

[2026-10-03 23:05:51] [tid:2357368][NGXCubinGeneric::CreateBufferResource:822] CUBIN 1D alloc (dlfg_network_resource), m_allocCount=68, currentSize 0.3 MB, totalSize 49.2 MB

[2026-10-03 23:05:51] [tid:2357368][ResourceName::getPublicName:679] ProductionResourceName: 'nv.ngx.dlssg.resource'

[2026-10-03 23:05:51] [tid:2357368][NGXCubinD3D12::SetResourceName:1083] D3D12 SetResourceName: nv.ngx.dlssg.resource

[2026-10-03 23:05:51] [tid:2357368][NGXCubinGeneric::CreateBufferResource:822] CUBIN 1D alloc (dlfg_network_resource), m_allocCount=69, currentSize 0.6 MB, totalSize 49.7 MB

[2026-10-03 23:05:51] [tid:2357368][ResourceName::getPublicName:679] ProductionResourceName: 'nv.ngx.dlssg.resource'

[2026-10-03 23:05:51] [tid:2357368][NGXCubinD3D12::SetResourceName:1083] D3D12 SetResourceName: nv.ngx.dlssg.resource

[2026-10-03 23:05:51] [tid:2357368][NGXCubinGeneric::CreateBufferResource:822] CUBIN 1D alloc (dlfg_network_resource), m_allocCount=70, currentSize 0.6 MB, totalSize 50.3 MB

[2026-10-03 23:05:51] [tid:2357368][ResourceName::getPublicName:679] ProductionResourceName: 'nv.ngx.dlssg.resource'

[2026-10-03 23:05:51] [tid:2357368][NGXCubinD3D12::SetResourceName:1083] D3D12 SetResourceName: nv.ngx.dlssg.resource

[2026-10-03 23:05:51] [tid:2357368][NGXCubinGeneric::CreateBufferResource:822] CUBIN 1D alloc (dlfg_network_resource), m_allocCount=71, currentSize 1.1 MB, totalSize 51.4 MB

[2026-10-03 23:05:51] [tid:2357368][ResourceName::getPublicName:679] ProductionResourceName: 'nv.ngx.dlssg.resource'

[2026-10-03 23:05:51] [tid:2357368][NGXCubinD3D12::SetResourceName:1083] D3D12 SetResourceName: nv.ngx.dlssg.resource

[2026-10-03 23:05:51] [tid:2357368][NGXCubinGeneric::CreateBufferResource:822] CUBIN 1D alloc (dlfg_network_resource), m_allocCount=72, currentSize 1.1 MB, totalSize 52.6 MB

[2026-10-03 23:05:51] [tid:2357368][ResourceName::getPublicName:679] ProductionResourceName: 'nv.ngx.dlssg.resource'

[2026-10-03 23:05:51] [tid:2357368][NGXCubinD3D12::SetResourceName:1083] D3D12 SetResourceName: nv.ngx.dlssg.resource

[2026-10-03 23:05:51] [tid:2357368][NGXCubinGeneric::CreateBufferResource:822] CUBIN 1D alloc (dlfg_network_resource), m_allocCount=73, currentSize 0.5 MB, totalSize 53.1 MB

[2026-10-03 23:05:51] [tid:2357368][ResourceName::getPublicName:679] ProductionResourceName: 'nv.ngx.dlssg.resource'

[2026-10-03 23:05:51] [tid:2357368][NGXCubinD3D12::SetResourceName:1083] D3D12 SetResourceName: nv.ngx.dlssg.resource

[2026-10-03 23:05:51] [tid:2357368][NGXCubinGeneric::CreateBufferResource:822] CUBIN 1D alloc (dlfg_network_resource), m_allocCount=74, currentSize 0.5 MB, totalSize 53.6 MB

[2026-10-03 23:05:51] [tid:2357368][ResourceName::getPublicName:679] ProductionResourceName: 'nv.ngx.dlssg.resource'

[2026-10-03 23:05:51] [tid:2357368][NGXCubinD3D12::SetResourceName:1083] D3D12 SetResourceName: nv.ngx.dlssg.resource

[2026-10-03 23:05:51] [tid:2357368][NGXCubinGeneric::CreateBufferResource:822] CUBIN 1D alloc (dlfg_network_resource), m_allocCount=75, currentSize 0.5 MB, totalSize 54.1 MB

[2026-10-03 23:05:51] [tid:2357368][ResourceName::getPublicName:679] ProductionResourceName: 'nv.ngx.dlssg.resource'

[2026-10-03 23:05:51] [tid:2357368][NGXCubinD3D12::SetResourceName:1083] D3D12 SetResourceName: nv.ngx.dlssg.resource

[2026-10-03 23:05:51] [tid:2357368][NGXCubinGeneric::CreateBufferResource:822] CUBIN 1D alloc (dlfg_network_resource), m_allocCount=76, currentSize 0.5 MB, totalSize 54.6 MB

[2026-10-03 23:05:51] [tid:2357368][ResourceName::getPublicName:679] ProductionResourceName: 'nv.ngx.dlssg.resource'

[2026-10-03 23:05:51] [tid:2357368][NGXCubinD3D12::SetResourceName:1083] D3D12 SetResourceName: nv.ngx.dlssg.resource

[2026-10-03 23:05:51] [tid:2357368][NGXCubinGeneric::CreateBufferResource:822] CUBIN 1D alloc (dlfg_network_resource), m_allocCount=77, currentSize 0.3 MB, totalSize 54.9 MB

[2026-10-03 23:05:51] [tid:2357368][ResourceName::getPublicName:679] ProductionResourceName: 'nv.ngx.dlssg.resource'

[2026-10-03 23:05:51] [tid:2357368][NGXCubinD3D12::SetResourceName:1083] D3D12 SetResourceName: nv.ngx.dlssg.resource

[2026-10-03 23:05:51] [tid:2357368][NGXCubinGeneric::CreateBufferResource:822] CUBIN 1D alloc (dlfg_network_resource), m_allocCount=78, currentSize 0.3 MB, totalSize 55.1 MB

[2026-10-03 23:05:51] [tid:2357368][ResourceName::getPublicName:679] ProductionResourceName: 'nv.ngx.dlssg.resource'

[2026-10-03 23:05:51] [tid:2357368][NGXCubinD3D12::SetResourceName:1083] D3D12 SetResourceName: nv.ngx.dlssg.resource

[2026-10-03 23:05:51] [tid:2357368][NGXCubinGeneric::CreateBufferResource:822] CUBIN 1D alloc (dlfg_network_resource), m_allocCount=79, currentSize 0.1 MB, totalSize 55.3 MB

[2026-10-03 23:05:51] [tid:2357368][ResourceName::getPublicName:679] ProductionResourceName: 'nv.ngx.dlssg.resource'

[2026-10-03 23:05:51] [tid:2357368][NGXCubinD3D12::SetResourceName:1083] D3D12 SetResourceName: nv.ngx.dlssg.resource

[2026-10-03 23:05:51] [tid:2357368][NGXCubinGeneric::CreateBufferResource:822] CUBIN 1D alloc (dlfg_network_resource), m_allocCount=80, currentSize 0.1 MB, totalSize 55.4 MB

[2026-10-03 23:05:51] [tid:2357368][ResourceName::getPublicName:679] ProductionResourceName: 'nv.ngx.dlssg.resource'

[2026-10-03 23:05:51] [tid:2357368][NGXCubinD3D12::SetResourceName:1083] D3D12 SetResourceName: nv.ngx.dlssg.resource

[2026-10-03 23:05:51] [tid:2357368][NGXCubinGeneric::CreateBufferResource:822] CUBIN 1D alloc (dlfg_network_resource), m_allocCount=81, currentSize 0.1 MB, totalSize 55.5 MB

[2026-10-03 23:05:51] [tid:2357368][ResourceName::getPublicName:679] ProductionResourceName: 'nv.ngx.dlssg.resource'

[2026-10-03 23:05:51] [tid:2357368][NGXCubinD3D12::SetResourceName:1083] D3D12 SetResourceName: nv.ngx.dlssg.resource

[2026-10-03 23:05:51] [tid:2357368][NGXCubinGeneric::CreateBufferResource:822] CUBIN 1D alloc (dlfg_network_resource), m_allocCount=82, currentSize 0.1 MB, totalSize 55.5 MB

[2026-10-03 23:05:51] [tid:2357368][ResourceName::getPublicName:679] ProductionResourceName: 'nv.ngx.dlssg.resource'

[2026-10-03 23:05:51] [tid:2357368][NGXCubinD3D12::SetResourceName:1083] D3D12 SetResourceName: nv.ngx.dlssg.resource

[2026-10-03 23:05:51] [tid:2357368][NGXCubinGeneric::CreateBufferResource:822] CUBIN 1D alloc (dlfg_network_resource), m_allocCount=83, currentSize 0.1 MB, totalSize 55.6 MB

[2026-10-03 23:05:51] [tid:2357368][ResourceName::getPublicName:679] ProductionResourceName: 'nv.ngx.dlssg.resource'

[2026-10-03 23:05:51] [tid:2357368][NGXCubinD3D12::SetResourceName:1083] D3D12 SetResourceName: nv.ngx.dlssg.resource

[2026-10-03 23:05:51] [tid:2357368][NGXCubinGeneric::CreateBufferResource:822] CUBIN 1D alloc (dlfg_network_resource), m_allocCount=84, currentSize 0.1 MB, totalSize 55.7 MB

[2026-10-03 23:05:51] [tid:2357368][ResourceName::getPublicName:679] ProductionResourceName: 'nv.ngx.dlssg.resource'

[2026-10-03 23:05:51] [tid:2357368][NGXCubinD3D12::SetResourceName:1083] D3D12 SetResourceName: nv.ngx.dlssg.resource

[2026-10-03 23:05:51] [tid:2357368][NGXCubinGeneric::CreateBufferResource:822] CUBIN 1D alloc (dlfg_network_resource), m_allocCount=85, currentSize 0.1 MB, totalSize 55.7 MB

[2026-10-03 23:05:51] [tid:2357368][ResourceName::getPublicName:679] ProductionResourceName: 'nv.ngx.dlssg.resource'

[2026-10-03 23:05:51] [tid:2357368][NGXCubinD3D12::SetResourceName:1083] D3D12 SetResourceName: nv.ngx.dlssg.resource

[2026-10-03 23:05:51] [tid:2357368][NGXCubinGeneric::CreateBufferResource:822] CUBIN 1D alloc (dlfg_network_resource), m_allocCount=86, currentSize 0.1 MB, totalSize 55.8 MB

[2026-10-03 23:05:51] [tid:2357368][ResourceName::getPublicName:679] ProductionResourceName: 'nv.ngx.dlssg.resource'

[2026-10-03 23:05:51] [tid:2357368][NGXCubinD3D12::SetResourceName:1083] D3D12 SetResourceName: nv.ngx.dlssg.resource

[2026-10-03 23:05:51] [tid:2357368][NGXCubinGeneric::CreateBufferResource:822] CUBIN 1D alloc (dlfg_network_resource), m_allocCount=87, currentSize 0.0 MB, totalSize 55.8 MB

[2026-10-03 23:05:51] [tid:2357368][ResourceName::getPublicName:679] ProductionResourceName: 'nv.ngx.dlssg.resource'

[2026-10-03 23:05:51] [tid:2357368][NGXCubinD3D12::SetResourceName:1083] D3D12 SetResourceName: nv.ngx.dlssg.resource

[2026-10-03 23:05:51] [tid:2357368][NGXCubinGeneric::CreateBufferResource:822] CUBIN 1D alloc (dlfg_network_resource), m_allocCount=88, currentSize 0.0 MB, totalSize 55.9 MB

[2026-10-03 23:05:51] [tid:2357368][ResourceName::getPublicName:679] ProductionResourceName: 'nv.ngx.dlssg.resource'

[2026-10-03 23:05:51] [tid:2357368][NGXCubinD3D12::SetResourceName:1083] D3D12 SetResourceName: nv.ngx.dlssg.resource

[2026-10-03 23:05:51] [tid:2357368][NGXCubinGeneric::CreateBufferResource:822] CUBIN 1D alloc (dlfg_network_resource), m_allocCount=89, currentSize 0.0 MB, totalSize 55.9 MB

[2026-10-03 23:05:51] [tid:2357368][ResourceName::getPublicName:679] ProductionResourceName: 'nv.ngx.dlssg.resource'

[2026-10-03 23:05:51] [tid:2357368][NGXCubinD3D12::SetResourceName:1083] D3D12 SetResourceName: nv.ngx.dlssg.resource

[2026-10-03 23:05:51] [tid:2357368][NGXCubinGeneric::CreateBufferResource:822] CUBIN 1D alloc (dlfg_network_resource), m_allocCount=90, currentSize 0.0 MB, totalSize 55.9 MB

[2026-10-03 23:05:51] [tid:2357368][ResourceName::getPublicName:679] ProductionResourceName: 'nv.ngx.dlssg.resource'

[2026-10-03 23:05:51] [tid:2357368][NGXCubinD3D12::SetResourceName:1083] D3D12 SetResourceName: nv.ngx.dlssg.resource

[2026-10-03 23:05:51] [tid:2357368][NGXCubinGeneric::CreateBufferResource:822] CUBIN 1D alloc (dlfg_network_resource), m_allocCount=91, currentSize 0.0 MB, totalSize 55.9 MB

[2026-10-03 23:05:51] [tid:2357368][ResourceName::getPublicName:679] ProductionResourceName: 'nv.ngx.dlssg.resource'

[2026-10-03 23:05:51] [tid:2357368][NGXCubinD3D12::SetResourceName:1083] D3D12 SetResourceName: nv.ngx.dlssg.resource

[2026-10-03 23:05:51] [tid:2357368][NGXCubinGeneric::CreateBufferResource:822] CUBIN 1D alloc (dlfg_network_resource), m_allocCount=92, currentSize 0.0 MB, totalSize 55.9 MB

[2026-10-03 23:05:51] [tid:2357368][ResourceName::getPublicName:679] ProductionResourceName: 'nv.ngx.dlssg.resource'

[2026-10-03 23:05:51] [tid:2357368][NGXCubinD3D12::SetResourceName:1083] D3D12 SetResourceName: nv.ngx.dlssg.resource

[2026-10-03 23:05:51] [tid:2357368][NGXCubinGeneric::CreateBufferResource:822] CUBIN 1D alloc (dlfg_network_resource), m_allocCount=93, currentSize 0.0 MB, totalSize 55.9 MB

[2026-10-03 23:05:51] [tid:2357368][ResourceName::getPublicName:679] ProductionResourceName: 'nv.ngx.dlssg.resource'

[2026-10-03 23:05:51] [tid:2357368][NGXCubinD3D12::SetResourceName:1083] D3D12 SetResourceName: nv.ngx.dlssg.resource

[2026-10-03 23:05:51] [tid:2357368][NGXCubinGeneric::CreateBufferResource:822] CUBIN 1D alloc (dlfg_network_resource), m_allocCount=94, currentSize 0.0 MB, totalSize 55.9 MB

[2026-10-03 23:05:51] [tid:2357368][ResourceName::getPublicName:679] ProductionResourceName: 'nv.ngx.dlssg.resource'

[2026-10-03 23:05:51] [tid:2357368][NGXCubinD3D12::SetResourceName:1083] D3D12 SetResourceName: nv.ngx.dlssg.resource

[2026-10-03 23:05:51] [tid:2357368][NGXCubinGeneric::CreateBufferResource:822] CUBIN 1D alloc (dlfg_network_resource), m_allocCount=95, currentSize 0.0 MB, totalSize 55.9 MB

[2026-10-03 23:05:51] [tid:2357368][ResourceName::getPublicName:679] ProductionResourceName: 'nv.ngx.dlssg.resource'

[2026-10-03 23:05:51] [tid:2357368][NGXCubinD3D12::SetResourceName:1083] D3D12 SetResourceName: nv.ngx.dlssg.resource

[2026-10-03 23:05:51] [tid:2357368][NGXCubinGeneric::CreateBufferResource:822] CUBIN 1D alloc (dlfg_network_resource), m_allocCount=96, currentSize 0.0 MB, totalSize 55.9 MB

[2026-10-03 23:05:51] [tid:2357368][ResourceName::getPublicName:679] ProductionResourceName: 'nv.ngx.dlssg.resource'

[2026-10-03 23:05:51] [tid:2357368][NGXCubinD3D12::SetResourceName:1083] D3D12 SetResourceName: nv.ngx.dlssg.resource

[2026-10-03 23:05:51] [tid:2357368][NGXCubinGeneric::CreateBufferResource:822] CUBIN 1D alloc (dlfg_network_resource), m_allocCount=97, currentSize 7.9 MB, totalSize 63.8 MB

[2026-10-03 23:05:51] [tid:2357368][ResourceName::getPublicName:679] ProductionResourceName: 'nv.ngx.dlssg.resource'

[2026-10-03 23:05:51] [tid:2357368][NGXCubinD3D12::SetResourceName:1083] D3D12 SetResourceName: nv.ngx.dlssg.resource

[2026-10-03 23:05:51] [tid:2357368][NGXCubinGeneric::CreateBufferResource:822] CUBIN 1D alloc (dlfg_network_resource), m_allocCount=98, currentSize 6.3 MB, totalSize 70.2 MB

[2026-10-03 23:05:51] [tid:2357368][ResourceName::getPublicName:679] ProductionResourceName: 'nv.ngx.dlssg.resource'

[2026-10-03 23:05:51] [tid:2357368][NGXCubinD3D12::SetResourceName:1083] D3D12 SetResourceName: nv.ngx.dlssg.resource

[2026-10-03 23:05:51] [tid:2357368][NGXCubinGeneric::CreateBufferResource:822] CUBIN 1D alloc (dlfg_network_resource), m_allocCount=99, currentSize 3.2 MB, totalSize 73.3 MB

[2026-10-03 23:05:51] [tid:2357368][ResourceName::getPublicName:679] ProductionResourceName: 'nv.ngx.dlssg.resource'

[2026-10-03 23:05:51] [tid:2357368][NGXCubinD3D12::SetResourceName:1083] D3D12 SetResourceName: nv.ngx.dlssg.resource

[2026-10-03 23:05:51] [tid:2357368][NGXCubinGeneric::CreateBufferResource:822] CUBIN 1D alloc (dlfg_network_resource), m_allocCount=100, currentSize 1.6 MB, totalSize 74.9 MB

[2026-10-03 23:05:51] [tid:2357368][ResourceName::getPublicName:679] ProductionResourceName: 'nv.ngx.dlssg.resource'

[2026-10-03 23:05:51] [tid:2357368][NGXCubinD3D12::SetResourceName:1083] D3D12 SetResourceName: nv.ngx.dlssg.resource

[2026-10-03 23:05:51] [tid:2357368][NGXCubinGeneric::CreateBufferResource:822] CUBIN 1D alloc (dlfg_network_resource), m_allocCount=101, currentSize 3.2 MB, totalSize 78.1 MB

[2026-10-03 23:05:51] [tid:2357368][ResourceName::getPublicName:679] ProductionResourceName: 'nv.ngx.dlssg.resource'

[2026-10-03 23:05:51] [tid:2357368][NGXCubinD3D12::SetResourceName:1083] D3D12 SetResourceName: nv.ngx.dlssg.resource

[2026-10-03 23:05:51] [tid:2357368][NGXCubinGeneric::CreateBufferResource:822] CUBIN 1D alloc (dlfg_network_resource), m_allocCount=102, currentSize 14.2 MB, totalSize 92.3 MB

[2026-10-03 23:05:51] [tid:2357368][ResourceName::getPublicName:679] ProductionResourceName: 'nv.ngx.dlssg.resource'

[2026-10-03 23:05:51] [tid:2357368][NGXCubinD3D12::SetResourceName:1083] D3D12 SetResourceName: nv.ngx.dlssg.resource

[2026-10-03 23:05:51] [tid:2357368][NGXCubinGeneric::CreateBufferResource:822] CUBIN 1D alloc (dlfg_network_resource), m_allocCount=103, currentSize 2.4 MB, totalSize 94.7 MB

[2026-10-03 23:05:51] [tid:2357368][ResourceName::getPublicName:679] ProductionResourceName: 'nv.ngx.dlssg.resource'

[2026-10-03 23:05:51] [tid:2357368][NGXCubinD3D12::SetResourceName:1083] D3D12 SetResourceName: nv.ngx.dlssg.resource

[2026-10-03 23:05:51] [tid:2357368][NGXCubinGeneric::CreateBufferResource:822] CUBIN 1D alloc (dlfg_network_resource), m_allocCount=104, currentSize 3.2 MB, totalSize 97.9 MB

[2026-10-03 23:05:51] [tid:2357368][ResourceName::getPublicName:679] ProductionResourceName: 'nv.ngx.dlssg.resource'

[2026-10-03 23:05:51] [tid:2357368][NGXCubinD3D12::SetResourceName:1083] D3D12 SetResourceName: nv.ngx.dlssg.resource

[2026-10-03 23:05:51] [tid:2357368][NGXCubinGeneric::CreateBufferResource:822] CUBIN 1D alloc (dlfg_network_resource), m_allocCount=105, currentSize 3.2 MB, totalSize 101.0 MB

[2026-10-03 23:05:51] [tid:2357368][ResourceName::getPublicName:679] ProductionResourceName: 'nv.ngx.dlssg.resource'

[2026-10-03 23:05:51] [tid:2357368][NGXCubinD3D12::SetResourceName:1083] D3D12 SetResourceName: nv.ngx.dlssg.resource

[2026-10-03 23:05:51] [tid:2357368][NGXCubinGeneric::CreateBufferResource:822] CUBIN 1D alloc (dlfg_network_resource), m_allocCount=106, currentSize 0.0 MB, totalSize 101.0 MB

[2026-10-03 23:05:51] [tid:2357368][ResourceName::getPublicName:679] ProductionResourceName: 'nv.ngx.dlssg.resource'

[2026-10-03 23:05:51] [tid:2357368][NGXCubinD3D12::SetResourceName:1083] D3D12 SetResourceName: nv.ngx.dlssg.resource

[2026-10-03 23:05:51] [tid:2357368][NGXCubinGeneric::CreateBufferResource:822] CUBIN 1D alloc (dlfg_network_resource), m_allocCount=107, currentSize 0.0 MB, totalSize 101.0 MB

[2026-10-03 23:05:51] [tid:2357368][ResourceName::getPublicName:679] ProductionResourceName: 'nv.ngx.dlssg.resource'

[2026-10-03 23:05:51] [tid:2357368][NGXCubinD3D12::SetResourceName:1083] D3D12 SetResourceName: nv.ngx.dlssg.resource

[2026-10-03 23:05:51] [tid:2357368][NGXCubinGeneric::CreateBufferResource:822] CUBIN 1D alloc (dlfg_network_resource), m_allocCount=108, currentSize 0.0 MB, totalSize 101.0 MB

[2026-10-03 23:05:51] [tid:2357368][ResourceName::getPublicName:679] ProductionResourceName: 'nv.ngx.dlssg.resource'

[2026-10-03 23:05:51] [tid:2357368][NGXCubinD3D12::SetResourceName:1083] D3D12 SetResourceName: nv.ngx.dlssg.resource

[2026-10-03 23:05:51] [tid:2357368][NGXCubinGeneric::CreateBufferResource:822] CUBIN 1D alloc (dlfg_network_resource), m_allocCount=109, currentSize 0.0 MB, totalSize 101.0 MB

[2026-10-03 23:05:51] [tid:2357368][ResourceName::getPublicName:679] ProductionResourceName: 'nv.ngx.dlssg.resource'

[2026-10-03 23:05:51] [tid:2357368][NGXCubinD3D12::SetResourceName:1083] D3D12 SetResourceName: nv.ngx.dlssg.resource

[2026-10-03 23:05:51] [tid:2357368][NGXCubinGeneric::CreateBufferResource:822] CUBIN 1D alloc (dlfg_network_resource), m_allocCount=110, currentSize 0.0 MB, totalSize 101.1 MB

[2026-10-03 23:05:51] [tid:2357368][ResourceName::getPublicName:679] ProductionResourceName: 'nv.ngx.dlssg.resource'

[2026-10-03 23:05:51] [tid:2357368][NGXCubinD3D12::SetResourceName:1083] D3D12 SetResourceName: nv.ngx.dlssg.resource

[2026-10-03 23:05:51] [tid:2357368][NGXCubinGeneric::CreateBufferResource:822] CUBIN 1D alloc (dlfg_network_resource), m_allocCount=111, currentSize 0.0 MB, totalSize 101.1 MB

[2026-10-03 23:05:51] [tid:2357368][ResourceName::getPublicName:679] ProductionResourceName: 'nv.ngx.dlssg.resource'

[2026-10-03 23:05:51] [tid:2357368][NGXCubinD3D12::SetResourceName:1083] D3D12 SetResourceName: nv.ngx.dlssg.resource

[2026-10-03 23:05:51] [tid:2357368][NGXCubinGeneric::CreateBufferResource:822] CUBIN 1D alloc (dlfg_network_resource), m_allocCount=112, currentSize 0.0 MB, totalSize 101.1 MB

[2026-10-03 23:05:51] [tid:2357368][ResourceName::getPublicName:679] ProductionResourceName: 'nv.ngx.dlssg.resource'

[2026-10-03 23:05:51] [tid:2357368][NGXCubinD3D12::SetResourceName:1083] D3D12 SetResourceName: nv.ngx.dlssg.resource

[2026-10-03 23:05:51] [tid:2357368][NGXCubinGeneric::CreateBufferResource:822] CUBIN 1D alloc (dlfg_network_resource), m_allocCount=113, currentSize 0.0 MB, totalSize 101.1 MB

[2026-10-03 23:05:51] [tid:2357368][ResourceName::getPublicName:679] ProductionResourceName: 'nv.ngx.dlssg.resource'

[2026-10-03 23:05:51] [tid:2357368][NGXCubinD3D12::SetResourceName:1083] D3D12 SetResourceName: nv.ngx.dlssg.resource

[2026-10-03 23:05:51] [tid:2357368][NGXCubinGeneric::CreateBufferResource:822] CUBIN 1D alloc (dlfg_network_resource), m_allocCount=114, currentSize 0.0 MB, totalSize 101.1 MB

[2026-10-03 23:05:51] [tid:2357368][ResourceName::getPublicName:679] ProductionResourceName: 'nv.ngx.dlssg.resource'

[2026-10-03 23:05:51] [tid:2357368][NGXCubinD3D12::SetResourceName:1083] D3D12 SetResourceName: nv.ngx.dlssg.resource

[2026-10-03 23:05:51] [tid:2357368][NGXCubinGeneric::CreateBufferResource:822] CUBIN 1D alloc (dlfg_network_resource), m_allocCount=115, currentSize 0.0 MB, totalSize 101.1 MB

[2026-10-03 23:05:51] [tid:2357368][ResourceName::getPublicName:679] ProductionResourceName: 'nv.ngx.dlssg.resource'

[2026-10-03 23:05:51] [tid:2357368][NGXCubinD3D12::SetResourceName:1083] D3D12 SetResourceName: nv.ngx.dlssg.resource

[2026-10-03 23:05:51] [tid:2357368][NGXCubinGeneric::CreateBufferResource:822] CUBIN 1D alloc (dlfg_network_resource), m_allocCount=116, currentSize 0.0 MB, totalSize 101.1 MB

[2026-10-03 23:05:51] [tid:2357368][ResourceName::getPublicName:679] ProductionResourceName: 'nv.ngx.dlssg.resource'

[2026-10-03 23:05:51] [tid:2357368][NGXCubinD3D12::SetResourceName:1083] D3D12 SetResourceName: nv.ngx.dlssg.resource

[2026-10-03 23:05:51] [tid:2357368][NGXCubinGeneric::CreateBufferResource:822] CUBIN 1D alloc (dlfg_network_resource), m_allocCount=117, currentSize 0.0 MB, totalSize 101.1 MB

[2026-10-03 23:05:51] [tid:2357368][ResourceName::getPublicName:679] ProductionResourceName: 'nv.ngx.dlssg.resource'

[2026-10-03 23:05:51] [tid:2357368][NGXCubinD3D12::SetResourceName:1083] D3D12 SetResourceName: nv.ngx.dlssg.resource

[2026-10-03 23:05:51] [tid:2357368][NGXCubinGeneric::CreateBufferResource:822] CUBIN 1D alloc (dlfg_network_resource), m_allocCount=118, currentSize 0.1 MB, totalSize 101.2 MB

[2026-10-03 23:05:51] [tid:2357368][ResourceName::getPublicName:679] ProductionResourceName: 'nv.ngx.dlssg.resource'

[2026-10-03 23:05:51] [tid:2357368][NGXCubinD3D12::SetResourceName:1083] D3D12 SetResourceName: nv.ngx.dlssg.resource

[2026-10-03 23:05:51] [tid:2357368][NGXCubinGeneric::CreateBufferResource:822] CUBIN 1D alloc (dlfg_network_resource), m_allocCount=119, currentSize 0.1 MB, totalSize 101.3 MB

[2026-10-03 23:05:51] [tid:2357368][ResourceName::getPublicName:679] ProductionResourceName: 'nv.ngx.dlssg.resource'

[2026-10-03 23:05:51] [tid:2357368][NGXCubinD3D12::SetResourceName:1083] D3D12 SetResourceName: nv.ngx.dlssg.resource

[2026-10-03 23:05:51] [tid:2357368][NGXCubinGeneric::CreateBufferResource:822] CUBIN 1D alloc (dlfg_network_resource), m_allocCount=120, currentSize 0.0 MB, totalSize 101.3 MB

[2026-10-03 23:05:51] [tid:2357368][ResourceName::getPublicName:679] ProductionResourceName: 'nv.ngx.dlssg.resource'

[2026-10-03 23:05:51] [tid:2357368][NGXCubinD3D12::SetResourceName:1083] D3D12 SetResourceName: nv.ngx.dlssg.resource

[2026-10-03 23:05:51] [tid:2357368][NGXCubinGeneric::CreateBufferResource:822] CUBIN 1D alloc (dlfg_network_resource), m_allocCount=121, currentSize 0.0 MB, totalSize 101.3 MB

[2026-10-03 23:05:51] [tid:2357368][ResourceName::getPublicName:679] ProductionResourceName: 'nv.ngx.dlssg.resource'

[2026-10-03 23:05:51] [tid:2357368][NGXCubinD3D12::SetResourceName:1083] D3D12 SetResourceName: nv.ngx.dlssg.resource

[2026-10-03 23:05:51] [tid:2357368][NGXCubinGeneric::CreateBufferResource:822] CUBIN 1D alloc (dlfg_network_resource), m_allocCount=122, currentSize 0.1 MB, totalSize 101.4 MB

[2026-10-03 23:05:51] [tid:2357368][ResourceName::getPublicName:679] ProductionResourceName: 'nv.ngx.dlssg.resource'

[2026-10-03 23:05:51] [tid:2357368][NGXCubinD3D12::SetResourceName:1083] D3D12 SetResourceName: nv.ngx.dlssg.resource

[2026-10-03 23:05:51] [tid:2357368][NGXCubinGeneric::CreateBufferResource:822] CUBIN 1D alloc (dlfg_network_resource), m_allocCount=123, currentSize 0.1 MB, totalSize 101.4 MB

[2026-10-03 23:05:51] [tid:2357368][ResourceName::getPublicName:679] ProductionResourceName: 'nv.ngx.dlssg.resource'

[2026-10-03 23:05:51] [tid:2357368][NGXCubinD3D12::SetResourceName:1083] D3D12 SetResourceName: nv.ngx.dlssg.resource

[2026-10-03 23:05:51] [tid:2357368][NGXCubinGeneric::CreateBufferResource:822] CUBIN 1D alloc (dlfg_network_resource), m_allocCount=124, currentSize 0.0 MB, totalSize 101.4 MB

[2026-10-03 23:05:51] [tid:2357368][ResourceName::getPublicName:679] ProductionResourceName: 'nv.ngx.dlssg.resource'

[2026-10-03 23:05:51] [tid:2357368][NGXCubinD3D12::SetResourceName:1083] D3D12 SetResourceName: nv.ngx.dlssg.resource

[2026-10-03 23:05:51] [tid:2357368][NGXCubinGeneric::CreateBufferResource:822] CUBIN 1D alloc (dlfg_network_resource), m_allocCount=125, currentSize 0.0 MB, totalSize 101.4 MB

[2026-10-03 23:05:51] [tid:2357368][ResourceName::getPublicName:679] ProductionResourceName: 'nv.ngx.dlssg.resource'

[2026-10-03 23:05:51] [tid:2357368][NGXCubinD3D12::SetResourceName:1083] D3D12 SetResourceName: nv.ngx.dlssg.resource

[2026-10-03 23:05:51] [tid:2357368][NGXCubinGeneric::CreateBufferResource:822] CUBIN 1D alloc (dlfg_network_resource), m_allocCount=126, currentSize 0.1 MB, totalSize 101.5 MB

[2026-10-03 23:05:51] [tid:2357368][ResourceName::getPublicName:679] ProductionResourceName: 'nv.ngx.dlssg.resource'

[2026-10-03 23:05:51] [tid:2357368][NGXCubinD3D12::SetResourceName:1083] D3D12 SetResourceName: nv.ngx.dlssg.resource

[2026-10-03 23:05:51] [tid:2357368][NGXCubinGeneric::CreateBufferResource:822] CUBIN 1D alloc (dlfg_network_resource), m_allocCount=127, currentSize 0.1 MB, totalSize 101.6 MB

[2026-10-03 23:05:51] [tid:2357368][ResourceName::getPublicName:679] ProductionResourceName: 'nv.ngx.dlssg.resource'

[2026-10-03 23:05:51] [tid:2357368][NGXCubinD3D12::SetResourceName:1083] D3D12 SetResourceName: nv.ngx.dlssg.resource

[2026-10-03 23:05:51] [tid:2357368][NGXCubinGeneric::CreateBufferResource:822] CUBIN 1D alloc (dlfg_network_resource), m_allocCount=128, currentSize 0.0 MB, totalSize 101.6 MB

[2026-10-03 23:05:51] [tid:2357368][ResourceName::getPublicName:679] ProductionResourceName: 'nv.ngx.dlssg.resource'

[2026-10-03 23:05:51] [tid:2357368][NGXCubinD3D12::SetResourceName:1083] D3D12 SetResourceName: nv.ngx.dlssg.resource

[2026-10-03 23:05:51] [tid:2357368][NGXCubinGeneric::CreateBufferResource:822] CUBIN 1D alloc (dlfg_network_resource), m_allocCount=129, currentSize 0.0 MB, totalSize 101.6 MB

[2026-10-03 23:05:51] [tid:2357368][ResourceName::getPublicName:679] ProductionResourceName: 'nv.ngx.dlssg.resource'

[2026-10-03 23:05:51] [tid:2357368][NGXCubinD3D12::SetResourceName:1083] D3D12 SetResourceName: nv.ngx.dlssg.resource

[2026-10-03 23:05:51] [tid:2357368][NGXCubinGeneric::CreateBufferResource:822] CUBIN 1D alloc (dlfg_network_resource), m_allocCount=130, currentSize 0.1 MB, totalSize 101.6 MB

[2026-10-03 23:05:51] [tid:2357368][ResourceName::getPublicName:679] ProductionResourceName: 'nv.ngx.dlssg.resource'

[2026-10-03 23:05:51] [tid:2357368][NGXCubinD3D12::SetResourceName:1083] D3D12 SetResourceName: nv.ngx.dlssg.resource

[2026-10-03 23:05:51] [tid:2357368][NGXCubinGeneric::CreateBufferResource:822] CUBIN 1D alloc (dlfg_network_resource), m_allocCount=131, currentSize 0.1 MB, totalSize 101.7 MB

[2026-10-03 23:05:51] [tid:2357368][ResourceName::getPublicName:679] ProductionResourceName: 'nv.ngx.dlssg.resource'

[2026-10-03 23:05:51] [tid:2357368][NGXCubinD3D12::SetResourceName:1083] D3D12 SetResourceName: nv.ngx.dlssg.resource

[2026-10-03 23:05:51] [tid:2357368][NGXCubinGeneric::CreateBufferResource:822] CUBIN 1D alloc (dlfg_network_resource), m_allocCount=132, currentSize 0.0 MB, totalSize 101.7 MB

[2026-10-03 23:05:51] [tid:2357368][ResourceName::getPublicName:679] ProductionResourceName: 'nv.ngx.dlssg.resource'

[2026-10-03 23:05:51] [tid:2357368][NGXCubinD3D12::SetResourceName:1083] D3D12 SetResourceName: nv.ngx.dlssg.resource

[2026-10-03 23:05:51] [tid:2357368][NGXCubinGeneric::CreateBufferResource:822] CUBIN 1D alloc (dlfg_network_resource), m_allocCount=133, currentSize 0.0 MB, totalSize 101.7 MB

[2026-10-03 23:05:51] [tid:2357368][ResourceName::getPublicName:679] ProductionResourceName: 'nv.ngx.dlssg.resource'

[2026-10-03 23:05:51] [tid:2357368][NGXCubinD3D12::SetResourceName:1083] D3D12 SetResourceName: nv.ngx.dlssg.resource

[2026-10-03 23:05:51] [tid:2357368][NGXCubinGeneric::CreateBufferResource:822] CUBIN 1D alloc (dlfg_network_resource), m_allocCount=134, currentSize 0.1 MB, totalSize 101.8 MB

[2026-10-03 23:05:51] [tid:2357368][ResourceName::getPublicName:679] ProductionResourceName: 'nv.ngx.dlssg.resource'

[2026-10-03 23:05:51] [tid:2357368][NGXCubinD3D12::SetResourceName:1083] D3D12 SetResourceName: nv.ngx.dlssg.resource

[2026-10-03 23:05:51] [tid:2357368][NGXCubinGeneric::CreateBufferResource:822] CUBIN 1D alloc (dlfg_network_resource), m_allocCount=135, currentSize 0.1 MB, totalSize 101.8 MB

[2026-10-03 23:05:51] [tid:2357368][ResourceName::getPublicName:679] ProductionResourceName: 'nv.ngx.dlssg.resource'

[2026-10-03 23:05:51] [tid:2357368][NGXCubinD3D12::SetResourceName:1083] D3D12 SetResourceName: nv.ngx.dlssg.resource

[2026-10-03 23:05:51] [tid:2357368][NGXCubinGeneric::CreateBufferResource:822] CUBIN 1D alloc (dlfg_network_resource), m_allocCount=136, currentSize 0.0 MB, totalSize 101.8 MB

[2026-10-03 23:05:51] [tid:2357368][ResourceName::getPublicName:679] ProductionResourceName: 'nv.ngx.dlssg.resource'

[2026-10-03 23:05:51] [tid:2357368][NGXCubinD3D12::SetResourceName:1083] D3D12 SetResourceName: nv.ngx.dlssg.resource

[2026-10-03 23:05:51] [tid:2357368][NGXCubinGeneric::CreateBufferResource:822] CUBIN 1D alloc (dlfg_network_resource), m_allocCount=137, currentSize 0.0 MB, totalSize 101.8 MB

[2026-10-03 23:05:51] [tid:2357368][ResourceName::getPublicName:679] ProductionResourceName: 'nv.ngx.dlssg.resource'

[2026-10-03 23:05:51] [tid:2357368][NGXCubinD3D12::SetResourceName:1083] D3D12 SetResourceName: nv.ngx.dlssg.resource

[2026-10-03 23:05:51] [tid:2357368][NGXCubinGeneric::CreateBufferResource:822] CUBIN 1D alloc (dlfg_network_resource), m_allocCount=138, currentSize 0.1 MB, totalSize 101.9 MB

[2026-10-03 23:05:51] [tid:2357368][ResourceName::getPublicName:679] ProductionResourceName: 'nv.ngx.dlssg.resource'

[2026-10-03 23:05:51] [tid:2357368][NGXCubinD3D12::SetResourceName:1083] D3D12 SetResourceName: nv.ngx.dlssg.resource

[2026-10-03 23:05:51] [tid:2357368][NGXCubinGeneric::CreateBufferResource:822] CUBIN 1D alloc (dlfg_network_resource), m_allocCount=139, currentSize 0.1 MB, totalSize 102.0 MB

[2026-10-03 23:05:51] [tid:2357368][ResourceName::getPublicName:679] ProductionResourceName: 'nv.ngx.dlssg.resource'

[2026-10-03 23:05:51] [tid:2357368][NGXCubinD3D12::SetResourceName:1083] D3D12 SetResourceName: nv.ngx.dlssg.resource

[2026-10-03 23:05:51] [tid:2357368][NGXCubinGeneric::CreateBufferResource:822] CUBIN 1D alloc (dlfg_network_resource), m_allocCount=140, currentSize 0.0 MB, totalSize 102.0 MB

[2026-10-03 23:05:51] [tid:2357368][ResourceName::getPublicName:679] ProductionResourceName: 'nv.ngx.dlssg.resource'

[2026-10-03 23:05:51] [tid:2357368][NGXCubinD3D12::SetResourceName:1083] D3D12 SetResourceName: nv.ngx.dlssg.resource

[2026-10-03 23:05:51] [tid:2357368][NGXCubinGeneric::CreateBufferResource:822] CUBIN 1D alloc (dlfg_network_resource), m_allocCount=141, currentSize 0.0 MB, totalSize 102.0 MB

[2026-10-03 23:05:51] [tid:2357368][ResourceName::getPublicName:679] ProductionResourceName: 'nv.ngx.dlssg.resource'

[2026-10-03 23:05:51] [tid:2357368][NGXCubinD3D12::SetResourceName:1083] D3D12 SetResourceName: nv.ngx.dlssg.resource

[2026-10-03 23:05:51] [tid:2357368][NGXCubinGeneric::CreateBufferResource:822] CUBIN 1D alloc (dlfg_network_resource), m_allocCount=142, currentSize 0.1 MB, totalSize 102.1 MB

[2026-10-03 23:05:51] [tid:2357368][ResourceName::getPublicName:679] ProductionResourceName: 'nv.ngx.dlssg.resource'

[2026-10-03 23:05:51] [tid:2357368][NGXCubinD3D12::SetResourceName:1083] D3D12 SetResourceName: nv.ngx.dlssg.resource

[2026-10-03 23:05:51] [tid:2357368][NGXCubinGeneric::CreateBufferResource:822] CUBIN 1D alloc (dlfg_network_resource), m_allocCount=143, currentSize 0.1 MB, totalSize 102.1 MB

[2026-10-03 23:05:51] [tid:2357368][ResourceName::getPublicName:679] ProductionResourceName: 'nv.ngx.dlssg.resource'

[2026-10-03 23:05:51] [tid:2357368][NGXCubinD3D12::SetResourceName:1083] D3D12 SetResourceName: nv.ngx.dlssg.resource

[2026-10-03 23:05:51] [tid:2357368][NGXCubinGeneric::CreateBufferResource:822] CUBIN 1D alloc (dlfg_network_resource), m_allocCount=144, currentSize 0.0 MB, totalSize 102.1 MB

[2026-10-03 23:05:51] [tid:2357368][ResourceName::getPublicName:679] ProductionResourceName: 'nv.ngx.dlssg.resource'

[2026-10-03 23:05:51] [tid:2357368][NGXCubinD3D12::SetResourceName:1083] D3D12 SetResourceName: nv.ngx.dlssg.resource

[2026-10-03 23:05:51] [tid:2357368][NGXCubinGeneric::CreateBufferResource:822] CUBIN 1D alloc (dlfg_network_resource), m_allocCount=145, currentSize 0.0 MB, totalSize 102.1 MB

[2026-10-03 23:05:51] [tid:2357368][ResourceName::getPublicName:679] ProductionResourceName: 'nv.ngx.dlssg.resource'

[2026-10-03 23:05:51] [tid:2357368][NGXCubinD3D12::SetResourceName:1083] D3D12 SetResourceName: nv.ngx.dlssg.resource

[2026-10-03 23:05:51] [tid:2357368][NGXCubinGeneric::CreateBufferResource:822] CUBIN 1D alloc (dlfg_network_resource), m_allocCount=146, currentSize 0.1 MB, totalSize 102.2 MB

[2026-10-03 23:05:51] [tid:2357368][ResourceName::getPublicName:679] ProductionResourceName: 'nv.ngx.dlssg.resource'

[2026-10-03 23:05:51] [tid:2357368][NGXCubinD3D12::SetResourceName:1083] D3D12 SetResourceName: nv.ngx.dlssg.resource

[2026-10-03 23:05:51] [tid:2357368][NGXCubinGeneric::CreateBufferResource:822] CUBIN 1D alloc (dlfg_network_resource), m_allocCount=147, currentSize 0.1 MB, totalSize 102.3 MB

[2026-10-03 23:05:51] [tid:2357368][ResourceName::getPublicName:679] ProductionResourceName: 'nv.ngx.dlssg.resource'

[2026-10-03 23:05:51] [tid:2357368][NGXCubinD3D12::SetResourceName:1083] D3D12 SetResourceName: nv.ngx.dlssg.resource

[2026-10-03 23:05:51] [tid:2357368][NGXCubinGeneric::CreateBufferResource:822] CUBIN 1D alloc (dlfg_network_resource), m_allocCount=148, currentSize 0.0 MB, totalSize 102.3 MB

[2026-10-03 23:05:51] [tid:2357368][ResourceName::getPublicName:679] ProductionResourceName: 'nv.ngx.dlssg.resource'

[2026-10-03 23:05:51] [tid:2357368][NGXCubinD3D12::SetResourceName:1083] D3D12 SetResourceName: nv.ngx.dlssg.resource

[2026-10-03 23:05:51] [tid:2357368][NGXCubinGeneric::CreateBufferResource:822] CUBIN 1D alloc (dlfg_network_resource), m_allocCount=149, currentSize 0.0 MB, totalSize 102.3 MB

[2026-10-03 23:05:51] [tid:2357368][ResourceName::getPublicName:679] ProductionResourceName: 'nv.ngx.dlssg.resource'

[2026-10-03 23:05:51] [tid:2357368][NGXCubinD3D12::SetResourceName:1083] D3D12 SetResourceName: nv.ngx.dlssg.resource

[2026-10-03 23:05:51] [tid:2357368][NGXCubinGeneric::CreateBufferResource:822] CUBIN 1D alloc (dlfg_network_resource), m_allocCount=150, currentSize 0.1 MB, totalSize 102.4 MB

[2026-10-03 23:05:51] [tid:2357368][ResourceName::getPublicName:679] ProductionResourceName: 'nv.ngx.dlssg.resource'

[2026-10-03 23:05:51] [tid:2357368][NGXCubinD3D12::SetResourceName:1083] D3D12 SetResourceName: nv.ngx.dlssg.resource

[2026-10-03 23:05:51] [tid:2357368][NGXCubinGeneric::CreateBufferResource:822] CUBIN 1D alloc (dlfg_network_resource), m_allocCount=151, currentSize 0.1 MB, totalSize 102.5 MB

[2026-10-03 23:05:51] [tid:2357368][ResourceName::getPublicName:679] ProductionResourceName: 'nv.ngx.dlssg.resource'

[2026-10-03 23:05:51] [tid:2357368][NGXCubinD3D12::SetResourceName:1083] D3D12 SetResourceName: nv.ngx.dlssg.resource

[2026-10-03 23:05:51] [tid:2357368][NGXCubinGeneric::CreateBufferResource:822] CUBIN 1D alloc (dlfg_network_resource), m_allocCount=152, currentSize 0.0 MB, totalSize 102.5 MB

[2026-10-03 23:05:51] [tid:2357368][ResourceName::getPublicName:679] ProductionResourceName: 'nv.ngx.dlssg.resource'

[2026-10-03 23:05:51] [tid:2357368][NGXCubinD3D12::SetResourceName:1083] D3D12 SetResourceName: nv.ngx.dlssg.resource

[2026-10-03 23:05:51] [tid:2357368][NGXCubinGeneric::CreateBufferResource:822] CUBIN 1D alloc (dlfg_network_resource), m_allocCount=153, currentSize 0.0 MB, totalSize 102.5 MB

[2026-10-03 23:05:51] [tid:2357368][ResourceName::getPublicName:679] ProductionResourceName: 'nv.ngx.dlssg.resource'

[2026-10-03 23:05:51] [tid:2357368][NGXCubinD3D12::SetResourceName:1083] D3D12 SetResourceName: nv.ngx.dlssg.resource

[2026-10-03 23:05:51] [tid:2357368][NGXCubinGeneric::CreateBufferResource:822] CUBIN 1D alloc (dlfg_network_resource), m_allocCount=154, currentSize 0.0 MB, totalSize 102.5 MB

[2026-10-03 23:05:51] [tid:2357368][ResourceName::getPublicName:679] ProductionResourceName: 'nv.ngx.dlssg.resource'

[2026-10-03 23:05:51] [tid:2357368][NGXCubinD3D12::SetResourceName:1083] D3D12 SetResourceName: nv.ngx.dlssg.resource

[2026-10-03 23:05:51] [tid:2357368][NGXCubinGeneric::CreateBufferResource:822] CUBIN 1D alloc (dlfg_network_resource), m_allocCount=155, currentSize 0.0 MB, totalSize 102.5 MB

[2026-10-03 23:05:51] [tid:2357368][ResourceName::getPublicName:679] ProductionResourceName: 'nv.ngx.dlssg.resource'

[2026-10-03 23:05:51] [tid:2357368][NGXCubinD3D12::SetResourceName:1083] D3D12 SetResourceName: nv.ngx.dlssg.resource

[2026-10-03 23:05:51] [tid:2357368][NGXCubinGeneric::CreateBufferResource:822] CUBIN 1D alloc (dlfg_network_resource), m_allocCount=156, currentSize 0.0 MB, totalSize 102.5 MB

[2026-10-03 23:05:51] [tid:2357368][ResourceName::getPublicName:679] ProductionResourceName: 'nv.ngx.dlssg.resource'

[2026-10-03 23:05:51] [tid:2357368][NGXCubinD3D12::SetResourceName:1083] D3D12 SetResourceName: nv.ngx.dlssg.resource

[2026-10-03 23:05:51] [tid:2357368][NGXCubinGeneric::CreateBufferResource:822] CUBIN 1D alloc (dlfg_network_resource), m_allocCount=157, currentSize 0.0 MB, totalSize 102.5 MB

[2026-10-03 23:05:51] [tid:2357368][ResourceName::getPublicName:679] ProductionResourceName: 'nv.ngx.dlssg.resource'

[2026-10-03 23:05:51] [tid:2357368][NGXCubinD3D12::SetResourceName:1083] D3D12 SetResourceName: nv.ngx.dlssg.resource

[2026-10-03 23:05:51] [tid:2357368][NGXCubinGeneric::CreateBufferResource:822] CUBIN 1D alloc (dlfg_network_resource), m_allocCount=158, currentSize 0.0 MB, totalSize 102.5 MB

[2026-10-03 23:05:51] [tid:2357368][ResourceName::getPublicName:679] ProductionResourceName: 'nv.ngx.dlssg.resource'

[2026-10-03 23:05:51] [tid:2357368][NGXCubinD3D12::SetResourceName:1083] D3D12 SetResourceName: nv.ngx.dlssg.resource

[2026-10-03 23:05:51] [tid:2357368][NGXCubinGeneric::CreateBufferResource:822] CUBIN 1D alloc (dlfg_network_resource), m_allocCount=159, currentSize 0.0 MB, totalSize 102.5 MB

[2026-10-03 23:05:51] [tid:2357368][ResourceName::getPublicName:679] ProductionResourceName: 'nv.ngx.dlssg.resource'

[2026-10-03 23:05:51] [tid:2357368][NGXCubinD3D12::SetResourceName:1083] D3D12 SetResourceName: nv.ngx.dlssg.resource

[2026-10-03 23:05:51] [tid:2357368][NGXCubinGeneric::CreateBufferResource:822] CUBIN 1D alloc (dlfg_network_resource), m_allocCount=160, currentSize 0.0 MB, totalSize 102.5 MB

[2026-10-03 23:05:51] [tid:2357368][ResourceName::getPublicName:679] ProductionResourceName: 'nv.ngx.dlssg.resource'

[2026-10-03 23:05:51] [tid:2357368][NGXCubinD3D12::SetResourceName:1083] D3D12 SetResourceName: nv.ngx.dlssg.resource

[2026-10-03 23:05:51] [tid:2357368][NGXCubinGeneric::CreateBufferResource:822] CUBIN 1D alloc (dlfg_network_resource), m_allocCount=161, currentSize 0.0 MB, totalSize 102.5 MB

[2026-10-03 23:05:51] [tid:2357368][ResourceName::getPublicName:679] ProductionResourceName: 'nv.ngx.dlssg.resource'

[2026-10-03 23:05:51] [tid:2357368][NGXCubinD3D12::SetResourceName:1083] D3D12 SetResourceName: nv.ngx.dlssg.resource

[2026-10-03 23:05:51] [tid:2357368][NGXCubinGeneric::CreateBufferResource:822] CUBIN 1D alloc (dlfg_network_resource), m_allocCount=162, currentSize 0.0 MB, totalSize 102.5 MB

[2026-10-03 23:05:51] [tid:2357368][ResourceName::getPublicName:679] ProductionResourceName: 'nv.ngx.dlssg.resource'

[2026-10-03 23:05:51] [tid:2357368][NGXCubinD3D12::SetResourceName:1083] D3D12 SetResourceName: nv.ngx.dlssg.resource

[2026-10-03 23:05:51] [tid:2357368][NGXCubinGeneric::CreateBufferResource:822] CUBIN 1D alloc (dlfg_network_resource), m_allocCount=163, currentSize 0.0 MB, totalSize 102.5 MB

[2026-10-03 23:05:51] [tid:2357368][ResourceName::getPublicName:679] ProductionResourceName: 'nv.ngx.dlssg.resource'

[2026-10-03 23:05:51] [tid:2357368][NGXCubinD3D12::SetResourceName:1083] D3D12 SetResourceName: nv.ngx.dlssg.resource

[2026-10-03 23:05:51] [tid:2357368][NGXCubinGeneric::CreateBufferResource:822] CUBIN 1D alloc (dlfg_network_resource), m_allocCount=164, currentSize 0.0 MB, totalSize 102.5 MB

[2026-10-03 23:05:51] [tid:2357368][ResourceName::getPublicName:679] ProductionResourceName: 'nv.ngx.dlssg.resource'

[2026-10-03 23:05:51] [tid:2357368][NGXCubinD3D12::SetResourceName:1083] D3D12 SetResourceName: nv.ngx.dlssg.resource

[2026-10-03 23:05:51] [tid:2357368][NGXCubinGeneric::CreateBufferResource:822] CUBIN 1D alloc (dlfg_network_resource), m_allocCount=165, currentSize 0.0 MB, totalSize 102.5 MB

[2026-10-03 23:05:51] [tid:2357368][ResourceName::getPublicName:679] ProductionResourceName: 'nv.ngx.dlssg.resource'

[2026-10-03 23:05:51] [tid:2357368][NGXCubinD3D12::SetResourceName:1083] D3D12 SetResourceName: nv.ngx.dlssg.resource

[2026-10-03 23:05:51] [tid:2357368][NGXCubinGeneric::CreateBufferResource:822] CUBIN 1D alloc (dlfg_network_resource), m_allocCount=166, currentSize 0.0 MB, totalSize 102.5 MB

[2026-10-03 23:05:51] [tid:2357368][ResourceName::getPublicName:679] ProductionResourceName: 'nv.ngx.dlssg.resource'

[2026-10-03 23:05:51] [tid:2357368][NGXCubinD3D12::SetResourceName:1083] D3D12 SetResourceName: nv.ngx.dlssg.resource

[2026-10-03 23:05:51] [tid:2357368][NGXCubinGeneric::CreateBufferResource:822] CUBIN 1D alloc (dlfg_network_resource), m_allocCount=167, currentSize 0.0 MB, totalSize 102.6 MB

[2026-10-03 23:05:51] [tid:2357368][ResourceName::getPublicName:679] ProductionResourceName: 'nv.ngx.dlssg.resource'

[2026-10-03 23:05:51] [tid:2357368][NGXCubinD3D12::SetResourceName:1083] D3D12 SetResourceName: nv.ngx.dlssg.resource

[2026-10-03 23:05:51] [tid:2357368][NGXCubinGeneric::CreateBufferResource:822] CUBIN 1D alloc (dlfg_network_resource), m_allocCount=168, currentSize 0.0 MB, totalSize 102.6 MB

[2026-10-03 23:05:51] [tid:2357368][ResourceName::getPublicName:679] ProductionResourceName: 'nv.ngx.dlssg.resource'

[2026-10-03 23:05:51] [tid:2357368][NGXCubinD3D12::SetResourceName:1083] D3D12 SetResourceName: nv.ngx.dlssg.resource

[2026-10-03 23:05:51] [tid:2357368][NGXCubinGeneric::CreateBufferResource:822] CUBIN 1D alloc (dlfg_network_resource), m_allocCount=169, currentSize 0.0 MB, totalSize 102.6 MB

[2026-10-03 23:05:51] [tid:2357368][ResourceName::getPublicName:679] ProductionResourceName: 'nv.ngx.dlssg.resource'

[2026-10-03 23:05:51] [tid:2357368][NGXCubinD3D12::SetResourceName:1083] D3D12 SetResourceName: nv.ngx.dlssg.resource

[2026-10-03 23:05:51] [tid:2357368][NGXCubinGeneric::CreateBufferResource:822] CUBIN 1D alloc (dlfg_network_resource), m_allocCount=170, currentSize 0.0 MB, totalSize 102.6 MB

[2026-10-03 23:05:51] [tid:2357368][ResourceName::getPublicName:679] ProductionResourceName: 'nv.ngx.dlssg.resource'

[2026-10-03 23:05:51] [tid:2357368][NGXCubinD3D12::SetResourceName:1083] D3D12 SetResourceName: nv.ngx.dlssg.resource

[2026-10-03 23:05:51] [tid:2357368][NGXCubinGeneric::CreateBufferResource:822] CUBIN 1D alloc (dlfg_network_resource), m_allocCount=171, currentSize 0.0 MB, totalSize 102.6 MB

[2026-10-03 23:05:51] [tid:2357368][ResourceName::getPublicName:679] ProductionResourceName: 'nv.ngx.dlssg.resource'

[2026-10-03 23:05:51] [tid:2357368][NGXCubinD3D12::SetResourceName:1083] D3D12 SetResourceName: nv.ngx.dlssg.resource

[2026-10-03 23:05:51] [tid:2357368][NGXCubinGeneric::CreateBufferResource:822] CUBIN 1D alloc (dlfg_network_resource), m_allocCount=172, currentSize 0.0 MB, totalSize 102.6 MB

[2026-10-03 23:05:51] [tid:2357368][ResourceName::getPublicName:679] ProductionResourceName: 'nv.ngx.dlssg.resource'

[2026-10-03 23:05:51] [tid:2357368][NGXCubinD3D12::SetResourceName:1083] D3D12 SetResourceName: nv.ngx.dlssg.resource

[2026-10-03 23:05:51] [tid:2357368][NGXCubinGeneric::CreateBufferResource:822] CUBIN 1D alloc (dlfg_network_resource), m_allocCount=173, currentSize 0.0 MB, totalSize 102.6 MB

[2026-10-03 23:05:51] [tid:2357368][ResourceName::getPublicName:679] ProductionResourceName: 'nv.ngx.dlssg.resource'

[2026-10-03 23:05:51] [tid:2357368][NGXCubinD3D12::SetResourceName:1083] D3D12 SetResourceName: nv.ngx.dlssg.resource

[2026-10-03 23:05:51] [tid:2357368][NGXCubinGeneric::CreateBufferResource:822] CUBIN 1D alloc (dlfg_network_resource), m_allocCount=174, currentSize 0.0 MB, totalSize 102.6 MB

[2026-10-03 23:05:51] [tid:2357368][ResourceName::getPublicName:679] ProductionResourceName: 'nv.ngx.dlssg.resource'

[2026-10-03 23:05:51] [tid:2357368][NGXCubinD3D12::SetResourceName:1083] D3D12 SetResourceName: nv.ngx.dlssg.resource

[2026-10-03 23:05:51] [tid:2357368][NGXCubinGeneric::CreateBufferResource:822] CUBIN 1D alloc (dlfg_network_resource), m_allocCount=175, currentSize 0.0 MB, totalSize 102.6 MB

[2026-10-03 23:05:51] [tid:2357368][ResourceName::getPublicName:679] ProductionResourceName: 'nv.ngx.dlssg.resource'

[2026-10-03 23:05:51] [tid:2357368][NGXCubinD3D12::SetResourceName:1083] D3D12 SetResourceName: nv.ngx.dlssg.resource

[2026-10-03 23:05:51] [tid:2357368][NGXCubinGeneric::CreateBufferResource:822] CUBIN 1D alloc (dlfg_network_resource), m_allocCount=176, currentSize 0.0 MB, totalSize 102.6 MB

[2026-10-03 23:05:51] [tid:2357368][ResourceName::getPublicName:679] ProductionResourceName: 'nv.ngx.dlssg.resource'

[2026-10-03 23:05:51] [tid:2357368][NGXCubinD3D12::SetResourceName:1083] D3D12 SetResourceName: nv.ngx.dlssg.resource

[2026-10-03 23:05:51] [tid:2357368][NGXCubinGeneric::CreateBufferResource:822] CUBIN 1D alloc (dlfg_network_resource), m_allocCount=177, currentSize 0.0 MB, totalSize 102.6 MB

[2026-10-03 23:05:51] [tid:2357368][ResourceName::getPublicName:679] ProductionResourceName: 'nv.ngx.dlssg.resource'

[2026-10-03 23:05:51] [tid:2357368][NGXCubinD3D12::SetResourceName:1083] D3D12 SetResourceName: nv.ngx.dlssg.resource

[2026-10-03 23:05:51] [tid:2357368][NGXCubinGeneric::CreateBufferResource:822] CUBIN 1D alloc (dlfg_network_resource), m_allocCount=178, currentSize 0.0 MB, totalSize 102.6 MB

[2026-10-03 23:05:51] [tid:2357368][ResourceName::getPublicName:679] ProductionResourceName: 'nv.ngx.dlssg.resource'

[2026-10-03 23:05:51] [tid:2357368][NGXCubinD3D12::SetResourceName:1083] D3D12 SetResourceName: nv.ngx.dlssg.resource

[2026-10-03 23:05:51] [tid:2357368][NGXCubinGeneric::CreateBufferResource:822] CUBIN 1D alloc (dlfg_network_resource), m_allocCount=179, currentSize 0.0 MB, totalSize 102.7 MB

[2026-10-03 23:05:51] [tid:2357368][ResourceName::getPublicName:679] ProductionResourceName: 'nv.ngx.dlssg.resource'

[2026-10-03 23:05:51] [tid:2357368][NGXCubinD3D12::SetResourceName:1083] D3D12 SetResourceName: nv.ngx.dlssg.resource

[2026-10-03 23:05:51] [tid:2357368][NGXCubinGeneric::CreateBufferResource:822] CUBIN 1D alloc (dlfg_network_resource), m_allocCount=180, currentSize 0.0 MB, totalSize 102.7 MB

[2026-10-03 23:05:51] [tid:2357368][ResourceName::getPublicName:679] ProductionResourceName: 'nv.ngx.dlssg.resource'

[2026-10-03 23:05:51] [tid:2357368][NGXCubinD3D12::SetResourceName:1083] D3D12 SetResourceName: nv.ngx.dlssg.resource

[2026-10-03 23:05:51] [tid:2357368][NGXCubinGeneric::CreateBufferResource:822] CUBIN 1D alloc (dlfg_network_resource), m_allocCount=181, currentSize 0.0 MB, totalSize 102.7 MB

[2026-10-03 23:05:51] [tid:2357368][ResourceName::getPublicName:679] ProductionResourceName: 'nv.ngx.dlssg.resource'

[2026-10-03 23:05:51] [tid:2357368][NGXCubinD3D12::SetResourceName:1083] D3D12 SetResourceName: nv.ngx.dlssg.resource

[2026-10-03 23:05:51] [tid:2357368][NGXCubinGeneric::CreateBufferResource:822] CUBIN 1D alloc (dlfg_network_resource), m_allocCount=182, currentSize 0.0 MB, totalSize 102.7 MB

[2026-10-03 23:05:51] [tid:2357368][ResourceName::getPublicName:679] ProductionResourceName: 'nv.ngx.dlssg.resource'

[2026-10-03 23:05:51] [tid:2357368][NGXCubinD3D12::SetResourceName:1083] D3D12 SetResourceName: nv.ngx.dlssg.resource

[2026-10-03 23:05:51] [tid:2357368][NGXCubinGeneric::CreateBufferResource:822] CUBIN 1D alloc (dlfg_network_resource), m_allocCount=183, currentSize 0.0 MB, totalSize 102.7 MB

[2026-10-03 23:05:51] [tid:2357368][ResourceName::getPublicName:679] ProductionResourceName: 'nv.ngx.dlssg.resource'

[2026-10-03 23:05:51] [tid:2357368][NGXCubinD3D12::SetResourceName:1083] D3D12 SetResourceName: nv.ngx.dlssg.resource

[2026-10-03 23:05:51] [tid:2357368][NGXCubinGeneric::CreateBufferResource:822] CUBIN 1D alloc (dlfg_network_resource), m_allocCount=184, currentSize 0.0 MB, totalSize 102.7 MB

[2026-10-03 23:05:51] [tid:2357368][ResourceName::getPublicName:679] ProductionResourceName: 'nv.ngx.dlssg.resource'

[2026-10-03 23:05:51] [tid:2357368][NGXCubinD3D12::SetResourceName:1083] D3D12 SetResourceName: nv.ngx.dlssg.resource

[2026-10-03 23:05:51] [tid:2357368][NGXCubinGeneric::CreateBufferResource:822] CUBIN 1D alloc (dlfg_network_resource), m_allocCount=185, currentSize 0.0 MB, totalSize 102.7 MB

[2026-10-03 23:05:51] [tid:2357368][ResourceName::getPublicName:679] ProductionResourceName: 'nv.ngx.dlssg.resource'

[2026-10-03 23:05:51] [tid:2357368][NGXCubinD3D12::SetResourceName:1083] D3D12 SetResourceName: nv.ngx.dlssg.resource

[2026-10-03 23:05:51] [tid:2357368][NGXCubinGeneric::CreateBufferResource:822] CUBIN 1D alloc (dlfg_network_resource), m_allocCount=186, currentSize 0.0 MB, totalSize 102.7 MB

[2026-10-03 23:05:51] [tid:2357368][ResourceName::getPublicName:679] ProductionResourceName: 'nv.ngx.dlssg.resource'

[2026-10-03 23:05:51] [tid:2357368][NGXCubinD3D12::SetResourceName:1083] D3D12 SetResourceName: nv.ngx.dlssg.resource

[2026-10-03 23:05:51] [tid:2357368][NGXCubinGeneric::CreateBufferResource:822] CUBIN 1D alloc (dlfg_network_resource), m_allocCount=187, currentSize 0.0 MB, totalSize 102.7 MB

[2026-10-03 23:05:51] [tid:2357368][ResourceName::getPublicName:679] ProductionResourceName: 'nv.ngx.dlssg.resource'

[2026-10-03 23:05:51] [tid:2357368][NGXCubinD3D12::SetResourceName:1083] D3D12 SetResourceName: nv.ngx.dlssg.resource

[2026-10-03 23:05:51] [tid:2357368][NGXCubinGeneric::CreateBufferResource:822] CUBIN 1D alloc (dlfg_network_resource), m_allocCount=188, currentSize 0.0 MB, totalSize 102.7 MB

[2026-10-03 23:05:51] [tid:2357368][ResourceName::getPublicName:679] ProductionResourceName: 'nv.ngx.dlssg.resource'

[2026-10-03 23:05:51] [tid:2357368][NGXCubinD3D12::SetResourceName:1083] D3D12 SetResourceName: nv.ngx.dlssg.resource

[2026-10-03 23:05:51] [tid:2357368][NGXCubinGeneric::CreateBufferResource:822] CUBIN 1D alloc (dlfg_network_resource), m_allocCount=189, currentSize 0.0 MB, totalSize 102.7 MB

[2026-10-03 23:05:51] [tid:2357368][ResourceName::getPublicName:679] ProductionResourceName: 'nv.ngx.dlssg.resource'

[2026-10-03 23:05:51] [tid:2357368][NGXCubinD3D12::SetResourceName:1083] D3D12 SetResourceName: nv.ngx.dlssg.resource

[2026-10-03 23:05:51] [tid:2357368][NGXCubinGeneric::CreateBufferResource:822] CUBIN 1D alloc (dlfg_network_resource), m_allocCount=190, currentSize 0.0 MB, totalSize 102.7 MB

[2026-10-03 23:05:51] [tid:2357368][ResourceName::getPublicName:679] ProductionResourceName: 'nv.ngx.dlssg.resource'

[2026-10-03 23:05:51] [tid:2357368][NGXCubinD3D12::SetResourceName:1083] D3D12 SetResourceName: nv.ngx.dlssg.resource

[2026-10-03 23:05:51] [tid:2357368][NGXCubinGeneric::CreateBufferResource:822] CUBIN 1D alloc (dlfg_network_resource), m_allocCount=191, currentSize 0.0 MB, totalSize 102.8 MB

[2026-10-03 23:05:51] [tid:2357368][ResourceName::getPublicName:679] ProductionResourceName: 'nv.ngx.dlssg.resource'

[2026-10-03 23:05:51] [tid:2357368][NGXCubinD3D12::SetResourceName:1083] D3D12 SetResourceName: nv.ngx.dlssg.resource

[2026-10-03 23:05:51] [tid:2357368][NGXCubinGeneric::CreateBufferResource:822] CUBIN 1D alloc (dlfg_network_resource), m_allocCount=192, currentSize 0.0 MB, totalSize 102.8 MB

[2026-10-03 23:05:51] [tid:2357368][ResourceName::getPublicName:679] ProductionResourceName: 'nv.ngx.dlssg.resource'

[2026-10-03 23:05:51] [tid:2357368][NGXCubinD3D12::SetResourceName:1083] D3D12 SetResourceName: nv.ngx.dlssg.resource

[2026-10-03 23:05:51] [tid:2357368][NGXCubinGeneric::CreateBufferResource:822] CUBIN 1D alloc (dlfg_network_resource), m_allocCount=193, currentSize 0.0 MB, totalSize 102.8 MB

[2026-10-03 23:05:51] [tid:2357368][ResourceName::getPublicName:679] ProductionResourceName: 'nv.ngx.dlssg.resource'

[2026-10-03 23:05:51] [tid:2357368][NGXCubinD3D12::SetResourceName:1083] D3D12 SetResourceName: nv.ngx.dlssg.resource

[2026-10-03 23:05:51] [tid:2357368][NGXCubinGeneric::CreateBufferResource:822] CUBIN 1D alloc (dlfg_network_resource), m_allocCount=194, currentSize 0.0 MB, totalSize 102.8 MB

[2026-10-03 23:05:51] [tid:2357368][ResourceName::getPublicName:679] ProductionResourceName: 'nv.ngx.dlssg.resource'

[2026-10-03 23:05:51] [tid:2357368][NGXCubinD3D12::SetResourceName:1083] D3D12 SetResourceName: nv.ngx.dlssg.resource

[2026-10-03 23:05:51] [tid:2357368][NGXCubinGeneric::CreateBufferResource:822] CUBIN 1D alloc (dlfg_network_resource), m_allocCount=195, currentSize 0.0 MB, totalSize 102.8 MB

[2026-10-03 23:05:51] [tid:2357368][ResourceName::getPublicName:679] ProductionResourceName: 'nv.ngx.dlssg.resource'

[2026-10-03 23:05:51] [tid:2357368][NGXCubinD3D12::SetResourceName:1083] D3D12 SetResourceName: nv.ngx.dlssg.resource

[2026-10-03 23:05:51] [tid:2357368][NGXCubinGeneric::CreateBufferResource:822] CUBIN 1D alloc (dlfg_network_resource), m_allocCount=196, currentSize 0.0 MB, totalSize 102.8 MB

[2026-10-03 23:05:51] [tid:2357368][ResourceName::getPublicName:679] ProductionResourceName: 'nv.ngx.dlssg.resource'

[2026-10-03 23:05:51] [tid:2357368][NGXCubinD3D12::SetResourceName:1083] D3D12 SetResourceName: nv.ngx.dlssg.resource

[2026-10-03 23:05:51] [tid:2357368][NGXCubinGeneric::CreateBufferResource:822] CUBIN 1D alloc (dlfg_network_resource), m_allocCount=197, currentSize 0.0 MB, totalSize 102.8 MB

[2026-10-03 23:05:51] [tid:2357368][ResourceName::getPublicName:679] ProductionResourceName: 'nv.ngx.dlssg.resource'

[2026-10-03 23:05:51] [tid:2357368][NGXCubinD3D12::SetResourceName:1083] D3D12 SetResourceName: nv.ngx.dlssg.resource

[2026-10-03 23:05:51] [tid:2357368][NGXCubinGeneric::CreateBufferResource:822] CUBIN 1D alloc (dlfg_network_resource), m_allocCount=198, currentSize 0.0 MB, totalSize 102.8 MB

[2026-10-03 23:05:51] [tid:2357368][ResourceName::getPublicName:679] ProductionResourceName: 'nv.ngx.dlssg.resource'

[2026-10-03 23:05:51] [tid:2357368][NGXCubinD3D12::SetResourceName:1083] D3D12 SetResourceName: nv.ngx.dlssg.resource

[2026-10-03 23:05:51] [tid:2357368][NGXCubinGeneric::CreateBufferResource:822] CUBIN 1D alloc (dlfg_network_resource), m_allocCount=199, currentSize 0.0 MB, totalSize 102.9 MB

[2026-10-03 23:05:51] [tid:2357368][ResourceName::getPublicName:679] ProductionResourceName: 'nv.ngx.dlssg.resource'

[2026-10-03 23:05:51] [tid:2357368][NGXCubinD3D12::SetResourceName:1083] D3D12 SetResourceName: nv.ngx.dlssg.resource

[2026-10-03 23:05:51] [tid:2357368][NGXCubinGeneric::CreateBufferResource:822] CUBIN 1D alloc (dlfg_network_resource), m_allocCount=200, currentSize 0.0 MB, totalSize 102.9 MB

[2026-10-03 23:05:51] [tid:2357368][ResourceName::getPublicName:679] ProductionResourceName: 'nv.ngx.dlssg.resource'

[2026-10-03 23:05:51] [tid:2357368][NGXCubinD3D12::SetResourceName:1083] D3D12 SetResourceName: nv.ngx.dlssg.resource

[2026-10-03 23:05:51] [tid:2357368][NGXCubinGeneric::CreateBufferResource:822] CUBIN 1D alloc (dlfg_network_resource), m_allocCount=201, currentSize 0.0 MB, totalSize 102.9 MB

[2026-10-03 23:05:51] [tid:2357368][ResourceName::getPublicName:679] ProductionResourceName: 'nv.ngx.dlssg.resource'

[2026-10-03 23:05:51] [tid:2357368][NGXCubinD3D12::SetResourceName:1083] D3D12 SetResourceName: nv.ngx.dlssg.resource

[2026-10-03 23:05:51] [tid:2357368][NGXCubinGeneric::CreateBufferResource:822] CUBIN 1D alloc (dlfg_network_resource), m_allocCount=202, currentSize 0.0 MB, totalSize 102.9 MB

[2026-10-03 23:05:51] [tid:2357368][ResourceName::getPublicName:679] ProductionResourceName: 'nv.ngx.dlssg.resource'

[2026-10-03 23:05:51] [tid:2357368][NGXCubinD3D12::SetResourceName:1083] D3D12 SetResourceName: nv.ngx.dlssg.resource

[2026-10-03 23:05:51] [tid:2357368][NGXCubinGeneric::CreateBufferResource:822] CUBIN 1D alloc (dlfg_network_resource), m_allocCount=203, currentSize 0.0 MB, totalSize 102.9 MB

[2026-10-03 23:05:51] [tid:2357368][ResourceName::getPublicName:679] ProductionResourceName: 'nv.ngx.dlssg.resource'

[2026-10-03 23:05:51] [tid:2357368][NGXCubinD3D12::SetResourceName:1083] D3D12 SetResourceName: nv.ngx.dlssg.resource

[2026-10-03 23:05:51] [tid:2357368][NGXCubinGeneric::CreateBufferResource:822] CUBIN 1D alloc (dlfg_network_resource), m_allocCount=204, currentSize 0.0 MB, totalSize 102.9 MB

[2026-10-03 23:05:51] [tid:2357368][ResourceName::getPublicName:679] ProductionResourceName: 'nv.ngx.dlssg.resource'

[2026-10-03 23:05:51] [tid:2357368][NGXCubinD3D12::SetResourceName:1083] D3D12 SetResourceName: nv.ngx.dlssg.resource

[2026-10-03 23:05:51] [tid:2357368][NGXCubinGeneric::CreateBufferResource:822] CUBIN 1D alloc (dlfg_network_resource), m_allocCount=205, currentSize 0.0 MB, totalSize 102.9 MB

[2026-10-03 23:05:51] [tid:2357368][ResourceName::getPublicName:679] ProductionResourceName: 'nv.ngx.dlssg.resource'

[2026-10-03 23:05:51] [tid:2357368][NGXCubinD3D12::SetResourceName:1083] D3D12 SetResourceName: nv.ngx.dlssg.resource

[2026-10-03 23:05:51] [NGXStoreCallToCreateFeature:780] stored create feature dlssg handle 1

[2026-10-03 23:05:51] [tid:2357368][NGXCubinGeneric::PushToDestroy:1142] Scheduled to destroy 0x11021892420

[2026-10-03 23:05:51] [tid:2357368][NGXCubinGeneric::PushToDestroy:1142] Scheduled to destroy 0x11021894860

[2026-10-03 23:05:51] [tid:2357368][NGXCubinGeneric::PushToDestroy:1142] Scheduled to destroy 0x11021892d30

[2026-10-03 23:05:51] [tid:2357368][NGXCubinGeneric::PushToDestroy:1142] Scheduled to destroy 0x11021895a80

[2026-10-03 23:05:51] [tid:2357368][NGXCubinGeneric::PushToDestroy:1142] Scheduled to destroy 0x11021893640

[2026-10-03 23:05:51] [tid:2357368][NGXCubinGeneric::PushToDestroy:1142] Scheduled to destroy 0x1102189a300

[2026-10-03 23:05:51] [tid:2357368][NGXCubinGeneric::PushToDestroy:1142] Scheduled to destroy 0x110218999f0

[2026-10-03 23:05:51] [tid:2357368][NGXCubinGeneric::PushToDestroy:1142] Scheduled to destroy 0x11021897ec0

[2026-10-03 23:05:51] [tid:2357368][NGXCubinGeneric::PushToDestroy:1142] Scheduled to destroy 0x11023f4a730

[2026-10-03 23:05:51] [tid:2357368][NGXCubinGeneric::PushToDestroy:1142] Scheduled to destroy 0x11023f482f0

[2026-10-03 23:05:51] [tid:2357368][NGXCubinGeneric::PushToDestroy:1142] Scheduled to destroy 0x11023f49510

[2026-10-03 23:05:51] [tid:2357368][NGXCubinGeneric::PushToDestroy:1142] Scheduled to destroy 0x11023f470d0

[2026-10-03 23:05:51] [tid:2357368][NGXCubinGeneric::PushToDestroy:1142] Scheduled to destroy 0x11023f4b950

[2026-10-03 23:05:51] [tid:2357368][NGXCubinGeneric::PushToDestroy:1142] Scheduled to destroy 0x11023f4cb70

[2026-10-03 23:05:51] [tid:2357368][NGXCubinGeneric::PushToDestroy:1142] Scheduled to destroy 0x11023f4e6a0

[2026-10-03 23:05:51] [tid:2357368][NGXCubinGeneric::PushToDestroy:1142] Scheduled to destroy 0x11023f52610

[2026-10-03 23:05:51] [tid:2357368][NGXCubinGeneric::PushToDestroy:1142] Scheduled to destroy 0x11023f4efb0

[2026-10-03 23:05:51] [tid:2357368][NGXCubinGeneric::PushToDestroy:1142] Scheduled to destroy 0x11023f589c0

[2026-10-03 23:05:51] [tid:2357368][NGXCubinGeneric::PushToDestroy:1142] Scheduled to destroy 0x11023f56e90

[2026-10-03 23:05:51] [tid:2357368][NGXCubinGeneric::PushToDestroy:1142] Scheduled to destroy 0x11023f592d0

[2026-10-03 23:05:51] [tid:2357368][NGXCubinGeneric::PushToDestroy:1142] Scheduled to destroy 0x11023f5c930

[2026-10-03 23:05:51] [tid:2357368][NGXCubinGeneric::PushToDestroy:1142] Scheduled to destroy 0x11023f5ae00

[2026-10-03 23:05:51] [tid:2357368][NGXCubinGeneric::PushToDestroy:1142] Scheduled to destroy 0x11023f5c020

[2026-10-03 23:05:51] [tid:2357368][NGXCubinGeneric::PushToDestroy:1142] Scheduled to destroy 0x11023f5db50

[2026-10-03 23:05:51] [tid:2357368][NGXCubinGeneric::PushToDestroy:1142] Scheduled to destroy 0x11023f5ed70

[2026-10-03 23:05:51] [tid:2357368][NGXCubinGeneric::PushToDestroy:1142] Scheduled to destroy 0x11023f608a0

[2026-10-03 23:05:51] [tid:2357368][NGXCubinGeneric::PushToDestroy:1142] Scheduled to destroy 0x11023f5ff90

[2026-10-03 23:05:51] [tid:2357368][NGXCubinGeneric::PushToDestroy:1142] Scheduled to destroy 0x11023f62ce0

[2026-10-03 23:05:51] [tid:2357368][NGXCubinGeneric::PushToDestroy:1142] Scheduled to destroy 0x11023f5f680

[2026-10-03 23:05:51] [tid:2357368][NGXCubinGeneric::PushToDestroy:1142] Scheduled to destroy 0x11023f635f0

[2026-10-03 23:05:51] [tid:2357368][NGXCubinGeneric::PushToDestroy:1142] Scheduled to destroy 0x11023f64810

[2026-10-03 23:05:51] [tid:2357368][NGXCubinGeneric::PushToDestroy:1142] Scheduled to destroy 0x11023fc6e60

[2026-10-03 23:05:51] [tid:2357368][NGXCubinGeneric::PushToDestroy:1142] Scheduled to destroy 0x11023fcadd0

[2026-10-03 23:05:51] [tid:2357368][NGXCubinGeneric::PushToDestroy:1142] Scheduled to destroy 0x11023fc8990

[2026-10-03 23:05:51] [tid:2357368][NGXCubinGeneric::PushToDestroy:1142] Scheduled to destroy 0x11023fc7770

[2026-10-03 23:05:51] [tid:2357368][NGXCubinGeneric::PushToDestroy:1142] Scheduled to destroy 0x11023fca4c0

[2026-10-03 23:05:51] [tid:2357368][NGXCubinGeneric::PushToDestroy:1142] Scheduled to destroy 0x11023fcdb20

[2026-10-03 23:05:51] [tid:2357368][NGXCubinGeneric::PushToDestroy:1142] Scheduled to destroy 0x11023fced40

[2026-10-03 23:05:51] [tid:2357368][NGXCubinGeneric::PushToDestroy:1142] Scheduled to destroy 0x11023fcbff0

[2026-10-03 23:05:51] [tid:2357368][NGXCubinGeneric::PushToDestroy:1142] Scheduled to destroy 0x11023fcc900

[2026-10-03 23:05:51] [tid:2357368][NGXCubinGeneric::PushToDestroy:1142] Scheduled to destroy 0x11023fd1180

[2026-10-03 23:05:51] [tid:2357368][NGXCubinGeneric::PushToDestroy:1142] Scheduled to destroy 0x11023fd2cb0

[2026-10-03 23:05:51] [tid:2357368][NGXCubinGeneric::PushToDestroy:1142] Scheduled to destroy 0x11023fd3ed0

[2026-10-03 23:05:51] [tid:2357368][NGXCubinGeneric::PushToDestroy:1142] Scheduled to destroy 0x11023fd5a00

[2026-10-03 23:05:51] [tid:2357368][NGXCubinGeneric::PushToDestroy:1142] Scheduled to destroy 0x11023fd7530

[2026-10-03 23:05:51] [tid:2357368][NGXCubinGeneric::PushToDestroy:1142] Scheduled to destroy 0x11023fd9970

[2026-10-03 23:05:51] [tid:2357368][NGXCubinGeneric::PushToDestroy:1142] Scheduled to destroy 0x11023fd7e40

[2026-10-03 23:05:51] [tid:2357368][NGXCubinGeneric::PushToDestroy:1142] Scheduled to destroy 0x11023fd8750

[2026-10-03 23:05:51] [tid:2357368][NGXCubinGeneric::PushToDestroy:1142] Scheduled to destroy 0x11023fdcfd0

[2026-10-03 23:05:51] [tid:2357368][NGXCubinGeneric::PushToDestroy:1142] Scheduled to destroy 0x11023fdbdb0

[2026-10-03 23:05:51] [tid:2357368][NGXCubinGeneric::PushToDestroy:1142] Scheduled to destroy 0x11023fda280

[2026-10-03 23:05:51] [tid:2357368][NGXCubinGeneric::PushToDestroy:1142] Scheduled to destroy 0x11023fde1f0

[2026-10-03 23:05:51] [tid:2357368][NGXCubinGeneric::PushToDestroy:1142] Scheduled to destroy 0x11023fdeb00

[2026-10-03 23:05:51] [tid:2357368][NGXCubinGeneric::PushToDestroy:1142] Scheduled to destroy 0x11023fe2a70

[2026-10-03 23:05:51] [tid:2357368][NGXCubinGeneric::PushToDestroy:1142] Scheduled to destroy 0x11023fe0630

[2026-10-03 23:05:51] [tid:2357368][NGXCubinGeneric::PushToDestroy:1142] Scheduled to destroy 0x11023fe45a0

[2026-10-03 23:05:51] [tid:2357368][NGXCubinGeneric::PushToDestroy:1142] Scheduled to destroy 0x11023fe3380

[2026-10-03 23:05:51] [tid:2357368][NGXCubinGeneric::PushToDestroy:1142] Scheduled to destroy 0x11023fe3c90

[2026-10-03 23:05:51] [tid:2357368][NGXCubinGeneric::PushToDestroy:1142] Scheduled to destroy 0x11023fe57c0

[2026-10-03 23:05:51] [tid:2357368][NGXCubinGeneric::PushToDestroy:1142] Scheduled to destroy 0x110242e9030

[2026-10-03 23:05:51] [tid:2357368][NGXCubinGeneric::PushToDestroy:1142] Scheduled to destroy 0x110242e7e10

[2026-10-03 23:05:51] [tid:2357368][NGXCubinGeneric::PushToDestroy:1142] Scheduled to destroy 0x110242ea250

[2026-10-03 23:05:51] [tid:2357368][NGXCubinGeneric::PushToDestroy:1142] Scheduled to destroy 0x110242eb470

[2026-10-03 23:05:51] [tid:2357368][NGXCubinGeneric::PushToDestroy:1142] Scheduled to destroy 0x110242ed8b0

[2026-10-03 23:05:51] [tid:2357368][NGXCubinGeneric::PushToDestroy:1142] Scheduled to destroy 0x110242ec690

[2026-10-03 23:05:51] [tid:2357368][NGXCubinGeneric::PushToDestroy:1142] Scheduled to destroy 0x110242f2130

[2026-10-03 23:05:51] [tid:2357368][NGXCubinGeneric::PushToDestroy:1142] Scheduled to destroy 0x110242eead0

[2026-10-03 23:05:51] [TelemetrySessionDataHelper::SetTelemetryDataForHandle:1159] warning: snippet is using telemetry schema version 4.4, which is greater than the driver's last known version (4.2). Telemetry data may be incomplete.

[2026-10-03 23:05:51] [NGXSendTelemetryEvaluateDataV3:544] Sending Telemetry: DLSS-G Eval Data

[2026-10-03 23:05:51] [NGXSendTelemetryEvaluateDataV3:600] QualityMode = 6

[2026-10-03 23:05:51] [NGXSendTelemetryEvaluateDataV3:601] Width = 854

[2026-10-03 23:05:51] [NGXSendTelemetryEvaluateDataV3:602] Height = 480

[2026-10-03 23:05:51] [NGXSendTelemetryEvaluateDataV3:603] FullscreenMode = 0

[2026-10-03 23:05:51] [NGXSendTelemetryEvaluateDataV3:604] WeightName = convoluted_cat

[2026-10-03 23:05:51] [NGXSendTelemetryEvaluateDataV3:605] WeightVariantName = endpoint

[2026-10-03 23:05:51] [NGXSendTelemetryEvaluateDataV3:606] TargetFrameRate = 0.000000

[2026-10-03 23:05:51] [NGXSendTelemetryEvaluateDataV3:607] MultiFrameCount = 1

[2026-10-03 23:05:51] [NGXSendTelemetryEvaluateDataV3:608] HasHudless = 1

[2026-10-03 23:05:51] [NGXSendTelemetryEvaluateDataV3:609] HasAlphaUI = 0

[2026-10-03 23:05:51] [NGXSendTelemetryEvaluateDataV3:610] DepthInverted = 0

[2026-10-03 23:05:51] [NGXSendTelemetryEvaluateDataV3:611] MVJittered = 0

[2026-10-03 23:05:51] [NGXSendTelemetryEvaluateDataV3:613] LatewarpEnabled = 0

[2026-10-03 23:05:51] [NGXSendTelemetryEvaluateDataV3:614] MVHasCamera = 1

[2026-10-03 23:05:51] [NGXSendTelemetryEvaluateDataV3:615] MVDilated = 0

[2026-10-03 23:05:51] [NGXSendTelemetryEvaluateDataV3:616] SLFGMode = 0

[2026-10-03 23:05:51] [NGXSendTelemetryEvaluateDataV3:617] ColorExtentWidth = 854

[2026-10-03 23:05:51] [NGXSendTelemetryEvaluateDataV3:618] ColorExtentHeight = 480

[2026-10-03 23:05:51] [NGXSendTelemetryEvaluateDataV3:619] ColorExtentBaseX = 0

[2026-10-03 23:05:51] [NGXSendTelemetryEvaluateDataV3:620] ColorExtentBaseY = 0

[2026-10-03 23:05:51] [NGXSendTelemetryEvaluateDataV3:621] MVExtentWidth = 502

[2026-10-03 23:05:51] [NGXSendTelemetryEvaluateDataV3:622] MVExtentHeight = 282

[2026-10-03 23:05:51] [NGXSendTelemetryEvaluateDataV3:623] MVExtentBaseX = 0

[2026-10-03 23:05:51] [NGXSendTelemetryEvaluateDataV3:624] MVExtentBaseY = 0

[2026-10-03 23:05:51] [NGXSendTelemetryEvaluateDataV3:625] MVSubrectHeight = 0

[2026-10-03 23:05:51] [NGXSendTelemetryEvaluateDataV3:626] MVSubrectWidth = 0

[2026-10-03 23:05:51] [NGXSendTelemetryEvaluateDataV3:627] MenuDetectionMode = 2

[2026-10-03 23:05:51] [NGXSendTelemetryEvaluateDataV3:628] VRAMAllocated = 0

[2026-10-03 23:05:51] [NGXSendTelemetryEvaluateDataV3:875] appExeName = wisteria_dlssg_bridge-3d8482f06f81171446ae4ce039f5ace9e0b97e3bf6eb73fcae6359690e087c31.dll

[2026-10-03 23:05:51] [NGXSendTelemetryEvaluateDataV3:876] drsProfileName = 

[2026-10-03 23:05:51] [NGXSendTelemetryEvaluateDataV3:877] drsName = 

[2026-10-03 23:05:51] [NGXSendTelemetryEvaluateDataV3:879] AppIdType = RENDERING_ENGINE

[2026-10-03 23:05:51] [NGXSendTelemetryEvaluateDataV3:880] ProjectId = 3e6891d2-09ac-4f54-ae8d-f481c3150d4b

[2026-10-03 23:05:51] [NGXSendTelemetryEvaluateDataV3:881] EngineVersion = 1.0.0

[2026-10-03 23:05:51] [NGXSendTelemetryEvaluateDataV3:882] EngineType = custom

[2026-10-03 23:05:51] [NGXSendTelemetryEvaluateDataV3:883] cmsId = 0

[2026-10-03 23:05:51] [NGXSendTelemetryEvaluateDataV3:884] gpuDeviceId = 9632

[2026-10-03 23:05:51] [NGXSendTelemetryEvaluateDataV3:885] gpuVendorId = 4318

[2026-10-03 23:05:51] [NGXSendTelemetryEvaluateDataV3:886] gpuSubSys = 979179434

[2026-10-03 23:05:51] [NGXSendTelemetryEvaluateDataV3:887] gpuRev = 161

[2026-10-03 23:05:51] [NGXSendTelemetryEvaluateDataV3:888] ngxSDKVersion = 1.5

[2026-10-03 23:05:51] [NGXSendTelemetryEvaluateDataV3:889] ngxCoreVersion = 1.4.0.0

[2026-10-03 23:05:51] [NGXSendTelemetryEvaluateDataV3:890] ngxFeatureVersion = 310.9.1

[2026-10-03 23:05:51] [NGXSendTelemetryEvaluateDataV3:891] displayDriverVersion = 596.49

[2026-10-03 23:05:51] [NGXSendTelemetryEvaluateDataV3:892] osVersion = 10.0.26100.9278

[2026-10-03 23:05:51] [NGXSendTelemetryEvaluateDataV3:893] APIType = 0

[2026-10-03 23:05:51] [NGXSendTelemetryEvaluateDataV3:894] GpuAPI = 2

[2026-10-03 23:05:51] [NGXSendTelemetryEvaluateDataV3:896] StreamlineVersion = 

[2026-10-03 23:05:51] [NGXSendTelemetryEvaluateDataV3:897] StreamlineGitSHA = 

[2026-10-03 23:05:51] [NGXSendTelemetryEvaluateDataV3:898] ExeModuleName = java.exe

[2026-10-03 23:05:51] [NGXSendTelemetryEvaluateDataV3:899] SnippetSchemaVer = 4.4

[2026-10-03 23:05:51] [NGXSendTelemetryEvaluateDataV3:905] -- END telemetry evaluate data --

[2026-10-03 23:07:42] [tid:2357368][NGXCubinGeneric::PushToDestroy:1142] Scheduled to destroy 0x11023710fa0

[2026-10-03 23:07:42] [tid:2357368][NGXCubinGeneric::PushToDestroy:1142] Scheduled to destroy 0x1102370dfd0

[2026-10-03 23:07:42] [tid:2357368][NGXCubinGeneric::PushToDestroy:1142] Scheduled to destroy 0x1102370f2f0

[2026-10-03 23:07:42] [tid:2357368][NGXCubinGeneric::PushToDestroy:1142] Scheduled to destroy 0x11023710610

[2026-10-03 23:07:42] [tid:2357368][NGXCubinGeneric::PushToDestroy:1142] Scheduled to destroy 0x1102370e960

[2026-10-03 23:07:42] [tid:2357368][NGXCubinGeneric::PushToDestroy:1142] Scheduled to destroy 0x11023fb9490

[2026-10-03 23:07:42] [tid:2357368][NGXCubinGeneric::PushToDestroy:1142] Scheduled to destroy 0x11023fb8170

[2026-10-03 23:07:42] [tid:2357368][NGXCubinGeneric::PushToDestroy:1142] Scheduled to destroy 0x11023fb8b00

[2026-10-03 23:07:42] [tid:2357368][NGXCubinGeneric::PushToDestroy:1142] Scheduled to destroy 0x11023fb77e0

[2026-10-03 23:07:42] [tid:2357368][NGXCubinGeneric::PushToDestroy:1142] Scheduled to destroy 0x11023fb9e20

[2026-10-03 23:07:42] [tid:2357368][NGXCubinGeneric::PushToDestroy:1142] Scheduled to destroy 0x1102187b9a0

[2026-10-03 23:07:42] [tid:2357368][NGXCubinGeneric::PushToDestroy:1142] Scheduled to destroy 0x11023fb6e50

[2026-10-03 23:07:42] [tid:2357368][NGXCubinGeneric::PushToDestroy:1142] Scheduled to destroy 0x11023fbcdf0

[2026-10-03 23:07:42] [tid:2357368][NGXCubinGeneric::PushToDestroy:1142] Scheduled to destroy 0x11023fbd780

[2026-10-03 23:07:42] [tid:2357368][NGXCubinGeneric::PushToDestroy:1142] Scheduled to destroy 0x11023fbc460

[2026-10-03 23:07:42] [tid:2357368][NGXCubinGeneric::PushToDestroy:1142] Scheduled to destroy 0x11023fba7b0

[2026-10-03 23:07:42] [tid:2357368][NGXCubinGeneric::PushToDestroy:1142] Scheduled to destroy 0x11023fbb140

[2026-10-03 23:07:42] [tid:2357368][NGXCubinGeneric::PushToDestroy:1142] Scheduled to destroy 0x11023fbe110

[2026-10-03 23:07:42] [tid:2357368][NGXCubinGeneric::PushToDestroy:1142] Scheduled to destroy 0x11023fbbad0

[2026-10-03 23:07:42] [tid:2357368][NGXCubinGeneric::PushToDestroy:1142] Scheduled to destroy 0x1102187c2b0

[2026-10-03 23:07:42] [tid:2357368][NGXCubinGeneric::PushToDestroy:1142] Scheduled to destroy 0x11021881d50

[2026-10-03 23:07:42] [tid:2357368][NGXCubinGeneric::PushToDestroy:1142] Scheduled to destroy 0x11021881440

[2026-10-03 23:07:42] [tid:2357368][NGXCubinGeneric::PushToDestroy:1142] Scheduled to destroy 0x11021880220

[2026-10-03 23:07:42] [tid:2357368][NGXCubinGeneric::PushToDestroy:1142] Scheduled to destroy 0x11023fbf430

[2026-10-03 23:07:42] [tid:2357368][NGXCubinGeneric::PushToDestroy:1142] Scheduled to destroy 0x11023fbfdc0

[2026-10-03 23:07:42] [tid:2357368][NGXCubinGeneric::PushToDestroy:1142] Scheduled to destroy 0x11023fc0750

[2026-10-03 23:07:42] [tid:2357368][NGXCubinGeneric::PushToDestroy:1142] Scheduled to destroy 0x11023fc10e0

[2026-10-03 23:07:42] [tid:2357368][NGXCubinGeneric::PushToDestroy:1142] Scheduled to destroy 0x11023fc1a70

[2026-10-03 23:07:42] [tid:2357368][NGXCubinGeneric::PushToDestroy:1142] Scheduled to destroy 0x11023fbeaa0

[2026-10-03 23:07:42] [tid:2357368][NGXCubinGeneric::PushToDestroy:1142] Scheduled to destroy 0x11023fc53d0

[2026-10-03 23:07:42] [tid:2357368][NGXCubinGeneric::PushToDestroy:1142] Scheduled to destroy 0x11023fc2400

[2026-10-03 23:07:42] [tid:2357368][NGXCubinGeneric::PushToDestroy:1142] Scheduled to destroy 0x11023fc40b0

[2026-10-03 23:07:42] [tid:2357368][NGXCubinGeneric::PushToDestroy:1142] Scheduled to destroy 0x11023fc4a40

[2026-10-03 23:07:42] [tid:2357368][NGXCubinGeneric::PushToDestroy:1142] Scheduled to destroy 0x11023fc2d90

[2026-10-03 23:07:42] [tid:2357368][NGXCubinGeneric::PushToDestroy:1142] Scheduled to destroy 0x11023fc5d60

[2026-10-03 23:07:42] [tid:2357368][NGXCubinGeneric::PushToDestroy:1142] Scheduled to destroy 0x11021880b30

[2026-10-03 23:07:42] [tid:2357368][NGXCubinGeneric::PushToDestroy:1142] Scheduled to destroy 0x11021882f70

[2026-10-03 23:07:42] [tid:2357368][NGXCubinGeneric::PushToDestroy:1142] Scheduled to destroy 0x11021882660

[2026-10-03 23:07:42] [tid:2357368][NGXCubinGeneric::PushToDestroy:1142] Scheduled to destroy 0x1102187f910

[2026-10-03 23:07:42] [tid:2357368][NGXCubinGeneric::PushToDestroy:1142] Scheduled to destroy 0x11021883880

[2026-10-03 23:07:42] [tid:2357368][NGXCubinGeneric::PushToDestroy:1142] Scheduled to destroy 0x11021886ee0

[2026-10-03 23:07:42] [tid:2357368][NGXCubinGeneric::PushToDestroy:1142] Scheduled to destroy 0x110218877f0

[2026-10-03 23:07:42] [tid:2357368][NGXCubinGeneric::PushToDestroy:1142] Scheduled to destroy 0x110218865d0

[2026-10-03 23:07:42] [tid:2357368][NGXCubinGeneric::PushToDestroy:1142] Scheduled to destroy 0x11021885cc0

[2026-10-03 23:07:42] [tid:2357368][NGXCubinGeneric::PushToDestroy:1142] Scheduled to destroy 0x11021884190

[2026-10-03 23:07:42] [tid:2357368][NGXCubinGeneric::PushToDestroy:1142] Scheduled to destroy 0x11021888100

[2026-10-03 23:07:42] [tid:2357368][NGXCubinGeneric::PushToDestroy:1142] Scheduled to destroy 0x11021884aa0

[2026-10-03 23:07:42] [tid:2357368][NGXCubinGeneric::PushToDestroy:1142] Scheduled to destroy 0x11021888a10

[2026-10-03 23:07:42] [tid:2357368][NGXCubinGeneric::PushToDestroy:1142] Scheduled to destroy 0x110218853b0

[2026-10-03 23:07:42] [tid:2357368][NGXCubinGeneric::PushToDestroy:1142] Scheduled to destroy 0x1102188c070

[2026-10-03 23:07:42] [tid:2357368][NGXCubinGeneric::PushToDestroy:1142] Scheduled to destroy 0x1102188a540

[2026-10-03 23:07:42] [tid:2357368][NGXCubinGeneric::PushToDestroy:1142] Scheduled to destroy 0x1102188b760

[2026-10-03 23:07:42] [tid:2357368][NGXCubinGeneric::PushToDestroy:1142] Scheduled to destroy 0x1102188c980

[2026-10-03 23:07:42] [tid:2357368][NGXCubinGeneric::PushToDestroy:1142] Scheduled to destroy 0x1102188d290

[2026-10-03 23:07:42] [tid:2357368][NGXCubinGeneric::PushToDestroy:1142] Scheduled to destroy 0x1102188ae50

[2026-10-03 23:07:42] [tid:2357368][NGXCubinGeneric::PushToDestroy:1142] Scheduled to destroy 0x11021889c30

[2026-10-03 23:07:42] [tid:2357368][NGXCubinGeneric::PushToDestroy:1142] Scheduled to destroy 0x1102188ffe0

[2026-10-03 23:07:42] [tid:2357368][NGXCubinGeneric::PushToDestroy:1142] Scheduled to destroy 0x11021891200

[2026-10-03 23:07:42] [tid:2357368][NGXCubinGeneric::PushToDestroy:1142] Scheduled to destroy 0x1102188dba0

[2026-10-03 23:07:42] [tid:2357368][NGXCubinGeneric::PushToDestroy:1142] Scheduled to destroy 0x1102188e4b0

[2026-10-03 23:07:42] [tid:2357368][NGXCubinGeneric::PushToDestroy:1142] Scheduled to destroy 0x1102188f6d0

[2026-10-03 23:07:42] [tid:2357368][NGXCubinGeneric::PushToDestroy:1142] Scheduled to destroy 0x11021891b10

[2026-10-03 23:07:42] [tid:2357368][NGXCubinGeneric::PushToDestroy:1142] Scheduled to destroy 0x110218908f0

[2026-10-03 23:07:42] [tid:2357368][NGXCubinGeneric::PushToDestroy:1142] Scheduled to destroy 0x1102188edc0

[2026-10-03 23:07:42] [tid:2357368][NGXCubinGeneric::PushToDestroy:1142] Scheduled to destroy 0x11021893f50

[2026-10-03 23:07:42] [tid:2357368][NGXCubinGeneric::PushToDestroy:1142] Scheduled to destroy 0x11021895170

[2026-10-03 23:07:42] [tid:2357368][NGXCubinGeneric::PushToDestroy:1142] Scheduled to destroy 0x11021896ca0

[2026-10-03 23:07:42] [tid:2357368][NGXCubinGeneric::PushToDestroy:1142] Scheduled to destroy 0x110218975b0

[2026-10-03 23:07:42] [tid:2357368][NGXCubinGeneric::PushToDestroy:1142] Scheduled to destroy 0x110218987d0

[2026-10-03 23:07:42] [tid:2357368][NGXCubinGeneric::PushToDestroy:1142] Scheduled to destroy 0x110218990e0

[2026-10-03 23:07:42] [tid:2357368][NGXCubinGeneric::PushToDestroy:1142] Scheduled to destroy 0x11023f467c0

[2026-10-03 23:07:42] [tid:2357368][NGXCubinGeneric::PushToDestroy:1142] Scheduled to destroy 0x11023f479e0

[2026-10-03 23:07:42] [tid:2357368][NGXCubinGeneric::PushToDestroy:1142] Scheduled to destroy 0x11023f48c00

[2026-10-03 23:07:42] [tid:2357368][NGXCubinGeneric::PushToDestroy:1142] Scheduled to destroy 0x11023f49e20

[2026-10-03 23:07:42] [tid:2357368][NGXCubinGeneric::PushToDestroy:1142] Scheduled to destroy 0x11023f4c260

[2026-10-03 23:07:42] [tid:2357368][NGXCubinGeneric::PushToDestroy:1142] Scheduled to destroy 0x11023f4dd90

[2026-10-03 23:07:42] [tid:2357368][NGXCubinGeneric::PushToDestroy:1142] Scheduled to destroy 0x11023f4d480

[2026-10-03 23:07:42] [tid:2357368][NGXCubinGeneric::PushToDestroy:1142] Scheduled to destroy 0x11023f4b040

[2026-10-03 23:07:42] [tid:2357368][NGXCubinGeneric::PushToDestroy:1142] Scheduled to destroy 0x11023f501d0

[2026-10-03 23:07:42] [tid:2357368][NGXCubinGeneric::PushToDestroy:1142] Scheduled to destroy 0x11023f4f8c0

[2026-10-03 23:07:42] [tid:2357368][NGXCubinGeneric::PushToDestroy:1142] Scheduled to destroy 0x11023f52f20

[2026-10-03 23:07:42] [tid:2357368][NGXCubinGeneric::PushToDestroy:1142] Scheduled to destroy 0x11023f51d00

[2026-10-03 23:07:42] [tid:2357368][NGXCubinGeneric::PushToDestroy:1142] Scheduled to destroy 0x11023f53830

[2026-10-03 23:07:42] [tid:2357368][NGXCubinGeneric::PushToDestroy:1142] Scheduled to destroy 0x11023f50ae0

[2026-10-03 23:07:42] [tid:2357368][NGXCubinGeneric::PushToDestroy:1142] Scheduled to destroy 0x11023f54140

[2026-10-03 23:07:42] [tid:2357368][NGXCubinGeneric::PushToDestroy:1142] Scheduled to destroy 0x11023f54a50

[2026-10-03 23:07:42] [tid:2357368][NGXCubinGeneric::PushToDestroy:1142] Scheduled to destroy 0x11023f513f0

[2026-10-03 23:07:42] [tid:2357368][NGXCubinGeneric::PushToDestroy:1142] Scheduled to destroy 0x11023f577a0

[2026-10-03 23:07:42] [tid:2357368][NGXCubinGeneric::PushToDestroy:1142] Scheduled to destroy 0x11023f56580

[2026-10-03 23:07:42] [tid:2357368][NGXCubinGeneric::PushToDestroy:1142] Scheduled to destroy 0x11023f55360

[2026-10-03 23:07:42] [tid:2357368][NGXCubinGeneric::PushToDestroy:1142] Scheduled to destroy 0x11023f580b0

[2026-10-03 23:07:42] [tid:2357368][NGXCubinGeneric::PushToDestroy:1142] Scheduled to destroy 0x11023f55c70

[2026-10-03 23:07:42] [tid:2357368][NGXCubinGeneric::PushToDestroy:1142] Scheduled to destroy 0x11023f5d240

[2026-10-03 23:07:42] [tid:2357368][NGXCubinGeneric::PushToDestroy:1142] Scheduled to destroy 0x11023f5b710

[2026-10-03 23:07:42] [tid:2357368][NGXCubinGeneric::PushToDestroy:1142] Scheduled to destroy 0x11023f59be0

[2026-10-03 23:07:42] [tid:2357368][NGXCubinGeneric::PushToDestroy:1142] Scheduled to destroy 0x11023f5a4f0

[2026-10-03 23:07:42] [tid:2357368][NGXCubinGeneric::PushToDestroy:1142] Scheduled to destroy 0x11023f61ac0

[2026-10-03 23:07:42] [tid:2357368][NGXCubinGeneric::PushToDestroy:1142] Scheduled to destroy 0x11023f611b0

[2026-10-03 23:07:42] [tid:2357368][NGXCubinGeneric::PushToDestroy:1142] Scheduled to destroy 0x11023f5e460

[2026-10-03 23:07:42] [tid:2357368][NGXCubinGeneric::PushToDestroy:1142] Scheduled to destroy 0x11023f623d0

[2026-10-03 23:07:42] [tid:2357368][NGXCubinGeneric::PushToDestroy:1142] Scheduled to destroy 0x11023f65120

[2026-10-03 23:07:42] [tid:2357368][NGXCubinGeneric::PushToDestroy:1142] Scheduled to destroy 0x11023f63f00

[2026-10-03 23:07:42] [tid:2357368][NGXCubinGeneric::PushToDestroy:1142] Scheduled to destroy 0x11023f65a30

[2026-10-03 23:07:42] [tid:2357368][NGXCubinGeneric::PushToDestroy:1142] Scheduled to destroy 0x11023fc92a0

[2026-10-03 23:07:42] [tid:2357368][NGXCubinGeneric::PushToDestroy:1142] Scheduled to destroy 0x11023fc8080

[2026-10-03 23:07:42] [tid:2357368][NGXCubinGeneric::PushToDestroy:1142] Scheduled to destroy 0x11023fc9bb0

[2026-10-03 23:07:42] [tid:2357368][NGXCubinGeneric::PushToDestroy:1142] Scheduled to destroy 0x11023fcb6e0

[2026-10-03 23:07:42] [tid:2357368][NGXCubinGeneric::PushToDestroy:1142] Scheduled to destroy 0x11023fcd210

[2026-10-03 23:07:42] [tid:2357368][NGXCubinGeneric::PushToDestroy:1142] Scheduled to destroy 0x11023fce430

[2026-10-03 23:07:42] [tid:2357368][NGXCubinGeneric::PushToDestroy:1142] Scheduled to destroy 0x11023fcf650

[2026-10-03 23:07:42] [tid:2357368][NGXCubinGeneric::PushToDestroy:1142] Scheduled to destroy 0x11023fcff60

[2026-10-03 23:07:42] [tid:2357368][NGXCubinGeneric::PushToDestroy:1142] Scheduled to destroy 0x11023fd1a90

[2026-10-03 23:07:42] [tid:2357368][NGXCubinGeneric::PushToDestroy:1142] Scheduled to destroy 0x11023fd23a0

[2026-10-03 23:07:42] [tid:2357368][NGXCubinGeneric::PushToDestroy:1142] Scheduled to destroy 0x11023fd35c0

[2026-10-03 23:07:42] [tid:2357368][NGXCubinGeneric::PushToDestroy:1142] Scheduled to destroy 0x11023fd0870

[2026-10-03 23:07:42] [tid:2357368][NGXCubinGeneric::PushToDestroy:1142] Scheduled to destroy 0x11023fd50f0

[2026-10-03 23:07:42] [tid:2357368][NGXCubinGeneric::PushToDestroy:1142] Scheduled to destroy 0x11023fd47e0

[2026-10-03 23:07:42] [tid:2357368][NGXCubinGeneric::PushToDestroy:1142] Scheduled to destroy 0x11023fd6310

[2026-10-03 23:07:42] [tid:2357368][NGXCubinGeneric::PushToDestroy:1142] Scheduled to destroy 0x11023fd6c20

[2026-10-03 23:07:42] [tid:2357368][NGXCubinGeneric::PushToDestroy:1142] Scheduled to destroy 0x11023fd9060

[2026-10-03 23:07:42] [tid:2357368][NGXCubinGeneric::PushToDestroy:1142] Scheduled to destroy 0x11023fdd8e0

[2026-10-03 23:07:42] [tid:2357368][NGXCubinGeneric::PushToDestroy:1142] Scheduled to destroy 0x11023fdb4a0

[2026-10-03 23:07:42] [tid:2357368][NGXCubinGeneric::PushToDestroy:1142] Scheduled to destroy 0x11023fdc6c0

[2026-10-03 23:07:42] [tid:2357368][NGXCubinGeneric::PushToDestroy:1142] Scheduled to destroy 0x11023fdab90

[2026-10-03 23:07:42] [tid:2357368][NGXCubinGeneric::PushToDestroy:1142] Scheduled to destroy 0x11023fdfd20

[2026-10-03 23:07:42] [tid:2357368][NGXCubinGeneric::PushToDestroy:1142] Scheduled to destroy 0x11023fdf410

[2026-10-03 23:07:42] [tid:2357368][NGXCubinGeneric::PushToDestroy:1142] Scheduled to destroy 0x11023fe2160

[2026-10-03 23:07:42] [tid:2357368][NGXCubinGeneric::PushToDestroy:1142] Scheduled to destroy 0x11023fe1850

[2026-10-03 23:07:42] [tid:2357368][NGXCubinGeneric::PushToDestroy:1142] Scheduled to destroy 0x11023fe0f40

[2026-10-03 23:07:42] [tid:2357368][NGXCubinGeneric::PushToDestroy:1142] Scheduled to destroy 0x11023fe4eb0

[2026-10-03 23:07:42] [tid:2357368][NGXCubinGeneric::PushToDestroy:1142] Scheduled to destroy 0x11023fe60d0

[2026-10-03 23:07:42] [tid:2357368][NGXCubinGeneric::PushToDestroy:1142] Scheduled to destroy 0x110242e9940

[2026-10-03 23:07:42] [tid:2357368][NGXCubinGeneric::PushToDestroy:1142] Scheduled to destroy 0x110242ebd80

[2026-10-03 23:07:42] [tid:2357368][NGXCubinGeneric::PushToDestroy:1142] Scheduled to destroy 0x110242eab60

[2026-10-03 23:07:42] [tid:2357368][NGXCubinGeneric::PushToDestroy:1142] Scheduled to destroy 0x110242e8720

[2026-10-03 23:07:42] [tid:2357368][NGXCubinGeneric::PushToDestroy:1142] Scheduled to destroy 0x110242ee1c0

[2026-10-03 23:07:42] [tid:2357368][NGXCubinGeneric::PushToDestroy:1142] Scheduled to destroy 0x110242ecfa0

[2026-10-03 23:07:42] [tid:2357368][NGXCubinGeneric::PushToDestroy:1142] Scheduled to destroy 0x110242efcf0

[2026-10-03 23:07:42] [tid:2357368][NGXCubinGeneric::PushToDestroyIUnknown:1154] Scheduled to destroy IUnknown 0x11161248620

[2026-10-03 23:07:42] [tid:2357368][NGXCubinGeneric::PushToDestroyIUnknown:1154] Scheduled to destroy IUnknown 0x11161247f00

[2026-10-03 23:07:42] [tid:2357368][NGXCubinGeneric::CollectGarbage:1177] Releasing resource 0x11023fcc900 (nv.ngx.dlssg.dlfg_network_resource)

[2026-10-03 23:07:42] [tid:2357368][NGXCubinGeneric::CollectGarbage:1177] Releasing resource 0x110242eb470 (nv.ngx.dlssg.dlfg_network_resource)

[2026-10-03 23:07:42] [tid:2357368][NGXCubinGeneric::CollectGarbage:1177] Releasing resource 0x11023f5f680 (nv.ngx.dlssg.dlfg_network_resource)

[2026-10-03 23:07:42] [tid:2357368][NGXCubinGeneric::CollectGarbage:1177] Releasing resource 0x11023f52610 (nv.ngx.dlssg.dlfg_network_resource)

[2026-10-03 23:07:42] [tid:2357368][NGXCubinGeneric::CollectGarbage:1177] Releasing resource 0x11021892420 (nv.ngx.dlssg.dlfg_network_resource)

[2026-10-03 23:07:42] [tid:2357368][NGXCubinGeneric::CollectGarbage:1177] Releasing resource 0x11023f623d0 (nv.ngx.dlssg.dlfg_network_resource)

[2026-10-03 23:07:42] [tid:2357368][NGXCubinGeneric::CollectGarbage:1177] Releasing resource 0x11023f592d0 (nv.ngx.dlssg.dlfg_network_resource)

[2026-10-03 23:07:42] [tid:2357368][NGXCubinGeneric::CollectGarbage:1177] Releasing resource 0x11021894860 (nv.ngx.dlssg.dlfg_network_resource)

[2026-10-03 23:07:42] [tid:2357368][NGXCubinGeneric::CollectGarbage:1177] Releasing resource 0x11023fd8750 (nv.ngx.dlssg.dlfg_network_resource)

[2026-10-03 23:07:42] [tid:2357368][NGXCubinGeneric::CollectGarbage:1177] Releasing resource 0x11023f5ff90 (nv.ngx.dlssg.dlfg_network_resource)

[2026-10-03 23:07:42] [tid:2357368][NGXCubinGeneric::CollectGarbage:1177] Releasing resource 0x11021892d30 (nv.ngx.dlssg.dlfg_network_resource)

[2026-10-03 23:07:42] [tid:2357368][NGXCubinGeneric::CollectGarbage:1177] Releasing resource 0x11021895a80 (nv.ngx.dlssg.dlfg_network_resource)

[2026-10-03 23:07:42] [tid:2357368][NGXCubinGeneric::CollectGarbage:1177] Releasing resource 0x11023fd2cb0 (nv.ngx.dlssg.dlfg_network_resource)

[2026-10-03 23:07:42] [tid:2357368][NGXCubinGeneric::CollectGarbage:1177] Releasing resource 0x11021897ec0 (nv.ngx.dlssg.dlfg_network_resource)

[2026-10-03 23:07:42] [tid:2357368][NGXCubinGeneric::CollectGarbage:1177] Releasing resource 0x11023f4a730 (nv.ngx.dlssg.dlfg_network_resource)

[2026-10-03 23:07:42] [tid:2357368][NGXCubinGeneric::CollectGarbage:1177] Releasing resource 0x11021893640 (nv.ngx.dlssg.dlfg_network_resource)

[2026-10-03 23:07:42] [tid:2357368][NGXCubinGeneric::CollectGarbage:1177] Releasing resource 0x1102189a300 (nv.ngx.dlssg.dlfg_network_resource)

[2026-10-03 23:07:42] [tid:2357368][NGXCubinGeneric::CollectGarbage:1177] Releasing resource 0x11023f513f0 (nv.ngx.dlssg.dlfg_network_resource)

[2026-10-03 23:07:42] [tid:2357368][NGXCubinGeneric::CollectGarbage:1177] Releasing resource 0x11023fe2a70 (nv.ngx.dlssg.dlfg_network_resource)

[2026-10-03 23:07:42] [tid:2357368][NGXCubinGeneric::CollectGarbage:1177] Releasing resource 0x110218999f0 (nv.ngx.dlssg.dlfg_network_resource)

[2026-10-03 23:07:42] [tid:2357368][NGXCubinGeneric::CollectGarbage:1177] Releasing resource 0x11023f608a0 (nv.ngx.dlssg.dlfg_network_resource)

[2026-10-03 23:07:42] [tid:2357368][NGXCubinGeneric::CollectGarbage:1177] Releasing resource 0x11021881440 (nv.ngx.dlssg.dlfg_resource)

[2026-10-03 23:07:42] [tid:2357368][NGXCubinGeneric::CollectGarbage:1177] Releasing resource 0x11023f482f0 (nv.ngx.dlssg.dlfg_network_resource)

[2026-10-03 23:07:42] [tid:2357368][NGXCubinGeneric::CollectGarbage:1177] Releasing resource 0x11023fda280 (nv.ngx.dlssg.dlfg_network_resource)

[2026-10-03 23:07:42] [tid:2357368][NGXCubinGeneric::CollectGarbage:1177] Releasing resource 0x11023fbf430 (nv.ngx.dlssg.dlfg_resource)

[2026-10-03 23:07:42] [tid:2357368][NGXCubinGeneric::CollectGarbage:1177] Releasing resource 0x11023f49510 (nv.ngx.dlssg.dlfg_network_resource)

[2026-10-03 23:07:42] [tid:2357368][NGXCubinGeneric::CollectGarbage:1177] Releasing resource 0x11023f470d0 (nv.ngx.dlssg.dlfg_network_resource)

[2026-10-03 23:07:42] [tid:2357368][NGXCubinGeneric::CollectGarbage:1177] Releasing resource 0x110242efcf0 (nv.ngx.dlssg.dlfg_network_resource)

[2026-10-03 23:07:42] [tid:2357368][NGXCubinGeneric::CollectGarbage:1177] Releasing resource 0x11023f5ae00 (nv.ngx.dlssg.dlfg_network_resource)

[2026-10-03 23:07:42] [tid:2357368][NGXCubinGeneric::CollectGarbage:1177] Releasing resource 0x11023f4b950 (nv.ngx.dlssg.dlfg_network_resource)

[2026-10-03 23:07:42] [tid:2357368][NGXCubinGeneric::CollectGarbage:1177] Releasing resource 0x11023f635f0 (nv.ngx.dlssg.dlfg_network_resource)

[2026-10-03 23:07:42] [tid:2357368][NGXCubinGeneric::CollectGarbage:1177] Releasing resource 0x11023f4cb70 (nv.ngx.dlssg.dlfg_network_resource)

[2026-10-03 23:07:42] [tid:2357368][NGXCubinGeneric::CollectGarbage:1177] Releasing resource 0x1102187f910 (nv.ngx.dlssg.dlfg_resource)

[2026-10-03 23:07:42] [tid:2357368][NGXCubinGeneric::CollectGarbage:1177] Releasing resource 0x11023f4e6a0 (nv.ngx.dlssg.dlfg_network_resource)

[2026-10-03 23:07:42] [tid:2357368][NGXCubinGeneric::CollectGarbage:1177] Releasing resource 0x11023fc7770 (nv.ngx.dlssg.dlfg_network_resource)

[2026-10-03 23:07:42] [tid:2357368][NGXCubinGeneric::CollectGarbage:1177] Releasing resource 0x11023f4efb0 (nv.ngx.dlssg.dlfg_network_resource)

[2026-10-03 23:07:42] [tid:2357368][NGXCubinGeneric::CollectGarbage:1177] Releasing resource 0x11023fe3c90 (nv.ngx.dlssg.dlfg_network_resource)

[2026-10-03 23:07:42] [tid:2357368][NGXCubinGeneric::CollectGarbage:1177] Releasing resource 0x11023f589c0 (nv.ngx.dlssg.dlfg_network_resource)

[2026-10-03 23:07:42] [tid:2357368][NGXCubinGeneric::CollectGarbage:1177] Releasing resource 0x11023f56e90 (nv.ngx.dlssg.dlfg_network_resource)

[2026-10-03 23:07:42] [tid:2357368][NGXCubinGeneric::CollectGarbage:1177] Releasing resource 0x11023fe57c0 (nv.ngx.dlssg.dlfg_network_resource)

[2026-10-03 23:07:42] [tid:2357368][NGXCubinGeneric::CollectGarbage:1177] Releasing resource 0x11023f49e20 (nv.ngx.dlssg.dlfg_network_resource)

[2026-10-03 23:07:42] [tid:2357368][NGXCubinGeneric::CollectGarbage:1177] Releasing resource 0x11023f5c930 (nv.ngx.dlssg.dlfg_network_resource)

[2026-10-03 23:07:42] [tid:2357368][NGXCubinGeneric::CollectGarbage:1177] Releasing resource 0x11023f5c020 (nv.ngx.dlssg.dlfg_network_resource)

[2026-10-03 23:07:42] [tid:2357368][NGXCubinGeneric::CollectGarbage:1177] Releasing resource 0x11023f5db50 (nv.ngx.dlssg.dlfg_network_resource)

[2026-10-03 23:07:42] [tid:2357368][NGXCubinGeneric::CollectGarbage:1177] Releasing resource 0x11023fd7530 (nv.ngx.dlssg.dlfg_network_resource)

[2026-10-03 23:07:42] [tid:2357368][NGXCubinGeneric::CollectGarbage:1177] Releasing resource 0x11023f64810 (nv.ngx.dlssg.dlfg_network_resource)

[2026-10-03 23:07:42] [tid:2357368][NGXCubinGeneric::CollectGarbage:1177] Releasing resource 0x11023f4c260 (nv.ngx.dlssg.dlfg_network_resource)

[2026-10-03 23:07:42] [tid:2357368][NGXCubinGeneric::CollectGarbage:1177] Releasing resource 0x11023fc4a40 (nv.ngx.dlssg.dlfg_resource)

[2026-10-03 23:07:42] [tid:2357368][NGXCubinGeneric::CollectGarbage:1177] Releasing resource 0x11023f5ed70 (nv.ngx.dlssg.dlfg_network_resource)

[2026-10-03 23:07:42] [tid:2357368][NGXCubinGeneric::CollectGarbage:1177] Releasing resource 0x11023fd9970 (nv.ngx.dlssg.dlfg_network_resource)

[2026-10-03 23:07:42] [tid:2357368][NGXCubinGeneric::CollectGarbage:1177] Releasing resource 0x11023f62ce0 (nv.ngx.dlssg.dlfg_network_resource)

[2026-10-03 23:07:42] [tid:2357368][NGXCubinGeneric::CollectGarbage:1177] Releasing resource 0x11023fc6e60 (nv.ngx.dlssg.dlfg_network_resource)

[2026-10-03 23:07:42] [tid:2357368][NGXCubinGeneric::CollectGarbage:1177] Releasing resource 0x11023f50ae0 (nv.ngx.dlssg.dlfg_network_resource)

[2026-10-03 23:07:42] [tid:2357368][NGXCubinGeneric::CollectGarbage:1177] Releasing resource 0x11023fc5d60 (nv.ngx.dlssg.dlfg_resource)

[2026-10-03 23:07:42] [tid:2357368][NGXCubinGeneric::CollectGarbage:1177] Releasing resource 0x11023fbc460 (nv.ngx.dlssg.dlfg_resource)

[2026-10-03 23:07:42] [tid:2357368][NGXCubinGeneric::CollectGarbage:1177] Releasing resource 0x11023fe3380 (nv.ngx.dlssg.dlfg_network_resource)

[2026-10-03 23:07:42] [tid:2357368][NGXCubinGeneric::CollectGarbage:1177] Releasing resource 0x11023fcadd0 (nv.ngx.dlssg.dlfg_network_resource)

[2026-10-03 23:07:42] [tid:2357368][NGXCubinGeneric::CollectGarbage:1177] Releasing resource 0x11023fc8990 (nv.ngx.dlssg.dlfg_network_resource)

[2026-10-03 23:07:42] [tid:2357368][NGXCubinGeneric::CollectGarbage:1177] Releasing resource 0x11023fdcfd0 (nv.ngx.dlssg.dlfg_network_resource)

[2026-10-03 23:07:42] [tid:2357368][NGXCubinGeneric::CollectGarbage:1177] Releasing resource 0x11023fbcdf0 (nv.ngx.dlssg.dlfg_resource)

[2026-10-03 23:07:42] [tid:2357368][NGXCubinGeneric::CollectGarbage:1177] Releasing resource 0x11023fca4c0 (nv.ngx.dlssg.dlfg_network_resource)

[2026-10-03 23:07:42] [tid:2357368][NGXCubinGeneric::CollectGarbage:1177] Releasing resource 0x110242e7e10 (nv.ngx.dlssg.dlfg_network_resource)

[2026-10-03 23:07:42] [tid:2357368][NGXCubinGeneric::CollectGarbage:1177] Releasing resource 0x11023fcdb20 (nv.ngx.dlssg.dlfg_network_resource)

[2026-10-03 23:07:42] [tid:2357368][NGXCubinGeneric::CollectGarbage:1177] Releasing resource 0x110242e9030 (nv.ngx.dlssg.dlfg_network_resource)

[2026-10-03 23:07:42] [tid:2357368][NGXCubinGeneric::CollectGarbage:1177] Releasing resource 0x110218990e0 (nv.ngx.dlssg.dlfg_network_resource)

[2026-10-03 23:07:42] [tid:2357368][NGXCubinGeneric::CollectGarbage:1177] Releasing resource 0x11023fced40 (nv.ngx.dlssg.dlfg_network_resource)

[2026-10-03 23:07:42] [tid:2357368][NGXCubinGeneric::CollectGarbage:1177] Releasing resource 0x11023fcbff0 (nv.ngx.dlssg.dlfg_network_resource)

[2026-10-03 23:07:42] [tid:2357368][NGXCubinGeneric::CollectGarbage:1177] Releasing resource 0x1102370f2f0 (nv.ngx.dlssg.dlfg_resource)

[2026-10-03 23:07:42] [tid:2357368][NGXCubinGeneric::CollectGarbage:1177] Releasing resource 0x11023fde1f0 (nv.ngx.dlssg.dlfg_network_resource)

[2026-10-03 23:07:42] [tid:2357368][NGXCubinGeneric::CollectGarbage:1177] Releasing resource 0x11023fd1180 (nv.ngx.dlssg.dlfg_network_resource)

[2026-10-03 23:07:42] [tid:2357368][NGXCubinGeneric::CollectGarbage:1177] Releasing resource 0x11023fd3ed0 (nv.ngx.dlssg.dlfg_network_resource)

[2026-10-03 23:07:42] [tid:2357368][NGXCubinGeneric::CollectGarbage:1177] Releasing resource 0x110218908f0 (nv.ngx.dlssg.dlfg_network_resource)

[2026-10-03 23:07:42] [tid:2357368][NGXCubinGeneric::CollectGarbage:1177] Releasing resource 0x110242ed8b0 (nv.ngx.dlssg.dlfg_network_resource)

[2026-10-03 23:07:42] [tid:2357368][NGXCubinGeneric::CollectGarbage:1177] Releasing resource 0x11023fd5a00 (nv.ngx.dlssg.dlfg_network_resource)

[2026-10-03 23:07:42] [tid:2357368][NGXCubinGeneric::CollectGarbage:1177] Releasing resource 0x11023fd7e40 (nv.ngx.dlssg.dlfg_network_resource)

[2026-10-03 23:07:42] [tid:2357368][NGXCubinGeneric::CollectGarbage:1177] Releasing resource 0x11023fdbdb0 (nv.ngx.dlssg.dlfg_network_resource)

[2026-10-03 23:07:42] [tid:2357368][NGXCubinGeneric::CollectGarbage:1177] Releasing resource 0x11021886ee0 (nv.ngx.dlssg.dlfg_resource)

[2026-10-03 23:07:42] [tid:2357368][NGXCubinGeneric::CollectGarbage:1177] Releasing resource 0x11023710fa0 (nv.ngx.dlssg.dlfg_resource)

[2026-10-03 23:07:42] [tid:2357368][NGXCubinGeneric::CollectGarbage:1177] Releasing resource 0x11023fdeb00 (nv.ngx.dlssg.dlfg_network_resource)

[2026-10-03 23:07:42] [tid:2357368][NGXCubinGeneric::CollectGarbage:1177] Releasing resource 0x11023fe0630 (nv.ngx.dlssg.dlfg_network_resource)

[2026-10-03 23:07:42] [tid:2357368][NGXCubinGeneric::CollectGarbage:1177] Releasing resource 0x11023fe45a0 (nv.ngx.dlssg.dlfg_network_resource)

[2026-10-03 23:07:42] [tid:2357368][NGXCubinGeneric::CollectGarbage:1177] Releasing resource 0x110242ea250 (nv.ngx.dlssg.dlfg_network_resource)

[2026-10-03 23:07:42] [tid:2357368][NGXCubinGeneric::CollectGarbage:1177] Releasing resource 0x110242ec690 (nv.ngx.dlssg.dlfg_network_resource)

[2026-10-03 23:07:42] [tid:2357368][NGXCubinGeneric::CollectGarbage:1177] Releasing resource 0x110242f2130 (nv.ngx.dlssg.dlfg_network_resource)

[2026-10-03 23:07:42] [tid:2357368][NGXCubinGeneric::CollectGarbage:1177] Releasing resource 0x110242eead0 (nv.ngx.dlssg.dlfg_network_resource)

[2026-10-03 23:07:42] [tid:2357368][NGXCubinGeneric::CollectGarbage:1177] Releasing resource 0x1102370dfd0 (nv.ngx.dlssg.dlfg_resource)

[2026-10-03 23:07:42] [tid:2357368][NGXCubinGeneric::CollectGarbage:1177] Releasing resource 0x11023710610 (nv.ngx.dlssg.dlfg_resource)

[2026-10-03 23:07:42] [tid:2357368][NGXCubinGeneric::CollectGarbage:1177] Releasing resource 0x11023fd1a90 (nv.ngx.dlssg.dlfg_network_resource)

[2026-10-03 23:07:42] [tid:2357368][NGXCubinGeneric::CollectGarbage:1177] Releasing resource 0x1102370e960 (nv.ngx.dlssg.dlfg_resource)

[2026-10-03 23:07:42] [tid:2357368][NGXCubinGeneric::CollectGarbage:1177] Releasing resource 0x11021880b30 (nv.ngx.dlssg.dlfg_resource)

[2026-10-03 23:07:42] [tid:2357368][NGXCubinGeneric::CollectGarbage:1177] Releasing resource 0x11023fb9490 (nv.ngx.dlssg.dlfg_resource)

[2026-10-03 23:07:42] [tid:2357368][NGXCubinGeneric::CollectGarbage:1177] Releasing resource 0x11023fbe110 (nv.ngx.dlssg.dlfg_resource)

[2026-10-03 23:07:42] [tid:2357368][NGXCubinGeneric::CollectGarbage:1177] Releasing resource 0x11023fb8170 (nv.ngx.dlssg.dlfg_resource)

[2026-10-03 23:07:42] [tid:2357368][NGXCubinGeneric::CollectGarbage:1177] Releasing resource 0x11023fb8b00 (nv.ngx.dlssg.dlfg_resource)

[2026-10-03 23:07:42] [tid:2357368][NGXCubinGeneric::CollectGarbage:1177] Releasing resource 0x11023fe60d0 (nv.ngx.dlssg.dlfg_network_resource)

[2026-10-03 23:07:42] [tid:2357368][NGXCubinGeneric::CollectGarbage:1177] Releasing resource 0x11023fb77e0 (nv.ngx.dlssg.dlfg_resource)

[2026-10-03 23:07:42] [tid:2357368][NGXCubinGeneric::CollectGarbage:1177] Releasing resource 0x11023f580b0 (nv.ngx.dlssg.dlfg_network_resource)

[2026-10-03 23:07:42] [tid:2357368][NGXCubinGeneric::CollectGarbage:1177] Releasing resource 0x11023fb9e20 (nv.ngx.dlssg.dlfg_resource)

[2026-10-03 23:07:42] [tid:2357368][NGXCubinGeneric::CollectGarbage:1184] Releasing resource 0x0 (Unknown)

[2026-10-03 23:07:42] [tid:2357368][NGXCubinGeneric::CollectGarbage:1184] Releasing resource 0x0 (Unknown)

[2026-10-03 23:07:42] [tid:2357368][NGXCubinGeneric::CollectGarbage:1177] Releasing resource 0x11023f501d0 (nv.ngx.dlssg.dlfg_network_resource)

[2026-10-03 23:07:42] [tid:2357368][NGXCubinGeneric::CollectGarbage:1177] Releasing resource 0x11021891b10 (nv.ngx.dlssg.dlfg_network_resource)

[2026-10-03 23:07:42] [tid:2357368][NGXCubinGeneric::CollectGarbage:1177] Releasing resource 0x1102187b9a0 (nv.ngx.dlssg.dlfg_resource)

[2026-10-03 23:07:42] [tid:2357368][NGXCubinGeneric::CollectGarbage:1177] Releasing resource 0x11023fc53d0 (nv.ngx.dlssg.dlfg_resource)

[2026-10-03 23:07:42] [tid:2357368][NGXCubinGeneric::CollectGarbage:1177] Releasing resource 0x11021881d50 (nv.ngx.dlssg.dlfg_resource)

[2026-10-03 23:07:42] [tid:2357368][NGXCubinGeneric::CollectGarbage:1177] Releasing resource 0x11023fb6e50 (nv.ngx.dlssg.dlfg_resource)

[2026-10-03 23:07:42] [tid:2357368][NGXCubinGeneric::CollectGarbage:1177] Releasing resource 0x11023fbd780 (nv.ngx.dlssg.dlfg_resource)

[2026-10-03 23:07:42] [tid:2357368][NGXCubinGeneric::CollectGarbage:1177] Releasing resource 0x11023fba7b0 (nv.ngx.dlssg.dlfg_resource)

[2026-10-03 23:07:42] [tid:2357368][NGXCubinGeneric::CollectGarbage:1177] Releasing resource 0x11023fbb140 (nv.ngx.dlssg.dlfg_resource)

[2026-10-03 23:07:42] [tid:2357368][NGXCubinGeneric::CollectGarbage:1177] Releasing resource 0x11023fd6c20 (nv.ngx.dlssg.dlfg_network_resource)

[2026-10-03 23:07:42] [tid:2357368][NGXCubinGeneric::CollectGarbage:1177] Releasing resource 0x11023fbbad0 (nv.ngx.dlssg.dlfg_resource)

[2026-10-03 23:07:42] [tid:2357368][NGXCubinGeneric::CollectGarbage:1177] Releasing resource 0x1102187c2b0 (nv.ngx.dlssg.dlfg_resource)

[2026-10-03 23:07:42] [tid:2357368][NGXCubinGeneric::CollectGarbage:1177] Releasing resource 0x11021880220 (nv.ngx.dlssg.dlfg_resource)

[2026-10-03 23:07:42] [tid:2357368][NGXCubinGeneric::CollectGarbage:1177] Releasing resource 0x11023f48c00 (nv.ngx.dlssg.dlfg_network_resource)

[2026-10-03 23:07:42] [tid:2357368][NGXCubinGeneric::CollectGarbage:1177] Releasing resource 0x11023fbfdc0 (nv.ngx.dlssg.dlfg_resource)

[2026-10-03 23:07:42] [tid:2357368][NGXCubinGeneric::CollectGarbage:1177] Releasing resource 0x11023fc0750 (nv.ngx.dlssg.dlfg_resource)

[2026-10-03 23:07:42] [tid:2357368][NGXCubinGeneric::CollectGarbage:1177] Releasing resource 0x110242e9940 (nv.ngx.dlssg.dlfg_network_resource)

[2026-10-03 23:07:42] [tid:2357368][NGXCubinGeneric::CollectGarbage:1177] Releasing resource 0x11023fc10e0 (nv.ngx.dlssg.dlfg_resource)

[2026-10-03 23:07:42] [tid:2357368][NGXCubinGeneric::CollectGarbage:1177] Releasing resource 0x11023fc1a70 (nv.ngx.dlssg.dlfg_resource)

[2026-10-03 23:07:42] [tid:2357368][NGXCubinGeneric::CollectGarbage:1177] Releasing resource 0x11023fbeaa0 (nv.ngx.dlssg.dlfg_resource)

[2026-10-03 23:07:42] [tid:2357368][NGXCubinGeneric::CollectGarbage:1177] Releasing resource 0x11023fc2400 (nv.ngx.dlssg.dlfg_resource)

[2026-10-03 23:07:42] [tid:2357368][NGXCubinGeneric::CollectGarbage:1177] Releasing resource 0x11023fc40b0 (nv.ngx.dlssg.dlfg_resource)

[2026-10-03 23:07:42] [tid:2357368][NGXCubinGeneric::CollectGarbage:1177] Releasing resource 0x11023fc2d90 (nv.ngx.dlssg.dlfg_resource)

[2026-10-03 23:07:42] [tid:2357368][NGXCubinGeneric::CollectGarbage:1177] Releasing resource 0x1102188ffe0 (nv.ngx.dlssg.dlfg_network_resource)

[2026-10-03 23:07:42] [tid:2357368][NGXCubinGeneric::CollectGarbage:1177] Releasing resource 0x11021882f70 (nv.ngx.dlssg.dlfg_resource)

[2026-10-03 23:07:42] [tid:2357368][NGXCubinGeneric::CollectGarbage:1177] Releasing resource 0x11021882660 (nv.ngx.dlssg.dlfg_resource)

[2026-10-03 23:07:42] [tid:2357368][NGXCubinGeneric::CollectGarbage:1177] Releasing resource 0x11021883880 (nv.ngx.dlssg.dlfg_resource)

[2026-10-03 23:07:42] [tid:2357368][NGXCubinGeneric::CollectGarbage:1177] Releasing resource 0x110218877f0 (nv.ngx.dlssg.dlfg_resource)

[2026-10-03 23:07:42] [tid:2357368][NGXCubinGeneric::CollectGarbage:1177] Releasing resource 0x110218865d0 (nv.ngx.dlssg.dlfg_resource)

[2026-10-03 23:07:42] [tid:2357368][NGXCubinGeneric::CollectGarbage:1177] Releasing resource 0x11021885cc0 (nv.ngx.dlssg.dlfg_resource)

[2026-10-03 23:07:42] [tid:2357368][NGXCubinGeneric::CollectGarbage:1177] Releasing resource 0x11023fdb4a0 (nv.ngx.dlssg.dlfg_network_resource)

[2026-10-03 23:07:42] [tid:2357368][NGXCubinGeneric::CollectGarbage:1177] Releasing resource 0x11021884190 (nv.ngx.dlssg.dlfg_resource)

[2026-10-03 23:07:42] [tid:2357368][NGXCubinGeneric::CollectGarbage:1177] Releasing resource 0x11021888100 (nv.ngx.dlssg.dlfg_resource)

[2026-10-03 23:07:42] [tid:2357368][NGXCubinGeneric::CollectGarbage:1177] Releasing resource 0x11021884aa0 (nv.ngx.dlssg.dlfg_resource)

[2026-10-03 23:07:42] [tid:2357368][NGXCubinGeneric::CollectGarbage:1177] Releasing resource 0x11021888a10 (nv.ngx.dlssg.dlfg_resource)

[2026-10-03 23:07:42] [tid:2357368][NGXCubinGeneric::CollectGarbage:1177] Releasing resource 0x110218853b0 (nv.ngx.dlssg.dlfg_resource)

[2026-10-03 23:07:42] [tid:2357368][NGXCubinGeneric::CollectGarbage:1177] Releasing resource 0x1102188c070 (nv.ngx.dlssg.dlfg_resource)

[2026-10-03 23:07:42] [tid:2357368][NGXCubinGeneric::CollectGarbage:1177] Releasing resource 0x1102188a540 (nv.ngx.dlssg.dlfg_resource)

[2026-10-03 23:07:42] [tid:2357368][NGXCubinGeneric::CollectGarbage:1177] Releasing resource 0x1102188b760 (nv.ngx.dlssg.dlfg_resource)

[2026-10-03 23:07:42] [tid:2357368][NGXCubinGeneric::CollectGarbage:1177] Releasing resource 0x1102188c980 (nv.ngx.dlssg.dlfg_resource)

[2026-10-03 23:07:42] [tid:2357368][NGXCubinGeneric::CollectGarbage:1177] Releasing resource 0x110242ebd80 (nv.ngx.dlssg.dlfg_network_resource)

[2026-10-03 23:07:42] [tid:2357368][NGXCubinGeneric::CollectGarbage:1177] Releasing resource 0x1102188d290 (nv.ngx.dlssg.dlfg_resource)

[2026-10-03 23:07:42] [tid:2357368][NGXCubinGeneric::CollectGarbage:1177] Releasing resource 0x1102188ae50 (nv.ngx.dlssg.dlfg_resource)

[2026-10-03 23:07:42] [tid:2357368][NGXCubinGeneric::CollectGarbage:1177] Releasing resource 0x11021889c30 (nv.ngx.dlssg.dlfg_network_resource)

[2026-10-03 23:07:42] [tid:2357368][NGXCubinGeneric::CollectGarbage:1177] Releasing resource 0x11021891200 (nv.ngx.dlssg.dlfg_network_resource)

[2026-10-03 23:07:42] [tid:2357368][NGXCubinGeneric::CollectGarbage:1177] Releasing resource 0x1102188dba0 (nv.ngx.dlssg.dlfg_network_resource)

[2026-10-03 23:07:42] [tid:2357368][NGXCubinGeneric::CollectGarbage:1177] Releasing resource 0x1102188e4b0 (nv.ngx.dlssg.dlfg_network_resource)

[2026-10-03 23:07:42] [tid:2357368][NGXCubinGeneric::CollectGarbage:1177] Releasing resource 0x1102188f6d0 (nv.ngx.dlssg.dlfg_network_resource)

[2026-10-03 23:07:42] [tid:2357368][NGXCubinGeneric::CollectGarbage:1177] Releasing resource 0x1102188edc0 (nv.ngx.dlssg.dlfg_network_resource)

[2026-10-03 23:07:42] [tid:2357368][NGXCubinGeneric::CollectGarbage:1177] Releasing resource 0x11021893f50 (nv.ngx.dlssg.dlfg_network_resource)

[2026-10-03 23:07:42] [tid:2357368][NGXCubinGeneric::CollectGarbage:1177] Releasing resource 0x11021895170 (nv.ngx.dlssg.dlfg_network_resource)

[2026-10-03 23:07:42] [tid:2357368][NGXCubinGeneric::CollectGarbage:1177] Releasing resource 0x11021896ca0 (nv.ngx.dlssg.dlfg_network_resource)

[2026-10-03 23:07:42] [tid:2357368][NGXCubinGeneric::CollectGarbage:1177] Releasing resource 0x11023f5b710 (nv.ngx.dlssg.dlfg_network_resource)

[2026-10-03 23:07:42] [tid:2357368][NGXCubinGeneric::CollectGarbage:1177] Releasing resource 0x110218975b0 (nv.ngx.dlssg.dlfg_network_resource)

[2026-10-03 23:07:42] [tid:2357368][NGXCubinGeneric::CollectGarbage:1177] Releasing resource 0x110218987d0 (nv.ngx.dlssg.dlfg_network_resource)

[2026-10-03 23:07:42] [tid:2357368][NGXCubinGeneric::CollectGarbage:1177] Releasing resource 0x11023f467c0 (nv.ngx.dlssg.dlfg_network_resource)

[2026-10-03 23:07:42] [tid:2357368][NGXCubinGeneric::CollectGarbage:1177] Releasing resource 0x11023f479e0 (nv.ngx.dlssg.dlfg_network_resource)

[2026-10-03 23:07:42] [tid:2357368][NGXCubinGeneric::CollectGarbage:1177] Releasing resource 0x11023f4dd90 (nv.ngx.dlssg.dlfg_network_resource)

[2026-10-03 23:07:42] [tid:2357368][NGXCubinGeneric::CollectGarbage:1177] Releasing resource 0x11023f4d480 (nv.ngx.dlssg.dlfg_network_resource)

[2026-10-03 23:07:42] [tid:2357368][NGXCubinGeneric::CollectGarbage:1177] Releasing resource 0x11023fd23a0 (nv.ngx.dlssg.dlfg_network_resource)

[2026-10-03 23:07:42] [tid:2357368][NGXCubinGeneric::CollectGarbage:1177] Releasing resource 0x11023f4b040 (nv.ngx.dlssg.dlfg_network_resource)

[2026-10-03 23:07:42] [tid:2357368][NGXCubinGeneric::CollectGarbage:1177] Releasing resource 0x11023f4f8c0 (nv.ngx.dlssg.dlfg_network_resource)

[2026-10-03 23:07:42] [tid:2357368][NGXCubinGeneric::CollectGarbage:1177] Releasing resource 0x11023f52f20 (nv.ngx.dlssg.dlfg_network_resource)

[2026-10-03 23:07:42] [tid:2357368][NGXCubinGeneric::CollectGarbage:1177] Releasing resource 0x11023f51d00 (nv.ngx.dlssg.dlfg_network_resource)

[2026-10-03 23:07:42] [tid:2357368][NGXCubinGeneric::CollectGarbage:1177] Releasing resource 0x11023f53830 (nv.ngx.dlssg.dlfg_network_resource)

[2026-10-03 23:07:42] [tid:2357368][NGXCubinGeneric::CollectGarbage:1177] Releasing resource 0x11023f54140 (nv.ngx.dlssg.dlfg_network_resource)

[2026-10-03 23:07:42] [tid:2357368][NGXCubinGeneric::CollectGarbage:1177] Releasing resource 0x11023f54a50 (nv.ngx.dlssg.dlfg_network_resource)

[2026-10-03 23:07:42] [tid:2357368][NGXCubinGeneric::CollectGarbage:1177] Releasing resource 0x11023f577a0 (nv.ngx.dlssg.dlfg_network_resource)

[2026-10-03 23:07:42] [tid:2357368][NGXCubinGeneric::CollectGarbage:1177] Releasing resource 0x11023f56580 (nv.ngx.dlssg.dlfg_network_resource)

[2026-10-03 23:07:42] [tid:2357368][NGXCubinGeneric::CollectGarbage:1177] Releasing resource 0x11023f55360 (nv.ngx.dlssg.dlfg_network_resource)

[2026-10-03 23:07:42] [tid:2357368][NGXCubinGeneric::CollectGarbage:1177] Releasing resource 0x11023f55c70 (nv.ngx.dlssg.dlfg_network_resource)

[2026-10-03 23:07:42] [tid:2357368][NGXCubinGeneric::CollectGarbage:1177] Releasing resource 0x11023f5d240 (nv.ngx.dlssg.dlfg_network_resource)

[2026-10-03 23:07:42] [tid:2357368][NGXCubinGeneric::CollectGarbage:1177] Releasing resource 0x11023f59be0 (nv.ngx.dlssg.dlfg_network_resource)

[2026-10-03 23:07:42] [tid:2357368][NGXCubinGeneric::CollectGarbage:1177] Releasing resource 0x11023f5a4f0 (nv.ngx.dlssg.dlfg_network_resource)

[2026-10-03 23:07:42] [tid:2357368][NGXCubinGeneric::CollectGarbage:1177] Releasing resource 0x11023f61ac0 (nv.ngx.dlssg.dlfg_network_resource)

[2026-10-03 23:07:42] [tid:2357368][NGXCubinGeneric::CollectGarbage:1177] Releasing resource 0x11023f611b0 (nv.ngx.dlssg.dlfg_network_resource)

[2026-10-03 23:07:42] [tid:2357368][NGXCubinGeneric::CollectGarbage:1177] Releasing resource 0x11023f5e460 (nv.ngx.dlssg.dlfg_network_resource)

[2026-10-03 23:07:42] [tid:2357368][NGXCubinGeneric::CollectGarbage:1177] Releasing resource 0x11023f65120 (nv.ngx.dlssg.dlfg_network_resource)

[2026-10-03 23:07:42] [tid:2357368][NGXCubinGeneric::CollectGarbage:1177] Releasing resource 0x11023f63f00 (nv.ngx.dlssg.dlfg_network_resource)

[2026-10-03 23:07:42] [tid:2357368][NGXCubinGeneric::CollectGarbage:1177] Releasing resource 0x11023f65a30 (nv.ngx.dlssg.dlfg_network_resource)

[2026-10-03 23:07:42] [tid:2357368][NGXCubinGeneric::CollectGarbage:1177] Releasing resource 0x11023fc92a0 (nv.ngx.dlssg.dlfg_network_resource)

[2026-10-03 23:07:42] [tid:2357368][NGXCubinGeneric::CollectGarbage:1177] Releasing resource 0x11023fc8080 (nv.ngx.dlssg.dlfg_network_resource)

[2026-10-03 23:07:42] [tid:2357368][NGXCubinGeneric::CollectGarbage:1177] Releasing resource 0x11023fc9bb0 (nv.ngx.dlssg.dlfg_network_resource)

[2026-10-03 23:07:42] [tid:2357368][NGXCubinGeneric::CollectGarbage:1177] Releasing resource 0x110242e8720 (nv.ngx.dlssg.dlfg_network_resource)

[2026-10-03 23:07:42] [tid:2357368][NGXCubinGeneric::CollectGarbage:1177] Releasing resource 0x11023fcb6e0 (nv.ngx.dlssg.dlfg_network_resource)

[2026-10-03 23:07:42] [tid:2357368][NGXCubinGeneric::CollectGarbage:1177] Releasing resource 0x11023fcd210 (nv.ngx.dlssg.dlfg_network_resource)

[2026-10-03 23:07:42] [tid:2357368][NGXCubinGeneric::CollectGarbage:1177] Releasing resource 0x11023fce430 (nv.ngx.dlssg.dlfg_network_resource)

[2026-10-03 23:07:42] [tid:2357368][NGXCubinGeneric::CollectGarbage:1177] Releasing resource 0x11023fcf650 (nv.ngx.dlssg.dlfg_network_resource)

[2026-10-03 23:07:42] [tid:2357368][NGXCubinGeneric::CollectGarbage:1177] Releasing resource 0x11023fcff60 (nv.ngx.dlssg.dlfg_network_resource)

[2026-10-03 23:07:42] [tid:2357368][NGXCubinGeneric::CollectGarbage:1177] Releasing resource 0x11023fd35c0 (nv.ngx.dlssg.dlfg_network_resource)

[2026-10-03 23:07:42] [tid:2357368][NGXCubinGeneric::CollectGarbage:1177] Releasing resource 0x11023fdd8e0 (nv.ngx.dlssg.dlfg_network_resource)

[2026-10-03 23:07:42] [tid:2357368][NGXCubinGeneric::CollectGarbage:1177] Releasing resource 0x11023fd0870 (nv.ngx.dlssg.dlfg_network_resource)

[2026-10-03 23:07:42] [tid:2357368][NGXCubinGeneric::CollectGarbage:1177] Releasing resource 0x11023fd50f0 (nv.ngx.dlssg.dlfg_network_resource)

[2026-10-03 23:07:42] [tid:2357368][NGXCubinGeneric::CollectGarbage:1177] Releasing resource 0x11023fd47e0 (nv.ngx.dlssg.dlfg_network_resource)

[2026-10-03 23:07:42] [tid:2357368][NGXCubinGeneric::CollectGarbage:1177] Releasing resource 0x11023fd6310 (nv.ngx.dlssg.dlfg_network_resource)

[2026-10-03 23:07:42] [tid:2357368][NGXCubinGeneric::CollectGarbage:1177] Releasing resource 0x11023fd9060 (nv.ngx.dlssg.dlfg_network_resource)

[2026-10-03 23:07:42] [tid:2357368][NGXCubinGeneric::CollectGarbage:1177] Releasing resource 0x11023fdc6c0 (nv.ngx.dlssg.dlfg_network_resource)

[2026-10-03 23:07:42] [tid:2357368][NGXCubinGeneric::CollectGarbage:1177] Releasing resource 0x11023fdab90 (nv.ngx.dlssg.dlfg_network_resource)

[2026-10-03 23:07:42] [tid:2357368][NGXCubinGeneric::CollectGarbage:1177] Releasing resource 0x11023fdfd20 (nv.ngx.dlssg.dlfg_network_resource)

[2026-10-03 23:07:42] [tid:2357368][NGXCubinGeneric::CollectGarbage:1177] Releasing resource 0x11023fdf410 (nv.ngx.dlssg.dlfg_network_resource)

[2026-10-03 23:07:42] [tid:2357368][NGXCubinGeneric::CollectGarbage:1177] Releasing resource 0x11023fe2160 (nv.ngx.dlssg.dlfg_network_resource)

[2026-10-03 23:07:42] [tid:2357368][NGXCubinGeneric::CollectGarbage:1177] Releasing resource 0x11023fe1850 (nv.ngx.dlssg.dlfg_network_resource)

[2026-10-03 23:07:42] [tid:2357368][NGXCubinGeneric::CollectGarbage:1177] Releasing resource 0x11023fe0f40 (nv.ngx.dlssg.dlfg_network_resource)

[2026-10-03 23:07:42] [tid:2357368][NGXCubinGeneric::CollectGarbage:1177] Releasing resource 0x11023fe4eb0 (nv.ngx.dlssg.dlfg_network_resource)

[2026-10-03 23:07:42] [tid:2357368][NGXCubinGeneric::CollectGarbage:1177] Releasing resource 0x110242eab60 (nv.ngx.dlssg.dlfg_network_resource)

[2026-10-03 23:07:42] [tid:2357368][NGXCubinGeneric::CollectGarbage:1177] Releasing resource 0x110242ee1c0 (nv.ngx.dlssg.dlfg_network_resource)

[2026-10-03 23:07:42] [tid:2357368][NGXCubinGeneric::CollectGarbage:1177] Releasing resource 0x110242ecfa0 (nv.ngx.dlssg.dlfg_network_resource)

[2026-10-03 23:07:42] [tid:2357368][NGXCubinGeneric::Shutdown:281] Delayed destroy resource list count 0

[2026-10-03 23:07:42] [NGXStoreCallToReleaseFeature:1714] Stored release feature dlssg handle 1

[2026-10-03 23:07:42] [tid:2357368][NGXCubinGeneric::Shutdown:281] Delayed destroy resource list count 0

[2026-10-03 23:07:42] [NGXSendTelemetryShutdownData:958] Sending Telemetry Shutdown Data

