[2026-10-05 22:39:10] [NGXSafeInitializeLog:150] App logging hooks successfully initialized

[2026-10-05 22:39:10] [NGXLoadLibrary:332] error: failed to load NGXCore: 126 (D:\ProjectDllsss\experiments\hybrid-mfg-x4-mv-contract\build\_nvngx.dll)

[2026-10-05 22:39:10] [NGXLoadLibrary:332] error: failed to load NGXCore: 126 (D:\ProjectDllsss\experiments\hybrid-mfg-x4-mv-contract\build\nvngx.dll)

[2026-10-05 22:39:10] [NGXLoadCoreLibrary:253] NGXCore not found next to the application

[2026-10-05 22:39:10] [NGXGetPathUsingQAI:69] Checking for path to NGX using QueryAdapterInfo

[2026-10-05 22:39:10] [NGXGetPathUsingQAI:153] Attempting to read from Parameters\NGXCore\NGXPath

[2026-10-05 22:39:10] [NGXGetPathUsingQAI:177] Path to driverStore found using QAI: C:\WINDOWS\System32\DriverStore\FileRepository\nvlti.inf_amd64_af02d12a5c2283af

[2026-10-05 22:39:10] [NGXLoadLibrary:328] Loaded NGXCore from path (C:\WINDOWS\System32\DriverStore\FileRepository\nvlti.inf_amd64_af02d12a5c2283af\_nvngx.dll)

[2026-10-05 22:39:10] [NGXLoadCoreLibrary:285] Loading C:\WINDOWS\System32\DriverStore\FileRepository\nvlti.inf_amd64_af02d12a5c2283af\_nvngx.dll succeeded

[2026-10-05 22:39:11] [NGXSafeInitializeLog:133] App logging hooks successfully initialized

[2026-10-05 22:39:11] [NGXCheckArchitectureSupport:229] Found matching adapter with NVAPI physical GPU handle: 0x100 and LUID: { 0x0, 0x1294c }

[2026-10-05 22:39:11] [NGXGetPathUsingQAI:475] Checking for path to NGX using QueryAdapterInfo

[2026-10-05 22:39:11] [NGXGetPathUsingQAI:512] Path to driverStore found using QAI: C:\WINDOWS\System32\DriverStore\FileRepository\nvlti.inf_amd64_af02d12a5c2283af

[2026-10-05 22:39:11] [NGXGetPath:1045] using path for models: C:\ProgramData\NVIDIA\NGX\models

[2026-10-05 22:39:11] [NGXGetPath:1045] using path for models: C:\ProgramData\NVIDIA\NGX\models

[2026-10-05 22:39:11] [CreateSecurityDescriptor:94] security attributes generated successfully

[2026-10-05 22:39:11] [CreateFolderWithACEs:154] using generated security descriptor for creating folder at: C:\ProgramData\NVIDIA\NGX\models

[2026-10-05 22:39:11] [ModifyExistingFolderDACL:211] updated access control list for NGX cache (NGX cache should now be usable by all authenticated users)

[2026-10-05 22:39:11] [NGXCreateModelsFolder:1072] model folder created: C:\ProgramData\NVIDIA\NGX\models

[2026-10-05 22:39:11] [NGXLoadConfig:1144] [dlss]

[2026-10-05 22:39:11] [NGXLoadConfig:1150] app_B9FEB50=1.0.108

[2026-10-05 22:39:11] [NGXLoadConfig:1150] app_B9FF4BC=1.0.108

[2026-10-05 22:39:11] [NGXLoadConfig:1150] app_B9FD524=1.0.108

[2026-10-05 22:39:11] [NGXLoadConfig:1150] app_B9DF510=1.3.106

[2026-10-05 22:39:11] [NGXLoadConfig:1150] app_B9CB0B8=1.0.108

[2026-10-05 22:39:11] [NGXLoadConfig:1150] app_B9E26B0=2.1.28

[2026-10-05 22:39:11] [NGXLoadConfig:1150] app_B9D48D0=1.0.108

[2026-10-05 22:39:11] [NGXLoadConfig:1150] app_E99B5EC=1.2.109

[2026-10-05 22:39:11] [NGXLoadConfig:1150] app_B9DFA64=1.0.108

[2026-10-05 22:39:11] [NGXLoadConfig:1150] app_B9FD6C0=1.0.108

[2026-10-05 22:39:11] [NGXLoadConfig:1150] app_B9CF688=2.2.15

[2026-10-05 22:39:11] [NGXLoadConfig:1150] app_B9D6F08=1.0.108

[2026-10-05 22:39:11] [NGXLoadConfig:1150] app_B9BF564=2.1.201

[2026-10-05 22:39:11] [NGXLoadConfig:1150] app_B9DB4F4=1.0.108

[2026-10-05 22:39:11] [NGXLoadConfig:1150] app_B9D2F5C=1.2.110

[2026-10-05 22:39:11] [NGXLoadConfig:1150] app_B9D7388=1.0.108

[2026-10-05 22:39:11] [NGXLoadConfig:1150] app_B9F5618=2.1.29

[2026-10-05 22:39:11] [NGXLoadConfig:1150] app_B9DAE68=1.2.109

[2026-10-05 22:39:11] [NGXLoadConfig:1150] app_B9D8C54=1.2.109

[2026-10-05 22:39:11] [NGXLoadConfig:1150] app_B9D3EF0=2.1.28

[2026-10-05 22:39:11] [NGXLoadConfig:1150] app_B9FACDC=2.1.201

[2026-10-05 22:39:11] [NGXLoadConfig:1150] app_F7361DC=2.1.28

[2026-10-05 22:39:11] [NGXLoadConfig:1150] app_B9C3560=2.1.201

[2026-10-05 22:39:11] [NGXLoadConfig:1150] app_B9B0430=2.1.28

[2026-10-05 22:39:11] [NGXLoadConfig:1150] app_E658702=0.0.0

[2026-10-05 22:39:11] [NGXLoadConfig:1150] app_E658701=0.0.0

[2026-10-05 22:39:11] [NGXLoadConfig:1150] app_E658700=310.9.0

[2026-10-05 22:39:11] [NGXLoadConfig:1150] app_B9393FC=2.1.201

[2026-10-05 22:39:11] [NGXLoadConfig:1144] [dlisp]

[2026-10-05 22:39:11] [NGXLoadConfig:1150] app_B9CF688=2.1.15

[2026-10-05 22:39:11] [NGXLoadConfig:1150] app_E99B5EC=1.2.102

[2026-10-05 22:39:11] [NGXLoadConfig:1150] app_E658703=310.0.0

[2026-10-05 22:39:11] [NGXLoadConfig:1150] app_B9D8C54=1.2.106

[2026-10-05 22:39:11] [NGXLoadConfig:1150] app_B9D2F5C=1.2.106

[2026-10-05 22:39:11] [NGXLoadConfig:1150] app_B9DF510=1.3.101

[2026-10-05 22:39:11] [NGXLoadConfig:1150] app_B9DAE68=1.2.106

[2026-10-05 22:39:11] [NGXLoadConfig:1144] [sl_sdk_0]

[2026-10-05 22:39:11] [NGXLoadConfig:1150] app_E658703=2.14.0

[2026-10-05 22:39:11] [NGXLoadConfig:1144] [sl_common_0]

[2026-10-05 22:39:11] [NGXLoadConfig:1150] app_E658703=2.14.0

[2026-10-05 22:39:11] [NGXLoadConfig:1144] [sl_deepdvc_0]

[2026-10-05 22:39:11] [NGXLoadConfig:1150] app_E658703=2.14.0

[2026-10-05 22:39:11] [NGXLoadConfig:1144] [sl_dlss_0]

[2026-10-05 22:39:11] [NGXLoadConfig:1150] app_E658703=2.14.0

[2026-10-05 22:39:11] [NGXLoadConfig:1144] [sl_dlss_d_0]

[2026-10-05 22:39:11] [NGXLoadConfig:1150] app_E658703=2.14.0

[2026-10-05 22:39:11] [NGXLoadConfig:1144] [sl_dlss_g_0]

[2026-10-05 22:39:11] [NGXLoadConfig:1150] app_E658703=2.14.0

[2026-10-05 22:39:11] [NGXLoadConfig:1144] [sl_nis_0]

[2026-10-05 22:39:11] [NGXLoadConfig:1150] app_E658703=2.14.0

[2026-10-05 22:39:11] [NGXLoadConfig:1144] [sl_deepdvc_override_0]

[2026-10-05 22:39:11] [NGXLoadConfig:1150] app_E658700=2.14.0

[2026-10-05 22:39:11] [NGXLoadConfig:1144] [sl_nvperf_0]

[2026-10-05 22:39:11] [NGXLoadConfig:1150] app_E658703=2.14.0

[2026-10-05 22:39:11] [NGXLoadConfig:1144] [sl_pcl_0]

[2026-10-05 22:39:11] [NGXLoadConfig:1150] app_E658703=2.14.0

[2026-10-05 22:39:11] [NGXLoadConfig:1144] [sl_reflex_0]

[2026-10-05 22:39:11] [NGXLoadConfig:1150] app_E658703=2.14.0

[2026-10-05 22:39:11] [NGXLoadConfig:1144] [dlss_override]

[2026-10-05 22:39:11] [NGXLoadConfig:1150] app_E658700=310.9.0

[2026-10-05 22:39:11] [NGXLoadConfig:1144] [dlssd]

[2026-10-05 22:39:11] [NGXLoadConfig:1150] app_E658700=310.9.0

[2026-10-05 22:39:11] [NGXLoadConfig:1144] [dlssg]

[2026-10-05 22:39:11] [NGXLoadConfig:1150] app_E658700=310.9.0

[2026-10-05 22:39:11] [NGXLoadConfig:1144] [sl_sdk_override_0]

[2026-10-05 22:39:11] [NGXLoadConfig:1150] app_E658700=2.14.0

[2026-10-05 22:39:11] [NGXLoadConfig:1144] [sl_dlss_g_override_0]

[2026-10-05 22:39:11] [NGXLoadConfig:1150] app_E658700=2.14.0

[2026-10-05 22:39:11] [NGXLoadConfig:1144] [sl_common_override_0]

[2026-10-05 22:39:11] [NGXLoadConfig:1150] app_E658700=2.14.0

[2026-10-05 22:39:11] [NGXLoadConfig:1144] [sl_dlss_override_0]

[2026-10-05 22:39:11] [NGXLoadConfig:1150] app_E658700=2.14.0

[2026-10-05 22:39:11] [NGXLoadConfig:1144] [sl_nis_override_0]

[2026-10-05 22:39:11] [NGXLoadConfig:1150] app_E658700=2.14.0

[2026-10-05 22:39:11] [NGXLoadConfig:1144] [sl_dlss_d_override_0]

[2026-10-05 22:39:11] [NGXLoadConfig:1150] app_E658700=2.14.0

[2026-10-05 22:39:11] [NGXLoadConfig:1144] [sl_nvperf_override_0]

[2026-10-05 22:39:11] [NGXLoadConfig:1150] app_E658700=2.14.0

[2026-10-05 22:39:11] [NGXLoadConfig:1144] [sl_pcl_override_0]

[2026-10-05 22:39:11] [NGXLoadConfig:1150] app_E658700=2.14.0

[2026-10-05 22:39:11] [NGXLoadConfig:1144] [sl_reflex_override_0]

[2026-10-05 22:39:11] [NGXLoadConfig:1150] app_E658700=2.14.0

[2026-10-05 22:39:11] [`anonymous-namespace'::LoadMappingFileData:268] listItem.engineVersion .* listItem.genericCMSId 86aa7b4

[2026-10-05 22:39:11] [`anonymous-namespace'::LoadMappingFileData:282]  project id 3F9D696D4363312194B0ECB2671E899F cms id B9FBD50

[2026-10-05 22:39:11] [`anonymous-namespace'::LoadMappingFileData:268] listItem.engineVersion .* listItem.genericCMSId 8618954

[2026-10-05 22:39:11] [`anonymous-namespace'::LoadMappingFileData:268] listItem.engineVersion .* listItem.genericCMSId b9b05cc

[2026-10-05 22:39:11] [`anonymous-namespace'::LoadMappingFileData:268] listItem.engineVersion .* listItem.genericCMSId 876232c

[2026-10-05 22:39:11] [MapProjectId:1905] Found cms id 876232c for engine: custom engineVersion 1.0.0 projectID 3e6891d2-09ac-4f54-ae8d-f481c3150d4b

[2026-10-05 22:39:11] [NGXDRSInit:327] NvAPI_DRS_FindApplicationByName -166

[2026-10-05 22:39:11] [NGXInitContext:245] called from module hybrid_mfg_x4_mv_contract.exe at D:\ProjectDllsss\experiments\hybrid-mfg-x4-mv-contract\build

[2026-10-05 22:39:11] [NGXLoadConfig:1144] [streamline-ota]

[2026-10-05 22:39:11] [NGXLoadConfig:1150] app_84D32F0=1

[2026-10-05 22:39:11] [NGXContextDenyListData::IsFeatureDenied:669] Feature dldenoiser, denial value 0 for Cms ID 876232c

[2026-10-05 22:39:11] [`anonymous-namespace'::SnippetLocationInfo::load:695] NGXLoadFromPath failed: -1160773628

[2026-10-05 22:39:11] [`anonymous-namespace'::SnippetLocationInfo::load:695] NGXLoadFromPath failed: -1160773628

[2026-10-05 22:39:11] [NGXSecureLoadFeature:1231] warning: ModuleName - nvngx_dldenoiser.dll doesn't exist in any of the search paths!

[2026-10-05 22:39:11] [NGXReportStatusFeedback:1060] Override shared memory was opened successfully

[2026-10-05 22:39:11] [NGXReportStatusFeedback:1072] Override shared memory was mapped successfully

[2026-10-05 22:39:11] [NGXReportStatusFeedback:1101] Override feedback found available slot 0

[2026-10-05 22:39:11] [NGXContextDenyListData::IsFeatureDenied:669] Feature dlss, denial value 0 for Cms ID 876232c

[2026-10-05 22:39:11] [`anonymous-namespace'::SnippetLocationInfo::load:695] NGXLoadFromPath failed: -1160773628

[2026-10-05 22:39:11] [`anonymous-namespace'::SnippetLocationInfo::load:695] NGXLoadFromPath failed: -1160773628

[2026-10-05 22:39:11] [NGXSecureLoadFeature:1231] warning: ModuleName - nvngx_dlss.dll doesn't exist in any of the search paths!

[2026-10-05 22:39:11] [NGXContextDenyListData::IsFeatureDenied:669] Feature dlinpainting, denial value 0 for Cms ID 876232c

[2026-10-05 22:39:11] [`anonymous-namespace'::SnippetLocationInfo::load:695] NGXLoadFromPath failed: -1160773628

[2026-10-05 22:39:11] [`anonymous-namespace'::SnippetLocationInfo::load:695] NGXLoadFromPath failed: -1160773628

[2026-10-05 22:39:11] [NGXSecureLoadFeature:1231] warning: ModuleName - nvngx_dlinpainting.dll doesn't exist in any of the search paths!

[2026-10-05 22:39:11] [NGXContextDenyListData::IsFeatureDenied:669] Feature dlisr, denial value 0 for Cms ID 876232c

[2026-10-05 22:39:11] [`anonymous-namespace'::SnippetLocationInfo::load:695] NGXLoadFromPath failed: -1160773628

[2026-10-05 22:39:11] [`anonymous-namespace'::SnippetLocationInfo::load:695] NGXLoadFromPath failed: -1160773628

[2026-10-05 22:39:11] [NGXSecureLoadFeature:1231] warning: ModuleName - nvngx_dlisr.dll doesn't exist in any of the search paths!

[2026-10-05 22:39:11] [NGXContextDenyListData::IsFeatureDenied:669] Feature dlslowmo, denial value 0 for Cms ID 876232c

[2026-10-05 22:39:11] [`anonymous-namespace'::SnippetLocationInfo::load:695] NGXLoadFromPath failed: -1160773628

[2026-10-05 22:39:11] [`anonymous-namespace'::SnippetLocationInfo::load:695] NGXLoadFromPath failed: -1160773628

[2026-10-05 22:39:11] [NGXSecureLoadFeature:1231] warning: ModuleName - nvngx_dlslowmo.dll doesn't exist in any of the search paths!

[2026-10-05 22:39:11] [NGXContextDenyListData::IsFeatureDenied:669] Feature dlvsr, denial value 0 for Cms ID 876232c

[2026-10-05 22:39:11] [`anonymous-namespace'::SnippetLocationInfo::load:695] NGXLoadFromPath failed: -1160773628

[2026-10-05 22:39:11] [`anonymous-namespace'::SnippetLocationInfo::load:695] NGXLoadFromPath failed: -1160773628

[2026-10-05 22:39:11] [NGXSecureLoadFeature:1231] warning: ModuleName - nvngx_dlvsr.dll doesn't exist in any of the search paths!

[2026-10-05 22:39:11] [NGXContextDenyListData::IsFeatureDenied:669] Feature dlcolorize, denial value 0 for Cms ID 876232c

[2026-10-05 22:39:11] [`anonymous-namespace'::SnippetLocationInfo::load:695] NGXLoadFromPath failed: -1160773628

[2026-10-05 22:39:11] [`anonymous-namespace'::SnippetLocationInfo::load:695] NGXLoadFromPath failed: -1160773628

[2026-10-05 22:39:11] [NGXSecureLoadFeature:1231] warning: ModuleName - nvngx_dlcolorize.dll doesn't exist in any of the search paths!

[2026-10-05 22:39:11] [NGXContextDenyListData::IsFeatureDenied:669] Feature dlstyletransfer, denial value 0 for Cms ID 876232c

[2026-10-05 22:39:11] [`anonymous-namespace'::SnippetLocationInfo::load:695] NGXLoadFromPath failed: -1160773628

[2026-10-05 22:39:11] [`anonymous-namespace'::SnippetLocationInfo::load:695] NGXLoadFromPath failed: -1160773628

[2026-10-05 22:39:11] [NGXSecureLoadFeature:1231] warning: ModuleName - nvngx_dlstyletransfer.dll doesn't exist in any of the search paths!

[2026-10-05 22:39:11] [NGXContextDenyListData::IsFeatureDenied:669] Feature dlvdenoiser, denial value 0 for Cms ID 876232c

[2026-10-05 22:39:11] [`anonymous-namespace'::SnippetLocationInfo::load:695] NGXLoadFromPath failed: -1160773628

[2026-10-05 22:39:11] [`anonymous-namespace'::SnippetLocationInfo::load:695] NGXLoadFromPath failed: -1160773628

[2026-10-05 22:39:11] [NGXSecureLoadFeature:1231] warning: ModuleName - nvngx_dlvdenoiser.dll doesn't exist in any of the search paths!

[2026-10-05 22:39:11] [NGXContextDenyListData::IsFeatureDenied:669] Feature dlisp, denial value 0 for Cms ID 876232c

[2026-10-05 22:39:11] [`anonymous-namespace'::SnippetLocationInfo::load:695] NGXLoadFromPath failed: -1160773628

[2026-10-05 22:39:11] [`anonymous-namespace'::SnippetLocationInfo::load:695] NGXLoadFromPath failed: -1160773628

[2026-10-05 22:39:11] [NGXSecureLoadFeature:1231] warning: ModuleName - nvngx_dlisp.dll doesn't exist in any of the search paths!

[2026-10-05 22:39:11] [NGXContextDenyListData::IsFeatureDenied:669] Feature dlresolve, denial value 0 for Cms ID 876232c

[2026-10-05 22:39:11] [`anonymous-namespace'::SnippetLocationInfo::load:695] NGXLoadFromPath failed: -1160773628

[2026-10-05 22:39:11] [`anonymous-namespace'::SnippetLocationInfo::load:695] NGXLoadFromPath failed: -1160773628

[2026-10-05 22:39:11] [NGXSecureLoadFeature:1231] warning: ModuleName - nvngx_dlresolve.dll doesn't exist in any of the search paths!

[2026-10-05 22:39:11] [NGXContextDenyListData::IsFeatureDenied:669] Feature dlssg, denial value 0 for Cms ID 876232c

[2026-10-05 22:39:11] [NGXLoadLibrary:34] Loaded NGXCore from path (D:\ProjectDllsss\experiments\ngx-dlssg-probe\vendor/nvngx_dlssg.dll)

[2026-10-05 22:39:11] [NGXValidateSnippetMetaData:1509] Validating snippet D:\ProjectDllsss\experiments\ngx-dlssg-probe\vendor/nvngx_dlssg.dll

[2026-10-05 22:39:11] [NGXValidateSnippetMetaData:1511] NGX CORE API version : 0x15, Snippet requires at least : 0x13

[2026-10-05 22:39:11] [NGXValidateSnippetMetaData:1515] GPU architecture : 0x170, Snippet expects at least : 0x170

[2026-10-05 22:39:11] [NGXValidateSnippetMetaData:1530] Driver support flags : 0xF(SEAMLESS_OTA|LINUX_EXTENDED_DRIVER_VERSIONS|API_SPECIFIC_POPULATE_PARAMS|REQUIRE_CMSID), Snippet required flags : 0x0()

[2026-10-05 22:39:11] [NGXValidateSnippetMetaData:1558] Driver version : 596.49, Snippet expects at least : 520.0

[2026-10-05 22:39:11] [NGXValidateSnippetMetaData:1585] Snippet version : 310.9.1, Embedded app Id : E658703 (0)

[2026-10-05 22:39:11] [`anonymous-namespace'::SnippetLocationInfo::load:695] NGXLoadFromPath failed: -1160773628

[2026-10-05 22:39:11] [NGXSecureLoadFeature:1329] Feature dlssg failed to load (cmsid 141959980) from cache (location: C:\ProgramData\NVIDIA\NGX\models\dlssg\versions\0\files, name: 160_876232C.bin)

[2026-10-05 22:39:11] [LaunchNGXUpdater:342] starting C:\WINDOWS\System32\DriverStore\FileRepository\nvlti.inf_amd64_af02d12a5c2283af\nvngx_update.exe with command line - C:\WINDOWS\System32\DriverStore\FileRepository\nvlti.inf_amd64_af02d12a5c2283af\nvngx_update.exe -api update -cmsid 101950511 -feature dlssg -bootstrap  -gpuarch 352

[2026-10-05 22:39:11] [LaunchNGXUpdater:343] process for NGX Updater created successfully

[2026-10-05 22:39:11] [`anonymous-namespace'::SnippetLocationInfo::load:695] NGXLoadFromPath failed: -1160773628

[2026-10-05 22:39:11] [NGXSecureLoadFeature:1329] Feature dlssg failed to load (cmsid 241534723) from cache (location: C:\ProgramData\NVIDIA\NGX\models\dlssg\versions\0\files, name: 160_E658703.bin)

[2026-10-05 22:39:11] [LaunchNGXUpdater:342] starting C:\WINDOWS\System32\DriverStore\FileRepository\nvlti.inf_amd64_af02d12a5c2283af\nvngx_update.exe with command line - C:\WINDOWS\System32\DriverStore\FileRepository\nvlti.inf_amd64_af02d12a5c2283af\nvngx_update.exe -api update -cmsid 0 -feature dlssg -bootstrap  -gpuarch 352

[2026-10-05 22:39:11] [LaunchNGXUpdater:343] process for NGX Updater created successfully

[2026-10-05 22:39:11] [LaunchNGXUpdater:342] starting C:\WINDOWS\System32\DriverStore\FileRepository\nvlti.inf_amd64_af02d12a5c2283af\nvngx_update.exe with command line - C:\WINDOWS\System32\DriverStore\FileRepository\nvlti.inf_amd64_af02d12a5c2283af\nvngx_update.exe -api update -cmsid 1 -feature dlssg -bootstrap  -gpuarch 352

[2026-10-05 22:39:11] [LaunchNGXUpdater:343] process for NGX Updater created successfully

[2026-10-05 22:39:11] [LaunchNGXUpdater:342] starting C:\WINDOWS\System32\DriverStore\FileRepository\nvlti.inf_amd64_af02d12a5c2283af\nvngx_update.exe with command line - C:\WINDOWS\System32\DriverStore\FileRepository\nvlti.inf_amd64_af02d12a5c2283af\nvngx_update.exe -api update -cmsid 2 -feature dlssg -bootstrap  -gpuarch 352

[2026-10-05 22:39:11] [LaunchNGXUpdater:343] process for NGX Updater created successfully

[2026-10-05 22:39:12] [LaunchNGXUpdater:342] starting C:\WINDOWS\System32\DriverStore\FileRepository\nvlti.inf_amd64_af02d12a5c2283af\nvngx_update.exe with command line - C:\WINDOWS\System32\DriverStore\FileRepository\nvlti.inf_amd64_af02d12a5c2283af\nvngx_update.exe -api update -cmsid 3 -feature dlssg -bootstrap  -gpuarch 352

[2026-10-05 22:39:12] [LaunchNGXUpdater:343] process for NGX Updater created successfully

[2026-10-05 22:39:12] [NGXLoadLibrary:34] Loaded NGXCore from path (C:\WINDOWS\System32\DriverStore\FileRepository\nvlti.inf_amd64_af02d12a5c2283af/nvngx_dlssg.dll)

[2026-10-05 22:39:12] [NGXValidateSnippetMetaData:1509] Validating snippet C:\WINDOWS\System32\DriverStore\FileRepository\nvlti.inf_amd64_af02d12a5c2283af/nvngx_dlssg.dll

[2026-10-05 22:39:12] [NGXValidateSnippetMetaData:1511] NGX CORE API version : 0x15, Snippet requires at least : 0x13

[2026-10-05 22:39:12] [NGXValidateSnippetMetaData:1515] GPU architecture : 0x170, Snippet expects at least : 0x170

[2026-10-05 22:39:12] [NGXValidateSnippetMetaData:1530] Driver support flags : 0xF(SEAMLESS_OTA|LINUX_EXTENDED_DRIVER_VERSIONS|API_SPECIFIC_POPULATE_PARAMS|REQUIRE_CMSID), Snippet required flags : 0x0()

[2026-10-05 22:39:12] [NGXValidateSnippetMetaData:1558] Driver version : 596.49, Snippet expects at least : 520.0

[2026-10-05 22:39:12] [NGXValidateSnippetMetaData:1585] Snippet version : 310.9.1, Embedded app Id : E658703 (0)

[2026-10-05 22:39:12] [NGXSecureLoadFeature:1366] Found dlssg driver fallback snippet at C:\WINDOWS\System32\DriverStore\FileRepository\nvlti.inf_amd64_af02d12a5c2283af

[2026-10-05 22:39:12] [NGXSecureLoadFeature:1445] app 876232C feature dlssg snippet: D:\ProjectDllsss\experiments\ngx-dlssg-probe\vendor/nvngx_dlssg.dll version: 310.9.1

[2026-10-05 22:39:12] [NGXLoadFeature:1527] Setting telemetry callback for dlssg [schema 3.0+]

[2026-10-05 22:39:12] [NGXLoadFeature:1532] Setting override status callback for dlssg

[2026-10-05 22:39:12] [NGXContextDenyListData::IsFeatureDenied:669] Feature deepdvc, denial value 0 for Cms ID 876232c

[2026-10-05 22:39:12] [`anonymous-namespace'::SnippetLocationInfo::load:695] NGXLoadFromPath failed: -1160773628

[2026-10-05 22:39:12] [`anonymous-namespace'::SnippetLocationInfo::load:695] NGXLoadFromPath failed: -1160773628

[2026-10-05 22:39:12] [NGXSecureLoadFeature:1231] warning: ModuleName - nvngx_deepdvc.dll doesn't exist in any of the search paths!

[2026-10-05 22:39:12] [NGXContextDenyListData::IsFeatureDenied:669] Feature dlssd, denial value 0 for Cms ID 876232c

[2026-10-05 22:39:12] [`anonymous-namespace'::SnippetLocationInfo::load:695] NGXLoadFromPath failed: -1160773628

[2026-10-05 22:39:12] [`anonymous-namespace'::SnippetLocationInfo::load:695] NGXLoadFromPath failed: -1160773628

[2026-10-05 22:39:12] [NGXSecureLoadFeature:1231] warning: ModuleName - nvngx_dlssd.dll doesn't exist in any of the search paths!

[2026-10-05 22:39:12] [NGXContextDenyListData::IsFeatureDenied:669] Feature truehdr, denial value 0 for Cms ID 876232c

[2026-10-05 22:39:12] [`anonymous-namespace'::SnippetLocationInfo::load:695] NGXLoadFromPath failed: -1160773628

[2026-10-05 22:39:12] [`anonymous-namespace'::SnippetLocationInfo::load:695] NGXLoadFromPath failed: -1160773628

[2026-10-05 22:39:12] [NGXSecureLoadFeature:1231] warning: ModuleName - nvngx_truehdr.dll doesn't exist in any of the search paths!

[2026-10-05 22:39:12] [NGXContextDenyListData::IsFeatureDenied:669] Feature latewarp, denial value 0 for Cms ID 876232c

[2026-10-05 22:39:12] [`anonymous-namespace'::SnippetLocationInfo::load:695] NGXLoadFromPath failed: -1160773628

[2026-10-05 22:39:12] [`anonymous-namespace'::SnippetLocationInfo::load:695] NGXLoadFromPath failed: -1160773628

[2026-10-05 22:39:12] [NGXSecureLoadFeature:1231] warning: ModuleName - nvngx_latewarp.dll doesn't exist in any of the search paths!

[2026-10-05 22:39:12] [NGXContextDenyListData::IsFeatureDenied:669] Feature vsr, denial value 0 for Cms ID 876232c

[2026-10-05 22:39:12] [`anonymous-namespace'::SnippetLocationInfo::load:695] NGXLoadFromPath failed: -1160773628

[2026-10-05 22:39:12] [`anonymous-namespace'::SnippetLocationInfo::load:695] NGXLoadFromPath failed: -1160773628

[2026-10-05 22:39:12] [NGXSecureLoadFeature:1231] warning: ModuleName - nvngx_vsr.dll doesn't exist in any of the search paths!

[2026-10-05 22:39:12] [NGXContextDenyListData::IsFeatureDenied:669] Feature fgx, denial value 0 for Cms ID 876232c

[2026-10-05 22:39:12] [`anonymous-namespace'::SnippetLocationInfo::load:695] NGXLoadFromPath failed: -1160773628

[2026-10-05 22:39:12] [`anonymous-namespace'::SnippetLocationInfo::load:695] NGXLoadFromPath failed: -1160773628

[2026-10-05 22:39:12] [NGXSecureLoadFeature:1231] warning: ModuleName - nvngx_fgx.dll doesn't exist in any of the search paths!

[2026-10-05 22:39:12] [tid:1188488][NGXInitLog:208] App logging hooks successfully initialized

[2026-10-05 22:39:12] [tid:1188488][NGXInitLog:214] Build v310.9.1 CL 38868064

[2026-10-05 22:39:12] [tid:1188488][NGXInitLog:216] Built with APP_NAME = endpoint

[2026-10-05 22:39:12] [tid:1188488][NGXInitLog:226] Loaded from path "D:\ProjectDllsss\logs\research\hybrid-mfg-x4-mv-contract\bundle-cache\f041be503d3fe093468a799be4e6e15cbbb91fdde5aa3a1b9bef8985a18057b7/nvngx_dlssg.dll" by hybrid_mfg_x4_mv_contract.exe

[2026-10-05 22:39:12] [tid:1188488][DLSSGDRSKeys::ReadValuesFromDRSImpl:78] Finished loading values from DRS

[2026-10-05 22:39:12] [tid:1188488][NGXCubinD3D12::Init:135] Enabling texmode_raw

[2026-10-05 22:39:12] [tid:1188488][NGXCubinD3D12::Init:147] Enabling CuModule kernel path (load fatbin once, resolve entry points)

[2026-10-05 22:39:12] [tid:1188488][NGXCubinD3D12::Init:152] Build - PRODUCTION

[2026-10-05 22:39:12] [tid:1188488][NGXCubinD3D12::Init:156] GPU nodes 1 - visible node mask 1

[2026-10-05 22:39:12] [tid:1188488][NGXCubinKernelMap::InitCubins:42] Loading NGXCubin kernels

[2026-10-05 22:39:12] [tid:1188488][NGXCubinGeneric::SetGPUArch:473] m_gpuArch = 0x170

[2026-10-05 22:39:12] [tid:1188488][NGXCubinGeneric::genericPostInit:164] Fast UAV clear: supported

[2026-10-05 22:39:12] [GetSystemInfo:985] Detected Windows Version 10.0.26100.9278

[2026-10-05 22:39:12] [NGXSendTelemetryInitializeData:302] Sending Telemetry Init Data

[2026-10-05 22:39:12] [NGXSendTelemetryInitializeData:303] appExeName = hybrid_mfg_x4_mv_contract.exe

[2026-10-05 22:39:12] [NGXSendTelemetryInitializeData:304] drsProfileName = 

[2026-10-05 22:39:12] [NGXSendTelemetryInitializeData:305] drsName = 

[2026-10-05 22:39:12] [NGXSendTelemetryInitializeData:307] AppIdType = RENDERING_ENGINE

[2026-10-05 22:39:12] [NGXSendTelemetryInitializeData:308] ProjectId = 3e6891d2-09ac-4f54-ae8d-f481c3150d4b

[2026-10-05 22:39:12] [NGXSendTelemetryInitializeData:309] EngineVersion = 1.0.0

[2026-10-05 22:39:12] [NGXSendTelemetryInitializeData:310] EngineType = custom

[2026-10-05 22:39:12] [NGXSendTelemetryInitializeData:311] cmsId = 0

[2026-10-05 22:39:12] [NGXSendTelemetryInitializeData:312] featureType = FrameGeneration

[2026-10-05 22:39:12] [NGXSendTelemetryInitializeData:313] gpuDeviceId = 9632

[2026-10-05 22:39:12] [NGXSendTelemetryInitializeData:314] gpuVendorId = 4318

[2026-10-05 22:39:12] [NGXSendTelemetryInitializeData:315] gpuSubSys = 979179434

[2026-10-05 22:39:12] [NGXSendTelemetryInitializeData:316] gpuRev = 161

[2026-10-05 22:39:12] [NGXSendTelemetryInitializeData:317] ngxSDKVersion = 1.5

[2026-10-05 22:39:12] [NGXSendTelemetryInitializeData:318] ngxCoreVersion = 1.4.0.0

[2026-10-05 22:39:12] [NGXSendTelemetryInitializeData:319] ngxFeatureVersion = 310.9.1

[2026-10-05 22:39:12] [NGXSendTelemetryInitializeData:320] displayDriverVersion = 596.49

[2026-10-05 22:39:12] [NGXSendTelemetryInitializeData:321] osVersion = 10.0.26100.9278

[2026-10-05 22:39:12] [NGXSendTelemetryInitializeData:322] APIType = 0

[2026-10-05 22:39:12] [NGXSendTelemetryInitializeData:323] FeatureInitResult = NvNGXFeatureInitSuccess

[2026-10-05 22:39:12] [NGXSendTelemetryInitializeData:324] GpuAPI = 2

[2026-10-05 22:39:12] [NGXSendTelemetryInitializeData:326] StreamlineVersion = 

[2026-10-05 22:39:12] [NGXSendTelemetryInitializeData:327] StreamlineGitSHA = 

[2026-10-05 22:39:12] [NGXSendTelemetryInitializeData:328] ExeModuleName = hybrid_mfg_x4_mv_contract.exe

[2026-10-05 22:39:12] [NGXSendTelemetryInitializeData:329] OTAEnabled = 1

[2026-10-05 22:39:12] [NGXSendTelemetryInitializeData:335] -- END telemetry init data --

[2026-10-05 22:39:13] [NVSDK_NGX_CreateFeature_Validate:731] app id is 141959980 

[2026-10-05 22:39:13] [tid:1188488][NGXCubinD3D12::ProcessParameters:1424] Resources managed by host: false

[2026-10-05 22:39:13] [tid:1188488][NGXCubinD3D12::Init:135] Enabling texmode_raw

[2026-10-05 22:39:13] [tid:1188488][NGXCubinD3D12::Init:147] Enabling CuModule kernel path (load fatbin once, resolve entry points)

[2026-10-05 22:39:13] [tid:1188488][NGXCubinD3D12::Init:152] Build - PRODUCTION

[2026-10-05 22:39:13] [tid:1188488][NGXCubinD3D12::Init:156] GPU nodes 1 - visible node mask 1

[2026-10-05 22:39:13] [tid:1188488][NGXCubinKernelMap::InitCubins:42] Loading NGXCubin kernels

[2026-10-05 22:39:13] [tid:1188488][NGXCubinGeneric::SetGPUArch:473] m_gpuArch = 0x170

[2026-10-05 22:39:13] [tid:1188488][NGXCubinGeneric::genericPostInit:164] Fast UAV clear: supported

[2026-10-05 22:39:13] [tid:1188488][NGXCubinD3D12::ProcessParameters:1424] Resources managed by host: false

[2026-10-05 22:39:13] [tid:1188488][EndpointCoreCreateParameters::ParseNGXParameters:82] Creating feature using NVSDK_NGX_DLSSG_Parameter_Width/Height

[2026-10-05 22:39:13] [tid:1188488][EndpointConfiguration::ParseNGXParametersCreateTime:50] NVSDK_NGX_DLSSG_Parameter_UserInterfaceRecompositionEnabled: (false)

[2026-10-05 22:39:13] [tid:1188488][NGXCubinGeneric::CreateTexture2DResourceShared:1022] CUBIN 2D alloc (dlfg_resource), m_allocCount=1, currentSize 0.9 MB, totalSize 0.9 MB

[2026-10-05 22:39:13] [tid:1188488][ResourceName::getPublicName:679] ProductionResourceName: 'nv.ngx.dlssg.resource'

[2026-10-05 22:39:13] [tid:1188488][NGXCubinD3D12::SetResourceName:1083] D3D12 SetResourceName: nv.ngx.dlssg.resource

[2026-10-05 22:39:13] [tid:1188488][NGXCubinGeneric::CreateTexture2DResourceShared:1022] CUBIN 2D alloc (dlfg_resource), m_allocCount=2, currentSize 0.9 MB, totalSize 1.8 MB

[2026-10-05 22:39:13] [tid:1188488][ResourceName::getPublicName:679] ProductionResourceName: 'nv.ngx.dlssg.resource'

[2026-10-05 22:39:13] [tid:1188488][NGXCubinD3D12::SetResourceName:1083] D3D12 SetResourceName: nv.ngx.dlssg.resource

[2026-10-05 22:39:13] [tid:1188488][NGXCubinGeneric::CreateTexture2DResourceShared:1022] CUBIN 2D alloc (dlfg_resource), m_allocCount=3, currentSize 7.0 MB, totalSize 8.8 MB

[2026-10-05 22:39:13] [tid:1188488][ResourceName::getPublicName:679] ProductionResourceName: 'nv.ngx.dlssg.resource'

[2026-10-05 22:39:13] [tid:1188488][NGXCubinD3D12::SetResourceName:1083] D3D12 SetResourceName: nv.ngx.dlssg.resource

[2026-10-05 22:39:13] [tid:1188488][NGXCubinGeneric::CreateTexture2DResourceShared:1022] CUBIN 2D alloc (dlfg_resource), m_allocCount=4, currentSize 7.0 MB, totalSize 15.8 MB

[2026-10-05 22:39:13] [tid:1188488][ResourceName::getPublicName:679] ProductionResourceName: 'nv.ngx.dlssg.resource'

[2026-10-05 22:39:13] [tid:1188488][NGXCubinD3D12::SetResourceName:1083] D3D12 SetResourceName: nv.ngx.dlssg.resource

[2026-10-05 22:39:13] [tid:1188488][NGXCubinGeneric::CreateTexture2DResourceShared:1022] CUBIN 2D alloc (dlfg_resource), m_allocCount=5, currentSize 7.0 MB, totalSize 22.9 MB

[2026-10-05 22:39:13] [tid:1188488][ResourceName::getPublicName:679] ProductionResourceName: 'nv.ngx.dlssg.resource'

[2026-10-05 22:39:13] [tid:1188488][NGXCubinD3D12::SetResourceName:1083] D3D12 SetResourceName: nv.ngx.dlssg.resource

[2026-10-05 22:39:13] [tid:1188488][NGXCubinGeneric::CreateTexture2DResourceShared:1022] CUBIN 2D alloc (dlfg_resource), m_allocCount=6, currentSize 7.0 MB, totalSize 29.9 MB

[2026-10-05 22:39:13] [tid:1188488][ResourceName::getPublicName:679] ProductionResourceName: 'nv.ngx.dlssg.resource'

[2026-10-05 22:39:13] [tid:1188488][NGXCubinD3D12::SetResourceName:1083] D3D12 SetResourceName: nv.ngx.dlssg.resource

[2026-10-05 22:39:13] [tid:1188488][NGXCubinGeneric::CreateTexture2DResourceShared:1022] CUBIN 2D alloc (dlfg_resource), m_allocCount=7, currentSize 1.8 MB, totalSize 31.6 MB

[2026-10-05 22:39:13] [tid:1188488][ResourceName::getPublicName:679] ProductionResourceName: 'nv.ngx.dlssg.resource'

[2026-10-05 22:39:13] [tid:1188488][NGXCubinD3D12::SetResourceName:1083] D3D12 SetResourceName: nv.ngx.dlssg.resource

[2026-10-05 22:39:13] [tid:1188488][NGXCubinGeneric::CreateTexture2DResourceShared:1022] CUBIN 2D alloc (dlfg_resource), m_allocCount=8, currentSize 0.9 MB, totalSize 32.5 MB

[2026-10-05 22:39:13] [tid:1188488][ResourceName::getPublicName:679] ProductionResourceName: 'nv.ngx.dlssg.resource'

[2026-10-05 22:39:13] [tid:1188488][NGXCubinD3D12::SetResourceName:1083] D3D12 SetResourceName: nv.ngx.dlssg.resource

[2026-10-05 22:39:13] [tid:1188488][NGXCubinGeneric::CreateTexture2DResourceShared:1022] CUBIN 2D alloc (dlfg_resource), m_allocCount=9, currentSize 0.9 MB, totalSize 33.4 MB

[2026-10-05 22:39:13] [tid:1188488][ResourceName::getPublicName:679] ProductionResourceName: 'nv.ngx.dlssg.resource'

[2026-10-05 22:39:13] [tid:1188488][NGXCubinD3D12::SetResourceName:1083] D3D12 SetResourceName: nv.ngx.dlssg.resource

[2026-10-05 22:39:13] [tid:1188488][NGXCubinGeneric::CreateTexture2DResourceShared:1022] CUBIN 2D alloc (dlfg_resource), m_allocCount=10, currentSize 0.9 MB, totalSize 34.3 MB

[2026-10-05 22:39:13] [tid:1188488][ResourceName::getPublicName:679] ProductionResourceName: 'nv.ngx.dlssg.resource'

[2026-10-05 22:39:13] [tid:1188488][NGXCubinD3D12::SetResourceName:1083] D3D12 SetResourceName: nv.ngx.dlssg.resource

[2026-10-05 22:39:13] [tid:1188488][NGXCubinGeneric::CreateBufferResource:822] CUBIN 1D alloc (dlfg_resource), m_allocCount=11, currentSize 0.0 MB, totalSize 34.3 MB

[2026-10-05 22:39:13] [tid:1188488][ResourceName::getPublicName:679] ProductionResourceName: 'nv.ngx.dlssg.resource'

[2026-10-05 22:39:13] [tid:1188488][NGXCubinD3D12::SetResourceName:1083] D3D12 SetResourceName: nv.ngx.dlssg.resource

[2026-10-05 22:39:13] [tid:1188488][NGXCubinGeneric::CreateTexture2DResourceShared:1022] CUBIN 2D alloc (dlfg_resource), m_allocCount=12, currentSize 0.9 MB, totalSize 35.2 MB

[2026-10-05 22:39:13] [tid:1188488][ResourceName::getPublicName:679] ProductionResourceName: 'nv.ngx.dlssg.resource'

[2026-10-05 22:39:13] [tid:1188488][NGXCubinD3D12::SetResourceName:1083] D3D12 SetResourceName: nv.ngx.dlssg.resource

[2026-10-05 22:39:13] [tid:1188488][NGXCubinGeneric::CreateTexture2DResourceShared:1022] CUBIN 2D alloc (dlfg_resource), m_allocCount=13, currentSize 0.9 MB, totalSize 36.0 MB

[2026-10-05 22:39:13] [tid:1188488][ResourceName::getPublicName:679] ProductionResourceName: 'nv.ngx.dlssg.resource'

[2026-10-05 22:39:13] [tid:1188488][NGXCubinD3D12::SetResourceName:1083] D3D12 SetResourceName: nv.ngx.dlssg.resource

[2026-10-05 22:39:13] [tid:1188488][NGXCubinGeneric::CreateTexture2DResourceShared:1022] CUBIN 2D alloc (dlfg_resource), m_allocCount=14, currentSize 0.9 MB, totalSize 36.9 MB

[2026-10-05 22:39:13] [tid:1188488][ResourceName::getPublicName:679] ProductionResourceName: 'nv.ngx.dlssg.resource'

[2026-10-05 22:39:13] [tid:1188488][NGXCubinD3D12::SetResourceName:1083] D3D12 SetResourceName: nv.ngx.dlssg.resource

[2026-10-05 22:39:13] [tid:1188488][NGXCubinGeneric::CreateTexture2DResourceShared:1022] CUBIN 2D alloc (dlfg_resource), m_allocCount=15, currentSize 0.2 MB, totalSize 37.1 MB

[2026-10-05 22:39:13] [tid:1188488][ResourceName::getPublicName:679] ProductionResourceName: 'nv.ngx.dlssg.resource'

[2026-10-05 22:39:13] [tid:1188488][NGXCubinD3D12::SetResourceName:1083] D3D12 SetResourceName: nv.ngx.dlssg.resource

[2026-10-05 22:39:13] [tid:1188488][NGXCubinGeneric::CreateTexture2DResourceShared:1022] CUBIN 2D alloc (dlfg_resource), m_allocCount=16, currentSize 0.2 MB, totalSize 37.4 MB

[2026-10-05 22:39:13] [tid:1188488][ResourceName::getPublicName:679] ProductionResourceName: 'nv.ngx.dlssg.resource'

[2026-10-05 22:39:13] [tid:1188488][NGXCubinD3D12::SetResourceName:1083] D3D12 SetResourceName: nv.ngx.dlssg.resource

[2026-10-05 22:39:13] [tid:1188488][NGXCubinGeneric::CreateTexture2DResourceShared:1022] CUBIN 2D alloc (dlfg_resource), m_allocCount=17, currentSize 0.2 MB, totalSize 37.6 MB

[2026-10-05 22:39:13] [tid:1188488][ResourceName::getPublicName:679] ProductionResourceName: 'nv.ngx.dlssg.resource'

[2026-10-05 22:39:13] [tid:1188488][NGXCubinD3D12::SetResourceName:1083] D3D12 SetResourceName: nv.ngx.dlssg.resource

[2026-10-05 22:39:13] [tid:1188488][NGXCubinGeneric::CreateTexture2DResourceShared:1022] CUBIN 2D alloc (dlfg_resource), m_allocCount=18, currentSize 1.8 MB, totalSize 39.3 MB

[2026-10-05 22:39:13] [tid:1188488][ResourceName::getPublicName:679] ProductionResourceName: 'nv.ngx.dlssg.resource'

[2026-10-05 22:39:13] [tid:1188488][NGXCubinD3D12::SetResourceName:1083] D3D12 SetResourceName: nv.ngx.dlssg.resource

[2026-10-05 22:39:13] [tid:1188488][NGXCubinGeneric::CreateTexture2DResourceShared:1022] CUBIN 2D alloc (dlfg_resource), m_allocCount=19, currentSize 1.8 MB, totalSize 41.1 MB

[2026-10-05 22:39:13] [tid:1188488][ResourceName::getPublicName:679] ProductionResourceName: 'nv.ngx.dlssg.resource'

[2026-10-05 22:39:13] [tid:1188488][NGXCubinD3D12::SetResourceName:1083] D3D12 SetResourceName: nv.ngx.dlssg.resource

[2026-10-05 22:39:13] [tid:1188488][NGXCubinGeneric::CreateBufferResource:822] CUBIN 1D alloc (dlfg_resource), m_allocCount=20, currentSize 1.8 MB, totalSize 42.8 MB

[2026-10-05 22:39:13] [tid:1188488][ResourceName::getPublicName:679] ProductionResourceName: 'nv.ngx.dlssg.resource'

[2026-10-05 22:39:13] [tid:1188488][NGXCubinD3D12::SetResourceName:1083] D3D12 SetResourceName: nv.ngx.dlssg.resource

[2026-10-05 22:39:13] [tid:1188488][NGXCubinGeneric::CreateBufferResource:822] CUBIN 1D alloc (dlfg_resource), m_allocCount=21, currentSize 1.8 MB, totalSize 44.6 MB

[2026-10-05 22:39:13] [tid:1188488][ResourceName::getPublicName:679] ProductionResourceName: 'nv.ngx.dlssg.resource'

[2026-10-05 22:39:13] [tid:1188488][NGXCubinD3D12::SetResourceName:1083] D3D12 SetResourceName: nv.ngx.dlssg.resource

[2026-10-05 22:39:13] [tid:1188488][NGXCubinGeneric::CreateBufferResource:822] CUBIN 1D alloc (dlfg_resource), m_allocCount=22, currentSize 0.2 MB, totalSize 44.8 MB

[2026-10-05 22:39:13] [tid:1188488][ResourceName::getPublicName:679] ProductionResourceName: 'nv.ngx.dlssg.resource'

[2026-10-05 22:39:13] [tid:1188488][NGXCubinD3D12::SetResourceName:1083] D3D12 SetResourceName: nv.ngx.dlssg.resource

[2026-10-05 22:39:13] [tid:1188488][NGXCubinGeneric::CreateBufferResource:822] CUBIN 1D alloc (dlfg_resource), m_allocCount=23, currentSize 0.3 MB, totalSize 45.2 MB

[2026-10-05 22:39:13] [tid:1188488][ResourceName::getPublicName:679] ProductionResourceName: 'nv.ngx.dlssg.resource'

[2026-10-05 22:39:13] [tid:1188488][NGXCubinD3D12::SetResourceName:1083] D3D12 SetResourceName: nv.ngx.dlssg.resource

[2026-10-05 22:39:13] [tid:1188488][NGXCubinGeneric::CreateTexture2DResourceShared:1022] CUBIN 2D alloc (dlfg_resource), m_allocCount=24, currentSize 1.8 MB, totalSize 46.9 MB

[2026-10-05 22:39:13] [tid:1188488][ResourceName::getPublicName:679] ProductionResourceName: 'nv.ngx.dlssg.resource'

[2026-10-05 22:39:13] [tid:1188488][NGXCubinD3D12::SetResourceName:1083] D3D12 SetResourceName: nv.ngx.dlssg.resource

[2026-10-05 22:39:13] [tid:1188488][NGXCubinGeneric::CreateTexture2DResourceShared:1022] CUBIN 2D alloc (dlfg_resource), m_allocCount=25, currentSize 1.8 MB, totalSize 48.7 MB

[2026-10-05 22:39:13] [tid:1188488][ResourceName::getPublicName:679] ProductionResourceName: 'nv.ngx.dlssg.resource'

[2026-10-05 22:39:13] [tid:1188488][NGXCubinD3D12::SetResourceName:1083] D3D12 SetResourceName: nv.ngx.dlssg.resource

[2026-10-05 22:39:13] [tid:1188488][NGXCubinGeneric::CreateTexture2DResourceShared:1022] CUBIN 2D alloc (dlfg_resource), m_allocCount=26, currentSize 0.9 MB, totalSize 49.5 MB

[2026-10-05 22:39:13] [tid:1188488][ResourceName::getPublicName:679] ProductionResourceName: 'nv.ngx.dlssg.resource'

[2026-10-05 22:39:13] [tid:1188488][NGXCubinD3D12::SetResourceName:1083] D3D12 SetResourceName: nv.ngx.dlssg.resource

[2026-10-05 22:39:13] [tid:1188488][NGXCubinGeneric::CreateTexture2DResourceShared:1022] CUBIN 2D alloc (dlfg_resource), m_allocCount=27, currentSize 0.9 MB, totalSize 50.4 MB

[2026-10-05 22:39:13] [tid:1188488][ResourceName::getPublicName:679] ProductionResourceName: 'nv.ngx.dlssg.resource'

[2026-10-05 22:39:13] [tid:1188488][NGXCubinD3D12::SetResourceName:1083] D3D12 SetResourceName: nv.ngx.dlssg.resource

[2026-10-05 22:39:13] [tid:1188488][NGXCubinGeneric::CreateTexture2DResourceShared:1022] CUBIN 2D alloc (dlfg_resource), m_allocCount=28, currentSize 0.9 MB, totalSize 51.3 MB

[2026-10-05 22:39:13] [tid:1188488][ResourceName::getPublicName:679] ProductionResourceName: 'nv.ngx.dlssg.resource'

[2026-10-05 22:39:13] [tid:1188488][NGXCubinD3D12::SetResourceName:1083] D3D12 SetResourceName: nv.ngx.dlssg.resource

[2026-10-05 22:39:13] [tid:1188488][NGXCubinGeneric::CreateTexture2DResourceShared:1022] CUBIN 2D alloc (dlfg_resource), m_allocCount=29, currentSize 0.4 MB, totalSize 51.7 MB

[2026-10-05 22:39:13] [tid:1188488][ResourceName::getPublicName:679] ProductionResourceName: 'nv.ngx.dlssg.resource'

[2026-10-05 22:39:13] [tid:1188488][NGXCubinD3D12::SetResourceName:1083] D3D12 SetResourceName: nv.ngx.dlssg.resource

[2026-10-05 22:39:13] [tid:1188488][NGXCubinGeneric::CreateTexture2DResourceShared:1022] CUBIN 2D alloc (dlfg_resource), m_allocCount=30, currentSize 0.4 MB, totalSize 52.2 MB

[2026-10-05 22:39:13] [tid:1188488][ResourceName::getPublicName:679] ProductionResourceName: 'nv.ngx.dlssg.resource'

[2026-10-05 22:39:13] [tid:1188488][NGXCubinD3D12::SetResourceName:1083] D3D12 SetResourceName: nv.ngx.dlssg.resource

[2026-10-05 22:39:13] [tid:1188488][NGXCubinGeneric::CreateTexture2DResourceShared:1022] CUBIN 2D alloc (dlfg_resource), m_allocCount=31, currentSize 0.2 MB, totalSize 52.4 MB

[2026-10-05 22:39:13] [tid:1188488][ResourceName::getPublicName:679] ProductionResourceName: 'nv.ngx.dlssg.resource'

[2026-10-05 22:39:13] [tid:1188488][NGXCubinD3D12::SetResourceName:1083] D3D12 SetResourceName: nv.ngx.dlssg.resource

[2026-10-05 22:39:13] [tid:1188488][NGXCubinGeneric::CreateTexture2DResourceShared:1022] CUBIN 2D alloc (dlfg_resource), m_allocCount=32, currentSize 0.2 MB, totalSize 52.6 MB

[2026-10-05 22:39:13] [tid:1188488][ResourceName::getPublicName:679] ProductionResourceName: 'nv.ngx.dlssg.resource'

[2026-10-05 22:39:13] [tid:1188488][NGXCubinD3D12::SetResourceName:1083] D3D12 SetResourceName: nv.ngx.dlssg.resource

[2026-10-05 22:39:13] [tid:1188488][NGXCubinGeneric::CreateTexture2DResourceShared:1022] CUBIN 2D alloc (dlfg_resource), m_allocCount=33, currentSize 0.2 MB, totalSize 52.8 MB

[2026-10-05 22:39:13] [tid:1188488][ResourceName::getPublicName:679] ProductionResourceName: 'nv.ngx.dlssg.resource'

[2026-10-05 22:39:13] [tid:1188488][NGXCubinD3D12::SetResourceName:1083] D3D12 SetResourceName: nv.ngx.dlssg.resource

[2026-10-05 22:39:13] [tid:1188488][NGXCubinGeneric::CreateTexture2DResourceShared:1022] CUBIN 2D alloc (dlfg_resource), m_allocCount=34, currentSize 0.2 MB, totalSize 53.1 MB

[2026-10-05 22:39:13] [tid:1188488][ResourceName::getPublicName:679] ProductionResourceName: 'nv.ngx.dlssg.resource'

[2026-10-05 22:39:13] [tid:1188488][NGXCubinD3D12::SetResourceName:1083] D3D12 SetResourceName: nv.ngx.dlssg.resource

[2026-10-05 22:39:13] [tid:1188488][NGXCubinGeneric::CreateTexture2DResourceShared:1022] CUBIN 2D alloc (dlfg_resource), m_allocCount=35, currentSize 0.2 MB, totalSize 53.3 MB

[2026-10-05 22:39:13] [tid:1188488][ResourceName::getPublicName:679] ProductionResourceName: 'nv.ngx.dlssg.resource'

[2026-10-05 22:39:13] [tid:1188488][NGXCubinD3D12::SetResourceName:1083] D3D12 SetResourceName: nv.ngx.dlssg.resource

[2026-10-05 22:39:13] [tid:1188488][NGXCubinGeneric::CreateBufferResource:822] CUBIN 1D alloc (dlfg_resource), m_allocCount=36, currentSize 1.9 MB, totalSize 55.2 MB

[2026-10-05 22:39:13] [tid:1188488][ResourceName::getPublicName:679] ProductionResourceName: 'nv.ngx.dlssg.resource'

[2026-10-05 22:39:13] [tid:1188488][NGXCubinD3D12::SetResourceName:1083] D3D12 SetResourceName: nv.ngx.dlssg.resource

[2026-10-05 22:39:13] [tid:1188488][NGXCubinGeneric::CreateBufferResource:822] CUBIN 1D alloc (dlfg_resource), m_allocCount=37, currentSize 5.6 MB, totalSize 60.8 MB

[2026-10-05 22:39:13] [tid:1188488][ResourceName::getPublicName:679] ProductionResourceName: 'nv.ngx.dlssg.resource'

[2026-10-05 22:39:13] [tid:1188488][NGXCubinD3D12::SetResourceName:1083] D3D12 SetResourceName: nv.ngx.dlssg.resource

[2026-10-05 22:39:13] [tid:1188488][NGXCubinGeneric::CreateBufferResource:822] CUBIN 1D alloc (dlfg_resource), m_allocCount=38, currentSize 1.8 MB, totalSize 62.6 MB

[2026-10-05 22:39:13] [tid:1188488][ResourceName::getPublicName:679] ProductionResourceName: 'nv.ngx.dlssg.resource'

[2026-10-05 22:39:13] [tid:1188488][NGXCubinD3D12::SetResourceName:1083] D3D12 SetResourceName: nv.ngx.dlssg.resource

[2026-10-05 22:39:13] [tid:1188488][NGXCubinGeneric::CreateBufferResource:822] CUBIN 1D alloc (dlfg_resource), m_allocCount=39, currentSize 1.8 MB, totalSize 64.4 MB

[2026-10-05 22:39:13] [tid:1188488][ResourceName::getPublicName:679] ProductionResourceName: 'nv.ngx.dlssg.resource'

[2026-10-05 22:39:13] [tid:1188488][NGXCubinD3D12::SetResourceName:1083] D3D12 SetResourceName: nv.ngx.dlssg.resource

[2026-10-05 22:39:13] [tid:1188488][NGXCubinGeneric::CreateBufferResource:822] CUBIN 1D alloc (dlfg_resource), m_allocCount=40, currentSize 0.0 MB, totalSize 64.4 MB

[2026-10-05 22:39:13] [tid:1188488][ResourceName::getPublicName:679] ProductionResourceName: 'nv.ngx.dlssg.resource'

[2026-10-05 22:39:13] [tid:1188488][NGXCubinD3D12::SetResourceName:1083] D3D12 SetResourceName: nv.ngx.dlssg.resource

[2026-10-05 22:39:13] [tid:1188488][NGXCubinGeneric::CreateBufferResource:822] CUBIN 1D alloc (dlfg_resource), m_allocCount=41, currentSize 0.4 MB, totalSize 64.8 MB

[2026-10-05 22:39:13] [tid:1188488][ResourceName::getPublicName:679] ProductionResourceName: 'nv.ngx.dlssg.resource'

[2026-10-05 22:39:13] [tid:1188488][NGXCubinD3D12::SetResourceName:1083] D3D12 SetResourceName: nv.ngx.dlssg.resource

[2026-10-05 22:39:13] [tid:1188488][NGXCubinGeneric::CreateBufferResource:822] CUBIN 1D alloc (dlfg_resource), m_allocCount=42, currentSize 3.6 MB, totalSize 68.4 MB

[2026-10-05 22:39:13] [tid:1188488][ResourceName::getPublicName:679] ProductionResourceName: 'nv.ngx.dlssg.resource'

[2026-10-05 22:39:13] [tid:1188488][NGXCubinD3D12::SetResourceName:1083] D3D12 SetResourceName: nv.ngx.dlssg.resource

[2026-10-05 22:39:13] [tid:1188488][NGXCubinGeneric::CreateBufferResource:822] CUBIN 1D alloc (dlfg_resource), m_allocCount=43, currentSize 0.1 MB, totalSize 68.5 MB

[2026-10-05 22:39:13] [tid:1188488][ResourceName::getPublicName:679] ProductionResourceName: 'nv.ngx.dlssg.resource'

[2026-10-05 22:39:13] [tid:1188488][NGXCubinD3D12::SetResourceName:1083] D3D12 SetResourceName: nv.ngx.dlssg.resource

[2026-10-05 22:39:13] [tid:1188488][NGXCubinGeneric::CreateBufferResource:822] CUBIN 1D alloc (dlfg_resource), m_allocCount=44, currentSize 0.0 MB, totalSize 68.5 MB

[2026-10-05 22:39:13] [tid:1188488][ResourceName::getPublicName:679] ProductionResourceName: 'nv.ngx.dlssg.resource'

[2026-10-05 22:39:13] [tid:1188488][NGXCubinD3D12::SetResourceName:1083] D3D12 SetResourceName: nv.ngx.dlssg.resource

[2026-10-05 22:39:13] [tid:1188488][NGXCubinGeneric::CreateBufferResource:822] CUBIN 1D alloc (dlfg_resource), m_allocCount=45, currentSize 0.0 MB, totalSize 68.5 MB

[2026-10-05 22:39:13] [tid:1188488][ResourceName::getPublicName:679] ProductionResourceName: 'nv.ngx.dlssg.resource'

[2026-10-05 22:39:13] [tid:1188488][NGXCubinD3D12::SetResourceName:1083] D3D12 SetResourceName: nv.ngx.dlssg.resource

[2026-10-05 22:39:13] [tid:1188488][NGXCubinGeneric::CreateBufferResource:822] CUBIN 1D alloc (dlfg_resource), m_allocCount=46, currentSize 1.8 MB, totalSize 70.3 MB

[2026-10-05 22:39:13] [tid:1188488][ResourceName::getPublicName:679] ProductionResourceName: 'nv.ngx.dlssg.resource'

[2026-10-05 22:39:13] [tid:1188488][NGXCubinD3D12::SetResourceName:1083] D3D12 SetResourceName: nv.ngx.dlssg.resource

[2026-10-05 22:39:13] [tid:1188488][NGXCubinGeneric::CreateBufferResource:822] CUBIN 1D alloc (dlfg_resource), m_allocCount=47, currentSize 0.0 MB, totalSize 70.3 MB

[2026-10-05 22:39:13] [tid:1188488][ResourceName::getPublicName:679] ProductionResourceName: 'nv.ngx.dlssg.resource'

[2026-10-05 22:39:13] [tid:1188488][NGXCubinD3D12::SetResourceName:1083] D3D12 SetResourceName: nv.ngx.dlssg.resource

[2026-10-05 22:39:13] [tid:1188488][NGXCubinGeneric::CreateBufferResource:822] CUBIN 1D alloc (dlfg_resource), m_allocCount=48, currentSize 0.4 MB, totalSize 70.7 MB

[2026-10-05 22:39:13] [tid:1188488][ResourceName::getPublicName:679] ProductionResourceName: 'nv.ngx.dlssg.resource'

[2026-10-05 22:39:13] [tid:1188488][NGXCubinD3D12::SetResourceName:1083] D3D12 SetResourceName: nv.ngx.dlssg.resource

[2026-10-05 22:39:13] [tid:1188488][NGXCubinGeneric::CreateBufferResource:822] CUBIN 1D alloc (dlfg_resource), m_allocCount=49, currentSize 0.0 MB, totalSize 70.7 MB

[2026-10-05 22:39:13] [tid:1188488][ResourceName::getPublicName:679] ProductionResourceName: 'nv.ngx.dlssg.resource'

[2026-10-05 22:39:13] [tid:1188488][NGXCubinD3D12::SetResourceName:1083] D3D12 SetResourceName: nv.ngx.dlssg.resource

[2026-10-05 22:39:13] [tid:1188488][NGXCubinGeneric::CreateBufferResource:822] CUBIN 1D alloc (dlfg_resource), m_allocCount=50, currentSize 0.1 MB, totalSize 70.8 MB

[2026-10-05 22:39:13] [tid:1188488][ResourceName::getPublicName:679] ProductionResourceName: 'nv.ngx.dlssg.resource'

[2026-10-05 22:39:13] [tid:1188488][NGXCubinD3D12::SetResourceName:1083] D3D12 SetResourceName: nv.ngx.dlssg.resource

[2026-10-05 22:39:13] [tid:1188488][NGXCubinGeneric::CreateBufferResource:822] CUBIN 1D alloc (dlfg_resource), m_allocCount=51, currentSize 0.0 MB, totalSize 70.9 MB

[2026-10-05 22:39:13] [tid:1188488][ResourceName::getPublicName:679] ProductionResourceName: 'nv.ngx.dlssg.resource'

[2026-10-05 22:39:13] [tid:1188488][NGXCubinD3D12::SetResourceName:1083] D3D12 SetResourceName: nv.ngx.dlssg.resource

[2026-10-05 22:39:13] [tid:1188488][NGXCubinGeneric::CreateBufferResource:822] CUBIN 1D alloc (dlfg_resource), m_allocCount=52, currentSize 0.0 MB, totalSize 70.9 MB

[2026-10-05 22:39:13] [tid:1188488][ResourceName::getPublicName:679] ProductionResourceName: 'nv.ngx.dlssg.resource'

[2026-10-05 22:39:13] [tid:1188488][NGXCubinD3D12::SetResourceName:1083] D3D12 SetResourceName: nv.ngx.dlssg.resource

[2026-10-05 22:39:13] [tid:1188488][NGXCubinGeneric::CreateBufferResource:822] CUBIN 1D alloc (dlfg_resource), m_allocCount=53, currentSize 0.0 MB, totalSize 70.9 MB

[2026-10-05 22:39:13] [tid:1188488][ResourceName::getPublicName:679] ProductionResourceName: 'nv.ngx.dlssg.resource'

[2026-10-05 22:39:13] [tid:1188488][NGXCubinD3D12::SetResourceName:1083] D3D12 SetResourceName: nv.ngx.dlssg.resource

[2026-10-05 22:39:13] [tid:1188488][NGXCubinGeneric::CreateBufferResource:822] CUBIN 1D alloc (dlfg_resource), m_allocCount=54, currentSize 0.0 MB, totalSize 70.9 MB

[2026-10-05 22:39:13] [tid:1188488][ResourceName::getPublicName:679] ProductionResourceName: 'nv.ngx.dlssg.resource'

[2026-10-05 22:39:13] [tid:1188488][NGXCubinD3D12::SetResourceName:1083] D3D12 SetResourceName: nv.ngx.dlssg.resource

[2026-10-05 22:39:13] [tid:1188488][NGXCubinGeneric::CreateBufferResource:822] CUBIN 1D alloc (dlfg_resource), m_allocCount=55, currentSize 0.0 MB, totalSize 70.9 MB

[2026-10-05 22:39:13] [tid:1188488][ResourceName::getPublicName:679] ProductionResourceName: 'nv.ngx.dlssg.resource'

[2026-10-05 22:39:13] [tid:1188488][NGXCubinD3D12::SetResourceName:1083] D3D12 SetResourceName: nv.ngx.dlssg.resource

[2026-10-05 22:39:13] [tid:1188488][NGXCubinGeneric::CreateBufferResource:822] CUBIN 1D alloc (dlfg_network_resource), m_allocCount=56, currentSize 3.8 MB, totalSize 74.6 MB

[2026-10-05 22:39:13] [tid:1188488][ResourceName::getPublicName:679] ProductionResourceName: 'nv.ngx.dlssg.resource'

[2026-10-05 22:39:13] [tid:1188488][NGXCubinD3D12::SetResourceName:1083] D3D12 SetResourceName: nv.ngx.dlssg.resource

[2026-10-05 22:39:13] [tid:1188488][NGXCubinGeneric::CreateBufferResource:822] CUBIN 1D alloc (dlfg_network_resource), m_allocCount=57, currentSize 3.8 MB, totalSize 78.4 MB

[2026-10-05 22:39:13] [tid:1188488][ResourceName::getPublicName:679] ProductionResourceName: 'nv.ngx.dlssg.resource'

[2026-10-05 22:39:13] [tid:1188488][NGXCubinD3D12::SetResourceName:1083] D3D12 SetResourceName: nv.ngx.dlssg.resource

[2026-10-05 22:39:13] [tid:1188488][NGXCubinGeneric::CreateBufferResource:822] CUBIN 1D alloc (dlfg_network_resource), m_allocCount=58, currentSize 3.8 MB, totalSize 82.1 MB

[2026-10-05 22:39:13] [tid:1188488][ResourceName::getPublicName:679] ProductionResourceName: 'nv.ngx.dlssg.resource'

[2026-10-05 22:39:13] [tid:1188488][NGXCubinD3D12::SetResourceName:1083] D3D12 SetResourceName: nv.ngx.dlssg.resource

[2026-10-05 22:39:13] [tid:1188488][NGXCubinGeneric::CreateBufferResource:822] CUBIN 1D alloc (dlfg_network_resource), m_allocCount=59, currentSize 1.9 MB, totalSize 84.0 MB

[2026-10-05 22:39:13] [tid:1188488][ResourceName::getPublicName:679] ProductionResourceName: 'nv.ngx.dlssg.resource'

[2026-10-05 22:39:13] [tid:1188488][NGXCubinD3D12::SetResourceName:1083] D3D12 SetResourceName: nv.ngx.dlssg.resource

[2026-10-05 22:39:13] [tid:1188488][NGXCubinGeneric::CreateBufferResource:822] CUBIN 1D alloc (dlfg_network_resource), m_allocCount=60, currentSize 0.9 MB, totalSize 85.0 MB

[2026-10-05 22:39:13] [tid:1188488][ResourceName::getPublicName:679] ProductionResourceName: 'nv.ngx.dlssg.resource'

[2026-10-05 22:39:13] [tid:1188488][NGXCubinD3D12::SetResourceName:1083] D3D12 SetResourceName: nv.ngx.dlssg.resource

[2026-10-05 22:39:13] [tid:1188488][NGXCubinGeneric::CreateBufferResource:822] CUBIN 1D alloc (dlfg_network_resource), m_allocCount=61, currentSize 0.2 MB, totalSize 85.2 MB

[2026-10-05 22:39:13] [tid:1188488][ResourceName::getPublicName:679] ProductionResourceName: 'nv.ngx.dlssg.resource'

[2026-10-05 22:39:13] [tid:1188488][NGXCubinD3D12::SetResourceName:1083] D3D12 SetResourceName: nv.ngx.dlssg.resource

[2026-10-05 22:39:13] [tid:1188488][NGXCubinGeneric::CreateBufferResource:822] CUBIN 1D alloc (dlfg_network_resource), m_allocCount=62, currentSize 0.1 MB, totalSize 85.3 MB

[2026-10-05 22:39:13] [tid:1188488][ResourceName::getPublicName:679] ProductionResourceName: 'nv.ngx.dlssg.resource'

[2026-10-05 22:39:13] [tid:1188488][NGXCubinD3D12::SetResourceName:1083] D3D12 SetResourceName: nv.ngx.dlssg.resource

[2026-10-05 22:39:13] [tid:1188488][NGXCubinGeneric::CreateBufferResource:822] CUBIN 1D alloc (dlfg_network_resource), m_allocCount=63, currentSize 0.1 MB, totalSize 85.4 MB

[2026-10-05 22:39:13] [tid:1188488][ResourceName::getPublicName:679] ProductionResourceName: 'nv.ngx.dlssg.resource'

[2026-10-05 22:39:13] [tid:1188488][NGXCubinD3D12::SetResourceName:1083] D3D12 SetResourceName: nv.ngx.dlssg.resource

[2026-10-05 22:39:13] [tid:1188488][NGXCubinGeneric::CreateBufferResource:822] CUBIN 1D alloc (dlfg_network_resource), m_allocCount=64, currentSize 0.1 MB, totalSize 85.4 MB

[2026-10-05 22:39:13] [tid:1188488][ResourceName::getPublicName:679] ProductionResourceName: 'nv.ngx.dlssg.resource'

[2026-10-05 22:39:13] [tid:1188488][NGXCubinD3D12::SetResourceName:1083] D3D12 SetResourceName: nv.ngx.dlssg.resource

[2026-10-05 22:39:13] [tid:1188488][NGXCubinGeneric::CreateBufferResource:822] CUBIN 1D alloc (dlfg_network_resource), m_allocCount=65, currentSize 0.0 MB, totalSize 85.4 MB

[2026-10-05 22:39:13] [tid:1188488][ResourceName::getPublicName:679] ProductionResourceName: 'nv.ngx.dlssg.resource'

[2026-10-05 22:39:13] [tid:1188488][NGXCubinD3D12::SetResourceName:1083] D3D12 SetResourceName: nv.ngx.dlssg.resource

[2026-10-05 22:39:13] [tid:1188488][NGXCubinGeneric::CreateBufferResource:822] CUBIN 1D alloc (dlfg_network_resource), m_allocCount=66, currentSize 0.0 MB, totalSize 85.4 MB

[2026-10-05 22:39:13] [tid:1188488][ResourceName::getPublicName:679] ProductionResourceName: 'nv.ngx.dlssg.resource'

[2026-10-05 22:39:13] [tid:1188488][NGXCubinD3D12::SetResourceName:1083] D3D12 SetResourceName: nv.ngx.dlssg.resource

[2026-10-05 22:39:13] [tid:1188488][NGXCubinGeneric::CreateBufferResource:822] CUBIN 1D alloc (dlfg_network_resource), m_allocCount=67, currentSize 0.3 MB, totalSize 85.7 MB

[2026-10-05 22:39:13] [tid:1188488][ResourceName::getPublicName:679] ProductionResourceName: 'nv.ngx.dlssg.resource'

[2026-10-05 22:39:13] [tid:1188488][NGXCubinD3D12::SetResourceName:1083] D3D12 SetResourceName: nv.ngx.dlssg.resource

[2026-10-05 22:39:13] [tid:1188488][NGXCubinGeneric::CreateBufferResource:822] CUBIN 1D alloc (dlfg_network_resource), m_allocCount=68, currentSize 0.3 MB, totalSize 86.0 MB

[2026-10-05 22:39:13] [tid:1188488][ResourceName::getPublicName:679] ProductionResourceName: 'nv.ngx.dlssg.resource'

[2026-10-05 22:39:13] [tid:1188488][NGXCubinD3D12::SetResourceName:1083] D3D12 SetResourceName: nv.ngx.dlssg.resource

[2026-10-05 22:39:13] [tid:1188488][NGXCubinGeneric::CreateBufferResource:822] CUBIN 1D alloc (dlfg_network_resource), m_allocCount=69, currentSize 0.6 MB, totalSize 86.6 MB

[2026-10-05 22:39:13] [tid:1188488][ResourceName::getPublicName:679] ProductionResourceName: 'nv.ngx.dlssg.resource'

[2026-10-05 22:39:13] [tid:1188488][NGXCubinD3D12::SetResourceName:1083] D3D12 SetResourceName: nv.ngx.dlssg.resource

[2026-10-05 22:39:13] [tid:1188488][NGXCubinGeneric::CreateBufferResource:822] CUBIN 1D alloc (dlfg_network_resource), m_allocCount=70, currentSize 0.6 MB, totalSize 87.1 MB

[2026-10-05 22:39:13] [tid:1188488][ResourceName::getPublicName:679] ProductionResourceName: 'nv.ngx.dlssg.resource'

[2026-10-05 22:39:13] [tid:1188488][NGXCubinD3D12::SetResourceName:1083] D3D12 SetResourceName: nv.ngx.dlssg.resource

[2026-10-05 22:39:13] [tid:1188488][NGXCubinGeneric::CreateBufferResource:822] CUBIN 1D alloc (dlfg_network_resource), m_allocCount=71, currentSize 1.1 MB, totalSize 88.3 MB

[2026-10-05 22:39:13] [tid:1188488][ResourceName::getPublicName:679] ProductionResourceName: 'nv.ngx.dlssg.resource'

[2026-10-05 22:39:13] [tid:1188488][NGXCubinD3D12::SetResourceName:1083] D3D12 SetResourceName: nv.ngx.dlssg.resource

[2026-10-05 22:39:13] [tid:1188488][NGXCubinGeneric::CreateBufferResource:822] CUBIN 1D alloc (dlfg_network_resource), m_allocCount=72, currentSize 1.1 MB, totalSize 89.4 MB

[2026-10-05 22:39:13] [tid:1188488][ResourceName::getPublicName:679] ProductionResourceName: 'nv.ngx.dlssg.resource'

[2026-10-05 22:39:13] [tid:1188488][NGXCubinD3D12::SetResourceName:1083] D3D12 SetResourceName: nv.ngx.dlssg.resource

[2026-10-05 22:39:13] [tid:1188488][NGXCubinGeneric::CreateBufferResource:822] CUBIN 1D alloc (dlfg_network_resource), m_allocCount=73, currentSize 0.5 MB, totalSize 89.9 MB

[2026-10-05 22:39:13] [tid:1188488][ResourceName::getPublicName:679] ProductionResourceName: 'nv.ngx.dlssg.resource'

[2026-10-05 22:39:13] [tid:1188488][NGXCubinD3D12::SetResourceName:1083] D3D12 SetResourceName: nv.ngx.dlssg.resource

[2026-10-05 22:39:13] [tid:1188488][NGXCubinGeneric::CreateBufferResource:822] CUBIN 1D alloc (dlfg_network_resource), m_allocCount=74, currentSize 0.5 MB, totalSize 90.4 MB

[2026-10-05 22:39:13] [tid:1188488][ResourceName::getPublicName:679] ProductionResourceName: 'nv.ngx.dlssg.resource'

[2026-10-05 22:39:13] [tid:1188488][NGXCubinD3D12::SetResourceName:1083] D3D12 SetResourceName: nv.ngx.dlssg.resource

[2026-10-05 22:39:13] [tid:1188488][NGXCubinGeneric::CreateBufferResource:822] CUBIN 1D alloc (dlfg_network_resource), m_allocCount=75, currentSize 0.5 MB, totalSize 90.9 MB

[2026-10-05 22:39:13] [tid:1188488][ResourceName::getPublicName:679] ProductionResourceName: 'nv.ngx.dlssg.resource'

[2026-10-05 22:39:13] [tid:1188488][NGXCubinD3D12::SetResourceName:1083] D3D12 SetResourceName: nv.ngx.dlssg.resource

[2026-10-05 22:39:13] [tid:1188488][NGXCubinGeneric::CreateBufferResource:822] CUBIN 1D alloc (dlfg_network_resource), m_allocCount=76, currentSize 0.5 MB, totalSize 91.4 MB

[2026-10-05 22:39:13] [tid:1188488][ResourceName::getPublicName:679] ProductionResourceName: 'nv.ngx.dlssg.resource'

[2026-10-05 22:39:13] [tid:1188488][NGXCubinD3D12::SetResourceName:1083] D3D12 SetResourceName: nv.ngx.dlssg.resource

[2026-10-05 22:39:13] [tid:1188488][NGXCubinGeneric::CreateBufferResource:822] CUBIN 1D alloc (dlfg_network_resource), m_allocCount=77, currentSize 0.3 MB, totalSize 91.7 MB

[2026-10-05 22:39:13] [tid:1188488][ResourceName::getPublicName:679] ProductionResourceName: 'nv.ngx.dlssg.resource'

[2026-10-05 22:39:13] [tid:1188488][NGXCubinD3D12::SetResourceName:1083] D3D12 SetResourceName: nv.ngx.dlssg.resource

[2026-10-05 22:39:13] [tid:1188488][NGXCubinGeneric::CreateBufferResource:822] CUBIN 1D alloc (dlfg_network_resource), m_allocCount=78, currentSize 0.3 MB, totalSize 92.0 MB

[2026-10-05 22:39:13] [tid:1188488][ResourceName::getPublicName:679] ProductionResourceName: 'nv.ngx.dlssg.resource'

[2026-10-05 22:39:13] [tid:1188488][NGXCubinD3D12::SetResourceName:1083] D3D12 SetResourceName: nv.ngx.dlssg.resource

[2026-10-05 22:39:13] [tid:1188488][NGXCubinGeneric::CreateBufferResource:822] CUBIN 1D alloc (dlfg_network_resource), m_allocCount=79, currentSize 0.1 MB, totalSize 92.1 MB

[2026-10-05 22:39:13] [tid:1188488][ResourceName::getPublicName:679] ProductionResourceName: 'nv.ngx.dlssg.resource'

[2026-10-05 22:39:13] [tid:1188488][NGXCubinD3D12::SetResourceName:1083] D3D12 SetResourceName: nv.ngx.dlssg.resource

[2026-10-05 22:39:13] [tid:1188488][NGXCubinGeneric::CreateBufferResource:822] CUBIN 1D alloc (dlfg_network_resource), m_allocCount=80, currentSize 0.1 MB, totalSize 92.2 MB

[2026-10-05 22:39:13] [tid:1188488][ResourceName::getPublicName:679] ProductionResourceName: 'nv.ngx.dlssg.resource'

[2026-10-05 22:39:13] [tid:1188488][NGXCubinD3D12::SetResourceName:1083] D3D12 SetResourceName: nv.ngx.dlssg.resource

[2026-10-05 22:39:13] [tid:1188488][NGXCubinGeneric::CreateBufferResource:822] CUBIN 1D alloc (dlfg_network_resource), m_allocCount=81, currentSize 0.1 MB, totalSize 92.3 MB

[2026-10-05 22:39:13] [tid:1188488][ResourceName::getPublicName:679] ProductionResourceName: 'nv.ngx.dlssg.resource'

[2026-10-05 22:39:13] [tid:1188488][NGXCubinD3D12::SetResourceName:1083] D3D12 SetResourceName: nv.ngx.dlssg.resource

[2026-10-05 22:39:13] [tid:1188488][NGXCubinGeneric::CreateBufferResource:822] CUBIN 1D alloc (dlfg_network_resource), m_allocCount=82, currentSize 0.1 MB, totalSize 92.4 MB

[2026-10-05 22:39:13] [tid:1188488][ResourceName::getPublicName:679] ProductionResourceName: 'nv.ngx.dlssg.resource'

[2026-10-05 22:39:13] [tid:1188488][NGXCubinD3D12::SetResourceName:1083] D3D12 SetResourceName: nv.ngx.dlssg.resource

[2026-10-05 22:39:13] [tid:1188488][NGXCubinGeneric::CreateBufferResource:822] CUBIN 1D alloc (dlfg_network_resource), m_allocCount=83, currentSize 0.1 MB, totalSize 92.4 MB

[2026-10-05 22:39:13] [tid:1188488][ResourceName::getPublicName:679] ProductionResourceName: 'nv.ngx.dlssg.resource'

[2026-10-05 22:39:13] [tid:1188488][NGXCubinD3D12::SetResourceName:1083] D3D12 SetResourceName: nv.ngx.dlssg.resource

[2026-10-05 22:39:13] [tid:1188488][NGXCubinGeneric::CreateBufferResource:822] CUBIN 1D alloc (dlfg_network_resource), m_allocCount=84, currentSize 0.1 MB, totalSize 92.5 MB

[2026-10-05 22:39:13] [tid:1188488][ResourceName::getPublicName:679] ProductionResourceName: 'nv.ngx.dlssg.resource'

[2026-10-05 22:39:13] [tid:1188488][NGXCubinD3D12::SetResourceName:1083] D3D12 SetResourceName: nv.ngx.dlssg.resource

[2026-10-05 22:39:13] [tid:1188488][NGXCubinGeneric::CreateBufferResource:822] CUBIN 1D alloc (dlfg_network_resource), m_allocCount=85, currentSize 0.1 MB, totalSize 92.6 MB

[2026-10-05 22:39:13] [tid:1188488][ResourceName::getPublicName:679] ProductionResourceName: 'nv.ngx.dlssg.resource'

[2026-10-05 22:39:13] [tid:1188488][NGXCubinD3D12::SetResourceName:1083] D3D12 SetResourceName: nv.ngx.dlssg.resource

[2026-10-05 22:39:13] [tid:1188488][NGXCubinGeneric::CreateBufferResource:822] CUBIN 1D alloc (dlfg_network_resource), m_allocCount=86, currentSize 0.1 MB, totalSize 92.6 MB

[2026-10-05 22:39:13] [tid:1188488][ResourceName::getPublicName:679] ProductionResourceName: 'nv.ngx.dlssg.resource'

[2026-10-05 22:39:13] [tid:1188488][NGXCubinD3D12::SetResourceName:1083] D3D12 SetResourceName: nv.ngx.dlssg.resource

[2026-10-05 22:39:13] [tid:1188488][NGXCubinGeneric::CreateBufferResource:822] CUBIN 1D alloc (dlfg_network_resource), m_allocCount=87, currentSize 0.0 MB, totalSize 92.7 MB

[2026-10-05 22:39:13] [tid:1188488][ResourceName::getPublicName:679] ProductionResourceName: 'nv.ngx.dlssg.resource'

[2026-10-05 22:39:13] [tid:1188488][NGXCubinD3D12::SetResourceName:1083] D3D12 SetResourceName: nv.ngx.dlssg.resource

[2026-10-05 22:39:13] [tid:1188488][NGXCubinGeneric::CreateBufferResource:822] CUBIN 1D alloc (dlfg_network_resource), m_allocCount=88, currentSize 0.0 MB, totalSize 92.7 MB

[2026-10-05 22:39:13] [tid:1188488][ResourceName::getPublicName:679] ProductionResourceName: 'nv.ngx.dlssg.resource'

[2026-10-05 22:39:13] [tid:1188488][NGXCubinD3D12::SetResourceName:1083] D3D12 SetResourceName: nv.ngx.dlssg.resource

[2026-10-05 22:39:13] [tid:1188488][NGXCubinGeneric::CreateBufferResource:822] CUBIN 1D alloc (dlfg_network_resource), m_allocCount=89, currentSize 0.0 MB, totalSize 92.7 MB

[2026-10-05 22:39:13] [tid:1188488][ResourceName::getPublicName:679] ProductionResourceName: 'nv.ngx.dlssg.resource'

[2026-10-05 22:39:13] [tid:1188488][NGXCubinD3D12::SetResourceName:1083] D3D12 SetResourceName: nv.ngx.dlssg.resource

[2026-10-05 22:39:13] [tid:1188488][NGXCubinGeneric::CreateBufferResource:822] CUBIN 1D alloc (dlfg_network_resource), m_allocCount=90, currentSize 0.0 MB, totalSize 92.7 MB

[2026-10-05 22:39:13] [tid:1188488][ResourceName::getPublicName:679] ProductionResourceName: 'nv.ngx.dlssg.resource'

[2026-10-05 22:39:13] [tid:1188488][NGXCubinD3D12::SetResourceName:1083] D3D12 SetResourceName: nv.ngx.dlssg.resource

[2026-10-05 22:39:13] [tid:1188488][NGXCubinGeneric::CreateBufferResource:822] CUBIN 1D alloc (dlfg_network_resource), m_allocCount=91, currentSize 0.0 MB, totalSize 92.7 MB

[2026-10-05 22:39:13] [tid:1188488][ResourceName::getPublicName:679] ProductionResourceName: 'nv.ngx.dlssg.resource'

[2026-10-05 22:39:13] [tid:1188488][NGXCubinD3D12::SetResourceName:1083] D3D12 SetResourceName: nv.ngx.dlssg.resource

[2026-10-05 22:39:13] [tid:1188488][NGXCubinGeneric::CreateBufferResource:822] CUBIN 1D alloc (dlfg_network_resource), m_allocCount=92, currentSize 0.0 MB, totalSize 92.7 MB

[2026-10-05 22:39:13] [tid:1188488][ResourceName::getPublicName:679] ProductionResourceName: 'nv.ngx.dlssg.resource'

[2026-10-05 22:39:13] [tid:1188488][NGXCubinD3D12::SetResourceName:1083] D3D12 SetResourceName: nv.ngx.dlssg.resource

[2026-10-05 22:39:13] [tid:1188488][NGXCubinGeneric::CreateBufferResource:822] CUBIN 1D alloc (dlfg_network_resource), m_allocCount=93, currentSize 0.0 MB, totalSize 92.7 MB

[2026-10-05 22:39:13] [tid:1188488][ResourceName::getPublicName:679] ProductionResourceName: 'nv.ngx.dlssg.resource'

[2026-10-05 22:39:13] [tid:1188488][NGXCubinD3D12::SetResourceName:1083] D3D12 SetResourceName: nv.ngx.dlssg.resource

[2026-10-05 22:39:13] [tid:1188488][NGXCubinGeneric::CreateBufferResource:822] CUBIN 1D alloc (dlfg_network_resource), m_allocCount=94, currentSize 0.0 MB, totalSize 92.7 MB

[2026-10-05 22:39:13] [tid:1188488][ResourceName::getPublicName:679] ProductionResourceName: 'nv.ngx.dlssg.resource'

[2026-10-05 22:39:13] [tid:1188488][NGXCubinD3D12::SetResourceName:1083] D3D12 SetResourceName: nv.ngx.dlssg.resource

[2026-10-05 22:39:13] [tid:1188488][NGXCubinGeneric::CreateBufferResource:822] CUBIN 1D alloc (dlfg_network_resource), m_allocCount=95, currentSize 0.0 MB, totalSize 92.7 MB

[2026-10-05 22:39:13] [tid:1188488][ResourceName::getPublicName:679] ProductionResourceName: 'nv.ngx.dlssg.resource'

[2026-10-05 22:39:13] [tid:1188488][NGXCubinD3D12::SetResourceName:1083] D3D12 SetResourceName: nv.ngx.dlssg.resource

[2026-10-05 22:39:13] [tid:1188488][NGXCubinGeneric::CreateBufferResource:822] CUBIN 1D alloc (dlfg_network_resource), m_allocCount=96, currentSize 0.0 MB, totalSize 92.8 MB

[2026-10-05 22:39:13] [tid:1188488][ResourceName::getPublicName:679] ProductionResourceName: 'nv.ngx.dlssg.resource'

[2026-10-05 22:39:13] [tid:1188488][NGXCubinD3D12::SetResourceName:1083] D3D12 SetResourceName: nv.ngx.dlssg.resource

[2026-10-05 22:39:13] [tid:1188488][NGXCubinGeneric::CreateBufferResource:822] CUBIN 1D alloc (dlfg_network_resource), m_allocCount=97, currentSize 4.5 MB, totalSize 97.2 MB

[2026-10-05 22:39:13] [tid:1188488][ResourceName::getPublicName:679] ProductionResourceName: 'nv.ngx.dlssg.resource'

[2026-10-05 22:39:13] [tid:1188488][NGXCubinD3D12::SetResourceName:1083] D3D12 SetResourceName: nv.ngx.dlssg.resource

[2026-10-05 22:39:13] [tid:1188488][NGXCubinGeneric::CreateBufferResource:822] CUBIN 1D alloc (dlfg_network_resource), m_allocCount=98, currentSize 3.6 MB, totalSize 100.8 MB

[2026-10-05 22:39:13] [tid:1188488][ResourceName::getPublicName:679] ProductionResourceName: 'nv.ngx.dlssg.resource'

[2026-10-05 22:39:13] [tid:1188488][NGXCubinD3D12::SetResourceName:1083] D3D12 SetResourceName: nv.ngx.dlssg.resource

[2026-10-05 22:39:13] [tid:1188488][NGXCubinGeneric::CreateBufferResource:822] CUBIN 1D alloc (dlfg_network_resource), m_allocCount=99, currentSize 1.8 MB, totalSize 102.6 MB

[2026-10-05 22:39:13] [tid:1188488][ResourceName::getPublicName:679] ProductionResourceName: 'nv.ngx.dlssg.resource'

[2026-10-05 22:39:13] [tid:1188488][NGXCubinD3D12::SetResourceName:1083] D3D12 SetResourceName: nv.ngx.dlssg.resource

[2026-10-05 22:39:13] [tid:1188488][NGXCubinGeneric::CreateBufferResource:822] CUBIN 1D alloc (dlfg_network_resource), m_allocCount=100, currentSize 0.9 MB, totalSize 103.5 MB

[2026-10-05 22:39:13] [tid:1188488][ResourceName::getPublicName:679] ProductionResourceName: 'nv.ngx.dlssg.resource'

[2026-10-05 22:39:13] [tid:1188488][NGXCubinD3D12::SetResourceName:1083] D3D12 SetResourceName: nv.ngx.dlssg.resource

[2026-10-05 22:39:13] [tid:1188488][NGXCubinGeneric::CreateBufferResource:822] CUBIN 1D alloc (dlfg_network_resource), m_allocCount=101, currentSize 1.8 MB, totalSize 105.3 MB

[2026-10-05 22:39:13] [tid:1188488][ResourceName::getPublicName:679] ProductionResourceName: 'nv.ngx.dlssg.resource'

[2026-10-05 22:39:13] [tid:1188488][NGXCubinD3D12::SetResourceName:1083] D3D12 SetResourceName: nv.ngx.dlssg.resource

[2026-10-05 22:39:13] [tid:1188488][NGXCubinGeneric::CreateBufferResource:822] CUBIN 1D alloc (dlfg_network_resource), m_allocCount=102, currentSize 8.1 MB, totalSize 113.4 MB

[2026-10-05 22:39:13] [tid:1188488][ResourceName::getPublicName:679] ProductionResourceName: 'nv.ngx.dlssg.resource'

[2026-10-05 22:39:13] [tid:1188488][NGXCubinD3D12::SetResourceName:1083] D3D12 SetResourceName: nv.ngx.dlssg.resource

[2026-10-05 22:39:13] [tid:1188488][NGXCubinGeneric::CreateBufferResource:822] CUBIN 1D alloc (dlfg_network_resource), m_allocCount=103, currentSize 1.3 MB, totalSize 114.8 MB

[2026-10-05 22:39:13] [tid:1188488][ResourceName::getPublicName:679] ProductionResourceName: 'nv.ngx.dlssg.resource'

[2026-10-05 22:39:13] [tid:1188488][NGXCubinD3D12::SetResourceName:1083] D3D12 SetResourceName: nv.ngx.dlssg.resource

[2026-10-05 22:39:13] [tid:1188488][NGXCubinGeneric::CreateBufferResource:822] CUBIN 1D alloc (dlfg_network_resource), m_allocCount=104, currentSize 1.8 MB, totalSize 116.6 MB

[2026-10-05 22:39:13] [tid:1188488][ResourceName::getPublicName:679] ProductionResourceName: 'nv.ngx.dlssg.resource'

[2026-10-05 22:39:13] [tid:1188488][NGXCubinD3D12::SetResourceName:1083] D3D12 SetResourceName: nv.ngx.dlssg.resource

[2026-10-05 22:39:13] [tid:1188488][NGXCubinGeneric::CreateBufferResource:822] CUBIN 1D alloc (dlfg_network_resource), m_allocCount=105, currentSize 1.8 MB, totalSize 118.4 MB

[2026-10-05 22:39:13] [tid:1188488][ResourceName::getPublicName:679] ProductionResourceName: 'nv.ngx.dlssg.resource'

[2026-10-05 22:39:13] [tid:1188488][NGXCubinD3D12::SetResourceName:1083] D3D12 SetResourceName: nv.ngx.dlssg.resource

[2026-10-05 22:39:13] [tid:1188488][NGXCubinGeneric::CreateBufferResource:822] CUBIN 1D alloc (dlfg_network_resource), m_allocCount=106, currentSize 0.0 MB, totalSize 118.4 MB

[2026-10-05 22:39:13] [tid:1188488][ResourceName::getPublicName:679] ProductionResourceName: 'nv.ngx.dlssg.resource'

[2026-10-05 22:39:13] [tid:1188488][NGXCubinD3D12::SetResourceName:1083] D3D12 SetResourceName: nv.ngx.dlssg.resource

[2026-10-05 22:39:13] [tid:1188488][NGXCubinGeneric::CreateBufferResource:822] CUBIN 1D alloc (dlfg_network_resource), m_allocCount=107, currentSize 0.0 MB, totalSize 118.4 MB

[2026-10-05 22:39:13] [tid:1188488][ResourceName::getPublicName:679] ProductionResourceName: 'nv.ngx.dlssg.resource'

[2026-10-05 22:39:13] [tid:1188488][NGXCubinD3D12::SetResourceName:1083] D3D12 SetResourceName: nv.ngx.dlssg.resource

[2026-10-05 22:39:13] [tid:1188488][NGXCubinGeneric::CreateBufferResource:822] CUBIN 1D alloc (dlfg_network_resource), m_allocCount=108, currentSize 0.0 MB, totalSize 118.4 MB

[2026-10-05 22:39:13] [tid:1188488][ResourceName::getPublicName:679] ProductionResourceName: 'nv.ngx.dlssg.resource'

[2026-10-05 22:39:13] [tid:1188488][NGXCubinD3D12::SetResourceName:1083] D3D12 SetResourceName: nv.ngx.dlssg.resource

[2026-10-05 22:39:13] [tid:1188488][NGXCubinGeneric::CreateBufferResource:822] CUBIN 1D alloc (dlfg_network_resource), m_allocCount=109, currentSize 0.0 MB, totalSize 118.4 MB

[2026-10-05 22:39:13] [tid:1188488][ResourceName::getPublicName:679] ProductionResourceName: 'nv.ngx.dlssg.resource'

[2026-10-05 22:39:13] [tid:1188488][NGXCubinD3D12::SetResourceName:1083] D3D12 SetResourceName: nv.ngx.dlssg.resource

[2026-10-05 22:39:13] [tid:1188488][NGXCubinGeneric::CreateBufferResource:822] CUBIN 1D alloc (dlfg_network_resource), m_allocCount=110, currentSize 0.0 MB, totalSize 118.4 MB

[2026-10-05 22:39:13] [tid:1188488][ResourceName::getPublicName:679] ProductionResourceName: 'nv.ngx.dlssg.resource'

[2026-10-05 22:39:13] [tid:1188488][NGXCubinD3D12::SetResourceName:1083] D3D12 SetResourceName: nv.ngx.dlssg.resource

[2026-10-05 22:39:13] [tid:1188488][NGXCubinGeneric::CreateBufferResource:822] CUBIN 1D alloc (dlfg_network_resource), m_allocCount=111, currentSize 0.0 MB, totalSize 118.4 MB

[2026-10-05 22:39:13] [tid:1188488][ResourceName::getPublicName:679] ProductionResourceName: 'nv.ngx.dlssg.resource'

[2026-10-05 22:39:13] [tid:1188488][NGXCubinD3D12::SetResourceName:1083] D3D12 SetResourceName: nv.ngx.dlssg.resource

[2026-10-05 22:39:13] [tid:1188488][NGXCubinGeneric::CreateBufferResource:822] CUBIN 1D alloc (dlfg_network_resource), m_allocCount=112, currentSize 0.0 MB, totalSize 118.4 MB

[2026-10-05 22:39:13] [tid:1188488][ResourceName::getPublicName:679] ProductionResourceName: 'nv.ngx.dlssg.resource'

[2026-10-05 22:39:13] [tid:1188488][NGXCubinD3D12::SetResourceName:1083] D3D12 SetResourceName: nv.ngx.dlssg.resource

[2026-10-05 22:39:13] [tid:1188488][NGXCubinGeneric::CreateBufferResource:822] CUBIN 1D alloc (dlfg_network_resource), m_allocCount=113, currentSize 0.0 MB, totalSize 118.4 MB

[2026-10-05 22:39:13] [tid:1188488][ResourceName::getPublicName:679] ProductionResourceName: 'nv.ngx.dlssg.resource'

[2026-10-05 22:39:13] [tid:1188488][NGXCubinD3D12::SetResourceName:1083] D3D12 SetResourceName: nv.ngx.dlssg.resource

[2026-10-05 22:39:13] [tid:1188488][NGXCubinGeneric::CreateBufferResource:822] CUBIN 1D alloc (dlfg_network_resource), m_allocCount=114, currentSize 0.0 MB, totalSize 118.4 MB

[2026-10-05 22:39:13] [tid:1188488][ResourceName::getPublicName:679] ProductionResourceName: 'nv.ngx.dlssg.resource'

[2026-10-05 22:39:13] [tid:1188488][NGXCubinD3D12::SetResourceName:1083] D3D12 SetResourceName: nv.ngx.dlssg.resource

[2026-10-05 22:39:13] [tid:1188488][NGXCubinGeneric::CreateBufferResource:822] CUBIN 1D alloc (dlfg_network_resource), m_allocCount=115, currentSize 0.0 MB, totalSize 118.5 MB

[2026-10-05 22:39:13] [tid:1188488][ResourceName::getPublicName:679] ProductionResourceName: 'nv.ngx.dlssg.resource'

[2026-10-05 22:39:13] [tid:1188488][NGXCubinD3D12::SetResourceName:1083] D3D12 SetResourceName: nv.ngx.dlssg.resource

[2026-10-05 22:39:13] [tid:1188488][NGXCubinGeneric::CreateBufferResource:822] CUBIN 1D alloc (dlfg_network_resource), m_allocCount=116, currentSize 0.0 MB, totalSize 118.5 MB

[2026-10-05 22:39:13] [tid:1188488][ResourceName::getPublicName:679] ProductionResourceName: 'nv.ngx.dlssg.resource'

[2026-10-05 22:39:13] [tid:1188488][NGXCubinD3D12::SetResourceName:1083] D3D12 SetResourceName: nv.ngx.dlssg.resource

[2026-10-05 22:39:13] [tid:1188488][NGXCubinGeneric::CreateBufferResource:822] CUBIN 1D alloc (dlfg_network_resource), m_allocCount=117, currentSize 0.0 MB, totalSize 118.5 MB

[2026-10-05 22:39:13] [tid:1188488][ResourceName::getPublicName:679] ProductionResourceName: 'nv.ngx.dlssg.resource'

[2026-10-05 22:39:13] [tid:1188488][NGXCubinD3D12::SetResourceName:1083] D3D12 SetResourceName: nv.ngx.dlssg.resource

[2026-10-05 22:39:13] [tid:1188488][NGXCubinGeneric::CreateBufferResource:822] CUBIN 1D alloc (dlfg_network_resource), m_allocCount=118, currentSize 0.1 MB, totalSize 118.6 MB

[2026-10-05 22:39:13] [tid:1188488][ResourceName::getPublicName:679] ProductionResourceName: 'nv.ngx.dlssg.resource'

[2026-10-05 22:39:13] [tid:1188488][NGXCubinD3D12::SetResourceName:1083] D3D12 SetResourceName: nv.ngx.dlssg.resource

[2026-10-05 22:39:13] [tid:1188488][NGXCubinGeneric::CreateBufferResource:822] CUBIN 1D alloc (dlfg_network_resource), m_allocCount=119, currentSize 0.1 MB, totalSize 118.6 MB

[2026-10-05 22:39:13] [tid:1188488][ResourceName::getPublicName:679] ProductionResourceName: 'nv.ngx.dlssg.resource'

[2026-10-05 22:39:13] [tid:1188488][NGXCubinD3D12::SetResourceName:1083] D3D12 SetResourceName: nv.ngx.dlssg.resource

[2026-10-05 22:39:13] [tid:1188488][NGXCubinGeneric::CreateBufferResource:822] CUBIN 1D alloc (dlfg_network_resource), m_allocCount=120, currentSize 0.0 MB, totalSize 118.6 MB

[2026-10-05 22:39:13] [tid:1188488][ResourceName::getPublicName:679] ProductionResourceName: 'nv.ngx.dlssg.resource'

[2026-10-05 22:39:13] [tid:1188488][NGXCubinD3D12::SetResourceName:1083] D3D12 SetResourceName: nv.ngx.dlssg.resource

[2026-10-05 22:39:13] [tid:1188488][NGXCubinGeneric::CreateBufferResource:822] CUBIN 1D alloc (dlfg_network_resource), m_allocCount=121, currentSize 0.0 MB, totalSize 118.6 MB

[2026-10-05 22:39:13] [tid:1188488][ResourceName::getPublicName:679] ProductionResourceName: 'nv.ngx.dlssg.resource'

[2026-10-05 22:39:13] [tid:1188488][NGXCubinD3D12::SetResourceName:1083] D3D12 SetResourceName: nv.ngx.dlssg.resource

[2026-10-05 22:39:13] [tid:1188488][NGXCubinGeneric::CreateBufferResource:822] CUBIN 1D alloc (dlfg_network_resource), m_allocCount=122, currentSize 0.1 MB, totalSize 118.7 MB

[2026-10-05 22:39:13] [tid:1188488][ResourceName::getPublicName:679] ProductionResourceName: 'nv.ngx.dlssg.resource'

[2026-10-05 22:39:13] [tid:1188488][NGXCubinD3D12::SetResourceName:1083] D3D12 SetResourceName: nv.ngx.dlssg.resource

[2026-10-05 22:39:13] [tid:1188488][NGXCubinGeneric::CreateBufferResource:822] CUBIN 1D alloc (dlfg_network_resource), m_allocCount=123, currentSize 0.1 MB, totalSize 118.8 MB

[2026-10-05 22:39:13] [tid:1188488][ResourceName::getPublicName:679] ProductionResourceName: 'nv.ngx.dlssg.resource'

[2026-10-05 22:39:13] [tid:1188488][NGXCubinD3D12::SetResourceName:1083] D3D12 SetResourceName: nv.ngx.dlssg.resource

[2026-10-05 22:39:13] [tid:1188488][NGXCubinGeneric::CreateBufferResource:822] CUBIN 1D alloc (dlfg_network_resource), m_allocCount=124, currentSize 0.0 MB, totalSize 118.8 MB

[2026-10-05 22:39:13] [tid:1188488][ResourceName::getPublicName:679] ProductionResourceName: 'nv.ngx.dlssg.resource'

[2026-10-05 22:39:13] [tid:1188488][NGXCubinD3D12::SetResourceName:1083] D3D12 SetResourceName: nv.ngx.dlssg.resource

[2026-10-05 22:39:13] [tid:1188488][NGXCubinGeneric::CreateBufferResource:822] CUBIN 1D alloc (dlfg_network_resource), m_allocCount=125, currentSize 0.0 MB, totalSize 118.8 MB

[2026-10-05 22:39:13] [tid:1188488][ResourceName::getPublicName:679] ProductionResourceName: 'nv.ngx.dlssg.resource'

[2026-10-05 22:39:13] [tid:1188488][NGXCubinD3D12::SetResourceName:1083] D3D12 SetResourceName: nv.ngx.dlssg.resource

[2026-10-05 22:39:13] [tid:1188488][NGXCubinGeneric::CreateBufferResource:822] CUBIN 1D alloc (dlfg_network_resource), m_allocCount=126, currentSize 0.1 MB, totalSize 118.8 MB

[2026-10-05 22:39:13] [tid:1188488][ResourceName::getPublicName:679] ProductionResourceName: 'nv.ngx.dlssg.resource'

[2026-10-05 22:39:13] [tid:1188488][NGXCubinD3D12::SetResourceName:1083] D3D12 SetResourceName: nv.ngx.dlssg.resource

[2026-10-05 22:39:13] [tid:1188488][NGXCubinGeneric::CreateBufferResource:822] CUBIN 1D alloc (dlfg_network_resource), m_allocCount=127, currentSize 0.1 MB, totalSize 118.9 MB

[2026-10-05 22:39:13] [tid:1188488][ResourceName::getPublicName:679] ProductionResourceName: 'nv.ngx.dlssg.resource'

[2026-10-05 22:39:13] [tid:1188488][NGXCubinD3D12::SetResourceName:1083] D3D12 SetResourceName: nv.ngx.dlssg.resource

[2026-10-05 22:39:13] [tid:1188488][NGXCubinGeneric::CreateBufferResource:822] CUBIN 1D alloc (dlfg_network_resource), m_allocCount=128, currentSize 0.0 MB, totalSize 118.9 MB

[2026-10-05 22:39:13] [tid:1188488][ResourceName::getPublicName:679] ProductionResourceName: 'nv.ngx.dlssg.resource'

[2026-10-05 22:39:13] [tid:1188488][NGXCubinD3D12::SetResourceName:1083] D3D12 SetResourceName: nv.ngx.dlssg.resource

[2026-10-05 22:39:13] [tid:1188488][NGXCubinGeneric::CreateBufferResource:822] CUBIN 1D alloc (dlfg_network_resource), m_allocCount=129, currentSize 0.0 MB, totalSize 118.9 MB

[2026-10-05 22:39:13] [tid:1188488][ResourceName::getPublicName:679] ProductionResourceName: 'nv.ngx.dlssg.resource'

[2026-10-05 22:39:13] [tid:1188488][NGXCubinD3D12::SetResourceName:1083] D3D12 SetResourceName: nv.ngx.dlssg.resource

[2026-10-05 22:39:13] [tid:1188488][NGXCubinGeneric::CreateBufferResource:822] CUBIN 1D alloc (dlfg_network_resource), m_allocCount=130, currentSize 0.1 MB, totalSize 119.0 MB

[2026-10-05 22:39:13] [tid:1188488][ResourceName::getPublicName:679] ProductionResourceName: 'nv.ngx.dlssg.resource'

[2026-10-05 22:39:13] [tid:1188488][NGXCubinD3D12::SetResourceName:1083] D3D12 SetResourceName: nv.ngx.dlssg.resource

[2026-10-05 22:39:13] [tid:1188488][NGXCubinGeneric::CreateBufferResource:822] CUBIN 1D alloc (dlfg_network_resource), m_allocCount=131, currentSize 0.1 MB, totalSize 119.0 MB

[2026-10-05 22:39:13] [tid:1188488][ResourceName::getPublicName:679] ProductionResourceName: 'nv.ngx.dlssg.resource'

[2026-10-05 22:39:13] [tid:1188488][NGXCubinD3D12::SetResourceName:1083] D3D12 SetResourceName: nv.ngx.dlssg.resource

[2026-10-05 22:39:13] [tid:1188488][NGXCubinGeneric::CreateBufferResource:822] CUBIN 1D alloc (dlfg_network_resource), m_allocCount=132, currentSize 0.0 MB, totalSize 119.0 MB

[2026-10-05 22:39:13] [tid:1188488][ResourceName::getPublicName:679] ProductionResourceName: 'nv.ngx.dlssg.resource'

[2026-10-05 22:39:13] [tid:1188488][NGXCubinD3D12::SetResourceName:1083] D3D12 SetResourceName: nv.ngx.dlssg.resource

[2026-10-05 22:39:13] [tid:1188488][NGXCubinGeneric::CreateBufferResource:822] CUBIN 1D alloc (dlfg_network_resource), m_allocCount=133, currentSize 0.0 MB, totalSize 119.0 MB

[2026-10-05 22:39:13] [tid:1188488][ResourceName::getPublicName:679] ProductionResourceName: 'nv.ngx.dlssg.resource'

[2026-10-05 22:39:13] [tid:1188488][NGXCubinD3D12::SetResourceName:1083] D3D12 SetResourceName: nv.ngx.dlssg.resource

[2026-10-05 22:39:13] [tid:1188488][NGXCubinGeneric::CreateBufferResource:822] CUBIN 1D alloc (dlfg_network_resource), m_allocCount=134, currentSize 0.1 MB, totalSize 119.1 MB

[2026-10-05 22:39:13] [tid:1188488][ResourceName::getPublicName:679] ProductionResourceName: 'nv.ngx.dlssg.resource'

[2026-10-05 22:39:13] [tid:1188488][NGXCubinD3D12::SetResourceName:1083] D3D12 SetResourceName: nv.ngx.dlssg.resource

[2026-10-05 22:39:13] [tid:1188488][NGXCubinGeneric::CreateBufferResource:822] CUBIN 1D alloc (dlfg_network_resource), m_allocCount=135, currentSize 0.1 MB, totalSize 119.2 MB

[2026-10-05 22:39:13] [tid:1188488][ResourceName::getPublicName:679] ProductionResourceName: 'nv.ngx.dlssg.resource'

[2026-10-05 22:39:13] [tid:1188488][NGXCubinD3D12::SetResourceName:1083] D3D12 SetResourceName: nv.ngx.dlssg.resource

[2026-10-05 22:39:13] [tid:1188488][NGXCubinGeneric::CreateBufferResource:822] CUBIN 1D alloc (dlfg_network_resource), m_allocCount=136, currentSize 0.0 MB, totalSize 119.2 MB

[2026-10-05 22:39:13] [tid:1188488][ResourceName::getPublicName:679] ProductionResourceName: 'nv.ngx.dlssg.resource'

[2026-10-05 22:39:13] [tid:1188488][NGXCubinD3D12::SetResourceName:1083] D3D12 SetResourceName: nv.ngx.dlssg.resource

[2026-10-05 22:39:13] [tid:1188488][NGXCubinGeneric::CreateBufferResource:822] CUBIN 1D alloc (dlfg_network_resource), m_allocCount=137, currentSize 0.0 MB, totalSize 119.2 MB

[2026-10-05 22:39:13] [tid:1188488][ResourceName::getPublicName:679] ProductionResourceName: 'nv.ngx.dlssg.resource'

[2026-10-05 22:39:13] [tid:1188488][NGXCubinD3D12::SetResourceName:1083] D3D12 SetResourceName: nv.ngx.dlssg.resource

[2026-10-05 22:39:13] [tid:1188488][NGXCubinGeneric::CreateBufferResource:822] CUBIN 1D alloc (dlfg_network_resource), m_allocCount=138, currentSize 0.1 MB, totalSize 119.3 MB

[2026-10-05 22:39:13] [tid:1188488][ResourceName::getPublicName:679] ProductionResourceName: 'nv.ngx.dlssg.resource'

[2026-10-05 22:39:13] [tid:1188488][NGXCubinD3D12::SetResourceName:1083] D3D12 SetResourceName: nv.ngx.dlssg.resource

[2026-10-05 22:39:13] [tid:1188488][NGXCubinGeneric::CreateBufferResource:822] CUBIN 1D alloc (dlfg_network_resource), m_allocCount=139, currentSize 0.1 MB, totalSize 119.3 MB

[2026-10-05 22:39:13] [tid:1188488][ResourceName::getPublicName:679] ProductionResourceName: 'nv.ngx.dlssg.resource'

[2026-10-05 22:39:13] [tid:1188488][NGXCubinD3D12::SetResourceName:1083] D3D12 SetResourceName: nv.ngx.dlssg.resource

[2026-10-05 22:39:13] [tid:1188488][NGXCubinGeneric::CreateBufferResource:822] CUBIN 1D alloc (dlfg_network_resource), m_allocCount=140, currentSize 0.0 MB, totalSize 119.3 MB

[2026-10-05 22:39:13] [tid:1188488][ResourceName::getPublicName:679] ProductionResourceName: 'nv.ngx.dlssg.resource'

[2026-10-05 22:39:13] [tid:1188488][NGXCubinD3D12::SetResourceName:1083] D3D12 SetResourceName: nv.ngx.dlssg.resource

[2026-10-05 22:39:13] [tid:1188488][NGXCubinGeneric::CreateBufferResource:822] CUBIN 1D alloc (dlfg_network_resource), m_allocCount=141, currentSize 0.0 MB, totalSize 119.3 MB

[2026-10-05 22:39:13] [tid:1188488][ResourceName::getPublicName:679] ProductionResourceName: 'nv.ngx.dlssg.resource'

[2026-10-05 22:39:13] [tid:1188488][NGXCubinD3D12::SetResourceName:1083] D3D12 SetResourceName: nv.ngx.dlssg.resource

[2026-10-05 22:39:13] [tid:1188488][NGXCubinGeneric::CreateBufferResource:822] CUBIN 1D alloc (dlfg_network_resource), m_allocCount=142, currentSize 0.1 MB, totalSize 119.4 MB

[2026-10-05 22:39:13] [tid:1188488][ResourceName::getPublicName:679] ProductionResourceName: 'nv.ngx.dlssg.resource'

[2026-10-05 22:39:13] [tid:1188488][NGXCubinD3D12::SetResourceName:1083] D3D12 SetResourceName: nv.ngx.dlssg.resource

[2026-10-05 22:39:13] [tid:1188488][NGXCubinGeneric::CreateBufferResource:822] CUBIN 1D alloc (dlfg_network_resource), m_allocCount=143, currentSize 0.1 MB, totalSize 119.5 MB

[2026-10-05 22:39:13] [tid:1188488][ResourceName::getPublicName:679] ProductionResourceName: 'nv.ngx.dlssg.resource'

[2026-10-05 22:39:13] [tid:1188488][NGXCubinD3D12::SetResourceName:1083] D3D12 SetResourceName: nv.ngx.dlssg.resource

[2026-10-05 22:39:13] [tid:1188488][NGXCubinGeneric::CreateBufferResource:822] CUBIN 1D alloc (dlfg_network_resource), m_allocCount=144, currentSize 0.0 MB, totalSize 119.5 MB

[2026-10-05 22:39:13] [tid:1188488][ResourceName::getPublicName:679] ProductionResourceName: 'nv.ngx.dlssg.resource'

[2026-10-05 22:39:13] [tid:1188488][NGXCubinD3D12::SetResourceName:1083] D3D12 SetResourceName: nv.ngx.dlssg.resource

[2026-10-05 22:39:13] [tid:1188488][NGXCubinGeneric::CreateBufferResource:822] CUBIN 1D alloc (dlfg_network_resource), m_allocCount=145, currentSize 0.0 MB, totalSize 119.5 MB

[2026-10-05 22:39:13] [tid:1188488][ResourceName::getPublicName:679] ProductionResourceName: 'nv.ngx.dlssg.resource'

[2026-10-05 22:39:13] [tid:1188488][NGXCubinD3D12::SetResourceName:1083] D3D12 SetResourceName: nv.ngx.dlssg.resource

[2026-10-05 22:39:13] [tid:1188488][NGXCubinGeneric::CreateBufferResource:822] CUBIN 1D alloc (dlfg_network_resource), m_allocCount=146, currentSize 0.1 MB, totalSize 119.5 MB

[2026-10-05 22:39:13] [tid:1188488][ResourceName::getPublicName:679] ProductionResourceName: 'nv.ngx.dlssg.resource'

[2026-10-05 22:39:13] [tid:1188488][NGXCubinD3D12::SetResourceName:1083] D3D12 SetResourceName: nv.ngx.dlssg.resource

[2026-10-05 22:39:13] [tid:1188488][NGXCubinGeneric::CreateBufferResource:822] CUBIN 1D alloc (dlfg_network_resource), m_allocCount=147, currentSize 0.1 MB, totalSize 119.6 MB

[2026-10-05 22:39:13] [tid:1188488][ResourceName::getPublicName:679] ProductionResourceName: 'nv.ngx.dlssg.resource'

[2026-10-05 22:39:13] [tid:1188488][NGXCubinD3D12::SetResourceName:1083] D3D12 SetResourceName: nv.ngx.dlssg.resource

[2026-10-05 22:39:13] [tid:1188488][NGXCubinGeneric::CreateBufferResource:822] CUBIN 1D alloc (dlfg_network_resource), m_allocCount=148, currentSize 0.0 MB, totalSize 119.6 MB

[2026-10-05 22:39:13] [tid:1188488][ResourceName::getPublicName:679] ProductionResourceName: 'nv.ngx.dlssg.resource'

[2026-10-05 22:39:13] [tid:1188488][NGXCubinD3D12::SetResourceName:1083] D3D12 SetResourceName: nv.ngx.dlssg.resource

[2026-10-05 22:39:13] [tid:1188488][NGXCubinGeneric::CreateBufferResource:822] CUBIN 1D alloc (dlfg_network_resource), m_allocCount=149, currentSize 0.0 MB, totalSize 119.6 MB

[2026-10-05 22:39:13] [tid:1188488][ResourceName::getPublicName:679] ProductionResourceName: 'nv.ngx.dlssg.resource'

[2026-10-05 22:39:13] [tid:1188488][NGXCubinD3D12::SetResourceName:1083] D3D12 SetResourceName: nv.ngx.dlssg.resource

[2026-10-05 22:39:13] [tid:1188488][NGXCubinGeneric::CreateBufferResource:822] CUBIN 1D alloc (dlfg_network_resource), m_allocCount=150, currentSize 0.1 MB, totalSize 119.7 MB

[2026-10-05 22:39:13] [tid:1188488][ResourceName::getPublicName:679] ProductionResourceName: 'nv.ngx.dlssg.resource'

[2026-10-05 22:39:13] [tid:1188488][NGXCubinD3D12::SetResourceName:1083] D3D12 SetResourceName: nv.ngx.dlssg.resource

[2026-10-05 22:39:13] [tid:1188488][NGXCubinGeneric::CreateBufferResource:822] CUBIN 1D alloc (dlfg_network_resource), m_allocCount=151, currentSize 0.1 MB, totalSize 119.8 MB

[2026-10-05 22:39:13] [tid:1188488][ResourceName::getPublicName:679] ProductionResourceName: 'nv.ngx.dlssg.resource'

[2026-10-05 22:39:13] [tid:1188488][NGXCubinD3D12::SetResourceName:1083] D3D12 SetResourceName: nv.ngx.dlssg.resource

[2026-10-05 22:39:13] [tid:1188488][NGXCubinGeneric::CreateBufferResource:822] CUBIN 1D alloc (dlfg_network_resource), m_allocCount=152, currentSize 0.0 MB, totalSize 119.8 MB

[2026-10-05 22:39:13] [tid:1188488][ResourceName::getPublicName:679] ProductionResourceName: 'nv.ngx.dlssg.resource'

[2026-10-05 22:39:13] [tid:1188488][NGXCubinD3D12::SetResourceName:1083] D3D12 SetResourceName: nv.ngx.dlssg.resource

[2026-10-05 22:39:13] [tid:1188488][NGXCubinGeneric::CreateBufferResource:822] CUBIN 1D alloc (dlfg_network_resource), m_allocCount=153, currentSize 0.0 MB, totalSize 119.8 MB

[2026-10-05 22:39:13] [tid:1188488][ResourceName::getPublicName:679] ProductionResourceName: 'nv.ngx.dlssg.resource'

[2026-10-05 22:39:13] [tid:1188488][NGXCubinD3D12::SetResourceName:1083] D3D12 SetResourceName: nv.ngx.dlssg.resource

[2026-10-05 22:39:13] [tid:1188488][NGXCubinGeneric::CreateBufferResource:822] CUBIN 1D alloc (dlfg_network_resource), m_allocCount=154, currentSize 0.0 MB, totalSize 119.8 MB

[2026-10-05 22:39:13] [tid:1188488][ResourceName::getPublicName:679] ProductionResourceName: 'nv.ngx.dlssg.resource'

[2026-10-05 22:39:13] [tid:1188488][NGXCubinD3D12::SetResourceName:1083] D3D12 SetResourceName: nv.ngx.dlssg.resource

[2026-10-05 22:39:13] [tid:1188488][NGXCubinGeneric::CreateBufferResource:822] CUBIN 1D alloc (dlfg_network_resource), m_allocCount=155, currentSize 0.0 MB, totalSize 119.8 MB

[2026-10-05 22:39:13] [tid:1188488][ResourceName::getPublicName:679] ProductionResourceName: 'nv.ngx.dlssg.resource'

[2026-10-05 22:39:13] [tid:1188488][NGXCubinD3D12::SetResourceName:1083] D3D12 SetResourceName: nv.ngx.dlssg.resource

[2026-10-05 22:39:13] [tid:1188488][NGXCubinGeneric::CreateBufferResource:822] CUBIN 1D alloc (dlfg_network_resource), m_allocCount=156, currentSize 0.0 MB, totalSize 119.8 MB

[2026-10-05 22:39:13] [tid:1188488][ResourceName::getPublicName:679] ProductionResourceName: 'nv.ngx.dlssg.resource'

[2026-10-05 22:39:13] [tid:1188488][NGXCubinD3D12::SetResourceName:1083] D3D12 SetResourceName: nv.ngx.dlssg.resource

[2026-10-05 22:39:13] [tid:1188488][NGXCubinGeneric::CreateBufferResource:822] CUBIN 1D alloc (dlfg_network_resource), m_allocCount=157, currentSize 0.0 MB, totalSize 119.8 MB

[2026-10-05 22:39:13] [tid:1188488][ResourceName::getPublicName:679] ProductionResourceName: 'nv.ngx.dlssg.resource'

[2026-10-05 22:39:13] [tid:1188488][NGXCubinD3D12::SetResourceName:1083] D3D12 SetResourceName: nv.ngx.dlssg.resource

[2026-10-05 22:39:13] [tid:1188488][NGXCubinGeneric::CreateBufferResource:822] CUBIN 1D alloc (dlfg_network_resource), m_allocCount=158, currentSize 0.0 MB, totalSize 119.8 MB

[2026-10-05 22:39:13] [tid:1188488][ResourceName::getPublicName:679] ProductionResourceName: 'nv.ngx.dlssg.resource'

[2026-10-05 22:39:13] [tid:1188488][NGXCubinD3D12::SetResourceName:1083] D3D12 SetResourceName: nv.ngx.dlssg.resource

[2026-10-05 22:39:13] [tid:1188488][NGXCubinGeneric::CreateBufferResource:822] CUBIN 1D alloc (dlfg_network_resource), m_allocCount=159, currentSize 0.0 MB, totalSize 119.8 MB

[2026-10-05 22:39:13] [tid:1188488][ResourceName::getPublicName:679] ProductionResourceName: 'nv.ngx.dlssg.resource'

[2026-10-05 22:39:13] [tid:1188488][NGXCubinD3D12::SetResourceName:1083] D3D12 SetResourceName: nv.ngx.dlssg.resource

[2026-10-05 22:39:13] [tid:1188488][NGXCubinGeneric::CreateBufferResource:822] CUBIN 1D alloc (dlfg_network_resource), m_allocCount=160, currentSize 0.0 MB, totalSize 119.8 MB

[2026-10-05 22:39:13] [tid:1188488][ResourceName::getPublicName:679] ProductionResourceName: 'nv.ngx.dlssg.resource'

[2026-10-05 22:39:13] [tid:1188488][NGXCubinD3D12::SetResourceName:1083] D3D12 SetResourceName: nv.ngx.dlssg.resource

[2026-10-05 22:39:13] [tid:1188488][NGXCubinGeneric::CreateBufferResource:822] CUBIN 1D alloc (dlfg_network_resource), m_allocCount=161, currentSize 0.0 MB, totalSize 119.8 MB

[2026-10-05 22:39:13] [tid:1188488][ResourceName::getPublicName:679] ProductionResourceName: 'nv.ngx.dlssg.resource'

[2026-10-05 22:39:13] [tid:1188488][NGXCubinD3D12::SetResourceName:1083] D3D12 SetResourceName: nv.ngx.dlssg.resource

[2026-10-05 22:39:13] [tid:1188488][NGXCubinGeneric::CreateBufferResource:822] CUBIN 1D alloc (dlfg_network_resource), m_allocCount=162, currentSize 0.0 MB, totalSize 119.8 MB

[2026-10-05 22:39:13] [tid:1188488][ResourceName::getPublicName:679] ProductionResourceName: 'nv.ngx.dlssg.resource'

[2026-10-05 22:39:13] [tid:1188488][NGXCubinD3D12::SetResourceName:1083] D3D12 SetResourceName: nv.ngx.dlssg.resource

[2026-10-05 22:39:13] [tid:1188488][NGXCubinGeneric::CreateBufferResource:822] CUBIN 1D alloc (dlfg_network_resource), m_allocCount=163, currentSize 0.0 MB, totalSize 119.9 MB

[2026-10-05 22:39:13] [tid:1188488][ResourceName::getPublicName:679] ProductionResourceName: 'nv.ngx.dlssg.resource'

[2026-10-05 22:39:13] [tid:1188488][NGXCubinD3D12::SetResourceName:1083] D3D12 SetResourceName: nv.ngx.dlssg.resource

[2026-10-05 22:39:13] [tid:1188488][NGXCubinGeneric::CreateBufferResource:822] CUBIN 1D alloc (dlfg_network_resource), m_allocCount=164, currentSize 0.0 MB, totalSize 119.9 MB

[2026-10-05 22:39:13] [tid:1188488][ResourceName::getPublicName:679] ProductionResourceName: 'nv.ngx.dlssg.resource'

[2026-10-05 22:39:13] [tid:1188488][NGXCubinD3D12::SetResourceName:1083] D3D12 SetResourceName: nv.ngx.dlssg.resource

[2026-10-05 22:39:13] [tid:1188488][NGXCubinGeneric::CreateBufferResource:822] CUBIN 1D alloc (dlfg_network_resource), m_allocCount=165, currentSize 0.0 MB, totalSize 119.9 MB

[2026-10-05 22:39:13] [tid:1188488][ResourceName::getPublicName:679] ProductionResourceName: 'nv.ngx.dlssg.resource'

[2026-10-05 22:39:13] [tid:1188488][NGXCubinD3D12::SetResourceName:1083] D3D12 SetResourceName: nv.ngx.dlssg.resource

[2026-10-05 22:39:13] [tid:1188488][NGXCubinGeneric::CreateBufferResource:822] CUBIN 1D alloc (dlfg_network_resource), m_allocCount=166, currentSize 0.0 MB, totalSize 119.9 MB

[2026-10-05 22:39:13] [tid:1188488][ResourceName::getPublicName:679] ProductionResourceName: 'nv.ngx.dlssg.resource'

[2026-10-05 22:39:13] [tid:1188488][NGXCubinD3D12::SetResourceName:1083] D3D12 SetResourceName: nv.ngx.dlssg.resource

[2026-10-05 22:39:13] [tid:1188488][NGXCubinGeneric::CreateBufferResource:822] CUBIN 1D alloc (dlfg_network_resource), m_allocCount=167, currentSize 0.0 MB, totalSize 119.9 MB

[2026-10-05 22:39:13] [tid:1188488][ResourceName::getPublicName:679] ProductionResourceName: 'nv.ngx.dlssg.resource'

[2026-10-05 22:39:13] [tid:1188488][NGXCubinD3D12::SetResourceName:1083] D3D12 SetResourceName: nv.ngx.dlssg.resource

[2026-10-05 22:39:13] [tid:1188488][NGXCubinGeneric::CreateBufferResource:822] CUBIN 1D alloc (dlfg_network_resource), m_allocCount=168, currentSize 0.0 MB, totalSize 119.9 MB

[2026-10-05 22:39:13] [tid:1188488][ResourceName::getPublicName:679] ProductionResourceName: 'nv.ngx.dlssg.resource'

[2026-10-05 22:39:13] [tid:1188488][NGXCubinD3D12::SetResourceName:1083] D3D12 SetResourceName: nv.ngx.dlssg.resource

[2026-10-05 22:39:13] [tid:1188488][NGXCubinGeneric::CreateBufferResource:822] CUBIN 1D alloc (dlfg_network_resource), m_allocCount=169, currentSize 0.0 MB, totalSize 119.9 MB

[2026-10-05 22:39:13] [tid:1188488][ResourceName::getPublicName:679] ProductionResourceName: 'nv.ngx.dlssg.resource'

[2026-10-05 22:39:13] [tid:1188488][NGXCubinD3D12::SetResourceName:1083] D3D12 SetResourceName: nv.ngx.dlssg.resource

[2026-10-05 22:39:13] [tid:1188488][NGXCubinGeneric::CreateBufferResource:822] CUBIN 1D alloc (dlfg_network_resource), m_allocCount=170, currentSize 0.0 MB, totalSize 119.9 MB

[2026-10-05 22:39:13] [tid:1188488][ResourceName::getPublicName:679] ProductionResourceName: 'nv.ngx.dlssg.resource'

[2026-10-05 22:39:13] [tid:1188488][NGXCubinD3D12::SetResourceName:1083] D3D12 SetResourceName: nv.ngx.dlssg.resource

[2026-10-05 22:39:13] [tid:1188488][NGXCubinGeneric::CreateBufferResource:822] CUBIN 1D alloc (dlfg_network_resource), m_allocCount=171, currentSize 0.0 MB, totalSize 119.9 MB

[2026-10-05 22:39:13] [tid:1188488][ResourceName::getPublicName:679] ProductionResourceName: 'nv.ngx.dlssg.resource'

[2026-10-05 22:39:13] [tid:1188488][NGXCubinD3D12::SetResourceName:1083] D3D12 SetResourceName: nv.ngx.dlssg.resource

[2026-10-05 22:39:13] [tid:1188488][NGXCubinGeneric::CreateBufferResource:822] CUBIN 1D alloc (dlfg_network_resource), m_allocCount=172, currentSize 0.0 MB, totalSize 119.9 MB

[2026-10-05 22:39:13] [tid:1188488][ResourceName::getPublicName:679] ProductionResourceName: 'nv.ngx.dlssg.resource'

[2026-10-05 22:39:13] [tid:1188488][NGXCubinD3D12::SetResourceName:1083] D3D12 SetResourceName: nv.ngx.dlssg.resource

[2026-10-05 22:39:13] [tid:1188488][NGXCubinGeneric::CreateBufferResource:822] CUBIN 1D alloc (dlfg_network_resource), m_allocCount=173, currentSize 0.0 MB, totalSize 119.9 MB

[2026-10-05 22:39:13] [tid:1188488][ResourceName::getPublicName:679] ProductionResourceName: 'nv.ngx.dlssg.resource'

[2026-10-05 22:39:13] [tid:1188488][NGXCubinD3D12::SetResourceName:1083] D3D12 SetResourceName: nv.ngx.dlssg.resource

[2026-10-05 22:39:13] [tid:1188488][NGXCubinGeneric::CreateBufferResource:822] CUBIN 1D alloc (dlfg_network_resource), m_allocCount=174, currentSize 0.0 MB, totalSize 119.9 MB

[2026-10-05 22:39:13] [tid:1188488][ResourceName::getPublicName:679] ProductionResourceName: 'nv.ngx.dlssg.resource'

[2026-10-05 22:39:13] [tid:1188488][NGXCubinD3D12::SetResourceName:1083] D3D12 SetResourceName: nv.ngx.dlssg.resource

[2026-10-05 22:39:13] [tid:1188488][NGXCubinGeneric::CreateBufferResource:822] CUBIN 1D alloc (dlfg_network_resource), m_allocCount=175, currentSize 0.0 MB, totalSize 120.0 MB

[2026-10-05 22:39:13] [tid:1188488][ResourceName::getPublicName:679] ProductionResourceName: 'nv.ngx.dlssg.resource'

[2026-10-05 22:39:13] [tid:1188488][NGXCubinD3D12::SetResourceName:1083] D3D12 SetResourceName: nv.ngx.dlssg.resource

[2026-10-05 22:39:13] [tid:1188488][NGXCubinGeneric::CreateBufferResource:822] CUBIN 1D alloc (dlfg_network_resource), m_allocCount=176, currentSize 0.0 MB, totalSize 120.0 MB

[2026-10-05 22:39:13] [tid:1188488][ResourceName::getPublicName:679] ProductionResourceName: 'nv.ngx.dlssg.resource'

[2026-10-05 22:39:13] [tid:1188488][NGXCubinD3D12::SetResourceName:1083] D3D12 SetResourceName: nv.ngx.dlssg.resource

[2026-10-05 22:39:13] [tid:1188488][NGXCubinGeneric::CreateBufferResource:822] CUBIN 1D alloc (dlfg_network_resource), m_allocCount=177, currentSize 0.0 MB, totalSize 120.0 MB

[2026-10-05 22:39:13] [tid:1188488][ResourceName::getPublicName:679] ProductionResourceName: 'nv.ngx.dlssg.resource'

[2026-10-05 22:39:13] [tid:1188488][NGXCubinD3D12::SetResourceName:1083] D3D12 SetResourceName: nv.ngx.dlssg.resource

[2026-10-05 22:39:13] [tid:1188488][NGXCubinGeneric::CreateBufferResource:822] CUBIN 1D alloc (dlfg_network_resource), m_allocCount=178, currentSize 0.0 MB, totalSize 120.0 MB

[2026-10-05 22:39:13] [tid:1188488][ResourceName::getPublicName:679] ProductionResourceName: 'nv.ngx.dlssg.resource'

[2026-10-05 22:39:13] [tid:1188488][NGXCubinD3D12::SetResourceName:1083] D3D12 SetResourceName: nv.ngx.dlssg.resource

[2026-10-05 22:39:13] [tid:1188488][NGXCubinGeneric::CreateBufferResource:822] CUBIN 1D alloc (dlfg_network_resource), m_allocCount=179, currentSize 0.0 MB, totalSize 120.0 MB

[2026-10-05 22:39:13] [tid:1188488][ResourceName::getPublicName:679] ProductionResourceName: 'nv.ngx.dlssg.resource'

[2026-10-05 22:39:13] [tid:1188488][NGXCubinD3D12::SetResourceName:1083] D3D12 SetResourceName: nv.ngx.dlssg.resource

[2026-10-05 22:39:13] [tid:1188488][NGXCubinGeneric::CreateBufferResource:822] CUBIN 1D alloc (dlfg_network_resource), m_allocCount=180, currentSize 0.0 MB, totalSize 120.0 MB

[2026-10-05 22:39:13] [tid:1188488][ResourceName::getPublicName:679] ProductionResourceName: 'nv.ngx.dlssg.resource'

[2026-10-05 22:39:13] [tid:1188488][NGXCubinD3D12::SetResourceName:1083] D3D12 SetResourceName: nv.ngx.dlssg.resource

[2026-10-05 22:39:13] [tid:1188488][NGXCubinGeneric::CreateBufferResource:822] CUBIN 1D alloc (dlfg_network_resource), m_allocCount=181, currentSize 0.0 MB, totalSize 120.0 MB

[2026-10-05 22:39:13] [tid:1188488][ResourceName::getPublicName:679] ProductionResourceName: 'nv.ngx.dlssg.resource'

[2026-10-05 22:39:13] [tid:1188488][NGXCubinD3D12::SetResourceName:1083] D3D12 SetResourceName: nv.ngx.dlssg.resource

[2026-10-05 22:39:13] [tid:1188488][NGXCubinGeneric::CreateBufferResource:822] CUBIN 1D alloc (dlfg_network_resource), m_allocCount=182, currentSize 0.0 MB, totalSize 120.0 MB

[2026-10-05 22:39:13] [tid:1188488][ResourceName::getPublicName:679] ProductionResourceName: 'nv.ngx.dlssg.resource'

[2026-10-05 22:39:13] [tid:1188488][NGXCubinD3D12::SetResourceName:1083] D3D12 SetResourceName: nv.ngx.dlssg.resource

[2026-10-05 22:39:13] [tid:1188488][NGXCubinGeneric::CreateBufferResource:822] CUBIN 1D alloc (dlfg_network_resource), m_allocCount=183, currentSize 0.0 MB, totalSize 120.0 MB

[2026-10-05 22:39:13] [tid:1188488][ResourceName::getPublicName:679] ProductionResourceName: 'nv.ngx.dlssg.resource'

[2026-10-05 22:39:13] [tid:1188488][NGXCubinD3D12::SetResourceName:1083] D3D12 SetResourceName: nv.ngx.dlssg.resource

[2026-10-05 22:39:13] [tid:1188488][NGXCubinGeneric::CreateBufferResource:822] CUBIN 1D alloc (dlfg_network_resource), m_allocCount=184, currentSize 0.0 MB, totalSize 120.0 MB

[2026-10-05 22:39:13] [tid:1188488][ResourceName::getPublicName:679] ProductionResourceName: 'nv.ngx.dlssg.resource'

[2026-10-05 22:39:13] [tid:1188488][NGXCubinD3D12::SetResourceName:1083] D3D12 SetResourceName: nv.ngx.dlssg.resource

[2026-10-05 22:39:13] [tid:1188488][NGXCubinGeneric::CreateBufferResource:822] CUBIN 1D alloc (dlfg_network_resource), m_allocCount=185, currentSize 0.0 MB, totalSize 120.0 MB

[2026-10-05 22:39:13] [tid:1188488][ResourceName::getPublicName:679] ProductionResourceName: 'nv.ngx.dlssg.resource'

[2026-10-05 22:39:13] [tid:1188488][NGXCubinD3D12::SetResourceName:1083] D3D12 SetResourceName: nv.ngx.dlssg.resource

[2026-10-05 22:39:13] [tid:1188488][NGXCubinGeneric::CreateBufferResource:822] CUBIN 1D alloc (dlfg_network_resource), m_allocCount=186, currentSize 0.0 MB, totalSize 120.1 MB

[2026-10-05 22:39:13] [tid:1188488][ResourceName::getPublicName:679] ProductionResourceName: 'nv.ngx.dlssg.resource'

[2026-10-05 22:39:13] [tid:1188488][NGXCubinD3D12::SetResourceName:1083] D3D12 SetResourceName: nv.ngx.dlssg.resource

[2026-10-05 22:39:13] [tid:1188488][NGXCubinGeneric::CreateBufferResource:822] CUBIN 1D alloc (dlfg_network_resource), m_allocCount=187, currentSize 0.0 MB, totalSize 120.1 MB

[2026-10-05 22:39:13] [tid:1188488][ResourceName::getPublicName:679] ProductionResourceName: 'nv.ngx.dlssg.resource'

[2026-10-05 22:39:13] [tid:1188488][NGXCubinD3D12::SetResourceName:1083] D3D12 SetResourceName: nv.ngx.dlssg.resource

[2026-10-05 22:39:13] [tid:1188488][NGXCubinGeneric::CreateBufferResource:822] CUBIN 1D alloc (dlfg_network_resource), m_allocCount=188, currentSize 0.0 MB, totalSize 120.1 MB

[2026-10-05 22:39:13] [tid:1188488][ResourceName::getPublicName:679] ProductionResourceName: 'nv.ngx.dlssg.resource'

[2026-10-05 22:39:13] [tid:1188488][NGXCubinD3D12::SetResourceName:1083] D3D12 SetResourceName: nv.ngx.dlssg.resource

[2026-10-05 22:39:13] [tid:1188488][NGXCubinGeneric::CreateBufferResource:822] CUBIN 1D alloc (dlfg_network_resource), m_allocCount=189, currentSize 0.0 MB, totalSize 120.1 MB

[2026-10-05 22:39:13] [tid:1188488][ResourceName::getPublicName:679] ProductionResourceName: 'nv.ngx.dlssg.resource'

[2026-10-05 22:39:13] [tid:1188488][NGXCubinD3D12::SetResourceName:1083] D3D12 SetResourceName: nv.ngx.dlssg.resource

[2026-10-05 22:39:13] [tid:1188488][NGXCubinGeneric::CreateBufferResource:822] CUBIN 1D alloc (dlfg_network_resource), m_allocCount=190, currentSize 0.0 MB, totalSize 120.1 MB

[2026-10-05 22:39:13] [tid:1188488][ResourceName::getPublicName:679] ProductionResourceName: 'nv.ngx.dlssg.resource'

[2026-10-05 22:39:13] [tid:1188488][NGXCubinD3D12::SetResourceName:1083] D3D12 SetResourceName: nv.ngx.dlssg.resource

[2026-10-05 22:39:13] [tid:1188488][NGXCubinGeneric::CreateBufferResource:822] CUBIN 1D alloc (dlfg_network_resource), m_allocCount=191, currentSize 0.0 MB, totalSize 120.1 MB

[2026-10-05 22:39:13] [tid:1188488][ResourceName::getPublicName:679] ProductionResourceName: 'nv.ngx.dlssg.resource'

[2026-10-05 22:39:13] [tid:1188488][NGXCubinD3D12::SetResourceName:1083] D3D12 SetResourceName: nv.ngx.dlssg.resource

[2026-10-05 22:39:13] [tid:1188488][NGXCubinGeneric::CreateBufferResource:822] CUBIN 1D alloc (dlfg_network_resource), m_allocCount=192, currentSize 0.0 MB, totalSize 120.1 MB

[2026-10-05 22:39:13] [tid:1188488][ResourceName::getPublicName:679] ProductionResourceName: 'nv.ngx.dlssg.resource'

[2026-10-05 22:39:13] [tid:1188488][NGXCubinD3D12::SetResourceName:1083] D3D12 SetResourceName: nv.ngx.dlssg.resource

[2026-10-05 22:39:13] [tid:1188488][NGXCubinGeneric::CreateBufferResource:822] CUBIN 1D alloc (dlfg_network_resource), m_allocCount=193, currentSize 0.0 MB, totalSize 120.1 MB

[2026-10-05 22:39:13] [tid:1188488][ResourceName::getPublicName:679] ProductionResourceName: 'nv.ngx.dlssg.resource'

[2026-10-05 22:39:13] [tid:1188488][NGXCubinD3D12::SetResourceName:1083] D3D12 SetResourceName: nv.ngx.dlssg.resource

[2026-10-05 22:39:13] [tid:1188488][NGXCubinGeneric::CreateBufferResource:822] CUBIN 1D alloc (dlfg_network_resource), m_allocCount=194, currentSize 0.0 MB, totalSize 120.1 MB

[2026-10-05 22:39:13] [tid:1188488][ResourceName::getPublicName:679] ProductionResourceName: 'nv.ngx.dlssg.resource'

[2026-10-05 22:39:13] [tid:1188488][NGXCubinD3D12::SetResourceName:1083] D3D12 SetResourceName: nv.ngx.dlssg.resource

[2026-10-05 22:39:13] [tid:1188488][NGXCubinGeneric::CreateBufferResource:822] CUBIN 1D alloc (dlfg_network_resource), m_allocCount=195, currentSize 0.0 MB, totalSize 120.1 MB

[2026-10-05 22:39:13] [tid:1188488][ResourceName::getPublicName:679] ProductionResourceName: 'nv.ngx.dlssg.resource'

[2026-10-05 22:39:13] [tid:1188488][NGXCubinD3D12::SetResourceName:1083] D3D12 SetResourceName: nv.ngx.dlssg.resource

[2026-10-05 22:39:13] [tid:1188488][NGXCubinGeneric::CreateBufferResource:822] CUBIN 1D alloc (dlfg_network_resource), m_allocCount=196, currentSize 0.0 MB, totalSize 120.1 MB

[2026-10-05 22:39:13] [tid:1188488][ResourceName::getPublicName:679] ProductionResourceName: 'nv.ngx.dlssg.resource'

[2026-10-05 22:39:13] [tid:1188488][NGXCubinD3D12::SetResourceName:1083] D3D12 SetResourceName: nv.ngx.dlssg.resource

[2026-10-05 22:39:13] [tid:1188488][NGXCubinGeneric::CreateBufferResource:822] CUBIN 1D alloc (dlfg_network_resource), m_allocCount=197, currentSize 0.0 MB, totalSize 120.1 MB

[2026-10-05 22:39:13] [tid:1188488][ResourceName::getPublicName:679] ProductionResourceName: 'nv.ngx.dlssg.resource'

[2026-10-05 22:39:13] [tid:1188488][NGXCubinD3D12::SetResourceName:1083] D3D12 SetResourceName: nv.ngx.dlssg.resource

[2026-10-05 22:39:13] [tid:1188488][NGXCubinGeneric::CreateBufferResource:822] CUBIN 1D alloc (dlfg_network_resource), m_allocCount=198, currentSize 0.0 MB, totalSize 120.2 MB

[2026-10-05 22:39:13] [tid:1188488][ResourceName::getPublicName:679] ProductionResourceName: 'nv.ngx.dlssg.resource'

[2026-10-05 22:39:13] [tid:1188488][NGXCubinD3D12::SetResourceName:1083] D3D12 SetResourceName: nv.ngx.dlssg.resource

[2026-10-05 22:39:13] [tid:1188488][NGXCubinGeneric::CreateBufferResource:822] CUBIN 1D alloc (dlfg_network_resource), m_allocCount=199, currentSize 0.0 MB, totalSize 120.2 MB

[2026-10-05 22:39:13] [tid:1188488][ResourceName::getPublicName:679] ProductionResourceName: 'nv.ngx.dlssg.resource'

[2026-10-05 22:39:13] [tid:1188488][NGXCubinD3D12::SetResourceName:1083] D3D12 SetResourceName: nv.ngx.dlssg.resource

[2026-10-05 22:39:13] [tid:1188488][NGXCubinGeneric::CreateBufferResource:822] CUBIN 1D alloc (dlfg_network_resource), m_allocCount=200, currentSize 0.0 MB, totalSize 120.2 MB

[2026-10-05 22:39:13] [tid:1188488][ResourceName::getPublicName:679] ProductionResourceName: 'nv.ngx.dlssg.resource'

[2026-10-05 22:39:13] [tid:1188488][NGXCubinD3D12::SetResourceName:1083] D3D12 SetResourceName: nv.ngx.dlssg.resource

[2026-10-05 22:39:13] [tid:1188488][NGXCubinGeneric::CreateBufferResource:822] CUBIN 1D alloc (dlfg_network_resource), m_allocCount=201, currentSize 0.0 MB, totalSize 120.2 MB

[2026-10-05 22:39:13] [tid:1188488][ResourceName::getPublicName:679] ProductionResourceName: 'nv.ngx.dlssg.resource'

[2026-10-05 22:39:13] [tid:1188488][NGXCubinD3D12::SetResourceName:1083] D3D12 SetResourceName: nv.ngx.dlssg.resource

[2026-10-05 22:39:13] [tid:1188488][NGXCubinGeneric::CreateBufferResource:822] CUBIN 1D alloc (dlfg_network_resource), m_allocCount=202, currentSize 0.0 MB, totalSize 120.2 MB

[2026-10-05 22:39:13] [tid:1188488][ResourceName::getPublicName:679] ProductionResourceName: 'nv.ngx.dlssg.resource'

[2026-10-05 22:39:13] [tid:1188488][NGXCubinD3D12::SetResourceName:1083] D3D12 SetResourceName: nv.ngx.dlssg.resource

[2026-10-05 22:39:13] [tid:1188488][NGXCubinGeneric::CreateBufferResource:822] CUBIN 1D alloc (dlfg_network_resource), m_allocCount=203, currentSize 0.0 MB, totalSize 120.2 MB

[2026-10-05 22:39:13] [tid:1188488][ResourceName::getPublicName:679] ProductionResourceName: 'nv.ngx.dlssg.resource'

[2026-10-05 22:39:13] [tid:1188488][NGXCubinD3D12::SetResourceName:1083] D3D12 SetResourceName: nv.ngx.dlssg.resource

[2026-10-05 22:39:13] [tid:1188488][NGXCubinGeneric::CreateBufferResource:822] CUBIN 1D alloc (dlfg_network_resource), m_allocCount=204, currentSize 0.0 MB, totalSize 120.2 MB

[2026-10-05 22:39:13] [tid:1188488][ResourceName::getPublicName:679] ProductionResourceName: 'nv.ngx.dlssg.resource'

[2026-10-05 22:39:13] [tid:1188488][NGXCubinD3D12::SetResourceName:1083] D3D12 SetResourceName: nv.ngx.dlssg.resource

[2026-10-05 22:39:13] [tid:1188488][NGXCubinGeneric::CreateBufferResource:822] CUBIN 1D alloc (dlfg_network_resource), m_allocCount=205, currentSize 0.0 MB, totalSize 120.2 MB

[2026-10-05 22:39:13] [tid:1188488][ResourceName::getPublicName:679] ProductionResourceName: 'nv.ngx.dlssg.resource'

[2026-10-05 22:39:13] [tid:1188488][NGXCubinD3D12::SetResourceName:1083] D3D12 SetResourceName: nv.ngx.dlssg.resource

[2026-10-05 22:39:13] [NGXStoreCallToCreateFeature:780] stored create feature dlssg handle 1

[2026-10-05 22:39:13] [tid:1188488][NGXCubinGeneric::PushToDestroy:1142] Scheduled to destroy 0x1d5956e28e0

[2026-10-05 22:39:13] [tid:1188488][NGXCubinGeneric::PushToDestroy:1142] Scheduled to destroy 0x1d5956e1cd0

[2026-10-05 22:39:13] [tid:1188488][NGXCubinGeneric::PushToDestroy:1142] Scheduled to destroy 0x1d5956fb090

[2026-10-05 22:39:13] [tid:1188488][NGXCubinGeneric::PushToDestroy:1142] Scheduled to destroy 0x1d5956fa480

[2026-10-05 22:39:13] [tid:1188488][NGXCubinGeneric::PushToDestroy:1142] Scheduled to destroy 0x1d5956fc8b0

[2026-10-05 22:39:13] [tid:1188488][NGXCubinGeneric::PushToDestroy:1142] Scheduled to destroy 0x1d5956ff8f0

[2026-10-05 22:39:13] [tid:1188488][NGXCubinGeneric::PushToDestroy:1142] Scheduled to destroy 0x1d5956fd4c0

[2026-10-05 22:39:13] [tid:1188488][NGXCubinGeneric::PushToDestroy:1142] Scheduled to destroy 0x1d595704150

[2026-10-05 22:39:13] [tid:1188488][NGXCubinGeneric::PushToDestroy:1142] Scheduled to destroy 0x1d595704d60

[2026-10-05 22:39:13] [tid:1188488][NGXCubinGeneric::PushToDestroy:1142] Scheduled to destroy 0x1d595702930

[2026-10-05 22:39:13] [tid:1188488][NGXCubinGeneric::PushToDestroy:1142] Scheduled to destroy 0x1d595705970

[2026-10-05 22:39:13] [tid:1188488][NGXCubinGeneric::PushToDestroy:1142] Scheduled to destroy 0x1d595707190

[2026-10-05 22:39:13] [tid:1188488][NGXCubinGeneric::PushToDestroy:1142] Scheduled to destroy 0x1d595714850

[2026-10-05 22:39:13] [tid:1188488][NGXCubinGeneric::PushToDestroy:1142] Scheduled to destroy 0x1d595713c40

[2026-10-05 22:39:13] [tid:1188488][NGXCubinGeneric::PushToDestroy:1142] Scheduled to destroy 0x1d595713030

[2026-10-05 22:39:13] [tid:1188488][NGXCubinGeneric::PushToDestroy:1142] Scheduled to destroy 0x1d595716c80

[2026-10-05 22:39:13] [tid:1188488][NGXCubinGeneric::PushToDestroy:1142] Scheduled to destroy 0x1d595717890

[2026-10-05 22:39:13] [tid:1188488][NGXCubinGeneric::PushToDestroy:1142] Scheduled to destroy 0x1d59571e520

[2026-10-05 22:39:13] [tid:1188488][NGXCubinGeneric::PushToDestroy:1142] Scheduled to destroy 0x1d59592a5c0

[2026-10-05 22:39:13] [tid:1188488][NGXCubinGeneric::PushToDestroy:1142] Scheduled to destroy 0x1d595928190

[2026-10-05 22:39:13] [tid:1188488][NGXCubinGeneric::PushToDestroy:1142] Scheduled to destroy 0x1d5959299b0

[2026-10-05 22:39:13] [tid:1188488][NGXCubinGeneric::PushToDestroy:1142] Scheduled to destroy 0x1d59592d600

[2026-10-05 22:39:13] [tid:1188488][NGXCubinGeneric::PushToDestroy:1142] Scheduled to destroy 0x1d595931250

[2026-10-05 22:39:13] [tid:1188488][NGXCubinGeneric::PushToDestroy:1142] Scheduled to destroy 0x1d59592e210

[2026-10-05 22:39:13] [tid:1188488][NGXCubinGeneric::PushToDestroy:1142] Scheduled to destroy 0x1d59592ee20

[2026-10-05 22:39:13] [tid:1188488][NGXCubinGeneric::PushToDestroy:1142] Scheduled to destroy 0x1d59592fa30

[2026-10-05 22:39:13] [tid:1188488][NGXCubinGeneric::PushToDestroy:1142] Scheduled to destroy 0x1d595934ea0

[2026-10-05 22:39:13] [tid:1188488][NGXCubinGeneric::PushToDestroy:1142] Scheduled to destroy 0x1d595935ab0

[2026-10-05 22:39:13] [tid:1188488][NGXCubinGeneric::PushToDestroy:1142] Scheduled to destroy 0x1d595934290

[2026-10-05 22:39:13] [tid:1188488][NGXCubinGeneric::PushToDestroy:1142] Scheduled to destroy 0x1d595944dd0

[2026-10-05 22:39:13] [tid:1188488][NGXCubinGeneric::PushToDestroy:1142] Scheduled to destroy 0x1d595947200

[2026-10-05 22:39:13] [tid:1188488][NGXCubinGeneric::PushToDestroy:1142] Scheduled to destroy 0x1d59594a240

[2026-10-05 22:39:13] [tid:1188488][NGXCubinGeneric::PushToDestroy:1142] Scheduled to destroy 0x1d59594ba60

[2026-10-05 22:39:13] [tid:1188488][NGXCubinGeneric::PushToDestroy:1142] Scheduled to destroy 0x1d595948a20

[2026-10-05 22:39:13] [tid:1188488][NGXCubinGeneric::PushToDestroy:1142] Scheduled to destroy 0x1d595949630

[2026-10-05 22:39:13] [tid:1188488][NGXCubinGeneric::PushToDestroy:1142] Scheduled to destroy 0x1d5959502c0

[2026-10-05 22:39:13] [tid:1188488][NGXCubinGeneric::PushToDestroy:1142] Scheduled to destroy 0x1d595950ed0

[2026-10-05 22:39:13] [tid:1188488][NGXCubinGeneric::PushToDestroy:1142] Scheduled to destroy 0x1d595951ae0

[2026-10-05 22:39:13] [tid:1188488][NGXCubinGeneric::PushToDestroy:1142] Scheduled to destroy 0x1d5959526f0

[2026-10-05 22:39:13] [tid:1188488][NGXCubinGeneric::PushToDestroy:1142] Scheduled to destroy 0x1d59596ce10

[2026-10-05 22:39:13] [tid:1188488][NGXCubinGeneric::PushToDestroy:1142] Scheduled to destroy 0x1d59596f240

[2026-10-05 22:39:13] [tid:1188488][NGXCubinGeneric::PushToDestroy:1142] Scheduled to destroy 0x1d59596da20

[2026-10-05 22:39:13] [tid:1188488][NGXCubinGeneric::PushToDestroy:1142] Scheduled to destroy 0x1d59596e630

[2026-10-05 22:39:13] [tid:1188488][NGXCubinGeneric::PushToDestroy:1142] Scheduled to destroy 0x1d595972e90

[2026-10-05 22:39:13] [tid:1188488][NGXCubinGeneric::PushToDestroy:1142] Scheduled to destroy 0x1d595976ae0

[2026-10-05 22:39:13] [tid:1188488][NGXCubinGeneric::PushToDestroy:1142] Scheduled to destroy 0x1d595973aa0

[2026-10-05 22:39:13] [tid:1188488][NGXCubinGeneric::PushToDestroy:1142] Scheduled to destroy 0x1d5959776f0

[2026-10-05 22:39:13] [tid:1188488][NGXCubinGeneric::PushToDestroy:1142] Scheduled to destroy 0x1d595978f10

[2026-10-05 22:39:13] [tid:1188488][NGXCubinGeneric::PushToDestroy:1142] Scheduled to destroy 0x1d595979b20

[2026-10-05 22:39:13] [tid:1188488][NGXCubinGeneric::PushToDestroy:1142] Scheduled to destroy 0x1d59597b340

[2026-10-05 22:39:13] [tid:1188488][NGXCubinGeneric::PushToDestroy:1142] Scheduled to destroy 0x1d5959b10f0

[2026-10-05 22:39:13] [tid:1188488][NGXCubinGeneric::PushToDestroy:1142] Scheduled to destroy 0x1d5959af8d0

[2026-10-05 22:39:13] [tid:1188488][NGXCubinGeneric::PushToDestroy:1142] Scheduled to destroy 0x1d5959aecc0

[2026-10-05 22:39:13] [tid:1188488][NGXCubinGeneric::PushToDestroy:1142] Scheduled to destroy 0x1d5959b2910

[2026-10-05 22:39:13] [tid:1188488][NGXCubinGeneric::PushToDestroy:1142] Scheduled to destroy 0x1d5959b3520

[2026-10-05 22:39:13] [tid:1188488][NGXCubinGeneric::PushToDestroy:1142] Scheduled to destroy 0x1d5959b4130

[2026-10-05 22:39:13] [tid:1188488][NGXCubinGeneric::PushToDestroy:1142] Scheduled to destroy 0x1d5959b4d40

[2026-10-05 22:39:13] [tid:1188488][NGXCubinGeneric::PushToDestroy:1142] Scheduled to destroy 0x1d5959b95a0

[2026-10-05 22:39:13] [tid:1188488][NGXCubinGeneric::PushToDestroy:1142] Scheduled to destroy 0x1d5959ba1b0

[2026-10-05 22:39:13] [tid:1188488][NGXCubinGeneric::PushToDestroy:1142] Scheduled to destroy 0x1d5959bd1f0

[2026-10-05 22:39:13] [tid:1188488][NGXCubinGeneric::PushToDestroy:1142] Scheduled to destroy 0x1d5959c38f0

[2026-10-05 22:39:13] [tid:1188488][NGXCubinGeneric::PushToDestroy:1142] Scheduled to destroy 0x1d5959c20d0

[2026-10-05 22:39:13] [tid:1188488][NGXCubinGeneric::PushToDestroy:1142] Scheduled to destroy 0x1d5959c7540

[2026-10-05 22:39:13] [tid:1188488][NGXCubinGeneric::PushToDestroy:1142] Scheduled to destroy 0x1d5959c8150

[2026-10-05 22:39:13] [tid:1188488][NGXCubinGeneric::PushToDestroy:1142] Scheduled to destroy 0x1d5959c5110

[2026-10-05 22:39:13] [tid:1188488][NGXCubinGeneric::PushToDestroy:1142] Scheduled to destroy 0x1d5959c9970

[2026-10-05 22:39:13] [tid:1188488][NGXCubinGeneric::PushToDestroy:1142] Scheduled to destroy 0x1d5959cbda0

[2026-10-05 22:39:13] [TelemetrySessionDataHelper::SetTelemetryDataForHandle:1159] warning: snippet is using telemetry schema version 4.4, which is greater than the driver's last known version (4.2). Telemetry data may be incomplete.

[2026-10-05 22:39:13] [NGXSendTelemetryEvaluateDataV3:544] Sending Telemetry: DLSS-G Eval Data

[2026-10-05 22:39:13] [NGXSendTelemetryEvaluateDataV3:600] QualityMode = 6

[2026-10-05 22:39:13] [NGXSendTelemetryEvaluateDataV3:601] Width = 1280

[2026-10-05 22:39:13] [NGXSendTelemetryEvaluateDataV3:602] Height = 720

[2026-10-05 22:39:13] [NGXSendTelemetryEvaluateDataV3:603] FullscreenMode = 0

[2026-10-05 22:39:13] [NGXSendTelemetryEvaluateDataV3:604] WeightName = convoluted_cat

[2026-10-05 22:39:13] [NGXSendTelemetryEvaluateDataV3:605] WeightVariantName = endpoint

[2026-10-05 22:39:13] [NGXSendTelemetryEvaluateDataV3:606] TargetFrameRate = 0.000000

[2026-10-05 22:39:13] [NGXSendTelemetryEvaluateDataV3:607] MultiFrameCount = 1

[2026-10-05 22:39:13] [NGXSendTelemetryEvaluateDataV3:608] HasHudless = 1

[2026-10-05 22:39:13] [NGXSendTelemetryEvaluateDataV3:609] HasAlphaUI = 0

[2026-10-05 22:39:13] [NGXSendTelemetryEvaluateDataV3:610] DepthInverted = 0

[2026-10-05 22:39:13] [NGXSendTelemetryEvaluateDataV3:611] MVJittered = 0

[2026-10-05 22:39:13] [NGXSendTelemetryEvaluateDataV3:613] LatewarpEnabled = 0

[2026-10-05 22:39:13] [NGXSendTelemetryEvaluateDataV3:614] MVHasCamera = 1

[2026-10-05 22:39:13] [NGXSendTelemetryEvaluateDataV3:615] MVDilated = 0

[2026-10-05 22:39:13] [NGXSendTelemetryEvaluateDataV3:616] SLFGMode = 0

[2026-10-05 22:39:13] [NGXSendTelemetryEvaluateDataV3:617] ColorExtentWidth = 1280

[2026-10-05 22:39:13] [NGXSendTelemetryEvaluateDataV3:618] ColorExtentHeight = 720

[2026-10-05 22:39:13] [NGXSendTelemetryEvaluateDataV3:619] ColorExtentBaseX = 0

[2026-10-05 22:39:13] [NGXSendTelemetryEvaluateDataV3:620] ColorExtentBaseY = 0

[2026-10-05 22:39:13] [NGXSendTelemetryEvaluateDataV3:621] MVExtentWidth = 1280

[2026-10-05 22:39:13] [NGXSendTelemetryEvaluateDataV3:622] MVExtentHeight = 720

[2026-10-05 22:39:13] [NGXSendTelemetryEvaluateDataV3:623] MVExtentBaseX = 0

[2026-10-05 22:39:13] [NGXSendTelemetryEvaluateDataV3:624] MVExtentBaseY = 0

[2026-10-05 22:39:13] [NGXSendTelemetryEvaluateDataV3:625] MVSubrectHeight = 0

[2026-10-05 22:39:13] [NGXSendTelemetryEvaluateDataV3:626] MVSubrectWidth = 0

[2026-10-05 22:39:13] [NGXSendTelemetryEvaluateDataV3:627] MenuDetectionMode = 2

[2026-10-05 22:39:13] [NGXSendTelemetryEvaluateDataV3:628] VRAMAllocated = 0

[2026-10-05 22:39:13] [NGXSendTelemetryEvaluateDataV3:875] appExeName = hybrid_mfg_x4_mv_contract.exe

[2026-10-05 22:39:13] [NGXSendTelemetryEvaluateDataV3:876] drsProfileName = 

[2026-10-05 22:39:13] [NGXSendTelemetryEvaluateDataV3:877] drsName = 

[2026-10-05 22:39:13] [NGXSendTelemetryEvaluateDataV3:879] AppIdType = RENDERING_ENGINE

[2026-10-05 22:39:13] [NGXSendTelemetryEvaluateDataV3:880] ProjectId = 3e6891d2-09ac-4f54-ae8d-f481c3150d4b

[2026-10-05 22:39:13] [NGXSendTelemetryEvaluateDataV3:881] EngineVersion = 1.0.0

[2026-10-05 22:39:13] [NGXSendTelemetryEvaluateDataV3:882] EngineType = custom

[2026-10-05 22:39:13] [NGXSendTelemetryEvaluateDataV3:883] cmsId = 0

[2026-10-05 22:39:13] [NGXSendTelemetryEvaluateDataV3:884] gpuDeviceId = 9632

[2026-10-05 22:39:13] [NGXSendTelemetryEvaluateDataV3:885] gpuVendorId = 4318

[2026-10-05 22:39:13] [NGXSendTelemetryEvaluateDataV3:886] gpuSubSys = 979179434

[2026-10-05 22:39:13] [NGXSendTelemetryEvaluateDataV3:887] gpuRev = 161

[2026-10-05 22:39:13] [NGXSendTelemetryEvaluateDataV3:888] ngxSDKVersion = 1.5

[2026-10-05 22:39:13] [NGXSendTelemetryEvaluateDataV3:889] ngxCoreVersion = 1.4.0.0

[2026-10-05 22:39:13] [NGXSendTelemetryEvaluateDataV3:890] ngxFeatureVersion = 310.9.1

[2026-10-05 22:39:13] [NGXSendTelemetryEvaluateDataV3:891] displayDriverVersion = 596.49

[2026-10-05 22:39:13] [NGXSendTelemetryEvaluateDataV3:892] osVersion = 10.0.26100.9278

[2026-10-05 22:39:13] [NGXSendTelemetryEvaluateDataV3:893] APIType = 0

[2026-10-05 22:39:13] [NGXSendTelemetryEvaluateDataV3:894] GpuAPI = 2

[2026-10-05 22:39:13] [NGXSendTelemetryEvaluateDataV3:896] StreamlineVersion = 

[2026-10-05 22:39:13] [NGXSendTelemetryEvaluateDataV3:897] StreamlineGitSHA = 

[2026-10-05 22:39:13] [NGXSendTelemetryEvaluateDataV3:898] ExeModuleName = hybrid_mfg_x4_mv_contract.exe

[2026-10-05 22:39:13] [NGXSendTelemetryEvaluateDataV3:899] SnippetSchemaVer = 4.4

[2026-10-05 22:39:13] [NGXSendTelemetryEvaluateDataV3:905] -- END telemetry evaluate data --

[2026-10-05 22:39:13] [tid:1188488][NGXCubinGeneric::PushToDestroy:1142] Scheduled to destroy 0x1d5ff292a80

[2026-10-05 22:39:13] [tid:1188488][NGXCubinGeneric::PushToDestroy:1142] Scheduled to destroy 0x1d5ff291160

[2026-10-05 22:39:13] [tid:1188488][NGXCubinGeneric::PushToDestroy:1142] Scheduled to destroy 0x1d5ff28f840

[2026-10-05 22:39:13] [tid:1188488][NGXCubinGeneric::PushToDestroy:1142] Scheduled to destroy 0x1d5ff2943a0

[2026-10-05 22:39:13] [tid:1188488][NGXCubinGeneric::PushToDestroy:1142] Scheduled to destroy 0x1d5ff293710

[2026-10-05 22:39:13] [tid:1188488][NGXCubinGeneric::PushToDestroy:1142] Scheduled to destroy 0x1d5ff295030

[2026-10-05 22:39:13] [tid:1188488][NGXCubinGeneric::PushToDestroy:1142] Scheduled to destroy 0x1d59569bcd0

[2026-10-05 22:39:13] [tid:1188488][NGXCubinGeneric::PushToDestroy:1142] Scheduled to destroy 0x1d595699720

[2026-10-05 22:39:13] [tid:1188488][NGXCubinGeneric::PushToDestroy:1142] Scheduled to destroy 0x1d595698a90

[2026-10-05 22:39:13] [tid:1188488][NGXCubinGeneric::PushToDestroy:1142] Scheduled to destroy 0x1d59569c960

[2026-10-05 22:39:13] [tid:1188488][NGXCubinGeneric::PushToDestroy:1142] Scheduled to destroy 0x1d5956a8a50

[2026-10-05 22:39:13] [tid:1188488][NGXCubinGeneric::PushToDestroy:1142] Scheduled to destroy 0x1d59569d5f0

[2026-10-05 22:39:13] [tid:1188488][NGXCubinGeneric::PushToDestroy:1142] Scheduled to destroy 0x1d59569a3b0

[2026-10-05 22:39:13] [tid:1188488][NGXCubinGeneric::PushToDestroy:1142] Scheduled to destroy 0x1d59569b040

[2026-10-05 22:39:13] [tid:1188488][NGXCubinGeneric::PushToDestroy:1142] Scheduled to destroy 0x1d5956a14c0

[2026-10-05 22:39:13] [tid:1188488][NGXCubinGeneric::PushToDestroy:1142] Scheduled to destroy 0x1d59569e280

[2026-10-05 22:39:13] [tid:1188488][NGXCubinGeneric::PushToDestroy:1142] Scheduled to destroy 0x1d5956a2150

[2026-10-05 22:39:13] [tid:1188488][NGXCubinGeneric::PushToDestroy:1142] Scheduled to destroy 0x1d5956a0830

[2026-10-05 22:39:13] [tid:1188488][NGXCubinGeneric::PushToDestroy:1142] Scheduled to destroy 0x1d59569ef10

[2026-10-05 22:39:13] [tid:1188488][NGXCubinGeneric::PushToDestroy:1142] Scheduled to destroy 0x1d5956a9660

[2026-10-05 22:39:13] [tid:1188488][NGXCubinGeneric::PushToDestroy:1142] Scheduled to destroy 0x1d5956aa270

[2026-10-05 22:39:13] [tid:1188488][NGXCubinGeneric::PushToDestroy:1142] Scheduled to destroy 0x1d5956aae80

[2026-10-05 22:39:13] [tid:1188488][NGXCubinGeneric::PushToDestroy:1142] Scheduled to destroy 0x1d5956aba90

[2026-10-05 22:39:13] [tid:1188488][NGXCubinGeneric::PushToDestroy:1142] Scheduled to destroy 0x1d5956a2de0

[2026-10-05 22:39:13] [tid:1188488][NGXCubinGeneric::PushToDestroy:1142] Scheduled to destroy 0x1d59569fba0

[2026-10-05 22:39:13] [tid:1188488][NGXCubinGeneric::PushToDestroy:1142] Scheduled to destroy 0x1d5956a4700

[2026-10-05 22:39:13] [tid:1188488][NGXCubinGeneric::PushToDestroy:1142] Scheduled to destroy 0x1d5956a6cb0

[2026-10-05 22:39:13] [tid:1188488][NGXCubinGeneric::PushToDestroy:1142] Scheduled to destroy 0x1d5956a3a70

[2026-10-05 22:39:13] [tid:1188488][NGXCubinGeneric::PushToDestroy:1142] Scheduled to destroy 0x1d5956a5390

[2026-10-05 22:39:13] [tid:1188488][NGXCubinGeneric::PushToDestroy:1142] Scheduled to destroy 0x1d5956a6020

[2026-10-05 22:39:13] [tid:1188488][NGXCubinGeneric::PushToDestroy:1142] Scheduled to destroy 0x1d5956a7940

[2026-10-05 22:39:13] [tid:1188488][NGXCubinGeneric::PushToDestroy:1142] Scheduled to destroy 0x1d5956af930

[2026-10-05 22:39:13] [tid:1188488][NGXCubinGeneric::PushToDestroy:1142] Scheduled to destroy 0x1d5956ac6f0

[2026-10-05 22:39:13] [tid:1188488][NGXCubinGeneric::PushToDestroy:1142] Scheduled to destroy 0x1d5956aeca0

[2026-10-05 22:39:13] [tid:1188488][NGXCubinGeneric::PushToDestroy:1142] Scheduled to destroy 0x1d5956b05c0

[2026-10-05 22:39:13] [tid:1188488][NGXCubinGeneric::PushToDestroy:1142] Scheduled to destroy 0x1d5b3b7cd30

[2026-10-05 22:39:13] [tid:1188488][NGXCubinGeneric::PushToDestroy:1142] Scheduled to destroy 0x1d5956c46e0

[2026-10-05 22:39:13] [tid:1188488][NGXCubinGeneric::PushToDestroy:1142] Scheduled to destroy 0x1d5956c9300

[2026-10-05 22:39:13] [tid:1188488][NGXCubinGeneric::PushToDestroy:1142] Scheduled to destroy 0x1d5956c9f10

[2026-10-05 22:39:13] [tid:1188488][NGXCubinGeneric::PushToDestroy:1142] Scheduled to destroy 0x1d5956cab20

[2026-10-05 22:39:13] [tid:1188488][NGXCubinGeneric::PushToDestroy:1142] Scheduled to destroy 0x1d5956c7770

[2026-10-05 22:39:13] [tid:1188488][NGXCubinGeneric::PushToDestroy:1142] Scheduled to destroy 0x1d5956c5340

[2026-10-05 22:39:13] [tid:1188488][NGXCubinGeneric::PushToDestroy:1142] Scheduled to destroy 0x1d5956c8380

[2026-10-05 22:39:13] [tid:1188488][NGXCubinGeneric::PushToDestroy:1142] Scheduled to destroy 0x1d5956c5f50

[2026-10-05 22:39:13] [tid:1188488][NGXCubinGeneric::PushToDestroy:1142] Scheduled to destroy 0x1d5956c6b60

[2026-10-05 22:39:13] [tid:1188488][NGXCubinGeneric::PushToDestroy:1142] Scheduled to destroy 0x1d5956d5bd0

[2026-10-05 22:39:13] [tid:1188488][NGXCubinGeneric::PushToDestroy:1142] Scheduled to destroy 0x1d5956d67e0

[2026-10-05 22:39:13] [tid:1188488][NGXCubinGeneric::PushToDestroy:1142] Scheduled to destroy 0x1d5956d37a0

[2026-10-05 22:39:13] [tid:1188488][NGXCubinGeneric::PushToDestroy:1142] Scheduled to destroy 0x1d5956d73f0

[2026-10-05 22:39:13] [tid:1188488][NGXCubinGeneric::PushToDestroy:1142] Scheduled to destroy 0x1d5956d4fc0

[2026-10-05 22:39:13] [tid:1188488][NGXCubinGeneric::PushToDestroy:1142] Scheduled to destroy 0x1d5956d43b0

[2026-10-05 22:39:13] [tid:1188488][NGXCubinGeneric::PushToDestroy:1142] Scheduled to destroy 0x1d5956d8000

[2026-10-05 22:39:13] [tid:1188488][NGXCubinGeneric::PushToDestroy:1142] Scheduled to destroy 0x1d5956d8c10

[2026-10-05 22:39:13] [tid:1188488][NGXCubinGeneric::PushToDestroy:1142] Scheduled to destroy 0x1d5956dc860

[2026-10-05 22:39:13] [tid:1188488][NGXCubinGeneric::PushToDestroy:1142] Scheduled to destroy 0x1d5956dbc50

[2026-10-05 22:39:13] [tid:1188488][NGXCubinGeneric::PushToDestroy:1142] Scheduled to destroy 0x1d5956db040

[2026-10-05 22:39:13] [tid:1188488][NGXCubinGeneric::PushToDestroy:1142] Scheduled to destroy 0x1d5956d9820

[2026-10-05 22:39:13] [tid:1188488][NGXCubinGeneric::PushToDestroy:1142] Scheduled to destroy 0x1d5956dd470

[2026-10-05 22:39:13] [tid:1188488][NGXCubinGeneric::PushToDestroy:1142] Scheduled to destroy 0x1d5956da430

[2026-10-05 22:39:13] [tid:1188488][NGXCubinGeneric::PushToDestroy:1142] Scheduled to destroy 0x1d5956df8a0

[2026-10-05 22:39:13] [tid:1188488][NGXCubinGeneric::PushToDestroy:1142] Scheduled to destroy 0x1d5956de080

[2026-10-05 22:39:13] [tid:1188488][NGXCubinGeneric::PushToDestroy:1142] Scheduled to destroy 0x1d5956e04b0

[2026-10-05 22:39:13] [tid:1188488][NGXCubinGeneric::PushToDestroy:1142] Scheduled to destroy 0x1d5956dec90

[2026-10-05 22:39:13] [tid:1188488][NGXCubinGeneric::PushToDestroy:1142] Scheduled to destroy 0x1d5956e10c0

[2026-10-05 22:39:13] [tid:1188488][NGXCubinGeneric::PushToDestroy:1142] Scheduled to destroy 0x1d5956fbca0

[2026-10-05 22:39:13] [tid:1188488][NGXCubinGeneric::PushToDestroy:1142] Scheduled to destroy 0x1d5956f9870

[2026-10-05 22:39:13] [tid:1188488][NGXCubinGeneric::PushToDestroy:1142] Scheduled to destroy 0x1d5956f8c60

[2026-10-05 22:39:13] [tid:1188488][NGXCubinGeneric::PushToDestroy:1142] Scheduled to destroy 0x1d5956fece0

[2026-10-05 22:39:13] [tid:1188488][NGXCubinGeneric::PushToDestroy:1142] Scheduled to destroy 0x1d595700500

[2026-10-05 22:39:13] [tid:1188488][NGXCubinGeneric::PushToDestroy:1142] Scheduled to destroy 0x1d5956fe0d0

[2026-10-05 22:39:13] [tid:1188488][NGXCubinGeneric::PushToDestroy:1142] Scheduled to destroy 0x1d595701110

[2026-10-05 22:39:13] [tid:1188488][NGXCubinGeneric::PushToDestroy:1142] Scheduled to destroy 0x1d595701d20

[2026-10-05 22:39:13] [tid:1188488][NGXCubinGeneric::PushToDestroy:1142] Scheduled to destroy 0x1d595703540

[2026-10-05 22:39:13] [tid:1188488][NGXCubinGeneric::PushToDestroy:1142] Scheduled to destroy 0x1d595706580

[2026-10-05 22:39:13] [tid:1188488][NGXCubinGeneric::PushToDestroy:1142] Scheduled to destroy 0x1d595707da0

[2026-10-05 22:39:13] [tid:1188488][NGXCubinGeneric::PushToDestroy:1142] Scheduled to destroy 0x1d595712420

[2026-10-05 22:39:13] [tid:1188488][NGXCubinGeneric::PushToDestroy:1142] Scheduled to destroy 0x1d595711810

[2026-10-05 22:39:13] [tid:1188488][NGXCubinGeneric::PushToDestroy:1142] Scheduled to destroy 0x1d5957184a0

[2026-10-05 22:39:13] [tid:1188488][NGXCubinGeneric::PushToDestroy:1142] Scheduled to destroy 0x1d595716070

[2026-10-05 22:39:13] [tid:1188488][NGXCubinGeneric::PushToDestroy:1142] Scheduled to destroy 0x1d595715460

[2026-10-05 22:39:13] [tid:1188488][NGXCubinGeneric::PushToDestroy:1142] Scheduled to destroy 0x1d59571b4e0

[2026-10-05 22:39:13] [tid:1188488][NGXCubinGeneric::PushToDestroy:1142] Scheduled to destroy 0x1d59571c0f0

[2026-10-05 22:39:13] [tid:1188488][NGXCubinGeneric::PushToDestroy:1142] Scheduled to destroy 0x1d5957190b0

[2026-10-05 22:39:13] [tid:1188488][NGXCubinGeneric::PushToDestroy:1142] Scheduled to destroy 0x1d59571cd00

[2026-10-05 22:39:13] [tid:1188488][NGXCubinGeneric::PushToDestroy:1142] Scheduled to destroy 0x1d595719cc0

[2026-10-05 22:39:13] [tid:1188488][NGXCubinGeneric::PushToDestroy:1142] Scheduled to destroy 0x1d59571d910

[2026-10-05 22:39:13] [tid:1188488][NGXCubinGeneric::PushToDestroy:1142] Scheduled to destroy 0x1d59571a8d0

[2026-10-05 22:39:13] [tid:1188488][NGXCubinGeneric::PushToDestroy:1142] Scheduled to destroy 0x1d59571fd40

[2026-10-05 22:39:13] [tid:1188488][NGXCubinGeneric::PushToDestroy:1142] Scheduled to destroy 0x1d595720950

[2026-10-05 22:39:13] [tid:1188488][NGXCubinGeneric::PushToDestroy:1142] Scheduled to destroy 0x1d59571f130

[2026-10-05 22:39:13] [tid:1188488][NGXCubinGeneric::PushToDestroy:1142] Scheduled to destroy 0x1d59592b1d0

[2026-10-05 22:39:13] [tid:1188488][NGXCubinGeneric::PushToDestroy:1142] Scheduled to destroy 0x1d59592bde0

[2026-10-05 22:39:13] [tid:1188488][NGXCubinGeneric::PushToDestroy:1142] Scheduled to destroy 0x1d595928da0

[2026-10-05 22:39:13] [tid:1188488][NGXCubinGeneric::PushToDestroy:1142] Scheduled to destroy 0x1d59592c9f0

[2026-10-05 22:39:13] [tid:1188488][NGXCubinGeneric::PushToDestroy:1142] Scheduled to destroy 0x1d595930640

[2026-10-05 22:39:13] [tid:1188488][NGXCubinGeneric::PushToDestroy:1142] Scheduled to destroy 0x1d595931e60

[2026-10-05 22:39:13] [tid:1188488][NGXCubinGeneric::PushToDestroy:1142] Scheduled to destroy 0x1d595932a70

[2026-10-05 22:39:13] [tid:1188488][NGXCubinGeneric::PushToDestroy:1142] Scheduled to destroy 0x1d5959366c0

[2026-10-05 22:39:13] [tid:1188488][NGXCubinGeneric::PushToDestroy:1142] Scheduled to destroy 0x1d595933680

[2026-10-05 22:39:13] [tid:1188488][NGXCubinGeneric::PushToDestroy:1142] Scheduled to destroy 0x1d5959372d0

[2026-10-05 22:39:13] [tid:1188488][NGXCubinGeneric::PushToDestroy:1142] Scheduled to destroy 0x1d5959459e0

[2026-10-05 22:39:13] [tid:1188488][NGXCubinGeneric::PushToDestroy:1142] Scheduled to destroy 0x1d5959465f0

[2026-10-05 22:39:13] [tid:1188488][NGXCubinGeneric::PushToDestroy:1142] Scheduled to destroy 0x1d5959441c0

[2026-10-05 22:39:13] [tid:1188488][NGXCubinGeneric::PushToDestroy:1142] Scheduled to destroy 0x1d595947e10

[2026-10-05 22:39:13] [tid:1188488][NGXCubinGeneric::PushToDestroy:1142] Scheduled to destroy 0x1d59594ae50

[2026-10-05 22:39:13] [tid:1188488][NGXCubinGeneric::PushToDestroy:1142] Scheduled to destroy 0x1d59594c670

[2026-10-05 22:39:13] [tid:1188488][NGXCubinGeneric::PushToDestroy:1142] Scheduled to destroy 0x1d59594f6b0

[2026-10-05 22:39:13] [tid:1188488][NGXCubinGeneric::PushToDestroy:1142] Scheduled to destroy 0x1d59594d280

[2026-10-05 22:39:13] [tid:1188488][NGXCubinGeneric::PushToDestroy:1142] Scheduled to destroy 0x1d59594de90

[2026-10-05 22:39:13] [tid:1188488][NGXCubinGeneric::PushToDestroy:1142] Scheduled to destroy 0x1d59594eaa0

[2026-10-05 22:39:13] [tid:1188488][NGXCubinGeneric::PushToDestroy:1142] Scheduled to destroy 0x1d595953300

[2026-10-05 22:39:13] [tid:1188488][NGXCubinGeneric::PushToDestroy:1142] Scheduled to destroy 0x1d59596c200

[2026-10-05 22:39:13] [tid:1188488][NGXCubinGeneric::PushToDestroy:1142] Scheduled to destroy 0x1d59596fe50

[2026-10-05 22:39:13] [tid:1188488][NGXCubinGeneric::PushToDestroy:1142] Scheduled to destroy 0x1d595970a60

[2026-10-05 22:39:13] [tid:1188488][NGXCubinGeneric::PushToDestroy:1142] Scheduled to destroy 0x1d595972280

[2026-10-05 22:39:13] [tid:1188488][NGXCubinGeneric::PushToDestroy:1142] Scheduled to destroy 0x1d595971670

[2026-10-05 22:39:13] [tid:1188488][NGXCubinGeneric::PushToDestroy:1142] Scheduled to destroy 0x1d5959746b0

[2026-10-05 22:39:13] [tid:1188488][NGXCubinGeneric::PushToDestroy:1142] Scheduled to destroy 0x1d595978300

[2026-10-05 22:39:13] [tid:1188488][NGXCubinGeneric::PushToDestroy:1142] Scheduled to destroy 0x1d5959752c0

[2026-10-05 22:39:13] [tid:1188488][NGXCubinGeneric::PushToDestroy:1142] Scheduled to destroy 0x1d595975ed0

[2026-10-05 22:39:13] [tid:1188488][NGXCubinGeneric::PushToDestroy:1142] Scheduled to destroy 0x1d59597a730

[2026-10-05 22:39:13] [tid:1188488][NGXCubinGeneric::PushToDestroy:1142] Scheduled to destroy 0x1d5959b04e0

[2026-10-05 22:39:13] [tid:1188488][NGXCubinGeneric::PushToDestroy:1142] Scheduled to destroy 0x1d5959ae0b0

[2026-10-05 22:39:13] [tid:1188488][NGXCubinGeneric::PushToDestroy:1142] Scheduled to destroy 0x1d5959b1d00

[2026-10-05 22:39:13] [tid:1188488][NGXCubinGeneric::PushToDestroy:1142] Scheduled to destroy 0x1d5959b5950

[2026-10-05 22:39:13] [tid:1188488][NGXCubinGeneric::PushToDestroy:1142] Scheduled to destroy 0x1d5959b6560

[2026-10-05 22:39:13] [tid:1188488][NGXCubinGeneric::PushToDestroy:1142] Scheduled to destroy 0x1d5959b7170

[2026-10-05 22:39:13] [tid:1188488][NGXCubinGeneric::PushToDestroy:1142] Scheduled to destroy 0x1d5959b7d80

[2026-10-05 22:39:13] [tid:1188488][NGXCubinGeneric::PushToDestroy:1142] Scheduled to destroy 0x1d5959bb9d0

[2026-10-05 22:39:13] [tid:1188488][NGXCubinGeneric::PushToDestroy:1142] Scheduled to destroy 0x1d5959b8990

[2026-10-05 22:39:13] [tid:1188488][NGXCubinGeneric::PushToDestroy:1142] Scheduled to destroy 0x1d5959badc0

[2026-10-05 22:39:13] [tid:1188488][NGXCubinGeneric::PushToDestroy:1142] Scheduled to destroy 0x1d5959bc5e0

[2026-10-05 22:39:13] [tid:1188488][NGXCubinGeneric::PushToDestroy:1142] Scheduled to destroy 0x1d5959c2ce0

[2026-10-05 22:39:13] [tid:1188488][NGXCubinGeneric::PushToDestroy:1142] Scheduled to destroy 0x1d5959c4500

[2026-10-05 22:39:13] [tid:1188488][NGXCubinGeneric::PushToDestroy:1142] Scheduled to destroy 0x1d5959c6930

[2026-10-05 22:39:13] [tid:1188488][NGXCubinGeneric::PushToDestroy:1142] Scheduled to destroy 0x1d5959c5d20

[2026-10-05 22:39:13] [tid:1188488][NGXCubinGeneric::PushToDestroy:1142] Scheduled to destroy 0x1d5959ca580

[2026-10-05 22:39:13] [tid:1188488][NGXCubinGeneric::PushToDestroy:1142] Scheduled to destroy 0x1d5959cb190

[2026-10-05 22:39:13] [tid:1188488][NGXCubinGeneric::PushToDestroyIUnknown:1154] Scheduled to destroy IUnknown 0x1d5ff754eb0

[2026-10-05 22:39:13] [tid:1188488][NGXCubinGeneric::PushToDestroyIUnknown:1154] Scheduled to destroy IUnknown 0x1d5ff7553d0

[2026-10-05 22:39:13] [tid:1188488][NGXCubinGeneric::CollectGarbage:1177] Releasing resource 0x1d595979b20 (nv.ngx.dlssg.dlfg_network_resource)

[2026-10-05 22:39:13] [tid:1188488][NGXCubinGeneric::CollectGarbage:1177] Releasing resource 0x1d5956e28e0 (nv.ngx.dlssg.dlfg_network_resource)

[2026-10-05 22:39:13] [tid:1188488][NGXCubinGeneric::CollectGarbage:1177] Releasing resource 0x1d5956e1cd0 (nv.ngx.dlssg.dlfg_network_resource)

[2026-10-05 22:39:13] [tid:1188488][NGXCubinGeneric::CollectGarbage:1177] Releasing resource 0x1d5956ff8f0 (nv.ngx.dlssg.dlfg_network_resource)

[2026-10-05 22:39:13] [tid:1188488][NGXCubinGeneric::CollectGarbage:1177] Releasing resource 0x1d595704150 (nv.ngx.dlssg.dlfg_network_resource)

[2026-10-05 22:39:13] [tid:1188488][NGXCubinGeneric::CollectGarbage:1177] Releasing resource 0x1d595707190 (nv.ngx.dlssg.dlfg_network_resource)

[2026-10-05 22:39:13] [tid:1188488][NGXCubinGeneric::CollectGarbage:1177] Releasing resource 0x1d5959465f0 (nv.ngx.dlssg.dlfg_network_resource)

[2026-10-05 22:39:13] [tid:1188488][NGXCubinGeneric::CollectGarbage:1177] Releasing resource 0x1d5956fc8b0 (nv.ngx.dlssg.dlfg_network_resource)

[2026-10-05 22:39:13] [tid:1188488][NGXCubinGeneric::CollectGarbage:1177] Releasing resource 0x1d5956fb090 (nv.ngx.dlssg.dlfg_network_resource)

[2026-10-05 22:39:13] [tid:1188488][NGXCubinGeneric::CollectGarbage:1177] Releasing resource 0x1d595700500 (nv.ngx.dlssg.dlfg_network_resource)

[2026-10-05 22:39:13] [tid:1188488][NGXCubinGeneric::CollectGarbage:1177] Releasing resource 0x1d5959526f0 (nv.ngx.dlssg.dlfg_network_resource)

[2026-10-05 22:39:13] [tid:1188488][NGXCubinGeneric::CollectGarbage:1177] Releasing resource 0x1d5956fd4c0 (nv.ngx.dlssg.dlfg_network_resource)

[2026-10-05 22:39:13] [tid:1188488][NGXCubinGeneric::CollectGarbage:1177] Releasing resource 0x1d5956fa480 (nv.ngx.dlssg.dlfg_network_resource)

[2026-10-05 22:39:13] [tid:1188488][NGXCubinGeneric::CollectGarbage:1177] Releasing resource 0x1d5959cb190 (nv.ngx.dlssg.dlfg_network_resource)

[2026-10-05 22:39:13] [tid:1188488][NGXCubinGeneric::CollectGarbage:1177] Releasing resource 0x1d595704d60 (nv.ngx.dlssg.dlfg_network_resource)

[2026-10-05 22:39:13] [tid:1188488][NGXCubinGeneric::CollectGarbage:1177] Releasing resource 0x1d5959c7540 (nv.ngx.dlssg.dlfg_network_resource)

[2026-10-05 22:39:13] [tid:1188488][NGXCubinGeneric::CollectGarbage:1177] Releasing resource 0x1d595702930 (nv.ngx.dlssg.dlfg_network_resource)

[2026-10-05 22:39:13] [tid:1188488][NGXCubinGeneric::CollectGarbage:1177] Releasing resource 0x1d595944dd0 (nv.ngx.dlssg.dlfg_network_resource)

[2026-10-05 22:39:13] [tid:1188488][NGXCubinGeneric::CollectGarbage:1177] Releasing resource 0x1d595705970 (nv.ngx.dlssg.dlfg_network_resource)

[2026-10-05 22:39:13] [tid:1188488][NGXCubinGeneric::CollectGarbage:1177] Releasing resource 0x1d595714850 (nv.ngx.dlssg.dlfg_network_resource)

[2026-10-05 22:39:13] [tid:1188488][NGXCubinGeneric::CollectGarbage:1177] Releasing resource 0x1d595931250 (nv.ngx.dlssg.dlfg_network_resource)

[2026-10-05 22:39:13] [tid:1188488][NGXCubinGeneric::CollectGarbage:1177] Releasing resource 0x1d595713c40 (nv.ngx.dlssg.dlfg_network_resource)

[2026-10-05 22:39:13] [tid:1188488][NGXCubinGeneric::CollectGarbage:1177] Releasing resource 0x1d595713030 (nv.ngx.dlssg.dlfg_network_resource)

[2026-10-05 22:39:13] [tid:1188488][NGXCubinGeneric::CollectGarbage:1177] Releasing resource 0x1d595935ab0 (nv.ngx.dlssg.dlfg_network_resource)

[2026-10-05 22:39:13] [tid:1188488][NGXCubinGeneric::CollectGarbage:1177] Releasing resource 0x1d59592a5c0 (nv.ngx.dlssg.dlfg_network_resource)

[2026-10-05 22:39:13] [tid:1188488][NGXCubinGeneric::CollectGarbage:1177] Releasing resource 0x1d595928190 (nv.ngx.dlssg.dlfg_network_resource)

[2026-10-05 22:39:13] [tid:1188488][NGXCubinGeneric::CollectGarbage:1177] Releasing resource 0x1d5956dc860 (nv.ngx.dlssg.dlfg_resource)

[2026-10-05 22:39:13] [tid:1188488][NGXCubinGeneric::CollectGarbage:1177] Releasing resource 0x1d595716c80 (nv.ngx.dlssg.dlfg_network_resource)

[2026-10-05 22:39:13] [tid:1188488][NGXCubinGeneric::CollectGarbage:1177] Releasing resource 0x1d595972e90 (nv.ngx.dlssg.dlfg_network_resource)

[2026-10-05 22:39:13] [tid:1188488][NGXCubinGeneric::CollectGarbage:1177] Releasing resource 0x1d595934290 (nv.ngx.dlssg.dlfg_network_resource)

[2026-10-05 22:39:13] [tid:1188488][NGXCubinGeneric::CollectGarbage:1177] Releasing resource 0x1d595717890 (nv.ngx.dlssg.dlfg_network_resource)

[2026-10-05 22:39:13] [tid:1188488][NGXCubinGeneric::CollectGarbage:1177] Releasing resource 0x1d59571e520 (nv.ngx.dlssg.dlfg_network_resource)

[2026-10-05 22:39:13] [tid:1188488][NGXCubinGeneric::CollectGarbage:1177] Releasing resource 0x1d595934ea0 (nv.ngx.dlssg.dlfg_network_resource)

[2026-10-05 22:39:13] [tid:1188488][NGXCubinGeneric::CollectGarbage:1177] Releasing resource 0x1d595712420 (nv.ngx.dlssg.dlfg_network_resource)

[2026-10-05 22:39:13] [tid:1188488][NGXCubinGeneric::CollectGarbage:1177] Releasing resource 0x1d5959299b0 (nv.ngx.dlssg.dlfg_network_resource)

[2026-10-05 22:39:13] [tid:1188488][NGXCubinGeneric::CollectGarbage:1177] Releasing resource 0x1d59592d600 (nv.ngx.dlssg.dlfg_network_resource)

[2026-10-05 22:39:13] [tid:1188488][NGXCubinGeneric::CollectGarbage:1177] Releasing resource 0x1d5959b3520 (nv.ngx.dlssg.dlfg_network_resource)

[2026-10-05 22:39:13] [tid:1188488][NGXCubinGeneric::CollectGarbage:1177] Releasing resource 0x1d5956d67e0 (nv.ngx.dlssg.dlfg_resource)

[2026-10-05 22:39:13] [tid:1188488][NGXCubinGeneric::CollectGarbage:1177] Releasing resource 0x1d5956aba90 (nv.ngx.dlssg.dlfg_resource)

[2026-10-05 22:39:13] [tid:1188488][NGXCubinGeneric::CollectGarbage:1177] Releasing resource 0x1d59596ce10 (nv.ngx.dlssg.dlfg_network_resource)

[2026-10-05 22:39:13] [tid:1188488][NGXCubinGeneric::CollectGarbage:1177] Releasing resource 0x1d59592e210 (nv.ngx.dlssg.dlfg_network_resource)

[2026-10-05 22:39:13] [tid:1188488][NGXCubinGeneric::CollectGarbage:1177] Releasing resource 0x1d5959b4130 (nv.ngx.dlssg.dlfg_network_resource)

[2026-10-05 22:39:13] [tid:1188488][NGXCubinGeneric::CollectGarbage:1177] Releasing resource 0x1d59592ee20 (nv.ngx.dlssg.dlfg_network_resource)

[2026-10-05 22:39:13] [tid:1188488][NGXCubinGeneric::CollectGarbage:1177] Releasing resource 0x1d59592fa30 (nv.ngx.dlssg.dlfg_network_resource)

[2026-10-05 22:39:13] [tid:1188488][NGXCubinGeneric::CollectGarbage:1177] Releasing resource 0x1d595947200 (nv.ngx.dlssg.dlfg_network_resource)

[2026-10-05 22:39:13] [tid:1188488][NGXCubinGeneric::CollectGarbage:1177] Releasing resource 0x1d5959aecc0 (nv.ngx.dlssg.dlfg_network_resource)

[2026-10-05 22:39:13] [tid:1188488][NGXCubinGeneric::CollectGarbage:1177] Releasing resource 0x1d59594a240 (nv.ngx.dlssg.dlfg_network_resource)

[2026-10-05 22:39:13] [tid:1188488][NGXCubinGeneric::CollectGarbage:1177] Releasing resource 0x1d59594ba60 (nv.ngx.dlssg.dlfg_network_resource)

[2026-10-05 22:39:13] [tid:1188488][NGXCubinGeneric::CollectGarbage:1177] Releasing resource 0x1d595948a20 (nv.ngx.dlssg.dlfg_network_resource)

[2026-10-05 22:39:13] [tid:1188488][NGXCubinGeneric::CollectGarbage:1177] Releasing resource 0x1d595949630 (nv.ngx.dlssg.dlfg_network_resource)

[2026-10-05 22:39:13] [tid:1188488][NGXCubinGeneric::CollectGarbage:1177] Releasing resource 0x1d5959502c0 (nv.ngx.dlssg.dlfg_network_resource)

[2026-10-05 22:39:13] [tid:1188488][NGXCubinGeneric::CollectGarbage:1177] Releasing resource 0x1d595950ed0 (nv.ngx.dlssg.dlfg_network_resource)

[2026-10-05 22:39:13] [tid:1188488][NGXCubinGeneric::CollectGarbage:1177] Releasing resource 0x1d595951ae0 (nv.ngx.dlssg.dlfg_network_resource)

[2026-10-05 22:39:13] [tid:1188488][NGXCubinGeneric::CollectGarbage:1177] Releasing resource 0x1d59596f240 (nv.ngx.dlssg.dlfg_network_resource)

[2026-10-05 22:39:13] [tid:1188488][NGXCubinGeneric::CollectGarbage:1177] Releasing resource 0x1d59569ef10 (nv.ngx.dlssg.dlfg_resource)

[2026-10-05 22:39:13] [tid:1188488][NGXCubinGeneric::CollectGarbage:1177] Releasing resource 0x1d59596da20 (nv.ngx.dlssg.dlfg_network_resource)

[2026-10-05 22:39:13] [tid:1188488][NGXCubinGeneric::CollectGarbage:1177] Releasing resource 0x1d5959c38f0 (nv.ngx.dlssg.dlfg_network_resource)

[2026-10-05 22:39:13] [tid:1188488][NGXCubinGeneric::CollectGarbage:1177] Releasing resource 0x1d5959b2910 (nv.ngx.dlssg.dlfg_network_resource)

[2026-10-05 22:39:13] [tid:1188488][NGXCubinGeneric::CollectGarbage:1177] Releasing resource 0x1d59596e630 (nv.ngx.dlssg.dlfg_network_resource)

[2026-10-05 22:39:13] [tid:1188488][NGXCubinGeneric::CollectGarbage:1177] Releasing resource 0x1d595976ae0 (nv.ngx.dlssg.dlfg_network_resource)

[2026-10-05 22:39:13] [tid:1188488][NGXCubinGeneric::CollectGarbage:1177] Releasing resource 0x1d595973aa0 (nv.ngx.dlssg.dlfg_network_resource)

[2026-10-05 22:39:13] [tid:1188488][NGXCubinGeneric::CollectGarbage:1177] Releasing resource 0x1d5959776f0 (nv.ngx.dlssg.dlfg_network_resource)

[2026-10-05 22:39:13] [tid:1188488][NGXCubinGeneric::CollectGarbage:1177] Releasing resource 0x1d595978f10 (nv.ngx.dlssg.dlfg_network_resource)

[2026-10-05 22:39:13] [tid:1188488][NGXCubinGeneric::CollectGarbage:1177] Releasing resource 0x1d59597b340 (nv.ngx.dlssg.dlfg_network_resource)

[2026-10-05 22:39:13] [tid:1188488][NGXCubinGeneric::CollectGarbage:1177] Releasing resource 0x1d5959c8150 (nv.ngx.dlssg.dlfg_network_resource)

[2026-10-05 22:39:13] [tid:1188488][NGXCubinGeneric::CollectGarbage:1177] Releasing resource 0x1d5959b10f0 (nv.ngx.dlssg.dlfg_network_resource)

[2026-10-05 22:39:13] [tid:1188488][NGXCubinGeneric::CollectGarbage:1177] Releasing resource 0x1d5959af8d0 (nv.ngx.dlssg.dlfg_network_resource)

[2026-10-05 22:39:13] [tid:1188488][NGXCubinGeneric::CollectGarbage:1177] Releasing resource 0x1d5959b4d40 (nv.ngx.dlssg.dlfg_network_resource)

[2026-10-05 22:39:13] [tid:1188488][NGXCubinGeneric::CollectGarbage:1177] Releasing resource 0x1d5959b95a0 (nv.ngx.dlssg.dlfg_network_resource)

[2026-10-05 22:39:13] [tid:1188488][NGXCubinGeneric::CollectGarbage:1177] Releasing resource 0x1d5959ba1b0 (nv.ngx.dlssg.dlfg_network_resource)

[2026-10-05 22:39:13] [tid:1188488][NGXCubinGeneric::CollectGarbage:1177] Releasing resource 0x1d5959c20d0 (nv.ngx.dlssg.dlfg_network_resource)

[2026-10-05 22:39:13] [tid:1188488][NGXCubinGeneric::CollectGarbage:1177] Releasing resource 0x1d5956ac6f0 (nv.ngx.dlssg.dlfg_resource)

[2026-10-05 22:39:13] [tid:1188488][NGXCubinGeneric::CollectGarbage:1177] Releasing resource 0x1d5959bd1f0 (nv.ngx.dlssg.dlfg_network_resource)

[2026-10-05 22:39:13] [tid:1188488][NGXCubinGeneric::CollectGarbage:1177] Releasing resource 0x1d5959c5110 (nv.ngx.dlssg.dlfg_network_resource)

[2026-10-05 22:39:13] [tid:1188488][NGXCubinGeneric::CollectGarbage:1177] Releasing resource 0x1d5959c9970 (nv.ngx.dlssg.dlfg_network_resource)

[2026-10-05 22:39:13] [tid:1188488][NGXCubinGeneric::CollectGarbage:1177] Releasing resource 0x1d5959cbda0 (nv.ngx.dlssg.dlfg_network_resource)

[2026-10-05 22:39:13] [tid:1188488][NGXCubinGeneric::CollectGarbage:1177] Releasing resource 0x1d595930640 (nv.ngx.dlssg.dlfg_network_resource)

[2026-10-05 22:39:13] [tid:1188488][NGXCubinGeneric::CollectGarbage:1177] Releasing resource 0x1d5ff292a80 (nv.ngx.dlssg.dlfg_resource)

[2026-10-05 22:39:13] [tid:1188488][NGXCubinGeneric::CollectGarbage:1177] Releasing resource 0x1d5956a9660 (nv.ngx.dlssg.dlfg_resource)

[2026-10-05 22:39:13] [tid:1188488][NGXCubinGeneric::CollectGarbage:1177] Releasing resource 0x1d5ff291160 (nv.ngx.dlssg.dlfg_resource)

[2026-10-05 22:39:13] [tid:1188488][NGXCubinGeneric::CollectGarbage:1177] Releasing resource 0x1d5ff28f840 (nv.ngx.dlssg.dlfg_resource)

[2026-10-05 22:39:13] [tid:1188488][NGXCubinGeneric::CollectGarbage:1177] Releasing resource 0x1d5ff2943a0 (nv.ngx.dlssg.dlfg_resource)

[2026-10-05 22:39:13] [tid:1188488][NGXCubinGeneric::CollectGarbage:1177] Releasing resource 0x1d5ff293710 (nv.ngx.dlssg.dlfg_resource)

[2026-10-05 22:39:13] [tid:1188488][NGXCubinGeneric::CollectGarbage:1177] Releasing resource 0x1d5ff295030 (nv.ngx.dlssg.dlfg_resource)

[2026-10-05 22:39:13] [tid:1188488][NGXCubinGeneric::CollectGarbage:1177] Releasing resource 0x1d59569bcd0 (nv.ngx.dlssg.dlfg_resource)

[2026-10-05 22:39:13] [tid:1188488][NGXCubinGeneric::CollectGarbage:1177] Releasing resource 0x1d595699720 (nv.ngx.dlssg.dlfg_resource)

[2026-10-05 22:39:13] [tid:1188488][NGXCubinGeneric::CollectGarbage:1177] Releasing resource 0x1d595698a90 (nv.ngx.dlssg.dlfg_resource)

[2026-10-05 22:39:13] [tid:1188488][NGXCubinGeneric::CollectGarbage:1177] Releasing resource 0x1d59569c960 (nv.ngx.dlssg.dlfg_resource)

[2026-10-05 22:39:13] [tid:1188488][NGXCubinGeneric::CollectGarbage:1177] Releasing resource 0x1d5959c2ce0 (nv.ngx.dlssg.dlfg_network_resource)

[2026-10-05 22:39:13] [tid:1188488][NGXCubinGeneric::CollectGarbage:1177] Releasing resource 0x1d5956a8a50 (nv.ngx.dlssg.dlfg_resource)

[2026-10-05 22:39:13] [tid:1188488][NGXCubinGeneric::CollectGarbage:1177] Releasing resource 0x1d59569d5f0 (nv.ngx.dlssg.dlfg_resource)

[2026-10-05 22:39:13] [tid:1188488][NGXCubinGeneric::CollectGarbage:1177] Releasing resource 0x1d59569a3b0 (nv.ngx.dlssg.dlfg_resource)

[2026-10-05 22:39:13] [tid:1188488][NGXCubinGeneric::CollectGarbage:1177] Releasing resource 0x1d59569b040 (nv.ngx.dlssg.dlfg_resource)

[2026-10-05 22:39:13] [tid:1188488][NGXCubinGeneric::CollectGarbage:1177] Releasing resource 0x1d5956a14c0 (nv.ngx.dlssg.dlfg_resource)

[2026-10-05 22:39:13] [tid:1188488][NGXCubinGeneric::CollectGarbage:1177] Releasing resource 0x1d59569e280 (nv.ngx.dlssg.dlfg_resource)

[2026-10-05 22:39:13] [tid:1188488][NGXCubinGeneric::CollectGarbage:1177] Releasing resource 0x1d595720950 (nv.ngx.dlssg.dlfg_network_resource)

[2026-10-05 22:39:13] [tid:1188488][NGXCubinGeneric::CollectGarbage:1177] Releasing resource 0x1d5956a2150 (nv.ngx.dlssg.dlfg_resource)

[2026-10-05 22:39:13] [tid:1188488][NGXCubinGeneric::CollectGarbage:1177] Releasing resource 0x1d5956a0830 (nv.ngx.dlssg.dlfg_resource)

[2026-10-05 22:39:13] [tid:1188488][NGXCubinGeneric::CollectGarbage:1177] Releasing resource 0x1d5956aa270 (nv.ngx.dlssg.dlfg_resource)

[2026-10-05 22:39:13] [tid:1188488][NGXCubinGeneric::CollectGarbage:1177] Releasing resource 0x1d5956aae80 (nv.ngx.dlssg.dlfg_resource)

[2026-10-05 22:39:13] [tid:1188488][NGXCubinGeneric::CollectGarbage:1177] Releasing resource 0x1d5956a2de0 (nv.ngx.dlssg.dlfg_resource)

[2026-10-05 22:39:13] [tid:1188488][NGXCubinGeneric::CollectGarbage:1177] Releasing resource 0x1d59569fba0 (nv.ngx.dlssg.dlfg_resource)

[2026-10-05 22:39:13] [tid:1188488][NGXCubinGeneric::CollectGarbage:1177] Releasing resource 0x1d5956a4700 (nv.ngx.dlssg.dlfg_resource)

[2026-10-05 22:39:13] [tid:1188488][NGXCubinGeneric::CollectGarbage:1177] Releasing resource 0x1d5956a6cb0 (nv.ngx.dlssg.dlfg_resource)

[2026-10-05 22:39:13] [tid:1188488][NGXCubinGeneric::CollectGarbage:1177] Releasing resource 0x1d5956a3a70 (nv.ngx.dlssg.dlfg_resource)

[2026-10-05 22:39:13] [tid:1188488][NGXCubinGeneric::CollectGarbage:1177] Releasing resource 0x1d5956a5390 (nv.ngx.dlssg.dlfg_resource)

[2026-10-05 22:39:13] [tid:1188488][NGXCubinGeneric::CollectGarbage:1177] Releasing resource 0x1d5956a6020 (nv.ngx.dlssg.dlfg_resource)

[2026-10-05 22:39:13] [tid:1188488][NGXCubinGeneric::CollectGarbage:1177] Releasing resource 0x1d5956c8380 (nv.ngx.dlssg.dlfg_resource)

[2026-10-05 22:39:13] [tid:1188488][NGXCubinGeneric::CollectGarbage:1177] Releasing resource 0x1d5956a7940 (nv.ngx.dlssg.dlfg_resource)

[2026-10-05 22:39:13] [tid:1188488][NGXCubinGeneric::CollectGarbage:1177] Releasing resource 0x1d5956c9300 (nv.ngx.dlssg.dlfg_resource)

[2026-10-05 22:39:13] [tid:1188488][NGXCubinGeneric::CollectGarbage:1177] Releasing resource 0x1d5956af930 (nv.ngx.dlssg.dlfg_resource)

[2026-10-05 22:39:13] [tid:1188488][NGXCubinGeneric::CollectGarbage:1177] Releasing resource 0x1d5956aeca0 (nv.ngx.dlssg.dlfg_resource)

[2026-10-05 22:39:13] [tid:1188488][NGXCubinGeneric::CollectGarbage:1177] Releasing resource 0x1d5956b05c0 (nv.ngx.dlssg.dlfg_resource)

[2026-10-05 22:39:13] [tid:1188488][NGXCubinGeneric::CollectGarbage:1177] Releasing resource 0x1d5b3b7cd30 (nv.ngx.dlssg.dlfg_resource)

[2026-10-05 22:39:13] [tid:1188488][NGXCubinGeneric::CollectGarbage:1177] Releasing resource 0x1d5956c46e0 (nv.ngx.dlssg.dlfg_resource)

[2026-10-05 22:39:13] [tid:1188488][NGXCubinGeneric::CollectGarbage:1177] Releasing resource 0x1d5956c5f50 (nv.ngx.dlssg.dlfg_resource)

[2026-10-05 22:39:13] [tid:1188488][NGXCubinGeneric::CollectGarbage:1177] Releasing resource 0x1d5956c9f10 (nv.ngx.dlssg.dlfg_resource)

[2026-10-05 22:39:13] [tid:1188488][NGXCubinGeneric::CollectGarbage:1177] Releasing resource 0x1d5956cab20 (nv.ngx.dlssg.dlfg_resource)

[2026-10-05 22:39:13] [tid:1188488][NGXCubinGeneric::CollectGarbage:1177] Releasing resource 0x1d5956c7770 (nv.ngx.dlssg.dlfg_resource)

[2026-10-05 22:39:13] [tid:1188488][NGXCubinGeneric::CollectGarbage:1177] Releasing resource 0x1d5956c5340 (nv.ngx.dlssg.dlfg_resource)

[2026-10-05 22:39:13] [tid:1188488][NGXCubinGeneric::CollectGarbage:1177] Releasing resource 0x1d5956c6b60 (nv.ngx.dlssg.dlfg_resource)

[2026-10-05 22:39:13] [tid:1188488][NGXCubinGeneric::CollectGarbage:1177] Releasing resource 0x1d595953300 (nv.ngx.dlssg.dlfg_network_resource)

[2026-10-05 22:39:13] [tid:1188488][NGXCubinGeneric::CollectGarbage:1177] Releasing resource 0x1d5956d5bd0 (nv.ngx.dlssg.dlfg_resource)

[2026-10-05 22:39:13] [tid:1188488][NGXCubinGeneric::CollectGarbage:1177] Releasing resource 0x1d5956d37a0 (nv.ngx.dlssg.dlfg_resource)

[2026-10-05 22:39:13] [tid:1188488][NGXCubinGeneric::CollectGarbage:1177] Releasing resource 0x1d5959b5950 (nv.ngx.dlssg.dlfg_network_resource)

[2026-10-05 22:39:13] [tid:1188488][NGXCubinGeneric::CollectGarbage:1177] Releasing resource 0x1d5956d73f0 (nv.ngx.dlssg.dlfg_resource)

[2026-10-05 22:39:13] [tid:1188488][NGXCubinGeneric::CollectGarbage:1177] Releasing resource 0x1d5956d4fc0 (nv.ngx.dlssg.dlfg_resource)

[2026-10-05 22:39:13] [tid:1188488][NGXCubinGeneric::CollectGarbage:1177] Releasing resource 0x1d5956d43b0 (nv.ngx.dlssg.dlfg_resource)

[2026-10-05 22:39:13] [tid:1188488][NGXCubinGeneric::CollectGarbage:1177] Releasing resource 0x1d59592c9f0 (nv.ngx.dlssg.dlfg_network_resource)

[2026-10-05 22:39:13] [tid:1188488][NGXCubinGeneric::CollectGarbage:1177] Releasing resource 0x1d5956d8000 (nv.ngx.dlssg.dlfg_resource)

[2026-10-05 22:39:13] [tid:1188488][NGXCubinGeneric::CollectGarbage:1177] Releasing resource 0x1d59571a8d0 (nv.ngx.dlssg.dlfg_network_resource)

[2026-10-05 22:39:13] [tid:1188488][NGXCubinGeneric::CollectGarbage:1177] Releasing resource 0x1d5956d8c10 (nv.ngx.dlssg.dlfg_resource)

[2026-10-05 22:39:13] [tid:1188488][NGXCubinGeneric::CollectGarbage:1177] Releasing resource 0x1d5956dbc50 (nv.ngx.dlssg.dlfg_resource)

[2026-10-05 22:39:13] [tid:1188488][NGXCubinGeneric::CollectGarbage:1177] Releasing resource 0x1d5956db040 (nv.ngx.dlssg.dlfg_network_resource)

[2026-10-05 22:39:13] [tid:1188488][NGXCubinGeneric::CollectGarbage:1177] Releasing resource 0x1d5956d9820 (nv.ngx.dlssg.dlfg_network_resource)

[2026-10-05 22:39:13] [tid:1188488][NGXCubinGeneric::CollectGarbage:1177] Releasing resource 0x1d595932a70 (nv.ngx.dlssg.dlfg_network_resource)

[2026-10-05 22:39:13] [tid:1188488][NGXCubinGeneric::CollectGarbage:1177] Releasing resource 0x1d5956dd470 (nv.ngx.dlssg.dlfg_network_resource)

[2026-10-05 22:39:13] [tid:1188488][NGXCubinGeneric::CollectGarbage:1177] Releasing resource 0x1d5956da430 (nv.ngx.dlssg.dlfg_network_resource)

[2026-10-05 22:39:13] [tid:1188488][NGXCubinGeneric::CollectGarbage:1177] Releasing resource 0x1d5956df8a0 (nv.ngx.dlssg.dlfg_network_resource)

[2026-10-05 22:39:13] [tid:1188488][NGXCubinGeneric::CollectGarbage:1177] Releasing resource 0x1d5956de080 (nv.ngx.dlssg.dlfg_network_resource)

[2026-10-05 22:39:13] [tid:1188488][NGXCubinGeneric::CollectGarbage:1177] Releasing resource 0x1d5956e04b0 (nv.ngx.dlssg.dlfg_network_resource)

[2026-10-05 22:39:13] [tid:1188488][NGXCubinGeneric::CollectGarbage:1177] Releasing resource 0x1d5956dec90 (nv.ngx.dlssg.dlfg_network_resource)

[2026-10-05 22:39:13] [tid:1188488][NGXCubinGeneric::CollectGarbage:1177] Releasing resource 0x1d5956e10c0 (nv.ngx.dlssg.dlfg_network_resource)

[2026-10-05 22:39:13] [tid:1188488][NGXCubinGeneric::CollectGarbage:1177] Releasing resource 0x1d5956fbca0 (nv.ngx.dlssg.dlfg_network_resource)

[2026-10-05 22:39:13] [tid:1188488][NGXCubinGeneric::CollectGarbage:1177] Releasing resource 0x1d5956f9870 (nv.ngx.dlssg.dlfg_network_resource)

[2026-10-05 22:39:13] [tid:1188488][NGXCubinGeneric::CollectGarbage:1177] Releasing resource 0x1d5956f8c60 (nv.ngx.dlssg.dlfg_network_resource)

[2026-10-05 22:39:13] [tid:1188488][NGXCubinGeneric::CollectGarbage:1177] Releasing resource 0x1d5956fece0 (nv.ngx.dlssg.dlfg_network_resource)

[2026-10-05 22:39:13] [tid:1188488][NGXCubinGeneric::CollectGarbage:1177] Releasing resource 0x1d5959c4500 (nv.ngx.dlssg.dlfg_network_resource)

[2026-10-05 22:39:13] [tid:1188488][NGXCubinGeneric::CollectGarbage:1177] Releasing resource 0x1d5956fe0d0 (nv.ngx.dlssg.dlfg_network_resource)

[2026-10-05 22:39:13] [tid:1188488][NGXCubinGeneric::CollectGarbage:1177] Releasing resource 0x1d595701110 (nv.ngx.dlssg.dlfg_network_resource)

[2026-10-05 22:39:13] [tid:1188488][NGXCubinGeneric::CollectGarbage:1177] Releasing resource 0x1d595701d20 (nv.ngx.dlssg.dlfg_network_resource)

[2026-10-05 22:39:13] [tid:1188488][NGXCubinGeneric::CollectGarbage:1177] Releasing resource 0x1d595703540 (nv.ngx.dlssg.dlfg_network_resource)

[2026-10-05 22:39:13] [tid:1188488][NGXCubinGeneric::CollectGarbage:1177] Releasing resource 0x1d595706580 (nv.ngx.dlssg.dlfg_network_resource)

[2026-10-05 22:39:13] [tid:1188488][NGXCubinGeneric::CollectGarbage:1177] Releasing resource 0x1d595707da0 (nv.ngx.dlssg.dlfg_network_resource)

[2026-10-05 22:39:13] [tid:1188488][NGXCubinGeneric::CollectGarbage:1177] Releasing resource 0x1d595711810 (nv.ngx.dlssg.dlfg_network_resource)

[2026-10-05 22:39:13] [tid:1188488][NGXCubinGeneric::CollectGarbage:1177] Releasing resource 0x1d5957184a0 (nv.ngx.dlssg.dlfg_network_resource)

[2026-10-05 22:39:13] [tid:1188488][NGXCubinGeneric::CollectGarbage:1177] Releasing resource 0x1d595971670 (nv.ngx.dlssg.dlfg_network_resource)

[2026-10-05 22:39:13] [tid:1188488][NGXCubinGeneric::CollectGarbage:1177] Releasing resource 0x1d595716070 (nv.ngx.dlssg.dlfg_network_resource)

[2026-10-05 22:39:13] [tid:1188488][NGXCubinGeneric::CollectGarbage:1177] Releasing resource 0x1d595715460 (nv.ngx.dlssg.dlfg_network_resource)

[2026-10-05 22:39:13] [tid:1188488][NGXCubinGeneric::CollectGarbage:1177] Releasing resource 0x1d59571b4e0 (nv.ngx.dlssg.dlfg_network_resource)

[2026-10-05 22:39:13] [tid:1188488][NGXCubinGeneric::CollectGarbage:1177] Releasing resource 0x1d59571c0f0 (nv.ngx.dlssg.dlfg_network_resource)

[2026-10-05 22:39:13] [tid:1188488][NGXCubinGeneric::CollectGarbage:1177] Releasing resource 0x1d5959746b0 (nv.ngx.dlssg.dlfg_network_resource)

[2026-10-05 22:39:13] [tid:1188488][NGXCubinGeneric::CollectGarbage:1177] Releasing resource 0x1d5957190b0 (nv.ngx.dlssg.dlfg_network_resource)

[2026-10-05 22:39:13] [tid:1188488][NGXCubinGeneric::CollectGarbage:1177] Releasing resource 0x1d59571cd00 (nv.ngx.dlssg.dlfg_network_resource)

[2026-10-05 22:39:13] [tid:1188488][NGXCubinGeneric::CollectGarbage:1177] Releasing resource 0x1d595719cc0 (nv.ngx.dlssg.dlfg_network_resource)

[2026-10-05 22:39:13] [tid:1188488][NGXCubinGeneric::CollectGarbage:1177] Releasing resource 0x1d59571d910 (nv.ngx.dlssg.dlfg_network_resource)

[2026-10-05 22:39:13] [tid:1188488][NGXCubinGeneric::CollectGarbage:1177] Releasing resource 0x1d59571fd40 (nv.ngx.dlssg.dlfg_network_resource)

[2026-10-05 22:39:13] [tid:1188488][NGXCubinGeneric::CollectGarbage:1177] Releasing resource 0x1d59571f130 (nv.ngx.dlssg.dlfg_network_resource)

[2026-10-05 22:39:13] [tid:1188488][NGXCubinGeneric::CollectGarbage:1177] Releasing resource 0x1d59592b1d0 (nv.ngx.dlssg.dlfg_network_resource)

[2026-10-05 22:39:13] [tid:1188488][NGXCubinGeneric::CollectGarbage:1177] Releasing resource 0x1d59592bde0 (nv.ngx.dlssg.dlfg_network_resource)

[2026-10-05 22:39:13] [tid:1188488][NGXCubinGeneric::CollectGarbage:1177] Releasing resource 0x1d595928da0 (nv.ngx.dlssg.dlfg_network_resource)

[2026-10-05 22:39:13] [tid:1188488][NGXCubinGeneric::CollectGarbage:1184] Releasing resource 0x0 (Unknown)

[2026-10-05 22:39:13] [tid:1188488][NGXCubinGeneric::CollectGarbage:1184] Releasing resource 0x0 (Unknown)

[2026-10-05 22:39:13] [tid:1188488][NGXCubinGeneric::CollectGarbage:1177] Releasing resource 0x1d595931e60 (nv.ngx.dlssg.dlfg_network_resource)

[2026-10-05 22:39:13] [tid:1188488][NGXCubinGeneric::CollectGarbage:1177] Releasing resource 0x1d5959366c0 (nv.ngx.dlssg.dlfg_network_resource)

[2026-10-05 22:39:13] [tid:1188488][NGXCubinGeneric::CollectGarbage:1177] Releasing resource 0x1d595933680 (nv.ngx.dlssg.dlfg_network_resource)

[2026-10-05 22:39:13] [tid:1188488][NGXCubinGeneric::CollectGarbage:1177] Releasing resource 0x1d5959372d0 (nv.ngx.dlssg.dlfg_network_resource)

[2026-10-05 22:39:13] [tid:1188488][NGXCubinGeneric::CollectGarbage:1177] Releasing resource 0x1d5959459e0 (nv.ngx.dlssg.dlfg_network_resource)

[2026-10-05 22:39:13] [tid:1188488][NGXCubinGeneric::CollectGarbage:1177] Releasing resource 0x1d5959441c0 (nv.ngx.dlssg.dlfg_network_resource)

[2026-10-05 22:39:14] [tid:1188488][NGXCubinGeneric::CollectGarbage:1177] Releasing resource 0x1d595947e10 (nv.ngx.dlssg.dlfg_network_resource)

[2026-10-05 22:39:14] [tid:1188488][NGXCubinGeneric::CollectGarbage:1177] Releasing resource 0x1d59594ae50 (nv.ngx.dlssg.dlfg_network_resource)

[2026-10-05 22:39:14] [tid:1188488][NGXCubinGeneric::CollectGarbage:1177] Releasing resource 0x1d59594c670 (nv.ngx.dlssg.dlfg_network_resource)

[2026-10-05 22:39:14] [tid:1188488][NGXCubinGeneric::CollectGarbage:1177] Releasing resource 0x1d59594f6b0 (nv.ngx.dlssg.dlfg_network_resource)

[2026-10-05 22:39:14] [tid:1188488][NGXCubinGeneric::CollectGarbage:1177] Releasing resource 0x1d59594d280 (nv.ngx.dlssg.dlfg_network_resource)

[2026-10-05 22:39:14] [tid:1188488][NGXCubinGeneric::CollectGarbage:1177] Releasing resource 0x1d59594de90 (nv.ngx.dlssg.dlfg_network_resource)

[2026-10-05 22:39:14] [tid:1188488][NGXCubinGeneric::CollectGarbage:1177] Releasing resource 0x1d59594eaa0 (nv.ngx.dlssg.dlfg_network_resource)

[2026-10-05 22:39:14] [tid:1188488][NGXCubinGeneric::CollectGarbage:1177] Releasing resource 0x1d59596c200 (nv.ngx.dlssg.dlfg_network_resource)

[2026-10-05 22:39:14] [tid:1188488][NGXCubinGeneric::CollectGarbage:1177] Releasing resource 0x1d5959bc5e0 (nv.ngx.dlssg.dlfg_network_resource)

[2026-10-05 22:39:14] [tid:1188488][NGXCubinGeneric::CollectGarbage:1177] Releasing resource 0x1d59596fe50 (nv.ngx.dlssg.dlfg_network_resource)

[2026-10-05 22:39:14] [tid:1188488][NGXCubinGeneric::CollectGarbage:1177] Releasing resource 0x1d595970a60 (nv.ngx.dlssg.dlfg_network_resource)

[2026-10-05 22:39:14] [tid:1188488][NGXCubinGeneric::CollectGarbage:1177] Releasing resource 0x1d595972280 (nv.ngx.dlssg.dlfg_network_resource)

[2026-10-05 22:39:14] [tid:1188488][NGXCubinGeneric::CollectGarbage:1177] Releasing resource 0x1d595978300 (nv.ngx.dlssg.dlfg_network_resource)

[2026-10-05 22:39:14] [tid:1188488][NGXCubinGeneric::CollectGarbage:1177] Releasing resource 0x1d5959752c0 (nv.ngx.dlssg.dlfg_network_resource)

[2026-10-05 22:39:14] [tid:1188488][NGXCubinGeneric::CollectGarbage:1177] Releasing resource 0x1d595975ed0 (nv.ngx.dlssg.dlfg_network_resource)

[2026-10-05 22:39:14] [tid:1188488][NGXCubinGeneric::CollectGarbage:1177] Releasing resource 0x1d59597a730 (nv.ngx.dlssg.dlfg_network_resource)

[2026-10-05 22:39:14] [tid:1188488][NGXCubinGeneric::CollectGarbage:1177] Releasing resource 0x1d5959c5d20 (nv.ngx.dlssg.dlfg_network_resource)

[2026-10-05 22:39:14] [tid:1188488][NGXCubinGeneric::CollectGarbage:1177] Releasing resource 0x1d5959b04e0 (nv.ngx.dlssg.dlfg_network_resource)

[2026-10-05 22:39:14] [tid:1188488][NGXCubinGeneric::CollectGarbage:1177] Releasing resource 0x1d5959ae0b0 (nv.ngx.dlssg.dlfg_network_resource)

[2026-10-05 22:39:14] [tid:1188488][NGXCubinGeneric::CollectGarbage:1177] Releasing resource 0x1d5959b1d00 (nv.ngx.dlssg.dlfg_network_resource)

[2026-10-05 22:39:14] [tid:1188488][NGXCubinGeneric::CollectGarbage:1177] Releasing resource 0x1d5959b6560 (nv.ngx.dlssg.dlfg_network_resource)

[2026-10-05 22:39:14] [tid:1188488][NGXCubinGeneric::CollectGarbage:1177] Releasing resource 0x1d5959b7170 (nv.ngx.dlssg.dlfg_network_resource)

[2026-10-05 22:39:14] [tid:1188488][NGXCubinGeneric::CollectGarbage:1177] Releasing resource 0x1d5959b7d80 (nv.ngx.dlssg.dlfg_network_resource)

[2026-10-05 22:39:14] [tid:1188488][NGXCubinGeneric::CollectGarbage:1177] Releasing resource 0x1d5959bb9d0 (nv.ngx.dlssg.dlfg_network_resource)

[2026-10-05 22:39:14] [tid:1188488][NGXCubinGeneric::CollectGarbage:1177] Releasing resource 0x1d5959b8990 (nv.ngx.dlssg.dlfg_network_resource)

[2026-10-05 22:39:14] [tid:1188488][NGXCubinGeneric::CollectGarbage:1177] Releasing resource 0x1d5959badc0 (nv.ngx.dlssg.dlfg_network_resource)

[2026-10-05 22:39:14] [tid:1188488][NGXCubinGeneric::CollectGarbage:1177] Releasing resource 0x1d5959c6930 (nv.ngx.dlssg.dlfg_network_resource)

[2026-10-05 22:39:14] [tid:1188488][NGXCubinGeneric::CollectGarbage:1177] Releasing resource 0x1d5959ca580 (nv.ngx.dlssg.dlfg_network_resource)

[2026-10-05 22:39:14] [tid:1188488][NGXCubinGeneric::Shutdown:281] Delayed destroy resource list count 0

[2026-10-05 22:39:14] [NGXStoreCallToReleaseFeature:1714] Stored release feature dlssg handle 1

[2026-10-05 22:39:14] [NVSDK_NGX_CreateFeature_Validate:731] app id is 141959980 

[2026-10-05 22:39:14] [tid:1188488][NGXCubinD3D12::ProcessParameters:1424] Resources managed by host: false

[2026-10-05 22:39:14] [tid:1188488][NGXCubinD3D12::Init:135] Enabling texmode_raw

[2026-10-05 22:39:14] [tid:1188488][NGXCubinD3D12::Init:147] Enabling CuModule kernel path (load fatbin once, resolve entry points)

[2026-10-05 22:39:14] [tid:1188488][NGXCubinD3D12::Init:152] Build - PRODUCTION

[2026-10-05 22:39:14] [tid:1188488][NGXCubinD3D12::Init:156] GPU nodes 1 - visible node mask 1

[2026-10-05 22:39:14] [tid:1188488][NGXCubinKernelMap::InitCubins:42] Loading NGXCubin kernels

[2026-10-05 22:39:14] [tid:1188488][NGXCubinGeneric::SetGPUArch:473] m_gpuArch = 0x170

[2026-10-05 22:39:14] [tid:1188488][NGXCubinGeneric::genericPostInit:164] Fast UAV clear: supported

[2026-10-05 22:39:14] [tid:1188488][NGXCubinD3D12::ProcessParameters:1424] Resources managed by host: false

[2026-10-05 22:39:14] [tid:1188488][EndpointCoreCreateParameters::ParseNGXParameters:82] Creating feature using NVSDK_NGX_DLSSG_Parameter_Width/Height

[2026-10-05 22:39:14] [tid:1188488][EndpointConfiguration::ParseNGXParametersCreateTime:50] NVSDK_NGX_DLSSG_Parameter_UserInterfaceRecompositionEnabled: (false)

[2026-10-05 22:39:14] [tid:1188488][NGXCubinGeneric::CreateTexture2DResourceShared:1022] CUBIN 2D alloc (dlfg_resource), m_allocCount=1, currentSize 0.9 MB, totalSize 0.9 MB

[2026-10-05 22:39:14] [tid:1188488][ResourceName::getPublicName:679] ProductionResourceName: 'nv.ngx.dlssg.resource'

[2026-10-05 22:39:14] [tid:1188488][NGXCubinD3D12::SetResourceName:1083] D3D12 SetResourceName: nv.ngx.dlssg.resource

[2026-10-05 22:39:14] [tid:1188488][NGXCubinGeneric::CreateTexture2DResourceShared:1022] CUBIN 2D alloc (dlfg_resource), m_allocCount=2, currentSize 0.9 MB, totalSize 1.8 MB

[2026-10-05 22:39:14] [tid:1188488][ResourceName::getPublicName:679] ProductionResourceName: 'nv.ngx.dlssg.resource'

[2026-10-05 22:39:14] [tid:1188488][NGXCubinD3D12::SetResourceName:1083] D3D12 SetResourceName: nv.ngx.dlssg.resource

[2026-10-05 22:39:14] [tid:1188488][NGXCubinGeneric::CreateTexture2DResourceShared:1022] CUBIN 2D alloc (dlfg_resource), m_allocCount=3, currentSize 7.0 MB, totalSize 8.8 MB

[2026-10-05 22:39:14] [tid:1188488][ResourceName::getPublicName:679] ProductionResourceName: 'nv.ngx.dlssg.resource'

[2026-10-05 22:39:14] [tid:1188488][NGXCubinD3D12::SetResourceName:1083] D3D12 SetResourceName: nv.ngx.dlssg.resource

[2026-10-05 22:39:14] [tid:1188488][NGXCubinGeneric::CreateTexture2DResourceShared:1022] CUBIN 2D alloc (dlfg_resource), m_allocCount=4, currentSize 7.0 MB, totalSize 15.8 MB

[2026-10-05 22:39:14] [tid:1188488][ResourceName::getPublicName:679] ProductionResourceName: 'nv.ngx.dlssg.resource'

[2026-10-05 22:39:14] [tid:1188488][NGXCubinD3D12::SetResourceName:1083] D3D12 SetResourceName: nv.ngx.dlssg.resource

[2026-10-05 22:39:14] [tid:1188488][NGXCubinGeneric::CreateTexture2DResourceShared:1022] CUBIN 2D alloc (dlfg_resource), m_allocCount=5, currentSize 7.0 MB, totalSize 22.9 MB

[2026-10-05 22:39:14] [tid:1188488][ResourceName::getPublicName:679] ProductionResourceName: 'nv.ngx.dlssg.resource'

[2026-10-05 22:39:14] [tid:1188488][NGXCubinD3D12::SetResourceName:1083] D3D12 SetResourceName: nv.ngx.dlssg.resource

[2026-10-05 22:39:14] [tid:1188488][NGXCubinGeneric::CreateTexture2DResourceShared:1022] CUBIN 2D alloc (dlfg_resource), m_allocCount=6, currentSize 7.0 MB, totalSize 29.9 MB

[2026-10-05 22:39:14] [tid:1188488][ResourceName::getPublicName:679] ProductionResourceName: 'nv.ngx.dlssg.resource'

[2026-10-05 22:39:14] [tid:1188488][NGXCubinD3D12::SetResourceName:1083] D3D12 SetResourceName: nv.ngx.dlssg.resource

[2026-10-05 22:39:14] [tid:1188488][NGXCubinGeneric::CreateTexture2DResourceShared:1022] CUBIN 2D alloc (dlfg_resource), m_allocCount=7, currentSize 1.8 MB, totalSize 31.6 MB

[2026-10-05 22:39:14] [tid:1188488][ResourceName::getPublicName:679] ProductionResourceName: 'nv.ngx.dlssg.resource'

[2026-10-05 22:39:14] [tid:1188488][NGXCubinD3D12::SetResourceName:1083] D3D12 SetResourceName: nv.ngx.dlssg.resource

[2026-10-05 22:39:14] [tid:1188488][NGXCubinGeneric::CreateTexture2DResourceShared:1022] CUBIN 2D alloc (dlfg_resource), m_allocCount=8, currentSize 0.9 MB, totalSize 32.5 MB

[2026-10-05 22:39:14] [tid:1188488][ResourceName::getPublicName:679] ProductionResourceName: 'nv.ngx.dlssg.resource'

[2026-10-05 22:39:14] [tid:1188488][NGXCubinD3D12::SetResourceName:1083] D3D12 SetResourceName: nv.ngx.dlssg.resource

[2026-10-05 22:39:14] [tid:1188488][NGXCubinGeneric::CreateTexture2DResourceShared:1022] CUBIN 2D alloc (dlfg_resource), m_allocCount=9, currentSize 0.9 MB, totalSize 33.4 MB

[2026-10-05 22:39:14] [tid:1188488][ResourceName::getPublicName:679] ProductionResourceName: 'nv.ngx.dlssg.resource'

[2026-10-05 22:39:14] [tid:1188488][NGXCubinD3D12::SetResourceName:1083] D3D12 SetResourceName: nv.ngx.dlssg.resource

[2026-10-05 22:39:14] [tid:1188488][NGXCubinGeneric::CreateTexture2DResourceShared:1022] CUBIN 2D alloc (dlfg_resource), m_allocCount=10, currentSize 0.9 MB, totalSize 34.3 MB

[2026-10-05 22:39:14] [tid:1188488][ResourceName::getPublicName:679] ProductionResourceName: 'nv.ngx.dlssg.resource'

[2026-10-05 22:39:14] [tid:1188488][NGXCubinD3D12::SetResourceName:1083] D3D12 SetResourceName: nv.ngx.dlssg.resource

[2026-10-05 22:39:14] [tid:1188488][NGXCubinGeneric::CreateBufferResource:822] CUBIN 1D alloc (dlfg_resource), m_allocCount=11, currentSize 0.0 MB, totalSize 34.3 MB

[2026-10-05 22:39:14] [tid:1188488][ResourceName::getPublicName:679] ProductionResourceName: 'nv.ngx.dlssg.resource'

[2026-10-05 22:39:14] [tid:1188488][NGXCubinD3D12::SetResourceName:1083] D3D12 SetResourceName: nv.ngx.dlssg.resource

[2026-10-05 22:39:14] [tid:1188488][NGXCubinGeneric::CreateTexture2DResourceShared:1022] CUBIN 2D alloc (dlfg_resource), m_allocCount=12, currentSize 0.9 MB, totalSize 35.2 MB

[2026-10-05 22:39:14] [tid:1188488][ResourceName::getPublicName:679] ProductionResourceName: 'nv.ngx.dlssg.resource'

[2026-10-05 22:39:14] [tid:1188488][NGXCubinD3D12::SetResourceName:1083] D3D12 SetResourceName: nv.ngx.dlssg.resource

[2026-10-05 22:39:14] [tid:1188488][NGXCubinGeneric::CreateTexture2DResourceShared:1022] CUBIN 2D alloc (dlfg_resource), m_allocCount=13, currentSize 0.9 MB, totalSize 36.0 MB

[2026-10-05 22:39:14] [tid:1188488][ResourceName::getPublicName:679] ProductionResourceName: 'nv.ngx.dlssg.resource'

[2026-10-05 22:39:14] [tid:1188488][NGXCubinD3D12::SetResourceName:1083] D3D12 SetResourceName: nv.ngx.dlssg.resource

[2026-10-05 22:39:14] [tid:1188488][NGXCubinGeneric::CreateTexture2DResourceShared:1022] CUBIN 2D alloc (dlfg_resource), m_allocCount=14, currentSize 0.9 MB, totalSize 36.9 MB

[2026-10-05 22:39:14] [tid:1188488][ResourceName::getPublicName:679] ProductionResourceName: 'nv.ngx.dlssg.resource'

[2026-10-05 22:39:14] [tid:1188488][NGXCubinD3D12::SetResourceName:1083] D3D12 SetResourceName: nv.ngx.dlssg.resource

[2026-10-05 22:39:14] [tid:1188488][NGXCubinGeneric::CreateTexture2DResourceShared:1022] CUBIN 2D alloc (dlfg_resource), m_allocCount=15, currentSize 0.2 MB, totalSize 37.1 MB

[2026-10-05 22:39:14] [tid:1188488][ResourceName::getPublicName:679] ProductionResourceName: 'nv.ngx.dlssg.resource'

[2026-10-05 22:39:14] [tid:1188488][NGXCubinD3D12::SetResourceName:1083] D3D12 SetResourceName: nv.ngx.dlssg.resource

[2026-10-05 22:39:14] [tid:1188488][NGXCubinGeneric::CreateTexture2DResourceShared:1022] CUBIN 2D alloc (dlfg_resource), m_allocCount=16, currentSize 0.2 MB, totalSize 37.4 MB

[2026-10-05 22:39:14] [tid:1188488][ResourceName::getPublicName:679] ProductionResourceName: 'nv.ngx.dlssg.resource'

[2026-10-05 22:39:14] [tid:1188488][NGXCubinD3D12::SetResourceName:1083] D3D12 SetResourceName: nv.ngx.dlssg.resource

[2026-10-05 22:39:14] [tid:1188488][NGXCubinGeneric::CreateTexture2DResourceShared:1022] CUBIN 2D alloc (dlfg_resource), m_allocCount=17, currentSize 0.2 MB, totalSize 37.6 MB

[2026-10-05 22:39:14] [tid:1188488][ResourceName::getPublicName:679] ProductionResourceName: 'nv.ngx.dlssg.resource'

[2026-10-05 22:39:14] [tid:1188488][NGXCubinD3D12::SetResourceName:1083] D3D12 SetResourceName: nv.ngx.dlssg.resource

[2026-10-05 22:39:14] [tid:1188488][NGXCubinGeneric::CreateTexture2DResourceShared:1022] CUBIN 2D alloc (dlfg_resource), m_allocCount=18, currentSize 1.8 MB, totalSize 39.3 MB

[2026-10-05 22:39:14] [tid:1188488][ResourceName::getPublicName:679] ProductionResourceName: 'nv.ngx.dlssg.resource'

[2026-10-05 22:39:14] [tid:1188488][NGXCubinD3D12::SetResourceName:1083] D3D12 SetResourceName: nv.ngx.dlssg.resource

[2026-10-05 22:39:14] [tid:1188488][NGXCubinGeneric::CreateTexture2DResourceShared:1022] CUBIN 2D alloc (dlfg_resource), m_allocCount=19, currentSize 1.8 MB, totalSize 41.1 MB

[2026-10-05 22:39:14] [tid:1188488][ResourceName::getPublicName:679] ProductionResourceName: 'nv.ngx.dlssg.resource'

[2026-10-05 22:39:14] [tid:1188488][NGXCubinD3D12::SetResourceName:1083] D3D12 SetResourceName: nv.ngx.dlssg.resource

[2026-10-05 22:39:14] [tid:1188488][NGXCubinGeneric::CreateBufferResource:822] CUBIN 1D alloc (dlfg_resource), m_allocCount=20, currentSize 1.8 MB, totalSize 42.8 MB

[2026-10-05 22:39:14] [tid:1188488][ResourceName::getPublicName:679] ProductionResourceName: 'nv.ngx.dlssg.resource'

[2026-10-05 22:39:14] [tid:1188488][NGXCubinD3D12::SetResourceName:1083] D3D12 SetResourceName: nv.ngx.dlssg.resource

[2026-10-05 22:39:14] [tid:1188488][NGXCubinGeneric::CreateBufferResource:822] CUBIN 1D alloc (dlfg_resource), m_allocCount=21, currentSize 1.8 MB, totalSize 44.6 MB

[2026-10-05 22:39:14] [tid:1188488][ResourceName::getPublicName:679] ProductionResourceName: 'nv.ngx.dlssg.resource'

[2026-10-05 22:39:14] [tid:1188488][NGXCubinD3D12::SetResourceName:1083] D3D12 SetResourceName: nv.ngx.dlssg.resource

[2026-10-05 22:39:14] [tid:1188488][NGXCubinGeneric::CreateBufferResource:822] CUBIN 1D alloc (dlfg_resource), m_allocCount=22, currentSize 0.2 MB, totalSize 44.8 MB

[2026-10-05 22:39:14] [tid:1188488][ResourceName::getPublicName:679] ProductionResourceName: 'nv.ngx.dlssg.resource'

[2026-10-05 22:39:14] [tid:1188488][NGXCubinD3D12::SetResourceName:1083] D3D12 SetResourceName: nv.ngx.dlssg.resource

[2026-10-05 22:39:14] [tid:1188488][NGXCubinGeneric::CreateBufferResource:822] CUBIN 1D alloc (dlfg_resource), m_allocCount=23, currentSize 0.3 MB, totalSize 45.2 MB

[2026-10-05 22:39:14] [tid:1188488][ResourceName::getPublicName:679] ProductionResourceName: 'nv.ngx.dlssg.resource'

[2026-10-05 22:39:14] [tid:1188488][NGXCubinD3D12::SetResourceName:1083] D3D12 SetResourceName: nv.ngx.dlssg.resource

[2026-10-05 22:39:14] [tid:1188488][NGXCubinGeneric::CreateTexture2DResourceShared:1022] CUBIN 2D alloc (dlfg_resource), m_allocCount=24, currentSize 1.8 MB, totalSize 46.9 MB

[2026-10-05 22:39:14] [tid:1188488][ResourceName::getPublicName:679] ProductionResourceName: 'nv.ngx.dlssg.resource'

[2026-10-05 22:39:14] [tid:1188488][NGXCubinD3D12::SetResourceName:1083] D3D12 SetResourceName: nv.ngx.dlssg.resource

[2026-10-05 22:39:14] [tid:1188488][NGXCubinGeneric::CreateTexture2DResourceShared:1022] CUBIN 2D alloc (dlfg_resource), m_allocCount=25, currentSize 1.8 MB, totalSize 48.7 MB

[2026-10-05 22:39:14] [tid:1188488][ResourceName::getPublicName:679] ProductionResourceName: 'nv.ngx.dlssg.resource'

[2026-10-05 22:39:14] [tid:1188488][NGXCubinD3D12::SetResourceName:1083] D3D12 SetResourceName: nv.ngx.dlssg.resource

[2026-10-05 22:39:14] [tid:1188488][NGXCubinGeneric::CreateTexture2DResourceShared:1022] CUBIN 2D alloc (dlfg_resource), m_allocCount=26, currentSize 0.9 MB, totalSize 49.5 MB

[2026-10-05 22:39:14] [tid:1188488][ResourceName::getPublicName:679] ProductionResourceName: 'nv.ngx.dlssg.resource'

[2026-10-05 22:39:14] [tid:1188488][NGXCubinD3D12::SetResourceName:1083] D3D12 SetResourceName: nv.ngx.dlssg.resource

[2026-10-05 22:39:14] [tid:1188488][NGXCubinGeneric::CreateTexture2DResourceShared:1022] CUBIN 2D alloc (dlfg_resource), m_allocCount=27, currentSize 0.9 MB, totalSize 50.4 MB

[2026-10-05 22:39:14] [tid:1188488][ResourceName::getPublicName:679] ProductionResourceName: 'nv.ngx.dlssg.resource'

[2026-10-05 22:39:14] [tid:1188488][NGXCubinD3D12::SetResourceName:1083] D3D12 SetResourceName: nv.ngx.dlssg.resource

[2026-10-05 22:39:14] [tid:1188488][NGXCubinGeneric::CreateTexture2DResourceShared:1022] CUBIN 2D alloc (dlfg_resource), m_allocCount=28, currentSize 0.9 MB, totalSize 51.3 MB

[2026-10-05 22:39:14] [tid:1188488][ResourceName::getPublicName:679] ProductionResourceName: 'nv.ngx.dlssg.resource'

[2026-10-05 22:39:14] [tid:1188488][NGXCubinD3D12::SetResourceName:1083] D3D12 SetResourceName: nv.ngx.dlssg.resource

[2026-10-05 22:39:14] [tid:1188488][NGXCubinGeneric::CreateTexture2DResourceShared:1022] CUBIN 2D alloc (dlfg_resource), m_allocCount=29, currentSize 0.4 MB, totalSize 51.7 MB

[2026-10-05 22:39:14] [tid:1188488][ResourceName::getPublicName:679] ProductionResourceName: 'nv.ngx.dlssg.resource'

[2026-10-05 22:39:14] [tid:1188488][NGXCubinD3D12::SetResourceName:1083] D3D12 SetResourceName: nv.ngx.dlssg.resource

[2026-10-05 22:39:14] [tid:1188488][NGXCubinGeneric::CreateTexture2DResourceShared:1022] CUBIN 2D alloc (dlfg_resource), m_allocCount=30, currentSize 0.4 MB, totalSize 52.2 MB

[2026-10-05 22:39:14] [tid:1188488][ResourceName::getPublicName:679] ProductionResourceName: 'nv.ngx.dlssg.resource'

[2026-10-05 22:39:14] [tid:1188488][NGXCubinD3D12::SetResourceName:1083] D3D12 SetResourceName: nv.ngx.dlssg.resource

[2026-10-05 22:39:14] [tid:1188488][NGXCubinGeneric::CreateTexture2DResourceShared:1022] CUBIN 2D alloc (dlfg_resource), m_allocCount=31, currentSize 0.2 MB, totalSize 52.4 MB

[2026-10-05 22:39:14] [tid:1188488][ResourceName::getPublicName:679] ProductionResourceName: 'nv.ngx.dlssg.resource'

[2026-10-05 22:39:14] [tid:1188488][NGXCubinD3D12::SetResourceName:1083] D3D12 SetResourceName: nv.ngx.dlssg.resource

[2026-10-05 22:39:14] [tid:1188488][NGXCubinGeneric::CreateTexture2DResourceShared:1022] CUBIN 2D alloc (dlfg_resource), m_allocCount=32, currentSize 0.2 MB, totalSize 52.6 MB

[2026-10-05 22:39:14] [tid:1188488][ResourceName::getPublicName:679] ProductionResourceName: 'nv.ngx.dlssg.resource'

[2026-10-05 22:39:14] [tid:1188488][NGXCubinD3D12::SetResourceName:1083] D3D12 SetResourceName: nv.ngx.dlssg.resource

[2026-10-05 22:39:14] [tid:1188488][NGXCubinGeneric::CreateTexture2DResourceShared:1022] CUBIN 2D alloc (dlfg_resource), m_allocCount=33, currentSize 0.2 MB, totalSize 52.8 MB

[2026-10-05 22:39:14] [tid:1188488][ResourceName::getPublicName:679] ProductionResourceName: 'nv.ngx.dlssg.resource'

[2026-10-05 22:39:14] [tid:1188488][NGXCubinD3D12::SetResourceName:1083] D3D12 SetResourceName: nv.ngx.dlssg.resource

[2026-10-05 22:39:14] [tid:1188488][NGXCubinGeneric::CreateTexture2DResourceShared:1022] CUBIN 2D alloc (dlfg_resource), m_allocCount=34, currentSize 0.2 MB, totalSize 53.1 MB

[2026-10-05 22:39:14] [tid:1188488][ResourceName::getPublicName:679] ProductionResourceName: 'nv.ngx.dlssg.resource'

[2026-10-05 22:39:14] [tid:1188488][NGXCubinD3D12::SetResourceName:1083] D3D12 SetResourceName: nv.ngx.dlssg.resource

[2026-10-05 22:39:14] [tid:1188488][NGXCubinGeneric::CreateTexture2DResourceShared:1022] CUBIN 2D alloc (dlfg_resource), m_allocCount=35, currentSize 0.2 MB, totalSize 53.3 MB

[2026-10-05 22:39:14] [tid:1188488][ResourceName::getPublicName:679] ProductionResourceName: 'nv.ngx.dlssg.resource'

[2026-10-05 22:39:14] [tid:1188488][NGXCubinD3D12::SetResourceName:1083] D3D12 SetResourceName: nv.ngx.dlssg.resource

[2026-10-05 22:39:14] [tid:1188488][NGXCubinGeneric::CreateBufferResource:822] CUBIN 1D alloc (dlfg_resource), m_allocCount=36, currentSize 1.9 MB, totalSize 55.2 MB

[2026-10-05 22:39:14] [tid:1188488][ResourceName::getPublicName:679] ProductionResourceName: 'nv.ngx.dlssg.resource'

[2026-10-05 22:39:14] [tid:1188488][NGXCubinD3D12::SetResourceName:1083] D3D12 SetResourceName: nv.ngx.dlssg.resource

[2026-10-05 22:39:14] [tid:1188488][NGXCubinGeneric::CreateBufferResource:822] CUBIN 1D alloc (dlfg_resource), m_allocCount=37, currentSize 5.6 MB, totalSize 60.8 MB

[2026-10-05 22:39:14] [tid:1188488][ResourceName::getPublicName:679] ProductionResourceName: 'nv.ngx.dlssg.resource'

[2026-10-05 22:39:14] [tid:1188488][NGXCubinD3D12::SetResourceName:1083] D3D12 SetResourceName: nv.ngx.dlssg.resource

[2026-10-05 22:39:14] [tid:1188488][NGXCubinGeneric::CreateBufferResource:822] CUBIN 1D alloc (dlfg_resource), m_allocCount=38, currentSize 1.8 MB, totalSize 62.6 MB

[2026-10-05 22:39:14] [tid:1188488][ResourceName::getPublicName:679] ProductionResourceName: 'nv.ngx.dlssg.resource'

[2026-10-05 22:39:14] [tid:1188488][NGXCubinD3D12::SetResourceName:1083] D3D12 SetResourceName: nv.ngx.dlssg.resource

[2026-10-05 22:39:14] [tid:1188488][NGXCubinGeneric::CreateBufferResource:822] CUBIN 1D alloc (dlfg_resource), m_allocCount=39, currentSize 1.8 MB, totalSize 64.4 MB

[2026-10-05 22:39:14] [tid:1188488][ResourceName::getPublicName:679] ProductionResourceName: 'nv.ngx.dlssg.resource'

[2026-10-05 22:39:14] [tid:1188488][NGXCubinD3D12::SetResourceName:1083] D3D12 SetResourceName: nv.ngx.dlssg.resource

[2026-10-05 22:39:14] [tid:1188488][NGXCubinGeneric::CreateBufferResource:822] CUBIN 1D alloc (dlfg_resource), m_allocCount=40, currentSize 0.0 MB, totalSize 64.4 MB

[2026-10-05 22:39:14] [tid:1188488][ResourceName::getPublicName:679] ProductionResourceName: 'nv.ngx.dlssg.resource'

[2026-10-05 22:39:14] [tid:1188488][NGXCubinD3D12::SetResourceName:1083] D3D12 SetResourceName: nv.ngx.dlssg.resource

[2026-10-05 22:39:14] [tid:1188488][NGXCubinGeneric::CreateBufferResource:822] CUBIN 1D alloc (dlfg_resource), m_allocCount=41, currentSize 0.4 MB, totalSize 64.8 MB

[2026-10-05 22:39:14] [tid:1188488][ResourceName::getPublicName:679] ProductionResourceName: 'nv.ngx.dlssg.resource'

[2026-10-05 22:39:14] [tid:1188488][NGXCubinD3D12::SetResourceName:1083] D3D12 SetResourceName: nv.ngx.dlssg.resource

[2026-10-05 22:39:14] [tid:1188488][NGXCubinGeneric::CreateBufferResource:822] CUBIN 1D alloc (dlfg_resource), m_allocCount=42, currentSize 3.6 MB, totalSize 68.4 MB

[2026-10-05 22:39:14] [tid:1188488][ResourceName::getPublicName:679] ProductionResourceName: 'nv.ngx.dlssg.resource'

[2026-10-05 22:39:14] [tid:1188488][NGXCubinD3D12::SetResourceName:1083] D3D12 SetResourceName: nv.ngx.dlssg.resource

[2026-10-05 22:39:14] [tid:1188488][NGXCubinGeneric::CreateBufferResource:822] CUBIN 1D alloc (dlfg_resource), m_allocCount=43, currentSize 0.1 MB, totalSize 68.5 MB

[2026-10-05 22:39:14] [tid:1188488][ResourceName::getPublicName:679] ProductionResourceName: 'nv.ngx.dlssg.resource'

[2026-10-05 22:39:14] [tid:1188488][NGXCubinD3D12::SetResourceName:1083] D3D12 SetResourceName: nv.ngx.dlssg.resource

[2026-10-05 22:39:14] [tid:1188488][NGXCubinGeneric::CreateBufferResource:822] CUBIN 1D alloc (dlfg_resource), m_allocCount=44, currentSize 0.0 MB, totalSize 68.5 MB

[2026-10-05 22:39:14] [tid:1188488][ResourceName::getPublicName:679] ProductionResourceName: 'nv.ngx.dlssg.resource'

[2026-10-05 22:39:14] [tid:1188488][NGXCubinD3D12::SetResourceName:1083] D3D12 SetResourceName: nv.ngx.dlssg.resource

[2026-10-05 22:39:14] [tid:1188488][NGXCubinGeneric::CreateBufferResource:822] CUBIN 1D alloc (dlfg_resource), m_allocCount=45, currentSize 0.0 MB, totalSize 68.5 MB

[2026-10-05 22:39:14] [tid:1188488][ResourceName::getPublicName:679] ProductionResourceName: 'nv.ngx.dlssg.resource'

[2026-10-05 22:39:14] [tid:1188488][NGXCubinD3D12::SetResourceName:1083] D3D12 SetResourceName: nv.ngx.dlssg.resource

[2026-10-05 22:39:14] [tid:1188488][NGXCubinGeneric::CreateBufferResource:822] CUBIN 1D alloc (dlfg_resource), m_allocCount=46, currentSize 1.8 MB, totalSize 70.3 MB

[2026-10-05 22:39:14] [tid:1188488][ResourceName::getPublicName:679] ProductionResourceName: 'nv.ngx.dlssg.resource'

[2026-10-05 22:39:14] [tid:1188488][NGXCubinD3D12::SetResourceName:1083] D3D12 SetResourceName: nv.ngx.dlssg.resource

[2026-10-05 22:39:14] [tid:1188488][NGXCubinGeneric::CreateBufferResource:822] CUBIN 1D alloc (dlfg_resource), m_allocCount=47, currentSize 0.0 MB, totalSize 70.3 MB

[2026-10-05 22:39:14] [tid:1188488][ResourceName::getPublicName:679] ProductionResourceName: 'nv.ngx.dlssg.resource'

[2026-10-05 22:39:14] [tid:1188488][NGXCubinD3D12::SetResourceName:1083] D3D12 SetResourceName: nv.ngx.dlssg.resource

[2026-10-05 22:39:14] [tid:1188488][NGXCubinGeneric::CreateBufferResource:822] CUBIN 1D alloc (dlfg_resource), m_allocCount=48, currentSize 0.4 MB, totalSize 70.7 MB

[2026-10-05 22:39:14] [tid:1188488][ResourceName::getPublicName:679] ProductionResourceName: 'nv.ngx.dlssg.resource'

[2026-10-05 22:39:14] [tid:1188488][NGXCubinD3D12::SetResourceName:1083] D3D12 SetResourceName: nv.ngx.dlssg.resource

[2026-10-05 22:39:14] [tid:1188488][NGXCubinGeneric::CreateBufferResource:822] CUBIN 1D alloc (dlfg_resource), m_allocCount=49, currentSize 0.0 MB, totalSize 70.7 MB

[2026-10-05 22:39:14] [tid:1188488][ResourceName::getPublicName:679] ProductionResourceName: 'nv.ngx.dlssg.resource'

[2026-10-05 22:39:14] [tid:1188488][NGXCubinD3D12::SetResourceName:1083] D3D12 SetResourceName: nv.ngx.dlssg.resource

[2026-10-05 22:39:14] [tid:1188488][NGXCubinGeneric::CreateBufferResource:822] CUBIN 1D alloc (dlfg_resource), m_allocCount=50, currentSize 0.1 MB, totalSize 70.8 MB

[2026-10-05 22:39:14] [tid:1188488][ResourceName::getPublicName:679] ProductionResourceName: 'nv.ngx.dlssg.resource'

[2026-10-05 22:39:14] [tid:1188488][NGXCubinD3D12::SetResourceName:1083] D3D12 SetResourceName: nv.ngx.dlssg.resource

[2026-10-05 22:39:14] [tid:1188488][NGXCubinGeneric::CreateBufferResource:822] CUBIN 1D alloc (dlfg_resource), m_allocCount=51, currentSize 0.0 MB, totalSize 70.9 MB

[2026-10-05 22:39:14] [tid:1188488][ResourceName::getPublicName:679] ProductionResourceName: 'nv.ngx.dlssg.resource'

[2026-10-05 22:39:14] [tid:1188488][NGXCubinD3D12::SetResourceName:1083] D3D12 SetResourceName: nv.ngx.dlssg.resource

[2026-10-05 22:39:14] [tid:1188488][NGXCubinGeneric::CreateBufferResource:822] CUBIN 1D alloc (dlfg_resource), m_allocCount=52, currentSize 0.0 MB, totalSize 70.9 MB

[2026-10-05 22:39:14] [tid:1188488][ResourceName::getPublicName:679] ProductionResourceName: 'nv.ngx.dlssg.resource'

[2026-10-05 22:39:14] [tid:1188488][NGXCubinD3D12::SetResourceName:1083] D3D12 SetResourceName: nv.ngx.dlssg.resource

[2026-10-05 22:39:14] [tid:1188488][NGXCubinGeneric::CreateBufferResource:822] CUBIN 1D alloc (dlfg_resource), m_allocCount=53, currentSize 0.0 MB, totalSize 70.9 MB

[2026-10-05 22:39:14] [tid:1188488][ResourceName::getPublicName:679] ProductionResourceName: 'nv.ngx.dlssg.resource'

[2026-10-05 22:39:14] [tid:1188488][NGXCubinD3D12::SetResourceName:1083] D3D12 SetResourceName: nv.ngx.dlssg.resource

[2026-10-05 22:39:14] [tid:1188488][NGXCubinGeneric::CreateBufferResource:822] CUBIN 1D alloc (dlfg_resource), m_allocCount=54, currentSize 0.0 MB, totalSize 70.9 MB

[2026-10-05 22:39:14] [tid:1188488][ResourceName::getPublicName:679] ProductionResourceName: 'nv.ngx.dlssg.resource'

[2026-10-05 22:39:14] [tid:1188488][NGXCubinD3D12::SetResourceName:1083] D3D12 SetResourceName: nv.ngx.dlssg.resource

[2026-10-05 22:39:14] [tid:1188488][NGXCubinGeneric::CreateBufferResource:822] CUBIN 1D alloc (dlfg_resource), m_allocCount=55, currentSize 0.0 MB, totalSize 70.9 MB

[2026-10-05 22:39:14] [tid:1188488][ResourceName::getPublicName:679] ProductionResourceName: 'nv.ngx.dlssg.resource'

[2026-10-05 22:39:14] [tid:1188488][NGXCubinD3D12::SetResourceName:1083] D3D12 SetResourceName: nv.ngx.dlssg.resource

[2026-10-05 22:39:14] [tid:1188488][NGXCubinGeneric::CreateBufferResource:822] CUBIN 1D alloc (dlfg_network_resource), m_allocCount=56, currentSize 3.8 MB, totalSize 74.6 MB

[2026-10-05 22:39:14] [tid:1188488][ResourceName::getPublicName:679] ProductionResourceName: 'nv.ngx.dlssg.resource'

[2026-10-05 22:39:14] [tid:1188488][NGXCubinD3D12::SetResourceName:1083] D3D12 SetResourceName: nv.ngx.dlssg.resource

[2026-10-05 22:39:14] [tid:1188488][NGXCubinGeneric::CreateBufferResource:822] CUBIN 1D alloc (dlfg_network_resource), m_allocCount=57, currentSize 3.8 MB, totalSize 78.4 MB

[2026-10-05 22:39:14] [tid:1188488][ResourceName::getPublicName:679] ProductionResourceName: 'nv.ngx.dlssg.resource'

[2026-10-05 22:39:14] [tid:1188488][NGXCubinD3D12::SetResourceName:1083] D3D12 SetResourceName: nv.ngx.dlssg.resource

[2026-10-05 22:39:14] [tid:1188488][NGXCubinGeneric::CreateBufferResource:822] CUBIN 1D alloc (dlfg_network_resource), m_allocCount=58, currentSize 3.8 MB, totalSize 82.1 MB

[2026-10-05 22:39:14] [tid:1188488][ResourceName::getPublicName:679] ProductionResourceName: 'nv.ngx.dlssg.resource'

[2026-10-05 22:39:14] [tid:1188488][NGXCubinD3D12::SetResourceName:1083] D3D12 SetResourceName: nv.ngx.dlssg.resource

[2026-10-05 22:39:14] [tid:1188488][NGXCubinGeneric::CreateBufferResource:822] CUBIN 1D alloc (dlfg_network_resource), m_allocCount=59, currentSize 1.9 MB, totalSize 84.0 MB

[2026-10-05 22:39:14] [tid:1188488][ResourceName::getPublicName:679] ProductionResourceName: 'nv.ngx.dlssg.resource'

[2026-10-05 22:39:14] [tid:1188488][NGXCubinD3D12::SetResourceName:1083] D3D12 SetResourceName: nv.ngx.dlssg.resource

[2026-10-05 22:39:14] [tid:1188488][NGXCubinGeneric::CreateBufferResource:822] CUBIN 1D alloc (dlfg_network_resource), m_allocCount=60, currentSize 0.9 MB, totalSize 85.0 MB

[2026-10-05 22:39:14] [tid:1188488][ResourceName::getPublicName:679] ProductionResourceName: 'nv.ngx.dlssg.resource'

[2026-10-05 22:39:14] [tid:1188488][NGXCubinD3D12::SetResourceName:1083] D3D12 SetResourceName: nv.ngx.dlssg.resource

[2026-10-05 22:39:14] [tid:1188488][NGXCubinGeneric::CreateBufferResource:822] CUBIN 1D alloc (dlfg_network_resource), m_allocCount=61, currentSize 0.2 MB, totalSize 85.2 MB

[2026-10-05 22:39:14] [tid:1188488][ResourceName::getPublicName:679] ProductionResourceName: 'nv.ngx.dlssg.resource'

[2026-10-05 22:39:14] [tid:1188488][NGXCubinD3D12::SetResourceName:1083] D3D12 SetResourceName: nv.ngx.dlssg.resource

[2026-10-05 22:39:14] [tid:1188488][NGXCubinGeneric::CreateBufferResource:822] CUBIN 1D alloc (dlfg_network_resource), m_allocCount=62, currentSize 0.1 MB, totalSize 85.3 MB

[2026-10-05 22:39:14] [tid:1188488][ResourceName::getPublicName:679] ProductionResourceName: 'nv.ngx.dlssg.resource'

[2026-10-05 22:39:14] [tid:1188488][NGXCubinD3D12::SetResourceName:1083] D3D12 SetResourceName: nv.ngx.dlssg.resource

[2026-10-05 22:39:14] [tid:1188488][NGXCubinGeneric::CreateBufferResource:822] CUBIN 1D alloc (dlfg_network_resource), m_allocCount=63, currentSize 0.1 MB, totalSize 85.4 MB

[2026-10-05 22:39:14] [tid:1188488][ResourceName::getPublicName:679] ProductionResourceName: 'nv.ngx.dlssg.resource'

[2026-10-05 22:39:14] [tid:1188488][NGXCubinD3D12::SetResourceName:1083] D3D12 SetResourceName: nv.ngx.dlssg.resource

[2026-10-05 22:39:14] [tid:1188488][NGXCubinGeneric::CreateBufferResource:822] CUBIN 1D alloc (dlfg_network_resource), m_allocCount=64, currentSize 0.1 MB, totalSize 85.4 MB

[2026-10-05 22:39:14] [tid:1188488][ResourceName::getPublicName:679] ProductionResourceName: 'nv.ngx.dlssg.resource'

[2026-10-05 22:39:14] [tid:1188488][NGXCubinD3D12::SetResourceName:1083] D3D12 SetResourceName: nv.ngx.dlssg.resource

[2026-10-05 22:39:14] [tid:1188488][NGXCubinGeneric::CreateBufferResource:822] CUBIN 1D alloc (dlfg_network_resource), m_allocCount=65, currentSize 0.0 MB, totalSize 85.4 MB

[2026-10-05 22:39:14] [tid:1188488][ResourceName::getPublicName:679] ProductionResourceName: 'nv.ngx.dlssg.resource'

[2026-10-05 22:39:14] [tid:1188488][NGXCubinD3D12::SetResourceName:1083] D3D12 SetResourceName: nv.ngx.dlssg.resource

[2026-10-05 22:39:14] [tid:1188488][NGXCubinGeneric::CreateBufferResource:822] CUBIN 1D alloc (dlfg_network_resource), m_allocCount=66, currentSize 0.0 MB, totalSize 85.4 MB

[2026-10-05 22:39:14] [tid:1188488][ResourceName::getPublicName:679] ProductionResourceName: 'nv.ngx.dlssg.resource'

[2026-10-05 22:39:14] [tid:1188488][NGXCubinD3D12::SetResourceName:1083] D3D12 SetResourceName: nv.ngx.dlssg.resource

[2026-10-05 22:39:14] [tid:1188488][NGXCubinGeneric::CreateBufferResource:822] CUBIN 1D alloc (dlfg_network_resource), m_allocCount=67, currentSize 0.3 MB, totalSize 85.7 MB

[2026-10-05 22:39:14] [tid:1188488][ResourceName::getPublicName:679] ProductionResourceName: 'nv.ngx.dlssg.resource'

[2026-10-05 22:39:14] [tid:1188488][NGXCubinD3D12::SetResourceName:1083] D3D12 SetResourceName: nv.ngx.dlssg.resource

[2026-10-05 22:39:14] [tid:1188488][NGXCubinGeneric::CreateBufferResource:822] CUBIN 1D alloc (dlfg_network_resource), m_allocCount=68, currentSize 0.3 MB, totalSize 86.0 MB

[2026-10-05 22:39:14] [tid:1188488][ResourceName::getPublicName:679] ProductionResourceName: 'nv.ngx.dlssg.resource'

[2026-10-05 22:39:14] [tid:1188488][NGXCubinD3D12::SetResourceName:1083] D3D12 SetResourceName: nv.ngx.dlssg.resource

[2026-10-05 22:39:14] [tid:1188488][NGXCubinGeneric::CreateBufferResource:822] CUBIN 1D alloc (dlfg_network_resource), m_allocCount=69, currentSize 0.6 MB, totalSize 86.6 MB

[2026-10-05 22:39:14] [tid:1188488][ResourceName::getPublicName:679] ProductionResourceName: 'nv.ngx.dlssg.resource'

[2026-10-05 22:39:14] [tid:1188488][NGXCubinD3D12::SetResourceName:1083] D3D12 SetResourceName: nv.ngx.dlssg.resource

[2026-10-05 22:39:14] [tid:1188488][NGXCubinGeneric::CreateBufferResource:822] CUBIN 1D alloc (dlfg_network_resource), m_allocCount=70, currentSize 0.6 MB, totalSize 87.1 MB

[2026-10-05 22:39:14] [tid:1188488][ResourceName::getPublicName:679] ProductionResourceName: 'nv.ngx.dlssg.resource'

[2026-10-05 22:39:14] [tid:1188488][NGXCubinD3D12::SetResourceName:1083] D3D12 SetResourceName: nv.ngx.dlssg.resource

[2026-10-05 22:39:14] [tid:1188488][NGXCubinGeneric::CreateBufferResource:822] CUBIN 1D alloc (dlfg_network_resource), m_allocCount=71, currentSize 1.1 MB, totalSize 88.3 MB

[2026-10-05 22:39:14] [tid:1188488][ResourceName::getPublicName:679] ProductionResourceName: 'nv.ngx.dlssg.resource'

[2026-10-05 22:39:14] [tid:1188488][NGXCubinD3D12::SetResourceName:1083] D3D12 SetResourceName: nv.ngx.dlssg.resource

[2026-10-05 22:39:14] [tid:1188488][NGXCubinGeneric::CreateBufferResource:822] CUBIN 1D alloc (dlfg_network_resource), m_allocCount=72, currentSize 1.1 MB, totalSize 89.4 MB

[2026-10-05 22:39:14] [tid:1188488][ResourceName::getPublicName:679] ProductionResourceName: 'nv.ngx.dlssg.resource'

[2026-10-05 22:39:14] [tid:1188488][NGXCubinD3D12::SetResourceName:1083] D3D12 SetResourceName: nv.ngx.dlssg.resource

[2026-10-05 22:39:14] [tid:1188488][NGXCubinGeneric::CreateBufferResource:822] CUBIN 1D alloc (dlfg_network_resource), m_allocCount=73, currentSize 0.5 MB, totalSize 89.9 MB

[2026-10-05 22:39:14] [tid:1188488][ResourceName::getPublicName:679] ProductionResourceName: 'nv.ngx.dlssg.resource'

[2026-10-05 22:39:14] [tid:1188488][NGXCubinD3D12::SetResourceName:1083] D3D12 SetResourceName: nv.ngx.dlssg.resource

[2026-10-05 22:39:14] [tid:1188488][NGXCubinGeneric::CreateBufferResource:822] CUBIN 1D alloc (dlfg_network_resource), m_allocCount=74, currentSize 0.5 MB, totalSize 90.4 MB

[2026-10-05 22:39:14] [tid:1188488][ResourceName::getPublicName:679] ProductionResourceName: 'nv.ngx.dlssg.resource'

[2026-10-05 22:39:14] [tid:1188488][NGXCubinD3D12::SetResourceName:1083] D3D12 SetResourceName: nv.ngx.dlssg.resource

[2026-10-05 22:39:14] [tid:1188488][NGXCubinGeneric::CreateBufferResource:822] CUBIN 1D alloc (dlfg_network_resource), m_allocCount=75, currentSize 0.5 MB, totalSize 90.9 MB

[2026-10-05 22:39:14] [tid:1188488][ResourceName::getPublicName:679] ProductionResourceName: 'nv.ngx.dlssg.resource'

[2026-10-05 22:39:14] [tid:1188488][NGXCubinD3D12::SetResourceName:1083] D3D12 SetResourceName: nv.ngx.dlssg.resource

[2026-10-05 22:39:14] [tid:1188488][NGXCubinGeneric::CreateBufferResource:822] CUBIN 1D alloc (dlfg_network_resource), m_allocCount=76, currentSize 0.5 MB, totalSize 91.4 MB

[2026-10-05 22:39:14] [tid:1188488][ResourceName::getPublicName:679] ProductionResourceName: 'nv.ngx.dlssg.resource'

[2026-10-05 22:39:14] [tid:1188488][NGXCubinD3D12::SetResourceName:1083] D3D12 SetResourceName: nv.ngx.dlssg.resource

[2026-10-05 22:39:14] [tid:1188488][NGXCubinGeneric::CreateBufferResource:822] CUBIN 1D alloc (dlfg_network_resource), m_allocCount=77, currentSize 0.3 MB, totalSize 91.7 MB

[2026-10-05 22:39:14] [tid:1188488][ResourceName::getPublicName:679] ProductionResourceName: 'nv.ngx.dlssg.resource'

[2026-10-05 22:39:14] [tid:1188488][NGXCubinD3D12::SetResourceName:1083] D3D12 SetResourceName: nv.ngx.dlssg.resource

[2026-10-05 22:39:14] [tid:1188488][NGXCubinGeneric::CreateBufferResource:822] CUBIN 1D alloc (dlfg_network_resource), m_allocCount=78, currentSize 0.3 MB, totalSize 92.0 MB

[2026-10-05 22:39:14] [tid:1188488][ResourceName::getPublicName:679] ProductionResourceName: 'nv.ngx.dlssg.resource'

[2026-10-05 22:39:14] [tid:1188488][NGXCubinD3D12::SetResourceName:1083] D3D12 SetResourceName: nv.ngx.dlssg.resource

[2026-10-05 22:39:14] [tid:1188488][NGXCubinGeneric::CreateBufferResource:822] CUBIN 1D alloc (dlfg_network_resource), m_allocCount=79, currentSize 0.1 MB, totalSize 92.1 MB

[2026-10-05 22:39:14] [tid:1188488][ResourceName::getPublicName:679] ProductionResourceName: 'nv.ngx.dlssg.resource'

[2026-10-05 22:39:14] [tid:1188488][NGXCubinD3D12::SetResourceName:1083] D3D12 SetResourceName: nv.ngx.dlssg.resource

[2026-10-05 22:39:14] [tid:1188488][NGXCubinGeneric::CreateBufferResource:822] CUBIN 1D alloc (dlfg_network_resource), m_allocCount=80, currentSize 0.1 MB, totalSize 92.2 MB

[2026-10-05 22:39:14] [tid:1188488][ResourceName::getPublicName:679] ProductionResourceName: 'nv.ngx.dlssg.resource'

[2026-10-05 22:39:14] [tid:1188488][NGXCubinD3D12::SetResourceName:1083] D3D12 SetResourceName: nv.ngx.dlssg.resource

[2026-10-05 22:39:14] [tid:1188488][NGXCubinGeneric::CreateBufferResource:822] CUBIN 1D alloc (dlfg_network_resource), m_allocCount=81, currentSize 0.1 MB, totalSize 92.3 MB

[2026-10-05 22:39:14] [tid:1188488][ResourceName::getPublicName:679] ProductionResourceName: 'nv.ngx.dlssg.resource'

[2026-10-05 22:39:14] [tid:1188488][NGXCubinD3D12::SetResourceName:1083] D3D12 SetResourceName: nv.ngx.dlssg.resource

[2026-10-05 22:39:14] [tid:1188488][NGXCubinGeneric::CreateBufferResource:822] CUBIN 1D alloc (dlfg_network_resource), m_allocCount=82, currentSize 0.1 MB, totalSize 92.4 MB

[2026-10-05 22:39:14] [tid:1188488][ResourceName::getPublicName:679] ProductionResourceName: 'nv.ngx.dlssg.resource'

[2026-10-05 22:39:14] [tid:1188488][NGXCubinD3D12::SetResourceName:1083] D3D12 SetResourceName: nv.ngx.dlssg.resource

[2026-10-05 22:39:14] [tid:1188488][NGXCubinGeneric::CreateBufferResource:822] CUBIN 1D alloc (dlfg_network_resource), m_allocCount=83, currentSize 0.1 MB, totalSize 92.4 MB

[2026-10-05 22:39:14] [tid:1188488][ResourceName::getPublicName:679] ProductionResourceName: 'nv.ngx.dlssg.resource'

[2026-10-05 22:39:14] [tid:1188488][NGXCubinD3D12::SetResourceName:1083] D3D12 SetResourceName: nv.ngx.dlssg.resource

[2026-10-05 22:39:14] [tid:1188488][NGXCubinGeneric::CreateBufferResource:822] CUBIN 1D alloc (dlfg_network_resource), m_allocCount=84, currentSize 0.1 MB, totalSize 92.5 MB

[2026-10-05 22:39:14] [tid:1188488][ResourceName::getPublicName:679] ProductionResourceName: 'nv.ngx.dlssg.resource'

[2026-10-05 22:39:14] [tid:1188488][NGXCubinD3D12::SetResourceName:1083] D3D12 SetResourceName: nv.ngx.dlssg.resource

[2026-10-05 22:39:14] [tid:1188488][NGXCubinGeneric::CreateBufferResource:822] CUBIN 1D alloc (dlfg_network_resource), m_allocCount=85, currentSize 0.1 MB, totalSize 92.6 MB

[2026-10-05 22:39:14] [tid:1188488][ResourceName::getPublicName:679] ProductionResourceName: 'nv.ngx.dlssg.resource'

[2026-10-05 22:39:14] [tid:1188488][NGXCubinD3D12::SetResourceName:1083] D3D12 SetResourceName: nv.ngx.dlssg.resource

[2026-10-05 22:39:14] [tid:1188488][NGXCubinGeneric::CreateBufferResource:822] CUBIN 1D alloc (dlfg_network_resource), m_allocCount=86, currentSize 0.1 MB, totalSize 92.6 MB

[2026-10-05 22:39:14] [tid:1188488][ResourceName::getPublicName:679] ProductionResourceName: 'nv.ngx.dlssg.resource'

[2026-10-05 22:39:14] [tid:1188488][NGXCubinD3D12::SetResourceName:1083] D3D12 SetResourceName: nv.ngx.dlssg.resource

[2026-10-05 22:39:14] [tid:1188488][NGXCubinGeneric::CreateBufferResource:822] CUBIN 1D alloc (dlfg_network_resource), m_allocCount=87, currentSize 0.0 MB, totalSize 92.7 MB

[2026-10-05 22:39:14] [tid:1188488][ResourceName::getPublicName:679] ProductionResourceName: 'nv.ngx.dlssg.resource'

[2026-10-05 22:39:14] [tid:1188488][NGXCubinD3D12::SetResourceName:1083] D3D12 SetResourceName: nv.ngx.dlssg.resource

[2026-10-05 22:39:14] [tid:1188488][NGXCubinGeneric::CreateBufferResource:822] CUBIN 1D alloc (dlfg_network_resource), m_allocCount=88, currentSize 0.0 MB, totalSize 92.7 MB

[2026-10-05 22:39:14] [tid:1188488][ResourceName::getPublicName:679] ProductionResourceName: 'nv.ngx.dlssg.resource'

[2026-10-05 22:39:14] [tid:1188488][NGXCubinD3D12::SetResourceName:1083] D3D12 SetResourceName: nv.ngx.dlssg.resource

[2026-10-05 22:39:14] [tid:1188488][NGXCubinGeneric::CreateBufferResource:822] CUBIN 1D alloc (dlfg_network_resource), m_allocCount=89, currentSize 0.0 MB, totalSize 92.7 MB

[2026-10-05 22:39:14] [tid:1188488][ResourceName::getPublicName:679] ProductionResourceName: 'nv.ngx.dlssg.resource'

[2026-10-05 22:39:14] [tid:1188488][NGXCubinD3D12::SetResourceName:1083] D3D12 SetResourceName: nv.ngx.dlssg.resource

[2026-10-05 22:39:14] [tid:1188488][NGXCubinGeneric::CreateBufferResource:822] CUBIN 1D alloc (dlfg_network_resource), m_allocCount=90, currentSize 0.0 MB, totalSize 92.7 MB

[2026-10-05 22:39:14] [tid:1188488][ResourceName::getPublicName:679] ProductionResourceName: 'nv.ngx.dlssg.resource'

[2026-10-05 22:39:14] [tid:1188488][NGXCubinD3D12::SetResourceName:1083] D3D12 SetResourceName: nv.ngx.dlssg.resource

[2026-10-05 22:39:14] [tid:1188488][NGXCubinGeneric::CreateBufferResource:822] CUBIN 1D alloc (dlfg_network_resource), m_allocCount=91, currentSize 0.0 MB, totalSize 92.7 MB

[2026-10-05 22:39:14] [tid:1188488][ResourceName::getPublicName:679] ProductionResourceName: 'nv.ngx.dlssg.resource'

[2026-10-05 22:39:14] [tid:1188488][NGXCubinD3D12::SetResourceName:1083] D3D12 SetResourceName: nv.ngx.dlssg.resource

[2026-10-05 22:39:14] [tid:1188488][NGXCubinGeneric::CreateBufferResource:822] CUBIN 1D alloc (dlfg_network_resource), m_allocCount=92, currentSize 0.0 MB, totalSize 92.7 MB

[2026-10-05 22:39:14] [tid:1188488][ResourceName::getPublicName:679] ProductionResourceName: 'nv.ngx.dlssg.resource'

[2026-10-05 22:39:14] [tid:1188488][NGXCubinD3D12::SetResourceName:1083] D3D12 SetResourceName: nv.ngx.dlssg.resource

[2026-10-05 22:39:14] [tid:1188488][NGXCubinGeneric::CreateBufferResource:822] CUBIN 1D alloc (dlfg_network_resource), m_allocCount=93, currentSize 0.0 MB, totalSize 92.7 MB

[2026-10-05 22:39:14] [tid:1188488][ResourceName::getPublicName:679] ProductionResourceName: 'nv.ngx.dlssg.resource'

[2026-10-05 22:39:14] [tid:1188488][NGXCubinD3D12::SetResourceName:1083] D3D12 SetResourceName: nv.ngx.dlssg.resource

[2026-10-05 22:39:14] [tid:1188488][NGXCubinGeneric::CreateBufferResource:822] CUBIN 1D alloc (dlfg_network_resource), m_allocCount=94, currentSize 0.0 MB, totalSize 92.7 MB

[2026-10-05 22:39:14] [tid:1188488][ResourceName::getPublicName:679] ProductionResourceName: 'nv.ngx.dlssg.resource'

[2026-10-05 22:39:14] [tid:1188488][NGXCubinD3D12::SetResourceName:1083] D3D12 SetResourceName: nv.ngx.dlssg.resource

[2026-10-05 22:39:14] [tid:1188488][NGXCubinGeneric::CreateBufferResource:822] CUBIN 1D alloc (dlfg_network_resource), m_allocCount=95, currentSize 0.0 MB, totalSize 92.7 MB

[2026-10-05 22:39:14] [tid:1188488][ResourceName::getPublicName:679] ProductionResourceName: 'nv.ngx.dlssg.resource'

[2026-10-05 22:39:14] [tid:1188488][NGXCubinD3D12::SetResourceName:1083] D3D12 SetResourceName: nv.ngx.dlssg.resource

[2026-10-05 22:39:14] [tid:1188488][NGXCubinGeneric::CreateBufferResource:822] CUBIN 1D alloc (dlfg_network_resource), m_allocCount=96, currentSize 0.0 MB, totalSize 92.8 MB

[2026-10-05 22:39:14] [tid:1188488][ResourceName::getPublicName:679] ProductionResourceName: 'nv.ngx.dlssg.resource'

[2026-10-05 22:39:14] [tid:1188488][NGXCubinD3D12::SetResourceName:1083] D3D12 SetResourceName: nv.ngx.dlssg.resource

[2026-10-05 22:39:14] [tid:1188488][NGXCubinGeneric::CreateBufferResource:822] CUBIN 1D alloc (dlfg_network_resource), m_allocCount=97, currentSize 4.5 MB, totalSize 97.2 MB

[2026-10-05 22:39:14] [tid:1188488][ResourceName::getPublicName:679] ProductionResourceName: 'nv.ngx.dlssg.resource'

[2026-10-05 22:39:14] [tid:1188488][NGXCubinD3D12::SetResourceName:1083] D3D12 SetResourceName: nv.ngx.dlssg.resource

[2026-10-05 22:39:14] [tid:1188488][NGXCubinGeneric::CreateBufferResource:822] CUBIN 1D alloc (dlfg_network_resource), m_allocCount=98, currentSize 3.6 MB, totalSize 100.8 MB

[2026-10-05 22:39:14] [tid:1188488][ResourceName::getPublicName:679] ProductionResourceName: 'nv.ngx.dlssg.resource'

[2026-10-05 22:39:14] [tid:1188488][NGXCubinD3D12::SetResourceName:1083] D3D12 SetResourceName: nv.ngx.dlssg.resource

[2026-10-05 22:39:14] [tid:1188488][NGXCubinGeneric::CreateBufferResource:822] CUBIN 1D alloc (dlfg_network_resource), m_allocCount=99, currentSize 1.8 MB, totalSize 102.6 MB

[2026-10-05 22:39:14] [tid:1188488][ResourceName::getPublicName:679] ProductionResourceName: 'nv.ngx.dlssg.resource'

[2026-10-05 22:39:14] [tid:1188488][NGXCubinD3D12::SetResourceName:1083] D3D12 SetResourceName: nv.ngx.dlssg.resource

[2026-10-05 22:39:14] [tid:1188488][NGXCubinGeneric::CreateBufferResource:822] CUBIN 1D alloc (dlfg_network_resource), m_allocCount=100, currentSize 0.9 MB, totalSize 103.5 MB

[2026-10-05 22:39:14] [tid:1188488][ResourceName::getPublicName:679] ProductionResourceName: 'nv.ngx.dlssg.resource'

[2026-10-05 22:39:14] [tid:1188488][NGXCubinD3D12::SetResourceName:1083] D3D12 SetResourceName: nv.ngx.dlssg.resource

[2026-10-05 22:39:14] [tid:1188488][NGXCubinGeneric::CreateBufferResource:822] CUBIN 1D alloc (dlfg_network_resource), m_allocCount=101, currentSize 1.8 MB, totalSize 105.3 MB

[2026-10-05 22:39:14] [tid:1188488][ResourceName::getPublicName:679] ProductionResourceName: 'nv.ngx.dlssg.resource'

[2026-10-05 22:39:14] [tid:1188488][NGXCubinD3D12::SetResourceName:1083] D3D12 SetResourceName: nv.ngx.dlssg.resource

[2026-10-05 22:39:14] [tid:1188488][NGXCubinGeneric::CreateBufferResource:822] CUBIN 1D alloc (dlfg_network_resource), m_allocCount=102, currentSize 8.1 MB, totalSize 113.4 MB

[2026-10-05 22:39:14] [tid:1188488][ResourceName::getPublicName:679] ProductionResourceName: 'nv.ngx.dlssg.resource'

[2026-10-05 22:39:14] [tid:1188488][NGXCubinD3D12::SetResourceName:1083] D3D12 SetResourceName: nv.ngx.dlssg.resource

[2026-10-05 22:39:14] [tid:1188488][NGXCubinGeneric::CreateBufferResource:822] CUBIN 1D alloc (dlfg_network_resource), m_allocCount=103, currentSize 1.3 MB, totalSize 114.8 MB

[2026-10-05 22:39:14] [tid:1188488][ResourceName::getPublicName:679] ProductionResourceName: 'nv.ngx.dlssg.resource'

[2026-10-05 22:39:14] [tid:1188488][NGXCubinD3D12::SetResourceName:1083] D3D12 SetResourceName: nv.ngx.dlssg.resource

[2026-10-05 22:39:14] [tid:1188488][NGXCubinGeneric::CreateBufferResource:822] CUBIN 1D alloc (dlfg_network_resource), m_allocCount=104, currentSize 1.8 MB, totalSize 116.6 MB

[2026-10-05 22:39:14] [tid:1188488][ResourceName::getPublicName:679] ProductionResourceName: 'nv.ngx.dlssg.resource'

[2026-10-05 22:39:14] [tid:1188488][NGXCubinD3D12::SetResourceName:1083] D3D12 SetResourceName: nv.ngx.dlssg.resource

[2026-10-05 22:39:14] [tid:1188488][NGXCubinGeneric::CreateBufferResource:822] CUBIN 1D alloc (dlfg_network_resource), m_allocCount=105, currentSize 1.8 MB, totalSize 118.4 MB

[2026-10-05 22:39:14] [tid:1188488][ResourceName::getPublicName:679] ProductionResourceName: 'nv.ngx.dlssg.resource'

[2026-10-05 22:39:14] [tid:1188488][NGXCubinD3D12::SetResourceName:1083] D3D12 SetResourceName: nv.ngx.dlssg.resource

[2026-10-05 22:39:14] [tid:1188488][NGXCubinGeneric::CreateBufferResource:822] CUBIN 1D alloc (dlfg_network_resource), m_allocCount=106, currentSize 0.0 MB, totalSize 118.4 MB

[2026-10-05 22:39:14] [tid:1188488][ResourceName::getPublicName:679] ProductionResourceName: 'nv.ngx.dlssg.resource'

[2026-10-05 22:39:14] [tid:1188488][NGXCubinD3D12::SetResourceName:1083] D3D12 SetResourceName: nv.ngx.dlssg.resource

[2026-10-05 22:39:14] [tid:1188488][NGXCubinGeneric::CreateBufferResource:822] CUBIN 1D alloc (dlfg_network_resource), m_allocCount=107, currentSize 0.0 MB, totalSize 118.4 MB

[2026-10-05 22:39:14] [tid:1188488][ResourceName::getPublicName:679] ProductionResourceName: 'nv.ngx.dlssg.resource'

[2026-10-05 22:39:14] [tid:1188488][NGXCubinD3D12::SetResourceName:1083] D3D12 SetResourceName: nv.ngx.dlssg.resource

[2026-10-05 22:39:14] [tid:1188488][NGXCubinGeneric::CreateBufferResource:822] CUBIN 1D alloc (dlfg_network_resource), m_allocCount=108, currentSize 0.0 MB, totalSize 118.4 MB

[2026-10-05 22:39:14] [tid:1188488][ResourceName::getPublicName:679] ProductionResourceName: 'nv.ngx.dlssg.resource'

[2026-10-05 22:39:14] [tid:1188488][NGXCubinD3D12::SetResourceName:1083] D3D12 SetResourceName: nv.ngx.dlssg.resource

[2026-10-05 22:39:14] [tid:1188488][NGXCubinGeneric::CreateBufferResource:822] CUBIN 1D alloc (dlfg_network_resource), m_allocCount=109, currentSize 0.0 MB, totalSize 118.4 MB

[2026-10-05 22:39:14] [tid:1188488][ResourceName::getPublicName:679] ProductionResourceName: 'nv.ngx.dlssg.resource'

[2026-10-05 22:39:14] [tid:1188488][NGXCubinD3D12::SetResourceName:1083] D3D12 SetResourceName: nv.ngx.dlssg.resource

[2026-10-05 22:39:14] [tid:1188488][NGXCubinGeneric::CreateBufferResource:822] CUBIN 1D alloc (dlfg_network_resource), m_allocCount=110, currentSize 0.0 MB, totalSize 118.4 MB

[2026-10-05 22:39:14] [tid:1188488][ResourceName::getPublicName:679] ProductionResourceName: 'nv.ngx.dlssg.resource'

[2026-10-05 22:39:14] [tid:1188488][NGXCubinD3D12::SetResourceName:1083] D3D12 SetResourceName: nv.ngx.dlssg.resource

[2026-10-05 22:39:14] [tid:1188488][NGXCubinGeneric::CreateBufferResource:822] CUBIN 1D alloc (dlfg_network_resource), m_allocCount=111, currentSize 0.0 MB, totalSize 118.4 MB

[2026-10-05 22:39:14] [tid:1188488][ResourceName::getPublicName:679] ProductionResourceName: 'nv.ngx.dlssg.resource'

[2026-10-05 22:39:14] [tid:1188488][NGXCubinD3D12::SetResourceName:1083] D3D12 SetResourceName: nv.ngx.dlssg.resource

[2026-10-05 22:39:14] [tid:1188488][NGXCubinGeneric::CreateBufferResource:822] CUBIN 1D alloc (dlfg_network_resource), m_allocCount=112, currentSize 0.0 MB, totalSize 118.4 MB

[2026-10-05 22:39:14] [tid:1188488][ResourceName::getPublicName:679] ProductionResourceName: 'nv.ngx.dlssg.resource'

[2026-10-05 22:39:14] [tid:1188488][NGXCubinD3D12::SetResourceName:1083] D3D12 SetResourceName: nv.ngx.dlssg.resource

[2026-10-05 22:39:14] [tid:1188488][NGXCubinGeneric::CreateBufferResource:822] CUBIN 1D alloc (dlfg_network_resource), m_allocCount=113, currentSize 0.0 MB, totalSize 118.4 MB

[2026-10-05 22:39:14] [tid:1188488][ResourceName::getPublicName:679] ProductionResourceName: 'nv.ngx.dlssg.resource'

[2026-10-05 22:39:14] [tid:1188488][NGXCubinD3D12::SetResourceName:1083] D3D12 SetResourceName: nv.ngx.dlssg.resource

[2026-10-05 22:39:14] [tid:1188488][NGXCubinGeneric::CreateBufferResource:822] CUBIN 1D alloc (dlfg_network_resource), m_allocCount=114, currentSize 0.0 MB, totalSize 118.4 MB

[2026-10-05 22:39:14] [tid:1188488][ResourceName::getPublicName:679] ProductionResourceName: 'nv.ngx.dlssg.resource'

[2026-10-05 22:39:14] [tid:1188488][NGXCubinD3D12::SetResourceName:1083] D3D12 SetResourceName: nv.ngx.dlssg.resource

[2026-10-05 22:39:14] [tid:1188488][NGXCubinGeneric::CreateBufferResource:822] CUBIN 1D alloc (dlfg_network_resource), m_allocCount=115, currentSize 0.0 MB, totalSize 118.5 MB

[2026-10-05 22:39:14] [tid:1188488][ResourceName::getPublicName:679] ProductionResourceName: 'nv.ngx.dlssg.resource'

[2026-10-05 22:39:14] [tid:1188488][NGXCubinD3D12::SetResourceName:1083] D3D12 SetResourceName: nv.ngx.dlssg.resource

[2026-10-05 22:39:14] [tid:1188488][NGXCubinGeneric::CreateBufferResource:822] CUBIN 1D alloc (dlfg_network_resource), m_allocCount=116, currentSize 0.0 MB, totalSize 118.5 MB

[2026-10-05 22:39:14] [tid:1188488][ResourceName::getPublicName:679] ProductionResourceName: 'nv.ngx.dlssg.resource'

[2026-10-05 22:39:14] [tid:1188488][NGXCubinD3D12::SetResourceName:1083] D3D12 SetResourceName: nv.ngx.dlssg.resource

[2026-10-05 22:39:14] [tid:1188488][NGXCubinGeneric::CreateBufferResource:822] CUBIN 1D alloc (dlfg_network_resource), m_allocCount=117, currentSize 0.0 MB, totalSize 118.5 MB

[2026-10-05 22:39:14] [tid:1188488][ResourceName::getPublicName:679] ProductionResourceName: 'nv.ngx.dlssg.resource'

[2026-10-05 22:39:14] [tid:1188488][NGXCubinD3D12::SetResourceName:1083] D3D12 SetResourceName: nv.ngx.dlssg.resource

[2026-10-05 22:39:14] [tid:1188488][NGXCubinGeneric::CreateBufferResource:822] CUBIN 1D alloc (dlfg_network_resource), m_allocCount=118, currentSize 0.1 MB, totalSize 118.6 MB

[2026-10-05 22:39:14] [tid:1188488][ResourceName::getPublicName:679] ProductionResourceName: 'nv.ngx.dlssg.resource'

[2026-10-05 22:39:14] [tid:1188488][NGXCubinD3D12::SetResourceName:1083] D3D12 SetResourceName: nv.ngx.dlssg.resource

[2026-10-05 22:39:14] [tid:1188488][NGXCubinGeneric::CreateBufferResource:822] CUBIN 1D alloc (dlfg_network_resource), m_allocCount=119, currentSize 0.1 MB, totalSize 118.6 MB

[2026-10-05 22:39:14] [tid:1188488][ResourceName::getPublicName:679] ProductionResourceName: 'nv.ngx.dlssg.resource'

[2026-10-05 22:39:14] [tid:1188488][NGXCubinD3D12::SetResourceName:1083] D3D12 SetResourceName: nv.ngx.dlssg.resource

[2026-10-05 22:39:14] [tid:1188488][NGXCubinGeneric::CreateBufferResource:822] CUBIN 1D alloc (dlfg_network_resource), m_allocCount=120, currentSize 0.0 MB, totalSize 118.6 MB

[2026-10-05 22:39:14] [tid:1188488][ResourceName::getPublicName:679] ProductionResourceName: 'nv.ngx.dlssg.resource'

[2026-10-05 22:39:14] [tid:1188488][NGXCubinD3D12::SetResourceName:1083] D3D12 SetResourceName: nv.ngx.dlssg.resource

[2026-10-05 22:39:14] [tid:1188488][NGXCubinGeneric::CreateBufferResource:822] CUBIN 1D alloc (dlfg_network_resource), m_allocCount=121, currentSize 0.0 MB, totalSize 118.6 MB

[2026-10-05 22:39:14] [tid:1188488][ResourceName::getPublicName:679] ProductionResourceName: 'nv.ngx.dlssg.resource'

[2026-10-05 22:39:14] [tid:1188488][NGXCubinD3D12::SetResourceName:1083] D3D12 SetResourceName: nv.ngx.dlssg.resource

[2026-10-05 22:39:14] [tid:1188488][NGXCubinGeneric::CreateBufferResource:822] CUBIN 1D alloc (dlfg_network_resource), m_allocCount=122, currentSize 0.1 MB, totalSize 118.7 MB

[2026-10-05 22:39:14] [tid:1188488][ResourceName::getPublicName:679] ProductionResourceName: 'nv.ngx.dlssg.resource'

[2026-10-05 22:39:14] [tid:1188488][NGXCubinD3D12::SetResourceName:1083] D3D12 SetResourceName: nv.ngx.dlssg.resource

[2026-10-05 22:39:14] [tid:1188488][NGXCubinGeneric::CreateBufferResource:822] CUBIN 1D alloc (dlfg_network_resource), m_allocCount=123, currentSize 0.1 MB, totalSize 118.8 MB

[2026-10-05 22:39:14] [tid:1188488][ResourceName::getPublicName:679] ProductionResourceName: 'nv.ngx.dlssg.resource'

[2026-10-05 22:39:14] [tid:1188488][NGXCubinD3D12::SetResourceName:1083] D3D12 SetResourceName: nv.ngx.dlssg.resource

[2026-10-05 22:39:14] [tid:1188488][NGXCubinGeneric::CreateBufferResource:822] CUBIN 1D alloc (dlfg_network_resource), m_allocCount=124, currentSize 0.0 MB, totalSize 118.8 MB

[2026-10-05 22:39:14] [tid:1188488][ResourceName::getPublicName:679] ProductionResourceName: 'nv.ngx.dlssg.resource'

[2026-10-05 22:39:14] [tid:1188488][NGXCubinD3D12::SetResourceName:1083] D3D12 SetResourceName: nv.ngx.dlssg.resource

[2026-10-05 22:39:14] [tid:1188488][NGXCubinGeneric::CreateBufferResource:822] CUBIN 1D alloc (dlfg_network_resource), m_allocCount=125, currentSize 0.0 MB, totalSize 118.8 MB

[2026-10-05 22:39:14] [tid:1188488][ResourceName::getPublicName:679] ProductionResourceName: 'nv.ngx.dlssg.resource'

[2026-10-05 22:39:14] [tid:1188488][NGXCubinD3D12::SetResourceName:1083] D3D12 SetResourceName: nv.ngx.dlssg.resource

[2026-10-05 22:39:14] [tid:1188488][NGXCubinGeneric::CreateBufferResource:822] CUBIN 1D alloc (dlfg_network_resource), m_allocCount=126, currentSize 0.1 MB, totalSize 118.8 MB

[2026-10-05 22:39:14] [tid:1188488][ResourceName::getPublicName:679] ProductionResourceName: 'nv.ngx.dlssg.resource'

[2026-10-05 22:39:14] [tid:1188488][NGXCubinD3D12::SetResourceName:1083] D3D12 SetResourceName: nv.ngx.dlssg.resource

[2026-10-05 22:39:14] [tid:1188488][NGXCubinGeneric::CreateBufferResource:822] CUBIN 1D alloc (dlfg_network_resource), m_allocCount=127, currentSize 0.1 MB, totalSize 118.9 MB

[2026-10-05 22:39:14] [tid:1188488][ResourceName::getPublicName:679] ProductionResourceName: 'nv.ngx.dlssg.resource'

[2026-10-05 22:39:14] [tid:1188488][NGXCubinD3D12::SetResourceName:1083] D3D12 SetResourceName: nv.ngx.dlssg.resource

[2026-10-05 22:39:14] [tid:1188488][NGXCubinGeneric::CreateBufferResource:822] CUBIN 1D alloc (dlfg_network_resource), m_allocCount=128, currentSize 0.0 MB, totalSize 118.9 MB

[2026-10-05 22:39:14] [tid:1188488][ResourceName::getPublicName:679] ProductionResourceName: 'nv.ngx.dlssg.resource'

[2026-10-05 22:39:14] [tid:1188488][NGXCubinD3D12::SetResourceName:1083] D3D12 SetResourceName: nv.ngx.dlssg.resource

[2026-10-05 22:39:14] [tid:1188488][NGXCubinGeneric::CreateBufferResource:822] CUBIN 1D alloc (dlfg_network_resource), m_allocCount=129, currentSize 0.0 MB, totalSize 118.9 MB

[2026-10-05 22:39:14] [tid:1188488][ResourceName::getPublicName:679] ProductionResourceName: 'nv.ngx.dlssg.resource'

[2026-10-05 22:39:14] [tid:1188488][NGXCubinD3D12::SetResourceName:1083] D3D12 SetResourceName: nv.ngx.dlssg.resource

[2026-10-05 22:39:14] [tid:1188488][NGXCubinGeneric::CreateBufferResource:822] CUBIN 1D alloc (dlfg_network_resource), m_allocCount=130, currentSize 0.1 MB, totalSize 119.0 MB

[2026-10-05 22:39:14] [tid:1188488][ResourceName::getPublicName:679] ProductionResourceName: 'nv.ngx.dlssg.resource'

[2026-10-05 22:39:14] [tid:1188488][NGXCubinD3D12::SetResourceName:1083] D3D12 SetResourceName: nv.ngx.dlssg.resource

[2026-10-05 22:39:14] [tid:1188488][NGXCubinGeneric::CreateBufferResource:822] CUBIN 1D alloc (dlfg_network_resource), m_allocCount=131, currentSize 0.1 MB, totalSize 119.0 MB

[2026-10-05 22:39:14] [tid:1188488][ResourceName::getPublicName:679] ProductionResourceName: 'nv.ngx.dlssg.resource'

[2026-10-05 22:39:14] [tid:1188488][NGXCubinD3D12::SetResourceName:1083] D3D12 SetResourceName: nv.ngx.dlssg.resource

[2026-10-05 22:39:14] [tid:1188488][NGXCubinGeneric::CreateBufferResource:822] CUBIN 1D alloc (dlfg_network_resource), m_allocCount=132, currentSize 0.0 MB, totalSize 119.0 MB

[2026-10-05 22:39:14] [tid:1188488][ResourceName::getPublicName:679] ProductionResourceName: 'nv.ngx.dlssg.resource'

[2026-10-05 22:39:14] [tid:1188488][NGXCubinD3D12::SetResourceName:1083] D3D12 SetResourceName: nv.ngx.dlssg.resource

[2026-10-05 22:39:14] [tid:1188488][NGXCubinGeneric::CreateBufferResource:822] CUBIN 1D alloc (dlfg_network_resource), m_allocCount=133, currentSize 0.0 MB, totalSize 119.0 MB

[2026-10-05 22:39:14] [tid:1188488][ResourceName::getPublicName:679] ProductionResourceName: 'nv.ngx.dlssg.resource'

[2026-10-05 22:39:14] [tid:1188488][NGXCubinD3D12::SetResourceName:1083] D3D12 SetResourceName: nv.ngx.dlssg.resource

[2026-10-05 22:39:14] [tid:1188488][NGXCubinGeneric::CreateBufferResource:822] CUBIN 1D alloc (dlfg_network_resource), m_allocCount=134, currentSize 0.1 MB, totalSize 119.1 MB

[2026-10-05 22:39:14] [tid:1188488][ResourceName::getPublicName:679] ProductionResourceName: 'nv.ngx.dlssg.resource'

[2026-10-05 22:39:14] [tid:1188488][NGXCubinD3D12::SetResourceName:1083] D3D12 SetResourceName: nv.ngx.dlssg.resource

[2026-10-05 22:39:14] [tid:1188488][NGXCubinGeneric::CreateBufferResource:822] CUBIN 1D alloc (dlfg_network_resource), m_allocCount=135, currentSize 0.1 MB, totalSize 119.2 MB

[2026-10-05 22:39:14] [tid:1188488][ResourceName::getPublicName:679] ProductionResourceName: 'nv.ngx.dlssg.resource'

[2026-10-05 22:39:14] [tid:1188488][NGXCubinD3D12::SetResourceName:1083] D3D12 SetResourceName: nv.ngx.dlssg.resource

[2026-10-05 22:39:14] [tid:1188488][NGXCubinGeneric::CreateBufferResource:822] CUBIN 1D alloc (dlfg_network_resource), m_allocCount=136, currentSize 0.0 MB, totalSize 119.2 MB

[2026-10-05 22:39:14] [tid:1188488][ResourceName::getPublicName:679] ProductionResourceName: 'nv.ngx.dlssg.resource'

[2026-10-05 22:39:14] [tid:1188488][NGXCubinD3D12::SetResourceName:1083] D3D12 SetResourceName: nv.ngx.dlssg.resource

[2026-10-05 22:39:14] [tid:1188488][NGXCubinGeneric::CreateBufferResource:822] CUBIN 1D alloc (dlfg_network_resource), m_allocCount=137, currentSize 0.0 MB, totalSize 119.2 MB

[2026-10-05 22:39:14] [tid:1188488][ResourceName::getPublicName:679] ProductionResourceName: 'nv.ngx.dlssg.resource'

[2026-10-05 22:39:14] [tid:1188488][NGXCubinD3D12::SetResourceName:1083] D3D12 SetResourceName: nv.ngx.dlssg.resource

[2026-10-05 22:39:14] [tid:1188488][NGXCubinGeneric::CreateBufferResource:822] CUBIN 1D alloc (dlfg_network_resource), m_allocCount=138, currentSize 0.1 MB, totalSize 119.3 MB

[2026-10-05 22:39:14] [tid:1188488][ResourceName::getPublicName:679] ProductionResourceName: 'nv.ngx.dlssg.resource'

[2026-10-05 22:39:14] [tid:1188488][NGXCubinD3D12::SetResourceName:1083] D3D12 SetResourceName: nv.ngx.dlssg.resource

[2026-10-05 22:39:14] [tid:1188488][NGXCubinGeneric::CreateBufferResource:822] CUBIN 1D alloc (dlfg_network_resource), m_allocCount=139, currentSize 0.1 MB, totalSize 119.3 MB

[2026-10-05 22:39:14] [tid:1188488][ResourceName::getPublicName:679] ProductionResourceName: 'nv.ngx.dlssg.resource'

[2026-10-05 22:39:14] [tid:1188488][NGXCubinD3D12::SetResourceName:1083] D3D12 SetResourceName: nv.ngx.dlssg.resource

[2026-10-05 22:39:14] [tid:1188488][NGXCubinGeneric::CreateBufferResource:822] CUBIN 1D alloc (dlfg_network_resource), m_allocCount=140, currentSize 0.0 MB, totalSize 119.3 MB

[2026-10-05 22:39:14] [tid:1188488][ResourceName::getPublicName:679] ProductionResourceName: 'nv.ngx.dlssg.resource'

[2026-10-05 22:39:14] [tid:1188488][NGXCubinD3D12::SetResourceName:1083] D3D12 SetResourceName: nv.ngx.dlssg.resource

[2026-10-05 22:39:14] [tid:1188488][NGXCubinGeneric::CreateBufferResource:822] CUBIN 1D alloc (dlfg_network_resource), m_allocCount=141, currentSize 0.0 MB, totalSize 119.3 MB

[2026-10-05 22:39:14] [tid:1188488][ResourceName::getPublicName:679] ProductionResourceName: 'nv.ngx.dlssg.resource'

[2026-10-05 22:39:14] [tid:1188488][NGXCubinD3D12::SetResourceName:1083] D3D12 SetResourceName: nv.ngx.dlssg.resource

[2026-10-05 22:39:14] [tid:1188488][NGXCubinGeneric::CreateBufferResource:822] CUBIN 1D alloc (dlfg_network_resource), m_allocCount=142, currentSize 0.1 MB, totalSize 119.4 MB

[2026-10-05 22:39:14] [tid:1188488][ResourceName::getPublicName:679] ProductionResourceName: 'nv.ngx.dlssg.resource'

[2026-10-05 22:39:14] [tid:1188488][NGXCubinD3D12::SetResourceName:1083] D3D12 SetResourceName: nv.ngx.dlssg.resource

[2026-10-05 22:39:14] [tid:1188488][NGXCubinGeneric::CreateBufferResource:822] CUBIN 1D alloc (dlfg_network_resource), m_allocCount=143, currentSize 0.1 MB, totalSize 119.5 MB

[2026-10-05 22:39:14] [tid:1188488][ResourceName::getPublicName:679] ProductionResourceName: 'nv.ngx.dlssg.resource'

[2026-10-05 22:39:14] [tid:1188488][NGXCubinD3D12::SetResourceName:1083] D3D12 SetResourceName: nv.ngx.dlssg.resource

[2026-10-05 22:39:14] [tid:1188488][NGXCubinGeneric::CreateBufferResource:822] CUBIN 1D alloc (dlfg_network_resource), m_allocCount=144, currentSize 0.0 MB, totalSize 119.5 MB

[2026-10-05 22:39:14] [tid:1188488][ResourceName::getPublicName:679] ProductionResourceName: 'nv.ngx.dlssg.resource'

[2026-10-05 22:39:14] [tid:1188488][NGXCubinD3D12::SetResourceName:1083] D3D12 SetResourceName: nv.ngx.dlssg.resource

[2026-10-05 22:39:14] [tid:1188488][NGXCubinGeneric::CreateBufferResource:822] CUBIN 1D alloc (dlfg_network_resource), m_allocCount=145, currentSize 0.0 MB, totalSize 119.5 MB

[2026-10-05 22:39:14] [tid:1188488][ResourceName::getPublicName:679] ProductionResourceName: 'nv.ngx.dlssg.resource'

[2026-10-05 22:39:14] [tid:1188488][NGXCubinD3D12::SetResourceName:1083] D3D12 SetResourceName: nv.ngx.dlssg.resource

[2026-10-05 22:39:14] [tid:1188488][NGXCubinGeneric::CreateBufferResource:822] CUBIN 1D alloc (dlfg_network_resource), m_allocCount=146, currentSize 0.1 MB, totalSize 119.5 MB

[2026-10-05 22:39:14] [tid:1188488][ResourceName::getPublicName:679] ProductionResourceName: 'nv.ngx.dlssg.resource'

[2026-10-05 22:39:14] [tid:1188488][NGXCubinD3D12::SetResourceName:1083] D3D12 SetResourceName: nv.ngx.dlssg.resource

[2026-10-05 22:39:14] [tid:1188488][NGXCubinGeneric::CreateBufferResource:822] CUBIN 1D alloc (dlfg_network_resource), m_allocCount=147, currentSize 0.1 MB, totalSize 119.6 MB

[2026-10-05 22:39:14] [tid:1188488][ResourceName::getPublicName:679] ProductionResourceName: 'nv.ngx.dlssg.resource'

[2026-10-05 22:39:14] [tid:1188488][NGXCubinD3D12::SetResourceName:1083] D3D12 SetResourceName: nv.ngx.dlssg.resource

[2026-10-05 22:39:14] [tid:1188488][NGXCubinGeneric::CreateBufferResource:822] CUBIN 1D alloc (dlfg_network_resource), m_allocCount=148, currentSize 0.0 MB, totalSize 119.6 MB

[2026-10-05 22:39:14] [tid:1188488][ResourceName::getPublicName:679] ProductionResourceName: 'nv.ngx.dlssg.resource'

[2026-10-05 22:39:14] [tid:1188488][NGXCubinD3D12::SetResourceName:1083] D3D12 SetResourceName: nv.ngx.dlssg.resource

[2026-10-05 22:39:14] [tid:1188488][NGXCubinGeneric::CreateBufferResource:822] CUBIN 1D alloc (dlfg_network_resource), m_allocCount=149, currentSize 0.0 MB, totalSize 119.6 MB

[2026-10-05 22:39:14] [tid:1188488][ResourceName::getPublicName:679] ProductionResourceName: 'nv.ngx.dlssg.resource'

[2026-10-05 22:39:14] [tid:1188488][NGXCubinD3D12::SetResourceName:1083] D3D12 SetResourceName: nv.ngx.dlssg.resource

[2026-10-05 22:39:14] [tid:1188488][NGXCubinGeneric::CreateBufferResource:822] CUBIN 1D alloc (dlfg_network_resource), m_allocCount=150, currentSize 0.1 MB, totalSize 119.7 MB

[2026-10-05 22:39:14] [tid:1188488][ResourceName::getPublicName:679] ProductionResourceName: 'nv.ngx.dlssg.resource'

[2026-10-05 22:39:14] [tid:1188488][NGXCubinD3D12::SetResourceName:1083] D3D12 SetResourceName: nv.ngx.dlssg.resource

[2026-10-05 22:39:14] [tid:1188488][NGXCubinGeneric::CreateBufferResource:822] CUBIN 1D alloc (dlfg_network_resource), m_allocCount=151, currentSize 0.1 MB, totalSize 119.8 MB

[2026-10-05 22:39:14] [tid:1188488][ResourceName::getPublicName:679] ProductionResourceName: 'nv.ngx.dlssg.resource'

[2026-10-05 22:39:14] [tid:1188488][NGXCubinD3D12::SetResourceName:1083] D3D12 SetResourceName: nv.ngx.dlssg.resource

[2026-10-05 22:39:14] [tid:1188488][NGXCubinGeneric::CreateBufferResource:822] CUBIN 1D alloc (dlfg_network_resource), m_allocCount=152, currentSize 0.0 MB, totalSize 119.8 MB

[2026-10-05 22:39:14] [tid:1188488][ResourceName::getPublicName:679] ProductionResourceName: 'nv.ngx.dlssg.resource'

[2026-10-05 22:39:14] [tid:1188488][NGXCubinD3D12::SetResourceName:1083] D3D12 SetResourceName: nv.ngx.dlssg.resource

[2026-10-05 22:39:14] [tid:1188488][NGXCubinGeneric::CreateBufferResource:822] CUBIN 1D alloc (dlfg_network_resource), m_allocCount=153, currentSize 0.0 MB, totalSize 119.8 MB

[2026-10-05 22:39:14] [tid:1188488][ResourceName::getPublicName:679] ProductionResourceName: 'nv.ngx.dlssg.resource'

[2026-10-05 22:39:14] [tid:1188488][NGXCubinD3D12::SetResourceName:1083] D3D12 SetResourceName: nv.ngx.dlssg.resource

[2026-10-05 22:39:14] [tid:1188488][NGXCubinGeneric::CreateBufferResource:822] CUBIN 1D alloc (dlfg_network_resource), m_allocCount=154, currentSize 0.0 MB, totalSize 119.8 MB

[2026-10-05 22:39:14] [tid:1188488][ResourceName::getPublicName:679] ProductionResourceName: 'nv.ngx.dlssg.resource'

[2026-10-05 22:39:14] [tid:1188488][NGXCubinD3D12::SetResourceName:1083] D3D12 SetResourceName: nv.ngx.dlssg.resource

[2026-10-05 22:39:14] [tid:1188488][NGXCubinGeneric::CreateBufferResource:822] CUBIN 1D alloc (dlfg_network_resource), m_allocCount=155, currentSize 0.0 MB, totalSize 119.8 MB

[2026-10-05 22:39:14] [tid:1188488][ResourceName::getPublicName:679] ProductionResourceName: 'nv.ngx.dlssg.resource'

[2026-10-05 22:39:14] [tid:1188488][NGXCubinD3D12::SetResourceName:1083] D3D12 SetResourceName: nv.ngx.dlssg.resource

[2026-10-05 22:39:14] [tid:1188488][NGXCubinGeneric::CreateBufferResource:822] CUBIN 1D alloc (dlfg_network_resource), m_allocCount=156, currentSize 0.0 MB, totalSize 119.8 MB

[2026-10-05 22:39:14] [tid:1188488][ResourceName::getPublicName:679] ProductionResourceName: 'nv.ngx.dlssg.resource'

[2026-10-05 22:39:14] [tid:1188488][NGXCubinD3D12::SetResourceName:1083] D3D12 SetResourceName: nv.ngx.dlssg.resource

[2026-10-05 22:39:14] [tid:1188488][NGXCubinGeneric::CreateBufferResource:822] CUBIN 1D alloc (dlfg_network_resource), m_allocCount=157, currentSize 0.0 MB, totalSize 119.8 MB

[2026-10-05 22:39:14] [tid:1188488][ResourceName::getPublicName:679] ProductionResourceName: 'nv.ngx.dlssg.resource'

[2026-10-05 22:39:14] [tid:1188488][NGXCubinD3D12::SetResourceName:1083] D3D12 SetResourceName: nv.ngx.dlssg.resource

[2026-10-05 22:39:14] [tid:1188488][NGXCubinGeneric::CreateBufferResource:822] CUBIN 1D alloc (dlfg_network_resource), m_allocCount=158, currentSize 0.0 MB, totalSize 119.8 MB

[2026-10-05 22:39:14] [tid:1188488][ResourceName::getPublicName:679] ProductionResourceName: 'nv.ngx.dlssg.resource'

[2026-10-05 22:39:14] [tid:1188488][NGXCubinD3D12::SetResourceName:1083] D3D12 SetResourceName: nv.ngx.dlssg.resource

[2026-10-05 22:39:14] [tid:1188488][NGXCubinGeneric::CreateBufferResource:822] CUBIN 1D alloc (dlfg_network_resource), m_allocCount=159, currentSize 0.0 MB, totalSize 119.8 MB

[2026-10-05 22:39:14] [tid:1188488][ResourceName::getPublicName:679] ProductionResourceName: 'nv.ngx.dlssg.resource'

[2026-10-05 22:39:14] [tid:1188488][NGXCubinD3D12::SetResourceName:1083] D3D12 SetResourceName: nv.ngx.dlssg.resource

[2026-10-05 22:39:14] [tid:1188488][NGXCubinGeneric::CreateBufferResource:822] CUBIN 1D alloc (dlfg_network_resource), m_allocCount=160, currentSize 0.0 MB, totalSize 119.8 MB

[2026-10-05 22:39:14] [tid:1188488][ResourceName::getPublicName:679] ProductionResourceName: 'nv.ngx.dlssg.resource'

[2026-10-05 22:39:14] [tid:1188488][NGXCubinD3D12::SetResourceName:1083] D3D12 SetResourceName: nv.ngx.dlssg.resource

[2026-10-05 22:39:14] [tid:1188488][NGXCubinGeneric::CreateBufferResource:822] CUBIN 1D alloc (dlfg_network_resource), m_allocCount=161, currentSize 0.0 MB, totalSize 119.8 MB

[2026-10-05 22:39:14] [tid:1188488][ResourceName::getPublicName:679] ProductionResourceName: 'nv.ngx.dlssg.resource'

[2026-10-05 22:39:14] [tid:1188488][NGXCubinD3D12::SetResourceName:1083] D3D12 SetResourceName: nv.ngx.dlssg.resource

[2026-10-05 22:39:14] [tid:1188488][NGXCubinGeneric::CreateBufferResource:822] CUBIN 1D alloc (dlfg_network_resource), m_allocCount=162, currentSize 0.0 MB, totalSize 119.8 MB

[2026-10-05 22:39:14] [tid:1188488][ResourceName::getPublicName:679] ProductionResourceName: 'nv.ngx.dlssg.resource'

[2026-10-05 22:39:14] [tid:1188488][NGXCubinD3D12::SetResourceName:1083] D3D12 SetResourceName: nv.ngx.dlssg.resource

[2026-10-05 22:39:14] [tid:1188488][NGXCubinGeneric::CreateBufferResource:822] CUBIN 1D alloc (dlfg_network_resource), m_allocCount=163, currentSize 0.0 MB, totalSize 119.9 MB

[2026-10-05 22:39:14] [tid:1188488][ResourceName::getPublicName:679] ProductionResourceName: 'nv.ngx.dlssg.resource'

[2026-10-05 22:39:14] [tid:1188488][NGXCubinD3D12::SetResourceName:1083] D3D12 SetResourceName: nv.ngx.dlssg.resource

[2026-10-05 22:39:14] [tid:1188488][NGXCubinGeneric::CreateBufferResource:822] CUBIN 1D alloc (dlfg_network_resource), m_allocCount=164, currentSize 0.0 MB, totalSize 119.9 MB

[2026-10-05 22:39:14] [tid:1188488][ResourceName::getPublicName:679] ProductionResourceName: 'nv.ngx.dlssg.resource'

[2026-10-05 22:39:14] [tid:1188488][NGXCubinD3D12::SetResourceName:1083] D3D12 SetResourceName: nv.ngx.dlssg.resource

[2026-10-05 22:39:14] [tid:1188488][NGXCubinGeneric::CreateBufferResource:822] CUBIN 1D alloc (dlfg_network_resource), m_allocCount=165, currentSize 0.0 MB, totalSize 119.9 MB

[2026-10-05 22:39:14] [tid:1188488][ResourceName::getPublicName:679] ProductionResourceName: 'nv.ngx.dlssg.resource'

[2026-10-05 22:39:14] [tid:1188488][NGXCubinD3D12::SetResourceName:1083] D3D12 SetResourceName: nv.ngx.dlssg.resource

[2026-10-05 22:39:14] [tid:1188488][NGXCubinGeneric::CreateBufferResource:822] CUBIN 1D alloc (dlfg_network_resource), m_allocCount=166, currentSize 0.0 MB, totalSize 119.9 MB

[2026-10-05 22:39:14] [tid:1188488][ResourceName::getPublicName:679] ProductionResourceName: 'nv.ngx.dlssg.resource'

[2026-10-05 22:39:14] [tid:1188488][NGXCubinD3D12::SetResourceName:1083] D3D12 SetResourceName: nv.ngx.dlssg.resource

[2026-10-05 22:39:14] [tid:1188488][NGXCubinGeneric::CreateBufferResource:822] CUBIN 1D alloc (dlfg_network_resource), m_allocCount=167, currentSize 0.0 MB, totalSize 119.9 MB

[2026-10-05 22:39:14] [tid:1188488][ResourceName::getPublicName:679] ProductionResourceName: 'nv.ngx.dlssg.resource'

[2026-10-05 22:39:14] [tid:1188488][NGXCubinD3D12::SetResourceName:1083] D3D12 SetResourceName: nv.ngx.dlssg.resource

[2026-10-05 22:39:14] [tid:1188488][NGXCubinGeneric::CreateBufferResource:822] CUBIN 1D alloc (dlfg_network_resource), m_allocCount=168, currentSize 0.0 MB, totalSize 119.9 MB

[2026-10-05 22:39:14] [tid:1188488][ResourceName::getPublicName:679] ProductionResourceName: 'nv.ngx.dlssg.resource'

[2026-10-05 22:39:14] [tid:1188488][NGXCubinD3D12::SetResourceName:1083] D3D12 SetResourceName: nv.ngx.dlssg.resource

[2026-10-05 22:39:14] [tid:1188488][NGXCubinGeneric::CreateBufferResource:822] CUBIN 1D alloc (dlfg_network_resource), m_allocCount=169, currentSize 0.0 MB, totalSize 119.9 MB

[2026-10-05 22:39:14] [tid:1188488][ResourceName::getPublicName:679] ProductionResourceName: 'nv.ngx.dlssg.resource'

[2026-10-05 22:39:14] [tid:1188488][NGXCubinD3D12::SetResourceName:1083] D3D12 SetResourceName: nv.ngx.dlssg.resource

[2026-10-05 22:39:14] [tid:1188488][NGXCubinGeneric::CreateBufferResource:822] CUBIN 1D alloc (dlfg_network_resource), m_allocCount=170, currentSize 0.0 MB, totalSize 119.9 MB

[2026-10-05 22:39:14] [tid:1188488][ResourceName::getPublicName:679] ProductionResourceName: 'nv.ngx.dlssg.resource'

[2026-10-05 22:39:14] [tid:1188488][NGXCubinD3D12::SetResourceName:1083] D3D12 SetResourceName: nv.ngx.dlssg.resource

[2026-10-05 22:39:14] [tid:1188488][NGXCubinGeneric::CreateBufferResource:822] CUBIN 1D alloc (dlfg_network_resource), m_allocCount=171, currentSize 0.0 MB, totalSize 119.9 MB

[2026-10-05 22:39:14] [tid:1188488][ResourceName::getPublicName:679] ProductionResourceName: 'nv.ngx.dlssg.resource'

[2026-10-05 22:39:14] [tid:1188488][NGXCubinD3D12::SetResourceName:1083] D3D12 SetResourceName: nv.ngx.dlssg.resource

[2026-10-05 22:39:14] [tid:1188488][NGXCubinGeneric::CreateBufferResource:822] CUBIN 1D alloc (dlfg_network_resource), m_allocCount=172, currentSize 0.0 MB, totalSize 119.9 MB

[2026-10-05 22:39:14] [tid:1188488][ResourceName::getPublicName:679] ProductionResourceName: 'nv.ngx.dlssg.resource'

[2026-10-05 22:39:14] [tid:1188488][NGXCubinD3D12::SetResourceName:1083] D3D12 SetResourceName: nv.ngx.dlssg.resource

[2026-10-05 22:39:14] [tid:1188488][NGXCubinGeneric::CreateBufferResource:822] CUBIN 1D alloc (dlfg_network_resource), m_allocCount=173, currentSize 0.0 MB, totalSize 119.9 MB

[2026-10-05 22:39:14] [tid:1188488][ResourceName::getPublicName:679] ProductionResourceName: 'nv.ngx.dlssg.resource'

[2026-10-05 22:39:14] [tid:1188488][NGXCubinD3D12::SetResourceName:1083] D3D12 SetResourceName: nv.ngx.dlssg.resource

[2026-10-05 22:39:14] [tid:1188488][NGXCubinGeneric::CreateBufferResource:822] CUBIN 1D alloc (dlfg_network_resource), m_allocCount=174, currentSize 0.0 MB, totalSize 119.9 MB

[2026-10-05 22:39:14] [tid:1188488][ResourceName::getPublicName:679] ProductionResourceName: 'nv.ngx.dlssg.resource'

[2026-10-05 22:39:14] [tid:1188488][NGXCubinD3D12::SetResourceName:1083] D3D12 SetResourceName: nv.ngx.dlssg.resource

[2026-10-05 22:39:14] [tid:1188488][NGXCubinGeneric::CreateBufferResource:822] CUBIN 1D alloc (dlfg_network_resource), m_allocCount=175, currentSize 0.0 MB, totalSize 120.0 MB

[2026-10-05 22:39:14] [tid:1188488][ResourceName::getPublicName:679] ProductionResourceName: 'nv.ngx.dlssg.resource'

[2026-10-05 22:39:14] [tid:1188488][NGXCubinD3D12::SetResourceName:1083] D3D12 SetResourceName: nv.ngx.dlssg.resource

[2026-10-05 22:39:14] [tid:1188488][NGXCubinGeneric::CreateBufferResource:822] CUBIN 1D alloc (dlfg_network_resource), m_allocCount=176, currentSize 0.0 MB, totalSize 120.0 MB

[2026-10-05 22:39:14] [tid:1188488][ResourceName::getPublicName:679] ProductionResourceName: 'nv.ngx.dlssg.resource'

[2026-10-05 22:39:14] [tid:1188488][NGXCubinD3D12::SetResourceName:1083] D3D12 SetResourceName: nv.ngx.dlssg.resource

[2026-10-05 22:39:14] [tid:1188488][NGXCubinGeneric::CreateBufferResource:822] CUBIN 1D alloc (dlfg_network_resource), m_allocCount=177, currentSize 0.0 MB, totalSize 120.0 MB

[2026-10-05 22:39:14] [tid:1188488][ResourceName::getPublicName:679] ProductionResourceName: 'nv.ngx.dlssg.resource'

[2026-10-05 22:39:14] [tid:1188488][NGXCubinD3D12::SetResourceName:1083] D3D12 SetResourceName: nv.ngx.dlssg.resource

[2026-10-05 22:39:14] [tid:1188488][NGXCubinGeneric::CreateBufferResource:822] CUBIN 1D alloc (dlfg_network_resource), m_allocCount=178, currentSize 0.0 MB, totalSize 120.0 MB

[2026-10-05 22:39:14] [tid:1188488][ResourceName::getPublicName:679] ProductionResourceName: 'nv.ngx.dlssg.resource'

[2026-10-05 22:39:14] [tid:1188488][NGXCubinD3D12::SetResourceName:1083] D3D12 SetResourceName: nv.ngx.dlssg.resource

[2026-10-05 22:39:14] [tid:1188488][NGXCubinGeneric::CreateBufferResource:822] CUBIN 1D alloc (dlfg_network_resource), m_allocCount=179, currentSize 0.0 MB, totalSize 120.0 MB

[2026-10-05 22:39:14] [tid:1188488][ResourceName::getPublicName:679] ProductionResourceName: 'nv.ngx.dlssg.resource'

[2026-10-05 22:39:14] [tid:1188488][NGXCubinD3D12::SetResourceName:1083] D3D12 SetResourceName: nv.ngx.dlssg.resource

[2026-10-05 22:39:14] [tid:1188488][NGXCubinGeneric::CreateBufferResource:822] CUBIN 1D alloc (dlfg_network_resource), m_allocCount=180, currentSize 0.0 MB, totalSize 120.0 MB

[2026-10-05 22:39:14] [tid:1188488][ResourceName::getPublicName:679] ProductionResourceName: 'nv.ngx.dlssg.resource'

[2026-10-05 22:39:14] [tid:1188488][NGXCubinD3D12::SetResourceName:1083] D3D12 SetResourceName: nv.ngx.dlssg.resource

[2026-10-05 22:39:14] [tid:1188488][NGXCubinGeneric::CreateBufferResource:822] CUBIN 1D alloc (dlfg_network_resource), m_allocCount=181, currentSize 0.0 MB, totalSize 120.0 MB

[2026-10-05 22:39:14] [tid:1188488][ResourceName::getPublicName:679] ProductionResourceName: 'nv.ngx.dlssg.resource'

[2026-10-05 22:39:14] [tid:1188488][NGXCubinD3D12::SetResourceName:1083] D3D12 SetResourceName: nv.ngx.dlssg.resource

[2026-10-05 22:39:14] [tid:1188488][NGXCubinGeneric::CreateBufferResource:822] CUBIN 1D alloc (dlfg_network_resource), m_allocCount=182, currentSize 0.0 MB, totalSize 120.0 MB

[2026-10-05 22:39:14] [tid:1188488][ResourceName::getPublicName:679] ProductionResourceName: 'nv.ngx.dlssg.resource'

[2026-10-05 22:39:14] [tid:1188488][NGXCubinD3D12::SetResourceName:1083] D3D12 SetResourceName: nv.ngx.dlssg.resource

[2026-10-05 22:39:14] [tid:1188488][NGXCubinGeneric::CreateBufferResource:822] CUBIN 1D alloc (dlfg_network_resource), m_allocCount=183, currentSize 0.0 MB, totalSize 120.0 MB

[2026-10-05 22:39:14] [tid:1188488][ResourceName::getPublicName:679] ProductionResourceName: 'nv.ngx.dlssg.resource'

[2026-10-05 22:39:14] [tid:1188488][NGXCubinD3D12::SetResourceName:1083] D3D12 SetResourceName: nv.ngx.dlssg.resource

[2026-10-05 22:39:14] [tid:1188488][NGXCubinGeneric::CreateBufferResource:822] CUBIN 1D alloc (dlfg_network_resource), m_allocCount=184, currentSize 0.0 MB, totalSize 120.0 MB

[2026-10-05 22:39:14] [tid:1188488][ResourceName::getPublicName:679] ProductionResourceName: 'nv.ngx.dlssg.resource'

[2026-10-05 22:39:14] [tid:1188488][NGXCubinD3D12::SetResourceName:1083] D3D12 SetResourceName: nv.ngx.dlssg.resource

[2026-10-05 22:39:14] [tid:1188488][NGXCubinGeneric::CreateBufferResource:822] CUBIN 1D alloc (dlfg_network_resource), m_allocCount=185, currentSize 0.0 MB, totalSize 120.0 MB

[2026-10-05 22:39:14] [tid:1188488][ResourceName::getPublicName:679] ProductionResourceName: 'nv.ngx.dlssg.resource'

[2026-10-05 22:39:14] [tid:1188488][NGXCubinD3D12::SetResourceName:1083] D3D12 SetResourceName: nv.ngx.dlssg.resource

[2026-10-05 22:39:14] [tid:1188488][NGXCubinGeneric::CreateBufferResource:822] CUBIN 1D alloc (dlfg_network_resource), m_allocCount=186, currentSize 0.0 MB, totalSize 120.1 MB

[2026-10-05 22:39:14] [tid:1188488][ResourceName::getPublicName:679] ProductionResourceName: 'nv.ngx.dlssg.resource'

[2026-10-05 22:39:14] [tid:1188488][NGXCubinD3D12::SetResourceName:1083] D3D12 SetResourceName: nv.ngx.dlssg.resource

[2026-10-05 22:39:14] [tid:1188488][NGXCubinGeneric::CreateBufferResource:822] CUBIN 1D alloc (dlfg_network_resource), m_allocCount=187, currentSize 0.0 MB, totalSize 120.1 MB

[2026-10-05 22:39:14] [tid:1188488][ResourceName::getPublicName:679] ProductionResourceName: 'nv.ngx.dlssg.resource'

[2026-10-05 22:39:14] [tid:1188488][NGXCubinD3D12::SetResourceName:1083] D3D12 SetResourceName: nv.ngx.dlssg.resource

[2026-10-05 22:39:14] [tid:1188488][NGXCubinGeneric::CreateBufferResource:822] CUBIN 1D alloc (dlfg_network_resource), m_allocCount=188, currentSize 0.0 MB, totalSize 120.1 MB

[2026-10-05 22:39:14] [tid:1188488][ResourceName::getPublicName:679] ProductionResourceName: 'nv.ngx.dlssg.resource'

[2026-10-05 22:39:14] [tid:1188488][NGXCubinD3D12::SetResourceName:1083] D3D12 SetResourceName: nv.ngx.dlssg.resource

[2026-10-05 22:39:14] [tid:1188488][NGXCubinGeneric::CreateBufferResource:822] CUBIN 1D alloc (dlfg_network_resource), m_allocCount=189, currentSize 0.0 MB, totalSize 120.1 MB

[2026-10-05 22:39:14] [tid:1188488][ResourceName::getPublicName:679] ProductionResourceName: 'nv.ngx.dlssg.resource'

[2026-10-05 22:39:14] [tid:1188488][NGXCubinD3D12::SetResourceName:1083] D3D12 SetResourceName: nv.ngx.dlssg.resource

[2026-10-05 22:39:14] [tid:1188488][NGXCubinGeneric::CreateBufferResource:822] CUBIN 1D alloc (dlfg_network_resource), m_allocCount=190, currentSize 0.0 MB, totalSize 120.1 MB

[2026-10-05 22:39:14] [tid:1188488][ResourceName::getPublicName:679] ProductionResourceName: 'nv.ngx.dlssg.resource'

[2026-10-05 22:39:14] [tid:1188488][NGXCubinD3D12::SetResourceName:1083] D3D12 SetResourceName: nv.ngx.dlssg.resource

[2026-10-05 22:39:14] [tid:1188488][NGXCubinGeneric::CreateBufferResource:822] CUBIN 1D alloc (dlfg_network_resource), m_allocCount=191, currentSize 0.0 MB, totalSize 120.1 MB

[2026-10-05 22:39:14] [tid:1188488][ResourceName::getPublicName:679] ProductionResourceName: 'nv.ngx.dlssg.resource'

[2026-10-05 22:39:14] [tid:1188488][NGXCubinD3D12::SetResourceName:1083] D3D12 SetResourceName: nv.ngx.dlssg.resource

[2026-10-05 22:39:14] [tid:1188488][NGXCubinGeneric::CreateBufferResource:822] CUBIN 1D alloc (dlfg_network_resource), m_allocCount=192, currentSize 0.0 MB, totalSize 120.1 MB

[2026-10-05 22:39:14] [tid:1188488][ResourceName::getPublicName:679] ProductionResourceName: 'nv.ngx.dlssg.resource'

[2026-10-05 22:39:14] [tid:1188488][NGXCubinD3D12::SetResourceName:1083] D3D12 SetResourceName: nv.ngx.dlssg.resource

[2026-10-05 22:39:14] [tid:1188488][NGXCubinGeneric::CreateBufferResource:822] CUBIN 1D alloc (dlfg_network_resource), m_allocCount=193, currentSize 0.0 MB, totalSize 120.1 MB

[2026-10-05 22:39:14] [tid:1188488][ResourceName::getPublicName:679] ProductionResourceName: 'nv.ngx.dlssg.resource'

[2026-10-05 22:39:14] [tid:1188488][NGXCubinD3D12::SetResourceName:1083] D3D12 SetResourceName: nv.ngx.dlssg.resource

[2026-10-05 22:39:14] [tid:1188488][NGXCubinGeneric::CreateBufferResource:822] CUBIN 1D alloc (dlfg_network_resource), m_allocCount=194, currentSize 0.0 MB, totalSize 120.1 MB

[2026-10-05 22:39:14] [tid:1188488][ResourceName::getPublicName:679] ProductionResourceName: 'nv.ngx.dlssg.resource'

[2026-10-05 22:39:14] [tid:1188488][NGXCubinD3D12::SetResourceName:1083] D3D12 SetResourceName: nv.ngx.dlssg.resource

[2026-10-05 22:39:14] [tid:1188488][NGXCubinGeneric::CreateBufferResource:822] CUBIN 1D alloc (dlfg_network_resource), m_allocCount=195, currentSize 0.0 MB, totalSize 120.1 MB

[2026-10-05 22:39:14] [tid:1188488][ResourceName::getPublicName:679] ProductionResourceName: 'nv.ngx.dlssg.resource'

[2026-10-05 22:39:14] [tid:1188488][NGXCubinD3D12::SetResourceName:1083] D3D12 SetResourceName: nv.ngx.dlssg.resource

[2026-10-05 22:39:14] [tid:1188488][NGXCubinGeneric::CreateBufferResource:822] CUBIN 1D alloc (dlfg_network_resource), m_allocCount=196, currentSize 0.0 MB, totalSize 120.1 MB

[2026-10-05 22:39:14] [tid:1188488][ResourceName::getPublicName:679] ProductionResourceName: 'nv.ngx.dlssg.resource'

[2026-10-05 22:39:14] [tid:1188488][NGXCubinD3D12::SetResourceName:1083] D3D12 SetResourceName: nv.ngx.dlssg.resource

[2026-10-05 22:39:14] [tid:1188488][NGXCubinGeneric::CreateBufferResource:822] CUBIN 1D alloc (dlfg_network_resource), m_allocCount=197, currentSize 0.0 MB, totalSize 120.1 MB

[2026-10-05 22:39:14] [tid:1188488][ResourceName::getPublicName:679] ProductionResourceName: 'nv.ngx.dlssg.resource'

[2026-10-05 22:39:14] [tid:1188488][NGXCubinD3D12::SetResourceName:1083] D3D12 SetResourceName: nv.ngx.dlssg.resource

[2026-10-05 22:39:14] [tid:1188488][NGXCubinGeneric::CreateBufferResource:822] CUBIN 1D alloc (dlfg_network_resource), m_allocCount=198, currentSize 0.0 MB, totalSize 120.2 MB

[2026-10-05 22:39:14] [tid:1188488][ResourceName::getPublicName:679] ProductionResourceName: 'nv.ngx.dlssg.resource'

[2026-10-05 22:39:14] [tid:1188488][NGXCubinD3D12::SetResourceName:1083] D3D12 SetResourceName: nv.ngx.dlssg.resource

[2026-10-05 22:39:14] [tid:1188488][NGXCubinGeneric::CreateBufferResource:822] CUBIN 1D alloc (dlfg_network_resource), m_allocCount=199, currentSize 0.0 MB, totalSize 120.2 MB

[2026-10-05 22:39:14] [tid:1188488][ResourceName::getPublicName:679] ProductionResourceName: 'nv.ngx.dlssg.resource'

[2026-10-05 22:39:14] [tid:1188488][NGXCubinD3D12::SetResourceName:1083] D3D12 SetResourceName: nv.ngx.dlssg.resource

[2026-10-05 22:39:14] [tid:1188488][NGXCubinGeneric::CreateBufferResource:822] CUBIN 1D alloc (dlfg_network_resource), m_allocCount=200, currentSize 0.0 MB, totalSize 120.2 MB

[2026-10-05 22:39:14] [tid:1188488][ResourceName::getPublicName:679] ProductionResourceName: 'nv.ngx.dlssg.resource'

[2026-10-05 22:39:14] [tid:1188488][NGXCubinD3D12::SetResourceName:1083] D3D12 SetResourceName: nv.ngx.dlssg.resource

[2026-10-05 22:39:14] [tid:1188488][NGXCubinGeneric::CreateBufferResource:822] CUBIN 1D alloc (dlfg_network_resource), m_allocCount=201, currentSize 0.0 MB, totalSize 120.2 MB

[2026-10-05 22:39:14] [tid:1188488][ResourceName::getPublicName:679] ProductionResourceName: 'nv.ngx.dlssg.resource'

[2026-10-05 22:39:14] [tid:1188488][NGXCubinD3D12::SetResourceName:1083] D3D12 SetResourceName: nv.ngx.dlssg.resource

[2026-10-05 22:39:14] [tid:1188488][NGXCubinGeneric::CreateBufferResource:822] CUBIN 1D alloc (dlfg_network_resource), m_allocCount=202, currentSize 0.0 MB, totalSize 120.2 MB

[2026-10-05 22:39:14] [tid:1188488][ResourceName::getPublicName:679] ProductionResourceName: 'nv.ngx.dlssg.resource'

[2026-10-05 22:39:14] [tid:1188488][NGXCubinD3D12::SetResourceName:1083] D3D12 SetResourceName: nv.ngx.dlssg.resource

[2026-10-05 22:39:14] [tid:1188488][NGXCubinGeneric::CreateBufferResource:822] CUBIN 1D alloc (dlfg_network_resource), m_allocCount=203, currentSize 0.0 MB, totalSize 120.2 MB

[2026-10-05 22:39:14] [tid:1188488][ResourceName::getPublicName:679] ProductionResourceName: 'nv.ngx.dlssg.resource'

[2026-10-05 22:39:14] [tid:1188488][NGXCubinD3D12::SetResourceName:1083] D3D12 SetResourceName: nv.ngx.dlssg.resource

[2026-10-05 22:39:14] [tid:1188488][NGXCubinGeneric::CreateBufferResource:822] CUBIN 1D alloc (dlfg_network_resource), m_allocCount=204, currentSize 0.0 MB, totalSize 120.2 MB

[2026-10-05 22:39:14] [tid:1188488][ResourceName::getPublicName:679] ProductionResourceName: 'nv.ngx.dlssg.resource'

[2026-10-05 22:39:14] [tid:1188488][NGXCubinD3D12::SetResourceName:1083] D3D12 SetResourceName: nv.ngx.dlssg.resource

[2026-10-05 22:39:14] [tid:1188488][NGXCubinGeneric::CreateBufferResource:822] CUBIN 1D alloc (dlfg_network_resource), m_allocCount=205, currentSize 0.0 MB, totalSize 120.2 MB

[2026-10-05 22:39:14] [tid:1188488][ResourceName::getPublicName:679] ProductionResourceName: 'nv.ngx.dlssg.resource'

[2026-10-05 22:39:14] [tid:1188488][NGXCubinD3D12::SetResourceName:1083] D3D12 SetResourceName: nv.ngx.dlssg.resource

[2026-10-05 22:39:14] [NGXStoreCallToCreateFeature:780] stored create feature dlssg handle 2

[2026-10-05 22:39:14] [tid:1188488][NGXCubinGeneric::PushToDestroy:1142] Scheduled to destroy 0x1d5ff629230

[2026-10-05 22:39:14] [tid:1188488][NGXCubinGeneric::PushToDestroy:1142] Scheduled to destroy 0x1d595adb0d0

[2026-10-05 22:39:14] [tid:1188488][NGXCubinGeneric::PushToDestroy:1142] Scheduled to destroy 0x1d595ad98b0

[2026-10-05 22:39:14] [tid:1188488][NGXCubinGeneric::PushToDestroy:1142] Scheduled to destroy 0x1d595ad8ca0

[2026-10-05 22:39:14] [tid:1188488][NGXCubinGeneric::PushToDestroy:1142] Scheduled to destroy 0x1d595adf930

[2026-10-05 22:39:14] [tid:1188488][NGXCubinGeneric::PushToDestroy:1142] Scheduled to destroy 0x1d595ade110

[2026-10-05 22:39:14] [tid:1188488][NGXCubinGeneric::PushToDestroy:1142] Scheduled to destroy 0x1d595ae0540

[2026-10-05 22:39:14] [tid:1188488][NGXCubinGeneric::PushToDestroy:1142] Scheduled to destroy 0x1d595ae4da0

[2026-10-05 22:39:14] [tid:1188488][NGXCubinGeneric::PushToDestroy:1142] Scheduled to destroy 0x1d595ae3580

[2026-10-05 22:39:14] [tid:1188488][NGXCubinGeneric::PushToDestroy:1142] Scheduled to destroy 0x1d595ae4190

[2026-10-05 22:39:14] [tid:1188488][NGXCubinGeneric::PushToDestroy:1142] Scheduled to destroy 0x1d595ae59b0

[2026-10-05 22:39:14] [tid:1188488][NGXCubinGeneric::PushToDestroy:1142] Scheduled to destroy 0x1d595809300

[2026-10-05 22:39:14] [tid:1188488][NGXCubinGeneric::PushToDestroy:1142] Scheduled to destroy 0x1d59580b730

[2026-10-05 22:39:14] [tid:1188488][NGXCubinGeneric::PushToDestroy:1142] Scheduled to destroy 0x1d595809f10

[2026-10-05 22:39:14] [tid:1188488][NGXCubinGeneric::PushToDestroy:1142] Scheduled to destroy 0x1d59580e770

[2026-10-05 22:39:14] [tid:1188488][NGXCubinGeneric::PushToDestroy:1142] Scheduled to destroy 0x1d59580ff90

[2026-10-05 22:39:14] [tid:1188488][NGXCubinGeneric::PushToDestroy:1142] Scheduled to destroy 0x1d59580db60

[2026-10-05 22:39:14] [tid:1188488][NGXCubinGeneric::PushToDestroy:1142] Scheduled to destroy 0x1d59568b9d0

[2026-10-05 22:39:14] [tid:1188488][NGXCubinGeneric::PushToDestroy:1142] Scheduled to destroy 0x1d59568c5e0

[2026-10-05 22:39:14] [tid:1188488][NGXCubinGeneric::PushToDestroy:1142] Scheduled to destroy 0x1d59568ea10

[2026-10-05 22:39:14] [tid:1188488][NGXCubinGeneric::PushToDestroy:1142] Scheduled to destroy 0x1d595690230

[2026-10-05 22:39:14] [tid:1188488][NGXCubinGeneric::PushToDestroy:1142] Scheduled to destroy 0x1d595692660

[2026-10-05 22:39:14] [tid:1188488][NGXCubinGeneric::PushToDestroy:1142] Scheduled to destroy 0x1d595693270

[2026-10-05 22:39:14] [tid:1188488][NGXCubinGeneric::PushToDestroy:1142] Scheduled to destroy 0x1d595690e40

[2026-10-05 22:39:14] [tid:1188488][NGXCubinGeneric::PushToDestroy:1142] Scheduled to destroy 0x1d5956962b0

[2026-10-05 22:39:14] [tid:1188488][NGXCubinGeneric::PushToDestroy:1142] Scheduled to destroy 0x1d595697ad0

[2026-10-05 22:39:14] [tid:1188488][NGXCubinGeneric::PushToDestroy:1142] Scheduled to destroy 0x1d5956986e0

[2026-10-05 22:39:14] [tid:1188488][NGXCubinGeneric::PushToDestroy:1142] Scheduled to destroy 0x1d595699f00

[2026-10-05 22:39:14] [tid:1188488][NGXCubinGeneric::PushToDestroy:1142] Scheduled to destroy 0x1d59569d200

[2026-10-05 22:39:14] [tid:1188488][NGXCubinGeneric::PushToDestroy:1142] Scheduled to destroy 0x1d59569add0

[2026-10-05 22:39:14] [tid:1188488][NGXCubinGeneric::PushToDestroy:1142] Scheduled to destroy 0x1d59569b9e0

[2026-10-05 22:39:14] [tid:1188488][NGXCubinGeneric::PushToDestroy:1142] Scheduled to destroy 0x1d5956a0e50

[2026-10-05 22:39:14] [tid:1188488][NGXCubinGeneric::PushToDestroy:1142] Scheduled to destroy 0x1d5956a1a60

[2026-10-05 22:39:14] [tid:1188488][NGXCubinGeneric::PushToDestroy:1142] Scheduled to destroy 0x1d5956a0240

[2026-10-05 22:39:14] [tid:1188488][NGXCubinGeneric::PushToDestroy:1142] Scheduled to destroy 0x1d5956a4aa0

[2026-10-05 22:39:14] [tid:1188488][NGXCubinGeneric::PushToDestroy:1142] Scheduled to destroy 0x1d5956a6ed0

[2026-10-05 22:39:14] [tid:1188488][NGXCubinGeneric::PushToDestroy:1142] Scheduled to destroy 0x1d5956a86f0

[2026-10-05 22:39:14] [tid:1188488][NGXCubinGeneric::PushToDestroy:1142] Scheduled to destroy 0x1d5956a7ae0

[2026-10-05 22:39:14] [tid:1188488][NGXCubinGeneric::PushToDestroy:1142] Scheduled to destroy 0x1d5956ade20

[2026-10-05 22:39:14] [tid:1188488][NGXCubinGeneric::PushToDestroy:1142] Scheduled to destroy 0x1d5956ab9f0

[2026-10-05 22:39:14] [tid:1188488][NGXCubinGeneric::PushToDestroy:1142] Scheduled to destroy 0x1d5956af640

[2026-10-05 22:39:14] [tid:1188488][NGXCubinGeneric::PushToDestroy:1142] Scheduled to destroy 0x1d5956ad210

[2026-10-05 22:39:14] [tid:1188488][NGXCubinGeneric::PushToDestroy:1142] Scheduled to destroy 0x1d5956b1a70

[2026-10-05 22:39:14] [tid:1188488][NGXCubinGeneric::PushToDestroy:1142] Scheduled to destroy 0x1d5956b3290

[2026-10-05 22:39:14] [tid:1188488][NGXCubinGeneric::PushToDestroy:1142] Scheduled to destroy 0x1d5956b56c0

[2026-10-05 22:39:14] [tid:1188488][NGXCubinGeneric::PushToDestroy:1142] Scheduled to destroy 0x1d5956b3ea0

[2026-10-05 22:39:14] [tid:1188488][NGXCubinGeneric::PushToDestroy:1142] Scheduled to destroy 0x1d5956b4ab0

[2026-10-05 22:39:14] [tid:1188488][NGXCubinGeneric::PushToDestroy:1142] Scheduled to destroy 0x1d5956b9310

[2026-10-05 22:39:14] [tid:1188488][NGXCubinGeneric::PushToDestroy:1142] Scheduled to destroy 0x1d5956b9f20

[2026-10-05 22:39:14] [tid:1188488][NGXCubinGeneric::PushToDestroy:1142] Scheduled to destroy 0x1d581d43140

[2026-10-05 22:39:14] [tid:1188488][NGXCubinGeneric::PushToDestroy:1142] Scheduled to destroy 0x1d581d42530

[2026-10-05 22:39:14] [tid:1188488][NGXCubinGeneric::PushToDestroy:1142] Scheduled to destroy 0x1d581d46180

[2026-10-05 22:39:14] [tid:1188488][NGXCubinGeneric::PushToDestroy:1142] Scheduled to destroy 0x1d581d485b0

[2026-10-05 22:39:14] [tid:1188488][NGXCubinGeneric::PushToDestroy:1142] Scheduled to destroy 0x1d581d46d90

[2026-10-05 22:39:14] [tid:1188488][NGXCubinGeneric::PushToDestroy:1142] Scheduled to destroy 0x1d581d479a0

[2026-10-05 22:39:14] [tid:1188488][NGXCubinGeneric::PushToDestroy:1142] Scheduled to destroy 0x1d581d4e630

[2026-10-05 22:39:14] [tid:1188488][NGXCubinGeneric::PushToDestroy:1142] Scheduled to destroy 0x1d581d4da20

[2026-10-05 22:39:14] [tid:1188488][NGXCubinGeneric::PushToDestroy:1142] Scheduled to destroy 0x1d581d4fe50

[2026-10-05 22:39:14] [tid:1188488][NGXCubinGeneric::PushToDestroy:1142] Scheduled to destroy 0x1d581d50a60

[2026-10-05 22:39:14] [tid:1188488][NGXCubinGeneric::PushToDestroy:1142] Scheduled to destroy 0x1d58224e450

[2026-10-05 22:39:14] [tid:1188488][NGXCubinGeneric::PushToDestroy:1142] Scheduled to destroy 0x1d58224d840

[2026-10-05 22:39:14] [tid:1188488][NGXCubinGeneric::PushToDestroy:1142] Scheduled to destroy 0x1d582251490

[2026-10-05 22:39:14] [tid:1188488][NGXCubinGeneric::PushToDestroy:1142] Scheduled to destroy 0x1d5822550e0

[2026-10-05 22:39:14] [tid:1188488][NGXCubinGeneric::PushToDestroy:1142] Scheduled to destroy 0x1d582255cf0

[2026-10-05 22:39:14] [tid:1188488][NGXCubinGeneric::PushToDestroy:1142] Scheduled to destroy 0x1d582256900

[2026-10-05 22:39:14] [tid:1188488][NGXCubinGeneric::PushToDestroy:1142] Scheduled to destroy 0x1d582257510

[2026-10-05 22:39:14] [tid:1188488][NGXCubinGeneric::PushToDestroy:1142] Scheduled to destroy 0x1d582258120

[2026-10-05 22:39:14] [TelemetrySessionDataHelper::SetTelemetryDataForHandle:1159] warning: snippet is using telemetry schema version 4.4, which is greater than the driver's last known version (4.2). Telemetry data may be incomplete.

[2026-10-05 22:39:14] [NGXSendTelemetryEvaluateDataV3:544] Sending Telemetry: DLSS-G Eval Data

[2026-10-05 22:39:14] [NGXSendTelemetryEvaluateDataV3:600] QualityMode = 6

[2026-10-05 22:39:14] [NGXSendTelemetryEvaluateDataV3:601] Width = 1280

[2026-10-05 22:39:14] [NGXSendTelemetryEvaluateDataV3:602] Height = 720

[2026-10-05 22:39:14] [NGXSendTelemetryEvaluateDataV3:603] FullscreenMode = 0

[2026-10-05 22:39:14] [NGXSendTelemetryEvaluateDataV3:604] WeightName = convoluted_cat

[2026-10-05 22:39:14] [NGXSendTelemetryEvaluateDataV3:605] WeightVariantName = endpoint

[2026-10-05 22:39:14] [NGXSendTelemetryEvaluateDataV3:606] TargetFrameRate = 0.000000

[2026-10-05 22:39:14] [NGXSendTelemetryEvaluateDataV3:607] MultiFrameCount = 1

[2026-10-05 22:39:14] [NGXSendTelemetryEvaluateDataV3:608] HasHudless = 1

[2026-10-05 22:39:14] [NGXSendTelemetryEvaluateDataV3:609] HasAlphaUI = 0

[2026-10-05 22:39:14] [NGXSendTelemetryEvaluateDataV3:610] DepthInverted = 0

[2026-10-05 22:39:14] [NGXSendTelemetryEvaluateDataV3:611] MVJittered = 0

[2026-10-05 22:39:14] [NGXSendTelemetryEvaluateDataV3:613] LatewarpEnabled = 0

[2026-10-05 22:39:14] [NGXSendTelemetryEvaluateDataV3:614] MVHasCamera = 1

[2026-10-05 22:39:14] [NGXSendTelemetryEvaluateDataV3:615] MVDilated = 0

[2026-10-05 22:39:14] [NGXSendTelemetryEvaluateDataV3:616] SLFGMode = 0

[2026-10-05 22:39:14] [NGXSendTelemetryEvaluateDataV3:617] ColorExtentWidth = 1280

[2026-10-05 22:39:14] [NGXSendTelemetryEvaluateDataV3:618] ColorExtentHeight = 720

[2026-10-05 22:39:14] [NGXSendTelemetryEvaluateDataV3:619] ColorExtentBaseX = 0

[2026-10-05 22:39:14] [NGXSendTelemetryEvaluateDataV3:620] ColorExtentBaseY = 0

[2026-10-05 22:39:14] [NGXSendTelemetryEvaluateDataV3:621] MVExtentWidth = 1280

[2026-10-05 22:39:14] [NGXSendTelemetryEvaluateDataV3:622] MVExtentHeight = 720

[2026-10-05 22:39:14] [NGXSendTelemetryEvaluateDataV3:623] MVExtentBaseX = 0

[2026-10-05 22:39:14] [NGXSendTelemetryEvaluateDataV3:624] MVExtentBaseY = 0

[2026-10-05 22:39:14] [NGXSendTelemetryEvaluateDataV3:625] MVSubrectHeight = 0

[2026-10-05 22:39:14] [NGXSendTelemetryEvaluateDataV3:626] MVSubrectWidth = 0

[2026-10-05 22:39:14] [NGXSendTelemetryEvaluateDataV3:627] MenuDetectionMode = 2

[2026-10-05 22:39:14] [NGXSendTelemetryEvaluateDataV3:628] VRAMAllocated = 0

[2026-10-05 22:39:14] [NGXSendTelemetryEvaluateDataV3:875] appExeName = hybrid_mfg_x4_mv_contract.exe

[2026-10-05 22:39:14] [NGXSendTelemetryEvaluateDataV3:876] drsProfileName = 

[2026-10-05 22:39:14] [NGXSendTelemetryEvaluateDataV3:877] drsName = 

[2026-10-05 22:39:14] [NGXSendTelemetryEvaluateDataV3:879] AppIdType = RENDERING_ENGINE

[2026-10-05 22:39:14] [NGXSendTelemetryEvaluateDataV3:880] ProjectId = 3e6891d2-09ac-4f54-ae8d-f481c3150d4b

[2026-10-05 22:39:14] [NGXSendTelemetryEvaluateDataV3:881] EngineVersion = 1.0.0

[2026-10-05 22:39:14] [NGXSendTelemetryEvaluateDataV3:882] EngineType = custom

[2026-10-05 22:39:14] [NGXSendTelemetryEvaluateDataV3:883] cmsId = 0

[2026-10-05 22:39:14] [NGXSendTelemetryEvaluateDataV3:884] gpuDeviceId = 9632

[2026-10-05 22:39:14] [NGXSendTelemetryEvaluateDataV3:885] gpuVendorId = 4318

[2026-10-05 22:39:14] [NGXSendTelemetryEvaluateDataV3:886] gpuSubSys = 979179434

[2026-10-05 22:39:14] [NGXSendTelemetryEvaluateDataV3:887] gpuRev = 161

[2026-10-05 22:39:14] [NGXSendTelemetryEvaluateDataV3:888] ngxSDKVersion = 1.5

[2026-10-05 22:39:14] [NGXSendTelemetryEvaluateDataV3:889] ngxCoreVersion = 1.4.0.0

[2026-10-05 22:39:14] [NGXSendTelemetryEvaluateDataV3:890] ngxFeatureVersion = 310.9.1

[2026-10-05 22:39:14] [NGXSendTelemetryEvaluateDataV3:891] displayDriverVersion = 596.49

[2026-10-05 22:39:14] [NGXSendTelemetryEvaluateDataV3:892] osVersion = 10.0.26100.9278

[2026-10-05 22:39:14] [NGXSendTelemetryEvaluateDataV3:893] APIType = 0

[2026-10-05 22:39:14] [NGXSendTelemetryEvaluateDataV3:894] GpuAPI = 2

[2026-10-05 22:39:14] [NGXSendTelemetryEvaluateDataV3:896] StreamlineVersion = 

[2026-10-05 22:39:14] [NGXSendTelemetryEvaluateDataV3:897] StreamlineGitSHA = 

[2026-10-05 22:39:14] [NGXSendTelemetryEvaluateDataV3:898] ExeModuleName = hybrid_mfg_x4_mv_contract.exe

[2026-10-05 22:39:14] [NGXSendTelemetryEvaluateDataV3:899] SnippetSchemaVer = 4.4

[2026-10-05 22:39:14] [NGXSendTelemetryEvaluateDataV3:905] -- END telemetry evaluate data --

[2026-10-05 22:39:15] [tid:1188488][NGXCubinGeneric::PushToDestroy:1142] Scheduled to destroy 0x1d5ff291160

[2026-10-05 22:39:15] [tid:1188488][NGXCubinGeneric::PushToDestroy:1142] Scheduled to destroy 0x1d5ff292a80

[2026-10-05 22:39:15] [tid:1188488][NGXCubinGeneric::PushToDestroy:1142] Scheduled to destroy 0x1d5ff28f840

[2026-10-05 22:39:15] [tid:1188488][NGXCubinGeneric::PushToDestroy:1142] Scheduled to destroy 0x1d5ff293710

[2026-10-05 22:39:15] [tid:1188488][NGXCubinGeneric::PushToDestroy:1142] Scheduled to destroy 0x1d5ff2943a0

[2026-10-05 22:39:15] [tid:1188488][NGXCubinGeneric::PushToDestroy:1142] Scheduled to destroy 0x1d5ff295030

[2026-10-05 22:39:15] [tid:1188488][NGXCubinGeneric::PushToDestroy:1142] Scheduled to destroy 0x1d5955551a0

[2026-10-05 22:39:15] [tid:1188488][NGXCubinGeneric::PushToDestroy:1142] Scheduled to destroy 0x1d595556ac0

[2026-10-05 22:39:15] [tid:1188488][NGXCubinGeneric::PushToDestroy:1142] Scheduled to destroy 0x1d595555e30

[2026-10-05 22:39:15] [tid:1188488][NGXCubinGeneric::PushToDestroy:1142] Scheduled to destroy 0x1d595553880

[2026-10-05 22:39:15] [tid:1188488][NGXCubinGeneric::PushToDestroy:1142] Scheduled to destroy 0x1d5959c5110

[2026-10-05 22:39:15] [tid:1188488][NGXCubinGeneric::PushToDestroy:1142] Scheduled to destroy 0x1d595557750

[2026-10-05 22:39:15] [tid:1188488][NGXCubinGeneric::PushToDestroy:1142] Scheduled to destroy 0x1d595554510

[2026-10-05 22:39:15] [tid:1188488][NGXCubinGeneric::PushToDestroy:1142] Scheduled to destroy 0x1d5955583e0

[2026-10-05 22:39:15] [tid:1188488][NGXCubinGeneric::PushToDestroy:1142] Scheduled to destroy 0x1d595559070

[2026-10-05 22:39:15] [tid:1188488][NGXCubinGeneric::PushToDestroy:1142] Scheduled to destroy 0x1d59555a990

[2026-10-05 22:39:15] [tid:1188488][NGXCubinGeneric::PushToDestroy:1142] Scheduled to destroy 0x1d595559d00

[2026-10-05 22:39:15] [tid:1188488][NGXCubinGeneric::PushToDestroy:1142] Scheduled to destroy 0x1d5ff7da090

[2026-10-05 22:39:15] [tid:1188488][NGXCubinGeneric::PushToDestroy:1142] Scheduled to destroy 0x1d5ff7dc640

[2026-10-05 22:39:15] [tid:1188488][NGXCubinGeneric::PushToDestroy:1142] Scheduled to destroy 0x1d5959c2ce0

[2026-10-05 22:39:15] [tid:1188488][NGXCubinGeneric::PushToDestroy:1142] Scheduled to destroy 0x1d5959c20d0

[2026-10-05 22:39:15] [tid:1188488][NGXCubinGeneric::PushToDestroy:1142] Scheduled to destroy 0x1d5959c38f0

[2026-10-05 22:39:15] [tid:1188488][NGXCubinGeneric::PushToDestroy:1142] Scheduled to destroy 0x1d5959c5d20

[2026-10-05 22:39:15] [tid:1188488][NGXCubinGeneric::PushToDestroy:1142] Scheduled to destroy 0x1d5ff7ddf60

[2026-10-05 22:39:15] [tid:1188488][NGXCubinGeneric::PushToDestroy:1142] Scheduled to destroy 0x1d5ff7dad20

[2026-10-05 22:39:15] [tid:1188488][NGXCubinGeneric::PushToDestroy:1142] Scheduled to destroy 0x1d5ff7dd2d0

[2026-10-05 22:39:15] [tid:1188488][NGXCubinGeneric::PushToDestroy:1142] Scheduled to destroy 0x1d5ff7debf0

[2026-10-05 22:39:15] [tid:1188488][NGXCubinGeneric::PushToDestroy:1142] Scheduled to destroy 0x1d5ff7db9b0

[2026-10-05 22:39:15] [tid:1188488][NGXCubinGeneric::PushToDestroy:1142] Scheduled to destroy 0x1d5ff7e11a0

[2026-10-05 22:39:15] [tid:1188488][NGXCubinGeneric::PushToDestroy:1142] Scheduled to destroy 0x1d5ff7df880

[2026-10-05 22:39:15] [tid:1188488][NGXCubinGeneric::PushToDestroy:1142] Scheduled to destroy 0x1d5ff7e0510

[2026-10-05 22:39:15] [tid:1188488][NGXCubinGeneric::PushToDestroy:1142] Scheduled to destroy 0x1d5959ae0b0

[2026-10-05 22:39:15] [tid:1188488][NGXCubinGeneric::PushToDestroy:1142] Scheduled to destroy 0x1d5959af9d0

[2026-10-05 22:39:15] [tid:1188488][NGXCubinGeneric::PushToDestroy:1142] Scheduled to destroy 0x1d5959b0660

[2026-10-05 22:39:15] [tid:1188488][NGXCubinGeneric::PushToDestroy:1142] Scheduled to destroy 0x1d5959b12f0

[2026-10-05 22:39:15] [tid:1188488][NGXCubinGeneric::PushToDestroy:1142] Scheduled to destroy 0x1d5959c6930

[2026-10-05 22:39:15] [tid:1188488][NGXCubinGeneric::PushToDestroy:1142] Scheduled to destroy 0x1d5959c7540

[2026-10-05 22:39:15] [tid:1188488][NGXCubinGeneric::PushToDestroy:1142] Scheduled to destroy 0x1d5959c4500

[2026-10-05 22:39:15] [tid:1188488][NGXCubinGeneric::PushToDestroy:1142] Scheduled to destroy 0x1d5959c9970

[2026-10-05 22:39:15] [tid:1188488][NGXCubinGeneric::PushToDestroy:1142] Scheduled to destroy 0x1d5959ca580

[2026-10-05 22:39:15] [tid:1188488][NGXCubinGeneric::PushToDestroy:1142] Scheduled to destroy 0x1d5959cb190

[2026-10-05 22:39:15] [tid:1188488][NGXCubinGeneric::PushToDestroy:1142] Scheduled to destroy 0x1d5959c8150

[2026-10-05 22:39:15] [tid:1188488][NGXCubinGeneric::PushToDestroy:1142] Scheduled to destroy 0x1d5959cbda0

[2026-10-05 22:39:15] [tid:1188488][NGXCubinGeneric::PushToDestroy:1142] Scheduled to destroy 0x1d5ff61ad00

[2026-10-05 22:39:15] [tid:1188488][NGXCubinGeneric::PushToDestroy:1142] Scheduled to destroy 0x1d5ff61dd40

[2026-10-05 22:39:15] [tid:1188488][NGXCubinGeneric::PushToDestroy:1142] Scheduled to destroy 0x1d5ff61d130

[2026-10-05 22:39:15] [tid:1188488][NGXCubinGeneric::PushToDestroy:1142] Scheduled to destroy 0x1d5ff61e950

[2026-10-05 22:39:15] [tid:1188488][NGXCubinGeneric::PushToDestroy:1142] Scheduled to destroy 0x1d5ff61b910

[2026-10-05 22:39:15] [tid:1188488][NGXCubinGeneric::PushToDestroy:1142] Scheduled to destroy 0x1d5ff61f560

[2026-10-05 22:39:15] [tid:1188488][NGXCubinGeneric::PushToDestroy:1142] Scheduled to destroy 0x1d5ff61c520

[2026-10-05 22:39:15] [tid:1188488][NGXCubinGeneric::PushToDestroy:1142] Scheduled to destroy 0x1d5ff6231b0

[2026-10-05 22:39:15] [tid:1188488][NGXCubinGeneric::PushToDestroy:1142] Scheduled to destroy 0x1d5ff620170

[2026-10-05 22:39:15] [tid:1188488][NGXCubinGeneric::PushToDestroy:1142] Scheduled to destroy 0x1d5ff6225a0

[2026-10-05 22:39:15] [tid:1188488][NGXCubinGeneric::PushToDestroy:1142] Scheduled to destroy 0x1d5ff623dc0

[2026-10-05 22:39:15] [tid:1188488][NGXCubinGeneric::PushToDestroy:1142] Scheduled to destroy 0x1d5ff621990

[2026-10-05 22:39:15] [tid:1188488][NGXCubinGeneric::PushToDestroy:1142] Scheduled to destroy 0x1d5ff620d80

[2026-10-05 22:39:15] [tid:1188488][NGXCubinGeneric::PushToDestroy:1142] Scheduled to destroy 0x1d5ff626e00

[2026-10-05 22:39:15] [tid:1188488][NGXCubinGeneric::PushToDestroy:1142] Scheduled to destroy 0x1d5ff6261f0

[2026-10-05 22:39:15] [tid:1188488][NGXCubinGeneric::PushToDestroy:1142] Scheduled to destroy 0x1d5ff627a10

[2026-10-05 22:39:15] [tid:1188488][NGXCubinGeneric::PushToDestroy:1142] Scheduled to destroy 0x1d5ff6249d0

[2026-10-05 22:39:15] [tid:1188488][NGXCubinGeneric::PushToDestroy:1142] Scheduled to destroy 0x1d5ff6255e0

[2026-10-05 22:39:15] [tid:1188488][NGXCubinGeneric::PushToDestroy:1142] Scheduled to destroy 0x1d5ff629e40

[2026-10-05 22:39:15] [tid:1188488][NGXCubinGeneric::PushToDestroy:1142] Scheduled to destroy 0x1d5ff628620

[2026-10-05 22:39:15] [tid:1188488][NGXCubinGeneric::PushToDestroy:1142] Scheduled to destroy 0x1d595ada4c0

[2026-10-05 22:39:15] [tid:1188488][NGXCubinGeneric::PushToDestroy:1142] Scheduled to destroy 0x1d595ad8090

[2026-10-05 22:39:15] [tid:1188488][NGXCubinGeneric::PushToDestroy:1142] Scheduled to destroy 0x1d595adbce0

[2026-10-05 22:39:15] [tid:1188488][NGXCubinGeneric::PushToDestroy:1142] Scheduled to destroy 0x1d595aded20

[2026-10-05 22:39:15] [tid:1188488][NGXCubinGeneric::PushToDestroy:1142] Scheduled to destroy 0x1d595add500

[2026-10-05 22:39:15] [tid:1188488][NGXCubinGeneric::PushToDestroy:1142] Scheduled to destroy 0x1d595adc8f0

[2026-10-05 22:39:15] [tid:1188488][NGXCubinGeneric::PushToDestroy:1142] Scheduled to destroy 0x1d595ae1150

[2026-10-05 22:39:15] [tid:1188488][NGXCubinGeneric::PushToDestroy:1142] Scheduled to destroy 0x1d595ae1d60

[2026-10-05 22:39:15] [tid:1188488][NGXCubinGeneric::PushToDestroy:1142] Scheduled to destroy 0x1d595ae2970

[2026-10-05 22:39:15] [tid:1188488][NGXCubinGeneric::PushToDestroy:1142] Scheduled to destroy 0x1d595ae65c0

[2026-10-05 22:39:15] [tid:1188488][NGXCubinGeneric::PushToDestroy:1142] Scheduled to destroy 0x1d595ae71d0

[2026-10-05 22:39:15] [tid:1188488][NGXCubinGeneric::PushToDestroy:1142] Scheduled to destroy 0x1d59580ab20

[2026-10-05 22:39:15] [tid:1188488][NGXCubinGeneric::PushToDestroy:1142] Scheduled to destroy 0x1d5958086f0

[2026-10-05 22:39:15] [tid:1188488][NGXCubinGeneric::PushToDestroy:1142] Scheduled to destroy 0x1d59580f380

[2026-10-05 22:39:15] [tid:1188488][NGXCubinGeneric::PushToDestroy:1142] Scheduled to destroy 0x1d59580c340

[2026-10-05 22:39:15] [tid:1188488][NGXCubinGeneric::PushToDestroy:1142] Scheduled to destroy 0x1d59580cf50

[2026-10-05 22:39:15] [tid:1188488][NGXCubinGeneric::PushToDestroy:1142] Scheduled to destroy 0x1d5958117b0

[2026-10-05 22:39:15] [tid:1188488][NGXCubinGeneric::PushToDestroy:1142] Scheduled to destroy 0x1d5958123c0

[2026-10-05 22:39:15] [tid:1188488][NGXCubinGeneric::PushToDestroy:1142] Scheduled to destroy 0x1d595812fd0

[2026-10-05 22:39:15] [tid:1188488][NGXCubinGeneric::PushToDestroy:1142] Scheduled to destroy 0x1d595810ba0

[2026-10-05 22:39:15] [tid:1188488][NGXCubinGeneric::PushToDestroy:1142] Scheduled to destroy 0x1d595816010

[2026-10-05 22:39:15] [tid:1188488][NGXCubinGeneric::PushToDestroy:1142] Scheduled to destroy 0x1d595813be0

[2026-10-05 22:39:15] [tid:1188488][NGXCubinGeneric::PushToDestroy:1142] Scheduled to destroy 0x1d595815400

[2026-10-05 22:39:15] [tid:1188488][NGXCubinGeneric::PushToDestroy:1142] Scheduled to destroy 0x1d595816c20

[2026-10-05 22:39:15] [tid:1188488][NGXCubinGeneric::PushToDestroy:1142] Scheduled to destroy 0x1d595817830

[2026-10-05 22:39:15] [tid:1188488][NGXCubinGeneric::PushToDestroy:1142] Scheduled to destroy 0x1d5958147f0

[2026-10-05 22:39:15] [tid:1188488][NGXCubinGeneric::PushToDestroy:1142] Scheduled to destroy 0x1d59568d1f0

[2026-10-05 22:39:15] [tid:1188488][NGXCubinGeneric::PushToDestroy:1142] Scheduled to destroy 0x1d59568adc0

[2026-10-05 22:39:15] [tid:1188488][NGXCubinGeneric::PushToDestroy:1142] Scheduled to destroy 0x1d59568f620

[2026-10-05 22:39:15] [tid:1188488][NGXCubinGeneric::PushToDestroy:1142] Scheduled to destroy 0x1d59568de00

[2026-10-05 22:39:15] [tid:1188488][NGXCubinGeneric::PushToDestroy:1142] Scheduled to destroy 0x1d595691a50

[2026-10-05 22:39:15] [tid:1188488][NGXCubinGeneric::PushToDestroy:1142] Scheduled to destroy 0x1d595693e80

[2026-10-05 22:39:15] [tid:1188488][NGXCubinGeneric::PushToDestroy:1142] Scheduled to destroy 0x1d595694a90

[2026-10-05 22:39:15] [tid:1188488][NGXCubinGeneric::PushToDestroy:1142] Scheduled to destroy 0x1d595696ec0

[2026-10-05 22:39:15] [tid:1188488][NGXCubinGeneric::PushToDestroy:1142] Scheduled to destroy 0x1d5956956a0

[2026-10-05 22:39:15] [tid:1188488][NGXCubinGeneric::PushToDestroy:1142] Scheduled to destroy 0x1d5956992f0

[2026-10-05 22:39:15] [tid:1188488][NGXCubinGeneric::PushToDestroy:1142] Scheduled to destroy 0x1d59569c5f0

[2026-10-05 22:39:15] [tid:1188488][NGXCubinGeneric::PushToDestroy:1142] Scheduled to destroy 0x1d59569de10

[2026-10-05 22:39:15] [tid:1188488][NGXCubinGeneric::PushToDestroy:1142] Scheduled to destroy 0x1d59569ea20

[2026-10-05 22:39:15] [tid:1188488][NGXCubinGeneric::PushToDestroy:1142] Scheduled to destroy 0x1d5956a2670

[2026-10-05 22:39:15] [tid:1188488][NGXCubinGeneric::PushToDestroy:1142] Scheduled to destroy 0x1d59569f630

[2026-10-05 22:39:15] [tid:1188488][NGXCubinGeneric::PushToDestroy:1142] Scheduled to destroy 0x1d5956a3280

[2026-10-05 22:39:15] [tid:1188488][NGXCubinGeneric::PushToDestroy:1142] Scheduled to destroy 0x1d5956a56b0

[2026-10-05 22:39:15] [tid:1188488][NGXCubinGeneric::PushToDestroy:1142] Scheduled to destroy 0x1d5956a62c0

[2026-10-05 22:39:15] [tid:1188488][NGXCubinGeneric::PushToDestroy:1142] Scheduled to destroy 0x1d5956a3e90

[2026-10-05 22:39:15] [tid:1188488][NGXCubinGeneric::PushToDestroy:1142] Scheduled to destroy 0x1d5956a9300

[2026-10-05 22:39:15] [tid:1188488][NGXCubinGeneric::PushToDestroy:1142] Scheduled to destroy 0x1d5956a9f10

[2026-10-05 22:39:15] [tid:1188488][NGXCubinGeneric::PushToDestroy:1142] Scheduled to destroy 0x1d5956aade0

[2026-10-05 22:39:15] [tid:1188488][NGXCubinGeneric::PushToDestroy:1142] Scheduled to destroy 0x1d5956ac600

[2026-10-05 22:39:15] [tid:1188488][NGXCubinGeneric::PushToDestroy:1142] Scheduled to destroy 0x1d5956aea30

[2026-10-05 22:39:15] [tid:1188488][NGXCubinGeneric::PushToDestroy:1142] Scheduled to destroy 0x1d5956b0e60

[2026-10-05 22:39:15] [tid:1188488][NGXCubinGeneric::PushToDestroy:1142] Scheduled to destroy 0x1d5956b2680

[2026-10-05 22:39:15] [tid:1188488][NGXCubinGeneric::PushToDestroy:1142] Scheduled to destroy 0x1d5956b0250

[2026-10-05 22:39:15] [tid:1188488][NGXCubinGeneric::PushToDestroy:1142] Scheduled to destroy 0x1d5956b6ee0

[2026-10-05 22:39:15] [tid:1188488][NGXCubinGeneric::PushToDestroy:1142] Scheduled to destroy 0x1d5956b7af0

[2026-10-05 22:39:15] [tid:1188488][NGXCubinGeneric::PushToDestroy:1142] Scheduled to destroy 0x1d5956b62d0

[2026-10-05 22:39:15] [tid:1188488][NGXCubinGeneric::PushToDestroy:1142] Scheduled to destroy 0x1d5956b8700

[2026-10-05 22:39:15] [tid:1188488][NGXCubinGeneric::PushToDestroy:1142] Scheduled to destroy 0x1d581d44960

[2026-10-05 22:39:15] [tid:1188488][NGXCubinGeneric::PushToDestroy:1142] Scheduled to destroy 0x1d581d43d50

[2026-10-05 22:39:15] [tid:1188488][NGXCubinGeneric::PushToDestroy:1142] Scheduled to destroy 0x1d581d45570

[2026-10-05 22:39:15] [tid:1188488][NGXCubinGeneric::PushToDestroy:1142] Scheduled to destroy 0x1d581d49dd0

[2026-10-05 22:39:15] [tid:1188488][NGXCubinGeneric::PushToDestroy:1142] Scheduled to destroy 0x1d581d491c0

[2026-10-05 22:39:15] [tid:1188488][NGXCubinGeneric::PushToDestroy:1142] Scheduled to destroy 0x1d581d4a9e0

[2026-10-05 22:39:15] [tid:1188488][NGXCubinGeneric::PushToDestroy:1142] Scheduled to destroy 0x1d581d4b5f0

[2026-10-05 22:39:15] [tid:1188488][NGXCubinGeneric::PushToDestroy:1142] Scheduled to destroy 0x1d581d4f240

[2026-10-05 22:39:15] [tid:1188488][NGXCubinGeneric::PushToDestroy:1142] Scheduled to destroy 0x1d581d4c200

[2026-10-05 22:39:15] [tid:1188488][NGXCubinGeneric::PushToDestroy:1142] Scheduled to destroy 0x1d581d4ce10

[2026-10-05 22:39:15] [tid:1188488][NGXCubinGeneric::PushToDestroy:1142] Scheduled to destroy 0x1d581d51670

[2026-10-05 22:39:15] [tid:1188488][NGXCubinGeneric::PushToDestroy:1142] Scheduled to destroy 0x1d58224fc70

[2026-10-05 22:39:15] [tid:1188488][NGXCubinGeneric::PushToDestroy:1142] Scheduled to destroy 0x1d582250880

[2026-10-05 22:39:15] [tid:1188488][NGXCubinGeneric::PushToDestroy:1142] Scheduled to destroy 0x1d58224f060

[2026-10-05 22:39:15] [tid:1188488][NGXCubinGeneric::PushToDestroy:1142] Scheduled to destroy 0x1d5822520a0

[2026-10-05 22:39:15] [tid:1188488][NGXCubinGeneric::PushToDestroy:1142] Scheduled to destroy 0x1d582252cb0

[2026-10-05 22:39:15] [tid:1188488][NGXCubinGeneric::PushToDestroy:1142] Scheduled to destroy 0x1d5822538c0

[2026-10-05 22:39:15] [tid:1188488][NGXCubinGeneric::PushToDestroy:1142] Scheduled to destroy 0x1d5822544d0

[2026-10-05 22:39:15] [tid:1188488][NGXCubinGeneric::PushToDestroyIUnknown:1154] Scheduled to destroy IUnknown 0x1d59595f540

[2026-10-05 22:39:15] [tid:1188488][NGXCubinGeneric::PushToDestroyIUnknown:1154] Scheduled to destroy IUnknown 0x1d595960730

[2026-10-05 22:39:15] [tid:1188488][NGXCubinGeneric::CollectGarbage:1177] Releasing resource 0x1d595ade110 (nv.ngx.dlssg.dlfg_network_resource)

[2026-10-05 22:39:15] [tid:1188488][NGXCubinGeneric::CollectGarbage:1177] Releasing resource 0x1d581d4da20 (nv.ngx.dlssg.dlfg_network_resource)

[2026-10-05 22:39:15] [tid:1188488][NGXCubinGeneric::CollectGarbage:1177] Releasing resource 0x1d595adf930 (nv.ngx.dlssg.dlfg_network_resource)

[2026-10-05 22:39:15] [tid:1188488][NGXCubinGeneric::CollectGarbage:1177] Releasing resource 0x1d5ff629230 (nv.ngx.dlssg.dlfg_network_resource)

[2026-10-05 22:39:15] [tid:1188488][NGXCubinGeneric::CollectGarbage:1177] Releasing resource 0x1d5956b3ea0 (nv.ngx.dlssg.dlfg_network_resource)

[2026-10-05 22:39:15] [tid:1188488][NGXCubinGeneric::CollectGarbage:1177] Releasing resource 0x1d59580e770 (nv.ngx.dlssg.dlfg_network_resource)

[2026-10-05 22:39:15] [tid:1188488][NGXCubinGeneric::CollectGarbage:1177] Releasing resource 0x1d595ad98b0 (nv.ngx.dlssg.dlfg_network_resource)

[2026-10-05 22:39:15] [tid:1188488][NGXCubinGeneric::CollectGarbage:1177] Releasing resource 0x1d5959af9d0 (nv.ngx.dlssg.dlfg_resource)

[2026-10-05 22:39:15] [tid:1188488][NGXCubinGeneric::CollectGarbage:1177] Releasing resource 0x1d595ae4da0 (nv.ngx.dlssg.dlfg_network_resource)

[2026-10-05 22:39:15] [tid:1188488][NGXCubinGeneric::CollectGarbage:1177] Releasing resource 0x1d595ae0540 (nv.ngx.dlssg.dlfg_network_resource)

[2026-10-05 22:39:15] [tid:1188488][NGXCubinGeneric::CollectGarbage:1177] Releasing resource 0x1d5956b56c0 (nv.ngx.dlssg.dlfg_network_resource)

[2026-10-05 22:39:15] [tid:1188488][NGXCubinGeneric::CollectGarbage:1177] Releasing resource 0x1d58224fc70 (nv.ngx.dlssg.dlfg_network_resource)

[2026-10-05 22:39:15] [tid:1188488][NGXCubinGeneric::CollectGarbage:1177] Releasing resource 0x1d595adb0d0 (nv.ngx.dlssg.dlfg_network_resource)

[2026-10-05 22:39:15] [tid:1188488][NGXCubinGeneric::CollectGarbage:1177] Releasing resource 0x1d59580f380 (nv.ngx.dlssg.dlfg_network_resource)

[2026-10-05 22:39:15] [tid:1188488][NGXCubinGeneric::CollectGarbage:1177] Releasing resource 0x1d595ad8ca0 (nv.ngx.dlssg.dlfg_network_resource)

[2026-10-05 22:39:15] [tid:1188488][NGXCubinGeneric::CollectGarbage:1177] Releasing resource 0x1d595809f10 (nv.ngx.dlssg.dlfg_network_resource)

[2026-10-05 22:39:15] [tid:1188488][NGXCubinGeneric::CollectGarbage:1177] Releasing resource 0x1d595815400 (nv.ngx.dlssg.dlfg_network_resource)

[2026-10-05 22:39:15] [tid:1188488][NGXCubinGeneric::CollectGarbage:1177] Releasing resource 0x1d595ae3580 (nv.ngx.dlssg.dlfg_network_resource)

[2026-10-05 22:39:15] [tid:1188488][NGXCubinGeneric::CollectGarbage:1177] Releasing resource 0x1d5956b1a70 (nv.ngx.dlssg.dlfg_network_resource)

[2026-10-05 22:39:15] [tid:1188488][NGXCubinGeneric::CollectGarbage:1177] Releasing resource 0x1d595ae4190 (nv.ngx.dlssg.dlfg_network_resource)

[2026-10-05 22:39:15] [tid:1188488][NGXCubinGeneric::CollectGarbage:1177] Releasing resource 0x1d595809300 (nv.ngx.dlssg.dlfg_network_resource)

[2026-10-05 22:39:15] [tid:1188488][NGXCubinGeneric::CollectGarbage:1177] Releasing resource 0x1d59580db60 (nv.ngx.dlssg.dlfg_network_resource)

[2026-10-05 22:39:15] [tid:1188488][NGXCubinGeneric::CollectGarbage:1177] Releasing resource 0x1d595ae59b0 (nv.ngx.dlssg.dlfg_network_resource)

[2026-10-05 22:39:15] [tid:1188488][NGXCubinGeneric::CollectGarbage:1177] Releasing resource 0x1d58224e450 (nv.ngx.dlssg.dlfg_network_resource)

[2026-10-05 22:39:15] [tid:1188488][NGXCubinGeneric::CollectGarbage:1177] Releasing resource 0x1d5956b6ee0 (nv.ngx.dlssg.dlfg_network_resource)

[2026-10-05 22:39:15] [tid:1188488][NGXCubinGeneric::CollectGarbage:1177] Releasing resource 0x1d59580b730 (nv.ngx.dlssg.dlfg_network_resource)

[2026-10-05 22:39:15] [tid:1188488][NGXCubinGeneric::CollectGarbage:1177] Releasing resource 0x1d5956ab9f0 (nv.ngx.dlssg.dlfg_network_resource)

[2026-10-05 22:39:15] [tid:1188488][NGXCubinGeneric::CollectGarbage:1177] Releasing resource 0x1d59580ff90 (nv.ngx.dlssg.dlfg_network_resource)

[2026-10-05 22:39:15] [tid:1188488][NGXCubinGeneric::CollectGarbage:1177] Releasing resource 0x1d581d46180 (nv.ngx.dlssg.dlfg_network_resource)

[2026-10-05 22:39:15] [tid:1188488][NGXCubinGeneric::CollectGarbage:1177] Releasing resource 0x1d59568b9d0 (nv.ngx.dlssg.dlfg_network_resource)

[2026-10-05 22:39:15] [tid:1188488][NGXCubinGeneric::CollectGarbage:1177] Releasing resource 0x1d595697ad0 (nv.ngx.dlssg.dlfg_network_resource)

[2026-10-05 22:39:15] [tid:1188488][NGXCubinGeneric::CollectGarbage:1177] Releasing resource 0x1d5ff6261f0 (nv.ngx.dlssg.dlfg_network_resource)

[2026-10-05 22:39:15] [tid:1188488][NGXCubinGeneric::CollectGarbage:1177] Releasing resource 0x1d5959c5110 (nv.ngx.dlssg.dlfg_resource)

[2026-10-05 22:39:15] [tid:1188488][NGXCubinGeneric::CollectGarbage:1177] Releasing resource 0x1d59568c5e0 (nv.ngx.dlssg.dlfg_network_resource)

[2026-10-05 22:39:15] [tid:1188488][NGXCubinGeneric::CollectGarbage:1177] Releasing resource 0x1d59568ea10 (nv.ngx.dlssg.dlfg_network_resource)

[2026-10-05 22:39:15] [tid:1188488][NGXCubinGeneric::CollectGarbage:1177] Releasing resource 0x1d581d50a60 (nv.ngx.dlssg.dlfg_network_resource)

[2026-10-05 22:39:15] [tid:1188488][NGXCubinGeneric::CollectGarbage:1177] Releasing resource 0x1d5959c9970 (nv.ngx.dlssg.dlfg_resource)

[2026-10-05 22:39:15] [tid:1188488][NGXCubinGeneric::CollectGarbage:1177] Releasing resource 0x1d595690230 (nv.ngx.dlssg.dlfg_network_resource)

[2026-10-05 22:39:15] [tid:1188488][NGXCubinGeneric::CollectGarbage:1177] Releasing resource 0x1d595692660 (nv.ngx.dlssg.dlfg_network_resource)

[2026-10-05 22:39:15] [tid:1188488][NGXCubinGeneric::CollectGarbage:1177] Releasing resource 0x1d5ff7e0510 (nv.ngx.dlssg.dlfg_resource)

[2026-10-05 22:39:15] [tid:1188488][NGXCubinGeneric::CollectGarbage:1177] Releasing resource 0x1d581d485b0 (nv.ngx.dlssg.dlfg_network_resource)

[2026-10-05 22:39:15] [tid:1188488][NGXCubinGeneric::CollectGarbage:1177] Releasing resource 0x1d5ff621990 (nv.ngx.dlssg.dlfg_resource)

[2026-10-05 22:39:15] [tid:1188488][NGXCubinGeneric::CollectGarbage:1177] Releasing resource 0x1d595693270 (nv.ngx.dlssg.dlfg_network_resource)

[2026-10-05 22:39:15] [tid:1188488][NGXCubinGeneric::CollectGarbage:1177] Releasing resource 0x1d595690e40 (nv.ngx.dlssg.dlfg_network_resource)

[2026-10-05 22:39:15] [tid:1188488][NGXCubinGeneric::CollectGarbage:1177] Releasing resource 0x1d59569d200 (nv.ngx.dlssg.dlfg_network_resource)

[2026-10-05 22:39:15] [tid:1188488][NGXCubinGeneric::CollectGarbage:1177] Releasing resource 0x1d5956962b0 (nv.ngx.dlssg.dlfg_network_resource)

[2026-10-05 22:39:15] [tid:1188488][NGXCubinGeneric::CollectGarbage:1177] Releasing resource 0x1d5956986e0 (nv.ngx.dlssg.dlfg_network_resource)

[2026-10-05 22:39:15] [tid:1188488][NGXCubinGeneric::CollectGarbage:1177] Releasing resource 0x1d5958117b0 (nv.ngx.dlssg.dlfg_network_resource)

[2026-10-05 22:39:15] [tid:1188488][NGXCubinGeneric::CollectGarbage:1177] Releasing resource 0x1d595699f00 (nv.ngx.dlssg.dlfg_network_resource)

[2026-10-05 22:39:15] [tid:1188488][NGXCubinGeneric::CollectGarbage:1177] Releasing resource 0x1d59569add0 (nv.ngx.dlssg.dlfg_network_resource)

[2026-10-05 22:39:15] [tid:1188488][NGXCubinGeneric::CollectGarbage:1177] Releasing resource 0x1d59569b9e0 (nv.ngx.dlssg.dlfg_network_resource)

[2026-10-05 22:39:15] [tid:1188488][NGXCubinGeneric::CollectGarbage:1177] Releasing resource 0x1d5ff7dad20 (nv.ngx.dlssg.dlfg_resource)

[2026-10-05 22:39:15] [tid:1188488][NGXCubinGeneric::CollectGarbage:1177] Releasing resource 0x1d5956a0e50 (nv.ngx.dlssg.dlfg_network_resource)

[2026-10-05 22:39:15] [tid:1188488][NGXCubinGeneric::CollectGarbage:1177] Releasing resource 0x1d5956a1a60 (nv.ngx.dlssg.dlfg_network_resource)

[2026-10-05 22:39:15] [tid:1188488][NGXCubinGeneric::CollectGarbage:1177] Releasing resource 0x1d5956ad210 (nv.ngx.dlssg.dlfg_network_resource)

[2026-10-05 22:39:15] [tid:1188488][NGXCubinGeneric::CollectGarbage:1177] Releasing resource 0x1d5ff61c520 (nv.ngx.dlssg.dlfg_resource)

[2026-10-05 22:39:15] [tid:1188488][NGXCubinGeneric::CollectGarbage:1177] Releasing resource 0x1d5956a0240 (nv.ngx.dlssg.dlfg_network_resource)

[2026-10-05 22:39:15] [tid:1188488][NGXCubinGeneric::CollectGarbage:1177] Releasing resource 0x1d5956a4aa0 (nv.ngx.dlssg.dlfg_network_resource)

[2026-10-05 22:39:15] [tid:1188488][NGXCubinGeneric::CollectGarbage:1177] Releasing resource 0x1d5956a6ed0 (nv.ngx.dlssg.dlfg_network_resource)

[2026-10-05 22:39:15] [tid:1188488][NGXCubinGeneric::CollectGarbage:1177] Releasing resource 0x1d582251490 (nv.ngx.dlssg.dlfg_network_resource)

[2026-10-05 22:39:15] [tid:1188488][NGXCubinGeneric::CollectGarbage:1177] Releasing resource 0x1d5956ade20 (nv.ngx.dlssg.dlfg_network_resource)

[2026-10-05 22:39:15] [tid:1188488][NGXCubinGeneric::CollectGarbage:1177] Releasing resource 0x1d582255cf0 (nv.ngx.dlssg.dlfg_network_resource)

[2026-10-05 22:39:15] [tid:1188488][NGXCubinGeneric::CollectGarbage:1177] Releasing resource 0x1d5956a86f0 (nv.ngx.dlssg.dlfg_network_resource)

[2026-10-05 22:39:15] [tid:1188488][NGXCubinGeneric::CollectGarbage:1177] Releasing resource 0x1d5956af640 (nv.ngx.dlssg.dlfg_network_resource)

[2026-10-05 22:39:15] [tid:1188488][NGXCubinGeneric::CollectGarbage:1177] Releasing resource 0x1d5956a7ae0 (nv.ngx.dlssg.dlfg_network_resource)

[2026-10-05 22:39:15] [tid:1188488][NGXCubinGeneric::CollectGarbage:1177] Releasing resource 0x1d58224d840 (nv.ngx.dlssg.dlfg_network_resource)

[2026-10-05 22:39:15] [tid:1188488][NGXCubinGeneric::CollectGarbage:1177] Releasing resource 0x1d5956b3290 (nv.ngx.dlssg.dlfg_network_resource)

[2026-10-05 22:39:15] [tid:1188488][NGXCubinGeneric::CollectGarbage:1177] Releasing resource 0x1d5956b4ab0 (nv.ngx.dlssg.dlfg_network_resource)

[2026-10-05 22:39:15] [tid:1188488][NGXCubinGeneric::CollectGarbage:1177] Releasing resource 0x1d5956b9310 (nv.ngx.dlssg.dlfg_network_resource)

[2026-10-05 22:39:15] [tid:1188488][NGXCubinGeneric::CollectGarbage:1177] Releasing resource 0x1d5ff628620 (nv.ngx.dlssg.dlfg_network_resource)

[2026-10-05 22:39:15] [tid:1188488][NGXCubinGeneric::CollectGarbage:1177] Releasing resource 0x1d5956b9f20 (nv.ngx.dlssg.dlfg_network_resource)

[2026-10-05 22:39:15] [tid:1188488][NGXCubinGeneric::CollectGarbage:1177] Releasing resource 0x1d595693e80 (nv.ngx.dlssg.dlfg_network_resource)

[2026-10-05 22:39:15] [tid:1188488][NGXCubinGeneric::CollectGarbage:1177] Releasing resource 0x1d581d43140 (nv.ngx.dlssg.dlfg_network_resource)

[2026-10-05 22:39:15] [tid:1188488][NGXCubinGeneric::CollectGarbage:1177] Releasing resource 0x1d581d42530 (nv.ngx.dlssg.dlfg_network_resource)

[2026-10-05 22:39:15] [tid:1188488][NGXCubinGeneric::CollectGarbage:1177] Releasing resource 0x1d5ff7df880 (nv.ngx.dlssg.dlfg_resource)

[2026-10-05 22:39:15] [tid:1188488][NGXCubinGeneric::CollectGarbage:1177] Releasing resource 0x1d581d46d90 (nv.ngx.dlssg.dlfg_network_resource)

[2026-10-05 22:39:15] [tid:1188488][NGXCubinGeneric::CollectGarbage:1177] Releasing resource 0x1d581d479a0 (nv.ngx.dlssg.dlfg_network_resource)

[2026-10-05 22:39:15] [tid:1188488][NGXCubinGeneric::CollectGarbage:1177] Releasing resource 0x1d5ff626e00 (nv.ngx.dlssg.dlfg_network_resource)

[2026-10-05 22:39:15] [tid:1188488][NGXCubinGeneric::CollectGarbage:1177] Releasing resource 0x1d581d4e630 (nv.ngx.dlssg.dlfg_network_resource)

[2026-10-05 22:39:15] [tid:1188488][NGXCubinGeneric::CollectGarbage:1177] Releasing resource 0x1d581d4fe50 (nv.ngx.dlssg.dlfg_network_resource)

[2026-10-05 22:39:15] [tid:1188488][NGXCubinGeneric::CollectGarbage:1177] Releasing resource 0x1d5822550e0 (nv.ngx.dlssg.dlfg_network_resource)

[2026-10-05 22:39:15] [tid:1188488][NGXCubinGeneric::CollectGarbage:1177] Releasing resource 0x1d582256900 (nv.ngx.dlssg.dlfg_network_resource)

[2026-10-05 22:39:15] [tid:1188488][NGXCubinGeneric::CollectGarbage:1177] Releasing resource 0x1d5ff623dc0 (nv.ngx.dlssg.dlfg_resource)

[2026-10-05 22:39:15] [tid:1188488][NGXCubinGeneric::CollectGarbage:1177] Releasing resource 0x1d582257510 (nv.ngx.dlssg.dlfg_network_resource)

[2026-10-05 22:39:15] [tid:1188488][NGXCubinGeneric::CollectGarbage:1177] Releasing resource 0x1d581d4b5f0 (nv.ngx.dlssg.dlfg_network_resource)

[2026-10-05 22:39:15] [tid:1188488][NGXCubinGeneric::CollectGarbage:1177] Releasing resource 0x1d5ff6249d0 (nv.ngx.dlssg.dlfg_network_resource)

[2026-10-05 22:39:15] [tid:1188488][NGXCubinGeneric::CollectGarbage:1177] Releasing resource 0x1d582258120 (nv.ngx.dlssg.dlfg_network_resource)

[2026-10-05 22:39:15] [tid:1188488][NGXCubinGeneric::CollectGarbage:1177] Releasing resource 0x1d5ff291160 (nv.ngx.dlssg.dlfg_resource)

[2026-10-05 22:39:15] [tid:1188488][NGXCubinGeneric::CollectGarbage:1177] Releasing resource 0x1d595ae1d60 (nv.ngx.dlssg.dlfg_network_resource)

[2026-10-05 22:39:15] [tid:1188488][NGXCubinGeneric::CollectGarbage:1177] Releasing resource 0x1d5ff292a80 (nv.ngx.dlssg.dlfg_resource)

[2026-10-05 22:39:15] [tid:1188488][NGXCubinGeneric::CollectGarbage:1177] Releasing resource 0x1d5ff28f840 (nv.ngx.dlssg.dlfg_resource)

[2026-10-05 22:39:15] [tid:1188488][NGXCubinGeneric::CollectGarbage:1177] Releasing resource 0x1d5ff293710 (nv.ngx.dlssg.dlfg_resource)

[2026-10-05 22:39:15] [tid:1188488][NGXCubinGeneric::CollectGarbage:1177] Releasing resource 0x1d5ff2943a0 (nv.ngx.dlssg.dlfg_resource)

[2026-10-05 22:39:15] [tid:1188488][NGXCubinGeneric::CollectGarbage:1177] Releasing resource 0x1d5ff295030 (nv.ngx.dlssg.dlfg_resource)

[2026-10-05 22:39:15] [tid:1188488][NGXCubinGeneric::CollectGarbage:1177] Releasing resource 0x1d5955551a0 (nv.ngx.dlssg.dlfg_resource)

[2026-10-05 22:39:15] [tid:1188488][NGXCubinGeneric::CollectGarbage:1177] Releasing resource 0x1d595556ac0 (nv.ngx.dlssg.dlfg_resource)

[2026-10-05 22:39:15] [tid:1188488][NGXCubinGeneric::CollectGarbage:1177] Releasing resource 0x1d595555e30 (nv.ngx.dlssg.dlfg_resource)

[2026-10-05 22:39:15] [tid:1188488][NGXCubinGeneric::CollectGarbage:1177] Releasing resource 0x1d595553880 (nv.ngx.dlssg.dlfg_resource)

[2026-10-05 22:39:15] [tid:1188488][NGXCubinGeneric::CollectGarbage:1177] Releasing resource 0x1d595557750 (nv.ngx.dlssg.dlfg_resource)

[2026-10-05 22:39:15] [tid:1188488][NGXCubinGeneric::CollectGarbage:1177] Releasing resource 0x1d5958086f0 (nv.ngx.dlssg.dlfg_network_resource)

[2026-10-05 22:39:15] [tid:1188488][NGXCubinGeneric::CollectGarbage:1177] Releasing resource 0x1d595554510 (nv.ngx.dlssg.dlfg_resource)

[2026-10-05 22:39:15] [tid:1188488][NGXCubinGeneric::CollectGarbage:1177] Releasing resource 0x1d595812fd0 (nv.ngx.dlssg.dlfg_network_resource)

[2026-10-05 22:39:15] [tid:1188488][NGXCubinGeneric::CollectGarbage:1177] Releasing resource 0x1d5955583e0 (nv.ngx.dlssg.dlfg_resource)

[2026-10-05 22:39:15] [tid:1188488][NGXCubinGeneric::CollectGarbage:1177] Releasing resource 0x1d595559070 (nv.ngx.dlssg.dlfg_resource)

[2026-10-05 22:39:15] [tid:1188488][NGXCubinGeneric::CollectGarbage:1177] Releasing resource 0x1d59555a990 (nv.ngx.dlssg.dlfg_resource)

[2026-10-05 22:39:15] [tid:1188488][NGXCubinGeneric::CollectGarbage:1177] Releasing resource 0x1d595559d00 (nv.ngx.dlssg.dlfg_resource)

[2026-10-05 22:39:15] [tid:1188488][NGXCubinGeneric::CollectGarbage:1177] Releasing resource 0x1d5956a9300 (nv.ngx.dlssg.dlfg_network_resource)

[2026-10-05 22:39:15] [tid:1188488][NGXCubinGeneric::CollectGarbage:1177] Releasing resource 0x1d5ff7da090 (nv.ngx.dlssg.dlfg_resource)

[2026-10-05 22:39:15] [tid:1188488][NGXCubinGeneric::CollectGarbage:1177] Releasing resource 0x1d5ff7dc640 (nv.ngx.dlssg.dlfg_resource)

[2026-10-05 22:39:15] [tid:1188488][NGXCubinGeneric::CollectGarbage:1177] Releasing resource 0x1d5959c2ce0 (nv.ngx.dlssg.dlfg_resource)

[2026-10-05 22:39:15] [tid:1188488][NGXCubinGeneric::CollectGarbage:1177] Releasing resource 0x1d5959c20d0 (nv.ngx.dlssg.dlfg_resource)

[2026-10-05 22:39:15] [tid:1188488][NGXCubinGeneric::CollectGarbage:1177] Releasing resource 0x1d5959c38f0 (nv.ngx.dlssg.dlfg_resource)

[2026-10-05 22:39:15] [tid:1188488][NGXCubinGeneric::CollectGarbage:1177] Releasing resource 0x1d5959c5d20 (nv.ngx.dlssg.dlfg_resource)

[2026-10-05 22:39:15] [tid:1188488][NGXCubinGeneric::CollectGarbage:1177] Releasing resource 0x1d5ff7ddf60 (nv.ngx.dlssg.dlfg_resource)

[2026-10-05 22:39:15] [tid:1188488][NGXCubinGeneric::CollectGarbage:1177] Releasing resource 0x1d5ff7dd2d0 (nv.ngx.dlssg.dlfg_resource)

[2026-10-05 22:39:15] [tid:1188488][NGXCubinGeneric::CollectGarbage:1177] Releasing resource 0x1d5ff7debf0 (nv.ngx.dlssg.dlfg_resource)

[2026-10-05 22:39:15] [tid:1188488][NGXCubinGeneric::CollectGarbage:1177] Releasing resource 0x1d5ff7db9b0 (nv.ngx.dlssg.dlfg_resource)

[2026-10-05 22:39:15] [tid:1188488][NGXCubinGeneric::CollectGarbage:1177] Releasing resource 0x1d5ff7e11a0 (nv.ngx.dlssg.dlfg_resource)

[2026-10-05 22:39:15] [tid:1188488][NGXCubinGeneric::CollectGarbage:1177] Releasing resource 0x1d5959ae0b0 (nv.ngx.dlssg.dlfg_resource)

[2026-10-05 22:39:15] [tid:1188488][NGXCubinGeneric::CollectGarbage:1177] Releasing resource 0x1d5959b0660 (nv.ngx.dlssg.dlfg_resource)

[2026-10-05 22:39:15] [tid:1188488][NGXCubinGeneric::CollectGarbage:1177] Releasing resource 0x1d5959b12f0 (nv.ngx.dlssg.dlfg_resource)

[2026-10-05 22:39:15] [tid:1188488][NGXCubinGeneric::CollectGarbage:1177] Releasing resource 0x1d5959c6930 (nv.ngx.dlssg.dlfg_resource)

[2026-10-05 22:39:15] [tid:1188488][NGXCubinGeneric::CollectGarbage:1177] Releasing resource 0x1d5959c7540 (nv.ngx.dlssg.dlfg_resource)

[2026-10-05 22:39:15] [tid:1188488][NGXCubinGeneric::CollectGarbage:1177] Releasing resource 0x1d5959c4500 (nv.ngx.dlssg.dlfg_resource)

[2026-10-05 22:39:15] [tid:1188488][NGXCubinGeneric::CollectGarbage:1177] Releasing resource 0x1d59569f630 (nv.ngx.dlssg.dlfg_network_resource)

[2026-10-05 22:39:15] [tid:1188488][NGXCubinGeneric::CollectGarbage:1177] Releasing resource 0x1d5959ca580 (nv.ngx.dlssg.dlfg_resource)

[2026-10-05 22:39:15] [tid:1188488][NGXCubinGeneric::CollectGarbage:1177] Releasing resource 0x1d5959cb190 (nv.ngx.dlssg.dlfg_resource)

[2026-10-05 22:39:15] [tid:1188488][NGXCubinGeneric::CollectGarbage:1177] Releasing resource 0x1d5959c8150 (nv.ngx.dlssg.dlfg_resource)

[2026-10-05 22:39:15] [tid:1188488][NGXCubinGeneric::CollectGarbage:1177] Releasing resource 0x1d5ff6225a0 (nv.ngx.dlssg.dlfg_resource)

[2026-10-05 22:39:15] [tid:1188488][NGXCubinGeneric::CollectGarbage:1177] Releasing resource 0x1d5959cbda0 (nv.ngx.dlssg.dlfg_resource)

[2026-10-05 22:39:15] [tid:1188488][NGXCubinGeneric::CollectGarbage:1177] Releasing resource 0x1d5ff61ad00 (nv.ngx.dlssg.dlfg_resource)

[2026-10-05 22:39:15] [tid:1188488][NGXCubinGeneric::CollectGarbage:1177] Releasing resource 0x1d5ff61dd40 (nv.ngx.dlssg.dlfg_resource)

[2026-10-05 22:39:15] [tid:1188488][NGXCubinGeneric::CollectGarbage:1177] Releasing resource 0x1d5ff61d130 (nv.ngx.dlssg.dlfg_resource)

[2026-10-05 22:39:15] [tid:1188488][NGXCubinGeneric::CollectGarbage:1177] Releasing resource 0x1d5ff61e950 (nv.ngx.dlssg.dlfg_resource)

[2026-10-05 22:39:15] [tid:1188488][NGXCubinGeneric::CollectGarbage:1177] Releasing resource 0x1d5ff61b910 (nv.ngx.dlssg.dlfg_resource)

[2026-10-05 22:39:15] [tid:1188488][NGXCubinGeneric::CollectGarbage:1177] Releasing resource 0x1d5956a3280 (nv.ngx.dlssg.dlfg_network_resource)

[2026-10-05 22:39:15] [tid:1188488][NGXCubinGeneric::CollectGarbage:1177] Releasing resource 0x1d5ff61f560 (nv.ngx.dlssg.dlfg_resource)

[2026-10-05 22:39:15] [tid:1188488][NGXCubinGeneric::CollectGarbage:1177] Releasing resource 0x1d5ff6231b0 (nv.ngx.dlssg.dlfg_resource)

[2026-10-05 22:39:15] [tid:1188488][NGXCubinGeneric::CollectGarbage:1177] Releasing resource 0x1d581d49dd0 (nv.ngx.dlssg.dlfg_network_resource)

[2026-10-05 22:39:15] [tid:1188488][NGXCubinGeneric::CollectGarbage:1177] Releasing resource 0x1d5ff620170 (nv.ngx.dlssg.dlfg_resource)

[2026-10-05 22:39:15] [tid:1188488][NGXCubinGeneric::CollectGarbage:1177] Releasing resource 0x1d581d44960 (nv.ngx.dlssg.dlfg_network_resource)

[2026-10-05 22:39:15] [tid:1188488][NGXCubinGeneric::CollectGarbage:1177] Releasing resource 0x1d5ff620d80 (nv.ngx.dlssg.dlfg_network_resource)

[2026-10-05 22:39:15] [tid:1188488][NGXCubinGeneric::CollectGarbage:1177] Releasing resource 0x1d5ff627a10 (nv.ngx.dlssg.dlfg_network_resource)

[2026-10-05 22:39:15] [tid:1188488][NGXCubinGeneric::CollectGarbage:1177] Releasing resource 0x1d5ff6255e0 (nv.ngx.dlssg.dlfg_network_resource)

[2026-10-05 22:39:15] [tid:1188488][NGXCubinGeneric::CollectGarbage:1177] Releasing resource 0x1d5ff629e40 (nv.ngx.dlssg.dlfg_network_resource)

[2026-10-05 22:39:15] [tid:1188488][NGXCubinGeneric::CollectGarbage:1177] Releasing resource 0x1d595ada4c0 (nv.ngx.dlssg.dlfg_network_resource)

[2026-10-05 22:39:15] [tid:1188488][NGXCubinGeneric::CollectGarbage:1177] Releasing resource 0x1d595ad8090 (nv.ngx.dlssg.dlfg_network_resource)

[2026-10-05 22:39:15] [tid:1188488][NGXCubinGeneric::CollectGarbage:1177] Releasing resource 0x1d595adbce0 (nv.ngx.dlssg.dlfg_network_resource)

[2026-10-05 22:39:15] [tid:1188488][NGXCubinGeneric::CollectGarbage:1177] Releasing resource 0x1d595aded20 (nv.ngx.dlssg.dlfg_network_resource)

[2026-10-05 22:39:15] [tid:1188488][NGXCubinGeneric::CollectGarbage:1177] Releasing resource 0x1d595add500 (nv.ngx.dlssg.dlfg_network_resource)

[2026-10-05 22:39:15] [tid:1188488][NGXCubinGeneric::CollectGarbage:1177] Releasing resource 0x1d595adc8f0 (nv.ngx.dlssg.dlfg_network_resource)

[2026-10-05 22:39:15] [tid:1188488][NGXCubinGeneric::CollectGarbage:1177] Releasing resource 0x1d595ae1150 (nv.ngx.dlssg.dlfg_network_resource)

[2026-10-05 22:39:15] [tid:1188488][NGXCubinGeneric::CollectGarbage:1177] Releasing resource 0x1d595ae2970 (nv.ngx.dlssg.dlfg_network_resource)

[2026-10-05 22:39:15] [tid:1188488][NGXCubinGeneric::CollectGarbage:1177] Releasing resource 0x1d595ae65c0 (nv.ngx.dlssg.dlfg_network_resource)

[2026-10-05 22:39:15] [tid:1188488][NGXCubinGeneric::CollectGarbage:1177] Releasing resource 0x1d595ae71d0 (nv.ngx.dlssg.dlfg_network_resource)

[2026-10-05 22:39:15] [tid:1188488][NGXCubinGeneric::CollectGarbage:1177] Releasing resource 0x1d59580ab20 (nv.ngx.dlssg.dlfg_network_resource)

[2026-10-05 22:39:15] [tid:1188488][NGXCubinGeneric::CollectGarbage:1177] Releasing resource 0x1d59580c340 (nv.ngx.dlssg.dlfg_network_resource)

[2026-10-05 22:39:15] [tid:1188488][NGXCubinGeneric::CollectGarbage:1177] Releasing resource 0x1d59580cf50 (nv.ngx.dlssg.dlfg_network_resource)

[2026-10-05 22:39:15] [tid:1188488][NGXCubinGeneric::CollectGarbage:1177] Releasing resource 0x1d5822520a0 (nv.ngx.dlssg.dlfg_network_resource)

[2026-10-05 22:39:15] [tid:1188488][NGXCubinGeneric::CollectGarbage:1177] Releasing resource 0x1d5958123c0 (nv.ngx.dlssg.dlfg_network_resource)

[2026-10-05 22:39:15] [tid:1188488][NGXCubinGeneric::CollectGarbage:1177] Releasing resource 0x1d595810ba0 (nv.ngx.dlssg.dlfg_network_resource)

[2026-10-05 22:39:15] [tid:1188488][NGXCubinGeneric::CollectGarbage:1177] Releasing resource 0x1d5956b62d0 (nv.ngx.dlssg.dlfg_network_resource)

[2026-10-05 22:39:15] [tid:1188488][NGXCubinGeneric::CollectGarbage:1177] Releasing resource 0x1d595816010 (nv.ngx.dlssg.dlfg_network_resource)

[2026-10-05 22:39:15] [tid:1188488][NGXCubinGeneric::CollectGarbage:1177] Releasing resource 0x1d595813be0 (nv.ngx.dlssg.dlfg_network_resource)

[2026-10-05 22:39:15] [tid:1188488][NGXCubinGeneric::CollectGarbage:1177] Releasing resource 0x1d595816c20 (nv.ngx.dlssg.dlfg_network_resource)

[2026-10-05 22:39:15] [tid:1188488][NGXCubinGeneric::CollectGarbage:1177] Releasing resource 0x1d595817830 (nv.ngx.dlssg.dlfg_network_resource)

[2026-10-05 22:39:15] [tid:1188488][NGXCubinGeneric::CollectGarbage:1177] Releasing resource 0x1d5958147f0 (nv.ngx.dlssg.dlfg_network_resource)

[2026-10-05 22:39:15] [tid:1188488][NGXCubinGeneric::CollectGarbage:1177] Releasing resource 0x1d59568d1f0 (nv.ngx.dlssg.dlfg_network_resource)

[2026-10-05 22:39:15] [tid:1188488][NGXCubinGeneric::CollectGarbage:1177] Releasing resource 0x1d59568adc0 (nv.ngx.dlssg.dlfg_network_resource)

[2026-10-05 22:39:15] [tid:1188488][NGXCubinGeneric::CollectGarbage:1177] Releasing resource 0x1d59568f620 (nv.ngx.dlssg.dlfg_network_resource)

[2026-10-05 22:39:15] [tid:1188488][NGXCubinGeneric::CollectGarbage:1177] Releasing resource 0x1d59568de00 (nv.ngx.dlssg.dlfg_network_resource)

[2026-10-05 22:39:15] [tid:1188488][NGXCubinGeneric::CollectGarbage:1177] Releasing resource 0x1d595691a50 (nv.ngx.dlssg.dlfg_network_resource)

[2026-10-05 22:39:15] [tid:1188488][NGXCubinGeneric::CollectGarbage:1177] Releasing resource 0x1d595694a90 (nv.ngx.dlssg.dlfg_network_resource)

[2026-10-05 22:39:15] [tid:1188488][NGXCubinGeneric::CollectGarbage:1177] Releasing resource 0x1d595696ec0 (nv.ngx.dlssg.dlfg_network_resource)

[2026-10-05 22:39:15] [tid:1188488][NGXCubinGeneric::CollectGarbage:1177] Releasing resource 0x1d5956956a0 (nv.ngx.dlssg.dlfg_network_resource)

[2026-10-05 22:39:15] [tid:1188488][NGXCubinGeneric::CollectGarbage:1177] Releasing resource 0x1d5956992f0 (nv.ngx.dlssg.dlfg_network_resource)

[2026-10-05 22:39:15] [tid:1188488][NGXCubinGeneric::CollectGarbage:1177] Releasing resource 0x1d59569c5f0 (nv.ngx.dlssg.dlfg_network_resource)

[2026-10-05 22:39:15] [tid:1188488][NGXCubinGeneric::CollectGarbage:1177] Releasing resource 0x1d59569de10 (nv.ngx.dlssg.dlfg_network_resource)

[2026-10-05 22:39:15] [tid:1188488][NGXCubinGeneric::CollectGarbage:1177] Releasing resource 0x1d59569ea20 (nv.ngx.dlssg.dlfg_network_resource)

[2026-10-05 22:39:15] [tid:1188488][NGXCubinGeneric::CollectGarbage:1177] Releasing resource 0x1d5956a2670 (nv.ngx.dlssg.dlfg_network_resource)

[2026-10-05 22:39:15] [tid:1188488][NGXCubinGeneric::CollectGarbage:1177] Releasing resource 0x1d5956a56b0 (nv.ngx.dlssg.dlfg_network_resource)

[2026-10-05 22:39:15] [tid:1188488][NGXCubinGeneric::CollectGarbage:1177] Releasing resource 0x1d5956a62c0 (nv.ngx.dlssg.dlfg_network_resource)

[2026-10-05 22:39:15] [tid:1188488][NGXCubinGeneric::CollectGarbage:1177] Releasing resource 0x1d5956a3e90 (nv.ngx.dlssg.dlfg_network_resource)

[2026-10-05 22:39:15] [tid:1188488][NGXCubinGeneric::CollectGarbage:1177] Releasing resource 0x1d581d491c0 (nv.ngx.dlssg.dlfg_network_resource)

[2026-10-05 22:39:15] [tid:1188488][NGXCubinGeneric::CollectGarbage:1177] Releasing resource 0x1d5956a9f10 (nv.ngx.dlssg.dlfg_network_resource)

[2026-10-05 22:39:15] [tid:1188488][NGXCubinGeneric::CollectGarbage:1177] Releasing resource 0x1d5956aade0 (nv.ngx.dlssg.dlfg_network_resource)

[2026-10-05 22:39:15] [tid:1188488][NGXCubinGeneric::CollectGarbage:1177] Releasing resource 0x1d5956ac600 (nv.ngx.dlssg.dlfg_network_resource)

[2026-10-05 22:39:15] [tid:1188488][NGXCubinGeneric::CollectGarbage:1177] Releasing resource 0x1d5956aea30 (nv.ngx.dlssg.dlfg_network_resource)

[2026-10-05 22:39:15] [tid:1188488][NGXCubinGeneric::CollectGarbage:1177] Releasing resource 0x1d5956b0e60 (nv.ngx.dlssg.dlfg_network_resource)

[2026-10-05 22:39:15] [tid:1188488][NGXCubinGeneric::CollectGarbage:1177] Releasing resource 0x1d5956b2680 (nv.ngx.dlssg.dlfg_network_resource)

[2026-10-05 22:39:15] [tid:1188488][NGXCubinGeneric::CollectGarbage:1177] Releasing resource 0x1d5956b0250 (nv.ngx.dlssg.dlfg_network_resource)

[2026-10-05 22:39:15] [tid:1188488][NGXCubinGeneric::CollectGarbage:1177] Releasing resource 0x1d5956b7af0 (nv.ngx.dlssg.dlfg_network_resource)

[2026-10-05 22:39:15] [tid:1188488][NGXCubinGeneric::CollectGarbage:1177] Releasing resource 0x1d5956b8700 (nv.ngx.dlssg.dlfg_network_resource)

[2026-10-05 22:39:15] [tid:1188488][NGXCubinGeneric::CollectGarbage:1177] Releasing resource 0x1d581d43d50 (nv.ngx.dlssg.dlfg_network_resource)

[2026-10-05 22:39:15] [tid:1188488][NGXCubinGeneric::CollectGarbage:1177] Releasing resource 0x1d581d45570 (nv.ngx.dlssg.dlfg_network_resource)

[2026-10-05 22:39:15] [tid:1188488][NGXCubinGeneric::CollectGarbage:1177] Releasing resource 0x1d581d4a9e0 (nv.ngx.dlssg.dlfg_network_resource)

[2026-10-05 22:39:15] [tid:1188488][NGXCubinGeneric::CollectGarbage:1177] Releasing resource 0x1d581d4f240 (nv.ngx.dlssg.dlfg_network_resource)

[2026-10-05 22:39:15] [tid:1188488][NGXCubinGeneric::CollectGarbage:1177] Releasing resource 0x1d581d4c200 (nv.ngx.dlssg.dlfg_network_resource)

[2026-10-05 22:39:15] [tid:1188488][NGXCubinGeneric::CollectGarbage:1177] Releasing resource 0x1d581d4ce10 (nv.ngx.dlssg.dlfg_network_resource)

[2026-10-05 22:39:15] [tid:1188488][NGXCubinGeneric::CollectGarbage:1177] Releasing resource 0x1d581d51670 (nv.ngx.dlssg.dlfg_network_resource)

[2026-10-05 22:39:15] [tid:1188488][NGXCubinGeneric::CollectGarbage:1177] Releasing resource 0x1d582250880 (nv.ngx.dlssg.dlfg_network_resource)

[2026-10-05 22:39:15] [tid:1188488][NGXCubinGeneric::CollectGarbage:1177] Releasing resource 0x1d58224f060 (nv.ngx.dlssg.dlfg_network_resource)

[2026-10-05 22:39:15] [tid:1188488][NGXCubinGeneric::CollectGarbage:1177] Releasing resource 0x1d582252cb0 (nv.ngx.dlssg.dlfg_network_resource)

[2026-10-05 22:39:15] [tid:1188488][NGXCubinGeneric::CollectGarbage:1177] Releasing resource 0x1d5822538c0 (nv.ngx.dlssg.dlfg_network_resource)

[2026-10-05 22:39:15] [tid:1188488][NGXCubinGeneric::CollectGarbage:1177] Releasing resource 0x1d5822544d0 (nv.ngx.dlssg.dlfg_network_resource)

[2026-10-05 22:39:15] [tid:1188488][NGXCubinGeneric::CollectGarbage:1184] Releasing resource 0x0 (Unknown)

[2026-10-05 22:39:15] [tid:1188488][NGXCubinGeneric::CollectGarbage:1184] Releasing resource 0x0 (Unknown)

[2026-10-05 22:39:15] [tid:1188488][NGXCubinGeneric::Shutdown:281] Delayed destroy resource list count 0

[2026-10-05 22:39:15] [NGXStoreCallToReleaseFeature:1714] Stored release feature dlssg handle 2

[2026-10-05 22:39:15] [NVSDK_NGX_CreateFeature_Validate:731] app id is 141959980 

[2026-10-05 22:39:15] [tid:1188488][NGXCubinD3D12::ProcessParameters:1424] Resources managed by host: false

[2026-10-05 22:39:15] [tid:1188488][NGXCubinD3D12::Init:135] Enabling texmode_raw

[2026-10-05 22:39:15] [tid:1188488][NGXCubinD3D12::Init:147] Enabling CuModule kernel path (load fatbin once, resolve entry points)

[2026-10-05 22:39:15] [tid:1188488][NGXCubinD3D12::Init:152] Build - PRODUCTION

[2026-10-05 22:39:15] [tid:1188488][NGXCubinD3D12::Init:156] GPU nodes 1 - visible node mask 1

[2026-10-05 22:39:15] [tid:1188488][NGXCubinKernelMap::InitCubins:42] Loading NGXCubin kernels

[2026-10-05 22:39:15] [tid:1188488][NGXCubinGeneric::SetGPUArch:473] m_gpuArch = 0x170

[2026-10-05 22:39:15] [tid:1188488][NGXCubinGeneric::genericPostInit:164] Fast UAV clear: supported

[2026-10-05 22:39:15] [tid:1188488][NGXCubinD3D12::ProcessParameters:1424] Resources managed by host: false

[2026-10-05 22:39:15] [tid:1188488][EndpointCoreCreateParameters::ParseNGXParameters:82] Creating feature using NVSDK_NGX_DLSSG_Parameter_Width/Height

[2026-10-05 22:39:15] [tid:1188488][EndpointConfiguration::ParseNGXParametersCreateTime:50] NVSDK_NGX_DLSSG_Parameter_UserInterfaceRecompositionEnabled: (false)

[2026-10-05 22:39:15] [tid:1188488][NGXCubinGeneric::CreateTexture2DResourceShared:1022] CUBIN 2D alloc (dlfg_resource), m_allocCount=1, currentSize 0.9 MB, totalSize 0.9 MB

[2026-10-05 22:39:15] [tid:1188488][ResourceName::getPublicName:679] ProductionResourceName: 'nv.ngx.dlssg.resource'

[2026-10-05 22:39:15] [tid:1188488][NGXCubinD3D12::SetResourceName:1083] D3D12 SetResourceName: nv.ngx.dlssg.resource

[2026-10-05 22:39:15] [tid:1188488][NGXCubinGeneric::CreateTexture2DResourceShared:1022] CUBIN 2D alloc (dlfg_resource), m_allocCount=2, currentSize 0.9 MB, totalSize 1.8 MB

[2026-10-05 22:39:15] [tid:1188488][ResourceName::getPublicName:679] ProductionResourceName: 'nv.ngx.dlssg.resource'

[2026-10-05 22:39:15] [tid:1188488][NGXCubinD3D12::SetResourceName:1083] D3D12 SetResourceName: nv.ngx.dlssg.resource

[2026-10-05 22:39:15] [tid:1188488][NGXCubinGeneric::CreateTexture2DResourceShared:1022] CUBIN 2D alloc (dlfg_resource), m_allocCount=3, currentSize 7.0 MB, totalSize 8.8 MB

[2026-10-05 22:39:15] [tid:1188488][ResourceName::getPublicName:679] ProductionResourceName: 'nv.ngx.dlssg.resource'

[2026-10-05 22:39:15] [tid:1188488][NGXCubinD3D12::SetResourceName:1083] D3D12 SetResourceName: nv.ngx.dlssg.resource

[2026-10-05 22:39:15] [tid:1188488][NGXCubinGeneric::CreateTexture2DResourceShared:1022] CUBIN 2D alloc (dlfg_resource), m_allocCount=4, currentSize 7.0 MB, totalSize 15.8 MB

[2026-10-05 22:39:15] [tid:1188488][ResourceName::getPublicName:679] ProductionResourceName: 'nv.ngx.dlssg.resource'

[2026-10-05 22:39:15] [tid:1188488][NGXCubinD3D12::SetResourceName:1083] D3D12 SetResourceName: nv.ngx.dlssg.resource

[2026-10-05 22:39:15] [tid:1188488][NGXCubinGeneric::CreateTexture2DResourceShared:1022] CUBIN 2D alloc (dlfg_resource), m_allocCount=5, currentSize 7.0 MB, totalSize 22.9 MB

[2026-10-05 22:39:15] [tid:1188488][ResourceName::getPublicName:679] ProductionResourceName: 'nv.ngx.dlssg.resource'

[2026-10-05 22:39:15] [tid:1188488][NGXCubinD3D12::SetResourceName:1083] D3D12 SetResourceName: nv.ngx.dlssg.resource

[2026-10-05 22:39:15] [tid:1188488][NGXCubinGeneric::CreateTexture2DResourceShared:1022] CUBIN 2D alloc (dlfg_resource), m_allocCount=6, currentSize 7.0 MB, totalSize 29.9 MB

[2026-10-05 22:39:15] [tid:1188488][ResourceName::getPublicName:679] ProductionResourceName: 'nv.ngx.dlssg.resource'

[2026-10-05 22:39:15] [tid:1188488][NGXCubinD3D12::SetResourceName:1083] D3D12 SetResourceName: nv.ngx.dlssg.resource

[2026-10-05 22:39:15] [tid:1188488][NGXCubinGeneric::CreateTexture2DResourceShared:1022] CUBIN 2D alloc (dlfg_resource), m_allocCount=7, currentSize 1.8 MB, totalSize 31.6 MB

[2026-10-05 22:39:15] [tid:1188488][ResourceName::getPublicName:679] ProductionResourceName: 'nv.ngx.dlssg.resource'

[2026-10-05 22:39:15] [tid:1188488][NGXCubinD3D12::SetResourceName:1083] D3D12 SetResourceName: nv.ngx.dlssg.resource

[2026-10-05 22:39:15] [tid:1188488][NGXCubinGeneric::CreateTexture2DResourceShared:1022] CUBIN 2D alloc (dlfg_resource), m_allocCount=8, currentSize 0.9 MB, totalSize 32.5 MB

[2026-10-05 22:39:15] [tid:1188488][ResourceName::getPublicName:679] ProductionResourceName: 'nv.ngx.dlssg.resource'

[2026-10-05 22:39:15] [tid:1188488][NGXCubinD3D12::SetResourceName:1083] D3D12 SetResourceName: nv.ngx.dlssg.resource

[2026-10-05 22:39:15] [tid:1188488][NGXCubinGeneric::CreateTexture2DResourceShared:1022] CUBIN 2D alloc (dlfg_resource), m_allocCount=9, currentSize 0.9 MB, totalSize 33.4 MB

[2026-10-05 22:39:15] [tid:1188488][ResourceName::getPublicName:679] ProductionResourceName: 'nv.ngx.dlssg.resource'

[2026-10-05 22:39:15] [tid:1188488][NGXCubinD3D12::SetResourceName:1083] D3D12 SetResourceName: nv.ngx.dlssg.resource

[2026-10-05 22:39:15] [tid:1188488][NGXCubinGeneric::CreateTexture2DResourceShared:1022] CUBIN 2D alloc (dlfg_resource), m_allocCount=10, currentSize 0.9 MB, totalSize 34.3 MB

[2026-10-05 22:39:15] [tid:1188488][ResourceName::getPublicName:679] ProductionResourceName: 'nv.ngx.dlssg.resource'

[2026-10-05 22:39:15] [tid:1188488][NGXCubinD3D12::SetResourceName:1083] D3D12 SetResourceName: nv.ngx.dlssg.resource

[2026-10-05 22:39:15] [tid:1188488][NGXCubinGeneric::CreateBufferResource:822] CUBIN 1D alloc (dlfg_resource), m_allocCount=11, currentSize 0.0 MB, totalSize 34.3 MB

[2026-10-05 22:39:15] [tid:1188488][ResourceName::getPublicName:679] ProductionResourceName: 'nv.ngx.dlssg.resource'

[2026-10-05 22:39:15] [tid:1188488][NGXCubinD3D12::SetResourceName:1083] D3D12 SetResourceName: nv.ngx.dlssg.resource

[2026-10-05 22:39:15] [tid:1188488][NGXCubinGeneric::CreateTexture2DResourceShared:1022] CUBIN 2D alloc (dlfg_resource), m_allocCount=12, currentSize 0.9 MB, totalSize 35.2 MB

[2026-10-05 22:39:15] [tid:1188488][ResourceName::getPublicName:679] ProductionResourceName: 'nv.ngx.dlssg.resource'

[2026-10-05 22:39:15] [tid:1188488][NGXCubinD3D12::SetResourceName:1083] D3D12 SetResourceName: nv.ngx.dlssg.resource

[2026-10-05 22:39:15] [tid:1188488][NGXCubinGeneric::CreateTexture2DResourceShared:1022] CUBIN 2D alloc (dlfg_resource), m_allocCount=13, currentSize 0.9 MB, totalSize 36.0 MB

[2026-10-05 22:39:15] [tid:1188488][ResourceName::getPublicName:679] ProductionResourceName: 'nv.ngx.dlssg.resource'

[2026-10-05 22:39:15] [tid:1188488][NGXCubinD3D12::SetResourceName:1083] D3D12 SetResourceName: nv.ngx.dlssg.resource

[2026-10-05 22:39:15] [tid:1188488][NGXCubinGeneric::CreateTexture2DResourceShared:1022] CUBIN 2D alloc (dlfg_resource), m_allocCount=14, currentSize 0.9 MB, totalSize 36.9 MB

[2026-10-05 22:39:15] [tid:1188488][ResourceName::getPublicName:679] ProductionResourceName: 'nv.ngx.dlssg.resource'

[2026-10-05 22:39:15] [tid:1188488][NGXCubinD3D12::SetResourceName:1083] D3D12 SetResourceName: nv.ngx.dlssg.resource

[2026-10-05 22:39:15] [tid:1188488][NGXCubinGeneric::CreateTexture2DResourceShared:1022] CUBIN 2D alloc (dlfg_resource), m_allocCount=15, currentSize 0.2 MB, totalSize 37.1 MB

[2026-10-05 22:39:15] [tid:1188488][ResourceName::getPublicName:679] ProductionResourceName: 'nv.ngx.dlssg.resource'

[2026-10-05 22:39:15] [tid:1188488][NGXCubinD3D12::SetResourceName:1083] D3D12 SetResourceName: nv.ngx.dlssg.resource

[2026-10-05 22:39:15] [tid:1188488][NGXCubinGeneric::CreateTexture2DResourceShared:1022] CUBIN 2D alloc (dlfg_resource), m_allocCount=16, currentSize 0.2 MB, totalSize 37.4 MB

[2026-10-05 22:39:15] [tid:1188488][ResourceName::getPublicName:679] ProductionResourceName: 'nv.ngx.dlssg.resource'

[2026-10-05 22:39:15] [tid:1188488][NGXCubinD3D12::SetResourceName:1083] D3D12 SetResourceName: nv.ngx.dlssg.resource

[2026-10-05 22:39:15] [tid:1188488][NGXCubinGeneric::CreateTexture2DResourceShared:1022] CUBIN 2D alloc (dlfg_resource), m_allocCount=17, currentSize 0.2 MB, totalSize 37.6 MB

[2026-10-05 22:39:15] [tid:1188488][ResourceName::getPublicName:679] ProductionResourceName: 'nv.ngx.dlssg.resource'

[2026-10-05 22:39:15] [tid:1188488][NGXCubinD3D12::SetResourceName:1083] D3D12 SetResourceName: nv.ngx.dlssg.resource

[2026-10-05 22:39:15] [tid:1188488][NGXCubinGeneric::CreateTexture2DResourceShared:1022] CUBIN 2D alloc (dlfg_resource), m_allocCount=18, currentSize 1.8 MB, totalSize 39.3 MB

[2026-10-05 22:39:15] [tid:1188488][ResourceName::getPublicName:679] ProductionResourceName: 'nv.ngx.dlssg.resource'

[2026-10-05 22:39:15] [tid:1188488][NGXCubinD3D12::SetResourceName:1083] D3D12 SetResourceName: nv.ngx.dlssg.resource

[2026-10-05 22:39:15] [tid:1188488][NGXCubinGeneric::CreateTexture2DResourceShared:1022] CUBIN 2D alloc (dlfg_resource), m_allocCount=19, currentSize 1.8 MB, totalSize 41.1 MB

[2026-10-05 22:39:15] [tid:1188488][ResourceName::getPublicName:679] ProductionResourceName: 'nv.ngx.dlssg.resource'

[2026-10-05 22:39:15] [tid:1188488][NGXCubinD3D12::SetResourceName:1083] D3D12 SetResourceName: nv.ngx.dlssg.resource

[2026-10-05 22:39:15] [tid:1188488][NGXCubinGeneric::CreateBufferResource:822] CUBIN 1D alloc (dlfg_resource), m_allocCount=20, currentSize 1.8 MB, totalSize 42.8 MB

[2026-10-05 22:39:15] [tid:1188488][ResourceName::getPublicName:679] ProductionResourceName: 'nv.ngx.dlssg.resource'

[2026-10-05 22:39:15] [tid:1188488][NGXCubinD3D12::SetResourceName:1083] D3D12 SetResourceName: nv.ngx.dlssg.resource

[2026-10-05 22:39:15] [tid:1188488][NGXCubinGeneric::CreateBufferResource:822] CUBIN 1D alloc (dlfg_resource), m_allocCount=21, currentSize 1.8 MB, totalSize 44.6 MB

[2026-10-05 22:39:15] [tid:1188488][ResourceName::getPublicName:679] ProductionResourceName: 'nv.ngx.dlssg.resource'

[2026-10-05 22:39:15] [tid:1188488][NGXCubinD3D12::SetResourceName:1083] D3D12 SetResourceName: nv.ngx.dlssg.resource

[2026-10-05 22:39:15] [tid:1188488][NGXCubinGeneric::CreateBufferResource:822] CUBIN 1D alloc (dlfg_resource), m_allocCount=22, currentSize 0.2 MB, totalSize 44.8 MB

[2026-10-05 22:39:15] [tid:1188488][ResourceName::getPublicName:679] ProductionResourceName: 'nv.ngx.dlssg.resource'

[2026-10-05 22:39:15] [tid:1188488][NGXCubinD3D12::SetResourceName:1083] D3D12 SetResourceName: nv.ngx.dlssg.resource

[2026-10-05 22:39:15] [tid:1188488][NGXCubinGeneric::CreateBufferResource:822] CUBIN 1D alloc (dlfg_resource), m_allocCount=23, currentSize 0.3 MB, totalSize 45.2 MB

[2026-10-05 22:39:15] [tid:1188488][ResourceName::getPublicName:679] ProductionResourceName: 'nv.ngx.dlssg.resource'

[2026-10-05 22:39:15] [tid:1188488][NGXCubinD3D12::SetResourceName:1083] D3D12 SetResourceName: nv.ngx.dlssg.resource

[2026-10-05 22:39:15] [tid:1188488][NGXCubinGeneric::CreateTexture2DResourceShared:1022] CUBIN 2D alloc (dlfg_resource), m_allocCount=24, currentSize 1.8 MB, totalSize 46.9 MB

[2026-10-05 22:39:15] [tid:1188488][ResourceName::getPublicName:679] ProductionResourceName: 'nv.ngx.dlssg.resource'

[2026-10-05 22:39:15] [tid:1188488][NGXCubinD3D12::SetResourceName:1083] D3D12 SetResourceName: nv.ngx.dlssg.resource

[2026-10-05 22:39:15] [tid:1188488][NGXCubinGeneric::CreateTexture2DResourceShared:1022] CUBIN 2D alloc (dlfg_resource), m_allocCount=25, currentSize 1.8 MB, totalSize 48.7 MB

[2026-10-05 22:39:15] [tid:1188488][ResourceName::getPublicName:679] ProductionResourceName: 'nv.ngx.dlssg.resource'

[2026-10-05 22:39:15] [tid:1188488][NGXCubinD3D12::SetResourceName:1083] D3D12 SetResourceName: nv.ngx.dlssg.resource

[2026-10-05 22:39:15] [tid:1188488][NGXCubinGeneric::CreateTexture2DResourceShared:1022] CUBIN 2D alloc (dlfg_resource), m_allocCount=26, currentSize 0.9 MB, totalSize 49.5 MB

[2026-10-05 22:39:15] [tid:1188488][ResourceName::getPublicName:679] ProductionResourceName: 'nv.ngx.dlssg.resource'

[2026-10-05 22:39:15] [tid:1188488][NGXCubinD3D12::SetResourceName:1083] D3D12 SetResourceName: nv.ngx.dlssg.resource

[2026-10-05 22:39:15] [tid:1188488][NGXCubinGeneric::CreateTexture2DResourceShared:1022] CUBIN 2D alloc (dlfg_resource), m_allocCount=27, currentSize 0.9 MB, totalSize 50.4 MB

[2026-10-05 22:39:15] [tid:1188488][ResourceName::getPublicName:679] ProductionResourceName: 'nv.ngx.dlssg.resource'

[2026-10-05 22:39:15] [tid:1188488][NGXCubinD3D12::SetResourceName:1083] D3D12 SetResourceName: nv.ngx.dlssg.resource

[2026-10-05 22:39:15] [tid:1188488][NGXCubinGeneric::CreateTexture2DResourceShared:1022] CUBIN 2D alloc (dlfg_resource), m_allocCount=28, currentSize 0.9 MB, totalSize 51.3 MB

[2026-10-05 22:39:15] [tid:1188488][ResourceName::getPublicName:679] ProductionResourceName: 'nv.ngx.dlssg.resource'

[2026-10-05 22:39:15] [tid:1188488][NGXCubinD3D12::SetResourceName:1083] D3D12 SetResourceName: nv.ngx.dlssg.resource

[2026-10-05 22:39:15] [tid:1188488][NGXCubinGeneric::CreateTexture2DResourceShared:1022] CUBIN 2D alloc (dlfg_resource), m_allocCount=29, currentSize 0.4 MB, totalSize 51.7 MB

[2026-10-05 22:39:15] [tid:1188488][ResourceName::getPublicName:679] ProductionResourceName: 'nv.ngx.dlssg.resource'

[2026-10-05 22:39:15] [tid:1188488][NGXCubinD3D12::SetResourceName:1083] D3D12 SetResourceName: nv.ngx.dlssg.resource

[2026-10-05 22:39:15] [tid:1188488][NGXCubinGeneric::CreateTexture2DResourceShared:1022] CUBIN 2D alloc (dlfg_resource), m_allocCount=30, currentSize 0.4 MB, totalSize 52.2 MB

[2026-10-05 22:39:15] [tid:1188488][ResourceName::getPublicName:679] ProductionResourceName: 'nv.ngx.dlssg.resource'

[2026-10-05 22:39:15] [tid:1188488][NGXCubinD3D12::SetResourceName:1083] D3D12 SetResourceName: nv.ngx.dlssg.resource

[2026-10-05 22:39:15] [tid:1188488][NGXCubinGeneric::CreateTexture2DResourceShared:1022] CUBIN 2D alloc (dlfg_resource), m_allocCount=31, currentSize 0.2 MB, totalSize 52.4 MB

[2026-10-05 22:39:15] [tid:1188488][ResourceName::getPublicName:679] ProductionResourceName: 'nv.ngx.dlssg.resource'

[2026-10-05 22:39:15] [tid:1188488][NGXCubinD3D12::SetResourceName:1083] D3D12 SetResourceName: nv.ngx.dlssg.resource

[2026-10-05 22:39:15] [tid:1188488][NGXCubinGeneric::CreateTexture2DResourceShared:1022] CUBIN 2D alloc (dlfg_resource), m_allocCount=32, currentSize 0.2 MB, totalSize 52.6 MB

[2026-10-05 22:39:15] [tid:1188488][ResourceName::getPublicName:679] ProductionResourceName: 'nv.ngx.dlssg.resource'

[2026-10-05 22:39:15] [tid:1188488][NGXCubinD3D12::SetResourceName:1083] D3D12 SetResourceName: nv.ngx.dlssg.resource

[2026-10-05 22:39:15] [tid:1188488][NGXCubinGeneric::CreateTexture2DResourceShared:1022] CUBIN 2D alloc (dlfg_resource), m_allocCount=33, currentSize 0.2 MB, totalSize 52.8 MB

[2026-10-05 22:39:15] [tid:1188488][ResourceName::getPublicName:679] ProductionResourceName: 'nv.ngx.dlssg.resource'

[2026-10-05 22:39:15] [tid:1188488][NGXCubinD3D12::SetResourceName:1083] D3D12 SetResourceName: nv.ngx.dlssg.resource

[2026-10-05 22:39:15] [tid:1188488][NGXCubinGeneric::CreateTexture2DResourceShared:1022] CUBIN 2D alloc (dlfg_resource), m_allocCount=34, currentSize 0.2 MB, totalSize 53.1 MB

[2026-10-05 22:39:15] [tid:1188488][ResourceName::getPublicName:679] ProductionResourceName: 'nv.ngx.dlssg.resource'

[2026-10-05 22:39:15] [tid:1188488][NGXCubinD3D12::SetResourceName:1083] D3D12 SetResourceName: nv.ngx.dlssg.resource

[2026-10-05 22:39:15] [tid:1188488][NGXCubinGeneric::CreateTexture2DResourceShared:1022] CUBIN 2D alloc (dlfg_resource), m_allocCount=35, currentSize 0.2 MB, totalSize 53.3 MB

[2026-10-05 22:39:15] [tid:1188488][ResourceName::getPublicName:679] ProductionResourceName: 'nv.ngx.dlssg.resource'

[2026-10-05 22:39:15] [tid:1188488][NGXCubinD3D12::SetResourceName:1083] D3D12 SetResourceName: nv.ngx.dlssg.resource

[2026-10-05 22:39:15] [tid:1188488][NGXCubinGeneric::CreateBufferResource:822] CUBIN 1D alloc (dlfg_resource), m_allocCount=36, currentSize 1.9 MB, totalSize 55.2 MB

[2026-10-05 22:39:15] [tid:1188488][ResourceName::getPublicName:679] ProductionResourceName: 'nv.ngx.dlssg.resource'

[2026-10-05 22:39:15] [tid:1188488][NGXCubinD3D12::SetResourceName:1083] D3D12 SetResourceName: nv.ngx.dlssg.resource

[2026-10-05 22:39:15] [tid:1188488][NGXCubinGeneric::CreateBufferResource:822] CUBIN 1D alloc (dlfg_resource), m_allocCount=37, currentSize 5.6 MB, totalSize 60.8 MB

[2026-10-05 22:39:15] [tid:1188488][ResourceName::getPublicName:679] ProductionResourceName: 'nv.ngx.dlssg.resource'

[2026-10-05 22:39:15] [tid:1188488][NGXCubinD3D12::SetResourceName:1083] D3D12 SetResourceName: nv.ngx.dlssg.resource

[2026-10-05 22:39:15] [tid:1188488][NGXCubinGeneric::CreateBufferResource:822] CUBIN 1D alloc (dlfg_resource), m_allocCount=38, currentSize 1.8 MB, totalSize 62.6 MB

[2026-10-05 22:39:15] [tid:1188488][ResourceName::getPublicName:679] ProductionResourceName: 'nv.ngx.dlssg.resource'

[2026-10-05 22:39:15] [tid:1188488][NGXCubinD3D12::SetResourceName:1083] D3D12 SetResourceName: nv.ngx.dlssg.resource

[2026-10-05 22:39:15] [tid:1188488][NGXCubinGeneric::CreateBufferResource:822] CUBIN 1D alloc (dlfg_resource), m_allocCount=39, currentSize 1.8 MB, totalSize 64.4 MB

[2026-10-05 22:39:15] [tid:1188488][ResourceName::getPublicName:679] ProductionResourceName: 'nv.ngx.dlssg.resource'

[2026-10-05 22:39:15] [tid:1188488][NGXCubinD3D12::SetResourceName:1083] D3D12 SetResourceName: nv.ngx.dlssg.resource

[2026-10-05 22:39:15] [tid:1188488][NGXCubinGeneric::CreateBufferResource:822] CUBIN 1D alloc (dlfg_resource), m_allocCount=40, currentSize 0.0 MB, totalSize 64.4 MB

[2026-10-05 22:39:15] [tid:1188488][ResourceName::getPublicName:679] ProductionResourceName: 'nv.ngx.dlssg.resource'

[2026-10-05 22:39:15] [tid:1188488][NGXCubinD3D12::SetResourceName:1083] D3D12 SetResourceName: nv.ngx.dlssg.resource

[2026-10-05 22:39:15] [tid:1188488][NGXCubinGeneric::CreateBufferResource:822] CUBIN 1D alloc (dlfg_resource), m_allocCount=41, currentSize 0.4 MB, totalSize 64.8 MB

[2026-10-05 22:39:15] [tid:1188488][ResourceName::getPublicName:679] ProductionResourceName: 'nv.ngx.dlssg.resource'

[2026-10-05 22:39:15] [tid:1188488][NGXCubinD3D12::SetResourceName:1083] D3D12 SetResourceName: nv.ngx.dlssg.resource

[2026-10-05 22:39:15] [tid:1188488][NGXCubinGeneric::CreateBufferResource:822] CUBIN 1D alloc (dlfg_resource), m_allocCount=42, currentSize 3.6 MB, totalSize 68.4 MB

[2026-10-05 22:39:15] [tid:1188488][ResourceName::getPublicName:679] ProductionResourceName: 'nv.ngx.dlssg.resource'

[2026-10-05 22:39:15] [tid:1188488][NGXCubinD3D12::SetResourceName:1083] D3D12 SetResourceName: nv.ngx.dlssg.resource

[2026-10-05 22:39:15] [tid:1188488][NGXCubinGeneric::CreateBufferResource:822] CUBIN 1D alloc (dlfg_resource), m_allocCount=43, currentSize 0.1 MB, totalSize 68.5 MB

[2026-10-05 22:39:15] [tid:1188488][ResourceName::getPublicName:679] ProductionResourceName: 'nv.ngx.dlssg.resource'

[2026-10-05 22:39:15] [tid:1188488][NGXCubinD3D12::SetResourceName:1083] D3D12 SetResourceName: nv.ngx.dlssg.resource

[2026-10-05 22:39:15] [tid:1188488][NGXCubinGeneric::CreateBufferResource:822] CUBIN 1D alloc (dlfg_resource), m_allocCount=44, currentSize 0.0 MB, totalSize 68.5 MB

[2026-10-05 22:39:15] [tid:1188488][ResourceName::getPublicName:679] ProductionResourceName: 'nv.ngx.dlssg.resource'

[2026-10-05 22:39:15] [tid:1188488][NGXCubinD3D12::SetResourceName:1083] D3D12 SetResourceName: nv.ngx.dlssg.resource

[2026-10-05 22:39:15] [tid:1188488][NGXCubinGeneric::CreateBufferResource:822] CUBIN 1D alloc (dlfg_resource), m_allocCount=45, currentSize 0.0 MB, totalSize 68.5 MB

[2026-10-05 22:39:15] [tid:1188488][ResourceName::getPublicName:679] ProductionResourceName: 'nv.ngx.dlssg.resource'

[2026-10-05 22:39:15] [tid:1188488][NGXCubinD3D12::SetResourceName:1083] D3D12 SetResourceName: nv.ngx.dlssg.resource

[2026-10-05 22:39:15] [tid:1188488][NGXCubinGeneric::CreateBufferResource:822] CUBIN 1D alloc (dlfg_resource), m_allocCount=46, currentSize 1.8 MB, totalSize 70.3 MB

[2026-10-05 22:39:15] [tid:1188488][ResourceName::getPublicName:679] ProductionResourceName: 'nv.ngx.dlssg.resource'

[2026-10-05 22:39:15] [tid:1188488][NGXCubinD3D12::SetResourceName:1083] D3D12 SetResourceName: nv.ngx.dlssg.resource

[2026-10-05 22:39:15] [tid:1188488][NGXCubinGeneric::CreateBufferResource:822] CUBIN 1D alloc (dlfg_resource), m_allocCount=47, currentSize 0.0 MB, totalSize 70.3 MB

[2026-10-05 22:39:15] [tid:1188488][ResourceName::getPublicName:679] ProductionResourceName: 'nv.ngx.dlssg.resource'

[2026-10-05 22:39:15] [tid:1188488][NGXCubinD3D12::SetResourceName:1083] D3D12 SetResourceName: nv.ngx.dlssg.resource

[2026-10-05 22:39:15] [tid:1188488][NGXCubinGeneric::CreateBufferResource:822] CUBIN 1D alloc (dlfg_resource), m_allocCount=48, currentSize 0.4 MB, totalSize 70.7 MB

[2026-10-05 22:39:15] [tid:1188488][ResourceName::getPublicName:679] ProductionResourceName: 'nv.ngx.dlssg.resource'

[2026-10-05 22:39:15] [tid:1188488][NGXCubinD3D12::SetResourceName:1083] D3D12 SetResourceName: nv.ngx.dlssg.resource

[2026-10-05 22:39:15] [tid:1188488][NGXCubinGeneric::CreateBufferResource:822] CUBIN 1D alloc (dlfg_resource), m_allocCount=49, currentSize 0.0 MB, totalSize 70.7 MB

[2026-10-05 22:39:15] [tid:1188488][ResourceName::getPublicName:679] ProductionResourceName: 'nv.ngx.dlssg.resource'

[2026-10-05 22:39:15] [tid:1188488][NGXCubinD3D12::SetResourceName:1083] D3D12 SetResourceName: nv.ngx.dlssg.resource

[2026-10-05 22:39:15] [tid:1188488][NGXCubinGeneric::CreateBufferResource:822] CUBIN 1D alloc (dlfg_resource), m_allocCount=50, currentSize 0.1 MB, totalSize 70.8 MB

[2026-10-05 22:39:15] [tid:1188488][ResourceName::getPublicName:679] ProductionResourceName: 'nv.ngx.dlssg.resource'

[2026-10-05 22:39:15] [tid:1188488][NGXCubinD3D12::SetResourceName:1083] D3D12 SetResourceName: nv.ngx.dlssg.resource

[2026-10-05 22:39:15] [tid:1188488][NGXCubinGeneric::CreateBufferResource:822] CUBIN 1D alloc (dlfg_resource), m_allocCount=51, currentSize 0.0 MB, totalSize 70.9 MB

[2026-10-05 22:39:15] [tid:1188488][ResourceName::getPublicName:679] ProductionResourceName: 'nv.ngx.dlssg.resource'

[2026-10-05 22:39:15] [tid:1188488][NGXCubinD3D12::SetResourceName:1083] D3D12 SetResourceName: nv.ngx.dlssg.resource

[2026-10-05 22:39:15] [tid:1188488][NGXCubinGeneric::CreateBufferResource:822] CUBIN 1D alloc (dlfg_resource), m_allocCount=52, currentSize 0.0 MB, totalSize 70.9 MB

[2026-10-05 22:39:15] [tid:1188488][ResourceName::getPublicName:679] ProductionResourceName: 'nv.ngx.dlssg.resource'

[2026-10-05 22:39:15] [tid:1188488][NGXCubinD3D12::SetResourceName:1083] D3D12 SetResourceName: nv.ngx.dlssg.resource

[2026-10-05 22:39:15] [tid:1188488][NGXCubinGeneric::CreateBufferResource:822] CUBIN 1D alloc (dlfg_resource), m_allocCount=53, currentSize 0.0 MB, totalSize 70.9 MB

[2026-10-05 22:39:15] [tid:1188488][ResourceName::getPublicName:679] ProductionResourceName: 'nv.ngx.dlssg.resource'

[2026-10-05 22:39:15] [tid:1188488][NGXCubinD3D12::SetResourceName:1083] D3D12 SetResourceName: nv.ngx.dlssg.resource

[2026-10-05 22:39:15] [tid:1188488][NGXCubinGeneric::CreateBufferResource:822] CUBIN 1D alloc (dlfg_resource), m_allocCount=54, currentSize 0.0 MB, totalSize 70.9 MB

[2026-10-05 22:39:15] [tid:1188488][ResourceName::getPublicName:679] ProductionResourceName: 'nv.ngx.dlssg.resource'

[2026-10-05 22:39:15] [tid:1188488][NGXCubinD3D12::SetResourceName:1083] D3D12 SetResourceName: nv.ngx.dlssg.resource

[2026-10-05 22:39:15] [tid:1188488][NGXCubinGeneric::CreateBufferResource:822] CUBIN 1D alloc (dlfg_resource), m_allocCount=55, currentSize 0.0 MB, totalSize 70.9 MB

[2026-10-05 22:39:15] [tid:1188488][ResourceName::getPublicName:679] ProductionResourceName: 'nv.ngx.dlssg.resource'

[2026-10-05 22:39:15] [tid:1188488][NGXCubinD3D12::SetResourceName:1083] D3D12 SetResourceName: nv.ngx.dlssg.resource

[2026-10-05 22:39:15] [tid:1188488][NGXCubinGeneric::CreateBufferResource:822] CUBIN 1D alloc (dlfg_network_resource), m_allocCount=56, currentSize 3.8 MB, totalSize 74.6 MB

[2026-10-05 22:39:15] [tid:1188488][ResourceName::getPublicName:679] ProductionResourceName: 'nv.ngx.dlssg.resource'

[2026-10-05 22:39:15] [tid:1188488][NGXCubinD3D12::SetResourceName:1083] D3D12 SetResourceName: nv.ngx.dlssg.resource

[2026-10-05 22:39:15] [tid:1188488][NGXCubinGeneric::CreateBufferResource:822] CUBIN 1D alloc (dlfg_network_resource), m_allocCount=57, currentSize 3.8 MB, totalSize 78.4 MB

[2026-10-05 22:39:15] [tid:1188488][ResourceName::getPublicName:679] ProductionResourceName: 'nv.ngx.dlssg.resource'

[2026-10-05 22:39:15] [tid:1188488][NGXCubinD3D12::SetResourceName:1083] D3D12 SetResourceName: nv.ngx.dlssg.resource

[2026-10-05 22:39:15] [tid:1188488][NGXCubinGeneric::CreateBufferResource:822] CUBIN 1D alloc (dlfg_network_resource), m_allocCount=58, currentSize 3.8 MB, totalSize 82.1 MB

[2026-10-05 22:39:15] [tid:1188488][ResourceName::getPublicName:679] ProductionResourceName: 'nv.ngx.dlssg.resource'

[2026-10-05 22:39:15] [tid:1188488][NGXCubinD3D12::SetResourceName:1083] D3D12 SetResourceName: nv.ngx.dlssg.resource

[2026-10-05 22:39:15] [tid:1188488][NGXCubinGeneric::CreateBufferResource:822] CUBIN 1D alloc (dlfg_network_resource), m_allocCount=59, currentSize 1.9 MB, totalSize 84.0 MB

[2026-10-05 22:39:15] [tid:1188488][ResourceName::getPublicName:679] ProductionResourceName: 'nv.ngx.dlssg.resource'

[2026-10-05 22:39:15] [tid:1188488][NGXCubinD3D12::SetResourceName:1083] D3D12 SetResourceName: nv.ngx.dlssg.resource

[2026-10-05 22:39:15] [tid:1188488][NGXCubinGeneric::CreateBufferResource:822] CUBIN 1D alloc (dlfg_network_resource), m_allocCount=60, currentSize 0.9 MB, totalSize 85.0 MB

[2026-10-05 22:39:15] [tid:1188488][ResourceName::getPublicName:679] ProductionResourceName: 'nv.ngx.dlssg.resource'

[2026-10-05 22:39:15] [tid:1188488][NGXCubinD3D12::SetResourceName:1083] D3D12 SetResourceName: nv.ngx.dlssg.resource

[2026-10-05 22:39:15] [tid:1188488][NGXCubinGeneric::CreateBufferResource:822] CUBIN 1D alloc (dlfg_network_resource), m_allocCount=61, currentSize 0.2 MB, totalSize 85.2 MB

[2026-10-05 22:39:15] [tid:1188488][ResourceName::getPublicName:679] ProductionResourceName: 'nv.ngx.dlssg.resource'

[2026-10-05 22:39:15] [tid:1188488][NGXCubinD3D12::SetResourceName:1083] D3D12 SetResourceName: nv.ngx.dlssg.resource

[2026-10-05 22:39:15] [tid:1188488][NGXCubinGeneric::CreateBufferResource:822] CUBIN 1D alloc (dlfg_network_resource), m_allocCount=62, currentSize 0.1 MB, totalSize 85.3 MB

[2026-10-05 22:39:15] [tid:1188488][ResourceName::getPublicName:679] ProductionResourceName: 'nv.ngx.dlssg.resource'

[2026-10-05 22:39:15] [tid:1188488][NGXCubinD3D12::SetResourceName:1083] D3D12 SetResourceName: nv.ngx.dlssg.resource

[2026-10-05 22:39:15] [tid:1188488][NGXCubinGeneric::CreateBufferResource:822] CUBIN 1D alloc (dlfg_network_resource), m_allocCount=63, currentSize 0.1 MB, totalSize 85.4 MB

[2026-10-05 22:39:15] [tid:1188488][ResourceName::getPublicName:679] ProductionResourceName: 'nv.ngx.dlssg.resource'

[2026-10-05 22:39:15] [tid:1188488][NGXCubinD3D12::SetResourceName:1083] D3D12 SetResourceName: nv.ngx.dlssg.resource

[2026-10-05 22:39:15] [tid:1188488][NGXCubinGeneric::CreateBufferResource:822] CUBIN 1D alloc (dlfg_network_resource), m_allocCount=64, currentSize 0.1 MB, totalSize 85.4 MB

[2026-10-05 22:39:15] [tid:1188488][ResourceName::getPublicName:679] ProductionResourceName: 'nv.ngx.dlssg.resource'

[2026-10-05 22:39:15] [tid:1188488][NGXCubinD3D12::SetResourceName:1083] D3D12 SetResourceName: nv.ngx.dlssg.resource

[2026-10-05 22:39:15] [tid:1188488][NGXCubinGeneric::CreateBufferResource:822] CUBIN 1D alloc (dlfg_network_resource), m_allocCount=65, currentSize 0.0 MB, totalSize 85.4 MB

[2026-10-05 22:39:15] [tid:1188488][ResourceName::getPublicName:679] ProductionResourceName: 'nv.ngx.dlssg.resource'

[2026-10-05 22:39:15] [tid:1188488][NGXCubinD3D12::SetResourceName:1083] D3D12 SetResourceName: nv.ngx.dlssg.resource

[2026-10-05 22:39:15] [tid:1188488][NGXCubinGeneric::CreateBufferResource:822] CUBIN 1D alloc (dlfg_network_resource), m_allocCount=66, currentSize 0.0 MB, totalSize 85.4 MB

[2026-10-05 22:39:15] [tid:1188488][ResourceName::getPublicName:679] ProductionResourceName: 'nv.ngx.dlssg.resource'

[2026-10-05 22:39:15] [tid:1188488][NGXCubinD3D12::SetResourceName:1083] D3D12 SetResourceName: nv.ngx.dlssg.resource

[2026-10-05 22:39:15] [tid:1188488][NGXCubinGeneric::CreateBufferResource:822] CUBIN 1D alloc (dlfg_network_resource), m_allocCount=67, currentSize 0.3 MB, totalSize 85.7 MB

[2026-10-05 22:39:15] [tid:1188488][ResourceName::getPublicName:679] ProductionResourceName: 'nv.ngx.dlssg.resource'

[2026-10-05 22:39:15] [tid:1188488][NGXCubinD3D12::SetResourceName:1083] D3D12 SetResourceName: nv.ngx.dlssg.resource

[2026-10-05 22:39:15] [tid:1188488][NGXCubinGeneric::CreateBufferResource:822] CUBIN 1D alloc (dlfg_network_resource), m_allocCount=68, currentSize 0.3 MB, totalSize 86.0 MB

[2026-10-05 22:39:15] [tid:1188488][ResourceName::getPublicName:679] ProductionResourceName: 'nv.ngx.dlssg.resource'

[2026-10-05 22:39:15] [tid:1188488][NGXCubinD3D12::SetResourceName:1083] D3D12 SetResourceName: nv.ngx.dlssg.resource

[2026-10-05 22:39:15] [tid:1188488][NGXCubinGeneric::CreateBufferResource:822] CUBIN 1D alloc (dlfg_network_resource), m_allocCount=69, currentSize 0.6 MB, totalSize 86.6 MB

[2026-10-05 22:39:15] [tid:1188488][ResourceName::getPublicName:679] ProductionResourceName: 'nv.ngx.dlssg.resource'

[2026-10-05 22:39:15] [tid:1188488][NGXCubinD3D12::SetResourceName:1083] D3D12 SetResourceName: nv.ngx.dlssg.resource

[2026-10-05 22:39:15] [tid:1188488][NGXCubinGeneric::CreateBufferResource:822] CUBIN 1D alloc (dlfg_network_resource), m_allocCount=70, currentSize 0.6 MB, totalSize 87.1 MB

[2026-10-05 22:39:15] [tid:1188488][ResourceName::getPublicName:679] ProductionResourceName: 'nv.ngx.dlssg.resource'

[2026-10-05 22:39:15] [tid:1188488][NGXCubinD3D12::SetResourceName:1083] D3D12 SetResourceName: nv.ngx.dlssg.resource

[2026-10-05 22:39:15] [tid:1188488][NGXCubinGeneric::CreateBufferResource:822] CUBIN 1D alloc (dlfg_network_resource), m_allocCount=71, currentSize 1.1 MB, totalSize 88.3 MB

[2026-10-05 22:39:15] [tid:1188488][ResourceName::getPublicName:679] ProductionResourceName: 'nv.ngx.dlssg.resource'

[2026-10-05 22:39:15] [tid:1188488][NGXCubinD3D12::SetResourceName:1083] D3D12 SetResourceName: nv.ngx.dlssg.resource

[2026-10-05 22:39:15] [tid:1188488][NGXCubinGeneric::CreateBufferResource:822] CUBIN 1D alloc (dlfg_network_resource), m_allocCount=72, currentSize 1.1 MB, totalSize 89.4 MB

[2026-10-05 22:39:15] [tid:1188488][ResourceName::getPublicName:679] ProductionResourceName: 'nv.ngx.dlssg.resource'

[2026-10-05 22:39:15] [tid:1188488][NGXCubinD3D12::SetResourceName:1083] D3D12 SetResourceName: nv.ngx.dlssg.resource

[2026-10-05 22:39:15] [tid:1188488][NGXCubinGeneric::CreateBufferResource:822] CUBIN 1D alloc (dlfg_network_resource), m_allocCount=73, currentSize 0.5 MB, totalSize 89.9 MB

[2026-10-05 22:39:15] [tid:1188488][ResourceName::getPublicName:679] ProductionResourceName: 'nv.ngx.dlssg.resource'

[2026-10-05 22:39:15] [tid:1188488][NGXCubinD3D12::SetResourceName:1083] D3D12 SetResourceName: nv.ngx.dlssg.resource

[2026-10-05 22:39:15] [tid:1188488][NGXCubinGeneric::CreateBufferResource:822] CUBIN 1D alloc (dlfg_network_resource), m_allocCount=74, currentSize 0.5 MB, totalSize 90.4 MB

[2026-10-05 22:39:15] [tid:1188488][ResourceName::getPublicName:679] ProductionResourceName: 'nv.ngx.dlssg.resource'

[2026-10-05 22:39:15] [tid:1188488][NGXCubinD3D12::SetResourceName:1083] D3D12 SetResourceName: nv.ngx.dlssg.resource

[2026-10-05 22:39:15] [tid:1188488][NGXCubinGeneric::CreateBufferResource:822] CUBIN 1D alloc (dlfg_network_resource), m_allocCount=75, currentSize 0.5 MB, totalSize 90.9 MB

[2026-10-05 22:39:15] [tid:1188488][ResourceName::getPublicName:679] ProductionResourceName: 'nv.ngx.dlssg.resource'

[2026-10-05 22:39:15] [tid:1188488][NGXCubinD3D12::SetResourceName:1083] D3D12 SetResourceName: nv.ngx.dlssg.resource

[2026-10-05 22:39:15] [tid:1188488][NGXCubinGeneric::CreateBufferResource:822] CUBIN 1D alloc (dlfg_network_resource), m_allocCount=76, currentSize 0.5 MB, totalSize 91.4 MB

[2026-10-05 22:39:15] [tid:1188488][ResourceName::getPublicName:679] ProductionResourceName: 'nv.ngx.dlssg.resource'

[2026-10-05 22:39:15] [tid:1188488][NGXCubinD3D12::SetResourceName:1083] D3D12 SetResourceName: nv.ngx.dlssg.resource

[2026-10-05 22:39:15] [tid:1188488][NGXCubinGeneric::CreateBufferResource:822] CUBIN 1D alloc (dlfg_network_resource), m_allocCount=77, currentSize 0.3 MB, totalSize 91.7 MB

[2026-10-05 22:39:15] [tid:1188488][ResourceName::getPublicName:679] ProductionResourceName: 'nv.ngx.dlssg.resource'

[2026-10-05 22:39:15] [tid:1188488][NGXCubinD3D12::SetResourceName:1083] D3D12 SetResourceName: nv.ngx.dlssg.resource

[2026-10-05 22:39:15] [tid:1188488][NGXCubinGeneric::CreateBufferResource:822] CUBIN 1D alloc (dlfg_network_resource), m_allocCount=78, currentSize 0.3 MB, totalSize 92.0 MB

[2026-10-05 22:39:15] [tid:1188488][ResourceName::getPublicName:679] ProductionResourceName: 'nv.ngx.dlssg.resource'

[2026-10-05 22:39:15] [tid:1188488][NGXCubinD3D12::SetResourceName:1083] D3D12 SetResourceName: nv.ngx.dlssg.resource

[2026-10-05 22:39:15] [tid:1188488][NGXCubinGeneric::CreateBufferResource:822] CUBIN 1D alloc (dlfg_network_resource), m_allocCount=79, currentSize 0.1 MB, totalSize 92.1 MB

[2026-10-05 22:39:15] [tid:1188488][ResourceName::getPublicName:679] ProductionResourceName: 'nv.ngx.dlssg.resource'

[2026-10-05 22:39:15] [tid:1188488][NGXCubinD3D12::SetResourceName:1083] D3D12 SetResourceName: nv.ngx.dlssg.resource

[2026-10-05 22:39:15] [tid:1188488][NGXCubinGeneric::CreateBufferResource:822] CUBIN 1D alloc (dlfg_network_resource), m_allocCount=80, currentSize 0.1 MB, totalSize 92.2 MB

[2026-10-05 22:39:15] [tid:1188488][ResourceName::getPublicName:679] ProductionResourceName: 'nv.ngx.dlssg.resource'

[2026-10-05 22:39:15] [tid:1188488][NGXCubinD3D12::SetResourceName:1083] D3D12 SetResourceName: nv.ngx.dlssg.resource

[2026-10-05 22:39:15] [tid:1188488][NGXCubinGeneric::CreateBufferResource:822] CUBIN 1D alloc (dlfg_network_resource), m_allocCount=81, currentSize 0.1 MB, totalSize 92.3 MB

[2026-10-05 22:39:15] [tid:1188488][ResourceName::getPublicName:679] ProductionResourceName: 'nv.ngx.dlssg.resource'

[2026-10-05 22:39:15] [tid:1188488][NGXCubinD3D12::SetResourceName:1083] D3D12 SetResourceName: nv.ngx.dlssg.resource

[2026-10-05 22:39:15] [tid:1188488][NGXCubinGeneric::CreateBufferResource:822] CUBIN 1D alloc (dlfg_network_resource), m_allocCount=82, currentSize 0.1 MB, totalSize 92.4 MB

[2026-10-05 22:39:15] [tid:1188488][ResourceName::getPublicName:679] ProductionResourceName: 'nv.ngx.dlssg.resource'

[2026-10-05 22:39:15] [tid:1188488][NGXCubinD3D12::SetResourceName:1083] D3D12 SetResourceName: nv.ngx.dlssg.resource

[2026-10-05 22:39:15] [tid:1188488][NGXCubinGeneric::CreateBufferResource:822] CUBIN 1D alloc (dlfg_network_resource), m_allocCount=83, currentSize 0.1 MB, totalSize 92.4 MB

[2026-10-05 22:39:15] [tid:1188488][ResourceName::getPublicName:679] ProductionResourceName: 'nv.ngx.dlssg.resource'

[2026-10-05 22:39:15] [tid:1188488][NGXCubinD3D12::SetResourceName:1083] D3D12 SetResourceName: nv.ngx.dlssg.resource

[2026-10-05 22:39:15] [tid:1188488][NGXCubinGeneric::CreateBufferResource:822] CUBIN 1D alloc (dlfg_network_resource), m_allocCount=84, currentSize 0.1 MB, totalSize 92.5 MB

[2026-10-05 22:39:15] [tid:1188488][ResourceName::getPublicName:679] ProductionResourceName: 'nv.ngx.dlssg.resource'

[2026-10-05 22:39:15] [tid:1188488][NGXCubinD3D12::SetResourceName:1083] D3D12 SetResourceName: nv.ngx.dlssg.resource

[2026-10-05 22:39:15] [tid:1188488][NGXCubinGeneric::CreateBufferResource:822] CUBIN 1D alloc (dlfg_network_resource), m_allocCount=85, currentSize 0.1 MB, totalSize 92.6 MB

[2026-10-05 22:39:15] [tid:1188488][ResourceName::getPublicName:679] ProductionResourceName: 'nv.ngx.dlssg.resource'

[2026-10-05 22:39:15] [tid:1188488][NGXCubinD3D12::SetResourceName:1083] D3D12 SetResourceName: nv.ngx.dlssg.resource

[2026-10-05 22:39:15] [tid:1188488][NGXCubinGeneric::CreateBufferResource:822] CUBIN 1D alloc (dlfg_network_resource), m_allocCount=86, currentSize 0.1 MB, totalSize 92.6 MB

[2026-10-05 22:39:15] [tid:1188488][ResourceName::getPublicName:679] ProductionResourceName: 'nv.ngx.dlssg.resource'

[2026-10-05 22:39:15] [tid:1188488][NGXCubinD3D12::SetResourceName:1083] D3D12 SetResourceName: nv.ngx.dlssg.resource

[2026-10-05 22:39:15] [tid:1188488][NGXCubinGeneric::CreateBufferResource:822] CUBIN 1D alloc (dlfg_network_resource), m_allocCount=87, currentSize 0.0 MB, totalSize 92.7 MB

[2026-10-05 22:39:15] [tid:1188488][ResourceName::getPublicName:679] ProductionResourceName: 'nv.ngx.dlssg.resource'

[2026-10-05 22:39:15] [tid:1188488][NGXCubinD3D12::SetResourceName:1083] D3D12 SetResourceName: nv.ngx.dlssg.resource

[2026-10-05 22:39:15] [tid:1188488][NGXCubinGeneric::CreateBufferResource:822] CUBIN 1D alloc (dlfg_network_resource), m_allocCount=88, currentSize 0.0 MB, totalSize 92.7 MB

[2026-10-05 22:39:15] [tid:1188488][ResourceName::getPublicName:679] ProductionResourceName: 'nv.ngx.dlssg.resource'

[2026-10-05 22:39:15] [tid:1188488][NGXCubinD3D12::SetResourceName:1083] D3D12 SetResourceName: nv.ngx.dlssg.resource

[2026-10-05 22:39:15] [tid:1188488][NGXCubinGeneric::CreateBufferResource:822] CUBIN 1D alloc (dlfg_network_resource), m_allocCount=89, currentSize 0.0 MB, totalSize 92.7 MB

[2026-10-05 22:39:15] [tid:1188488][ResourceName::getPublicName:679] ProductionResourceName: 'nv.ngx.dlssg.resource'

[2026-10-05 22:39:15] [tid:1188488][NGXCubinD3D12::SetResourceName:1083] D3D12 SetResourceName: nv.ngx.dlssg.resource

[2026-10-05 22:39:15] [tid:1188488][NGXCubinGeneric::CreateBufferResource:822] CUBIN 1D alloc (dlfg_network_resource), m_allocCount=90, currentSize 0.0 MB, totalSize 92.7 MB

[2026-10-05 22:39:15] [tid:1188488][ResourceName::getPublicName:679] ProductionResourceName: 'nv.ngx.dlssg.resource'

[2026-10-05 22:39:15] [tid:1188488][NGXCubinD3D12::SetResourceName:1083] D3D12 SetResourceName: nv.ngx.dlssg.resource

[2026-10-05 22:39:15] [tid:1188488][NGXCubinGeneric::CreateBufferResource:822] CUBIN 1D alloc (dlfg_network_resource), m_allocCount=91, currentSize 0.0 MB, totalSize 92.7 MB

[2026-10-05 22:39:15] [tid:1188488][ResourceName::getPublicName:679] ProductionResourceName: 'nv.ngx.dlssg.resource'

[2026-10-05 22:39:15] [tid:1188488][NGXCubinD3D12::SetResourceName:1083] D3D12 SetResourceName: nv.ngx.dlssg.resource

[2026-10-05 22:39:15] [tid:1188488][NGXCubinGeneric::CreateBufferResource:822] CUBIN 1D alloc (dlfg_network_resource), m_allocCount=92, currentSize 0.0 MB, totalSize 92.7 MB

[2026-10-05 22:39:15] [tid:1188488][ResourceName::getPublicName:679] ProductionResourceName: 'nv.ngx.dlssg.resource'

[2026-10-05 22:39:15] [tid:1188488][NGXCubinD3D12::SetResourceName:1083] D3D12 SetResourceName: nv.ngx.dlssg.resource

[2026-10-05 22:39:15] [tid:1188488][NGXCubinGeneric::CreateBufferResource:822] CUBIN 1D alloc (dlfg_network_resource), m_allocCount=93, currentSize 0.0 MB, totalSize 92.7 MB

[2026-10-05 22:39:15] [tid:1188488][ResourceName::getPublicName:679] ProductionResourceName: 'nv.ngx.dlssg.resource'

[2026-10-05 22:39:15] [tid:1188488][NGXCubinD3D12::SetResourceName:1083] D3D12 SetResourceName: nv.ngx.dlssg.resource

[2026-10-05 22:39:15] [tid:1188488][NGXCubinGeneric::CreateBufferResource:822] CUBIN 1D alloc (dlfg_network_resource), m_allocCount=94, currentSize 0.0 MB, totalSize 92.7 MB

[2026-10-05 22:39:15] [tid:1188488][ResourceName::getPublicName:679] ProductionResourceName: 'nv.ngx.dlssg.resource'

[2026-10-05 22:39:15] [tid:1188488][NGXCubinD3D12::SetResourceName:1083] D3D12 SetResourceName: nv.ngx.dlssg.resource

[2026-10-05 22:39:15] [tid:1188488][NGXCubinGeneric::CreateBufferResource:822] CUBIN 1D alloc (dlfg_network_resource), m_allocCount=95, currentSize 0.0 MB, totalSize 92.7 MB

[2026-10-05 22:39:15] [tid:1188488][ResourceName::getPublicName:679] ProductionResourceName: 'nv.ngx.dlssg.resource'

[2026-10-05 22:39:15] [tid:1188488][NGXCubinD3D12::SetResourceName:1083] D3D12 SetResourceName: nv.ngx.dlssg.resource

[2026-10-05 22:39:15] [tid:1188488][NGXCubinGeneric::CreateBufferResource:822] CUBIN 1D alloc (dlfg_network_resource), m_allocCount=96, currentSize 0.0 MB, totalSize 92.8 MB

[2026-10-05 22:39:15] [tid:1188488][ResourceName::getPublicName:679] ProductionResourceName: 'nv.ngx.dlssg.resource'

[2026-10-05 22:39:15] [tid:1188488][NGXCubinD3D12::SetResourceName:1083] D3D12 SetResourceName: nv.ngx.dlssg.resource

[2026-10-05 22:39:15] [tid:1188488][NGXCubinGeneric::CreateBufferResource:822] CUBIN 1D alloc (dlfg_network_resource), m_allocCount=97, currentSize 4.5 MB, totalSize 97.2 MB

[2026-10-05 22:39:15] [tid:1188488][ResourceName::getPublicName:679] ProductionResourceName: 'nv.ngx.dlssg.resource'

[2026-10-05 22:39:15] [tid:1188488][NGXCubinD3D12::SetResourceName:1083] D3D12 SetResourceName: nv.ngx.dlssg.resource

[2026-10-05 22:39:15] [tid:1188488][NGXCubinGeneric::CreateBufferResource:822] CUBIN 1D alloc (dlfg_network_resource), m_allocCount=98, currentSize 3.6 MB, totalSize 100.8 MB

[2026-10-05 22:39:15] [tid:1188488][ResourceName::getPublicName:679] ProductionResourceName: 'nv.ngx.dlssg.resource'

[2026-10-05 22:39:15] [tid:1188488][NGXCubinD3D12::SetResourceName:1083] D3D12 SetResourceName: nv.ngx.dlssg.resource

[2026-10-05 22:39:15] [tid:1188488][NGXCubinGeneric::CreateBufferResource:822] CUBIN 1D alloc (dlfg_network_resource), m_allocCount=99, currentSize 1.8 MB, totalSize 102.6 MB

[2026-10-05 22:39:15] [tid:1188488][ResourceName::getPublicName:679] ProductionResourceName: 'nv.ngx.dlssg.resource'

[2026-10-05 22:39:15] [tid:1188488][NGXCubinD3D12::SetResourceName:1083] D3D12 SetResourceName: nv.ngx.dlssg.resource

[2026-10-05 22:39:15] [tid:1188488][NGXCubinGeneric::CreateBufferResource:822] CUBIN 1D alloc (dlfg_network_resource), m_allocCount=100, currentSize 0.9 MB, totalSize 103.5 MB

[2026-10-05 22:39:15] [tid:1188488][ResourceName::getPublicName:679] ProductionResourceName: 'nv.ngx.dlssg.resource'

[2026-10-05 22:39:15] [tid:1188488][NGXCubinD3D12::SetResourceName:1083] D3D12 SetResourceName: nv.ngx.dlssg.resource

[2026-10-05 22:39:15] [tid:1188488][NGXCubinGeneric::CreateBufferResource:822] CUBIN 1D alloc (dlfg_network_resource), m_allocCount=101, currentSize 1.8 MB, totalSize 105.3 MB

[2026-10-05 22:39:15] [tid:1188488][ResourceName::getPublicName:679] ProductionResourceName: 'nv.ngx.dlssg.resource'

[2026-10-05 22:39:15] [tid:1188488][NGXCubinD3D12::SetResourceName:1083] D3D12 SetResourceName: nv.ngx.dlssg.resource

[2026-10-05 22:39:15] [tid:1188488][NGXCubinGeneric::CreateBufferResource:822] CUBIN 1D alloc (dlfg_network_resource), m_allocCount=102, currentSize 8.1 MB, totalSize 113.4 MB

[2026-10-05 22:39:15] [tid:1188488][ResourceName::getPublicName:679] ProductionResourceName: 'nv.ngx.dlssg.resource'

[2026-10-05 22:39:15] [tid:1188488][NGXCubinD3D12::SetResourceName:1083] D3D12 SetResourceName: nv.ngx.dlssg.resource

[2026-10-05 22:39:15] [tid:1188488][NGXCubinGeneric::CreateBufferResource:822] CUBIN 1D alloc (dlfg_network_resource), m_allocCount=103, currentSize 1.3 MB, totalSize 114.8 MB

[2026-10-05 22:39:15] [tid:1188488][ResourceName::getPublicName:679] ProductionResourceName: 'nv.ngx.dlssg.resource'

[2026-10-05 22:39:15] [tid:1188488][NGXCubinD3D12::SetResourceName:1083] D3D12 SetResourceName: nv.ngx.dlssg.resource

[2026-10-05 22:39:15] [tid:1188488][NGXCubinGeneric::CreateBufferResource:822] CUBIN 1D alloc (dlfg_network_resource), m_allocCount=104, currentSize 1.8 MB, totalSize 116.6 MB

[2026-10-05 22:39:15] [tid:1188488][ResourceName::getPublicName:679] ProductionResourceName: 'nv.ngx.dlssg.resource'

[2026-10-05 22:39:15] [tid:1188488][NGXCubinD3D12::SetResourceName:1083] D3D12 SetResourceName: nv.ngx.dlssg.resource

[2026-10-05 22:39:15] [tid:1188488][NGXCubinGeneric::CreateBufferResource:822] CUBIN 1D alloc (dlfg_network_resource), m_allocCount=105, currentSize 1.8 MB, totalSize 118.4 MB

[2026-10-05 22:39:15] [tid:1188488][ResourceName::getPublicName:679] ProductionResourceName: 'nv.ngx.dlssg.resource'

[2026-10-05 22:39:15] [tid:1188488][NGXCubinD3D12::SetResourceName:1083] D3D12 SetResourceName: nv.ngx.dlssg.resource

[2026-10-05 22:39:15] [tid:1188488][NGXCubinGeneric::CreateBufferResource:822] CUBIN 1D alloc (dlfg_network_resource), m_allocCount=106, currentSize 0.0 MB, totalSize 118.4 MB

[2026-10-05 22:39:15] [tid:1188488][ResourceName::getPublicName:679] ProductionResourceName: 'nv.ngx.dlssg.resource'

[2026-10-05 22:39:15] [tid:1188488][NGXCubinD3D12::SetResourceName:1083] D3D12 SetResourceName: nv.ngx.dlssg.resource

[2026-10-05 22:39:15] [tid:1188488][NGXCubinGeneric::CreateBufferResource:822] CUBIN 1D alloc (dlfg_network_resource), m_allocCount=107, currentSize 0.0 MB, totalSize 118.4 MB

[2026-10-05 22:39:15] [tid:1188488][ResourceName::getPublicName:679] ProductionResourceName: 'nv.ngx.dlssg.resource'

[2026-10-05 22:39:15] [tid:1188488][NGXCubinD3D12::SetResourceName:1083] D3D12 SetResourceName: nv.ngx.dlssg.resource

[2026-10-05 22:39:15] [tid:1188488][NGXCubinGeneric::CreateBufferResource:822] CUBIN 1D alloc (dlfg_network_resource), m_allocCount=108, currentSize 0.0 MB, totalSize 118.4 MB

[2026-10-05 22:39:15] [tid:1188488][ResourceName::getPublicName:679] ProductionResourceName: 'nv.ngx.dlssg.resource'

[2026-10-05 22:39:15] [tid:1188488][NGXCubinD3D12::SetResourceName:1083] D3D12 SetResourceName: nv.ngx.dlssg.resource

[2026-10-05 22:39:15] [tid:1188488][NGXCubinGeneric::CreateBufferResource:822] CUBIN 1D alloc (dlfg_network_resource), m_allocCount=109, currentSize 0.0 MB, totalSize 118.4 MB

[2026-10-05 22:39:15] [tid:1188488][ResourceName::getPublicName:679] ProductionResourceName: 'nv.ngx.dlssg.resource'

[2026-10-05 22:39:15] [tid:1188488][NGXCubinD3D12::SetResourceName:1083] D3D12 SetResourceName: nv.ngx.dlssg.resource

[2026-10-05 22:39:15] [tid:1188488][NGXCubinGeneric::CreateBufferResource:822] CUBIN 1D alloc (dlfg_network_resource), m_allocCount=110, currentSize 0.0 MB, totalSize 118.4 MB

[2026-10-05 22:39:15] [tid:1188488][ResourceName::getPublicName:679] ProductionResourceName: 'nv.ngx.dlssg.resource'

[2026-10-05 22:39:15] [tid:1188488][NGXCubinD3D12::SetResourceName:1083] D3D12 SetResourceName: nv.ngx.dlssg.resource

[2026-10-05 22:39:15] [tid:1188488][NGXCubinGeneric::CreateBufferResource:822] CUBIN 1D alloc (dlfg_network_resource), m_allocCount=111, currentSize 0.0 MB, totalSize 118.4 MB

[2026-10-05 22:39:15] [tid:1188488][ResourceName::getPublicName:679] ProductionResourceName: 'nv.ngx.dlssg.resource'

[2026-10-05 22:39:15] [tid:1188488][NGXCubinD3D12::SetResourceName:1083] D3D12 SetResourceName: nv.ngx.dlssg.resource

[2026-10-05 22:39:15] [tid:1188488][NGXCubinGeneric::CreateBufferResource:822] CUBIN 1D alloc (dlfg_network_resource), m_allocCount=112, currentSize 0.0 MB, totalSize 118.4 MB

[2026-10-05 22:39:15] [tid:1188488][ResourceName::getPublicName:679] ProductionResourceName: 'nv.ngx.dlssg.resource'

[2026-10-05 22:39:15] [tid:1188488][NGXCubinD3D12::SetResourceName:1083] D3D12 SetResourceName: nv.ngx.dlssg.resource

[2026-10-05 22:39:15] [tid:1188488][NGXCubinGeneric::CreateBufferResource:822] CUBIN 1D alloc (dlfg_network_resource), m_allocCount=113, currentSize 0.0 MB, totalSize 118.4 MB

[2026-10-05 22:39:15] [tid:1188488][ResourceName::getPublicName:679] ProductionResourceName: 'nv.ngx.dlssg.resource'

[2026-10-05 22:39:15] [tid:1188488][NGXCubinD3D12::SetResourceName:1083] D3D12 SetResourceName: nv.ngx.dlssg.resource

[2026-10-05 22:39:15] [tid:1188488][NGXCubinGeneric::CreateBufferResource:822] CUBIN 1D alloc (dlfg_network_resource), m_allocCount=114, currentSize 0.0 MB, totalSize 118.4 MB

[2026-10-05 22:39:15] [tid:1188488][ResourceName::getPublicName:679] ProductionResourceName: 'nv.ngx.dlssg.resource'

[2026-10-05 22:39:15] [tid:1188488][NGXCubinD3D12::SetResourceName:1083] D3D12 SetResourceName: nv.ngx.dlssg.resource

[2026-10-05 22:39:15] [tid:1188488][NGXCubinGeneric::CreateBufferResource:822] CUBIN 1D alloc (dlfg_network_resource), m_allocCount=115, currentSize 0.0 MB, totalSize 118.5 MB

[2026-10-05 22:39:15] [tid:1188488][ResourceName::getPublicName:679] ProductionResourceName: 'nv.ngx.dlssg.resource'

[2026-10-05 22:39:15] [tid:1188488][NGXCubinD3D12::SetResourceName:1083] D3D12 SetResourceName: nv.ngx.dlssg.resource

[2026-10-05 22:39:15] [tid:1188488][NGXCubinGeneric::CreateBufferResource:822] CUBIN 1D alloc (dlfg_network_resource), m_allocCount=116, currentSize 0.0 MB, totalSize 118.5 MB

[2026-10-05 22:39:15] [tid:1188488][ResourceName::getPublicName:679] ProductionResourceName: 'nv.ngx.dlssg.resource'

[2026-10-05 22:39:15] [tid:1188488][NGXCubinD3D12::SetResourceName:1083] D3D12 SetResourceName: nv.ngx.dlssg.resource

[2026-10-05 22:39:15] [tid:1188488][NGXCubinGeneric::CreateBufferResource:822] CUBIN 1D alloc (dlfg_network_resource), m_allocCount=117, currentSize 0.0 MB, totalSize 118.5 MB

[2026-10-05 22:39:15] [tid:1188488][ResourceName::getPublicName:679] ProductionResourceName: 'nv.ngx.dlssg.resource'

[2026-10-05 22:39:15] [tid:1188488][NGXCubinD3D12::SetResourceName:1083] D3D12 SetResourceName: nv.ngx.dlssg.resource

[2026-10-05 22:39:15] [tid:1188488][NGXCubinGeneric::CreateBufferResource:822] CUBIN 1D alloc (dlfg_network_resource), m_allocCount=118, currentSize 0.1 MB, totalSize 118.6 MB

[2026-10-05 22:39:15] [tid:1188488][ResourceName::getPublicName:679] ProductionResourceName: 'nv.ngx.dlssg.resource'

[2026-10-05 22:39:15] [tid:1188488][NGXCubinD3D12::SetResourceName:1083] D3D12 SetResourceName: nv.ngx.dlssg.resource

[2026-10-05 22:39:15] [tid:1188488][NGXCubinGeneric::CreateBufferResource:822] CUBIN 1D alloc (dlfg_network_resource), m_allocCount=119, currentSize 0.1 MB, totalSize 118.6 MB

[2026-10-05 22:39:15] [tid:1188488][ResourceName::getPublicName:679] ProductionResourceName: 'nv.ngx.dlssg.resource'

[2026-10-05 22:39:15] [tid:1188488][NGXCubinD3D12::SetResourceName:1083] D3D12 SetResourceName: nv.ngx.dlssg.resource

[2026-10-05 22:39:15] [tid:1188488][NGXCubinGeneric::CreateBufferResource:822] CUBIN 1D alloc (dlfg_network_resource), m_allocCount=120, currentSize 0.0 MB, totalSize 118.6 MB

[2026-10-05 22:39:15] [tid:1188488][ResourceName::getPublicName:679] ProductionResourceName: 'nv.ngx.dlssg.resource'

[2026-10-05 22:39:15] [tid:1188488][NGXCubinD3D12::SetResourceName:1083] D3D12 SetResourceName: nv.ngx.dlssg.resource

[2026-10-05 22:39:15] [tid:1188488][NGXCubinGeneric::CreateBufferResource:822] CUBIN 1D alloc (dlfg_network_resource), m_allocCount=121, currentSize 0.0 MB, totalSize 118.6 MB

[2026-10-05 22:39:15] [tid:1188488][ResourceName::getPublicName:679] ProductionResourceName: 'nv.ngx.dlssg.resource'

[2026-10-05 22:39:15] [tid:1188488][NGXCubinD3D12::SetResourceName:1083] D3D12 SetResourceName: nv.ngx.dlssg.resource

[2026-10-05 22:39:15] [tid:1188488][NGXCubinGeneric::CreateBufferResource:822] CUBIN 1D alloc (dlfg_network_resource), m_allocCount=122, currentSize 0.1 MB, totalSize 118.7 MB

[2026-10-05 22:39:15] [tid:1188488][ResourceName::getPublicName:679] ProductionResourceName: 'nv.ngx.dlssg.resource'

[2026-10-05 22:39:15] [tid:1188488][NGXCubinD3D12::SetResourceName:1083] D3D12 SetResourceName: nv.ngx.dlssg.resource

[2026-10-05 22:39:15] [tid:1188488][NGXCubinGeneric::CreateBufferResource:822] CUBIN 1D alloc (dlfg_network_resource), m_allocCount=123, currentSize 0.1 MB, totalSize 118.8 MB

[2026-10-05 22:39:15] [tid:1188488][ResourceName::getPublicName:679] ProductionResourceName: 'nv.ngx.dlssg.resource'

[2026-10-05 22:39:15] [tid:1188488][NGXCubinD3D12::SetResourceName:1083] D3D12 SetResourceName: nv.ngx.dlssg.resource

[2026-10-05 22:39:15] [tid:1188488][NGXCubinGeneric::CreateBufferResource:822] CUBIN 1D alloc (dlfg_network_resource), m_allocCount=124, currentSize 0.0 MB, totalSize 118.8 MB

[2026-10-05 22:39:15] [tid:1188488][ResourceName::getPublicName:679] ProductionResourceName: 'nv.ngx.dlssg.resource'

[2026-10-05 22:39:15] [tid:1188488][NGXCubinD3D12::SetResourceName:1083] D3D12 SetResourceName: nv.ngx.dlssg.resource

[2026-10-05 22:39:15] [tid:1188488][NGXCubinGeneric::CreateBufferResource:822] CUBIN 1D alloc (dlfg_network_resource), m_allocCount=125, currentSize 0.0 MB, totalSize 118.8 MB

[2026-10-05 22:39:15] [tid:1188488][ResourceName::getPublicName:679] ProductionResourceName: 'nv.ngx.dlssg.resource'

[2026-10-05 22:39:15] [tid:1188488][NGXCubinD3D12::SetResourceName:1083] D3D12 SetResourceName: nv.ngx.dlssg.resource

[2026-10-05 22:39:15] [tid:1188488][NGXCubinGeneric::CreateBufferResource:822] CUBIN 1D alloc (dlfg_network_resource), m_allocCount=126, currentSize 0.1 MB, totalSize 118.8 MB

[2026-10-05 22:39:15] [tid:1188488][ResourceName::getPublicName:679] ProductionResourceName: 'nv.ngx.dlssg.resource'

[2026-10-05 22:39:15] [tid:1188488][NGXCubinD3D12::SetResourceName:1083] D3D12 SetResourceName: nv.ngx.dlssg.resource

[2026-10-05 22:39:15] [tid:1188488][NGXCubinGeneric::CreateBufferResource:822] CUBIN 1D alloc (dlfg_network_resource), m_allocCount=127, currentSize 0.1 MB, totalSize 118.9 MB

[2026-10-05 22:39:15] [tid:1188488][ResourceName::getPublicName:679] ProductionResourceName: 'nv.ngx.dlssg.resource'

[2026-10-05 22:39:15] [tid:1188488][NGXCubinD3D12::SetResourceName:1083] D3D12 SetResourceName: nv.ngx.dlssg.resource

[2026-10-05 22:39:15] [tid:1188488][NGXCubinGeneric::CreateBufferResource:822] CUBIN 1D alloc (dlfg_network_resource), m_allocCount=128, currentSize 0.0 MB, totalSize 118.9 MB

[2026-10-05 22:39:15] [tid:1188488][ResourceName::getPublicName:679] ProductionResourceName: 'nv.ngx.dlssg.resource'

[2026-10-05 22:39:15] [tid:1188488][NGXCubinD3D12::SetResourceName:1083] D3D12 SetResourceName: nv.ngx.dlssg.resource

[2026-10-05 22:39:15] [tid:1188488][NGXCubinGeneric::CreateBufferResource:822] CUBIN 1D alloc (dlfg_network_resource), m_allocCount=129, currentSize 0.0 MB, totalSize 118.9 MB

[2026-10-05 22:39:15] [tid:1188488][ResourceName::getPublicName:679] ProductionResourceName: 'nv.ngx.dlssg.resource'

[2026-10-05 22:39:15] [tid:1188488][NGXCubinD3D12::SetResourceName:1083] D3D12 SetResourceName: nv.ngx.dlssg.resource

[2026-10-05 22:39:15] [tid:1188488][NGXCubinGeneric::CreateBufferResource:822] CUBIN 1D alloc (dlfg_network_resource), m_allocCount=130, currentSize 0.1 MB, totalSize 119.0 MB

[2026-10-05 22:39:15] [tid:1188488][ResourceName::getPublicName:679] ProductionResourceName: 'nv.ngx.dlssg.resource'

[2026-10-05 22:39:15] [tid:1188488][NGXCubinD3D12::SetResourceName:1083] D3D12 SetResourceName: nv.ngx.dlssg.resource

[2026-10-05 22:39:15] [tid:1188488][NGXCubinGeneric::CreateBufferResource:822] CUBIN 1D alloc (dlfg_network_resource), m_allocCount=131, currentSize 0.1 MB, totalSize 119.0 MB

[2026-10-05 22:39:15] [tid:1188488][ResourceName::getPublicName:679] ProductionResourceName: 'nv.ngx.dlssg.resource'

[2026-10-05 22:39:15] [tid:1188488][NGXCubinD3D12::SetResourceName:1083] D3D12 SetResourceName: nv.ngx.dlssg.resource

[2026-10-05 22:39:15] [tid:1188488][NGXCubinGeneric::CreateBufferResource:822] CUBIN 1D alloc (dlfg_network_resource), m_allocCount=132, currentSize 0.0 MB, totalSize 119.0 MB

[2026-10-05 22:39:15] [tid:1188488][ResourceName::getPublicName:679] ProductionResourceName: 'nv.ngx.dlssg.resource'

[2026-10-05 22:39:15] [tid:1188488][NGXCubinD3D12::SetResourceName:1083] D3D12 SetResourceName: nv.ngx.dlssg.resource

[2026-10-05 22:39:15] [tid:1188488][NGXCubinGeneric::CreateBufferResource:822] CUBIN 1D alloc (dlfg_network_resource), m_allocCount=133, currentSize 0.0 MB, totalSize 119.0 MB

[2026-10-05 22:39:15] [tid:1188488][ResourceName::getPublicName:679] ProductionResourceName: 'nv.ngx.dlssg.resource'

[2026-10-05 22:39:15] [tid:1188488][NGXCubinD3D12::SetResourceName:1083] D3D12 SetResourceName: nv.ngx.dlssg.resource

[2026-10-05 22:39:15] [tid:1188488][NGXCubinGeneric::CreateBufferResource:822] CUBIN 1D alloc (dlfg_network_resource), m_allocCount=134, currentSize 0.1 MB, totalSize 119.1 MB

[2026-10-05 22:39:15] [tid:1188488][ResourceName::getPublicName:679] ProductionResourceName: 'nv.ngx.dlssg.resource'

[2026-10-05 22:39:15] [tid:1188488][NGXCubinD3D12::SetResourceName:1083] D3D12 SetResourceName: nv.ngx.dlssg.resource

[2026-10-05 22:39:15] [tid:1188488][NGXCubinGeneric::CreateBufferResource:822] CUBIN 1D alloc (dlfg_network_resource), m_allocCount=135, currentSize 0.1 MB, totalSize 119.2 MB

[2026-10-05 22:39:15] [tid:1188488][ResourceName::getPublicName:679] ProductionResourceName: 'nv.ngx.dlssg.resource'

[2026-10-05 22:39:15] [tid:1188488][NGXCubinD3D12::SetResourceName:1083] D3D12 SetResourceName: nv.ngx.dlssg.resource

[2026-10-05 22:39:15] [tid:1188488][NGXCubinGeneric::CreateBufferResource:822] CUBIN 1D alloc (dlfg_network_resource), m_allocCount=136, currentSize 0.0 MB, totalSize 119.2 MB

[2026-10-05 22:39:15] [tid:1188488][ResourceName::getPublicName:679] ProductionResourceName: 'nv.ngx.dlssg.resource'

[2026-10-05 22:39:15] [tid:1188488][NGXCubinD3D12::SetResourceName:1083] D3D12 SetResourceName: nv.ngx.dlssg.resource

[2026-10-05 22:39:15] [tid:1188488][NGXCubinGeneric::CreateBufferResource:822] CUBIN 1D alloc (dlfg_network_resource), m_allocCount=137, currentSize 0.0 MB, totalSize 119.2 MB

[2026-10-05 22:39:15] [tid:1188488][ResourceName::getPublicName:679] ProductionResourceName: 'nv.ngx.dlssg.resource'

[2026-10-05 22:39:15] [tid:1188488][NGXCubinD3D12::SetResourceName:1083] D3D12 SetResourceName: nv.ngx.dlssg.resource

[2026-10-05 22:39:15] [tid:1188488][NGXCubinGeneric::CreateBufferResource:822] CUBIN 1D alloc (dlfg_network_resource), m_allocCount=138, currentSize 0.1 MB, totalSize 119.3 MB

[2026-10-05 22:39:15] [tid:1188488][ResourceName::getPublicName:679] ProductionResourceName: 'nv.ngx.dlssg.resource'

[2026-10-05 22:39:15] [tid:1188488][NGXCubinD3D12::SetResourceName:1083] D3D12 SetResourceName: nv.ngx.dlssg.resource

[2026-10-05 22:39:15] [tid:1188488][NGXCubinGeneric::CreateBufferResource:822] CUBIN 1D alloc (dlfg_network_resource), m_allocCount=139, currentSize 0.1 MB, totalSize 119.3 MB

[2026-10-05 22:39:15] [tid:1188488][ResourceName::getPublicName:679] ProductionResourceName: 'nv.ngx.dlssg.resource'

[2026-10-05 22:39:15] [tid:1188488][NGXCubinD3D12::SetResourceName:1083] D3D12 SetResourceName: nv.ngx.dlssg.resource

[2026-10-05 22:39:15] [tid:1188488][NGXCubinGeneric::CreateBufferResource:822] CUBIN 1D alloc (dlfg_network_resource), m_allocCount=140, currentSize 0.0 MB, totalSize 119.3 MB

[2026-10-05 22:39:15] [tid:1188488][ResourceName::getPublicName:679] ProductionResourceName: 'nv.ngx.dlssg.resource'

[2026-10-05 22:39:15] [tid:1188488][NGXCubinD3D12::SetResourceName:1083] D3D12 SetResourceName: nv.ngx.dlssg.resource

[2026-10-05 22:39:15] [tid:1188488][NGXCubinGeneric::CreateBufferResource:822] CUBIN 1D alloc (dlfg_network_resource), m_allocCount=141, currentSize 0.0 MB, totalSize 119.3 MB

[2026-10-05 22:39:15] [tid:1188488][ResourceName::getPublicName:679] ProductionResourceName: 'nv.ngx.dlssg.resource'

[2026-10-05 22:39:15] [tid:1188488][NGXCubinD3D12::SetResourceName:1083] D3D12 SetResourceName: nv.ngx.dlssg.resource

[2026-10-05 22:39:15] [tid:1188488][NGXCubinGeneric::CreateBufferResource:822] CUBIN 1D alloc (dlfg_network_resource), m_allocCount=142, currentSize 0.1 MB, totalSize 119.4 MB

[2026-10-05 22:39:15] [tid:1188488][ResourceName::getPublicName:679] ProductionResourceName: 'nv.ngx.dlssg.resource'

[2026-10-05 22:39:15] [tid:1188488][NGXCubinD3D12::SetResourceName:1083] D3D12 SetResourceName: nv.ngx.dlssg.resource

[2026-10-05 22:39:15] [tid:1188488][NGXCubinGeneric::CreateBufferResource:822] CUBIN 1D alloc (dlfg_network_resource), m_allocCount=143, currentSize 0.1 MB, totalSize 119.5 MB

[2026-10-05 22:39:15] [tid:1188488][ResourceName::getPublicName:679] ProductionResourceName: 'nv.ngx.dlssg.resource'

[2026-10-05 22:39:15] [tid:1188488][NGXCubinD3D12::SetResourceName:1083] D3D12 SetResourceName: nv.ngx.dlssg.resource

[2026-10-05 22:39:15] [tid:1188488][NGXCubinGeneric::CreateBufferResource:822] CUBIN 1D alloc (dlfg_network_resource), m_allocCount=144, currentSize 0.0 MB, totalSize 119.5 MB

[2026-10-05 22:39:15] [tid:1188488][ResourceName::getPublicName:679] ProductionResourceName: 'nv.ngx.dlssg.resource'

[2026-10-05 22:39:15] [tid:1188488][NGXCubinD3D12::SetResourceName:1083] D3D12 SetResourceName: nv.ngx.dlssg.resource

[2026-10-05 22:39:15] [tid:1188488][NGXCubinGeneric::CreateBufferResource:822] CUBIN 1D alloc (dlfg_network_resource), m_allocCount=145, currentSize 0.0 MB, totalSize 119.5 MB

[2026-10-05 22:39:15] [tid:1188488][ResourceName::getPublicName:679] ProductionResourceName: 'nv.ngx.dlssg.resource'

[2026-10-05 22:39:15] [tid:1188488][NGXCubinD3D12::SetResourceName:1083] D3D12 SetResourceName: nv.ngx.dlssg.resource

[2026-10-05 22:39:15] [tid:1188488][NGXCubinGeneric::CreateBufferResource:822] CUBIN 1D alloc (dlfg_network_resource), m_allocCount=146, currentSize 0.1 MB, totalSize 119.5 MB

[2026-10-05 22:39:15] [tid:1188488][ResourceName::getPublicName:679] ProductionResourceName: 'nv.ngx.dlssg.resource'

[2026-10-05 22:39:15] [tid:1188488][NGXCubinD3D12::SetResourceName:1083] D3D12 SetResourceName: nv.ngx.dlssg.resource

[2026-10-05 22:39:15] [tid:1188488][NGXCubinGeneric::CreateBufferResource:822] CUBIN 1D alloc (dlfg_network_resource), m_allocCount=147, currentSize 0.1 MB, totalSize 119.6 MB

[2026-10-05 22:39:15] [tid:1188488][ResourceName::getPublicName:679] ProductionResourceName: 'nv.ngx.dlssg.resource'

[2026-10-05 22:39:15] [tid:1188488][NGXCubinD3D12::SetResourceName:1083] D3D12 SetResourceName: nv.ngx.dlssg.resource

[2026-10-05 22:39:15] [tid:1188488][NGXCubinGeneric::CreateBufferResource:822] CUBIN 1D alloc (dlfg_network_resource), m_allocCount=148, currentSize 0.0 MB, totalSize 119.6 MB

[2026-10-05 22:39:15] [tid:1188488][ResourceName::getPublicName:679] ProductionResourceName: 'nv.ngx.dlssg.resource'

[2026-10-05 22:39:15] [tid:1188488][NGXCubinD3D12::SetResourceName:1083] D3D12 SetResourceName: nv.ngx.dlssg.resource

[2026-10-05 22:39:15] [tid:1188488][NGXCubinGeneric::CreateBufferResource:822] CUBIN 1D alloc (dlfg_network_resource), m_allocCount=149, currentSize 0.0 MB, totalSize 119.6 MB

[2026-10-05 22:39:15] [tid:1188488][ResourceName::getPublicName:679] ProductionResourceName: 'nv.ngx.dlssg.resource'

[2026-10-05 22:39:15] [tid:1188488][NGXCubinD3D12::SetResourceName:1083] D3D12 SetResourceName: nv.ngx.dlssg.resource

[2026-10-05 22:39:15] [tid:1188488][NGXCubinGeneric::CreateBufferResource:822] CUBIN 1D alloc (dlfg_network_resource), m_allocCount=150, currentSize 0.1 MB, totalSize 119.7 MB

[2026-10-05 22:39:15] [tid:1188488][ResourceName::getPublicName:679] ProductionResourceName: 'nv.ngx.dlssg.resource'

[2026-10-05 22:39:15] [tid:1188488][NGXCubinD3D12::SetResourceName:1083] D3D12 SetResourceName: nv.ngx.dlssg.resource

[2026-10-05 22:39:15] [tid:1188488][NGXCubinGeneric::CreateBufferResource:822] CUBIN 1D alloc (dlfg_network_resource), m_allocCount=151, currentSize 0.1 MB, totalSize 119.8 MB

[2026-10-05 22:39:15] [tid:1188488][ResourceName::getPublicName:679] ProductionResourceName: 'nv.ngx.dlssg.resource'

[2026-10-05 22:39:15] [tid:1188488][NGXCubinD3D12::SetResourceName:1083] D3D12 SetResourceName: nv.ngx.dlssg.resource

[2026-10-05 22:39:15] [tid:1188488][NGXCubinGeneric::CreateBufferResource:822] CUBIN 1D alloc (dlfg_network_resource), m_allocCount=152, currentSize 0.0 MB, totalSize 119.8 MB

[2026-10-05 22:39:15] [tid:1188488][ResourceName::getPublicName:679] ProductionResourceName: 'nv.ngx.dlssg.resource'

[2026-10-05 22:39:15] [tid:1188488][NGXCubinD3D12::SetResourceName:1083] D3D12 SetResourceName: nv.ngx.dlssg.resource

[2026-10-05 22:39:15] [tid:1188488][NGXCubinGeneric::CreateBufferResource:822] CUBIN 1D alloc (dlfg_network_resource), m_allocCount=153, currentSize 0.0 MB, totalSize 119.8 MB

[2026-10-05 22:39:15] [tid:1188488][ResourceName::getPublicName:679] ProductionResourceName: 'nv.ngx.dlssg.resource'

[2026-10-05 22:39:15] [tid:1188488][NGXCubinD3D12::SetResourceName:1083] D3D12 SetResourceName: nv.ngx.dlssg.resource

[2026-10-05 22:39:15] [tid:1188488][NGXCubinGeneric::CreateBufferResource:822] CUBIN 1D alloc (dlfg_network_resource), m_allocCount=154, currentSize 0.0 MB, totalSize 119.8 MB

[2026-10-05 22:39:15] [tid:1188488][ResourceName::getPublicName:679] ProductionResourceName: 'nv.ngx.dlssg.resource'

[2026-10-05 22:39:15] [tid:1188488][NGXCubinD3D12::SetResourceName:1083] D3D12 SetResourceName: nv.ngx.dlssg.resource

[2026-10-05 22:39:15] [tid:1188488][NGXCubinGeneric::CreateBufferResource:822] CUBIN 1D alloc (dlfg_network_resource), m_allocCount=155, currentSize 0.0 MB, totalSize 119.8 MB

[2026-10-05 22:39:15] [tid:1188488][ResourceName::getPublicName:679] ProductionResourceName: 'nv.ngx.dlssg.resource'

[2026-10-05 22:39:15] [tid:1188488][NGXCubinD3D12::SetResourceName:1083] D3D12 SetResourceName: nv.ngx.dlssg.resource

[2026-10-05 22:39:15] [tid:1188488][NGXCubinGeneric::CreateBufferResource:822] CUBIN 1D alloc (dlfg_network_resource), m_allocCount=156, currentSize 0.0 MB, totalSize 119.8 MB

[2026-10-05 22:39:15] [tid:1188488][ResourceName::getPublicName:679] ProductionResourceName: 'nv.ngx.dlssg.resource'

[2026-10-05 22:39:15] [tid:1188488][NGXCubinD3D12::SetResourceName:1083] D3D12 SetResourceName: nv.ngx.dlssg.resource

[2026-10-05 22:39:15] [tid:1188488][NGXCubinGeneric::CreateBufferResource:822] CUBIN 1D alloc (dlfg_network_resource), m_allocCount=157, currentSize 0.0 MB, totalSize 119.8 MB

[2026-10-05 22:39:15] [tid:1188488][ResourceName::getPublicName:679] ProductionResourceName: 'nv.ngx.dlssg.resource'

[2026-10-05 22:39:15] [tid:1188488][NGXCubinD3D12::SetResourceName:1083] D3D12 SetResourceName: nv.ngx.dlssg.resource

[2026-10-05 22:39:15] [tid:1188488][NGXCubinGeneric::CreateBufferResource:822] CUBIN 1D alloc (dlfg_network_resource), m_allocCount=158, currentSize 0.0 MB, totalSize 119.8 MB

[2026-10-05 22:39:15] [tid:1188488][ResourceName::getPublicName:679] ProductionResourceName: 'nv.ngx.dlssg.resource'

[2026-10-05 22:39:15] [tid:1188488][NGXCubinD3D12::SetResourceName:1083] D3D12 SetResourceName: nv.ngx.dlssg.resource

[2026-10-05 22:39:15] [tid:1188488][NGXCubinGeneric::CreateBufferResource:822] CUBIN 1D alloc (dlfg_network_resource), m_allocCount=159, currentSize 0.0 MB, totalSize 119.8 MB

[2026-10-05 22:39:15] [tid:1188488][ResourceName::getPublicName:679] ProductionResourceName: 'nv.ngx.dlssg.resource'

[2026-10-05 22:39:15] [tid:1188488][NGXCubinD3D12::SetResourceName:1083] D3D12 SetResourceName: nv.ngx.dlssg.resource

[2026-10-05 22:39:15] [tid:1188488][NGXCubinGeneric::CreateBufferResource:822] CUBIN 1D alloc (dlfg_network_resource), m_allocCount=160, currentSize 0.0 MB, totalSize 119.8 MB

[2026-10-05 22:39:15] [tid:1188488][ResourceName::getPublicName:679] ProductionResourceName: 'nv.ngx.dlssg.resource'

[2026-10-05 22:39:15] [tid:1188488][NGXCubinD3D12::SetResourceName:1083] D3D12 SetResourceName: nv.ngx.dlssg.resource

[2026-10-05 22:39:15] [tid:1188488][NGXCubinGeneric::CreateBufferResource:822] CUBIN 1D alloc (dlfg_network_resource), m_allocCount=161, currentSize 0.0 MB, totalSize 119.8 MB

[2026-10-05 22:39:15] [tid:1188488][ResourceName::getPublicName:679] ProductionResourceName: 'nv.ngx.dlssg.resource'

[2026-10-05 22:39:15] [tid:1188488][NGXCubinD3D12::SetResourceName:1083] D3D12 SetResourceName: nv.ngx.dlssg.resource

[2026-10-05 22:39:15] [tid:1188488][NGXCubinGeneric::CreateBufferResource:822] CUBIN 1D alloc (dlfg_network_resource), m_allocCount=162, currentSize 0.0 MB, totalSize 119.8 MB

[2026-10-05 22:39:15] [tid:1188488][ResourceName::getPublicName:679] ProductionResourceName: 'nv.ngx.dlssg.resource'

[2026-10-05 22:39:15] [tid:1188488][NGXCubinD3D12::SetResourceName:1083] D3D12 SetResourceName: nv.ngx.dlssg.resource

[2026-10-05 22:39:15] [tid:1188488][NGXCubinGeneric::CreateBufferResource:822] CUBIN 1D alloc (dlfg_network_resource), m_allocCount=163, currentSize 0.0 MB, totalSize 119.9 MB

[2026-10-05 22:39:15] [tid:1188488][ResourceName::getPublicName:679] ProductionResourceName: 'nv.ngx.dlssg.resource'

[2026-10-05 22:39:15] [tid:1188488][NGXCubinD3D12::SetResourceName:1083] D3D12 SetResourceName: nv.ngx.dlssg.resource

[2026-10-05 22:39:15] [tid:1188488][NGXCubinGeneric::CreateBufferResource:822] CUBIN 1D alloc (dlfg_network_resource), m_allocCount=164, currentSize 0.0 MB, totalSize 119.9 MB

[2026-10-05 22:39:15] [tid:1188488][ResourceName::getPublicName:679] ProductionResourceName: 'nv.ngx.dlssg.resource'

[2026-10-05 22:39:15] [tid:1188488][NGXCubinD3D12::SetResourceName:1083] D3D12 SetResourceName: nv.ngx.dlssg.resource

[2026-10-05 22:39:15] [tid:1188488][NGXCubinGeneric::CreateBufferResource:822] CUBIN 1D alloc (dlfg_network_resource), m_allocCount=165, currentSize 0.0 MB, totalSize 119.9 MB

[2026-10-05 22:39:15] [tid:1188488][ResourceName::getPublicName:679] ProductionResourceName: 'nv.ngx.dlssg.resource'

[2026-10-05 22:39:15] [tid:1188488][NGXCubinD3D12::SetResourceName:1083] D3D12 SetResourceName: nv.ngx.dlssg.resource

[2026-10-05 22:39:15] [tid:1188488][NGXCubinGeneric::CreateBufferResource:822] CUBIN 1D alloc (dlfg_network_resource), m_allocCount=166, currentSize 0.0 MB, totalSize 119.9 MB

[2026-10-05 22:39:15] [tid:1188488][ResourceName::getPublicName:679] ProductionResourceName: 'nv.ngx.dlssg.resource'

[2026-10-05 22:39:15] [tid:1188488][NGXCubinD3D12::SetResourceName:1083] D3D12 SetResourceName: nv.ngx.dlssg.resource

[2026-10-05 22:39:15] [tid:1188488][NGXCubinGeneric::CreateBufferResource:822] CUBIN 1D alloc (dlfg_network_resource), m_allocCount=167, currentSize 0.0 MB, totalSize 119.9 MB

[2026-10-05 22:39:15] [tid:1188488][ResourceName::getPublicName:679] ProductionResourceName: 'nv.ngx.dlssg.resource'

[2026-10-05 22:39:15] [tid:1188488][NGXCubinD3D12::SetResourceName:1083] D3D12 SetResourceName: nv.ngx.dlssg.resource

[2026-10-05 22:39:15] [tid:1188488][NGXCubinGeneric::CreateBufferResource:822] CUBIN 1D alloc (dlfg_network_resource), m_allocCount=168, currentSize 0.0 MB, totalSize 119.9 MB

[2026-10-05 22:39:15] [tid:1188488][ResourceName::getPublicName:679] ProductionResourceName: 'nv.ngx.dlssg.resource'

[2026-10-05 22:39:15] [tid:1188488][NGXCubinD3D12::SetResourceName:1083] D3D12 SetResourceName: nv.ngx.dlssg.resource

[2026-10-05 22:39:15] [tid:1188488][NGXCubinGeneric::CreateBufferResource:822] CUBIN 1D alloc (dlfg_network_resource), m_allocCount=169, currentSize 0.0 MB, totalSize 119.9 MB

[2026-10-05 22:39:15] [tid:1188488][ResourceName::getPublicName:679] ProductionResourceName: 'nv.ngx.dlssg.resource'

[2026-10-05 22:39:15] [tid:1188488][NGXCubinD3D12::SetResourceName:1083] D3D12 SetResourceName: nv.ngx.dlssg.resource

[2026-10-05 22:39:15] [tid:1188488][NGXCubinGeneric::CreateBufferResource:822] CUBIN 1D alloc (dlfg_network_resource), m_allocCount=170, currentSize 0.0 MB, totalSize 119.9 MB

[2026-10-05 22:39:15] [tid:1188488][ResourceName::getPublicName:679] ProductionResourceName: 'nv.ngx.dlssg.resource'

[2026-10-05 22:39:15] [tid:1188488][NGXCubinD3D12::SetResourceName:1083] D3D12 SetResourceName: nv.ngx.dlssg.resource

[2026-10-05 22:39:15] [tid:1188488][NGXCubinGeneric::CreateBufferResource:822] CUBIN 1D alloc (dlfg_network_resource), m_allocCount=171, currentSize 0.0 MB, totalSize 119.9 MB

[2026-10-05 22:39:15] [tid:1188488][ResourceName::getPublicName:679] ProductionResourceName: 'nv.ngx.dlssg.resource'

[2026-10-05 22:39:15] [tid:1188488][NGXCubinD3D12::SetResourceName:1083] D3D12 SetResourceName: nv.ngx.dlssg.resource

[2026-10-05 22:39:15] [tid:1188488][NGXCubinGeneric::CreateBufferResource:822] CUBIN 1D alloc (dlfg_network_resource), m_allocCount=172, currentSize 0.0 MB, totalSize 119.9 MB

[2026-10-05 22:39:15] [tid:1188488][ResourceName::getPublicName:679] ProductionResourceName: 'nv.ngx.dlssg.resource'

[2026-10-05 22:39:15] [tid:1188488][NGXCubinD3D12::SetResourceName:1083] D3D12 SetResourceName: nv.ngx.dlssg.resource

[2026-10-05 22:39:15] [tid:1188488][NGXCubinGeneric::CreateBufferResource:822] CUBIN 1D alloc (dlfg_network_resource), m_allocCount=173, currentSize 0.0 MB, totalSize 119.9 MB

[2026-10-05 22:39:15] [tid:1188488][ResourceName::getPublicName:679] ProductionResourceName: 'nv.ngx.dlssg.resource'

[2026-10-05 22:39:15] [tid:1188488][NGXCubinD3D12::SetResourceName:1083] D3D12 SetResourceName: nv.ngx.dlssg.resource

[2026-10-05 22:39:15] [tid:1188488][NGXCubinGeneric::CreateBufferResource:822] CUBIN 1D alloc (dlfg_network_resource), m_allocCount=174, currentSize 0.0 MB, totalSize 119.9 MB

[2026-10-05 22:39:15] [tid:1188488][ResourceName::getPublicName:679] ProductionResourceName: 'nv.ngx.dlssg.resource'

[2026-10-05 22:39:15] [tid:1188488][NGXCubinD3D12::SetResourceName:1083] D3D12 SetResourceName: nv.ngx.dlssg.resource

[2026-10-05 22:39:15] [tid:1188488][NGXCubinGeneric::CreateBufferResource:822] CUBIN 1D alloc (dlfg_network_resource), m_allocCount=175, currentSize 0.0 MB, totalSize 120.0 MB

[2026-10-05 22:39:15] [tid:1188488][ResourceName::getPublicName:679] ProductionResourceName: 'nv.ngx.dlssg.resource'

[2026-10-05 22:39:15] [tid:1188488][NGXCubinD3D12::SetResourceName:1083] D3D12 SetResourceName: nv.ngx.dlssg.resource

[2026-10-05 22:39:15] [tid:1188488][NGXCubinGeneric::CreateBufferResource:822] CUBIN 1D alloc (dlfg_network_resource), m_allocCount=176, currentSize 0.0 MB, totalSize 120.0 MB

[2026-10-05 22:39:15] [tid:1188488][ResourceName::getPublicName:679] ProductionResourceName: 'nv.ngx.dlssg.resource'

[2026-10-05 22:39:15] [tid:1188488][NGXCubinD3D12::SetResourceName:1083] D3D12 SetResourceName: nv.ngx.dlssg.resource

[2026-10-05 22:39:15] [tid:1188488][NGXCubinGeneric::CreateBufferResource:822] CUBIN 1D alloc (dlfg_network_resource), m_allocCount=177, currentSize 0.0 MB, totalSize 120.0 MB

[2026-10-05 22:39:15] [tid:1188488][ResourceName::getPublicName:679] ProductionResourceName: 'nv.ngx.dlssg.resource'

[2026-10-05 22:39:15] [tid:1188488][NGXCubinD3D12::SetResourceName:1083] D3D12 SetResourceName: nv.ngx.dlssg.resource

[2026-10-05 22:39:15] [tid:1188488][NGXCubinGeneric::CreateBufferResource:822] CUBIN 1D alloc (dlfg_network_resource), m_allocCount=178, currentSize 0.0 MB, totalSize 120.0 MB

[2026-10-05 22:39:15] [tid:1188488][ResourceName::getPublicName:679] ProductionResourceName: 'nv.ngx.dlssg.resource'

[2026-10-05 22:39:15] [tid:1188488][NGXCubinD3D12::SetResourceName:1083] D3D12 SetResourceName: nv.ngx.dlssg.resource

[2026-10-05 22:39:15] [tid:1188488][NGXCubinGeneric::CreateBufferResource:822] CUBIN 1D alloc (dlfg_network_resource), m_allocCount=179, currentSize 0.0 MB, totalSize 120.0 MB

[2026-10-05 22:39:15] [tid:1188488][ResourceName::getPublicName:679] ProductionResourceName: 'nv.ngx.dlssg.resource'

[2026-10-05 22:39:15] [tid:1188488][NGXCubinD3D12::SetResourceName:1083] D3D12 SetResourceName: nv.ngx.dlssg.resource

[2026-10-05 22:39:15] [tid:1188488][NGXCubinGeneric::CreateBufferResource:822] CUBIN 1D alloc (dlfg_network_resource), m_allocCount=180, currentSize 0.0 MB, totalSize 120.0 MB

[2026-10-05 22:39:15] [tid:1188488][ResourceName::getPublicName:679] ProductionResourceName: 'nv.ngx.dlssg.resource'

[2026-10-05 22:39:15] [tid:1188488][NGXCubinD3D12::SetResourceName:1083] D3D12 SetResourceName: nv.ngx.dlssg.resource

[2026-10-05 22:39:15] [tid:1188488][NGXCubinGeneric::CreateBufferResource:822] CUBIN 1D alloc (dlfg_network_resource), m_allocCount=181, currentSize 0.0 MB, totalSize 120.0 MB

[2026-10-05 22:39:15] [tid:1188488][ResourceName::getPublicName:679] ProductionResourceName: 'nv.ngx.dlssg.resource'

[2026-10-05 22:39:15] [tid:1188488][NGXCubinD3D12::SetResourceName:1083] D3D12 SetResourceName: nv.ngx.dlssg.resource

[2026-10-05 22:39:15] [tid:1188488][NGXCubinGeneric::CreateBufferResource:822] CUBIN 1D alloc (dlfg_network_resource), m_allocCount=182, currentSize 0.0 MB, totalSize 120.0 MB

[2026-10-05 22:39:15] [tid:1188488][ResourceName::getPublicName:679] ProductionResourceName: 'nv.ngx.dlssg.resource'

[2026-10-05 22:39:15] [tid:1188488][NGXCubinD3D12::SetResourceName:1083] D3D12 SetResourceName: nv.ngx.dlssg.resource

[2026-10-05 22:39:15] [tid:1188488][NGXCubinGeneric::CreateBufferResource:822] CUBIN 1D alloc (dlfg_network_resource), m_allocCount=183, currentSize 0.0 MB, totalSize 120.0 MB

[2026-10-05 22:39:15] [tid:1188488][ResourceName::getPublicName:679] ProductionResourceName: 'nv.ngx.dlssg.resource'

[2026-10-05 22:39:15] [tid:1188488][NGXCubinD3D12::SetResourceName:1083] D3D12 SetResourceName: nv.ngx.dlssg.resource

[2026-10-05 22:39:15] [tid:1188488][NGXCubinGeneric::CreateBufferResource:822] CUBIN 1D alloc (dlfg_network_resource), m_allocCount=184, currentSize 0.0 MB, totalSize 120.0 MB

[2026-10-05 22:39:15] [tid:1188488][ResourceName::getPublicName:679] ProductionResourceName: 'nv.ngx.dlssg.resource'

[2026-10-05 22:39:15] [tid:1188488][NGXCubinD3D12::SetResourceName:1083] D3D12 SetResourceName: nv.ngx.dlssg.resource

[2026-10-05 22:39:15] [tid:1188488][NGXCubinGeneric::CreateBufferResource:822] CUBIN 1D alloc (dlfg_network_resource), m_allocCount=185, currentSize 0.0 MB, totalSize 120.0 MB

[2026-10-05 22:39:15] [tid:1188488][ResourceName::getPublicName:679] ProductionResourceName: 'nv.ngx.dlssg.resource'

[2026-10-05 22:39:15] [tid:1188488][NGXCubinD3D12::SetResourceName:1083] D3D12 SetResourceName: nv.ngx.dlssg.resource

[2026-10-05 22:39:15] [tid:1188488][NGXCubinGeneric::CreateBufferResource:822] CUBIN 1D alloc (dlfg_network_resource), m_allocCount=186, currentSize 0.0 MB, totalSize 120.1 MB

[2026-10-05 22:39:15] [tid:1188488][ResourceName::getPublicName:679] ProductionResourceName: 'nv.ngx.dlssg.resource'

[2026-10-05 22:39:15] [tid:1188488][NGXCubinD3D12::SetResourceName:1083] D3D12 SetResourceName: nv.ngx.dlssg.resource

[2026-10-05 22:39:15] [tid:1188488][NGXCubinGeneric::CreateBufferResource:822] CUBIN 1D alloc (dlfg_network_resource), m_allocCount=187, currentSize 0.0 MB, totalSize 120.1 MB

[2026-10-05 22:39:15] [tid:1188488][ResourceName::getPublicName:679] ProductionResourceName: 'nv.ngx.dlssg.resource'

[2026-10-05 22:39:15] [tid:1188488][NGXCubinD3D12::SetResourceName:1083] D3D12 SetResourceName: nv.ngx.dlssg.resource

[2026-10-05 22:39:15] [tid:1188488][NGXCubinGeneric::CreateBufferResource:822] CUBIN 1D alloc (dlfg_network_resource), m_allocCount=188, currentSize 0.0 MB, totalSize 120.1 MB

[2026-10-05 22:39:15] [tid:1188488][ResourceName::getPublicName:679] ProductionResourceName: 'nv.ngx.dlssg.resource'

[2026-10-05 22:39:15] [tid:1188488][NGXCubinD3D12::SetResourceName:1083] D3D12 SetResourceName: nv.ngx.dlssg.resource

[2026-10-05 22:39:15] [tid:1188488][NGXCubinGeneric::CreateBufferResource:822] CUBIN 1D alloc (dlfg_network_resource), m_allocCount=189, currentSize 0.0 MB, totalSize 120.1 MB

[2026-10-05 22:39:15] [tid:1188488][ResourceName::getPublicName:679] ProductionResourceName: 'nv.ngx.dlssg.resource'

[2026-10-05 22:39:15] [tid:1188488][NGXCubinD3D12::SetResourceName:1083] D3D12 SetResourceName: nv.ngx.dlssg.resource

[2026-10-05 22:39:15] [tid:1188488][NGXCubinGeneric::CreateBufferResource:822] CUBIN 1D alloc (dlfg_network_resource), m_allocCount=190, currentSize 0.0 MB, totalSize 120.1 MB

[2026-10-05 22:39:15] [tid:1188488][ResourceName::getPublicName:679] ProductionResourceName: 'nv.ngx.dlssg.resource'

[2026-10-05 22:39:15] [tid:1188488][NGXCubinD3D12::SetResourceName:1083] D3D12 SetResourceName: nv.ngx.dlssg.resource

[2026-10-05 22:39:15] [tid:1188488][NGXCubinGeneric::CreateBufferResource:822] CUBIN 1D alloc (dlfg_network_resource), m_allocCount=191, currentSize 0.0 MB, totalSize 120.1 MB

[2026-10-05 22:39:15] [tid:1188488][ResourceName::getPublicName:679] ProductionResourceName: 'nv.ngx.dlssg.resource'

[2026-10-05 22:39:15] [tid:1188488][NGXCubinD3D12::SetResourceName:1083] D3D12 SetResourceName: nv.ngx.dlssg.resource

[2026-10-05 22:39:15] [tid:1188488][NGXCubinGeneric::CreateBufferResource:822] CUBIN 1D alloc (dlfg_network_resource), m_allocCount=192, currentSize 0.0 MB, totalSize 120.1 MB

[2026-10-05 22:39:15] [tid:1188488][ResourceName::getPublicName:679] ProductionResourceName: 'nv.ngx.dlssg.resource'

[2026-10-05 22:39:15] [tid:1188488][NGXCubinD3D12::SetResourceName:1083] D3D12 SetResourceName: nv.ngx.dlssg.resource

[2026-10-05 22:39:15] [tid:1188488][NGXCubinGeneric::CreateBufferResource:822] CUBIN 1D alloc (dlfg_network_resource), m_allocCount=193, currentSize 0.0 MB, totalSize 120.1 MB

[2026-10-05 22:39:15] [tid:1188488][ResourceName::getPublicName:679] ProductionResourceName: 'nv.ngx.dlssg.resource'

[2026-10-05 22:39:15] [tid:1188488][NGXCubinD3D12::SetResourceName:1083] D3D12 SetResourceName: nv.ngx.dlssg.resource

[2026-10-05 22:39:15] [tid:1188488][NGXCubinGeneric::CreateBufferResource:822] CUBIN 1D alloc (dlfg_network_resource), m_allocCount=194, currentSize 0.0 MB, totalSize 120.1 MB

[2026-10-05 22:39:15] [tid:1188488][ResourceName::getPublicName:679] ProductionResourceName: 'nv.ngx.dlssg.resource'

[2026-10-05 22:39:15] [tid:1188488][NGXCubinD3D12::SetResourceName:1083] D3D12 SetResourceName: nv.ngx.dlssg.resource

[2026-10-05 22:39:15] [tid:1188488][NGXCubinGeneric::CreateBufferResource:822] CUBIN 1D alloc (dlfg_network_resource), m_allocCount=195, currentSize 0.0 MB, totalSize 120.1 MB

[2026-10-05 22:39:15] [tid:1188488][ResourceName::getPublicName:679] ProductionResourceName: 'nv.ngx.dlssg.resource'

[2026-10-05 22:39:15] [tid:1188488][NGXCubinD3D12::SetResourceName:1083] D3D12 SetResourceName: nv.ngx.dlssg.resource

[2026-10-05 22:39:15] [tid:1188488][NGXCubinGeneric::CreateBufferResource:822] CUBIN 1D alloc (dlfg_network_resource), m_allocCount=196, currentSize 0.0 MB, totalSize 120.1 MB

[2026-10-05 22:39:15] [tid:1188488][ResourceName::getPublicName:679] ProductionResourceName: 'nv.ngx.dlssg.resource'

[2026-10-05 22:39:15] [tid:1188488][NGXCubinD3D12::SetResourceName:1083] D3D12 SetResourceName: nv.ngx.dlssg.resource

[2026-10-05 22:39:15] [tid:1188488][NGXCubinGeneric::CreateBufferResource:822] CUBIN 1D alloc (dlfg_network_resource), m_allocCount=197, currentSize 0.0 MB, totalSize 120.1 MB

[2026-10-05 22:39:15] [tid:1188488][ResourceName::getPublicName:679] ProductionResourceName: 'nv.ngx.dlssg.resource'

[2026-10-05 22:39:15] [tid:1188488][NGXCubinD3D12::SetResourceName:1083] D3D12 SetResourceName: nv.ngx.dlssg.resource

[2026-10-05 22:39:15] [tid:1188488][NGXCubinGeneric::CreateBufferResource:822] CUBIN 1D alloc (dlfg_network_resource), m_allocCount=198, currentSize 0.0 MB, totalSize 120.2 MB

[2026-10-05 22:39:15] [tid:1188488][ResourceName::getPublicName:679] ProductionResourceName: 'nv.ngx.dlssg.resource'

[2026-10-05 22:39:15] [tid:1188488][NGXCubinD3D12::SetResourceName:1083] D3D12 SetResourceName: nv.ngx.dlssg.resource

[2026-10-05 22:39:15] [tid:1188488][NGXCubinGeneric::CreateBufferResource:822] CUBIN 1D alloc (dlfg_network_resource), m_allocCount=199, currentSize 0.0 MB, totalSize 120.2 MB

[2026-10-05 22:39:15] [tid:1188488][ResourceName::getPublicName:679] ProductionResourceName: 'nv.ngx.dlssg.resource'

[2026-10-05 22:39:15] [tid:1188488][NGXCubinD3D12::SetResourceName:1083] D3D12 SetResourceName: nv.ngx.dlssg.resource

[2026-10-05 22:39:15] [tid:1188488][NGXCubinGeneric::CreateBufferResource:822] CUBIN 1D alloc (dlfg_network_resource), m_allocCount=200, currentSize 0.0 MB, totalSize 120.2 MB

[2026-10-05 22:39:15] [tid:1188488][ResourceName::getPublicName:679] ProductionResourceName: 'nv.ngx.dlssg.resource'

[2026-10-05 22:39:15] [tid:1188488][NGXCubinD3D12::SetResourceName:1083] D3D12 SetResourceName: nv.ngx.dlssg.resource

[2026-10-05 22:39:15] [tid:1188488][NGXCubinGeneric::CreateBufferResource:822] CUBIN 1D alloc (dlfg_network_resource), m_allocCount=201, currentSize 0.0 MB, totalSize 120.2 MB

[2026-10-05 22:39:15] [tid:1188488][ResourceName::getPublicName:679] ProductionResourceName: 'nv.ngx.dlssg.resource'

[2026-10-05 22:39:15] [tid:1188488][NGXCubinD3D12::SetResourceName:1083] D3D12 SetResourceName: nv.ngx.dlssg.resource

[2026-10-05 22:39:15] [tid:1188488][NGXCubinGeneric::CreateBufferResource:822] CUBIN 1D alloc (dlfg_network_resource), m_allocCount=202, currentSize 0.0 MB, totalSize 120.2 MB

[2026-10-05 22:39:15] [tid:1188488][ResourceName::getPublicName:679] ProductionResourceName: 'nv.ngx.dlssg.resource'

[2026-10-05 22:39:15] [tid:1188488][NGXCubinD3D12::SetResourceName:1083] D3D12 SetResourceName: nv.ngx.dlssg.resource

[2026-10-05 22:39:15] [tid:1188488][NGXCubinGeneric::CreateBufferResource:822] CUBIN 1D alloc (dlfg_network_resource), m_allocCount=203, currentSize 0.0 MB, totalSize 120.2 MB

[2026-10-05 22:39:15] [tid:1188488][ResourceName::getPublicName:679] ProductionResourceName: 'nv.ngx.dlssg.resource'

[2026-10-05 22:39:15] [tid:1188488][NGXCubinD3D12::SetResourceName:1083] D3D12 SetResourceName: nv.ngx.dlssg.resource

[2026-10-05 22:39:15] [tid:1188488][NGXCubinGeneric::CreateBufferResource:822] CUBIN 1D alloc (dlfg_network_resource), m_allocCount=204, currentSize 0.0 MB, totalSize 120.2 MB

[2026-10-05 22:39:15] [tid:1188488][ResourceName::getPublicName:679] ProductionResourceName: 'nv.ngx.dlssg.resource'

[2026-10-05 22:39:15] [tid:1188488][NGXCubinD3D12::SetResourceName:1083] D3D12 SetResourceName: nv.ngx.dlssg.resource

[2026-10-05 22:39:15] [tid:1188488][NGXCubinGeneric::CreateBufferResource:822] CUBIN 1D alloc (dlfg_network_resource), m_allocCount=205, currentSize 0.0 MB, totalSize 120.2 MB

[2026-10-05 22:39:15] [tid:1188488][ResourceName::getPublicName:679] ProductionResourceName: 'nv.ngx.dlssg.resource'

[2026-10-05 22:39:15] [tid:1188488][NGXCubinD3D12::SetResourceName:1083] D3D12 SetResourceName: nv.ngx.dlssg.resource

[2026-10-05 22:39:15] [NGXStoreCallToCreateFeature:780] stored create feature dlssg handle 3

[2026-10-05 22:39:15] [tid:1188488][NGXCubinGeneric::PushToDestroy:1142] Scheduled to destroy 0x1d583194d40

[2026-10-05 22:39:15] [tid:1188488][NGXCubinGeneric::PushToDestroy:1142] Scheduled to destroy 0x1d583196560

[2026-10-05 22:39:15] [tid:1188488][NGXCubinGeneric::PushToDestroy:1142] Scheduled to destroy 0x1d583193520

[2026-10-05 22:39:15] [tid:1188488][NGXCubinGeneric::PushToDestroy:1142] Scheduled to destroy 0x1d583197d80

[2026-10-05 22:39:15] [tid:1188488][NGXCubinGeneric::PushToDestroy:1142] Scheduled to destroy 0x1d58224e450

[2026-10-05 22:39:15] [tid:1188488][NGXCubinGeneric::PushToDestroy:1142] Scheduled to destroy 0x1d58224d840

[2026-10-05 22:39:15] [tid:1188488][NGXCubinGeneric::PushToDestroy:1142] Scheduled to destroy 0x1d582251490

[2026-10-05 22:39:15] [tid:1188488][NGXCubinGeneric::PushToDestroy:1142] Scheduled to destroy 0x1d58224fc70

[2026-10-05 22:39:15] [tid:1188488][NGXCubinGeneric::PushToDestroy:1142] Scheduled to destroy 0x1d582256900

[2026-10-05 22:39:15] [tid:1188488][NGXCubinGeneric::PushToDestroy:1142] Scheduled to destroy 0x1d5822538c0

[2026-10-05 22:39:15] [tid:1188488][NGXCubinGeneric::PushToDestroy:1142] Scheduled to destroy 0x1d5822544d0

[2026-10-05 22:39:15] [tid:1188488][NGXCubinGeneric::PushToDestroy:1142] Scheduled to destroy 0x1d5959c4500

[2026-10-05 22:39:15] [tid:1188488][NGXCubinGeneric::PushToDestroy:1142] Scheduled to destroy 0x1d5959c20d0

[2026-10-05 22:39:15] [tid:1188488][NGXCubinGeneric::PushToDestroy:1142] Scheduled to destroy 0x1d5959c5110

[2026-10-05 22:39:15] [tid:1188488][NGXCubinGeneric::PushToDestroy:1142] Scheduled to destroy 0x1d5959c8150

[2026-10-05 22:39:15] [tid:1188488][NGXCubinGeneric::PushToDestroy:1142] Scheduled to destroy 0x1d5959c6930

[2026-10-05 22:39:15] [tid:1188488][NGXCubinGeneric::PushToDestroy:1142] Scheduled to destroy 0x1d5959c7540

[2026-10-05 22:39:15] [tid:1188488][NGXCubinGeneric::PushToDestroy:1142] Scheduled to destroy 0x1d59545f9d0

[2026-10-05 22:39:15] [tid:1188488][NGXCubinGeneric::PushToDestroy:1142] Scheduled to destroy 0x1d5954605e0

[2026-10-05 22:39:15] [tid:1188488][NGXCubinGeneric::PushToDestroy:1142] Scheduled to destroy 0x1d595462a10

[2026-10-05 22:39:15] [tid:1188488][NGXCubinGeneric::PushToDestroy:1142] Scheduled to destroy 0x1d595463620

[2026-10-05 22:39:15] [tid:1188488][NGXCubinGeneric::PushToDestroy:1142] Scheduled to destroy 0x1d5954611f0

[2026-10-05 22:39:15] [tid:1188488][NGXCubinGeneric::PushToDestroy:1142] Scheduled to destroy 0x1d595464e40

[2026-10-05 22:39:15] [tid:1188488][NGXCubinGeneric::PushToDestroy:1142] Scheduled to destroy 0x1d595467270

[2026-10-05 22:39:15] [tid:1188488][NGXCubinGeneric::PushToDestroy:1142] Scheduled to destroy 0x1d5959aecc0

[2026-10-05 22:39:15] [tid:1188488][NGXCubinGeneric::PushToDestroy:1142] Scheduled to destroy 0x1d5959b10f0

[2026-10-05 22:39:15] [tid:1188488][NGXCubinGeneric::PushToDestroy:1142] Scheduled to destroy 0x1d5959b4d40

[2026-10-05 22:39:15] [tid:1188488][NGXCubinGeneric::PushToDestroy:1142] Scheduled to destroy 0x1d5959b4130

[2026-10-05 22:39:15] [tid:1188488][NGXCubinGeneric::PushToDestroy:1142] Scheduled to destroy 0x1d5959b5950

[2026-10-05 22:39:15] [tid:1188488][NGXCubinGeneric::PushToDestroy:1142] Scheduled to destroy 0x1d5959b7170

[2026-10-05 22:39:15] [tid:1188488][NGXCubinGeneric::PushToDestroy:1142] Scheduled to destroy 0x1d5959b7d80

[2026-10-05 22:39:15] [tid:1188488][NGXCubinGeneric::PushToDestroy:1142] Scheduled to destroy 0x1d5959b6560

[2026-10-05 22:39:15] [tid:1188488][NGXCubinGeneric::PushToDestroy:1142] Scheduled to destroy 0x1d5959badc0

[2026-10-05 22:39:15] [tid:1188488][NGXCubinGeneric::PushToDestroy:1142] Scheduled to destroy 0x1d5959ba1b0

[2026-10-05 22:39:15] [tid:1188488][NGXCubinGeneric::PushToDestroy:1142] Scheduled to destroy 0x1d5ff61c520

[2026-10-05 22:39:15] [tid:1188488][NGXCubinGeneric::PushToDestroy:1142] Scheduled to destroy 0x1d5ff61ad00

[2026-10-05 22:39:15] [tid:1188488][NGXCubinGeneric::PushToDestroy:1142] Scheduled to destroy 0x1d5ff61b910

[2026-10-05 22:39:15] [tid:1188488][NGXCubinGeneric::PushToDestroy:1142] Scheduled to destroy 0x1d5ff620170

[2026-10-05 22:39:15] [tid:1188488][NGXCubinGeneric::PushToDestroy:1142] Scheduled to destroy 0x1d5ff620d80

[2026-10-05 22:39:15] [tid:1188488][NGXCubinGeneric::PushToDestroy:1142] Scheduled to destroy 0x1d5ff6231b0

[2026-10-05 22:39:15] [tid:1188488][NGXCubinGeneric::PushToDestroy:1142] Scheduled to destroy 0x1d5ff6225a0

[2026-10-05 22:39:15] [tid:1188488][NGXCubinGeneric::PushToDestroy:1142] Scheduled to destroy 0x1d5ff6255e0

[2026-10-05 22:39:15] [tid:1188488][NGXCubinGeneric::PushToDestroy:1142] Scheduled to destroy 0x1d5ff629e40

[2026-10-05 22:39:15] [tid:1188488][NGXCubinGeneric::PushToDestroy:1142] Scheduled to destroy 0x1d5ff627a10

[2026-10-05 22:39:15] [tid:1188488][NGXCubinGeneric::PushToDestroy:1142] Scheduled to destroy 0x1d5ff629230

[2026-10-05 22:39:15] [tid:1188488][NGXCubinGeneric::PushToDestroy:1142] Scheduled to destroy 0x1d59580ab20

[2026-10-05 22:39:15] [tid:1188488][NGXCubinGeneric::PushToDestroy:1142] Scheduled to destroy 0x1d5958086f0

[2026-10-05 22:39:15] [tid:1188488][NGXCubinGeneric::PushToDestroy:1142] Scheduled to destroy 0x1d595809300

[2026-10-05 22:39:15] [tid:1188488][NGXCubinGeneric::PushToDestroy:1142] Scheduled to destroy 0x1d59580ff90

[2026-10-05 22:39:15] [tid:1188488][NGXCubinGeneric::PushToDestroy:1142] Scheduled to destroy 0x1d59580cf50

[2026-10-05 22:39:15] [tid:1188488][NGXCubinGeneric::PushToDestroy:1142] Scheduled to destroy 0x1d59580db60

[2026-10-05 22:39:15] [tid:1188488][NGXCubinGeneric::PushToDestroy:1142] Scheduled to destroy 0x1d5958123c0

[2026-10-05 22:39:15] [tid:1188488][NGXCubinGeneric::PushToDestroy:1142] Scheduled to destroy 0x1d595816010

[2026-10-05 22:39:15] [tid:1188488][NGXCubinGeneric::PushToDestroy:1142] Scheduled to destroy 0x1d595815400

[2026-10-05 22:39:15] [tid:1188488][NGXCubinGeneric::PushToDestroy:1142] Scheduled to destroy 0x1d595816c20

[2026-10-05 22:39:15] [tid:1188488][NGXCubinGeneric::PushToDestroy:1142] Scheduled to destroy 0x1d5957bd550

[2026-10-05 22:39:15] [tid:1188488][NGXCubinGeneric::PushToDestroy:1142] Scheduled to destroy 0x1d5957be160

[2026-10-05 22:39:15] [tid:1188488][NGXCubinGeneric::PushToDestroy:1142] Scheduled to destroy 0x1d5957bed70

[2026-10-05 22:39:15] [tid:1188488][NGXCubinGeneric::PushToDestroy:1142] Scheduled to destroy 0x1d5957c41e0

[2026-10-05 22:39:15] [tid:1188488][NGXCubinGeneric::PushToDestroy:1142] Scheduled to destroy 0x1d5957c11a0

[2026-10-05 22:39:15] [tid:1188488][NGXCubinGeneric::PushToDestroy:1142] Scheduled to destroy 0x1d5957c7e30

[2026-10-05 22:39:15] [tid:1188488][NGXCubinGeneric::PushToDestroy:1142] Scheduled to destroy 0x1d5957c6610

[2026-10-05 22:39:15] [tid:1188488][NGXCubinGeneric::PushToDestroy:1142] Scheduled to destroy 0x1d5957c5a00

[2026-10-05 22:39:15] [tid:1188488][NGXCubinGeneric::PushToDestroy:1142] Scheduled to destroy 0x1d5957c9650

[2026-10-05 22:39:15] [tid:1188488][NGXCubinGeneric::PushToDestroy:1142] Scheduled to destroy 0x1d5957cae70

[2026-10-05 22:39:15] [tid:1188488][NGXCubinGeneric::PushToDestroy:1142] Scheduled to destroy 0x1d5957cc690

[2026-10-05 22:39:15] [tid:1188488][NGXCubinGeneric::PushToDestroy:1142] Scheduled to destroy 0x1d59568de00

[2026-10-05 22:39:15] [TelemetrySessionDataHelper::SetTelemetryDataForHandle:1159] warning: snippet is using telemetry schema version 4.4, which is greater than the driver's last known version (4.2). Telemetry data may be incomplete.

[2026-10-05 22:39:15] [NGXSendTelemetryEvaluateDataV3:544] Sending Telemetry: DLSS-G Eval Data

[2026-10-05 22:39:15] [NGXSendTelemetryEvaluateDataV3:600] QualityMode = 6

[2026-10-05 22:39:15] [NGXSendTelemetryEvaluateDataV3:601] Width = 1280

[2026-10-05 22:39:15] [NGXSendTelemetryEvaluateDataV3:602] Height = 720

[2026-10-05 22:39:15] [NGXSendTelemetryEvaluateDataV3:603] FullscreenMode = 0

[2026-10-05 22:39:15] [NGXSendTelemetryEvaluateDataV3:604] WeightName = convoluted_cat

[2026-10-05 22:39:15] [NGXSendTelemetryEvaluateDataV3:605] WeightVariantName = endpoint

[2026-10-05 22:39:15] [NGXSendTelemetryEvaluateDataV3:606] TargetFrameRate = 0.000000

[2026-10-05 22:39:15] [NGXSendTelemetryEvaluateDataV3:607] MultiFrameCount = 1

[2026-10-05 22:39:15] [NGXSendTelemetryEvaluateDataV3:608] HasHudless = 1

[2026-10-05 22:39:15] [NGXSendTelemetryEvaluateDataV3:609] HasAlphaUI = 0

[2026-10-05 22:39:15] [NGXSendTelemetryEvaluateDataV3:610] DepthInverted = 0

[2026-10-05 22:39:15] [NGXSendTelemetryEvaluateDataV3:611] MVJittered = 0

[2026-10-05 22:39:15] [NGXSendTelemetryEvaluateDataV3:613] LatewarpEnabled = 0

[2026-10-05 22:39:15] [NGXSendTelemetryEvaluateDataV3:614] MVHasCamera = 1

[2026-10-05 22:39:15] [NGXSendTelemetryEvaluateDataV3:615] MVDilated = 0

[2026-10-05 22:39:15] [NGXSendTelemetryEvaluateDataV3:616] SLFGMode = 0

[2026-10-05 22:39:15] [NGXSendTelemetryEvaluateDataV3:617] ColorExtentWidth = 1280

[2026-10-05 22:39:15] [NGXSendTelemetryEvaluateDataV3:618] ColorExtentHeight = 720

[2026-10-05 22:39:15] [NGXSendTelemetryEvaluateDataV3:619] ColorExtentBaseX = 0

[2026-10-05 22:39:15] [NGXSendTelemetryEvaluateDataV3:620] ColorExtentBaseY = 0

[2026-10-05 22:39:15] [NGXSendTelemetryEvaluateDataV3:621] MVExtentWidth = 1280

[2026-10-05 22:39:15] [NGXSendTelemetryEvaluateDataV3:622] MVExtentHeight = 720

[2026-10-05 22:39:15] [NGXSendTelemetryEvaluateDataV3:623] MVExtentBaseX = 0

[2026-10-05 22:39:15] [NGXSendTelemetryEvaluateDataV3:624] MVExtentBaseY = 0

[2026-10-05 22:39:15] [NGXSendTelemetryEvaluateDataV3:625] MVSubrectHeight = 0

[2026-10-05 22:39:15] [NGXSendTelemetryEvaluateDataV3:626] MVSubrectWidth = 0

[2026-10-05 22:39:15] [NGXSendTelemetryEvaluateDataV3:627] MenuDetectionMode = 2

[2026-10-05 22:39:15] [NGXSendTelemetryEvaluateDataV3:628] VRAMAllocated = 0

[2026-10-05 22:39:15] [NGXSendTelemetryEvaluateDataV3:875] appExeName = hybrid_mfg_x4_mv_contract.exe

[2026-10-05 22:39:15] [NGXSendTelemetryEvaluateDataV3:876] drsProfileName = 

[2026-10-05 22:39:15] [NGXSendTelemetryEvaluateDataV3:877] drsName = 

[2026-10-05 22:39:15] [NGXSendTelemetryEvaluateDataV3:879] AppIdType = RENDERING_ENGINE

[2026-10-05 22:39:15] [NGXSendTelemetryEvaluateDataV3:880] ProjectId = 3e6891d2-09ac-4f54-ae8d-f481c3150d4b

[2026-10-05 22:39:15] [NGXSendTelemetryEvaluateDataV3:881] EngineVersion = 1.0.0

[2026-10-05 22:39:15] [NGXSendTelemetryEvaluateDataV3:882] EngineType = custom

[2026-10-05 22:39:15] [NGXSendTelemetryEvaluateDataV3:883] cmsId = 0

[2026-10-05 22:39:15] [NGXSendTelemetryEvaluateDataV3:884] gpuDeviceId = 9632

[2026-10-05 22:39:15] [NGXSendTelemetryEvaluateDataV3:885] gpuVendorId = 4318

[2026-10-05 22:39:15] [NGXSendTelemetryEvaluateDataV3:886] gpuSubSys = 979179434

[2026-10-05 22:39:15] [NGXSendTelemetryEvaluateDataV3:887] gpuRev = 161

[2026-10-05 22:39:15] [NGXSendTelemetryEvaluateDataV3:888] ngxSDKVersion = 1.5

[2026-10-05 22:39:15] [NGXSendTelemetryEvaluateDataV3:889] ngxCoreVersion = 1.4.0.0

[2026-10-05 22:39:15] [NGXSendTelemetryEvaluateDataV3:890] ngxFeatureVersion = 310.9.1

[2026-10-05 22:39:15] [NGXSendTelemetryEvaluateDataV3:891] displayDriverVersion = 596.49

[2026-10-05 22:39:15] [NGXSendTelemetryEvaluateDataV3:892] osVersion = 10.0.26100.9278

[2026-10-05 22:39:15] [NGXSendTelemetryEvaluateDataV3:893] APIType = 0

[2026-10-05 22:39:15] [NGXSendTelemetryEvaluateDataV3:894] GpuAPI = 2

[2026-10-05 22:39:15] [NGXSendTelemetryEvaluateDataV3:896] StreamlineVersion = 

[2026-10-05 22:39:15] [NGXSendTelemetryEvaluateDataV3:897] StreamlineGitSHA = 

[2026-10-05 22:39:15] [NGXSendTelemetryEvaluateDataV3:898] ExeModuleName = hybrid_mfg_x4_mv_contract.exe

[2026-10-05 22:39:15] [NGXSendTelemetryEvaluateDataV3:899] SnippetSchemaVer = 4.4

[2026-10-05 22:39:15] [NGXSendTelemetryEvaluateDataV3:905] -- END telemetry evaluate data --

[2026-10-05 22:39:16] [tid:1188488][NGXCubinGeneric::PushToDestroy:1142] Scheduled to destroy 0x1d5ff291160

[2026-10-05 22:39:16] [tid:1188488][NGXCubinGeneric::PushToDestroy:1142] Scheduled to destroy 0x1d5ff292a80

[2026-10-05 22:39:16] [tid:1188488][NGXCubinGeneric::PushToDestroy:1142] Scheduled to destroy 0x1d5ff28f840

[2026-10-05 22:39:16] [tid:1188488][NGXCubinGeneric::PushToDestroy:1142] Scheduled to destroy 0x1d5ff293710

[2026-10-05 22:39:16] [tid:1188488][NGXCubinGeneric::PushToDestroy:1142] Scheduled to destroy 0x1d5ff2943a0

[2026-10-05 22:39:16] [tid:1188488][NGXCubinGeneric::PushToDestroy:1142] Scheduled to destroy 0x1d5ff295030

[2026-10-05 22:39:16] [tid:1188488][NGXCubinGeneric::PushToDestroy:1142] Scheduled to destroy 0x1d583bc7d50

[2026-10-05 22:39:16] [tid:1188488][NGXCubinGeneric::PushToDestroy:1142] Scheduled to destroy 0x1d583bc9670

[2026-10-05 22:39:16] [tid:1188488][NGXCubinGeneric::PushToDestroy:1142] Scheduled to destroy 0x1d583bc89e0

[2026-10-05 22:39:16] [tid:1188488][NGXCubinGeneric::PushToDestroy:1142] Scheduled to destroy 0x1d583bca300

[2026-10-05 22:39:16] [tid:1188488][NGXCubinGeneric::PushToDestroy:1142] Scheduled to destroy 0x1d58317bf30

[2026-10-05 22:39:16] [tid:1188488][NGXCubinGeneric::PushToDestroy:1142] Scheduled to destroy 0x1d583bc70c0

[2026-10-05 22:39:16] [tid:1188488][NGXCubinGeneric::PushToDestroy:1142] Scheduled to destroy 0x1d583bcbc20

[2026-10-05 22:39:16] [tid:1188488][NGXCubinGeneric::PushToDestroy:1142] Scheduled to destroy 0x1d583bcd540

[2026-10-05 22:39:16] [tid:1188488][NGXCubinGeneric::PushToDestroy:1142] Scheduled to destroy 0x1d583bce1d0

[2026-10-05 22:39:16] [tid:1188488][NGXCubinGeneric::PushToDestroy:1142] Scheduled to destroy 0x1d583bcc8b0

[2026-10-05 22:39:16] [tid:1188488][NGXCubinGeneric::PushToDestroy:1142] Scheduled to destroy 0x1d583bcaf90

[2026-10-05 22:39:16] [tid:1188488][NGXCubinGeneric::PushToDestroy:1142] Scheduled to destroy 0x1d583bd20a0

[2026-10-05 22:39:16] [tid:1188488][NGXCubinGeneric::PushToDestroy:1142] Scheduled to destroy 0x1d583bd0780

[2026-10-05 22:39:16] [tid:1188488][NGXCubinGeneric::PushToDestroy:1142] Scheduled to destroy 0x1d58317b320

[2026-10-05 22:39:16] [tid:1188488][NGXCubinGeneric::PushToDestroy:1142] Scheduled to destroy 0x1d583178ef0

[2026-10-05 22:39:16] [tid:1188488][NGXCubinGeneric::PushToDestroy:1142] Scheduled to destroy 0x1d58317ef70

[2026-10-05 22:39:16] [tid:1188488][NGXCubinGeneric::PushToDestroy:1142] Scheduled to destroy 0x1d58317d750

[2026-10-05 22:39:16] [tid:1188488][NGXCubinGeneric::PushToDestroy:1142] Scheduled to destroy 0x1d583bd1410

[2026-10-05 22:39:16] [tid:1188488][NGXCubinGeneric::PushToDestroy:1142] Scheduled to destroy 0x1d583bcee60

[2026-10-05 22:39:16] [tid:1188488][NGXCubinGeneric::PushToDestroy:1142] Scheduled to destroy 0x1d583bd2d30

[2026-10-05 22:39:16] [tid:1188488][NGXCubinGeneric::PushToDestroy:1142] Scheduled to destroy 0x1d583bcfaf0

[2026-10-05 22:39:16] [tid:1188488][NGXCubinGeneric::PushToDestroy:1142] Scheduled to destroy 0x1d583bd4650

[2026-10-05 22:39:16] [tid:1188488][NGXCubinGeneric::PushToDestroy:1142] Scheduled to destroy 0x1d583bd5f70

[2026-10-05 22:39:16] [tid:1188488][NGXCubinGeneric::PushToDestroy:1142] Scheduled to destroy 0x1d583bd52e0

[2026-10-05 22:39:16] [tid:1188488][NGXCubinGeneric::PushToDestroy:1142] Scheduled to destroy 0x1d583bd6c00

[2026-10-05 22:39:16] [tid:1188488][NGXCubinGeneric::PushToDestroy:1142] Scheduled to destroy 0x1d583bd39c0

[2026-10-05 22:39:16] [tid:1188488][NGXCubinGeneric::PushToDestroy:1142] Scheduled to destroy 0x1d5824e79b0

[2026-10-05 22:39:16] [tid:1188488][NGXCubinGeneric::PushToDestroy:1142] Scheduled to destroy 0x1d5824e8640

[2026-10-05 22:39:16] [tid:1188488][NGXCubinGeneric::PushToDestroy:1142] Scheduled to destroy 0x1d5824e92d0

[2026-10-05 22:39:16] [tid:1188488][NGXCubinGeneric::PushToDestroy:1142] Scheduled to destroy 0x1d58317fb80

[2026-10-05 22:39:16] [tid:1188488][NGXCubinGeneric::PushToDestroy:1142] Scheduled to destroy 0x1d58317cb40

[2026-10-05 22:39:16] [tid:1188488][NGXCubinGeneric::PushToDestroy:1142] Scheduled to destroy 0x1d58317e360

[2026-10-05 22:39:16] [tid:1188488][NGXCubinGeneric::PushToDestroy:1142] Scheduled to destroy 0x1d5831837d0

[2026-10-05 22:39:16] [tid:1188488][NGXCubinGeneric::PushToDestroy:1142] Scheduled to destroy 0x1d583180790

[2026-10-05 22:39:16] [tid:1188488][NGXCubinGeneric::PushToDestroy:1142] Scheduled to destroy 0x1d5831843e0

[2026-10-05 22:39:16] [tid:1188488][NGXCubinGeneric::PushToDestroy:1142] Scheduled to destroy 0x1d583181fb0

[2026-10-05 22:39:16] [tid:1188488][NGXCubinGeneric::PushToDestroy:1142] Scheduled to destroy 0x1d5831813a0

[2026-10-05 22:39:16] [tid:1188488][NGXCubinGeneric::PushToDestroy:1142] Scheduled to destroy 0x1d583184ff0

[2026-10-05 22:39:16] [tid:1188488][NGXCubinGeneric::PushToDestroy:1142] Scheduled to destroy 0x1d583185c00

[2026-10-05 22:39:16] [tid:1188488][NGXCubinGeneric::PushToDestroy:1142] Scheduled to destroy 0x1d583182bc0

[2026-10-05 22:39:16] [tid:1188488][NGXCubinGeneric::PushToDestroy:1142] Scheduled to destroy 0x1d583188030

[2026-10-05 22:39:16] [tid:1188488][NGXCubinGeneric::PushToDestroy:1142] Scheduled to destroy 0x1d583188c40

[2026-10-05 22:39:16] [tid:1188488][NGXCubinGeneric::PushToDestroy:1142] Scheduled to destroy 0x1d583187420

[2026-10-05 22:39:16] [tid:1188488][NGXCubinGeneric::PushToDestroy:1142] Scheduled to destroy 0x1d583186810

[2026-10-05 22:39:16] [tid:1188488][NGXCubinGeneric::PushToDestroy:1142] Scheduled to destroy 0x1d58318bc80

[2026-10-05 22:39:16] [tid:1188488][NGXCubinGeneric::PushToDestroy:1142] Scheduled to destroy 0x1d58318a460

[2026-10-05 22:39:16] [tid:1188488][NGXCubinGeneric::PushToDestroy:1142] Scheduled to destroy 0x1d58318b070

[2026-10-05 22:39:16] [tid:1188488][NGXCubinGeneric::PushToDestroy:1142] Scheduled to destroy 0x1d58318c890

[2026-10-05 22:39:16] [tid:1188488][NGXCubinGeneric::PushToDestroy:1142] Scheduled to destroy 0x1d583189850

[2026-10-05 22:39:16] [tid:1188488][NGXCubinGeneric::PushToDestroy:1142] Scheduled to destroy 0x1d58318ecc0

[2026-10-05 22:39:16] [tid:1188488][NGXCubinGeneric::PushToDestroy:1142] Scheduled to destroy 0x1d58318f8d0

[2026-10-05 22:39:16] [tid:1188488][NGXCubinGeneric::PushToDestroy:1142] Scheduled to destroy 0x1d58318e0b0

[2026-10-05 22:39:16] [tid:1188488][NGXCubinGeneric::PushToDestroy:1142] Scheduled to destroy 0x1d5831904e0

[2026-10-05 22:39:16] [tid:1188488][NGXCubinGeneric::PushToDestroy:1142] Scheduled to destroy 0x1d58318d4a0

[2026-10-05 22:39:16] [tid:1188488][NGXCubinGeneric::PushToDestroy:1142] Scheduled to destroy 0x1d583192910

[2026-10-05 22:39:16] [tid:1188488][NGXCubinGeneric::PushToDestroy:1142] Scheduled to destroy 0x1d583194130

[2026-10-05 22:39:16] [tid:1188488][NGXCubinGeneric::PushToDestroy:1142] Scheduled to destroy 0x1d5831910f0

[2026-10-05 22:39:16] [tid:1188488][NGXCubinGeneric::PushToDestroy:1142] Scheduled to destroy 0x1d583191d00

[2026-10-05 22:39:16] [tid:1188488][NGXCubinGeneric::PushToDestroy:1142] Scheduled to destroy 0x1d583195950

[2026-10-05 22:39:16] [tid:1188488][NGXCubinGeneric::PushToDestroy:1142] Scheduled to destroy 0x1d583197170

[2026-10-05 22:39:16] [tid:1188488][NGXCubinGeneric::PushToDestroy:1142] Scheduled to destroy 0x1d582250880

[2026-10-05 22:39:16] [tid:1188488][NGXCubinGeneric::PushToDestroy:1142] Scheduled to destroy 0x1d58224f060

[2026-10-05 22:39:16] [tid:1188488][NGXCubinGeneric::PushToDestroy:1142] Scheduled to destroy 0x1d582252cb0

[2026-10-05 22:39:16] [tid:1188488][NGXCubinGeneric::PushToDestroy:1142] Scheduled to destroy 0x1d5822520a0

[2026-10-05 22:39:16] [tid:1188488][NGXCubinGeneric::PushToDestroy:1142] Scheduled to destroy 0x1d582255cf0

[2026-10-05 22:39:16] [tid:1188488][NGXCubinGeneric::PushToDestroy:1142] Scheduled to destroy 0x1d5822550e0

[2026-10-05 22:39:16] [tid:1188488][NGXCubinGeneric::PushToDestroy:1142] Scheduled to destroy 0x1d582257510

[2026-10-05 22:39:16] [tid:1188488][NGXCubinGeneric::PushToDestroy:1142] Scheduled to destroy 0x1d582258120

[2026-10-05 22:39:16] [tid:1188488][NGXCubinGeneric::PushToDestroy:1142] Scheduled to destroy 0x1d5959c38f0

[2026-10-05 22:39:16] [tid:1188488][NGXCubinGeneric::PushToDestroy:1142] Scheduled to destroy 0x1d5959c5d20

[2026-10-05 22:39:16] [tid:1188488][NGXCubinGeneric::PushToDestroy:1142] Scheduled to destroy 0x1d5959c2ce0

[2026-10-05 22:39:16] [tid:1188488][NGXCubinGeneric::PushToDestroy:1142] Scheduled to destroy 0x1d5959c9970

[2026-10-05 22:39:16] [tid:1188488][NGXCubinGeneric::PushToDestroy:1142] Scheduled to destroy 0x1d5959ca580

[2026-10-05 22:39:16] [tid:1188488][NGXCubinGeneric::PushToDestroy:1142] Scheduled to destroy 0x1d5959cb190

[2026-10-05 22:39:16] [tid:1188488][NGXCubinGeneric::PushToDestroy:1142] Scheduled to destroy 0x1d5959cbda0

[2026-10-05 22:39:16] [tid:1188488][NGXCubinGeneric::PushToDestroy:1142] Scheduled to destroy 0x1d595459950

[2026-10-05 22:39:16] [tid:1188488][NGXCubinGeneric::PushToDestroy:1142] Scheduled to destroy 0x1d59545b170

[2026-10-05 22:39:16] [tid:1188488][NGXCubinGeneric::PushToDestroy:1142] Scheduled to destroy 0x1d59545a560

[2026-10-05 22:39:16] [tid:1188488][NGXCubinGeneric::PushToDestroy:1142] Scheduled to destroy 0x1d595458d40

[2026-10-05 22:39:16] [tid:1188488][NGXCubinGeneric::PushToDestroy:1142] Scheduled to destroy 0x1d595458130

[2026-10-05 22:39:16] [tid:1188488][NGXCubinGeneric::PushToDestroy:1142] Scheduled to destroy 0x1d59545bd80

[2026-10-05 22:39:16] [tid:1188488][NGXCubinGeneric::PushToDestroy:1142] Scheduled to destroy 0x1d59545e1b0

[2026-10-05 22:39:16] [tid:1188488][NGXCubinGeneric::PushToDestroy:1142] Scheduled to destroy 0x1d59545edc0

[2026-10-05 22:39:16] [tid:1188488][NGXCubinGeneric::PushToDestroy:1142] Scheduled to destroy 0x1d59545c990

[2026-10-05 22:39:16] [tid:1188488][NGXCubinGeneric::PushToDestroy:1142] Scheduled to destroy 0x1d59545d5a0

[2026-10-05 22:39:16] [tid:1188488][NGXCubinGeneric::PushToDestroy:1142] Scheduled to destroy 0x1d595464230

[2026-10-05 22:39:16] [tid:1188488][NGXCubinGeneric::PushToDestroy:1142] Scheduled to destroy 0x1d595461e00

[2026-10-05 22:39:16] [tid:1188488][NGXCubinGeneric::PushToDestroy:1142] Scheduled to destroy 0x1d595466660

[2026-10-05 22:39:16] [tid:1188488][NGXCubinGeneric::PushToDestroy:1142] Scheduled to destroy 0x1d595465a50

[2026-10-05 22:39:16] [tid:1188488][NGXCubinGeneric::PushToDestroy:1142] Scheduled to destroy 0x1d5959af8d0

[2026-10-05 22:39:16] [tid:1188488][NGXCubinGeneric::PushToDestroy:1142] Scheduled to destroy 0x1d5959b04e0

[2026-10-05 22:39:16] [tid:1188488][NGXCubinGeneric::PushToDestroy:1142] Scheduled to destroy 0x1d5959ae0b0

[2026-10-05 22:39:16] [tid:1188488][NGXCubinGeneric::PushToDestroy:1142] Scheduled to destroy 0x1d5959b3520

[2026-10-05 22:39:16] [tid:1188488][NGXCubinGeneric::PushToDestroy:1142] Scheduled to destroy 0x1d5959b1d00

[2026-10-05 22:39:16] [tid:1188488][NGXCubinGeneric::PushToDestroy:1142] Scheduled to destroy 0x1d5959b2910

[2026-10-05 22:39:16] [tid:1188488][NGXCubinGeneric::PushToDestroy:1142] Scheduled to destroy 0x1d5959b8990

[2026-10-05 22:39:16] [tid:1188488][NGXCubinGeneric::PushToDestroy:1142] Scheduled to destroy 0x1d5959b95a0

[2026-10-05 22:39:16] [tid:1188488][NGXCubinGeneric::PushToDestroy:1142] Scheduled to destroy 0x1d5959bc5e0

[2026-10-05 22:39:16] [tid:1188488][NGXCubinGeneric::PushToDestroy:1142] Scheduled to destroy 0x1d5959bd1f0

[2026-10-05 22:39:16] [tid:1188488][NGXCubinGeneric::PushToDestroy:1142] Scheduled to destroy 0x1d5959bb9d0

[2026-10-05 22:39:16] [tid:1188488][NGXCubinGeneric::PushToDestroy:1142] Scheduled to destroy 0x1d5ff61dd40

[2026-10-05 22:39:16] [tid:1188488][NGXCubinGeneric::PushToDestroy:1142] Scheduled to destroy 0x1d5ff61e950

[2026-10-05 22:39:16] [tid:1188488][NGXCubinGeneric::PushToDestroy:1142] Scheduled to destroy 0x1d5ff61f560

[2026-10-05 22:39:16] [tid:1188488][NGXCubinGeneric::PushToDestroy:1142] Scheduled to destroy 0x1d5ff61d130

[2026-10-05 22:39:16] [tid:1188488][NGXCubinGeneric::PushToDestroy:1142] Scheduled to destroy 0x1d5ff6249d0

[2026-10-05 22:39:16] [tid:1188488][NGXCubinGeneric::PushToDestroy:1142] Scheduled to destroy 0x1d5ff621990

[2026-10-05 22:39:16] [tid:1188488][NGXCubinGeneric::PushToDestroy:1142] Scheduled to destroy 0x1d5ff6261f0

[2026-10-05 22:39:16] [tid:1188488][NGXCubinGeneric::PushToDestroy:1142] Scheduled to destroy 0x1d5ff623dc0

[2026-10-05 22:39:16] [tid:1188488][NGXCubinGeneric::PushToDestroy:1142] Scheduled to destroy 0x1d5ff626e00

[2026-10-05 22:39:16] [tid:1188488][NGXCubinGeneric::PushToDestroy:1142] Scheduled to destroy 0x1d5ff628620

[2026-10-05 22:39:16] [tid:1188488][NGXCubinGeneric::PushToDestroy:1142] Scheduled to destroy 0x1d595809f10

[2026-10-05 22:39:16] [tid:1188488][NGXCubinGeneric::PushToDestroy:1142] Scheduled to destroy 0x1d59580b730

[2026-10-05 22:39:16] [tid:1188488][NGXCubinGeneric::PushToDestroy:1142] Scheduled to destroy 0x1d59580c340

[2026-10-05 22:39:16] [tid:1188488][NGXCubinGeneric::PushToDestroy:1142] Scheduled to destroy 0x1d59580f380

[2026-10-05 22:39:16] [tid:1188488][NGXCubinGeneric::PushToDestroy:1142] Scheduled to destroy 0x1d59580e770

[2026-10-05 22:39:16] [tid:1188488][NGXCubinGeneric::PushToDestroy:1142] Scheduled to destroy 0x1d595810ba0

[2026-10-05 22:39:16] [tid:1188488][NGXCubinGeneric::PushToDestroy:1142] Scheduled to destroy 0x1d5958117b0

[2026-10-05 22:39:16] [tid:1188488][NGXCubinGeneric::PushToDestroy:1142] Scheduled to destroy 0x1d5958147f0

[2026-10-05 22:39:16] [tid:1188488][NGXCubinGeneric::PushToDestroy:1142] Scheduled to destroy 0x1d595813be0

[2026-10-05 22:39:16] [tid:1188488][NGXCubinGeneric::PushToDestroy:1142] Scheduled to destroy 0x1d595812fd0

[2026-10-05 22:39:16] [tid:1188488][NGXCubinGeneric::PushToDestroy:1142] Scheduled to destroy 0x1d595817830

[2026-10-05 22:39:16] [tid:1188488][NGXCubinGeneric::PushToDestroy:1142] Scheduled to destroy 0x1d5957bf980

[2026-10-05 22:39:16] [tid:1188488][NGXCubinGeneric::PushToDestroy:1142] Scheduled to destroy 0x1d5957c1db0

[2026-10-05 22:39:16] [tid:1188488][NGXCubinGeneric::PushToDestroy:1142] Scheduled to destroy 0x1d5957c0590

[2026-10-05 22:39:16] [tid:1188488][NGXCubinGeneric::PushToDestroy:1142] Scheduled to destroy 0x1d5957c29c0

[2026-10-05 22:39:16] [tid:1188488][NGXCubinGeneric::PushToDestroy:1142] Scheduled to destroy 0x1d5957c35d0

[2026-10-05 22:39:16] [tid:1188488][NGXCubinGeneric::PushToDestroy:1142] Scheduled to destroy 0x1d5957c4df0

[2026-10-05 22:39:16] [tid:1188488][NGXCubinGeneric::PushToDestroy:1142] Scheduled to destroy 0x1d5957c8a40

[2026-10-05 22:39:16] [tid:1188488][NGXCubinGeneric::PushToDestroy:1142] Scheduled to destroy 0x1d5957ca260

[2026-10-05 22:39:16] [tid:1188488][NGXCubinGeneric::PushToDestroy:1142] Scheduled to destroy 0x1d5957c7220

[2026-10-05 22:39:16] [tid:1188488][NGXCubinGeneric::PushToDestroy:1142] Scheduled to destroy 0x1d5957cba80

[2026-10-05 22:39:16] [tid:1188488][NGXCubinGeneric::PushToDestroy:1142] Scheduled to destroy 0x1d59568d1f0

[2026-10-05 22:39:16] [tid:1188488][NGXCubinGeneric::PushToDestroyIUnknown:1154] Scheduled to destroy IUnknown 0x1d5822e1b70

[2026-10-05 22:39:16] [tid:1188488][NGXCubinGeneric::PushToDestroyIUnknown:1154] Scheduled to destroy IUnknown 0x1d5822e37a0

[2026-10-05 22:39:16] [tid:1188488][NGXCubinGeneric::CollectGarbage:1177] Releasing resource 0x1d583191d00 (nv.ngx.dlssg.dlfg_network_resource)

[2026-10-05 22:39:16] [tid:1188488][NGXCubinGeneric::CollectGarbage:1177] Releasing resource 0x1d582251490 (nv.ngx.dlssg.dlfg_network_resource)

[2026-10-05 22:39:16] [tid:1188488][NGXCubinGeneric::CollectGarbage:1177] Releasing resource 0x1d5959b5950 (nv.ngx.dlssg.dlfg_network_resource)

[2026-10-05 22:39:16] [tid:1188488][NGXCubinGeneric::CollectGarbage:1177] Releasing resource 0x1d5959bb9d0 (nv.ngx.dlssg.dlfg_network_resource)

[2026-10-05 22:39:16] [tid:1188488][NGXCubinGeneric::CollectGarbage:1177] Releasing resource 0x1d583197d80 (nv.ngx.dlssg.dlfg_network_resource)

[2026-10-05 22:39:16] [tid:1188488][NGXCubinGeneric::CollectGarbage:1177] Releasing resource 0x1d595462a10 (nv.ngx.dlssg.dlfg_network_resource)

[2026-10-05 22:39:16] [tid:1188488][NGXCubinGeneric::CollectGarbage:1177] Releasing resource 0x1d5ff61b910 (nv.ngx.dlssg.dlfg_network_resource)

[2026-10-05 22:39:16] [tid:1188488][NGXCubinGeneric::CollectGarbage:1177] Releasing resource 0x1d583bc9670 (nv.ngx.dlssg.dlfg_resource)

[2026-10-05 22:39:16] [tid:1188488][NGXCubinGeneric::CollectGarbage:1177] Releasing resource 0x1d583193520 (nv.ngx.dlssg.dlfg_network_resource)

[2026-10-05 22:39:16] [tid:1188488][NGXCubinGeneric::CollectGarbage:1177] Releasing resource 0x1d5959b7170 (nv.ngx.dlssg.dlfg_network_resource)

[2026-10-05 22:39:16] [tid:1188488][NGXCubinGeneric::CollectGarbage:1177] Releasing resource 0x1d5959ba1b0 (nv.ngx.dlssg.dlfg_network_resource)

[2026-10-05 22:39:16] [tid:1188488][NGXCubinGeneric::CollectGarbage:1177] Releasing resource 0x1d583196560 (nv.ngx.dlssg.dlfg_network_resource)

[2026-10-05 22:39:16] [tid:1188488][NGXCubinGeneric::CollectGarbage:1177] Releasing resource 0x1d595465a50 (nv.ngx.dlssg.dlfg_network_resource)

[2026-10-05 22:39:16] [tid:1188488][NGXCubinGeneric::CollectGarbage:1177] Releasing resource 0x1d5822544d0 (nv.ngx.dlssg.dlfg_network_resource)

[2026-10-05 22:39:16] [tid:1188488][NGXCubinGeneric::CollectGarbage:1177] Releasing resource 0x1d583194d40 (nv.ngx.dlssg.dlfg_network_resource)

[2026-10-05 22:39:16] [tid:1188488][NGXCubinGeneric::CollectGarbage:1177] Releasing resource 0x1d58224fc70 (nv.ngx.dlssg.dlfg_network_resource)

[2026-10-05 22:39:16] [tid:1188488][NGXCubinGeneric::CollectGarbage:1177] Releasing resource 0x1d595816c20 (nv.ngx.dlssg.dlfg_network_resource)

[2026-10-05 22:39:16] [tid:1188488][NGXCubinGeneric::CollectGarbage:1177] Releasing resource 0x1d5954605e0 (nv.ngx.dlssg.dlfg_network_resource)

[2026-10-05 22:39:16] [tid:1188488][NGXCubinGeneric::CollectGarbage:1177] Releasing resource 0x1d5824e8640 (nv.ngx.dlssg.dlfg_resource)

[2026-10-05 22:39:16] [tid:1188488][NGXCubinGeneric::CollectGarbage:1177] Releasing resource 0x1d58224e450 (nv.ngx.dlssg.dlfg_network_resource)

[2026-10-05 22:39:16] [tid:1188488][NGXCubinGeneric::CollectGarbage:1177] Releasing resource 0x1d58224d840 (nv.ngx.dlssg.dlfg_network_resource)

[2026-10-05 22:39:16] [tid:1188488][NGXCubinGeneric::CollectGarbage:1177] Releasing resource 0x1d5957c41e0 (nv.ngx.dlssg.dlfg_network_resource)

[2026-10-05 22:39:16] [tid:1188488][NGXCubinGeneric::CollectGarbage:1177] Releasing resource 0x1d5ff6261f0 (nv.ngx.dlssg.dlfg_network_resource)

[2026-10-05 22:39:16] [tid:1188488][NGXCubinGeneric::CollectGarbage:1177] Releasing resource 0x1d5959c5110 (nv.ngx.dlssg.dlfg_network_resource)

[2026-10-05 22:39:16] [tid:1188488][NGXCubinGeneric::CollectGarbage:1177] Releasing resource 0x1d582256900 (nv.ngx.dlssg.dlfg_network_resource)

[2026-10-05 22:39:16] [tid:1188488][NGXCubinGeneric::CollectGarbage:1177] Releasing resource 0x1d5ff61c520 (nv.ngx.dlssg.dlfg_network_resource)

[2026-10-05 22:39:16] [tid:1188488][NGXCubinGeneric::CollectGarbage:1177] Releasing resource 0x1d583bd2d30 (nv.ngx.dlssg.dlfg_resource)

[2026-10-05 22:39:16] [tid:1188488][NGXCubinGeneric::CollectGarbage:1177] Releasing resource 0x1d5959badc0 (nv.ngx.dlssg.dlfg_network_resource)

[2026-10-05 22:39:16] [tid:1188488][NGXCubinGeneric::CollectGarbage:1177] Releasing resource 0x1d5822538c0 (nv.ngx.dlssg.dlfg_network_resource)

[2026-10-05 22:39:16] [tid:1188488][NGXCubinGeneric::CollectGarbage:1177] Releasing resource 0x1d5ff620d80 (nv.ngx.dlssg.dlfg_network_resource)

[2026-10-05 22:39:16] [tid:1188488][NGXCubinGeneric::CollectGarbage:1177] Releasing resource 0x1d5957c35d0 (nv.ngx.dlssg.dlfg_network_resource)

[2026-10-05 22:39:16] [tid:1188488][NGXCubinGeneric::CollectGarbage:1177] Releasing resource 0x1d5959c4500 (nv.ngx.dlssg.dlfg_network_resource)

[2026-10-05 22:39:16] [tid:1188488][NGXCubinGeneric::CollectGarbage:1177] Releasing resource 0x1d5ff291160 (nv.ngx.dlssg.dlfg_resource)

[2026-10-05 22:39:16] [tid:1188488][NGXCubinGeneric::CollectGarbage:1177] Releasing resource 0x1d5957be160 (nv.ngx.dlssg.dlfg_network_resource)

[2026-10-05 22:39:16] [tid:1188488][NGXCubinGeneric::CollectGarbage:1177] Releasing resource 0x1d595467270 (nv.ngx.dlssg.dlfg_network_resource)

[2026-10-05 22:39:16] [tid:1188488][NGXCubinGeneric::CollectGarbage:1177] Releasing resource 0x1d5959c20d0 (nv.ngx.dlssg.dlfg_network_resource)

[2026-10-05 22:39:16] [tid:1188488][NGXCubinGeneric::CollectGarbage:1177] Releasing resource 0x1d5957c11a0 (nv.ngx.dlssg.dlfg_network_resource)

[2026-10-05 22:39:16] [tid:1188488][NGXCubinGeneric::CollectGarbage:1177] Releasing resource 0x1d5ff6231b0 (nv.ngx.dlssg.dlfg_network_resource)

[2026-10-05 22:39:16] [tid:1188488][NGXCubinGeneric::CollectGarbage:1177] Releasing resource 0x1d5959b10f0 (nv.ngx.dlssg.dlfg_network_resource)

[2026-10-05 22:39:16] [tid:1188488][NGXCubinGeneric::CollectGarbage:1177] Releasing resource 0x1d5959c8150 (nv.ngx.dlssg.dlfg_network_resource)

[2026-10-05 22:39:16] [tid:1188488][NGXCubinGeneric::CollectGarbage:1177] Releasing resource 0x1d583bd6c00 (nv.ngx.dlssg.dlfg_resource)

[2026-10-05 22:39:16] [tid:1188488][NGXCubinGeneric::CollectGarbage:1177] Releasing resource 0x1d5959c6930 (nv.ngx.dlssg.dlfg_network_resource)

[2026-10-05 22:39:16] [tid:1188488][NGXCubinGeneric::CollectGarbage:1177] Releasing resource 0x1d5959c7540 (nv.ngx.dlssg.dlfg_network_resource)

[2026-10-05 22:39:16] [tid:1188488][NGXCubinGeneric::CollectGarbage:1177] Releasing resource 0x1d5957c9650 (nv.ngx.dlssg.dlfg_network_resource)

[2026-10-05 22:39:16] [tid:1188488][NGXCubinGeneric::CollectGarbage:1177] Releasing resource 0x1d59545f9d0 (nv.ngx.dlssg.dlfg_network_resource)

[2026-10-05 22:39:16] [tid:1188488][NGXCubinGeneric::CollectGarbage:1177] Releasing resource 0x1d58317fb80 (nv.ngx.dlssg.dlfg_resource)

[2026-10-05 22:39:16] [tid:1188488][NGXCubinGeneric::CollectGarbage:1177] Releasing resource 0x1d5959b4d40 (nv.ngx.dlssg.dlfg_network_resource)

[2026-10-05 22:39:16] [tid:1188488][NGXCubinGeneric::CollectGarbage:1177] Releasing resource 0x1d595463620 (nv.ngx.dlssg.dlfg_network_resource)

[2026-10-05 22:39:16] [tid:1188488][NGXCubinGeneric::CollectGarbage:1177] Releasing resource 0x1d595816010 (nv.ngx.dlssg.dlfg_network_resource)

[2026-10-05 22:39:16] [tid:1188488][NGXCubinGeneric::CollectGarbage:1177] Releasing resource 0x1d5954611f0 (nv.ngx.dlssg.dlfg_network_resource)

[2026-10-05 22:39:16] [tid:1188488][NGXCubinGeneric::CollectGarbage:1177] Releasing resource 0x1d595464e40 (nv.ngx.dlssg.dlfg_network_resource)

[2026-10-05 22:39:16] [tid:1188488][NGXCubinGeneric::CollectGarbage:1177] Releasing resource 0x1d5959aecc0 (nv.ngx.dlssg.dlfg_network_resource)

[2026-10-05 22:39:16] [tid:1188488][NGXCubinGeneric::CollectGarbage:1177] Releasing resource 0x1d5ff61e950 (nv.ngx.dlssg.dlfg_network_resource)

[2026-10-05 22:39:16] [tid:1188488][NGXCubinGeneric::CollectGarbage:1177] Releasing resource 0x1d595464230 (nv.ngx.dlssg.dlfg_network_resource)

[2026-10-05 22:39:16] [tid:1188488][NGXCubinGeneric::CollectGarbage:1177] Releasing resource 0x1d5959b4130 (nv.ngx.dlssg.dlfg_network_resource)

[2026-10-05 22:39:16] [tid:1188488][NGXCubinGeneric::CollectGarbage:1177] Releasing resource 0x1d582250880 (nv.ngx.dlssg.dlfg_network_resource)

[2026-10-05 22:39:16] [tid:1188488][NGXCubinGeneric::CollectGarbage:1177] Releasing resource 0x1d5957bed70 (nv.ngx.dlssg.dlfg_network_resource)

[2026-10-05 22:39:16] [tid:1188488][NGXCubinGeneric::CollectGarbage:1177] Releasing resource 0x1d5ff61f560 (nv.ngx.dlssg.dlfg_network_resource)

[2026-10-05 22:39:16] [tid:1188488][NGXCubinGeneric::CollectGarbage:1177] Releasing resource 0x1d5959b7d80 (nv.ngx.dlssg.dlfg_network_resource)

[2026-10-05 22:39:16] [tid:1188488][NGXCubinGeneric::CollectGarbage:1177] Releasing resource 0x1d5822520a0 (nv.ngx.dlssg.dlfg_network_resource)

[2026-10-05 22:39:16] [tid:1188488][NGXCubinGeneric::CollectGarbage:1177] Releasing resource 0x1d5958123c0 (nv.ngx.dlssg.dlfg_network_resource)

[2026-10-05 22:39:16] [tid:1188488][NGXCubinGeneric::CollectGarbage:1177] Releasing resource 0x1d5ff61dd40 (nv.ngx.dlssg.dlfg_network_resource)

[2026-10-05 22:39:16] [tid:1188488][NGXCubinGeneric::CollectGarbage:1177] Releasing resource 0x1d5959b6560 (nv.ngx.dlssg.dlfg_network_resource)

[2026-10-05 22:39:16] [tid:1188488][NGXCubinGeneric::CollectGarbage:1177] Releasing resource 0x1d58317b320 (nv.ngx.dlssg.dlfg_resource)

[2026-10-05 22:39:16] [tid:1188488][NGXCubinGeneric::CollectGarbage:1177] Releasing resource 0x1d5ff61ad00 (nv.ngx.dlssg.dlfg_network_resource)

[2026-10-05 22:39:16] [tid:1188488][NGXCubinGeneric::CollectGarbage:1177] Releasing resource 0x1d5ff620170 (nv.ngx.dlssg.dlfg_network_resource)

[2026-10-05 22:39:16] [tid:1188488][NGXCubinGeneric::CollectGarbage:1177] Releasing resource 0x1d5959cbda0 (nv.ngx.dlssg.dlfg_network_resource)

[2026-10-05 22:39:16] [tid:1188488][NGXCubinGeneric::CollectGarbage:1177] Releasing resource 0x1d583181fb0 (nv.ngx.dlssg.dlfg_resource)

[2026-10-05 22:39:16] [tid:1188488][NGXCubinGeneric::CollectGarbage:1177] Releasing resource 0x1d5ff6225a0 (nv.ngx.dlssg.dlfg_network_resource)

[2026-10-05 22:39:16] [tid:1188488][NGXCubinGeneric::CollectGarbage:1177] Releasing resource 0x1d5ff6255e0 (nv.ngx.dlssg.dlfg_network_resource)

[2026-10-05 22:39:16] [tid:1188488][NGXCubinGeneric::CollectGarbage:1177] Releasing resource 0x1d5ff629e40 (nv.ngx.dlssg.dlfg_network_resource)

[2026-10-05 22:39:16] [tid:1188488][NGXCubinGeneric::CollectGarbage:1177] Releasing resource 0x1d595458130 (nv.ngx.dlssg.dlfg_network_resource)

[2026-10-05 22:39:16] [tid:1188488][NGXCubinGeneric::CollectGarbage:1177] Releasing resource 0x1d5ff627a10 (nv.ngx.dlssg.dlfg_network_resource)

[2026-10-05 22:39:16] [tid:1188488][NGXCubinGeneric::CollectGarbage:1177] Releasing resource 0x1d5957c6610 (nv.ngx.dlssg.dlfg_network_resource)

[2026-10-05 22:39:16] [tid:1188488][NGXCubinGeneric::CollectGarbage:1177] Releasing resource 0x1d5ff629230 (nv.ngx.dlssg.dlfg_network_resource)

[2026-10-05 22:39:16] [tid:1188488][NGXCubinGeneric::CollectGarbage:1177] Releasing resource 0x1d59580ab20 (nv.ngx.dlssg.dlfg_network_resource)

[2026-10-05 22:39:16] [tid:1188488][NGXCubinGeneric::CollectGarbage:1177] Releasing resource 0x1d583186810 (nv.ngx.dlssg.dlfg_resource)

[2026-10-05 22:39:16] [tid:1188488][NGXCubinGeneric::CollectGarbage:1177] Releasing resource 0x1d5958086f0 (nv.ngx.dlssg.dlfg_network_resource)

[2026-10-05 22:39:16] [tid:1188488][NGXCubinGeneric::CollectGarbage:1177] Releasing resource 0x1d595809300 (nv.ngx.dlssg.dlfg_network_resource)

[2026-10-05 22:39:16] [tid:1188488][NGXCubinGeneric::CollectGarbage:1177] Releasing resource 0x1d59580ff90 (nv.ngx.dlssg.dlfg_network_resource)

[2026-10-05 22:39:16] [tid:1188488][NGXCubinGeneric::CollectGarbage:1177] Releasing resource 0x1d59580cf50 (nv.ngx.dlssg.dlfg_network_resource)

[2026-10-05 22:39:16] [tid:1188488][NGXCubinGeneric::CollectGarbage:1177] Releasing resource 0x1d59580db60 (nv.ngx.dlssg.dlfg_network_resource)

[2026-10-05 22:39:16] [tid:1188488][NGXCubinGeneric::CollectGarbage:1177] Releasing resource 0x1d595815400 (nv.ngx.dlssg.dlfg_network_resource)

[2026-10-05 22:39:16] [tid:1188488][NGXCubinGeneric::CollectGarbage:1177] Releasing resource 0x1d5957bd550 (nv.ngx.dlssg.dlfg_network_resource)

[2026-10-05 22:39:16] [tid:1188488][NGXCubinGeneric::CollectGarbage:1177] Releasing resource 0x1d5957c7e30 (nv.ngx.dlssg.dlfg_network_resource)

[2026-10-05 22:39:16] [tid:1188488][NGXCubinGeneric::CollectGarbage:1177] Releasing resource 0x1d5957c5a00 (nv.ngx.dlssg.dlfg_network_resource)

[2026-10-05 22:39:16] [tid:1188488][NGXCubinGeneric::CollectGarbage:1177] Releasing resource 0x1d5957cae70 (nv.ngx.dlssg.dlfg_network_resource)

[2026-10-05 22:39:16] [tid:1188488][NGXCubinGeneric::CollectGarbage:1177] Releasing resource 0x1d5957cc690 (nv.ngx.dlssg.dlfg_network_resource)

[2026-10-05 22:39:16] [tid:1188488][NGXCubinGeneric::CollectGarbage:1177] Releasing resource 0x1d59568de00 (nv.ngx.dlssg.dlfg_network_resource)

[2026-10-05 22:39:16] [tid:1188488][NGXCubinGeneric::CollectGarbage:1177] Releasing resource 0x1d5ff292a80 (nv.ngx.dlssg.dlfg_resource)

[2026-10-05 22:39:16] [tid:1188488][NGXCubinGeneric::CollectGarbage:1177] Releasing resource 0x1d5ff28f840 (nv.ngx.dlssg.dlfg_resource)

[2026-10-05 22:39:16] [tid:1188488][NGXCubinGeneric::CollectGarbage:1177] Releasing resource 0x1d5ff293710 (nv.ngx.dlssg.dlfg_resource)

[2026-10-05 22:39:16] [tid:1188488][NGXCubinGeneric::CollectGarbage:1177] Releasing resource 0x1d5ff2943a0 (nv.ngx.dlssg.dlfg_resource)

[2026-10-05 22:39:16] [tid:1188488][NGXCubinGeneric::CollectGarbage:1177] Releasing resource 0x1d5ff295030 (nv.ngx.dlssg.dlfg_resource)

[2026-10-05 22:39:16] [tid:1188488][NGXCubinGeneric::CollectGarbage:1177] Releasing resource 0x1d583bc7d50 (nv.ngx.dlssg.dlfg_resource)

[2026-10-05 22:39:16] [tid:1188488][NGXCubinGeneric::CollectGarbage:1177] Releasing resource 0x1d59580f380 (nv.ngx.dlssg.dlfg_network_resource)

[2026-10-05 22:39:16] [tid:1188488][NGXCubinGeneric::CollectGarbage:1177] Releasing resource 0x1d583bc89e0 (nv.ngx.dlssg.dlfg_resource)

[2026-10-05 22:39:16] [tid:1188488][NGXCubinGeneric::CollectGarbage:1177] Releasing resource 0x1d583bca300 (nv.ngx.dlssg.dlfg_resource)

[2026-10-05 22:39:16] [tid:1188488][NGXCubinGeneric::CollectGarbage:1177] Releasing resource 0x1d58317bf30 (nv.ngx.dlssg.dlfg_resource)

[2026-10-05 22:39:16] [tid:1188488][NGXCubinGeneric::CollectGarbage:1177] Releasing resource 0x1d595459950 (nv.ngx.dlssg.dlfg_network_resource)

[2026-10-05 22:39:16] [tid:1188488][NGXCubinGeneric::CollectGarbage:1177] Releasing resource 0x1d583bc70c0 (nv.ngx.dlssg.dlfg_resource)

[2026-10-05 22:39:16] [tid:1188488][NGXCubinGeneric::CollectGarbage:1177] Releasing resource 0x1d583bcbc20 (nv.ngx.dlssg.dlfg_resource)

[2026-10-05 22:39:16] [tid:1188488][NGXCubinGeneric::CollectGarbage:1177] Releasing resource 0x1d583bcd540 (nv.ngx.dlssg.dlfg_resource)

[2026-10-05 22:39:16] [tid:1188488][NGXCubinGeneric::CollectGarbage:1177] Releasing resource 0x1d583bce1d0 (nv.ngx.dlssg.dlfg_resource)

[2026-10-05 22:39:16] [tid:1188488][NGXCubinGeneric::CollectGarbage:1177] Releasing resource 0x1d583bcc8b0 (nv.ngx.dlssg.dlfg_resource)

[2026-10-05 22:39:16] [tid:1188488][NGXCubinGeneric::CollectGarbage:1177] Releasing resource 0x1d583bcaf90 (nv.ngx.dlssg.dlfg_resource)

[2026-10-05 22:39:16] [tid:1188488][NGXCubinGeneric::CollectGarbage:1177] Releasing resource 0x1d583bd20a0 (nv.ngx.dlssg.dlfg_resource)

[2026-10-05 22:39:16] [tid:1188488][NGXCubinGeneric::CollectGarbage:1177] Releasing resource 0x1d583bd0780 (nv.ngx.dlssg.dlfg_resource)

[2026-10-05 22:39:16] [tid:1188488][NGXCubinGeneric::CollectGarbage:1177] Releasing resource 0x1d583178ef0 (nv.ngx.dlssg.dlfg_resource)

[2026-10-05 22:39:16] [tid:1188488][NGXCubinGeneric::CollectGarbage:1177] Releasing resource 0x1d58317ef70 (nv.ngx.dlssg.dlfg_resource)

[2026-10-05 22:39:16] [tid:1188488][NGXCubinGeneric::CollectGarbage:1177] Releasing resource 0x1d58317d750 (nv.ngx.dlssg.dlfg_resource)

[2026-10-05 22:39:16] [tid:1188488][NGXCubinGeneric::CollectGarbage:1177] Releasing resource 0x1d583bd1410 (nv.ngx.dlssg.dlfg_resource)

[2026-10-05 22:39:16] [tid:1188488][NGXCubinGeneric::CollectGarbage:1177] Releasing resource 0x1d583bcee60 (nv.ngx.dlssg.dlfg_resource)

[2026-10-05 22:39:16] [tid:1188488][NGXCubinGeneric::CollectGarbage:1177] Releasing resource 0x1d583bcfaf0 (nv.ngx.dlssg.dlfg_resource)

[2026-10-05 22:39:16] [tid:1188488][NGXCubinGeneric::CollectGarbage:1177] Releasing resource 0x1d583bd4650 (nv.ngx.dlssg.dlfg_resource)

[2026-10-05 22:39:16] [tid:1188488][NGXCubinGeneric::CollectGarbage:1177] Releasing resource 0x1d583bd5f70 (nv.ngx.dlssg.dlfg_resource)

[2026-10-05 22:39:16] [tid:1188488][NGXCubinGeneric::CollectGarbage:1177] Releasing resource 0x1d583bd52e0 (nv.ngx.dlssg.dlfg_resource)

[2026-10-05 22:39:16] [tid:1188488][NGXCubinGeneric::CollectGarbage:1177] Releasing resource 0x1d583bd39c0 (nv.ngx.dlssg.dlfg_resource)

[2026-10-05 22:39:16] [tid:1188488][NGXCubinGeneric::CollectGarbage:1177] Releasing resource 0x1d595812fd0 (nv.ngx.dlssg.dlfg_network_resource)

[2026-10-05 22:39:16] [tid:1188488][NGXCubinGeneric::CollectGarbage:1177] Releasing resource 0x1d5824e79b0 (nv.ngx.dlssg.dlfg_resource)

[2026-10-05 22:39:16] [tid:1188488][NGXCubinGeneric::CollectGarbage:1177] Releasing resource 0x1d5824e92d0 (nv.ngx.dlssg.dlfg_resource)

[2026-10-05 22:39:16] [tid:1188488][NGXCubinGeneric::CollectGarbage:1177] Releasing resource 0x1d58317cb40 (nv.ngx.dlssg.dlfg_resource)

[2026-10-05 22:39:16] [tid:1188488][NGXCubinGeneric::CollectGarbage:1177] Releasing resource 0x1d58317e360 (nv.ngx.dlssg.dlfg_resource)

[2026-10-05 22:39:16] [tid:1188488][NGXCubinGeneric::CollectGarbage:1177] Releasing resource 0x1d5ff623dc0 (nv.ngx.dlssg.dlfg_network_resource)

[2026-10-05 22:39:16] [tid:1188488][NGXCubinGeneric::CollectGarbage:1177] Releasing resource 0x1d582257510 (nv.ngx.dlssg.dlfg_network_resource)

[2026-10-05 22:39:16] [tid:1188488][NGXCubinGeneric::CollectGarbage:1177] Releasing resource 0x1d5831837d0 (nv.ngx.dlssg.dlfg_resource)

[2026-10-05 22:39:16] [tid:1188488][NGXCubinGeneric::CollectGarbage:1177] Releasing resource 0x1d583180790 (nv.ngx.dlssg.dlfg_resource)

[2026-10-05 22:39:16] [tid:1188488][NGXCubinGeneric::CollectGarbage:1177] Releasing resource 0x1d5831843e0 (nv.ngx.dlssg.dlfg_resource)

[2026-10-05 22:39:16] [tid:1188488][NGXCubinGeneric::CollectGarbage:1177] Releasing resource 0x1d5831813a0 (nv.ngx.dlssg.dlfg_resource)

[2026-10-05 22:39:16] [tid:1188488][NGXCubinGeneric::CollectGarbage:1177] Releasing resource 0x1d5957c1db0 (nv.ngx.dlssg.dlfg_network_resource)

[2026-10-05 22:39:16] [tid:1188488][NGXCubinGeneric::CollectGarbage:1177] Releasing resource 0x1d583184ff0 (nv.ngx.dlssg.dlfg_resource)

[2026-10-05 22:39:16] [tid:1188488][NGXCubinGeneric::CollectGarbage:1177] Releasing resource 0x1d583185c00 (nv.ngx.dlssg.dlfg_resource)

[2026-10-05 22:39:16] [tid:1188488][NGXCubinGeneric::CollectGarbage:1177] Releasing resource 0x1d583182bc0 (nv.ngx.dlssg.dlfg_resource)

[2026-10-05 22:39:16] [tid:1188488][NGXCubinGeneric::CollectGarbage:1177] Releasing resource 0x1d583188030 (nv.ngx.dlssg.dlfg_resource)

[2026-10-05 22:39:16] [tid:1188488][NGXCubinGeneric::CollectGarbage:1177] Releasing resource 0x1d583188c40 (nv.ngx.dlssg.dlfg_resource)

[2026-10-05 22:39:16] [tid:1188488][NGXCubinGeneric::CollectGarbage:1177] Releasing resource 0x1d59545e1b0 (nv.ngx.dlssg.dlfg_network_resource)

[2026-10-05 22:39:16] [tid:1188488][NGXCubinGeneric::CollectGarbage:1177] Releasing resource 0x1d583187420 (nv.ngx.dlssg.dlfg_resource)

[2026-10-05 22:39:16] [tid:1188488][NGXCubinGeneric::CollectGarbage:1177] Releasing resource 0x1d58318bc80 (nv.ngx.dlssg.dlfg_resource)

[2026-10-05 22:39:16] [tid:1188488][NGXCubinGeneric::CollectGarbage:1177] Releasing resource 0x1d58318a460 (nv.ngx.dlssg.dlfg_resource)

[2026-10-05 22:39:16] [tid:1188488][NGXCubinGeneric::CollectGarbage:1177] Releasing resource 0x1d58318b070 (nv.ngx.dlssg.dlfg_resource)

[2026-10-05 22:39:16] [tid:1188488][NGXCubinGeneric::CollectGarbage:1177] Releasing resource 0x1d58318c890 (nv.ngx.dlssg.dlfg_resource)

[2026-10-05 22:39:16] [tid:1188488][NGXCubinGeneric::CollectGarbage:1177] Releasing resource 0x1d583189850 (nv.ngx.dlssg.dlfg_resource)

[2026-10-05 22:39:16] [tid:1188488][NGXCubinGeneric::CollectGarbage:1177] Releasing resource 0x1d58318ecc0 (nv.ngx.dlssg.dlfg_network_resource)

[2026-10-05 22:39:16] [tid:1188488][NGXCubinGeneric::CollectGarbage:1177] Releasing resource 0x1d58318f8d0 (nv.ngx.dlssg.dlfg_network_resource)

[2026-10-05 22:39:16] [tid:1188488][NGXCubinGeneric::CollectGarbage:1177] Releasing resource 0x1d58318e0b0 (nv.ngx.dlssg.dlfg_network_resource)

[2026-10-05 22:39:16] [tid:1188488][NGXCubinGeneric::CollectGarbage:1177] Releasing resource 0x1d5831904e0 (nv.ngx.dlssg.dlfg_network_resource)

[2026-10-05 22:39:16] [tid:1188488][NGXCubinGeneric::CollectGarbage:1177] Releasing resource 0x1d58318d4a0 (nv.ngx.dlssg.dlfg_network_resource)

[2026-10-05 22:39:16] [tid:1188488][NGXCubinGeneric::CollectGarbage:1177] Releasing resource 0x1d583192910 (nv.ngx.dlssg.dlfg_network_resource)

[2026-10-05 22:39:16] [tid:1188488][NGXCubinGeneric::CollectGarbage:1177] Releasing resource 0x1d583194130 (nv.ngx.dlssg.dlfg_network_resource)

[2026-10-05 22:39:16] [tid:1188488][NGXCubinGeneric::CollectGarbage:1177] Releasing resource 0x1d5831910f0 (nv.ngx.dlssg.dlfg_network_resource)

[2026-10-05 22:39:16] [tid:1188488][NGXCubinGeneric::CollectGarbage:1177] Releasing resource 0x1d583195950 (nv.ngx.dlssg.dlfg_network_resource)

[2026-10-05 22:39:16] [tid:1188488][NGXCubinGeneric::CollectGarbage:1177] Releasing resource 0x1d583197170 (nv.ngx.dlssg.dlfg_network_resource)

[2026-10-05 22:39:16] [tid:1188488][NGXCubinGeneric::CollectGarbage:1177] Releasing resource 0x1d58224f060 (nv.ngx.dlssg.dlfg_network_resource)

[2026-10-05 22:39:16] [tid:1188488][NGXCubinGeneric::CollectGarbage:1177] Releasing resource 0x1d582252cb0 (nv.ngx.dlssg.dlfg_network_resource)

[2026-10-05 22:39:16] [tid:1188488][NGXCubinGeneric::CollectGarbage:1177] Releasing resource 0x1d582255cf0 (nv.ngx.dlssg.dlfg_network_resource)

[2026-10-05 22:39:16] [tid:1188488][NGXCubinGeneric::CollectGarbage:1177] Releasing resource 0x1d5822550e0 (nv.ngx.dlssg.dlfg_network_resource)

[2026-10-05 22:39:16] [tid:1188488][NGXCubinGeneric::CollectGarbage:1177] Releasing resource 0x1d5ff6249d0 (nv.ngx.dlssg.dlfg_network_resource)

[2026-10-05 22:39:16] [tid:1188488][NGXCubinGeneric::CollectGarbage:1177] Releasing resource 0x1d582258120 (nv.ngx.dlssg.dlfg_network_resource)

[2026-10-05 22:39:16] [tid:1188488][NGXCubinGeneric::CollectGarbage:1177] Releasing resource 0x1d5959c38f0 (nv.ngx.dlssg.dlfg_network_resource)

[2026-10-05 22:39:16] [tid:1188488][NGXCubinGeneric::CollectGarbage:1177] Releasing resource 0x1d5959b04e0 (nv.ngx.dlssg.dlfg_network_resource)

[2026-10-05 22:39:16] [tid:1188488][NGXCubinGeneric::CollectGarbage:1177] Releasing resource 0x1d5959c5d20 (nv.ngx.dlssg.dlfg_network_resource)

[2026-10-05 22:39:16] [tid:1188488][NGXCubinGeneric::CollectGarbage:1177] Releasing resource 0x1d5959c2ce0 (nv.ngx.dlssg.dlfg_network_resource)

[2026-10-05 22:39:16] [tid:1188488][NGXCubinGeneric::CollectGarbage:1177] Releasing resource 0x1d5959c9970 (nv.ngx.dlssg.dlfg_network_resource)

[2026-10-05 22:39:16] [tid:1188488][NGXCubinGeneric::CollectGarbage:1177] Releasing resource 0x1d5959ca580 (nv.ngx.dlssg.dlfg_network_resource)

[2026-10-05 22:39:16] [tid:1188488][NGXCubinGeneric::CollectGarbage:1177] Releasing resource 0x1d5959cb190 (nv.ngx.dlssg.dlfg_network_resource)

[2026-10-05 22:39:16] [tid:1188488][NGXCubinGeneric::CollectGarbage:1177] Releasing resource 0x1d59545b170 (nv.ngx.dlssg.dlfg_network_resource)

[2026-10-05 22:39:16] [tid:1188488][NGXCubinGeneric::CollectGarbage:1177] Releasing resource 0x1d59545a560 (nv.ngx.dlssg.dlfg_network_resource)

[2026-10-05 22:39:16] [tid:1188488][NGXCubinGeneric::CollectGarbage:1177] Releasing resource 0x1d595458d40 (nv.ngx.dlssg.dlfg_network_resource)

[2026-10-05 22:39:16] [tid:1188488][NGXCubinGeneric::CollectGarbage:1177] Releasing resource 0x1d59545bd80 (nv.ngx.dlssg.dlfg_network_resource)

[2026-10-05 22:39:16] [tid:1188488][NGXCubinGeneric::CollectGarbage:1177] Releasing resource 0x1d59545edc0 (nv.ngx.dlssg.dlfg_network_resource)

[2026-10-05 22:39:16] [tid:1188488][NGXCubinGeneric::CollectGarbage:1177] Releasing resource 0x1d59545c990 (nv.ngx.dlssg.dlfg_network_resource)

[2026-10-05 22:39:16] [tid:1188488][NGXCubinGeneric::CollectGarbage:1177] Releasing resource 0x1d59545d5a0 (nv.ngx.dlssg.dlfg_network_resource)

[2026-10-05 22:39:16] [tid:1188488][NGXCubinGeneric::CollectGarbage:1177] Releasing resource 0x1d595461e00 (nv.ngx.dlssg.dlfg_network_resource)

[2026-10-05 22:39:16] [tid:1188488][NGXCubinGeneric::CollectGarbage:1177] Releasing resource 0x1d595466660 (nv.ngx.dlssg.dlfg_network_resource)

[2026-10-05 22:39:16] [tid:1188488][NGXCubinGeneric::CollectGarbage:1177] Releasing resource 0x1d5959af8d0 (nv.ngx.dlssg.dlfg_network_resource)

[2026-10-05 22:39:16] [tid:1188488][NGXCubinGeneric::CollectGarbage:1177] Releasing resource 0x1d5959ae0b0 (nv.ngx.dlssg.dlfg_network_resource)

[2026-10-05 22:39:16] [tid:1188488][NGXCubinGeneric::CollectGarbage:1177] Releasing resource 0x1d5959b3520 (nv.ngx.dlssg.dlfg_network_resource)

[2026-10-05 22:39:16] [tid:1188488][NGXCubinGeneric::CollectGarbage:1177] Releasing resource 0x1d5959b1d00 (nv.ngx.dlssg.dlfg_network_resource)

[2026-10-05 22:39:16] [tid:1188488][NGXCubinGeneric::CollectGarbage:1177] Releasing resource 0x1d5959b2910 (nv.ngx.dlssg.dlfg_network_resource)

[2026-10-05 22:39:16] [tid:1188488][NGXCubinGeneric::CollectGarbage:1177] Releasing resource 0x1d5959b8990 (nv.ngx.dlssg.dlfg_network_resource)

[2026-10-05 22:39:16] [tid:1188488][NGXCubinGeneric::CollectGarbage:1177] Releasing resource 0x1d5959b95a0 (nv.ngx.dlssg.dlfg_network_resource)

[2026-10-05 22:39:16] [tid:1188488][NGXCubinGeneric::CollectGarbage:1177] Releasing resource 0x1d5959bc5e0 (nv.ngx.dlssg.dlfg_network_resource)

[2026-10-05 22:39:16] [tid:1188488][NGXCubinGeneric::CollectGarbage:1177] Releasing resource 0x1d5959bd1f0 (nv.ngx.dlssg.dlfg_network_resource)

[2026-10-05 22:39:16] [tid:1188488][NGXCubinGeneric::CollectGarbage:1177] Releasing resource 0x1d5957bf980 (nv.ngx.dlssg.dlfg_network_resource)

[2026-10-05 22:39:16] [tid:1188488][NGXCubinGeneric::CollectGarbage:1177] Releasing resource 0x1d5ff61d130 (nv.ngx.dlssg.dlfg_network_resource)

[2026-10-05 22:39:16] [tid:1188488][NGXCubinGeneric::CollectGarbage:1177] Releasing resource 0x1d5ff621990 (nv.ngx.dlssg.dlfg_network_resource)

[2026-10-05 22:39:16] [tid:1188488][NGXCubinGeneric::CollectGarbage:1177] Releasing resource 0x1d5ff626e00 (nv.ngx.dlssg.dlfg_network_resource)

[2026-10-05 22:39:16] [tid:1188488][NGXCubinGeneric::CollectGarbage:1177] Releasing resource 0x1d5ff628620 (nv.ngx.dlssg.dlfg_network_resource)

[2026-10-05 22:39:16] [tid:1188488][NGXCubinGeneric::CollectGarbage:1177] Releasing resource 0x1d595809f10 (nv.ngx.dlssg.dlfg_network_resource)

[2026-10-05 22:39:16] [tid:1188488][NGXCubinGeneric::CollectGarbage:1177] Releasing resource 0x1d59580b730 (nv.ngx.dlssg.dlfg_network_resource)

[2026-10-05 22:39:16] [tid:1188488][NGXCubinGeneric::CollectGarbage:1177] Releasing resource 0x1d59580c340 (nv.ngx.dlssg.dlfg_network_resource)

[2026-10-05 22:39:16] [tid:1188488][NGXCubinGeneric::CollectGarbage:1177] Releasing resource 0x1d59580e770 (nv.ngx.dlssg.dlfg_network_resource)

[2026-10-05 22:39:16] [tid:1188488][NGXCubinGeneric::CollectGarbage:1177] Releasing resource 0x1d595810ba0 (nv.ngx.dlssg.dlfg_network_resource)

[2026-10-05 22:39:16] [tid:1188488][NGXCubinGeneric::CollectGarbage:1177] Releasing resource 0x1d5958117b0 (nv.ngx.dlssg.dlfg_network_resource)

[2026-10-05 22:39:16] [tid:1188488][NGXCubinGeneric::CollectGarbage:1177] Releasing resource 0x1d5958147f0 (nv.ngx.dlssg.dlfg_network_resource)

[2026-10-05 22:39:16] [tid:1188488][NGXCubinGeneric::CollectGarbage:1177] Releasing resource 0x1d595813be0 (nv.ngx.dlssg.dlfg_network_resource)

[2026-10-05 22:39:16] [tid:1188488][NGXCubinGeneric::CollectGarbage:1177] Releasing resource 0x1d595817830 (nv.ngx.dlssg.dlfg_network_resource)

[2026-10-05 22:39:16] [tid:1188488][NGXCubinGeneric::CollectGarbage:1177] Releasing resource 0x1d5957c0590 (nv.ngx.dlssg.dlfg_network_resource)

[2026-10-05 22:39:16] [tid:1188488][NGXCubinGeneric::CollectGarbage:1177] Releasing resource 0x1d5957c29c0 (nv.ngx.dlssg.dlfg_network_resource)

[2026-10-05 22:39:16] [tid:1188488][NGXCubinGeneric::CollectGarbage:1177] Releasing resource 0x1d5957c4df0 (nv.ngx.dlssg.dlfg_network_resource)

[2026-10-05 22:39:16] [tid:1188488][NGXCubinGeneric::CollectGarbage:1177] Releasing resource 0x1d5957c8a40 (nv.ngx.dlssg.dlfg_network_resource)

[2026-10-05 22:39:16] [tid:1188488][NGXCubinGeneric::CollectGarbage:1177] Releasing resource 0x1d5957ca260 (nv.ngx.dlssg.dlfg_network_resource)

[2026-10-05 22:39:16] [tid:1188488][NGXCubinGeneric::CollectGarbage:1177] Releasing resource 0x1d5957c7220 (nv.ngx.dlssg.dlfg_network_resource)

[2026-10-05 22:39:16] [tid:1188488][NGXCubinGeneric::CollectGarbage:1177] Releasing resource 0x1d5957cba80 (nv.ngx.dlssg.dlfg_network_resource)

[2026-10-05 22:39:16] [tid:1188488][NGXCubinGeneric::CollectGarbage:1177] Releasing resource 0x1d59568d1f0 (nv.ngx.dlssg.dlfg_network_resource)

[2026-10-05 22:39:16] [tid:1188488][NGXCubinGeneric::CollectGarbage:1184] Releasing resource 0x0 (Unknown)

[2026-10-05 22:39:16] [tid:1188488][NGXCubinGeneric::CollectGarbage:1184] Releasing resource 0x0 (Unknown)

[2026-10-05 22:39:16] [tid:1188488][NGXCubinGeneric::Shutdown:281] Delayed destroy resource list count 0

[2026-10-05 22:39:16] [NGXStoreCallToReleaseFeature:1714] Stored release feature dlssg handle 3

[2026-10-05 22:39:16] [NVSDK_NGX_CreateFeature_Validate:731] app id is 141959980 

[2026-10-05 22:39:16] [tid:1188488][NGXCubinD3D12::ProcessParameters:1424] Resources managed by host: false

[2026-10-05 22:39:16] [tid:1188488][NGXCubinD3D12::Init:135] Enabling texmode_raw

[2026-10-05 22:39:16] [tid:1188488][NGXCubinD3D12::Init:147] Enabling CuModule kernel path (load fatbin once, resolve entry points)

[2026-10-05 22:39:16] [tid:1188488][NGXCubinD3D12::Init:152] Build - PRODUCTION

[2026-10-05 22:39:16] [tid:1188488][NGXCubinD3D12::Init:156] GPU nodes 1 - visible node mask 1

[2026-10-05 22:39:16] [tid:1188488][NGXCubinKernelMap::InitCubins:42] Loading NGXCubin kernels

[2026-10-05 22:39:16] [tid:1188488][NGXCubinGeneric::SetGPUArch:473] m_gpuArch = 0x170

[2026-10-05 22:39:16] [tid:1188488][NGXCubinGeneric::genericPostInit:164] Fast UAV clear: supported

[2026-10-05 22:39:16] [tid:1188488][NGXCubinD3D12::ProcessParameters:1424] Resources managed by host: false

[2026-10-05 22:39:16] [tid:1188488][EndpointCoreCreateParameters::ParseNGXParameters:82] Creating feature using NVSDK_NGX_DLSSG_Parameter_Width/Height

[2026-10-05 22:39:16] [tid:1188488][EndpointConfiguration::ParseNGXParametersCreateTime:50] NVSDK_NGX_DLSSG_Parameter_UserInterfaceRecompositionEnabled: (false)

[2026-10-05 22:39:16] [tid:1188488][NGXCubinGeneric::CreateTexture2DResourceShared:1022] CUBIN 2D alloc (dlfg_resource), m_allocCount=1, currentSize 0.9 MB, totalSize 0.9 MB

[2026-10-05 22:39:16] [tid:1188488][ResourceName::getPublicName:679] ProductionResourceName: 'nv.ngx.dlssg.resource'

[2026-10-05 22:39:16] [tid:1188488][NGXCubinD3D12::SetResourceName:1083] D3D12 SetResourceName: nv.ngx.dlssg.resource

[2026-10-05 22:39:16] [tid:1188488][NGXCubinGeneric::CreateTexture2DResourceShared:1022] CUBIN 2D alloc (dlfg_resource), m_allocCount=2, currentSize 0.9 MB, totalSize 1.8 MB

[2026-10-05 22:39:16] [tid:1188488][ResourceName::getPublicName:679] ProductionResourceName: 'nv.ngx.dlssg.resource'

[2026-10-05 22:39:16] [tid:1188488][NGXCubinD3D12::SetResourceName:1083] D3D12 SetResourceName: nv.ngx.dlssg.resource

[2026-10-05 22:39:16] [tid:1188488][NGXCubinGeneric::CreateTexture2DResourceShared:1022] CUBIN 2D alloc (dlfg_resource), m_allocCount=3, currentSize 7.0 MB, totalSize 8.8 MB

[2026-10-05 22:39:16] [tid:1188488][ResourceName::getPublicName:679] ProductionResourceName: 'nv.ngx.dlssg.resource'

[2026-10-05 22:39:16] [tid:1188488][NGXCubinD3D12::SetResourceName:1083] D3D12 SetResourceName: nv.ngx.dlssg.resource

[2026-10-05 22:39:16] [tid:1188488][NGXCubinGeneric::CreateTexture2DResourceShared:1022] CUBIN 2D alloc (dlfg_resource), m_allocCount=4, currentSize 7.0 MB, totalSize 15.8 MB

[2026-10-05 22:39:16] [tid:1188488][ResourceName::getPublicName:679] ProductionResourceName: 'nv.ngx.dlssg.resource'

[2026-10-05 22:39:16] [tid:1188488][NGXCubinD3D12::SetResourceName:1083] D3D12 SetResourceName: nv.ngx.dlssg.resource

[2026-10-05 22:39:16] [tid:1188488][NGXCubinGeneric::CreateTexture2DResourceShared:1022] CUBIN 2D alloc (dlfg_resource), m_allocCount=5, currentSize 7.0 MB, totalSize 22.9 MB

[2026-10-05 22:39:16] [tid:1188488][ResourceName::getPublicName:679] ProductionResourceName: 'nv.ngx.dlssg.resource'

[2026-10-05 22:39:16] [tid:1188488][NGXCubinD3D12::SetResourceName:1083] D3D12 SetResourceName: nv.ngx.dlssg.resource

[2026-10-05 22:39:16] [tid:1188488][NGXCubinGeneric::CreateTexture2DResourceShared:1022] CUBIN 2D alloc (dlfg_resource), m_allocCount=6, currentSize 7.0 MB, totalSize 29.9 MB

[2026-10-05 22:39:16] [tid:1188488][ResourceName::getPublicName:679] ProductionResourceName: 'nv.ngx.dlssg.resource'

[2026-10-05 22:39:16] [tid:1188488][NGXCubinD3D12::SetResourceName:1083] D3D12 SetResourceName: nv.ngx.dlssg.resource

[2026-10-05 22:39:16] [tid:1188488][NGXCubinGeneric::CreateTexture2DResourceShared:1022] CUBIN 2D alloc (dlfg_resource), m_allocCount=7, currentSize 1.8 MB, totalSize 31.6 MB

[2026-10-05 22:39:16] [tid:1188488][ResourceName::getPublicName:679] ProductionResourceName: 'nv.ngx.dlssg.resource'

[2026-10-05 22:39:16] [tid:1188488][NGXCubinD3D12::SetResourceName:1083] D3D12 SetResourceName: nv.ngx.dlssg.resource

[2026-10-05 22:39:16] [tid:1188488][NGXCubinGeneric::CreateTexture2DResourceShared:1022] CUBIN 2D alloc (dlfg_resource), m_allocCount=8, currentSize 0.9 MB, totalSize 32.5 MB

[2026-10-05 22:39:16] [tid:1188488][ResourceName::getPublicName:679] ProductionResourceName: 'nv.ngx.dlssg.resource'

[2026-10-05 22:39:16] [tid:1188488][NGXCubinD3D12::SetResourceName:1083] D3D12 SetResourceName: nv.ngx.dlssg.resource

[2026-10-05 22:39:16] [tid:1188488][NGXCubinGeneric::CreateTexture2DResourceShared:1022] CUBIN 2D alloc (dlfg_resource), m_allocCount=9, currentSize 0.9 MB, totalSize 33.4 MB

[2026-10-05 22:39:16] [tid:1188488][ResourceName::getPublicName:679] ProductionResourceName: 'nv.ngx.dlssg.resource'

[2026-10-05 22:39:16] [tid:1188488][NGXCubinD3D12::SetResourceName:1083] D3D12 SetResourceName: nv.ngx.dlssg.resource

[2026-10-05 22:39:16] [tid:1188488][NGXCubinGeneric::CreateTexture2DResourceShared:1022] CUBIN 2D alloc (dlfg_resource), m_allocCount=10, currentSize 0.9 MB, totalSize 34.3 MB

[2026-10-05 22:39:16] [tid:1188488][ResourceName::getPublicName:679] ProductionResourceName: 'nv.ngx.dlssg.resource'

[2026-10-05 22:39:16] [tid:1188488][NGXCubinD3D12::SetResourceName:1083] D3D12 SetResourceName: nv.ngx.dlssg.resource

[2026-10-05 22:39:16] [tid:1188488][NGXCubinGeneric::CreateBufferResource:822] CUBIN 1D alloc (dlfg_resource), m_allocCount=11, currentSize 0.0 MB, totalSize 34.3 MB

[2026-10-05 22:39:16] [tid:1188488][ResourceName::getPublicName:679] ProductionResourceName: 'nv.ngx.dlssg.resource'

[2026-10-05 22:39:16] [tid:1188488][NGXCubinD3D12::SetResourceName:1083] D3D12 SetResourceName: nv.ngx.dlssg.resource

[2026-10-05 22:39:16] [tid:1188488][NGXCubinGeneric::CreateTexture2DResourceShared:1022] CUBIN 2D alloc (dlfg_resource), m_allocCount=12, currentSize 0.9 MB, totalSize 35.2 MB

[2026-10-05 22:39:16] [tid:1188488][ResourceName::getPublicName:679] ProductionResourceName: 'nv.ngx.dlssg.resource'

[2026-10-05 22:39:16] [tid:1188488][NGXCubinD3D12::SetResourceName:1083] D3D12 SetResourceName: nv.ngx.dlssg.resource

[2026-10-05 22:39:16] [tid:1188488][NGXCubinGeneric::CreateTexture2DResourceShared:1022] CUBIN 2D alloc (dlfg_resource), m_allocCount=13, currentSize 0.9 MB, totalSize 36.0 MB

[2026-10-05 22:39:16] [tid:1188488][ResourceName::getPublicName:679] ProductionResourceName: 'nv.ngx.dlssg.resource'

[2026-10-05 22:39:16] [tid:1188488][NGXCubinD3D12::SetResourceName:1083] D3D12 SetResourceName: nv.ngx.dlssg.resource

[2026-10-05 22:39:16] [tid:1188488][NGXCubinGeneric::CreateTexture2DResourceShared:1022] CUBIN 2D alloc (dlfg_resource), m_allocCount=14, currentSize 0.9 MB, totalSize 36.9 MB

[2026-10-05 22:39:16] [tid:1188488][ResourceName::getPublicName:679] ProductionResourceName: 'nv.ngx.dlssg.resource'

[2026-10-05 22:39:16] [tid:1188488][NGXCubinD3D12::SetResourceName:1083] D3D12 SetResourceName: nv.ngx.dlssg.resource

[2026-10-05 22:39:16] [tid:1188488][NGXCubinGeneric::CreateTexture2DResourceShared:1022] CUBIN 2D alloc (dlfg_resource), m_allocCount=15, currentSize 0.2 MB, totalSize 37.1 MB

[2026-10-05 22:39:16] [tid:1188488][ResourceName::getPublicName:679] ProductionResourceName: 'nv.ngx.dlssg.resource'

[2026-10-05 22:39:16] [tid:1188488][NGXCubinD3D12::SetResourceName:1083] D3D12 SetResourceName: nv.ngx.dlssg.resource

[2026-10-05 22:39:16] [tid:1188488][NGXCubinGeneric::CreateTexture2DResourceShared:1022] CUBIN 2D alloc (dlfg_resource), m_allocCount=16, currentSize 0.2 MB, totalSize 37.4 MB

[2026-10-05 22:39:16] [tid:1188488][ResourceName::getPublicName:679] ProductionResourceName: 'nv.ngx.dlssg.resource'

[2026-10-05 22:39:16] [tid:1188488][NGXCubinD3D12::SetResourceName:1083] D3D12 SetResourceName: nv.ngx.dlssg.resource

[2026-10-05 22:39:16] [tid:1188488][NGXCubinGeneric::CreateTexture2DResourceShared:1022] CUBIN 2D alloc (dlfg_resource), m_allocCount=17, currentSize 0.2 MB, totalSize 37.6 MB

[2026-10-05 22:39:16] [tid:1188488][ResourceName::getPublicName:679] ProductionResourceName: 'nv.ngx.dlssg.resource'

[2026-10-05 22:39:16] [tid:1188488][NGXCubinD3D12::SetResourceName:1083] D3D12 SetResourceName: nv.ngx.dlssg.resource

[2026-10-05 22:39:16] [tid:1188488][NGXCubinGeneric::CreateTexture2DResourceShared:1022] CUBIN 2D alloc (dlfg_resource), m_allocCount=18, currentSize 1.8 MB, totalSize 39.3 MB

[2026-10-05 22:39:16] [tid:1188488][ResourceName::getPublicName:679] ProductionResourceName: 'nv.ngx.dlssg.resource'

[2026-10-05 22:39:16] [tid:1188488][NGXCubinD3D12::SetResourceName:1083] D3D12 SetResourceName: nv.ngx.dlssg.resource

[2026-10-05 22:39:16] [tid:1188488][NGXCubinGeneric::CreateTexture2DResourceShared:1022] CUBIN 2D alloc (dlfg_resource), m_allocCount=19, currentSize 1.8 MB, totalSize 41.1 MB

[2026-10-05 22:39:16] [tid:1188488][ResourceName::getPublicName:679] ProductionResourceName: 'nv.ngx.dlssg.resource'

[2026-10-05 22:39:16] [tid:1188488][NGXCubinD3D12::SetResourceName:1083] D3D12 SetResourceName: nv.ngx.dlssg.resource

[2026-10-05 22:39:16] [tid:1188488][NGXCubinGeneric::CreateBufferResource:822] CUBIN 1D alloc (dlfg_resource), m_allocCount=20, currentSize 1.8 MB, totalSize 42.8 MB

[2026-10-05 22:39:16] [tid:1188488][ResourceName::getPublicName:679] ProductionResourceName: 'nv.ngx.dlssg.resource'

[2026-10-05 22:39:16] [tid:1188488][NGXCubinD3D12::SetResourceName:1083] D3D12 SetResourceName: nv.ngx.dlssg.resource

[2026-10-05 22:39:16] [tid:1188488][NGXCubinGeneric::CreateBufferResource:822] CUBIN 1D alloc (dlfg_resource), m_allocCount=21, currentSize 1.8 MB, totalSize 44.6 MB

[2026-10-05 22:39:16] [tid:1188488][ResourceName::getPublicName:679] ProductionResourceName: 'nv.ngx.dlssg.resource'

[2026-10-05 22:39:16] [tid:1188488][NGXCubinD3D12::SetResourceName:1083] D3D12 SetResourceName: nv.ngx.dlssg.resource

[2026-10-05 22:39:16] [tid:1188488][NGXCubinGeneric::CreateBufferResource:822] CUBIN 1D alloc (dlfg_resource), m_allocCount=22, currentSize 0.2 MB, totalSize 44.8 MB

[2026-10-05 22:39:16] [tid:1188488][ResourceName::getPublicName:679] ProductionResourceName: 'nv.ngx.dlssg.resource'

[2026-10-05 22:39:16] [tid:1188488][NGXCubinD3D12::SetResourceName:1083] D3D12 SetResourceName: nv.ngx.dlssg.resource

[2026-10-05 22:39:16] [tid:1188488][NGXCubinGeneric::CreateBufferResource:822] CUBIN 1D alloc (dlfg_resource), m_allocCount=23, currentSize 0.3 MB, totalSize 45.2 MB

[2026-10-05 22:39:16] [tid:1188488][ResourceName::getPublicName:679] ProductionResourceName: 'nv.ngx.dlssg.resource'

[2026-10-05 22:39:16] [tid:1188488][NGXCubinD3D12::SetResourceName:1083] D3D12 SetResourceName: nv.ngx.dlssg.resource

[2026-10-05 22:39:16] [tid:1188488][NGXCubinGeneric::CreateTexture2DResourceShared:1022] CUBIN 2D alloc (dlfg_resource), m_allocCount=24, currentSize 1.8 MB, totalSize 46.9 MB

[2026-10-05 22:39:16] [tid:1188488][ResourceName::getPublicName:679] ProductionResourceName: 'nv.ngx.dlssg.resource'

[2026-10-05 22:39:16] [tid:1188488][NGXCubinD3D12::SetResourceName:1083] D3D12 SetResourceName: nv.ngx.dlssg.resource

[2026-10-05 22:39:16] [tid:1188488][NGXCubinGeneric::CreateTexture2DResourceShared:1022] CUBIN 2D alloc (dlfg_resource), m_allocCount=25, currentSize 1.8 MB, totalSize 48.7 MB

[2026-10-05 22:39:16] [tid:1188488][ResourceName::getPublicName:679] ProductionResourceName: 'nv.ngx.dlssg.resource'

[2026-10-05 22:39:16] [tid:1188488][NGXCubinD3D12::SetResourceName:1083] D3D12 SetResourceName: nv.ngx.dlssg.resource

[2026-10-05 22:39:16] [tid:1188488][NGXCubinGeneric::CreateTexture2DResourceShared:1022] CUBIN 2D alloc (dlfg_resource), m_allocCount=26, currentSize 0.9 MB, totalSize 49.5 MB

[2026-10-05 22:39:16] [tid:1188488][ResourceName::getPublicName:679] ProductionResourceName: 'nv.ngx.dlssg.resource'

[2026-10-05 22:39:16] [tid:1188488][NGXCubinD3D12::SetResourceName:1083] D3D12 SetResourceName: nv.ngx.dlssg.resource

[2026-10-05 22:39:16] [tid:1188488][NGXCubinGeneric::CreateTexture2DResourceShared:1022] CUBIN 2D alloc (dlfg_resource), m_allocCount=27, currentSize 0.9 MB, totalSize 50.4 MB

[2026-10-05 22:39:16] [tid:1188488][ResourceName::getPublicName:679] ProductionResourceName: 'nv.ngx.dlssg.resource'

[2026-10-05 22:39:16] [tid:1188488][NGXCubinD3D12::SetResourceName:1083] D3D12 SetResourceName: nv.ngx.dlssg.resource

[2026-10-05 22:39:16] [tid:1188488][NGXCubinGeneric::CreateTexture2DResourceShared:1022] CUBIN 2D alloc (dlfg_resource), m_allocCount=28, currentSize 0.9 MB, totalSize 51.3 MB

[2026-10-05 22:39:16] [tid:1188488][ResourceName::getPublicName:679] ProductionResourceName: 'nv.ngx.dlssg.resource'

[2026-10-05 22:39:16] [tid:1188488][NGXCubinD3D12::SetResourceName:1083] D3D12 SetResourceName: nv.ngx.dlssg.resource

[2026-10-05 22:39:16] [tid:1188488][NGXCubinGeneric::CreateTexture2DResourceShared:1022] CUBIN 2D alloc (dlfg_resource), m_allocCount=29, currentSize 0.4 MB, totalSize 51.7 MB

[2026-10-05 22:39:16] [tid:1188488][ResourceName::getPublicName:679] ProductionResourceName: 'nv.ngx.dlssg.resource'

[2026-10-05 22:39:16] [tid:1188488][NGXCubinD3D12::SetResourceName:1083] D3D12 SetResourceName: nv.ngx.dlssg.resource

[2026-10-05 22:39:16] [tid:1188488][NGXCubinGeneric::CreateTexture2DResourceShared:1022] CUBIN 2D alloc (dlfg_resource), m_allocCount=30, currentSize 0.4 MB, totalSize 52.2 MB

[2026-10-05 22:39:16] [tid:1188488][ResourceName::getPublicName:679] ProductionResourceName: 'nv.ngx.dlssg.resource'

[2026-10-05 22:39:16] [tid:1188488][NGXCubinD3D12::SetResourceName:1083] D3D12 SetResourceName: nv.ngx.dlssg.resource

[2026-10-05 22:39:16] [tid:1188488][NGXCubinGeneric::CreateTexture2DResourceShared:1022] CUBIN 2D alloc (dlfg_resource), m_allocCount=31, currentSize 0.2 MB, totalSize 52.4 MB

[2026-10-05 22:39:16] [tid:1188488][ResourceName::getPublicName:679] ProductionResourceName: 'nv.ngx.dlssg.resource'

[2026-10-05 22:39:16] [tid:1188488][NGXCubinD3D12::SetResourceName:1083] D3D12 SetResourceName: nv.ngx.dlssg.resource

[2026-10-05 22:39:16] [tid:1188488][NGXCubinGeneric::CreateTexture2DResourceShared:1022] CUBIN 2D alloc (dlfg_resource), m_allocCount=32, currentSize 0.2 MB, totalSize 52.6 MB

[2026-10-05 22:39:16] [tid:1188488][ResourceName::getPublicName:679] ProductionResourceName: 'nv.ngx.dlssg.resource'

[2026-10-05 22:39:16] [tid:1188488][NGXCubinD3D12::SetResourceName:1083] D3D12 SetResourceName: nv.ngx.dlssg.resource

[2026-10-05 22:39:16] [tid:1188488][NGXCubinGeneric::CreateTexture2DResourceShared:1022] CUBIN 2D alloc (dlfg_resource), m_allocCount=33, currentSize 0.2 MB, totalSize 52.8 MB

[2026-10-05 22:39:16] [tid:1188488][ResourceName::getPublicName:679] ProductionResourceName: 'nv.ngx.dlssg.resource'

[2026-10-05 22:39:16] [tid:1188488][NGXCubinD3D12::SetResourceName:1083] D3D12 SetResourceName: nv.ngx.dlssg.resource

[2026-10-05 22:39:16] [tid:1188488][NGXCubinGeneric::CreateTexture2DResourceShared:1022] CUBIN 2D alloc (dlfg_resource), m_allocCount=34, currentSize 0.2 MB, totalSize 53.1 MB

[2026-10-05 22:39:16] [tid:1188488][ResourceName::getPublicName:679] ProductionResourceName: 'nv.ngx.dlssg.resource'

[2026-10-05 22:39:16] [tid:1188488][NGXCubinD3D12::SetResourceName:1083] D3D12 SetResourceName: nv.ngx.dlssg.resource

[2026-10-05 22:39:16] [tid:1188488][NGXCubinGeneric::CreateTexture2DResourceShared:1022] CUBIN 2D alloc (dlfg_resource), m_allocCount=35, currentSize 0.2 MB, totalSize 53.3 MB

[2026-10-05 22:39:16] [tid:1188488][ResourceName::getPublicName:679] ProductionResourceName: 'nv.ngx.dlssg.resource'

[2026-10-05 22:39:16] [tid:1188488][NGXCubinD3D12::SetResourceName:1083] D3D12 SetResourceName: nv.ngx.dlssg.resource

[2026-10-05 22:39:16] [tid:1188488][NGXCubinGeneric::CreateBufferResource:822] CUBIN 1D alloc (dlfg_resource), m_allocCount=36, currentSize 1.9 MB, totalSize 55.2 MB

[2026-10-05 22:39:16] [tid:1188488][ResourceName::getPublicName:679] ProductionResourceName: 'nv.ngx.dlssg.resource'

[2026-10-05 22:39:16] [tid:1188488][NGXCubinD3D12::SetResourceName:1083] D3D12 SetResourceName: nv.ngx.dlssg.resource

[2026-10-05 22:39:16] [tid:1188488][NGXCubinGeneric::CreateBufferResource:822] CUBIN 1D alloc (dlfg_resource), m_allocCount=37, currentSize 5.6 MB, totalSize 60.8 MB

[2026-10-05 22:39:16] [tid:1188488][ResourceName::getPublicName:679] ProductionResourceName: 'nv.ngx.dlssg.resource'

[2026-10-05 22:39:16] [tid:1188488][NGXCubinD3D12::SetResourceName:1083] D3D12 SetResourceName: nv.ngx.dlssg.resource

[2026-10-05 22:39:16] [tid:1188488][NGXCubinGeneric::CreateBufferResource:822] CUBIN 1D alloc (dlfg_resource), m_allocCount=38, currentSize 1.8 MB, totalSize 62.6 MB

[2026-10-05 22:39:16] [tid:1188488][ResourceName::getPublicName:679] ProductionResourceName: 'nv.ngx.dlssg.resource'

[2026-10-05 22:39:16] [tid:1188488][NGXCubinD3D12::SetResourceName:1083] D3D12 SetResourceName: nv.ngx.dlssg.resource

[2026-10-05 22:39:16] [tid:1188488][NGXCubinGeneric::CreateBufferResource:822] CUBIN 1D alloc (dlfg_resource), m_allocCount=39, currentSize 1.8 MB, totalSize 64.4 MB

[2026-10-05 22:39:16] [tid:1188488][ResourceName::getPublicName:679] ProductionResourceName: 'nv.ngx.dlssg.resource'

[2026-10-05 22:39:16] [tid:1188488][NGXCubinD3D12::SetResourceName:1083] D3D12 SetResourceName: nv.ngx.dlssg.resource

[2026-10-05 22:39:16] [tid:1188488][NGXCubinGeneric::CreateBufferResource:822] CUBIN 1D alloc (dlfg_resource), m_allocCount=40, currentSize 0.0 MB, totalSize 64.4 MB

[2026-10-05 22:39:16] [tid:1188488][ResourceName::getPublicName:679] ProductionResourceName: 'nv.ngx.dlssg.resource'

[2026-10-05 22:39:16] [tid:1188488][NGXCubinD3D12::SetResourceName:1083] D3D12 SetResourceName: nv.ngx.dlssg.resource

[2026-10-05 22:39:16] [tid:1188488][NGXCubinGeneric::CreateBufferResource:822] CUBIN 1D alloc (dlfg_resource), m_allocCount=41, currentSize 0.4 MB, totalSize 64.8 MB

[2026-10-05 22:39:16] [tid:1188488][ResourceName::getPublicName:679] ProductionResourceName: 'nv.ngx.dlssg.resource'

[2026-10-05 22:39:16] [tid:1188488][NGXCubinD3D12::SetResourceName:1083] D3D12 SetResourceName: nv.ngx.dlssg.resource

[2026-10-05 22:39:16] [tid:1188488][NGXCubinGeneric::CreateBufferResource:822] CUBIN 1D alloc (dlfg_resource), m_allocCount=42, currentSize 3.6 MB, totalSize 68.4 MB

[2026-10-05 22:39:16] [tid:1188488][ResourceName::getPublicName:679] ProductionResourceName: 'nv.ngx.dlssg.resource'

[2026-10-05 22:39:16] [tid:1188488][NGXCubinD3D12::SetResourceName:1083] D3D12 SetResourceName: nv.ngx.dlssg.resource

[2026-10-05 22:39:16] [tid:1188488][NGXCubinGeneric::CreateBufferResource:822] CUBIN 1D alloc (dlfg_resource), m_allocCount=43, currentSize 0.1 MB, totalSize 68.5 MB

[2026-10-05 22:39:16] [tid:1188488][ResourceName::getPublicName:679] ProductionResourceName: 'nv.ngx.dlssg.resource'

[2026-10-05 22:39:16] [tid:1188488][NGXCubinD3D12::SetResourceName:1083] D3D12 SetResourceName: nv.ngx.dlssg.resource

[2026-10-05 22:39:16] [tid:1188488][NGXCubinGeneric::CreateBufferResource:822] CUBIN 1D alloc (dlfg_resource), m_allocCount=44, currentSize 0.0 MB, totalSize 68.5 MB

[2026-10-05 22:39:16] [tid:1188488][ResourceName::getPublicName:679] ProductionResourceName: 'nv.ngx.dlssg.resource'

[2026-10-05 22:39:16] [tid:1188488][NGXCubinD3D12::SetResourceName:1083] D3D12 SetResourceName: nv.ngx.dlssg.resource

[2026-10-05 22:39:16] [tid:1188488][NGXCubinGeneric::CreateBufferResource:822] CUBIN 1D alloc (dlfg_resource), m_allocCount=45, currentSize 0.0 MB, totalSize 68.5 MB

[2026-10-05 22:39:16] [tid:1188488][ResourceName::getPublicName:679] ProductionResourceName: 'nv.ngx.dlssg.resource'

[2026-10-05 22:39:16] [tid:1188488][NGXCubinD3D12::SetResourceName:1083] D3D12 SetResourceName: nv.ngx.dlssg.resource

[2026-10-05 22:39:16] [tid:1188488][NGXCubinGeneric::CreateBufferResource:822] CUBIN 1D alloc (dlfg_resource), m_allocCount=46, currentSize 1.8 MB, totalSize 70.3 MB

[2026-10-05 22:39:16] [tid:1188488][ResourceName::getPublicName:679] ProductionResourceName: 'nv.ngx.dlssg.resource'

[2026-10-05 22:39:16] [tid:1188488][NGXCubinD3D12::SetResourceName:1083] D3D12 SetResourceName: nv.ngx.dlssg.resource

[2026-10-05 22:39:16] [tid:1188488][NGXCubinGeneric::CreateBufferResource:822] CUBIN 1D alloc (dlfg_resource), m_allocCount=47, currentSize 0.0 MB, totalSize 70.3 MB

[2026-10-05 22:39:16] [tid:1188488][ResourceName::getPublicName:679] ProductionResourceName: 'nv.ngx.dlssg.resource'

[2026-10-05 22:39:16] [tid:1188488][NGXCubinD3D12::SetResourceName:1083] D3D12 SetResourceName: nv.ngx.dlssg.resource

[2026-10-05 22:39:16] [tid:1188488][NGXCubinGeneric::CreateBufferResource:822] CUBIN 1D alloc (dlfg_resource), m_allocCount=48, currentSize 0.4 MB, totalSize 70.7 MB

[2026-10-05 22:39:16] [tid:1188488][ResourceName::getPublicName:679] ProductionResourceName: 'nv.ngx.dlssg.resource'

[2026-10-05 22:39:16] [tid:1188488][NGXCubinD3D12::SetResourceName:1083] D3D12 SetResourceName: nv.ngx.dlssg.resource

[2026-10-05 22:39:16] [tid:1188488][NGXCubinGeneric::CreateBufferResource:822] CUBIN 1D alloc (dlfg_resource), m_allocCount=49, currentSize 0.0 MB, totalSize 70.7 MB

[2026-10-05 22:39:16] [tid:1188488][ResourceName::getPublicName:679] ProductionResourceName: 'nv.ngx.dlssg.resource'

[2026-10-05 22:39:16] [tid:1188488][NGXCubinD3D12::SetResourceName:1083] D3D12 SetResourceName: nv.ngx.dlssg.resource

[2026-10-05 22:39:16] [tid:1188488][NGXCubinGeneric::CreateBufferResource:822] CUBIN 1D alloc (dlfg_resource), m_allocCount=50, currentSize 0.1 MB, totalSize 70.8 MB

[2026-10-05 22:39:16] [tid:1188488][ResourceName::getPublicName:679] ProductionResourceName: 'nv.ngx.dlssg.resource'

[2026-10-05 22:39:16] [tid:1188488][NGXCubinD3D12::SetResourceName:1083] D3D12 SetResourceName: nv.ngx.dlssg.resource

[2026-10-05 22:39:16] [tid:1188488][NGXCubinGeneric::CreateBufferResource:822] CUBIN 1D alloc (dlfg_resource), m_allocCount=51, currentSize 0.0 MB, totalSize 70.9 MB

[2026-10-05 22:39:16] [tid:1188488][ResourceName::getPublicName:679] ProductionResourceName: 'nv.ngx.dlssg.resource'

[2026-10-05 22:39:16] [tid:1188488][NGXCubinD3D12::SetResourceName:1083] D3D12 SetResourceName: nv.ngx.dlssg.resource

[2026-10-05 22:39:16] [tid:1188488][NGXCubinGeneric::CreateBufferResource:822] CUBIN 1D alloc (dlfg_resource), m_allocCount=52, currentSize 0.0 MB, totalSize 70.9 MB

[2026-10-05 22:39:16] [tid:1188488][ResourceName::getPublicName:679] ProductionResourceName: 'nv.ngx.dlssg.resource'

[2026-10-05 22:39:16] [tid:1188488][NGXCubinD3D12::SetResourceName:1083] D3D12 SetResourceName: nv.ngx.dlssg.resource

[2026-10-05 22:39:16] [tid:1188488][NGXCubinGeneric::CreateBufferResource:822] CUBIN 1D alloc (dlfg_resource), m_allocCount=53, currentSize 0.0 MB, totalSize 70.9 MB

[2026-10-05 22:39:16] [tid:1188488][ResourceName::getPublicName:679] ProductionResourceName: 'nv.ngx.dlssg.resource'

[2026-10-05 22:39:16] [tid:1188488][NGXCubinD3D12::SetResourceName:1083] D3D12 SetResourceName: nv.ngx.dlssg.resource

[2026-10-05 22:39:16] [tid:1188488][NGXCubinGeneric::CreateBufferResource:822] CUBIN 1D alloc (dlfg_resource), m_allocCount=54, currentSize 0.0 MB, totalSize 70.9 MB

[2026-10-05 22:39:16] [tid:1188488][ResourceName::getPublicName:679] ProductionResourceName: 'nv.ngx.dlssg.resource'

[2026-10-05 22:39:16] [tid:1188488][NGXCubinD3D12::SetResourceName:1083] D3D12 SetResourceName: nv.ngx.dlssg.resource

[2026-10-05 22:39:16] [tid:1188488][NGXCubinGeneric::CreateBufferResource:822] CUBIN 1D alloc (dlfg_resource), m_allocCount=55, currentSize 0.0 MB, totalSize 70.9 MB

[2026-10-05 22:39:16] [tid:1188488][ResourceName::getPublicName:679] ProductionResourceName: 'nv.ngx.dlssg.resource'

[2026-10-05 22:39:16] [tid:1188488][NGXCubinD3D12::SetResourceName:1083] D3D12 SetResourceName: nv.ngx.dlssg.resource

[2026-10-05 22:39:16] [tid:1188488][NGXCubinGeneric::CreateBufferResource:822] CUBIN 1D alloc (dlfg_network_resource), m_allocCount=56, currentSize 3.8 MB, totalSize 74.6 MB

[2026-10-05 22:39:16] [tid:1188488][ResourceName::getPublicName:679] ProductionResourceName: 'nv.ngx.dlssg.resource'

[2026-10-05 22:39:16] [tid:1188488][NGXCubinD3D12::SetResourceName:1083] D3D12 SetResourceName: nv.ngx.dlssg.resource

[2026-10-05 22:39:16] [tid:1188488][NGXCubinGeneric::CreateBufferResource:822] CUBIN 1D alloc (dlfg_network_resource), m_allocCount=57, currentSize 3.8 MB, totalSize 78.4 MB

[2026-10-05 22:39:16] [tid:1188488][ResourceName::getPublicName:679] ProductionResourceName: 'nv.ngx.dlssg.resource'

[2026-10-05 22:39:16] [tid:1188488][NGXCubinD3D12::SetResourceName:1083] D3D12 SetResourceName: nv.ngx.dlssg.resource

[2026-10-05 22:39:16] [tid:1188488][NGXCubinGeneric::CreateBufferResource:822] CUBIN 1D alloc (dlfg_network_resource), m_allocCount=58, currentSize 3.8 MB, totalSize 82.1 MB

[2026-10-05 22:39:16] [tid:1188488][ResourceName::getPublicName:679] ProductionResourceName: 'nv.ngx.dlssg.resource'

[2026-10-05 22:39:16] [tid:1188488][NGXCubinD3D12::SetResourceName:1083] D3D12 SetResourceName: nv.ngx.dlssg.resource

[2026-10-05 22:39:16] [tid:1188488][NGXCubinGeneric::CreateBufferResource:822] CUBIN 1D alloc (dlfg_network_resource), m_allocCount=59, currentSize 1.9 MB, totalSize 84.0 MB

[2026-10-05 22:39:16] [tid:1188488][ResourceName::getPublicName:679] ProductionResourceName: 'nv.ngx.dlssg.resource'

[2026-10-05 22:39:16] [tid:1188488][NGXCubinD3D12::SetResourceName:1083] D3D12 SetResourceName: nv.ngx.dlssg.resource

[2026-10-05 22:39:16] [tid:1188488][NGXCubinGeneric::CreateBufferResource:822] CUBIN 1D alloc (dlfg_network_resource), m_allocCount=60, currentSize 0.9 MB, totalSize 85.0 MB

[2026-10-05 22:39:16] [tid:1188488][ResourceName::getPublicName:679] ProductionResourceName: 'nv.ngx.dlssg.resource'

[2026-10-05 22:39:16] [tid:1188488][NGXCubinD3D12::SetResourceName:1083] D3D12 SetResourceName: nv.ngx.dlssg.resource

[2026-10-05 22:39:16] [tid:1188488][NGXCubinGeneric::CreateBufferResource:822] CUBIN 1D alloc (dlfg_network_resource), m_allocCount=61, currentSize 0.2 MB, totalSize 85.2 MB

[2026-10-05 22:39:16] [tid:1188488][ResourceName::getPublicName:679] ProductionResourceName: 'nv.ngx.dlssg.resource'

[2026-10-05 22:39:16] [tid:1188488][NGXCubinD3D12::SetResourceName:1083] D3D12 SetResourceName: nv.ngx.dlssg.resource

[2026-10-05 22:39:16] [tid:1188488][NGXCubinGeneric::CreateBufferResource:822] CUBIN 1D alloc (dlfg_network_resource), m_allocCount=62, currentSize 0.1 MB, totalSize 85.3 MB

[2026-10-05 22:39:16] [tid:1188488][ResourceName::getPublicName:679] ProductionResourceName: 'nv.ngx.dlssg.resource'

[2026-10-05 22:39:16] [tid:1188488][NGXCubinD3D12::SetResourceName:1083] D3D12 SetResourceName: nv.ngx.dlssg.resource

[2026-10-05 22:39:16] [tid:1188488][NGXCubinGeneric::CreateBufferResource:822] CUBIN 1D alloc (dlfg_network_resource), m_allocCount=63, currentSize 0.1 MB, totalSize 85.4 MB

[2026-10-05 22:39:16] [tid:1188488][ResourceName::getPublicName:679] ProductionResourceName: 'nv.ngx.dlssg.resource'

[2026-10-05 22:39:16] [tid:1188488][NGXCubinD3D12::SetResourceName:1083] D3D12 SetResourceName: nv.ngx.dlssg.resource

[2026-10-05 22:39:16] [tid:1188488][NGXCubinGeneric::CreateBufferResource:822] CUBIN 1D alloc (dlfg_network_resource), m_allocCount=64, currentSize 0.1 MB, totalSize 85.4 MB

[2026-10-05 22:39:16] [tid:1188488][ResourceName::getPublicName:679] ProductionResourceName: 'nv.ngx.dlssg.resource'

[2026-10-05 22:39:16] [tid:1188488][NGXCubinD3D12::SetResourceName:1083] D3D12 SetResourceName: nv.ngx.dlssg.resource

[2026-10-05 22:39:16] [tid:1188488][NGXCubinGeneric::CreateBufferResource:822] CUBIN 1D alloc (dlfg_network_resource), m_allocCount=65, currentSize 0.0 MB, totalSize 85.4 MB

[2026-10-05 22:39:16] [tid:1188488][ResourceName::getPublicName:679] ProductionResourceName: 'nv.ngx.dlssg.resource'

[2026-10-05 22:39:16] [tid:1188488][NGXCubinD3D12::SetResourceName:1083] D3D12 SetResourceName: nv.ngx.dlssg.resource

[2026-10-05 22:39:16] [tid:1188488][NGXCubinGeneric::CreateBufferResource:822] CUBIN 1D alloc (dlfg_network_resource), m_allocCount=66, currentSize 0.0 MB, totalSize 85.4 MB

[2026-10-05 22:39:16] [tid:1188488][ResourceName::getPublicName:679] ProductionResourceName: 'nv.ngx.dlssg.resource'

[2026-10-05 22:39:16] [tid:1188488][NGXCubinD3D12::SetResourceName:1083] D3D12 SetResourceName: nv.ngx.dlssg.resource

[2026-10-05 22:39:16] [tid:1188488][NGXCubinGeneric::CreateBufferResource:822] CUBIN 1D alloc (dlfg_network_resource), m_allocCount=67, currentSize 0.3 MB, totalSize 85.7 MB

[2026-10-05 22:39:16] [tid:1188488][ResourceName::getPublicName:679] ProductionResourceName: 'nv.ngx.dlssg.resource'

[2026-10-05 22:39:16] [tid:1188488][NGXCubinD3D12::SetResourceName:1083] D3D12 SetResourceName: nv.ngx.dlssg.resource

[2026-10-05 22:39:16] [tid:1188488][NGXCubinGeneric::CreateBufferResource:822] CUBIN 1D alloc (dlfg_network_resource), m_allocCount=68, currentSize 0.3 MB, totalSize 86.0 MB

[2026-10-05 22:39:16] [tid:1188488][ResourceName::getPublicName:679] ProductionResourceName: 'nv.ngx.dlssg.resource'

[2026-10-05 22:39:16] [tid:1188488][NGXCubinD3D12::SetResourceName:1083] D3D12 SetResourceName: nv.ngx.dlssg.resource

[2026-10-05 22:39:16] [tid:1188488][NGXCubinGeneric::CreateBufferResource:822] CUBIN 1D alloc (dlfg_network_resource), m_allocCount=69, currentSize 0.6 MB, totalSize 86.6 MB

[2026-10-05 22:39:16] [tid:1188488][ResourceName::getPublicName:679] ProductionResourceName: 'nv.ngx.dlssg.resource'

[2026-10-05 22:39:16] [tid:1188488][NGXCubinD3D12::SetResourceName:1083] D3D12 SetResourceName: nv.ngx.dlssg.resource

[2026-10-05 22:39:16] [tid:1188488][NGXCubinGeneric::CreateBufferResource:822] CUBIN 1D alloc (dlfg_network_resource), m_allocCount=70, currentSize 0.6 MB, totalSize 87.1 MB

[2026-10-05 22:39:16] [tid:1188488][ResourceName::getPublicName:679] ProductionResourceName: 'nv.ngx.dlssg.resource'

[2026-10-05 22:39:16] [tid:1188488][NGXCubinD3D12::SetResourceName:1083] D3D12 SetResourceName: nv.ngx.dlssg.resource

[2026-10-05 22:39:16] [tid:1188488][NGXCubinGeneric::CreateBufferResource:822] CUBIN 1D alloc (dlfg_network_resource), m_allocCount=71, currentSize 1.1 MB, totalSize 88.3 MB

[2026-10-05 22:39:16] [tid:1188488][ResourceName::getPublicName:679] ProductionResourceName: 'nv.ngx.dlssg.resource'

[2026-10-05 22:39:16] [tid:1188488][NGXCubinD3D12::SetResourceName:1083] D3D12 SetResourceName: nv.ngx.dlssg.resource

[2026-10-05 22:39:16] [tid:1188488][NGXCubinGeneric::CreateBufferResource:822] CUBIN 1D alloc (dlfg_network_resource), m_allocCount=72, currentSize 1.1 MB, totalSize 89.4 MB

[2026-10-05 22:39:16] [tid:1188488][ResourceName::getPublicName:679] ProductionResourceName: 'nv.ngx.dlssg.resource'

[2026-10-05 22:39:16] [tid:1188488][NGXCubinD3D12::SetResourceName:1083] D3D12 SetResourceName: nv.ngx.dlssg.resource

[2026-10-05 22:39:16] [tid:1188488][NGXCubinGeneric::CreateBufferResource:822] CUBIN 1D alloc (dlfg_network_resource), m_allocCount=73, currentSize 0.5 MB, totalSize 89.9 MB

[2026-10-05 22:39:16] [tid:1188488][ResourceName::getPublicName:679] ProductionResourceName: 'nv.ngx.dlssg.resource'

[2026-10-05 22:39:16] [tid:1188488][NGXCubinD3D12::SetResourceName:1083] D3D12 SetResourceName: nv.ngx.dlssg.resource

[2026-10-05 22:39:16] [tid:1188488][NGXCubinGeneric::CreateBufferResource:822] CUBIN 1D alloc (dlfg_network_resource), m_allocCount=74, currentSize 0.5 MB, totalSize 90.4 MB

[2026-10-05 22:39:16] [tid:1188488][ResourceName::getPublicName:679] ProductionResourceName: 'nv.ngx.dlssg.resource'

[2026-10-05 22:39:16] [tid:1188488][NGXCubinD3D12::SetResourceName:1083] D3D12 SetResourceName: nv.ngx.dlssg.resource

[2026-10-05 22:39:16] [tid:1188488][NGXCubinGeneric::CreateBufferResource:822] CUBIN 1D alloc (dlfg_network_resource), m_allocCount=75, currentSize 0.5 MB, totalSize 90.9 MB

[2026-10-05 22:39:16] [tid:1188488][ResourceName::getPublicName:679] ProductionResourceName: 'nv.ngx.dlssg.resource'

[2026-10-05 22:39:16] [tid:1188488][NGXCubinD3D12::SetResourceName:1083] D3D12 SetResourceName: nv.ngx.dlssg.resource

[2026-10-05 22:39:16] [tid:1188488][NGXCubinGeneric::CreateBufferResource:822] CUBIN 1D alloc (dlfg_network_resource), m_allocCount=76, currentSize 0.5 MB, totalSize 91.4 MB

[2026-10-05 22:39:16] [tid:1188488][ResourceName::getPublicName:679] ProductionResourceName: 'nv.ngx.dlssg.resource'

[2026-10-05 22:39:16] [tid:1188488][NGXCubinD3D12::SetResourceName:1083] D3D12 SetResourceName: nv.ngx.dlssg.resource

[2026-10-05 22:39:16] [tid:1188488][NGXCubinGeneric::CreateBufferResource:822] CUBIN 1D alloc (dlfg_network_resource), m_allocCount=77, currentSize 0.3 MB, totalSize 91.7 MB

[2026-10-05 22:39:16] [tid:1188488][ResourceName::getPublicName:679] ProductionResourceName: 'nv.ngx.dlssg.resource'

[2026-10-05 22:39:16] [tid:1188488][NGXCubinD3D12::SetResourceName:1083] D3D12 SetResourceName: nv.ngx.dlssg.resource

[2026-10-05 22:39:16] [tid:1188488][NGXCubinGeneric::CreateBufferResource:822] CUBIN 1D alloc (dlfg_network_resource), m_allocCount=78, currentSize 0.3 MB, totalSize 92.0 MB

[2026-10-05 22:39:16] [tid:1188488][ResourceName::getPublicName:679] ProductionResourceName: 'nv.ngx.dlssg.resource'

[2026-10-05 22:39:16] [tid:1188488][NGXCubinD3D12::SetResourceName:1083] D3D12 SetResourceName: nv.ngx.dlssg.resource

[2026-10-05 22:39:16] [tid:1188488][NGXCubinGeneric::CreateBufferResource:822] CUBIN 1D alloc (dlfg_network_resource), m_allocCount=79, currentSize 0.1 MB, totalSize 92.1 MB

[2026-10-05 22:39:16] [tid:1188488][ResourceName::getPublicName:679] ProductionResourceName: 'nv.ngx.dlssg.resource'

[2026-10-05 22:39:16] [tid:1188488][NGXCubinD3D12::SetResourceName:1083] D3D12 SetResourceName: nv.ngx.dlssg.resource

[2026-10-05 22:39:16] [tid:1188488][NGXCubinGeneric::CreateBufferResource:822] CUBIN 1D alloc (dlfg_network_resource), m_allocCount=80, currentSize 0.1 MB, totalSize 92.2 MB

[2026-10-05 22:39:16] [tid:1188488][ResourceName::getPublicName:679] ProductionResourceName: 'nv.ngx.dlssg.resource'

[2026-10-05 22:39:16] [tid:1188488][NGXCubinD3D12::SetResourceName:1083] D3D12 SetResourceName: nv.ngx.dlssg.resource

[2026-10-05 22:39:16] [tid:1188488][NGXCubinGeneric::CreateBufferResource:822] CUBIN 1D alloc (dlfg_network_resource), m_allocCount=81, currentSize 0.1 MB, totalSize 92.3 MB

[2026-10-05 22:39:16] [tid:1188488][ResourceName::getPublicName:679] ProductionResourceName: 'nv.ngx.dlssg.resource'

[2026-10-05 22:39:16] [tid:1188488][NGXCubinD3D12::SetResourceName:1083] D3D12 SetResourceName: nv.ngx.dlssg.resource

[2026-10-05 22:39:16] [tid:1188488][NGXCubinGeneric::CreateBufferResource:822] CUBIN 1D alloc (dlfg_network_resource), m_allocCount=82, currentSize 0.1 MB, totalSize 92.4 MB

[2026-10-05 22:39:16] [tid:1188488][ResourceName::getPublicName:679] ProductionResourceName: 'nv.ngx.dlssg.resource'

[2026-10-05 22:39:16] [tid:1188488][NGXCubinD3D12::SetResourceName:1083] D3D12 SetResourceName: nv.ngx.dlssg.resource

[2026-10-05 22:39:16] [tid:1188488][NGXCubinGeneric::CreateBufferResource:822] CUBIN 1D alloc (dlfg_network_resource), m_allocCount=83, currentSize 0.1 MB, totalSize 92.4 MB

[2026-10-05 22:39:16] [tid:1188488][ResourceName::getPublicName:679] ProductionResourceName: 'nv.ngx.dlssg.resource'

[2026-10-05 22:39:16] [tid:1188488][NGXCubinD3D12::SetResourceName:1083] D3D12 SetResourceName: nv.ngx.dlssg.resource

[2026-10-05 22:39:16] [tid:1188488][NGXCubinGeneric::CreateBufferResource:822] CUBIN 1D alloc (dlfg_network_resource), m_allocCount=84, currentSize 0.1 MB, totalSize 92.5 MB

[2026-10-05 22:39:16] [tid:1188488][ResourceName::getPublicName:679] ProductionResourceName: 'nv.ngx.dlssg.resource'

[2026-10-05 22:39:16] [tid:1188488][NGXCubinD3D12::SetResourceName:1083] D3D12 SetResourceName: nv.ngx.dlssg.resource

[2026-10-05 22:39:16] [tid:1188488][NGXCubinGeneric::CreateBufferResource:822] CUBIN 1D alloc (dlfg_network_resource), m_allocCount=85, currentSize 0.1 MB, totalSize 92.6 MB

[2026-10-05 22:39:16] [tid:1188488][ResourceName::getPublicName:679] ProductionResourceName: 'nv.ngx.dlssg.resource'

[2026-10-05 22:39:16] [tid:1188488][NGXCubinD3D12::SetResourceName:1083] D3D12 SetResourceName: nv.ngx.dlssg.resource

[2026-10-05 22:39:16] [tid:1188488][NGXCubinGeneric::CreateBufferResource:822] CUBIN 1D alloc (dlfg_network_resource), m_allocCount=86, currentSize 0.1 MB, totalSize 92.6 MB

[2026-10-05 22:39:16] [tid:1188488][ResourceName::getPublicName:679] ProductionResourceName: 'nv.ngx.dlssg.resource'

[2026-10-05 22:39:16] [tid:1188488][NGXCubinD3D12::SetResourceName:1083] D3D12 SetResourceName: nv.ngx.dlssg.resource

[2026-10-05 22:39:16] [tid:1188488][NGXCubinGeneric::CreateBufferResource:822] CUBIN 1D alloc (dlfg_network_resource), m_allocCount=87, currentSize 0.0 MB, totalSize 92.7 MB

[2026-10-05 22:39:16] [tid:1188488][ResourceName::getPublicName:679] ProductionResourceName: 'nv.ngx.dlssg.resource'

[2026-10-05 22:39:16] [tid:1188488][NGXCubinD3D12::SetResourceName:1083] D3D12 SetResourceName: nv.ngx.dlssg.resource

[2026-10-05 22:39:16] [tid:1188488][NGXCubinGeneric::CreateBufferResource:822] CUBIN 1D alloc (dlfg_network_resource), m_allocCount=88, currentSize 0.0 MB, totalSize 92.7 MB

[2026-10-05 22:39:16] [tid:1188488][ResourceName::getPublicName:679] ProductionResourceName: 'nv.ngx.dlssg.resource'

[2026-10-05 22:39:16] [tid:1188488][NGXCubinD3D12::SetResourceName:1083] D3D12 SetResourceName: nv.ngx.dlssg.resource

[2026-10-05 22:39:16] [tid:1188488][NGXCubinGeneric::CreateBufferResource:822] CUBIN 1D alloc (dlfg_network_resource), m_allocCount=89, currentSize 0.0 MB, totalSize 92.7 MB

[2026-10-05 22:39:16] [tid:1188488][ResourceName::getPublicName:679] ProductionResourceName: 'nv.ngx.dlssg.resource'

[2026-10-05 22:39:16] [tid:1188488][NGXCubinD3D12::SetResourceName:1083] D3D12 SetResourceName: nv.ngx.dlssg.resource

[2026-10-05 22:39:16] [tid:1188488][NGXCubinGeneric::CreateBufferResource:822] CUBIN 1D alloc (dlfg_network_resource), m_allocCount=90, currentSize 0.0 MB, totalSize 92.7 MB

[2026-10-05 22:39:16] [tid:1188488][ResourceName::getPublicName:679] ProductionResourceName: 'nv.ngx.dlssg.resource'

[2026-10-05 22:39:16] [tid:1188488][NGXCubinD3D12::SetResourceName:1083] D3D12 SetResourceName: nv.ngx.dlssg.resource

[2026-10-05 22:39:16] [tid:1188488][NGXCubinGeneric::CreateBufferResource:822] CUBIN 1D alloc (dlfg_network_resource), m_allocCount=91, currentSize 0.0 MB, totalSize 92.7 MB

[2026-10-05 22:39:16] [tid:1188488][ResourceName::getPublicName:679] ProductionResourceName: 'nv.ngx.dlssg.resource'

[2026-10-05 22:39:16] [tid:1188488][NGXCubinD3D12::SetResourceName:1083] D3D12 SetResourceName: nv.ngx.dlssg.resource

[2026-10-05 22:39:16] [tid:1188488][NGXCubinGeneric::CreateBufferResource:822] CUBIN 1D alloc (dlfg_network_resource), m_allocCount=92, currentSize 0.0 MB, totalSize 92.7 MB

[2026-10-05 22:39:16] [tid:1188488][ResourceName::getPublicName:679] ProductionResourceName: 'nv.ngx.dlssg.resource'

[2026-10-05 22:39:16] [tid:1188488][NGXCubinD3D12::SetResourceName:1083] D3D12 SetResourceName: nv.ngx.dlssg.resource

[2026-10-05 22:39:16] [tid:1188488][NGXCubinGeneric::CreateBufferResource:822] CUBIN 1D alloc (dlfg_network_resource), m_allocCount=93, currentSize 0.0 MB, totalSize 92.7 MB

[2026-10-05 22:39:16] [tid:1188488][ResourceName::getPublicName:679] ProductionResourceName: 'nv.ngx.dlssg.resource'

[2026-10-05 22:39:16] [tid:1188488][NGXCubinD3D12::SetResourceName:1083] D3D12 SetResourceName: nv.ngx.dlssg.resource

[2026-10-05 22:39:16] [tid:1188488][NGXCubinGeneric::CreateBufferResource:822] CUBIN 1D alloc (dlfg_network_resource), m_allocCount=94, currentSize 0.0 MB, totalSize 92.7 MB

[2026-10-05 22:39:16] [tid:1188488][ResourceName::getPublicName:679] ProductionResourceName: 'nv.ngx.dlssg.resource'

[2026-10-05 22:39:16] [tid:1188488][NGXCubinD3D12::SetResourceName:1083] D3D12 SetResourceName: nv.ngx.dlssg.resource

[2026-10-05 22:39:16] [tid:1188488][NGXCubinGeneric::CreateBufferResource:822] CUBIN 1D alloc (dlfg_network_resource), m_allocCount=95, currentSize 0.0 MB, totalSize 92.7 MB

[2026-10-05 22:39:16] [tid:1188488][ResourceName::getPublicName:679] ProductionResourceName: 'nv.ngx.dlssg.resource'

[2026-10-05 22:39:16] [tid:1188488][NGXCubinD3D12::SetResourceName:1083] D3D12 SetResourceName: nv.ngx.dlssg.resource

[2026-10-05 22:39:16] [tid:1188488][NGXCubinGeneric::CreateBufferResource:822] CUBIN 1D alloc (dlfg_network_resource), m_allocCount=96, currentSize 0.0 MB, totalSize 92.8 MB

[2026-10-05 22:39:16] [tid:1188488][ResourceName::getPublicName:679] ProductionResourceName: 'nv.ngx.dlssg.resource'

[2026-10-05 22:39:16] [tid:1188488][NGXCubinD3D12::SetResourceName:1083] D3D12 SetResourceName: nv.ngx.dlssg.resource

[2026-10-05 22:39:16] [tid:1188488][NGXCubinGeneric::CreateBufferResource:822] CUBIN 1D alloc (dlfg_network_resource), m_allocCount=97, currentSize 4.5 MB, totalSize 97.2 MB

[2026-10-05 22:39:16] [tid:1188488][ResourceName::getPublicName:679] ProductionResourceName: 'nv.ngx.dlssg.resource'

[2026-10-05 22:39:16] [tid:1188488][NGXCubinD3D12::SetResourceName:1083] D3D12 SetResourceName: nv.ngx.dlssg.resource

[2026-10-05 22:39:16] [tid:1188488][NGXCubinGeneric::CreateBufferResource:822] CUBIN 1D alloc (dlfg_network_resource), m_allocCount=98, currentSize 3.6 MB, totalSize 100.8 MB

[2026-10-05 22:39:16] [tid:1188488][ResourceName::getPublicName:679] ProductionResourceName: 'nv.ngx.dlssg.resource'

[2026-10-05 22:39:16] [tid:1188488][NGXCubinD3D12::SetResourceName:1083] D3D12 SetResourceName: nv.ngx.dlssg.resource

[2026-10-05 22:39:16] [tid:1188488][NGXCubinGeneric::CreateBufferResource:822] CUBIN 1D alloc (dlfg_network_resource), m_allocCount=99, currentSize 1.8 MB, totalSize 102.6 MB

[2026-10-05 22:39:16] [tid:1188488][ResourceName::getPublicName:679] ProductionResourceName: 'nv.ngx.dlssg.resource'

[2026-10-05 22:39:16] [tid:1188488][NGXCubinD3D12::SetResourceName:1083] D3D12 SetResourceName: nv.ngx.dlssg.resource

[2026-10-05 22:39:16] [tid:1188488][NGXCubinGeneric::CreateBufferResource:822] CUBIN 1D alloc (dlfg_network_resource), m_allocCount=100, currentSize 0.9 MB, totalSize 103.5 MB

[2026-10-05 22:39:16] [tid:1188488][ResourceName::getPublicName:679] ProductionResourceName: 'nv.ngx.dlssg.resource'

[2026-10-05 22:39:16] [tid:1188488][NGXCubinD3D12::SetResourceName:1083] D3D12 SetResourceName: nv.ngx.dlssg.resource

[2026-10-05 22:39:16] [tid:1188488][NGXCubinGeneric::CreateBufferResource:822] CUBIN 1D alloc (dlfg_network_resource), m_allocCount=101, currentSize 1.8 MB, totalSize 105.3 MB

[2026-10-05 22:39:16] [tid:1188488][ResourceName::getPublicName:679] ProductionResourceName: 'nv.ngx.dlssg.resource'

[2026-10-05 22:39:16] [tid:1188488][NGXCubinD3D12::SetResourceName:1083] D3D12 SetResourceName: nv.ngx.dlssg.resource

[2026-10-05 22:39:16] [tid:1188488][NGXCubinGeneric::CreateBufferResource:822] CUBIN 1D alloc (dlfg_network_resource), m_allocCount=102, currentSize 8.1 MB, totalSize 113.4 MB

[2026-10-05 22:39:16] [tid:1188488][ResourceName::getPublicName:679] ProductionResourceName: 'nv.ngx.dlssg.resource'

[2026-10-05 22:39:16] [tid:1188488][NGXCubinD3D12::SetResourceName:1083] D3D12 SetResourceName: nv.ngx.dlssg.resource

[2026-10-05 22:39:16] [tid:1188488][NGXCubinGeneric::CreateBufferResource:822] CUBIN 1D alloc (dlfg_network_resource), m_allocCount=103, currentSize 1.3 MB, totalSize 114.8 MB

[2026-10-05 22:39:16] [tid:1188488][ResourceName::getPublicName:679] ProductionResourceName: 'nv.ngx.dlssg.resource'

[2026-10-05 22:39:16] [tid:1188488][NGXCubinD3D12::SetResourceName:1083] D3D12 SetResourceName: nv.ngx.dlssg.resource

[2026-10-05 22:39:16] [tid:1188488][NGXCubinGeneric::CreateBufferResource:822] CUBIN 1D alloc (dlfg_network_resource), m_allocCount=104, currentSize 1.8 MB, totalSize 116.6 MB

[2026-10-05 22:39:16] [tid:1188488][ResourceName::getPublicName:679] ProductionResourceName: 'nv.ngx.dlssg.resource'

[2026-10-05 22:39:16] [tid:1188488][NGXCubinD3D12::SetResourceName:1083] D3D12 SetResourceName: nv.ngx.dlssg.resource

[2026-10-05 22:39:16] [tid:1188488][NGXCubinGeneric::CreateBufferResource:822] CUBIN 1D alloc (dlfg_network_resource), m_allocCount=105, currentSize 1.8 MB, totalSize 118.4 MB

[2026-10-05 22:39:16] [tid:1188488][ResourceName::getPublicName:679] ProductionResourceName: 'nv.ngx.dlssg.resource'

[2026-10-05 22:39:16] [tid:1188488][NGXCubinD3D12::SetResourceName:1083] D3D12 SetResourceName: nv.ngx.dlssg.resource

[2026-10-05 22:39:16] [tid:1188488][NGXCubinGeneric::CreateBufferResource:822] CUBIN 1D alloc (dlfg_network_resource), m_allocCount=106, currentSize 0.0 MB, totalSize 118.4 MB

[2026-10-05 22:39:16] [tid:1188488][ResourceName::getPublicName:679] ProductionResourceName: 'nv.ngx.dlssg.resource'

[2026-10-05 22:39:16] [tid:1188488][NGXCubinD3D12::SetResourceName:1083] D3D12 SetResourceName: nv.ngx.dlssg.resource

[2026-10-05 22:39:16] [tid:1188488][NGXCubinGeneric::CreateBufferResource:822] CUBIN 1D alloc (dlfg_network_resource), m_allocCount=107, currentSize 0.0 MB, totalSize 118.4 MB

[2026-10-05 22:39:16] [tid:1188488][ResourceName::getPublicName:679] ProductionResourceName: 'nv.ngx.dlssg.resource'

[2026-10-05 22:39:16] [tid:1188488][NGXCubinD3D12::SetResourceName:1083] D3D12 SetResourceName: nv.ngx.dlssg.resource

[2026-10-05 22:39:16] [tid:1188488][NGXCubinGeneric::CreateBufferResource:822] CUBIN 1D alloc (dlfg_network_resource), m_allocCount=108, currentSize 0.0 MB, totalSize 118.4 MB

[2026-10-05 22:39:16] [tid:1188488][ResourceName::getPublicName:679] ProductionResourceName: 'nv.ngx.dlssg.resource'

[2026-10-05 22:39:16] [tid:1188488][NGXCubinD3D12::SetResourceName:1083] D3D12 SetResourceName: nv.ngx.dlssg.resource

[2026-10-05 22:39:16] [tid:1188488][NGXCubinGeneric::CreateBufferResource:822] CUBIN 1D alloc (dlfg_network_resource), m_allocCount=109, currentSize 0.0 MB, totalSize 118.4 MB

[2026-10-05 22:39:16] [tid:1188488][ResourceName::getPublicName:679] ProductionResourceName: 'nv.ngx.dlssg.resource'

[2026-10-05 22:39:16] [tid:1188488][NGXCubinD3D12::SetResourceName:1083] D3D12 SetResourceName: nv.ngx.dlssg.resource

[2026-10-05 22:39:16] [tid:1188488][NGXCubinGeneric::CreateBufferResource:822] CUBIN 1D alloc (dlfg_network_resource), m_allocCount=110, currentSize 0.0 MB, totalSize 118.4 MB

[2026-10-05 22:39:16] [tid:1188488][ResourceName::getPublicName:679] ProductionResourceName: 'nv.ngx.dlssg.resource'

[2026-10-05 22:39:16] [tid:1188488][NGXCubinD3D12::SetResourceName:1083] D3D12 SetResourceName: nv.ngx.dlssg.resource

[2026-10-05 22:39:16] [tid:1188488][NGXCubinGeneric::CreateBufferResource:822] CUBIN 1D alloc (dlfg_network_resource), m_allocCount=111, currentSize 0.0 MB, totalSize 118.4 MB

[2026-10-05 22:39:16] [tid:1188488][ResourceName::getPublicName:679] ProductionResourceName: 'nv.ngx.dlssg.resource'

[2026-10-05 22:39:16] [tid:1188488][NGXCubinD3D12::SetResourceName:1083] D3D12 SetResourceName: nv.ngx.dlssg.resource

[2026-10-05 22:39:16] [tid:1188488][NGXCubinGeneric::CreateBufferResource:822] CUBIN 1D alloc (dlfg_network_resource), m_allocCount=112, currentSize 0.0 MB, totalSize 118.4 MB

[2026-10-05 22:39:16] [tid:1188488][ResourceName::getPublicName:679] ProductionResourceName: 'nv.ngx.dlssg.resource'

[2026-10-05 22:39:16] [tid:1188488][NGXCubinD3D12::SetResourceName:1083] D3D12 SetResourceName: nv.ngx.dlssg.resource

[2026-10-05 22:39:16] [tid:1188488][NGXCubinGeneric::CreateBufferResource:822] CUBIN 1D alloc (dlfg_network_resource), m_allocCount=113, currentSize 0.0 MB, totalSize 118.4 MB

[2026-10-05 22:39:16] [tid:1188488][ResourceName::getPublicName:679] ProductionResourceName: 'nv.ngx.dlssg.resource'

[2026-10-05 22:39:16] [tid:1188488][NGXCubinD3D12::SetResourceName:1083] D3D12 SetResourceName: nv.ngx.dlssg.resource

[2026-10-05 22:39:16] [tid:1188488][NGXCubinGeneric::CreateBufferResource:822] CUBIN 1D alloc (dlfg_network_resource), m_allocCount=114, currentSize 0.0 MB, totalSize 118.4 MB

[2026-10-05 22:39:16] [tid:1188488][ResourceName::getPublicName:679] ProductionResourceName: 'nv.ngx.dlssg.resource'

[2026-10-05 22:39:16] [tid:1188488][NGXCubinD3D12::SetResourceName:1083] D3D12 SetResourceName: nv.ngx.dlssg.resource

[2026-10-05 22:39:16] [tid:1188488][NGXCubinGeneric::CreateBufferResource:822] CUBIN 1D alloc (dlfg_network_resource), m_allocCount=115, currentSize 0.0 MB, totalSize 118.5 MB

[2026-10-05 22:39:16] [tid:1188488][ResourceName::getPublicName:679] ProductionResourceName: 'nv.ngx.dlssg.resource'

[2026-10-05 22:39:16] [tid:1188488][NGXCubinD3D12::SetResourceName:1083] D3D12 SetResourceName: nv.ngx.dlssg.resource

[2026-10-05 22:39:16] [tid:1188488][NGXCubinGeneric::CreateBufferResource:822] CUBIN 1D alloc (dlfg_network_resource), m_allocCount=116, currentSize 0.0 MB, totalSize 118.5 MB

[2026-10-05 22:39:16] [tid:1188488][ResourceName::getPublicName:679] ProductionResourceName: 'nv.ngx.dlssg.resource'

[2026-10-05 22:39:16] [tid:1188488][NGXCubinD3D12::SetResourceName:1083] D3D12 SetResourceName: nv.ngx.dlssg.resource

[2026-10-05 22:39:16] [tid:1188488][NGXCubinGeneric::CreateBufferResource:822] CUBIN 1D alloc (dlfg_network_resource), m_allocCount=117, currentSize 0.0 MB, totalSize 118.5 MB

[2026-10-05 22:39:16] [tid:1188488][ResourceName::getPublicName:679] ProductionResourceName: 'nv.ngx.dlssg.resource'

[2026-10-05 22:39:16] [tid:1188488][NGXCubinD3D12::SetResourceName:1083] D3D12 SetResourceName: nv.ngx.dlssg.resource

[2026-10-05 22:39:16] [tid:1188488][NGXCubinGeneric::CreateBufferResource:822] CUBIN 1D alloc (dlfg_network_resource), m_allocCount=118, currentSize 0.1 MB, totalSize 118.6 MB

[2026-10-05 22:39:16] [tid:1188488][ResourceName::getPublicName:679] ProductionResourceName: 'nv.ngx.dlssg.resource'

[2026-10-05 22:39:16] [tid:1188488][NGXCubinD3D12::SetResourceName:1083] D3D12 SetResourceName: nv.ngx.dlssg.resource

[2026-10-05 22:39:16] [tid:1188488][NGXCubinGeneric::CreateBufferResource:822] CUBIN 1D alloc (dlfg_network_resource), m_allocCount=119, currentSize 0.1 MB, totalSize 118.6 MB

[2026-10-05 22:39:16] [tid:1188488][ResourceName::getPublicName:679] ProductionResourceName: 'nv.ngx.dlssg.resource'

[2026-10-05 22:39:16] [tid:1188488][NGXCubinD3D12::SetResourceName:1083] D3D12 SetResourceName: nv.ngx.dlssg.resource

[2026-10-05 22:39:16] [tid:1188488][NGXCubinGeneric::CreateBufferResource:822] CUBIN 1D alloc (dlfg_network_resource), m_allocCount=120, currentSize 0.0 MB, totalSize 118.6 MB

[2026-10-05 22:39:16] [tid:1188488][ResourceName::getPublicName:679] ProductionResourceName: 'nv.ngx.dlssg.resource'

[2026-10-05 22:39:16] [tid:1188488][NGXCubinD3D12::SetResourceName:1083] D3D12 SetResourceName: nv.ngx.dlssg.resource

[2026-10-05 22:39:16] [tid:1188488][NGXCubinGeneric::CreateBufferResource:822] CUBIN 1D alloc (dlfg_network_resource), m_allocCount=121, currentSize 0.0 MB, totalSize 118.6 MB

[2026-10-05 22:39:16] [tid:1188488][ResourceName::getPublicName:679] ProductionResourceName: 'nv.ngx.dlssg.resource'

[2026-10-05 22:39:16] [tid:1188488][NGXCubinD3D12::SetResourceName:1083] D3D12 SetResourceName: nv.ngx.dlssg.resource

[2026-10-05 22:39:16] [tid:1188488][NGXCubinGeneric::CreateBufferResource:822] CUBIN 1D alloc (dlfg_network_resource), m_allocCount=122, currentSize 0.1 MB, totalSize 118.7 MB

[2026-10-05 22:39:16] [tid:1188488][ResourceName::getPublicName:679] ProductionResourceName: 'nv.ngx.dlssg.resource'

[2026-10-05 22:39:16] [tid:1188488][NGXCubinD3D12::SetResourceName:1083] D3D12 SetResourceName: nv.ngx.dlssg.resource

[2026-10-05 22:39:16] [tid:1188488][NGXCubinGeneric::CreateBufferResource:822] CUBIN 1D alloc (dlfg_network_resource), m_allocCount=123, currentSize 0.1 MB, totalSize 118.8 MB

[2026-10-05 22:39:16] [tid:1188488][ResourceName::getPublicName:679] ProductionResourceName: 'nv.ngx.dlssg.resource'

[2026-10-05 22:39:16] [tid:1188488][NGXCubinD3D12::SetResourceName:1083] D3D12 SetResourceName: nv.ngx.dlssg.resource

[2026-10-05 22:39:16] [tid:1188488][NGXCubinGeneric::CreateBufferResource:822] CUBIN 1D alloc (dlfg_network_resource), m_allocCount=124, currentSize 0.0 MB, totalSize 118.8 MB

[2026-10-05 22:39:16] [tid:1188488][ResourceName::getPublicName:679] ProductionResourceName: 'nv.ngx.dlssg.resource'

[2026-10-05 22:39:16] [tid:1188488][NGXCubinD3D12::SetResourceName:1083] D3D12 SetResourceName: nv.ngx.dlssg.resource

[2026-10-05 22:39:16] [tid:1188488][NGXCubinGeneric::CreateBufferResource:822] CUBIN 1D alloc (dlfg_network_resource), m_allocCount=125, currentSize 0.0 MB, totalSize 118.8 MB

[2026-10-05 22:39:16] [tid:1188488][ResourceName::getPublicName:679] ProductionResourceName: 'nv.ngx.dlssg.resource'

[2026-10-05 22:39:16] [tid:1188488][NGXCubinD3D12::SetResourceName:1083] D3D12 SetResourceName: nv.ngx.dlssg.resource

[2026-10-05 22:39:16] [tid:1188488][NGXCubinGeneric::CreateBufferResource:822] CUBIN 1D alloc (dlfg_network_resource), m_allocCount=126, currentSize 0.1 MB, totalSize 118.8 MB

[2026-10-05 22:39:16] [tid:1188488][ResourceName::getPublicName:679] ProductionResourceName: 'nv.ngx.dlssg.resource'

[2026-10-05 22:39:16] [tid:1188488][NGXCubinD3D12::SetResourceName:1083] D3D12 SetResourceName: nv.ngx.dlssg.resource

[2026-10-05 22:39:16] [tid:1188488][NGXCubinGeneric::CreateBufferResource:822] CUBIN 1D alloc (dlfg_network_resource), m_allocCount=127, currentSize 0.1 MB, totalSize 118.9 MB

[2026-10-05 22:39:16] [tid:1188488][ResourceName::getPublicName:679] ProductionResourceName: 'nv.ngx.dlssg.resource'

[2026-10-05 22:39:16] [tid:1188488][NGXCubinD3D12::SetResourceName:1083] D3D12 SetResourceName: nv.ngx.dlssg.resource

[2026-10-05 22:39:16] [tid:1188488][NGXCubinGeneric::CreateBufferResource:822] CUBIN 1D alloc (dlfg_network_resource), m_allocCount=128, currentSize 0.0 MB, totalSize 118.9 MB

[2026-10-05 22:39:16] [tid:1188488][ResourceName::getPublicName:679] ProductionResourceName: 'nv.ngx.dlssg.resource'

[2026-10-05 22:39:16] [tid:1188488][NGXCubinD3D12::SetResourceName:1083] D3D12 SetResourceName: nv.ngx.dlssg.resource

[2026-10-05 22:39:16] [tid:1188488][NGXCubinGeneric::CreateBufferResource:822] CUBIN 1D alloc (dlfg_network_resource), m_allocCount=129, currentSize 0.0 MB, totalSize 118.9 MB

[2026-10-05 22:39:16] [tid:1188488][ResourceName::getPublicName:679] ProductionResourceName: 'nv.ngx.dlssg.resource'

[2026-10-05 22:39:16] [tid:1188488][NGXCubinD3D12::SetResourceName:1083] D3D12 SetResourceName: nv.ngx.dlssg.resource

[2026-10-05 22:39:16] [tid:1188488][NGXCubinGeneric::CreateBufferResource:822] CUBIN 1D alloc (dlfg_network_resource), m_allocCount=130, currentSize 0.1 MB, totalSize 119.0 MB

[2026-10-05 22:39:16] [tid:1188488][ResourceName::getPublicName:679] ProductionResourceName: 'nv.ngx.dlssg.resource'

[2026-10-05 22:39:16] [tid:1188488][NGXCubinD3D12::SetResourceName:1083] D3D12 SetResourceName: nv.ngx.dlssg.resource

[2026-10-05 22:39:16] [tid:1188488][NGXCubinGeneric::CreateBufferResource:822] CUBIN 1D alloc (dlfg_network_resource), m_allocCount=131, currentSize 0.1 MB, totalSize 119.0 MB

[2026-10-05 22:39:16] [tid:1188488][ResourceName::getPublicName:679] ProductionResourceName: 'nv.ngx.dlssg.resource'

[2026-10-05 22:39:16] [tid:1188488][NGXCubinD3D12::SetResourceName:1083] D3D12 SetResourceName: nv.ngx.dlssg.resource

[2026-10-05 22:39:16] [tid:1188488][NGXCubinGeneric::CreateBufferResource:822] CUBIN 1D alloc (dlfg_network_resource), m_allocCount=132, currentSize 0.0 MB, totalSize 119.0 MB

[2026-10-05 22:39:16] [tid:1188488][ResourceName::getPublicName:679] ProductionResourceName: 'nv.ngx.dlssg.resource'

[2026-10-05 22:39:16] [tid:1188488][NGXCubinD3D12::SetResourceName:1083] D3D12 SetResourceName: nv.ngx.dlssg.resource

[2026-10-05 22:39:16] [tid:1188488][NGXCubinGeneric::CreateBufferResource:822] CUBIN 1D alloc (dlfg_network_resource), m_allocCount=133, currentSize 0.0 MB, totalSize 119.0 MB

[2026-10-05 22:39:16] [tid:1188488][ResourceName::getPublicName:679] ProductionResourceName: 'nv.ngx.dlssg.resource'

[2026-10-05 22:39:16] [tid:1188488][NGXCubinD3D12::SetResourceName:1083] D3D12 SetResourceName: nv.ngx.dlssg.resource

[2026-10-05 22:39:16] [tid:1188488][NGXCubinGeneric::CreateBufferResource:822] CUBIN 1D alloc (dlfg_network_resource), m_allocCount=134, currentSize 0.1 MB, totalSize 119.1 MB

[2026-10-05 22:39:16] [tid:1188488][ResourceName::getPublicName:679] ProductionResourceName: 'nv.ngx.dlssg.resource'

[2026-10-05 22:39:16] [tid:1188488][NGXCubinD3D12::SetResourceName:1083] D3D12 SetResourceName: nv.ngx.dlssg.resource

[2026-10-05 22:39:16] [tid:1188488][NGXCubinGeneric::CreateBufferResource:822] CUBIN 1D alloc (dlfg_network_resource), m_allocCount=135, currentSize 0.1 MB, totalSize 119.2 MB

[2026-10-05 22:39:16] [tid:1188488][ResourceName::getPublicName:679] ProductionResourceName: 'nv.ngx.dlssg.resource'

[2026-10-05 22:39:16] [tid:1188488][NGXCubinD3D12::SetResourceName:1083] D3D12 SetResourceName: nv.ngx.dlssg.resource

[2026-10-05 22:39:16] [tid:1188488][NGXCubinGeneric::CreateBufferResource:822] CUBIN 1D alloc (dlfg_network_resource), m_allocCount=136, currentSize 0.0 MB, totalSize 119.2 MB

[2026-10-05 22:39:16] [tid:1188488][ResourceName::getPublicName:679] ProductionResourceName: 'nv.ngx.dlssg.resource'

[2026-10-05 22:39:16] [tid:1188488][NGXCubinD3D12::SetResourceName:1083] D3D12 SetResourceName: nv.ngx.dlssg.resource

[2026-10-05 22:39:16] [tid:1188488][NGXCubinGeneric::CreateBufferResource:822] CUBIN 1D alloc (dlfg_network_resource), m_allocCount=137, currentSize 0.0 MB, totalSize 119.2 MB

[2026-10-05 22:39:16] [tid:1188488][ResourceName::getPublicName:679] ProductionResourceName: 'nv.ngx.dlssg.resource'

[2026-10-05 22:39:16] [tid:1188488][NGXCubinD3D12::SetResourceName:1083] D3D12 SetResourceName: nv.ngx.dlssg.resource

[2026-10-05 22:39:16] [tid:1188488][NGXCubinGeneric::CreateBufferResource:822] CUBIN 1D alloc (dlfg_network_resource), m_allocCount=138, currentSize 0.1 MB, totalSize 119.3 MB

[2026-10-05 22:39:16] [tid:1188488][ResourceName::getPublicName:679] ProductionResourceName: 'nv.ngx.dlssg.resource'

[2026-10-05 22:39:16] [tid:1188488][NGXCubinD3D12::SetResourceName:1083] D3D12 SetResourceName: nv.ngx.dlssg.resource

[2026-10-05 22:39:16] [tid:1188488][NGXCubinGeneric::CreateBufferResource:822] CUBIN 1D alloc (dlfg_network_resource), m_allocCount=139, currentSize 0.1 MB, totalSize 119.3 MB

[2026-10-05 22:39:16] [tid:1188488][ResourceName::getPublicName:679] ProductionResourceName: 'nv.ngx.dlssg.resource'

[2026-10-05 22:39:16] [tid:1188488][NGXCubinD3D12::SetResourceName:1083] D3D12 SetResourceName: nv.ngx.dlssg.resource

[2026-10-05 22:39:16] [tid:1188488][NGXCubinGeneric::CreateBufferResource:822] CUBIN 1D alloc (dlfg_network_resource), m_allocCount=140, currentSize 0.0 MB, totalSize 119.3 MB

[2026-10-05 22:39:16] [tid:1188488][ResourceName::getPublicName:679] ProductionResourceName: 'nv.ngx.dlssg.resource'

[2026-10-05 22:39:16] [tid:1188488][NGXCubinD3D12::SetResourceName:1083] D3D12 SetResourceName: nv.ngx.dlssg.resource

[2026-10-05 22:39:16] [tid:1188488][NGXCubinGeneric::CreateBufferResource:822] CUBIN 1D alloc (dlfg_network_resource), m_allocCount=141, currentSize 0.0 MB, totalSize 119.3 MB

[2026-10-05 22:39:16] [tid:1188488][ResourceName::getPublicName:679] ProductionResourceName: 'nv.ngx.dlssg.resource'

[2026-10-05 22:39:16] [tid:1188488][NGXCubinD3D12::SetResourceName:1083] D3D12 SetResourceName: nv.ngx.dlssg.resource

[2026-10-05 22:39:16] [tid:1188488][NGXCubinGeneric::CreateBufferResource:822] CUBIN 1D alloc (dlfg_network_resource), m_allocCount=142, currentSize 0.1 MB, totalSize 119.4 MB

[2026-10-05 22:39:16] [tid:1188488][ResourceName::getPublicName:679] ProductionResourceName: 'nv.ngx.dlssg.resource'

[2026-10-05 22:39:16] [tid:1188488][NGXCubinD3D12::SetResourceName:1083] D3D12 SetResourceName: nv.ngx.dlssg.resource

[2026-10-05 22:39:16] [tid:1188488][NGXCubinGeneric::CreateBufferResource:822] CUBIN 1D alloc (dlfg_network_resource), m_allocCount=143, currentSize 0.1 MB, totalSize 119.5 MB

[2026-10-05 22:39:16] [tid:1188488][ResourceName::getPublicName:679] ProductionResourceName: 'nv.ngx.dlssg.resource'

[2026-10-05 22:39:16] [tid:1188488][NGXCubinD3D12::SetResourceName:1083] D3D12 SetResourceName: nv.ngx.dlssg.resource

[2026-10-05 22:39:16] [tid:1188488][NGXCubinGeneric::CreateBufferResource:822] CUBIN 1D alloc (dlfg_network_resource), m_allocCount=144, currentSize 0.0 MB, totalSize 119.5 MB

[2026-10-05 22:39:16] [tid:1188488][ResourceName::getPublicName:679] ProductionResourceName: 'nv.ngx.dlssg.resource'

[2026-10-05 22:39:16] [tid:1188488][NGXCubinD3D12::SetResourceName:1083] D3D12 SetResourceName: nv.ngx.dlssg.resource

[2026-10-05 22:39:16] [tid:1188488][NGXCubinGeneric::CreateBufferResource:822] CUBIN 1D alloc (dlfg_network_resource), m_allocCount=145, currentSize 0.0 MB, totalSize 119.5 MB

[2026-10-05 22:39:16] [tid:1188488][ResourceName::getPublicName:679] ProductionResourceName: 'nv.ngx.dlssg.resource'

[2026-10-05 22:39:16] [tid:1188488][NGXCubinD3D12::SetResourceName:1083] D3D12 SetResourceName: nv.ngx.dlssg.resource

[2026-10-05 22:39:16] [tid:1188488][NGXCubinGeneric::CreateBufferResource:822] CUBIN 1D alloc (dlfg_network_resource), m_allocCount=146, currentSize 0.1 MB, totalSize 119.5 MB

[2026-10-05 22:39:16] [tid:1188488][ResourceName::getPublicName:679] ProductionResourceName: 'nv.ngx.dlssg.resource'

[2026-10-05 22:39:16] [tid:1188488][NGXCubinD3D12::SetResourceName:1083] D3D12 SetResourceName: nv.ngx.dlssg.resource

[2026-10-05 22:39:16] [tid:1188488][NGXCubinGeneric::CreateBufferResource:822] CUBIN 1D alloc (dlfg_network_resource), m_allocCount=147, currentSize 0.1 MB, totalSize 119.6 MB

[2026-10-05 22:39:16] [tid:1188488][ResourceName::getPublicName:679] ProductionResourceName: 'nv.ngx.dlssg.resource'

[2026-10-05 22:39:16] [tid:1188488][NGXCubinD3D12::SetResourceName:1083] D3D12 SetResourceName: nv.ngx.dlssg.resource

[2026-10-05 22:39:16] [tid:1188488][NGXCubinGeneric::CreateBufferResource:822] CUBIN 1D alloc (dlfg_network_resource), m_allocCount=148, currentSize 0.0 MB, totalSize 119.6 MB

[2026-10-05 22:39:16] [tid:1188488][ResourceName::getPublicName:679] ProductionResourceName: 'nv.ngx.dlssg.resource'

[2026-10-05 22:39:16] [tid:1188488][NGXCubinD3D12::SetResourceName:1083] D3D12 SetResourceName: nv.ngx.dlssg.resource

[2026-10-05 22:39:16] [tid:1188488][NGXCubinGeneric::CreateBufferResource:822] CUBIN 1D alloc (dlfg_network_resource), m_allocCount=149, currentSize 0.0 MB, totalSize 119.6 MB

[2026-10-05 22:39:16] [tid:1188488][ResourceName::getPublicName:679] ProductionResourceName: 'nv.ngx.dlssg.resource'

[2026-10-05 22:39:16] [tid:1188488][NGXCubinD3D12::SetResourceName:1083] D3D12 SetResourceName: nv.ngx.dlssg.resource

[2026-10-05 22:39:16] [tid:1188488][NGXCubinGeneric::CreateBufferResource:822] CUBIN 1D alloc (dlfg_network_resource), m_allocCount=150, currentSize 0.1 MB, totalSize 119.7 MB

[2026-10-05 22:39:16] [tid:1188488][ResourceName::getPublicName:679] ProductionResourceName: 'nv.ngx.dlssg.resource'

[2026-10-05 22:39:16] [tid:1188488][NGXCubinD3D12::SetResourceName:1083] D3D12 SetResourceName: nv.ngx.dlssg.resource

[2026-10-05 22:39:16] [tid:1188488][NGXCubinGeneric::CreateBufferResource:822] CUBIN 1D alloc (dlfg_network_resource), m_allocCount=151, currentSize 0.1 MB, totalSize 119.8 MB

[2026-10-05 22:39:16] [tid:1188488][ResourceName::getPublicName:679] ProductionResourceName: 'nv.ngx.dlssg.resource'

[2026-10-05 22:39:16] [tid:1188488][NGXCubinD3D12::SetResourceName:1083] D3D12 SetResourceName: nv.ngx.dlssg.resource

[2026-10-05 22:39:16] [tid:1188488][NGXCubinGeneric::CreateBufferResource:822] CUBIN 1D alloc (dlfg_network_resource), m_allocCount=152, currentSize 0.0 MB, totalSize 119.8 MB

[2026-10-05 22:39:16] [tid:1188488][ResourceName::getPublicName:679] ProductionResourceName: 'nv.ngx.dlssg.resource'

[2026-10-05 22:39:16] [tid:1188488][NGXCubinD3D12::SetResourceName:1083] D3D12 SetResourceName: nv.ngx.dlssg.resource

[2026-10-05 22:39:16] [tid:1188488][NGXCubinGeneric::CreateBufferResource:822] CUBIN 1D alloc (dlfg_network_resource), m_allocCount=153, currentSize 0.0 MB, totalSize 119.8 MB

[2026-10-05 22:39:16] [tid:1188488][ResourceName::getPublicName:679] ProductionResourceName: 'nv.ngx.dlssg.resource'

[2026-10-05 22:39:16] [tid:1188488][NGXCubinD3D12::SetResourceName:1083] D3D12 SetResourceName: nv.ngx.dlssg.resource

[2026-10-05 22:39:16] [tid:1188488][NGXCubinGeneric::CreateBufferResource:822] CUBIN 1D alloc (dlfg_network_resource), m_allocCount=154, currentSize 0.0 MB, totalSize 119.8 MB

[2026-10-05 22:39:16] [tid:1188488][ResourceName::getPublicName:679] ProductionResourceName: 'nv.ngx.dlssg.resource'

[2026-10-05 22:39:16] [tid:1188488][NGXCubinD3D12::SetResourceName:1083] D3D12 SetResourceName: nv.ngx.dlssg.resource

[2026-10-05 22:39:16] [tid:1188488][NGXCubinGeneric::CreateBufferResource:822] CUBIN 1D alloc (dlfg_network_resource), m_allocCount=155, currentSize 0.0 MB, totalSize 119.8 MB

[2026-10-05 22:39:16] [tid:1188488][ResourceName::getPublicName:679] ProductionResourceName: 'nv.ngx.dlssg.resource'

[2026-10-05 22:39:16] [tid:1188488][NGXCubinD3D12::SetResourceName:1083] D3D12 SetResourceName: nv.ngx.dlssg.resource

[2026-10-05 22:39:16] [tid:1188488][NGXCubinGeneric::CreateBufferResource:822] CUBIN 1D alloc (dlfg_network_resource), m_allocCount=156, currentSize 0.0 MB, totalSize 119.8 MB

[2026-10-05 22:39:16] [tid:1188488][ResourceName::getPublicName:679] ProductionResourceName: 'nv.ngx.dlssg.resource'

[2026-10-05 22:39:16] [tid:1188488][NGXCubinD3D12::SetResourceName:1083] D3D12 SetResourceName: nv.ngx.dlssg.resource

[2026-10-05 22:39:16] [tid:1188488][NGXCubinGeneric::CreateBufferResource:822] CUBIN 1D alloc (dlfg_network_resource), m_allocCount=157, currentSize 0.0 MB, totalSize 119.8 MB

[2026-10-05 22:39:16] [tid:1188488][ResourceName::getPublicName:679] ProductionResourceName: 'nv.ngx.dlssg.resource'

[2026-10-05 22:39:16] [tid:1188488][NGXCubinD3D12::SetResourceName:1083] D3D12 SetResourceName: nv.ngx.dlssg.resource

[2026-10-05 22:39:16] [tid:1188488][NGXCubinGeneric::CreateBufferResource:822] CUBIN 1D alloc (dlfg_network_resource), m_allocCount=158, currentSize 0.0 MB, totalSize 119.8 MB

[2026-10-05 22:39:16] [tid:1188488][ResourceName::getPublicName:679] ProductionResourceName: 'nv.ngx.dlssg.resource'

[2026-10-05 22:39:16] [tid:1188488][NGXCubinD3D12::SetResourceName:1083] D3D12 SetResourceName: nv.ngx.dlssg.resource

[2026-10-05 22:39:16] [tid:1188488][NGXCubinGeneric::CreateBufferResource:822] CUBIN 1D alloc (dlfg_network_resource), m_allocCount=159, currentSize 0.0 MB, totalSize 119.8 MB

[2026-10-05 22:39:16] [tid:1188488][ResourceName::getPublicName:679] ProductionResourceName: 'nv.ngx.dlssg.resource'

[2026-10-05 22:39:16] [tid:1188488][NGXCubinD3D12::SetResourceName:1083] D3D12 SetResourceName: nv.ngx.dlssg.resource

[2026-10-05 22:39:16] [tid:1188488][NGXCubinGeneric::CreateBufferResource:822] CUBIN 1D alloc (dlfg_network_resource), m_allocCount=160, currentSize 0.0 MB, totalSize 119.8 MB

[2026-10-05 22:39:16] [tid:1188488][ResourceName::getPublicName:679] ProductionResourceName: 'nv.ngx.dlssg.resource'

[2026-10-05 22:39:16] [tid:1188488][NGXCubinD3D12::SetResourceName:1083] D3D12 SetResourceName: nv.ngx.dlssg.resource

[2026-10-05 22:39:16] [tid:1188488][NGXCubinGeneric::CreateBufferResource:822] CUBIN 1D alloc (dlfg_network_resource), m_allocCount=161, currentSize 0.0 MB, totalSize 119.8 MB

[2026-10-05 22:39:16] [tid:1188488][ResourceName::getPublicName:679] ProductionResourceName: 'nv.ngx.dlssg.resource'

[2026-10-05 22:39:16] [tid:1188488][NGXCubinD3D12::SetResourceName:1083] D3D12 SetResourceName: nv.ngx.dlssg.resource

[2026-10-05 22:39:16] [tid:1188488][NGXCubinGeneric::CreateBufferResource:822] CUBIN 1D alloc (dlfg_network_resource), m_allocCount=162, currentSize 0.0 MB, totalSize 119.8 MB

[2026-10-05 22:39:16] [tid:1188488][ResourceName::getPublicName:679] ProductionResourceName: 'nv.ngx.dlssg.resource'

[2026-10-05 22:39:16] [tid:1188488][NGXCubinD3D12::SetResourceName:1083] D3D12 SetResourceName: nv.ngx.dlssg.resource

[2026-10-05 22:39:16] [tid:1188488][NGXCubinGeneric::CreateBufferResource:822] CUBIN 1D alloc (dlfg_network_resource), m_allocCount=163, currentSize 0.0 MB, totalSize 119.9 MB

[2026-10-05 22:39:16] [tid:1188488][ResourceName::getPublicName:679] ProductionResourceName: 'nv.ngx.dlssg.resource'

[2026-10-05 22:39:16] [tid:1188488][NGXCubinD3D12::SetResourceName:1083] D3D12 SetResourceName: nv.ngx.dlssg.resource

[2026-10-05 22:39:16] [tid:1188488][NGXCubinGeneric::CreateBufferResource:822] CUBIN 1D alloc (dlfg_network_resource), m_allocCount=164, currentSize 0.0 MB, totalSize 119.9 MB

[2026-10-05 22:39:16] [tid:1188488][ResourceName::getPublicName:679] ProductionResourceName: 'nv.ngx.dlssg.resource'

[2026-10-05 22:39:16] [tid:1188488][NGXCubinD3D12::SetResourceName:1083] D3D12 SetResourceName: nv.ngx.dlssg.resource

[2026-10-05 22:39:16] [tid:1188488][NGXCubinGeneric::CreateBufferResource:822] CUBIN 1D alloc (dlfg_network_resource), m_allocCount=165, currentSize 0.0 MB, totalSize 119.9 MB

[2026-10-05 22:39:16] [tid:1188488][ResourceName::getPublicName:679] ProductionResourceName: 'nv.ngx.dlssg.resource'

[2026-10-05 22:39:16] [tid:1188488][NGXCubinD3D12::SetResourceName:1083] D3D12 SetResourceName: nv.ngx.dlssg.resource

[2026-10-05 22:39:16] [tid:1188488][NGXCubinGeneric::CreateBufferResource:822] CUBIN 1D alloc (dlfg_network_resource), m_allocCount=166, currentSize 0.0 MB, totalSize 119.9 MB

[2026-10-05 22:39:16] [tid:1188488][ResourceName::getPublicName:679] ProductionResourceName: 'nv.ngx.dlssg.resource'

[2026-10-05 22:39:16] [tid:1188488][NGXCubinD3D12::SetResourceName:1083] D3D12 SetResourceName: nv.ngx.dlssg.resource

[2026-10-05 22:39:16] [tid:1188488][NGXCubinGeneric::CreateBufferResource:822] CUBIN 1D alloc (dlfg_network_resource), m_allocCount=167, currentSize 0.0 MB, totalSize 119.9 MB

[2026-10-05 22:39:16] [tid:1188488][ResourceName::getPublicName:679] ProductionResourceName: 'nv.ngx.dlssg.resource'

[2026-10-05 22:39:16] [tid:1188488][NGXCubinD3D12::SetResourceName:1083] D3D12 SetResourceName: nv.ngx.dlssg.resource

[2026-10-05 22:39:16] [tid:1188488][NGXCubinGeneric::CreateBufferResource:822] CUBIN 1D alloc (dlfg_network_resource), m_allocCount=168, currentSize 0.0 MB, totalSize 119.9 MB

[2026-10-05 22:39:16] [tid:1188488][ResourceName::getPublicName:679] ProductionResourceName: 'nv.ngx.dlssg.resource'

[2026-10-05 22:39:16] [tid:1188488][NGXCubinD3D12::SetResourceName:1083] D3D12 SetResourceName: nv.ngx.dlssg.resource

[2026-10-05 22:39:16] [tid:1188488][NGXCubinGeneric::CreateBufferResource:822] CUBIN 1D alloc (dlfg_network_resource), m_allocCount=169, currentSize 0.0 MB, totalSize 119.9 MB

[2026-10-05 22:39:16] [tid:1188488][ResourceName::getPublicName:679] ProductionResourceName: 'nv.ngx.dlssg.resource'

[2026-10-05 22:39:16] [tid:1188488][NGXCubinD3D12::SetResourceName:1083] D3D12 SetResourceName: nv.ngx.dlssg.resource

[2026-10-05 22:39:16] [tid:1188488][NGXCubinGeneric::CreateBufferResource:822] CUBIN 1D alloc (dlfg_network_resource), m_allocCount=170, currentSize 0.0 MB, totalSize 119.9 MB

[2026-10-05 22:39:16] [tid:1188488][ResourceName::getPublicName:679] ProductionResourceName: 'nv.ngx.dlssg.resource'

[2026-10-05 22:39:16] [tid:1188488][NGXCubinD3D12::SetResourceName:1083] D3D12 SetResourceName: nv.ngx.dlssg.resource

[2026-10-05 22:39:16] [tid:1188488][NGXCubinGeneric::CreateBufferResource:822] CUBIN 1D alloc (dlfg_network_resource), m_allocCount=171, currentSize 0.0 MB, totalSize 119.9 MB

[2026-10-05 22:39:16] [tid:1188488][ResourceName::getPublicName:679] ProductionResourceName: 'nv.ngx.dlssg.resource'

[2026-10-05 22:39:16] [tid:1188488][NGXCubinD3D12::SetResourceName:1083] D3D12 SetResourceName: nv.ngx.dlssg.resource

[2026-10-05 22:39:16] [tid:1188488][NGXCubinGeneric::CreateBufferResource:822] CUBIN 1D alloc (dlfg_network_resource), m_allocCount=172, currentSize 0.0 MB, totalSize 119.9 MB

[2026-10-05 22:39:16] [tid:1188488][ResourceName::getPublicName:679] ProductionResourceName: 'nv.ngx.dlssg.resource'

[2026-10-05 22:39:16] [tid:1188488][NGXCubinD3D12::SetResourceName:1083] D3D12 SetResourceName: nv.ngx.dlssg.resource

[2026-10-05 22:39:16] [tid:1188488][NGXCubinGeneric::CreateBufferResource:822] CUBIN 1D alloc (dlfg_network_resource), m_allocCount=173, currentSize 0.0 MB, totalSize 119.9 MB

[2026-10-05 22:39:16] [tid:1188488][ResourceName::getPublicName:679] ProductionResourceName: 'nv.ngx.dlssg.resource'

[2026-10-05 22:39:16] [tid:1188488][NGXCubinD3D12::SetResourceName:1083] D3D12 SetResourceName: nv.ngx.dlssg.resource

[2026-10-05 22:39:16] [tid:1188488][NGXCubinGeneric::CreateBufferResource:822] CUBIN 1D alloc (dlfg_network_resource), m_allocCount=174, currentSize 0.0 MB, totalSize 119.9 MB

[2026-10-05 22:39:16] [tid:1188488][ResourceName::getPublicName:679] ProductionResourceName: 'nv.ngx.dlssg.resource'

[2026-10-05 22:39:16] [tid:1188488][NGXCubinD3D12::SetResourceName:1083] D3D12 SetResourceName: nv.ngx.dlssg.resource

[2026-10-05 22:39:16] [tid:1188488][NGXCubinGeneric::CreateBufferResource:822] CUBIN 1D alloc (dlfg_network_resource), m_allocCount=175, currentSize 0.0 MB, totalSize 120.0 MB

[2026-10-05 22:39:16] [tid:1188488][ResourceName::getPublicName:679] ProductionResourceName: 'nv.ngx.dlssg.resource'

[2026-10-05 22:39:16] [tid:1188488][NGXCubinD3D12::SetResourceName:1083] D3D12 SetResourceName: nv.ngx.dlssg.resource

[2026-10-05 22:39:16] [tid:1188488][NGXCubinGeneric::CreateBufferResource:822] CUBIN 1D alloc (dlfg_network_resource), m_allocCount=176, currentSize 0.0 MB, totalSize 120.0 MB

[2026-10-05 22:39:16] [tid:1188488][ResourceName::getPublicName:679] ProductionResourceName: 'nv.ngx.dlssg.resource'

[2026-10-05 22:39:16] [tid:1188488][NGXCubinD3D12::SetResourceName:1083] D3D12 SetResourceName: nv.ngx.dlssg.resource

[2026-10-05 22:39:16] [tid:1188488][NGXCubinGeneric::CreateBufferResource:822] CUBIN 1D alloc (dlfg_network_resource), m_allocCount=177, currentSize 0.0 MB, totalSize 120.0 MB

[2026-10-05 22:39:16] [tid:1188488][ResourceName::getPublicName:679] ProductionResourceName: 'nv.ngx.dlssg.resource'

[2026-10-05 22:39:16] [tid:1188488][NGXCubinD3D12::SetResourceName:1083] D3D12 SetResourceName: nv.ngx.dlssg.resource

[2026-10-05 22:39:16] [tid:1188488][NGXCubinGeneric::CreateBufferResource:822] CUBIN 1D alloc (dlfg_network_resource), m_allocCount=178, currentSize 0.0 MB, totalSize 120.0 MB

[2026-10-05 22:39:16] [tid:1188488][ResourceName::getPublicName:679] ProductionResourceName: 'nv.ngx.dlssg.resource'

[2026-10-05 22:39:16] [tid:1188488][NGXCubinD3D12::SetResourceName:1083] D3D12 SetResourceName: nv.ngx.dlssg.resource

[2026-10-05 22:39:16] [tid:1188488][NGXCubinGeneric::CreateBufferResource:822] CUBIN 1D alloc (dlfg_network_resource), m_allocCount=179, currentSize 0.0 MB, totalSize 120.0 MB

[2026-10-05 22:39:16] [tid:1188488][ResourceName::getPublicName:679] ProductionResourceName: 'nv.ngx.dlssg.resource'

[2026-10-05 22:39:16] [tid:1188488][NGXCubinD3D12::SetResourceName:1083] D3D12 SetResourceName: nv.ngx.dlssg.resource

[2026-10-05 22:39:16] [tid:1188488][NGXCubinGeneric::CreateBufferResource:822] CUBIN 1D alloc (dlfg_network_resource), m_allocCount=180, currentSize 0.0 MB, totalSize 120.0 MB

[2026-10-05 22:39:16] [tid:1188488][ResourceName::getPublicName:679] ProductionResourceName: 'nv.ngx.dlssg.resource'

[2026-10-05 22:39:16] [tid:1188488][NGXCubinD3D12::SetResourceName:1083] D3D12 SetResourceName: nv.ngx.dlssg.resource

[2026-10-05 22:39:16] [tid:1188488][NGXCubinGeneric::CreateBufferResource:822] CUBIN 1D alloc (dlfg_network_resource), m_allocCount=181, currentSize 0.0 MB, totalSize 120.0 MB

[2026-10-05 22:39:16] [tid:1188488][ResourceName::getPublicName:679] ProductionResourceName: 'nv.ngx.dlssg.resource'

[2026-10-05 22:39:16] [tid:1188488][NGXCubinD3D12::SetResourceName:1083] D3D12 SetResourceName: nv.ngx.dlssg.resource

[2026-10-05 22:39:16] [tid:1188488][NGXCubinGeneric::CreateBufferResource:822] CUBIN 1D alloc (dlfg_network_resource), m_allocCount=182, currentSize 0.0 MB, totalSize 120.0 MB

[2026-10-05 22:39:16] [tid:1188488][ResourceName::getPublicName:679] ProductionResourceName: 'nv.ngx.dlssg.resource'

[2026-10-05 22:39:16] [tid:1188488][NGXCubinD3D12::SetResourceName:1083] D3D12 SetResourceName: nv.ngx.dlssg.resource

[2026-10-05 22:39:16] [tid:1188488][NGXCubinGeneric::CreateBufferResource:822] CUBIN 1D alloc (dlfg_network_resource), m_allocCount=183, currentSize 0.0 MB, totalSize 120.0 MB

[2026-10-05 22:39:16] [tid:1188488][ResourceName::getPublicName:679] ProductionResourceName: 'nv.ngx.dlssg.resource'

[2026-10-05 22:39:16] [tid:1188488][NGXCubinD3D12::SetResourceName:1083] D3D12 SetResourceName: nv.ngx.dlssg.resource

[2026-10-05 22:39:16] [tid:1188488][NGXCubinGeneric::CreateBufferResource:822] CUBIN 1D alloc (dlfg_network_resource), m_allocCount=184, currentSize 0.0 MB, totalSize 120.0 MB

[2026-10-05 22:39:16] [tid:1188488][ResourceName::getPublicName:679] ProductionResourceName: 'nv.ngx.dlssg.resource'

[2026-10-05 22:39:16] [tid:1188488][NGXCubinD3D12::SetResourceName:1083] D3D12 SetResourceName: nv.ngx.dlssg.resource

[2026-10-05 22:39:16] [tid:1188488][NGXCubinGeneric::CreateBufferResource:822] CUBIN 1D alloc (dlfg_network_resource), m_allocCount=185, currentSize 0.0 MB, totalSize 120.0 MB

[2026-10-05 22:39:16] [tid:1188488][ResourceName::getPublicName:679] ProductionResourceName: 'nv.ngx.dlssg.resource'

[2026-10-05 22:39:16] [tid:1188488][NGXCubinD3D12::SetResourceName:1083] D3D12 SetResourceName: nv.ngx.dlssg.resource

[2026-10-05 22:39:16] [tid:1188488][NGXCubinGeneric::CreateBufferResource:822] CUBIN 1D alloc (dlfg_network_resource), m_allocCount=186, currentSize 0.0 MB, totalSize 120.1 MB

[2026-10-05 22:39:16] [tid:1188488][ResourceName::getPublicName:679] ProductionResourceName: 'nv.ngx.dlssg.resource'

[2026-10-05 22:39:16] [tid:1188488][NGXCubinD3D12::SetResourceName:1083] D3D12 SetResourceName: nv.ngx.dlssg.resource

[2026-10-05 22:39:16] [tid:1188488][NGXCubinGeneric::CreateBufferResource:822] CUBIN 1D alloc (dlfg_network_resource), m_allocCount=187, currentSize 0.0 MB, totalSize 120.1 MB

[2026-10-05 22:39:16] [tid:1188488][ResourceName::getPublicName:679] ProductionResourceName: 'nv.ngx.dlssg.resource'

[2026-10-05 22:39:16] [tid:1188488][NGXCubinD3D12::SetResourceName:1083] D3D12 SetResourceName: nv.ngx.dlssg.resource

[2026-10-05 22:39:16] [tid:1188488][NGXCubinGeneric::CreateBufferResource:822] CUBIN 1D alloc (dlfg_network_resource), m_allocCount=188, currentSize 0.0 MB, totalSize 120.1 MB

[2026-10-05 22:39:16] [tid:1188488][ResourceName::getPublicName:679] ProductionResourceName: 'nv.ngx.dlssg.resource'

[2026-10-05 22:39:16] [tid:1188488][NGXCubinD3D12::SetResourceName:1083] D3D12 SetResourceName: nv.ngx.dlssg.resource

[2026-10-05 22:39:16] [tid:1188488][NGXCubinGeneric::CreateBufferResource:822] CUBIN 1D alloc (dlfg_network_resource), m_allocCount=189, currentSize 0.0 MB, totalSize 120.1 MB

[2026-10-05 22:39:16] [tid:1188488][ResourceName::getPublicName:679] ProductionResourceName: 'nv.ngx.dlssg.resource'

[2026-10-05 22:39:16] [tid:1188488][NGXCubinD3D12::SetResourceName:1083] D3D12 SetResourceName: nv.ngx.dlssg.resource

[2026-10-05 22:39:16] [tid:1188488][NGXCubinGeneric::CreateBufferResource:822] CUBIN 1D alloc (dlfg_network_resource), m_allocCount=190, currentSize 0.0 MB, totalSize 120.1 MB

[2026-10-05 22:39:16] [tid:1188488][ResourceName::getPublicName:679] ProductionResourceName: 'nv.ngx.dlssg.resource'

[2026-10-05 22:39:16] [tid:1188488][NGXCubinD3D12::SetResourceName:1083] D3D12 SetResourceName: nv.ngx.dlssg.resource

[2026-10-05 22:39:16] [tid:1188488][NGXCubinGeneric::CreateBufferResource:822] CUBIN 1D alloc (dlfg_network_resource), m_allocCount=191, currentSize 0.0 MB, totalSize 120.1 MB

[2026-10-05 22:39:16] [tid:1188488][ResourceName::getPublicName:679] ProductionResourceName: 'nv.ngx.dlssg.resource'

[2026-10-05 22:39:16] [tid:1188488][NGXCubinD3D12::SetResourceName:1083] D3D12 SetResourceName: nv.ngx.dlssg.resource

[2026-10-05 22:39:16] [tid:1188488][NGXCubinGeneric::CreateBufferResource:822] CUBIN 1D alloc (dlfg_network_resource), m_allocCount=192, currentSize 0.0 MB, totalSize 120.1 MB

[2026-10-05 22:39:16] [tid:1188488][ResourceName::getPublicName:679] ProductionResourceName: 'nv.ngx.dlssg.resource'

[2026-10-05 22:39:16] [tid:1188488][NGXCubinD3D12::SetResourceName:1083] D3D12 SetResourceName: nv.ngx.dlssg.resource

[2026-10-05 22:39:16] [tid:1188488][NGXCubinGeneric::CreateBufferResource:822] CUBIN 1D alloc (dlfg_network_resource), m_allocCount=193, currentSize 0.0 MB, totalSize 120.1 MB

[2026-10-05 22:39:16] [tid:1188488][ResourceName::getPublicName:679] ProductionResourceName: 'nv.ngx.dlssg.resource'

[2026-10-05 22:39:16] [tid:1188488][NGXCubinD3D12::SetResourceName:1083] D3D12 SetResourceName: nv.ngx.dlssg.resource

[2026-10-05 22:39:16] [tid:1188488][NGXCubinGeneric::CreateBufferResource:822] CUBIN 1D alloc (dlfg_network_resource), m_allocCount=194, currentSize 0.0 MB, totalSize 120.1 MB

[2026-10-05 22:39:16] [tid:1188488][ResourceName::getPublicName:679] ProductionResourceName: 'nv.ngx.dlssg.resource'

[2026-10-05 22:39:16] [tid:1188488][NGXCubinD3D12::SetResourceName:1083] D3D12 SetResourceName: nv.ngx.dlssg.resource

[2026-10-05 22:39:16] [tid:1188488][NGXCubinGeneric::CreateBufferResource:822] CUBIN 1D alloc (dlfg_network_resource), m_allocCount=195, currentSize 0.0 MB, totalSize 120.1 MB

[2026-10-05 22:39:16] [tid:1188488][ResourceName::getPublicName:679] ProductionResourceName: 'nv.ngx.dlssg.resource'

[2026-10-05 22:39:16] [tid:1188488][NGXCubinD3D12::SetResourceName:1083] D3D12 SetResourceName: nv.ngx.dlssg.resource

[2026-10-05 22:39:16] [tid:1188488][NGXCubinGeneric::CreateBufferResource:822] CUBIN 1D alloc (dlfg_network_resource), m_allocCount=196, currentSize 0.0 MB, totalSize 120.1 MB

[2026-10-05 22:39:16] [tid:1188488][ResourceName::getPublicName:679] ProductionResourceName: 'nv.ngx.dlssg.resource'

[2026-10-05 22:39:16] [tid:1188488][NGXCubinD3D12::SetResourceName:1083] D3D12 SetResourceName: nv.ngx.dlssg.resource

[2026-10-05 22:39:16] [tid:1188488][NGXCubinGeneric::CreateBufferResource:822] CUBIN 1D alloc (dlfg_network_resource), m_allocCount=197, currentSize 0.0 MB, totalSize 120.1 MB

[2026-10-05 22:39:16] [tid:1188488][ResourceName::getPublicName:679] ProductionResourceName: 'nv.ngx.dlssg.resource'

[2026-10-05 22:39:16] [tid:1188488][NGXCubinD3D12::SetResourceName:1083] D3D12 SetResourceName: nv.ngx.dlssg.resource

[2026-10-05 22:39:16] [tid:1188488][NGXCubinGeneric::CreateBufferResource:822] CUBIN 1D alloc (dlfg_network_resource), m_allocCount=198, currentSize 0.0 MB, totalSize 120.2 MB

[2026-10-05 22:39:16] [tid:1188488][ResourceName::getPublicName:679] ProductionResourceName: 'nv.ngx.dlssg.resource'

[2026-10-05 22:39:16] [tid:1188488][NGXCubinD3D12::SetResourceName:1083] D3D12 SetResourceName: nv.ngx.dlssg.resource

[2026-10-05 22:39:16] [tid:1188488][NGXCubinGeneric::CreateBufferResource:822] CUBIN 1D alloc (dlfg_network_resource), m_allocCount=199, currentSize 0.0 MB, totalSize 120.2 MB

[2026-10-05 22:39:16] [tid:1188488][ResourceName::getPublicName:679] ProductionResourceName: 'nv.ngx.dlssg.resource'

[2026-10-05 22:39:16] [tid:1188488][NGXCubinD3D12::SetResourceName:1083] D3D12 SetResourceName: nv.ngx.dlssg.resource

[2026-10-05 22:39:16] [tid:1188488][NGXCubinGeneric::CreateBufferResource:822] CUBIN 1D alloc (dlfg_network_resource), m_allocCount=200, currentSize 0.0 MB, totalSize 120.2 MB

[2026-10-05 22:39:16] [tid:1188488][ResourceName::getPublicName:679] ProductionResourceName: 'nv.ngx.dlssg.resource'

[2026-10-05 22:39:16] [tid:1188488][NGXCubinD3D12::SetResourceName:1083] D3D12 SetResourceName: nv.ngx.dlssg.resource

[2026-10-05 22:39:16] [tid:1188488][NGXCubinGeneric::CreateBufferResource:822] CUBIN 1D alloc (dlfg_network_resource), m_allocCount=201, currentSize 0.0 MB, totalSize 120.2 MB

[2026-10-05 22:39:16] [tid:1188488][ResourceName::getPublicName:679] ProductionResourceName: 'nv.ngx.dlssg.resource'

[2026-10-05 22:39:16] [tid:1188488][NGXCubinD3D12::SetResourceName:1083] D3D12 SetResourceName: nv.ngx.dlssg.resource

[2026-10-05 22:39:16] [tid:1188488][NGXCubinGeneric::CreateBufferResource:822] CUBIN 1D alloc (dlfg_network_resource), m_allocCount=202, currentSize 0.0 MB, totalSize 120.2 MB

[2026-10-05 22:39:16] [tid:1188488][ResourceName::getPublicName:679] ProductionResourceName: 'nv.ngx.dlssg.resource'

[2026-10-05 22:39:16] [tid:1188488][NGXCubinD3D12::SetResourceName:1083] D3D12 SetResourceName: nv.ngx.dlssg.resource

[2026-10-05 22:39:16] [tid:1188488][NGXCubinGeneric::CreateBufferResource:822] CUBIN 1D alloc (dlfg_network_resource), m_allocCount=203, currentSize 0.0 MB, totalSize 120.2 MB

[2026-10-05 22:39:16] [tid:1188488][ResourceName::getPublicName:679] ProductionResourceName: 'nv.ngx.dlssg.resource'

[2026-10-05 22:39:16] [tid:1188488][NGXCubinD3D12::SetResourceName:1083] D3D12 SetResourceName: nv.ngx.dlssg.resource

[2026-10-05 22:39:16] [tid:1188488][NGXCubinGeneric::CreateBufferResource:822] CUBIN 1D alloc (dlfg_network_resource), m_allocCount=204, currentSize 0.0 MB, totalSize 120.2 MB

[2026-10-05 22:39:16] [tid:1188488][ResourceName::getPublicName:679] ProductionResourceName: 'nv.ngx.dlssg.resource'

[2026-10-05 22:39:16] [tid:1188488][NGXCubinD3D12::SetResourceName:1083] D3D12 SetResourceName: nv.ngx.dlssg.resource

[2026-10-05 22:39:16] [tid:1188488][NGXCubinGeneric::CreateBufferResource:822] CUBIN 1D alloc (dlfg_network_resource), m_allocCount=205, currentSize 0.0 MB, totalSize 120.2 MB

[2026-10-05 22:39:16] [tid:1188488][ResourceName::getPublicName:679] ProductionResourceName: 'nv.ngx.dlssg.resource'

[2026-10-05 22:39:16] [tid:1188488][NGXCubinD3D12::SetResourceName:1083] D3D12 SetResourceName: nv.ngx.dlssg.resource

[2026-10-05 22:39:16] [NGXStoreCallToCreateFeature:780] stored create feature dlssg handle 4

[2026-10-05 22:39:16] [tid:1188488][NGXCubinGeneric::PushToDestroy:1142] Scheduled to destroy 0x1d583194d40

[2026-10-05 22:39:16] [tid:1188488][NGXCubinGeneric::PushToDestroy:1142] Scheduled to destroy 0x1d583195950

[2026-10-05 22:39:16] [tid:1188488][NGXCubinGeneric::PushToDestroy:1142] Scheduled to destroy 0x1d583196560

[2026-10-05 22:39:16] [tid:1188488][NGXCubinGeneric::PushToDestroy:1142] Scheduled to destroy 0x1d583197d80

[2026-10-05 22:39:16] [tid:1188488][NGXCubinGeneric::PushToDestroy:1142] Scheduled to destroy 0x1d59568d1f0

[2026-10-05 22:39:16] [tid:1188488][NGXCubinGeneric::PushToDestroy:1142] Scheduled to destroy 0x1d595694a90

[2026-10-05 22:39:16] [tid:1188488][NGXCubinGeneric::PushToDestroy:1142] Scheduled to destroy 0x1d595693270

[2026-10-05 22:39:16] [tid:1188488][NGXCubinGeneric::PushToDestroy:1142] Scheduled to destroy 0x1d595693e80

[2026-10-05 22:39:16] [tid:1188488][NGXCubinGeneric::PushToDestroy:1142] Scheduled to destroy 0x1d595696ec0

[2026-10-05 22:39:16] [tid:1188488][NGXCubinGeneric::PushToDestroy:1142] Scheduled to destroy 0x1d59569ab10

[2026-10-05 22:39:16] [tid:1188488][NGXCubinGeneric::PushToDestroy:1142] Scheduled to destroy 0x1d59569b720

[2026-10-05 22:39:16] [tid:1188488][NGXCubinGeneric::PushToDestroy:1142] Scheduled to destroy 0x1d5956992f0

[2026-10-05 22:39:16] [tid:1188488][NGXCubinGeneric::PushToDestroy:1142] Scheduled to destroy 0x1d59569f370

[2026-10-05 22:39:16] [tid:1188488][NGXCubinGeneric::PushToDestroy:1142] Scheduled to destroy 0x1d59569db50

[2026-10-05 22:39:16] [tid:1188488][NGXCubinGeneric::PushToDestroy:1142] Scheduled to destroy 0x1d5956a23b0

[2026-10-05 22:39:16] [tid:1188488][NGXCubinGeneric::PushToDestroy:1142] Scheduled to destroy 0x1d5956a3bd0

[2026-10-05 22:39:16] [tid:1188488][NGXCubinGeneric::PushToDestroy:1142] Scheduled to destroy 0x1d5956a17a0

[2026-10-05 22:39:16] [tid:1188488][NGXCubinGeneric::PushToDestroy:1142] Scheduled to destroy 0x1d582250880

[2026-10-05 22:39:16] [tid:1188488][NGXCubinGeneric::PushToDestroy:1142] Scheduled to destroy 0x1d582251490

[2026-10-05 22:39:16] [tid:1188488][NGXCubinGeneric::PushToDestroy:1142] Scheduled to destroy 0x1d5822550e0

[2026-10-05 22:39:16] [tid:1188488][NGXCubinGeneric::PushToDestroy:1142] Scheduled to destroy 0x1d5822544d0

[2026-10-05 22:39:16] [tid:1188488][NGXCubinGeneric::PushToDestroy:1142] Scheduled to destroy 0x1d582255cf0

[2026-10-05 22:39:16] [tid:1188488][NGXCubinGeneric::PushToDestroy:1142] Scheduled to destroy 0x1d582256900

[2026-10-05 22:39:16] [tid:1188488][NGXCubinGeneric::PushToDestroy:1142] Scheduled to destroy 0x1d582258120

[2026-10-05 22:39:16] [tid:1188488][NGXCubinGeneric::PushToDestroy:1142] Scheduled to destroy 0x1d5959c38f0

[2026-10-05 22:39:16] [tid:1188488][NGXCubinGeneric::PushToDestroy:1142] Scheduled to destroy 0x1d5959c5110

[2026-10-05 22:39:16] [tid:1188488][NGXCubinGeneric::PushToDestroy:1142] Scheduled to destroy 0x1d5959c5d20

[2026-10-05 22:39:16] [tid:1188488][NGXCubinGeneric::PushToDestroy:1142] Scheduled to destroy 0x1d5959c9970

[2026-10-05 22:39:16] [tid:1188488][NGXCubinGeneric::PushToDestroy:1142] Scheduled to destroy 0x1d5959ca580

[2026-10-05 22:39:16] [tid:1188488][NGXCubinGeneric::PushToDestroy:1142] Scheduled to destroy 0x1d5959c8150

[2026-10-05 22:39:16] [tid:1188488][NGXCubinGeneric::PushToDestroy:1142] Scheduled to destroy 0x1d583bc7cd0

[2026-10-05 22:39:16] [tid:1188488][NGXCubinGeneric::PushToDestroy:1142] Scheduled to destroy 0x1d583bc94f0

[2026-10-05 22:39:16] [tid:1188488][NGXCubinGeneric::PushToDestroy:1142] Scheduled to destroy 0x1d583bc70c0

[2026-10-05 22:39:16] [tid:1188488][NGXCubinGeneric::PushToDestroy:1142] Scheduled to destroy 0x1d583bcc530

[2026-10-05 22:39:16] [tid:1188488][NGXCubinGeneric::PushToDestroy:1142] Scheduled to destroy 0x1d583bd0180

[2026-10-05 22:39:16] [tid:1188488][NGXCubinGeneric::PushToDestroy:1142] Scheduled to destroy 0x1d583bd0d90

[2026-10-05 22:39:16] [tid:1188488][NGXCubinGeneric::PushToDestroy:1142] Scheduled to destroy 0x1d583bcdd50

[2026-10-05 22:39:16] [tid:1188488][NGXCubinGeneric::PushToDestroy:1142] Scheduled to destroy 0x1d583bd19a0

[2026-10-05 22:39:16] [tid:1188488][NGXCubinGeneric::PushToDestroy:1142] Scheduled to destroy 0x1d583bd49e0

[2026-10-05 22:39:16] [tid:1188488][NGXCubinGeneric::PushToDestroy:1142] Scheduled to destroy 0x1d583bd3dd0

[2026-10-05 22:39:16] [tid:1188488][NGXCubinGeneric::PushToDestroy:1142] Scheduled to destroy 0x1d583bd6e10

[2026-10-05 22:39:16] [tid:1188488][NGXCubinGeneric::PushToDestroy:1142] Scheduled to destroy 0x1d582676bb0

[2026-10-05 22:39:16] [tid:1188488][NGXCubinGeneric::PushToDestroy:1142] Scheduled to destroy 0x1d582678fe0

[2026-10-05 22:39:16] [tid:1188488][NGXCubinGeneric::PushToDestroy:1142] Scheduled to destroy 0x1d5826777c0

[2026-10-05 22:39:16] [tid:1188488][NGXCubinGeneric::PushToDestroy:1142] Scheduled to destroy 0x1d58267e450

[2026-10-05 22:39:16] [tid:1188488][NGXCubinGeneric::PushToDestroy:1142] Scheduled to destroy 0x1d58267c020

[2026-10-05 22:39:16] [tid:1188488][NGXCubinGeneric::PushToDestroy:1142] Scheduled to destroy 0x1d58267b410

[2026-10-05 22:39:16] [tid:1188488][NGXCubinGeneric::PushToDestroy:1142] Scheduled to destroy 0x1d582681490

[2026-10-05 22:39:16] [tid:1188488][NGXCubinGeneric::PushToDestroy:1142] Scheduled to destroy 0x1d5826820a0

[2026-10-05 22:39:16] [tid:1188488][NGXCubinGeneric::PushToDestroy:1142] Scheduled to destroy 0x1d5826838c0

[2026-10-05 22:39:16] [tid:1188488][NGXCubinGeneric::PushToDestroy:1142] Scheduled to destroy 0x1d5826844d0

[2026-10-05 22:39:16] [tid:1188488][NGXCubinGeneric::PushToDestroy:1142] Scheduled to destroy 0x1d582685cf0

[2026-10-05 22:39:16] [tid:1188488][NGXCubinGeneric::PushToDestroy:1142] Scheduled to destroy 0x1d595940dc0

[2026-10-05 22:39:16] [tid:1188488][NGXCubinGeneric::PushToDestroy:1142] Scheduled to destroy 0x1d5959431f0

[2026-10-05 22:39:16] [tid:1188488][NGXCubinGeneric::PushToDestroy:1142] Scheduled to destroy 0x1d595946230

[2026-10-05 22:39:16] [tid:1188488][NGXCubinGeneric::PushToDestroy:1142] Scheduled to destroy 0x1d595946e40

[2026-10-05 22:39:16] [tid:1188488][NGXCubinGeneric::PushToDestroy:1142] Scheduled to destroy 0x1d595947a50

[2026-10-05 22:39:16] [tid:1188488][NGXCubinGeneric::PushToDestroy:1142] Scheduled to destroy 0x1d595945620

[2026-10-05 22:39:16] [tid:1188488][NGXCubinGeneric::PushToDestroy:1142] Scheduled to destroy 0x1d595949e80

[2026-10-05 22:39:16] [tid:1188488][NGXCubinGeneric::PushToDestroy:1142] Scheduled to destroy 0x1d595949270

[2026-10-05 22:39:16] [tid:1188488][NGXCubinGeneric::PushToDestroy:1142] Scheduled to destroy 0x1d59594dad0

[2026-10-05 22:39:16] [tid:1188488][NGXCubinGeneric::PushToDestroy:1142] Scheduled to destroy 0x1d59594f2f0

[2026-10-05 22:39:16] [tid:1188488][NGXCubinGeneric::PushToDestroy:1142] Scheduled to destroy 0x1d59594e6e0

[2026-10-05 22:39:16] [tid:1188488][NGXCubinGeneric::PushToDestroy:1142] Scheduled to destroy 0x1d595638110

[2026-10-05 22:39:16] [tid:1188488][NGXCubinGeneric::PushToDestroy:1142] Scheduled to destroy 0x1d595635ce0

[2026-10-05 22:39:16] [tid:1188488][NGXCubinGeneric::PushToDestroy:1142] Scheduled to destroy 0x1d5956368f0

[2026-10-05 22:39:16] [tid:1188488][NGXCubinGeneric::PushToDestroy:1142] Scheduled to destroy 0x1d59563bd60

[2026-10-05 22:39:16] [TelemetrySessionDataHelper::SetTelemetryDataForHandle:1159] warning: snippet is using telemetry schema version 4.4, which is greater than the driver's last known version (4.2). Telemetry data may be incomplete.

[2026-10-05 22:39:16] [NGXSendTelemetryEvaluateDataV3:544] Sending Telemetry: DLSS-G Eval Data

[2026-10-05 22:39:16] [NGXSendTelemetryEvaluateDataV3:600] QualityMode = 6

[2026-10-05 22:39:16] [NGXSendTelemetryEvaluateDataV3:601] Width = 1280

[2026-10-05 22:39:16] [NGXSendTelemetryEvaluateDataV3:602] Height = 720

[2026-10-05 22:39:16] [NGXSendTelemetryEvaluateDataV3:603] FullscreenMode = 0

[2026-10-05 22:39:16] [NGXSendTelemetryEvaluateDataV3:604] WeightName = convoluted_cat

[2026-10-05 22:39:16] [NGXSendTelemetryEvaluateDataV3:605] WeightVariantName = endpoint

[2026-10-05 22:39:16] [NGXSendTelemetryEvaluateDataV3:606] TargetFrameRate = 0.000000

[2026-10-05 22:39:16] [NGXSendTelemetryEvaluateDataV3:607] MultiFrameCount = 1

[2026-10-05 22:39:16] [NGXSendTelemetryEvaluateDataV3:608] HasHudless = 1

[2026-10-05 22:39:16] [NGXSendTelemetryEvaluateDataV3:609] HasAlphaUI = 0

[2026-10-05 22:39:16] [NGXSendTelemetryEvaluateDataV3:610] DepthInverted = 0

[2026-10-05 22:39:16] [NGXSendTelemetryEvaluateDataV3:611] MVJittered = 0

[2026-10-05 22:39:16] [NGXSendTelemetryEvaluateDataV3:613] LatewarpEnabled = 0

[2026-10-05 22:39:16] [NGXSendTelemetryEvaluateDataV3:614] MVHasCamera = 0

[2026-10-05 22:39:16] [NGXSendTelemetryEvaluateDataV3:615] MVDilated = 0

[2026-10-05 22:39:16] [NGXSendTelemetryEvaluateDataV3:616] SLFGMode = 0

[2026-10-05 22:39:16] [NGXSendTelemetryEvaluateDataV3:617] ColorExtentWidth = 1280

[2026-10-05 22:39:16] [NGXSendTelemetryEvaluateDataV3:618] ColorExtentHeight = 720

[2026-10-05 22:39:16] [NGXSendTelemetryEvaluateDataV3:619] ColorExtentBaseX = 0

[2026-10-05 22:39:16] [NGXSendTelemetryEvaluateDataV3:620] ColorExtentBaseY = 0

[2026-10-05 22:39:16] [NGXSendTelemetryEvaluateDataV3:621] MVExtentWidth = 1280

[2026-10-05 22:39:16] [NGXSendTelemetryEvaluateDataV3:622] MVExtentHeight = 720

[2026-10-05 22:39:16] [NGXSendTelemetryEvaluateDataV3:623] MVExtentBaseX = 0

[2026-10-05 22:39:16] [NGXSendTelemetryEvaluateDataV3:624] MVExtentBaseY = 0

[2026-10-05 22:39:16] [NGXSendTelemetryEvaluateDataV3:625] MVSubrectHeight = 0

[2026-10-05 22:39:16] [NGXSendTelemetryEvaluateDataV3:626] MVSubrectWidth = 0

[2026-10-05 22:39:16] [NGXSendTelemetryEvaluateDataV3:627] MenuDetectionMode = 2

[2026-10-05 22:39:16] [NGXSendTelemetryEvaluateDataV3:628] VRAMAllocated = 0

[2026-10-05 22:39:16] [NGXSendTelemetryEvaluateDataV3:875] appExeName = hybrid_mfg_x4_mv_contract.exe

[2026-10-05 22:39:16] [NGXSendTelemetryEvaluateDataV3:876] drsProfileName = 

[2026-10-05 22:39:16] [NGXSendTelemetryEvaluateDataV3:877] drsName = 

[2026-10-05 22:39:16] [NGXSendTelemetryEvaluateDataV3:879] AppIdType = RENDERING_ENGINE

[2026-10-05 22:39:16] [NGXSendTelemetryEvaluateDataV3:880] ProjectId = 3e6891d2-09ac-4f54-ae8d-f481c3150d4b

[2026-10-05 22:39:16] [NGXSendTelemetryEvaluateDataV3:881] EngineVersion = 1.0.0

[2026-10-05 22:39:16] [NGXSendTelemetryEvaluateDataV3:882] EngineType = custom

[2026-10-05 22:39:16] [NGXSendTelemetryEvaluateDataV3:883] cmsId = 0

[2026-10-05 22:39:16] [NGXSendTelemetryEvaluateDataV3:884] gpuDeviceId = 9632

[2026-10-05 22:39:16] [NGXSendTelemetryEvaluateDataV3:885] gpuVendorId = 4318

[2026-10-05 22:39:16] [NGXSendTelemetryEvaluateDataV3:886] gpuSubSys = 979179434

[2026-10-05 22:39:16] [NGXSendTelemetryEvaluateDataV3:887] gpuRev = 161

[2026-10-05 22:39:16] [NGXSendTelemetryEvaluateDataV3:888] ngxSDKVersion = 1.5

[2026-10-05 22:39:16] [NGXSendTelemetryEvaluateDataV3:889] ngxCoreVersion = 1.4.0.0

[2026-10-05 22:39:16] [NGXSendTelemetryEvaluateDataV3:890] ngxFeatureVersion = 310.9.1

[2026-10-05 22:39:16] [NGXSendTelemetryEvaluateDataV3:891] displayDriverVersion = 596.49

[2026-10-05 22:39:16] [NGXSendTelemetryEvaluateDataV3:892] osVersion = 10.0.26100.9278

[2026-10-05 22:39:16] [NGXSendTelemetryEvaluateDataV3:893] APIType = 0

[2026-10-05 22:39:16] [NGXSendTelemetryEvaluateDataV3:894] GpuAPI = 2

[2026-10-05 22:39:16] [NGXSendTelemetryEvaluateDataV3:896] StreamlineVersion = 

[2026-10-05 22:39:16] [NGXSendTelemetryEvaluateDataV3:897] StreamlineGitSHA = 

[2026-10-05 22:39:16] [NGXSendTelemetryEvaluateDataV3:898] ExeModuleName = hybrid_mfg_x4_mv_contract.exe

[2026-10-05 22:39:16] [NGXSendTelemetryEvaluateDataV3:899] SnippetSchemaVer = 4.4

[2026-10-05 22:39:16] [NGXSendTelemetryEvaluateDataV3:905] -- END telemetry evaluate data --

[2026-10-05 22:39:17] [tid:1188488][NGXCubinGeneric::PushToDestroy:1142] Scheduled to destroy 0x1d5ff291160

[2026-10-05 22:39:17] [tid:1188488][NGXCubinGeneric::PushToDestroy:1142] Scheduled to destroy 0x1d5ff28f840

[2026-10-05 22:39:17] [tid:1188488][NGXCubinGeneric::PushToDestroy:1142] Scheduled to destroy 0x1d5ff292a80

[2026-10-05 22:39:17] [tid:1188488][NGXCubinGeneric::PushToDestroy:1142] Scheduled to destroy 0x1d5ff293710

[2026-10-05 22:39:17] [tid:1188488][NGXCubinGeneric::PushToDestroy:1142] Scheduled to destroy 0x1d5ff2943a0

[2026-10-05 22:39:17] [tid:1188488][NGXCubinGeneric::PushToDestroy:1142] Scheduled to destroy 0x1d5ff295030

[2026-10-05 22:39:17] [tid:1188488][NGXCubinGeneric::PushToDestroy:1142] Scheduled to destroy 0x1d595502560

[2026-10-05 22:39:17] [tid:1188488][NGXCubinGeneric::PushToDestroy:1142] Scheduled to destroy 0x1d595500c40

[2026-10-05 22:39:17] [tid:1188488][NGXCubinGeneric::PushToDestroy:1142] Scheduled to destroy 0x1d5955031f0

[2026-10-05 22:39:17] [tid:1188488][NGXCubinGeneric::PushToDestroy:1142] Scheduled to destroy 0x1d5955018d0

[2026-10-05 22:39:17] [tid:1188488][NGXCubinGeneric::PushToDestroy:1142] Scheduled to destroy 0x1d58317bf30

[2026-10-05 22:39:17] [tid:1188488][NGXCubinGeneric::PushToDestroy:1142] Scheduled to destroy 0x1d5954fffb0

[2026-10-05 22:39:17] [tid:1188488][NGXCubinGeneric::PushToDestroy:1142] Scheduled to destroy 0x1d5955070c0

[2026-10-05 22:39:17] [tid:1188488][NGXCubinGeneric::PushToDestroy:1142] Scheduled to destroy 0x1d595504b10

[2026-10-05 22:39:17] [tid:1188488][NGXCubinGeneric::PushToDestroy:1142] Scheduled to destroy 0x1d595503e80

[2026-10-05 22:39:17] [tid:1188488][NGXCubinGeneric::PushToDestroy:1142] Scheduled to destroy 0x1d595506430

[2026-10-05 22:39:17] [tid:1188488][NGXCubinGeneric::PushToDestroy:1142] Scheduled to destroy 0x1d595507d50

[2026-10-05 22:39:17] [tid:1188488][NGXCubinGeneric::PushToDestroy:1142] Scheduled to destroy 0x1d5955057a0

[2026-10-05 22:39:17] [tid:1188488][NGXCubinGeneric::PushToDestroy:1142] Scheduled to destroy 0x1d595509670

[2026-10-05 22:39:17] [tid:1188488][NGXCubinGeneric::PushToDestroy:1142] Scheduled to destroy 0x1d58317b320

[2026-10-05 22:39:17] [tid:1188488][NGXCubinGeneric::PushToDestroy:1142] Scheduled to destroy 0x1d583178ef0

[2026-10-05 22:39:17] [tid:1188488][NGXCubinGeneric::PushToDestroy:1142] Scheduled to destroy 0x1d58317fb80

[2026-10-05 22:39:17] [tid:1188488][NGXCubinGeneric::PushToDestroy:1142] Scheduled to destroy 0x1d58317cb40

[2026-10-05 22:39:17] [tid:1188488][NGXCubinGeneric::PushToDestroy:1142] Scheduled to destroy 0x1d59550a300

[2026-10-05 22:39:17] [tid:1188488][NGXCubinGeneric::PushToDestroy:1142] Scheduled to destroy 0x1d5955089e0

[2026-10-05 22:39:17] [tid:1188488][NGXCubinGeneric::PushToDestroy:1142] Scheduled to destroy 0x1d59550bc20

[2026-10-05 22:39:17] [tid:1188488][NGXCubinGeneric::PushToDestroy:1142] Scheduled to destroy 0x1d59550c8b0

[2026-10-05 22:39:17] [tid:1188488][NGXCubinGeneric::PushToDestroy:1142] Scheduled to destroy 0x1d59550d540

[2026-10-05 22:39:17] [tid:1188488][NGXCubinGeneric::PushToDestroy:1142] Scheduled to destroy 0x1d59550e1d0

[2026-10-05 22:39:17] [tid:1188488][NGXCubinGeneric::PushToDestroy:1142] Scheduled to destroy 0x1d59550af90

[2026-10-05 22:39:17] [tid:1188488][NGXCubinGeneric::PushToDestroy:1142] Scheduled to destroy 0x1d59550ee60

[2026-10-05 22:39:17] [tid:1188488][NGXCubinGeneric::PushToDestroy:1142] Scheduled to destroy 0x1d583ba5090

[2026-10-05 22:39:17] [tid:1188488][NGXCubinGeneric::PushToDestroy:1142] Scheduled to destroy 0x1d583ba5d20

[2026-10-05 22:39:17] [tid:1188488][NGXCubinGeneric::PushToDestroy:1142] Scheduled to destroy 0x1d583ba82d0

[2026-10-05 22:39:17] [tid:1188488][NGXCubinGeneric::PushToDestroy:1142] Scheduled to destroy 0x1d583ba7640

[2026-10-05 22:39:17] [tid:1188488][NGXCubinGeneric::PushToDestroy:1142] Scheduled to destroy 0x1d58317e360

[2026-10-05 22:39:17] [tid:1188488][NGXCubinGeneric::PushToDestroy:1142] Scheduled to destroy 0x1d58317d750

[2026-10-05 22:39:17] [tid:1188488][NGXCubinGeneric::PushToDestroy:1142] Scheduled to destroy 0x1d583180790

[2026-10-05 22:39:17] [tid:1188488][NGXCubinGeneric::PushToDestroy:1142] Scheduled to destroy 0x1d5831813a0

[2026-10-05 22:39:17] [tid:1188488][NGXCubinGeneric::PushToDestroy:1142] Scheduled to destroy 0x1d58317ef70

[2026-10-05 22:39:17] [tid:1188488][NGXCubinGeneric::PushToDestroy:1142] Scheduled to destroy 0x1d583184ff0

[2026-10-05 22:39:17] [tid:1188488][NGXCubinGeneric::PushToDestroy:1142] Scheduled to destroy 0x1d583181fb0

[2026-10-05 22:39:17] [tid:1188488][NGXCubinGeneric::PushToDestroy:1142] Scheduled to destroy 0x1d583182bc0

[2026-10-05 22:39:17] [tid:1188488][NGXCubinGeneric::PushToDestroy:1142] Scheduled to destroy 0x1d583186810

[2026-10-05 22:39:17] [tid:1188488][NGXCubinGeneric::PushToDestroy:1142] Scheduled to destroy 0x1d583185c00

[2026-10-05 22:39:17] [tid:1188488][NGXCubinGeneric::PushToDestroy:1142] Scheduled to destroy 0x1d5831837d0

[2026-10-05 22:39:17] [tid:1188488][NGXCubinGeneric::PushToDestroy:1142] Scheduled to destroy 0x1d583187420

[2026-10-05 22:39:17] [tid:1188488][NGXCubinGeneric::PushToDestroy:1142] Scheduled to destroy 0x1d5831843e0

[2026-10-05 22:39:17] [tid:1188488][NGXCubinGeneric::PushToDestroy:1142] Scheduled to destroy 0x1d58318a460

[2026-10-05 22:39:17] [tid:1188488][NGXCubinGeneric::PushToDestroy:1142] Scheduled to destroy 0x1d58318b070

[2026-10-05 22:39:17] [tid:1188488][NGXCubinGeneric::PushToDestroy:1142] Scheduled to destroy 0x1d583188030

[2026-10-05 22:39:17] [tid:1188488][NGXCubinGeneric::PushToDestroy:1142] Scheduled to destroy 0x1d58318bc80

[2026-10-05 22:39:17] [tid:1188488][NGXCubinGeneric::PushToDestroy:1142] Scheduled to destroy 0x1d583188c40

[2026-10-05 22:39:17] [tid:1188488][NGXCubinGeneric::PushToDestroy:1142] Scheduled to destroy 0x1d58318c890

[2026-10-05 22:39:17] [tid:1188488][NGXCubinGeneric::PushToDestroy:1142] Scheduled to destroy 0x1d583189850

[2026-10-05 22:39:17] [tid:1188488][NGXCubinGeneric::PushToDestroy:1142] Scheduled to destroy 0x1d58318e0b0

[2026-10-05 22:39:17] [tid:1188488][NGXCubinGeneric::PushToDestroy:1142] Scheduled to destroy 0x1d58318ecc0

[2026-10-05 22:39:17] [tid:1188488][NGXCubinGeneric::PushToDestroy:1142] Scheduled to destroy 0x1d5831904e0

[2026-10-05 22:39:17] [tid:1188488][NGXCubinGeneric::PushToDestroy:1142] Scheduled to destroy 0x1d58318f8d0

[2026-10-05 22:39:17] [tid:1188488][NGXCubinGeneric::PushToDestroy:1142] Scheduled to destroy 0x1d58318d4a0

[2026-10-05 22:39:17] [tid:1188488][NGXCubinGeneric::PushToDestroy:1142] Scheduled to destroy 0x1d583193520

[2026-10-05 22:39:17] [tid:1188488][NGXCubinGeneric::PushToDestroy:1142] Scheduled to destroy 0x1d583194130

[2026-10-05 22:39:17] [tid:1188488][NGXCubinGeneric::PushToDestroy:1142] Scheduled to destroy 0x1d5831910f0

[2026-10-05 22:39:17] [tid:1188488][NGXCubinGeneric::PushToDestroy:1142] Scheduled to destroy 0x1d583191d00

[2026-10-05 22:39:17] [tid:1188488][NGXCubinGeneric::PushToDestroy:1142] Scheduled to destroy 0x1d583192910

[2026-10-05 22:39:17] [tid:1188488][NGXCubinGeneric::PushToDestroy:1142] Scheduled to destroy 0x1d583197170

[2026-10-05 22:39:17] [tid:1188488][NGXCubinGeneric::PushToDestroy:1142] Scheduled to destroy 0x1d59568f620

[2026-10-05 22:39:17] [tid:1188488][NGXCubinGeneric::PushToDestroy:1142] Scheduled to destroy 0x1d59568de00

[2026-10-05 22:39:17] [tid:1188488][NGXCubinGeneric::PushToDestroy:1142] Scheduled to destroy 0x1d5956956a0

[2026-10-05 22:39:17] [tid:1188488][NGXCubinGeneric::PushToDestroy:1142] Scheduled to destroy 0x1d5956962b0

[2026-10-05 22:39:17] [tid:1188488][NGXCubinGeneric::PushToDestroy:1142] Scheduled to destroy 0x1d595699f00

[2026-10-05 22:39:17] [tid:1188488][NGXCubinGeneric::PushToDestroy:1142] Scheduled to destroy 0x1d5956986e0

[2026-10-05 22:39:17] [tid:1188488][NGXCubinGeneric::PushToDestroy:1142] Scheduled to destroy 0x1d595697ad0

[2026-10-05 22:39:17] [tid:1188488][NGXCubinGeneric::PushToDestroy:1142] Scheduled to destroy 0x1d59569c330

[2026-10-05 22:39:17] [tid:1188488][NGXCubinGeneric::PushToDestroy:1142] Scheduled to destroy 0x1d59569e760

[2026-10-05 22:39:17] [tid:1188488][NGXCubinGeneric::PushToDestroy:1142] Scheduled to destroy 0x1d59569ff80

[2026-10-05 22:39:17] [tid:1188488][NGXCubinGeneric::PushToDestroy:1142] Scheduled to destroy 0x1d59569cf40

[2026-10-05 22:39:17] [tid:1188488][NGXCubinGeneric::PushToDestroy:1142] Scheduled to destroy 0x1d5956a2fc0

[2026-10-05 22:39:17] [tid:1188488][NGXCubinGeneric::PushToDestroy:1142] Scheduled to destroy 0x1d5956a0b90

[2026-10-05 22:39:17] [tid:1188488][NGXCubinGeneric::PushToDestroy:1142] Scheduled to destroy 0x1d5956a47e0

[2026-10-05 22:39:17] [tid:1188488][NGXCubinGeneric::PushToDestroy:1142] Scheduled to destroy 0x1d5956a53f0

[2026-10-05 22:39:17] [tid:1188488][NGXCubinGeneric::PushToDestroy:1142] Scheduled to destroy 0x1d5956a6c10

[2026-10-05 22:39:17] [tid:1188488][NGXCubinGeneric::PushToDestroy:1142] Scheduled to destroy 0x1d5956a6000

[2026-10-05 22:39:17] [tid:1188488][NGXCubinGeneric::PushToDestroy:1142] Scheduled to destroy 0x1d5956a9c50

[2026-10-05 22:39:17] [tid:1188488][NGXCubinGeneric::PushToDestroy:1142] Scheduled to destroy 0x1d5956a8430

[2026-10-05 22:39:17] [tid:1188488][NGXCubinGeneric::PushToDestroy:1142] Scheduled to destroy 0x1d5956a9040

[2026-10-05 22:39:17] [tid:1188488][NGXCubinGeneric::PushToDestroy:1142] Scheduled to destroy 0x1d5956a7820

[2026-10-05 22:39:17] [tid:1188488][NGXCubinGeneric::PushToDestroy:1142] Scheduled to destroy 0x1d58224f060

[2026-10-05 22:39:17] [tid:1188488][NGXCubinGeneric::PushToDestroy:1142] Scheduled to destroy 0x1d58224fc70

[2026-10-05 22:39:17] [tid:1188488][NGXCubinGeneric::PushToDestroy:1142] Scheduled to destroy 0x1d58224d840

[2026-10-05 22:39:17] [tid:1188488][NGXCubinGeneric::PushToDestroy:1142] Scheduled to destroy 0x1d58224e450

[2026-10-05 22:39:17] [tid:1188488][NGXCubinGeneric::PushToDestroy:1142] Scheduled to destroy 0x1d5822538c0

[2026-10-05 22:39:17] [tid:1188488][NGXCubinGeneric::PushToDestroy:1142] Scheduled to destroy 0x1d5822520a0

[2026-10-05 22:39:17] [tid:1188488][NGXCubinGeneric::PushToDestroy:1142] Scheduled to destroy 0x1d582252cb0

[2026-10-05 22:39:17] [tid:1188488][NGXCubinGeneric::PushToDestroy:1142] Scheduled to destroy 0x1d582257510

[2026-10-05 22:39:17] [tid:1188488][NGXCubinGeneric::PushToDestroy:1142] Scheduled to destroy 0x1d5959c4500

[2026-10-05 22:39:17] [tid:1188488][NGXCubinGeneric::PushToDestroy:1142] Scheduled to destroy 0x1d5959c2ce0

[2026-10-05 22:39:17] [tid:1188488][NGXCubinGeneric::PushToDestroy:1142] Scheduled to destroy 0x1d5959c20d0

[2026-10-05 22:39:17] [tid:1188488][NGXCubinGeneric::PushToDestroy:1142] Scheduled to destroy 0x1d5959c7540

[2026-10-05 22:39:17] [tid:1188488][NGXCubinGeneric::PushToDestroy:1142] Scheduled to destroy 0x1d5959c6930

[2026-10-05 22:39:17] [tid:1188488][NGXCubinGeneric::PushToDestroy:1142] Scheduled to destroy 0x1d5959cb190

[2026-10-05 22:39:17] [tid:1188488][NGXCubinGeneric::PushToDestroy:1142] Scheduled to destroy 0x1d5959cbda0

[2026-10-05 22:39:17] [tid:1188488][NGXCubinGeneric::PushToDestroy:1142] Scheduled to destroy 0x1d583bc88e0

[2026-10-05 22:39:17] [tid:1188488][NGXCubinGeneric::PushToDestroy:1142] Scheduled to destroy 0x1d583bca100

[2026-10-05 22:39:17] [tid:1188488][NGXCubinGeneric::PushToDestroy:1142] Scheduled to destroy 0x1d583bcb920

[2026-10-05 22:39:17] [tid:1188488][NGXCubinGeneric::PushToDestroy:1142] Scheduled to destroy 0x1d583bcad10

[2026-10-05 22:39:17] [tid:1188488][NGXCubinGeneric::PushToDestroy:1142] Scheduled to destroy 0x1d583bcd140

[2026-10-05 22:39:17] [tid:1188488][NGXCubinGeneric::PushToDestroy:1142] Scheduled to destroy 0x1d583bce960

[2026-10-05 22:39:17] [tid:1188488][NGXCubinGeneric::PushToDestroy:1142] Scheduled to destroy 0x1d583bd25b0

[2026-10-05 22:39:17] [tid:1188488][NGXCubinGeneric::PushToDestroy:1142] Scheduled to destroy 0x1d583bcf570

[2026-10-05 22:39:17] [tid:1188488][NGXCubinGeneric::PushToDestroy:1142] Scheduled to destroy 0x1d583bd31c0

[2026-10-05 22:39:17] [tid:1188488][NGXCubinGeneric::PushToDestroy:1142] Scheduled to destroy 0x1d583bd55f0

[2026-10-05 22:39:17] [tid:1188488][NGXCubinGeneric::PushToDestroy:1142] Scheduled to destroy 0x1d583bd6200

[2026-10-05 22:39:17] [tid:1188488][NGXCubinGeneric::PushToDestroy:1142] Scheduled to destroy 0x1d582679bf0

[2026-10-05 22:39:17] [tid:1188488][NGXCubinGeneric::PushToDestroy:1142] Scheduled to destroy 0x1d58267a800

[2026-10-05 22:39:17] [tid:1188488][NGXCubinGeneric::PushToDestroy:1142] Scheduled to destroy 0x1d5826783d0

[2026-10-05 22:39:17] [tid:1188488][NGXCubinGeneric::PushToDestroy:1142] Scheduled to destroy 0x1d58267d840

[2026-10-05 22:39:17] [tid:1188488][NGXCubinGeneric::PushToDestroy:1142] Scheduled to destroy 0x1d58267cc30

[2026-10-05 22:39:17] [tid:1188488][NGXCubinGeneric::PushToDestroy:1142] Scheduled to destroy 0x1d58267fc70

[2026-10-05 22:39:17] [tid:1188488][NGXCubinGeneric::PushToDestroy:1142] Scheduled to destroy 0x1d58267f060

[2026-10-05 22:39:17] [tid:1188488][NGXCubinGeneric::PushToDestroy:1142] Scheduled to destroy 0x1d582682cb0

[2026-10-05 22:39:17] [tid:1188488][NGXCubinGeneric::PushToDestroy:1142] Scheduled to destroy 0x1d582680880

[2026-10-05 22:39:17] [tid:1188488][NGXCubinGeneric::PushToDestroy:1142] Scheduled to destroy 0x1d5826850e0

[2026-10-05 22:39:17] [tid:1188488][NGXCubinGeneric::PushToDestroy:1142] Scheduled to destroy 0x1d5959425e0

[2026-10-05 22:39:17] [tid:1188488][NGXCubinGeneric::PushToDestroy:1142] Scheduled to destroy 0x1d5959419d0

[2026-10-05 22:39:17] [tid:1188488][NGXCubinGeneric::PushToDestroy:1142] Scheduled to destroy 0x1d5959401b0

[2026-10-05 22:39:17] [tid:1188488][NGXCubinGeneric::PushToDestroy:1142] Scheduled to destroy 0x1d595943e00

[2026-10-05 22:39:17] [tid:1188488][NGXCubinGeneric::PushToDestroy:1142] Scheduled to destroy 0x1d595944a10

[2026-10-05 22:39:17] [tid:1188488][NGXCubinGeneric::PushToDestroy:1142] Scheduled to destroy 0x1d595948660

[2026-10-05 22:39:17] [tid:1188488][NGXCubinGeneric::PushToDestroy:1142] Scheduled to destroy 0x1d59594c2b0

[2026-10-05 22:39:17] [tid:1188488][NGXCubinGeneric::PushToDestroy:1142] Scheduled to destroy 0x1d59594b6a0

[2026-10-05 22:39:17] [tid:1188488][NGXCubinGeneric::PushToDestroy:1142] Scheduled to destroy 0x1d59594cec0

[2026-10-05 22:39:17] [tid:1188488][NGXCubinGeneric::PushToDestroy:1142] Scheduled to destroy 0x1d59594aa90

[2026-10-05 22:39:17] [tid:1188488][NGXCubinGeneric::PushToDestroy:1142] Scheduled to destroy 0x1d59594ff00

[2026-10-05 22:39:17] [tid:1188488][NGXCubinGeneric::PushToDestroy:1142] Scheduled to destroy 0x1d595637500

[2026-10-05 22:39:17] [tid:1188488][NGXCubinGeneric::PushToDestroy:1142] Scheduled to destroy 0x1d595638d20

[2026-10-05 22:39:17] [tid:1188488][NGXCubinGeneric::PushToDestroy:1142] Scheduled to destroy 0x1d595639930

[2026-10-05 22:39:17] [tid:1188488][NGXCubinGeneric::PushToDestroy:1142] Scheduled to destroy 0x1d59563c970

[2026-10-05 22:39:17] [tid:1188488][NGXCubinGeneric::PushToDestroyIUnknown:1154] Scheduled to destroy IUnknown 0x1d59595ff80

[2026-10-05 22:39:17] [tid:1188488][NGXCubinGeneric::PushToDestroyIUnknown:1154] Scheduled to destroy IUnknown 0x1d59595ed90

[2026-10-05 22:39:17] [tid:1188488][NGXCubinGeneric::CollectGarbage:1177] Releasing resource 0x1d59569cf40 (nv.ngx.dlssg.dlfg_network_resource)

[2026-10-05 22:39:17] [tid:1188488][NGXCubinGeneric::CollectGarbage:1177] Releasing resource 0x1d595500c40 (nv.ngx.dlssg.dlfg_resource)

[2026-10-05 22:39:17] [tid:1188488][NGXCubinGeneric::CollectGarbage:1177] Releasing resource 0x1d583197d80 (nv.ngx.dlssg.dlfg_network_resource)

[2026-10-05 22:39:17] [tid:1188488][NGXCubinGeneric::CollectGarbage:1177] Releasing resource 0x1d583196560 (nv.ngx.dlssg.dlfg_network_resource)

[2026-10-05 22:39:17] [tid:1188488][NGXCubinGeneric::CollectGarbage:1177] Releasing resource 0x1d583194d40 (nv.ngx.dlssg.dlfg_network_resource)

[2026-10-05 22:39:17] [tid:1188488][NGXCubinGeneric::CollectGarbage:1177] Releasing resource 0x1d595638110 (nv.ngx.dlssg.dlfg_network_resource)

[2026-10-05 22:39:17] [tid:1188488][NGXCubinGeneric::CollectGarbage:1177] Releasing resource 0x1d5822544d0 (nv.ngx.dlssg.dlfg_network_resource)

[2026-10-05 22:39:17] [tid:1188488][NGXCubinGeneric::CollectGarbage:1177] Releasing resource 0x1d583195950 (nv.ngx.dlssg.dlfg_network_resource)

[2026-10-05 22:39:17] [tid:1188488][NGXCubinGeneric::CollectGarbage:1177] Releasing resource 0x1d595693e80 (nv.ngx.dlssg.dlfg_network_resource)

[2026-10-05 22:39:17] [tid:1188488][NGXCubinGeneric::CollectGarbage:1177] Releasing resource 0x1d59568d1f0 (nv.ngx.dlssg.dlfg_network_resource)

[2026-10-05 22:39:17] [tid:1188488][NGXCubinGeneric::CollectGarbage:1177] Releasing resource 0x1d5959431f0 (nv.ngx.dlssg.dlfg_network_resource)

[2026-10-05 22:39:17] [tid:1188488][NGXCubinGeneric::CollectGarbage:1177] Releasing resource 0x1d595693270 (nv.ngx.dlssg.dlfg_network_resource)

[2026-10-05 22:39:17] [tid:1188488][NGXCubinGeneric::CollectGarbage:1177] Releasing resource 0x1d595694a90 (nv.ngx.dlssg.dlfg_network_resource)

[2026-10-05 22:39:17] [tid:1188488][NGXCubinGeneric::CollectGarbage:1177] Releasing resource 0x1d582678fe0 (nv.ngx.dlssg.dlfg_network_resource)

[2026-10-05 22:39:17] [tid:1188488][NGXCubinGeneric::CollectGarbage:1177] Releasing resource 0x1d5959c8150 (nv.ngx.dlssg.dlfg_network_resource)

[2026-10-05 22:39:17] [tid:1188488][NGXCubinGeneric::CollectGarbage:1177] Releasing resource 0x1d595696ec0 (nv.ngx.dlssg.dlfg_network_resource)

[2026-10-05 22:39:17] [tid:1188488][NGXCubinGeneric::CollectGarbage:1177] Releasing resource 0x1d583bd55f0 (nv.ngx.dlssg.dlfg_network_resource)

[2026-10-05 22:39:17] [tid:1188488][NGXCubinGeneric::CollectGarbage:1177] Releasing resource 0x1d5822550e0 (nv.ngx.dlssg.dlfg_network_resource)

[2026-10-05 22:39:17] [tid:1188488][NGXCubinGeneric::CollectGarbage:1177] Releasing resource 0x1d59569ab10 (nv.ngx.dlssg.dlfg_network_resource)

[2026-10-05 22:39:17] [tid:1188488][NGXCubinGeneric::CollectGarbage:1177] Releasing resource 0x1d59569b720 (nv.ngx.dlssg.dlfg_network_resource)

[2026-10-05 22:39:17] [tid:1188488][NGXCubinGeneric::CollectGarbage:1177] Releasing resource 0x1d5956992f0 (nv.ngx.dlssg.dlfg_network_resource)

[2026-10-05 22:39:17] [tid:1188488][NGXCubinGeneric::CollectGarbage:1177] Releasing resource 0x1d5956a23b0 (nv.ngx.dlssg.dlfg_network_resource)

[2026-10-05 22:39:17] [tid:1188488][NGXCubinGeneric::CollectGarbage:1177] Releasing resource 0x1d583bd3dd0 (nv.ngx.dlssg.dlfg_network_resource)

[2026-10-05 22:39:17] [tid:1188488][NGXCubinGeneric::CollectGarbage:1177] Releasing resource 0x1d59569f370 (nv.ngx.dlssg.dlfg_network_resource)

[2026-10-05 22:39:17] [tid:1188488][NGXCubinGeneric::CollectGarbage:1177] Releasing resource 0x1d59569db50 (nv.ngx.dlssg.dlfg_network_resource)

[2026-10-05 22:39:17] [tid:1188488][NGXCubinGeneric::CollectGarbage:1177] Releasing resource 0x1d5831813a0 (nv.ngx.dlssg.dlfg_resource)

[2026-10-05 22:39:17] [tid:1188488][NGXCubinGeneric::CollectGarbage:1177] Releasing resource 0x1d5956a3bd0 (nv.ngx.dlssg.dlfg_network_resource)

[2026-10-05 22:39:17] [tid:1188488][NGXCubinGeneric::CollectGarbage:1177] Releasing resource 0x1d5959ca580 (nv.ngx.dlssg.dlfg_network_resource)

[2026-10-05 22:39:17] [tid:1188488][NGXCubinGeneric::CollectGarbage:1177] Releasing resource 0x1d5956a17a0 (nv.ngx.dlssg.dlfg_network_resource)

[2026-10-05 22:39:17] [tid:1188488][NGXCubinGeneric::CollectGarbage:1177] Releasing resource 0x1d582250880 (nv.ngx.dlssg.dlfg_network_resource)

[2026-10-05 22:39:17] [tid:1188488][NGXCubinGeneric::CollectGarbage:1177] Releasing resource 0x1d583bd49e0 (nv.ngx.dlssg.dlfg_network_resource)

[2026-10-05 22:39:17] [tid:1188488][NGXCubinGeneric::CollectGarbage:1177] Releasing resource 0x1d583191d00 (nv.ngx.dlssg.dlfg_network_resource)

[2026-10-05 22:39:17] [tid:1188488][NGXCubinGeneric::CollectGarbage:1177] Releasing resource 0x1d582251490 (nv.ngx.dlssg.dlfg_network_resource)

[2026-10-05 22:39:17] [tid:1188488][NGXCubinGeneric::CollectGarbage:1177] Releasing resource 0x1d583bd0180 (nv.ngx.dlssg.dlfg_network_resource)

[2026-10-05 22:39:17] [tid:1188488][NGXCubinGeneric::CollectGarbage:1177] Releasing resource 0x1d582255cf0 (nv.ngx.dlssg.dlfg_network_resource)

[2026-10-05 22:39:17] [tid:1188488][NGXCubinGeneric::CollectGarbage:1177] Releasing resource 0x1d5956a0b90 (nv.ngx.dlssg.dlfg_network_resource)

[2026-10-05 22:39:17] [tid:1188488][NGXCubinGeneric::CollectGarbage:1177] Releasing resource 0x1d5959c5110 (nv.ngx.dlssg.dlfg_network_resource)

[2026-10-05 22:39:17] [tid:1188488][NGXCubinGeneric::CollectGarbage:1177] Releasing resource 0x1d582256900 (nv.ngx.dlssg.dlfg_network_resource)

[2026-10-05 22:39:17] [tid:1188488][NGXCubinGeneric::CollectGarbage:1177] Releasing resource 0x1d582258120 (nv.ngx.dlssg.dlfg_network_resource)

[2026-10-05 22:39:17] [tid:1188488][NGXCubinGeneric::CollectGarbage:1177] Releasing resource 0x1d5959c38f0 (nv.ngx.dlssg.dlfg_network_resource)

[2026-10-05 22:39:17] [tid:1188488][NGXCubinGeneric::CollectGarbage:1177] Releasing resource 0x1d583bd19a0 (nv.ngx.dlssg.dlfg_network_resource)

[2026-10-05 22:39:17] [tid:1188488][NGXCubinGeneric::CollectGarbage:1177] Releasing resource 0x1d5959c5d20 (nv.ngx.dlssg.dlfg_network_resource)

[2026-10-05 22:39:17] [tid:1188488][NGXCubinGeneric::CollectGarbage:1177] Releasing resource 0x1d5826777c0 (nv.ngx.dlssg.dlfg_network_resource)

[2026-10-05 22:39:17] [tid:1188488][NGXCubinGeneric::CollectGarbage:1177] Releasing resource 0x1d5959c9970 (nv.ngx.dlssg.dlfg_network_resource)

[2026-10-05 22:39:17] [tid:1188488][NGXCubinGeneric::CollectGarbage:1177] Releasing resource 0x1d583bc7cd0 (nv.ngx.dlssg.dlfg_network_resource)

[2026-10-05 22:39:17] [tid:1188488][NGXCubinGeneric::CollectGarbage:1177] Releasing resource 0x1d583bc94f0 (nv.ngx.dlssg.dlfg_network_resource)

[2026-10-05 22:39:17] [tid:1188488][NGXCubinGeneric::CollectGarbage:1177] Releasing resource 0x1d595949e80 (nv.ngx.dlssg.dlfg_network_resource)

[2026-10-05 22:39:17] [tid:1188488][NGXCubinGeneric::CollectGarbage:1177] Releasing resource 0x1d583bc70c0 (nv.ngx.dlssg.dlfg_network_resource)

[2026-10-05 22:39:17] [tid:1188488][NGXCubinGeneric::CollectGarbage:1177] Releasing resource 0x1d58267b410 (nv.ngx.dlssg.dlfg_network_resource)

[2026-10-05 22:39:17] [tid:1188488][NGXCubinGeneric::CollectGarbage:1177] Releasing resource 0x1d583bcc530 (nv.ngx.dlssg.dlfg_network_resource)

[2026-10-05 22:39:17] [tid:1188488][NGXCubinGeneric::CollectGarbage:1177] Releasing resource 0x1d583bd0d90 (nv.ngx.dlssg.dlfg_network_resource)

[2026-10-05 22:39:17] [tid:1188488][NGXCubinGeneric::CollectGarbage:1177] Releasing resource 0x1d583bcdd50 (nv.ngx.dlssg.dlfg_network_resource)

[2026-10-05 22:39:17] [tid:1188488][NGXCubinGeneric::CollectGarbage:1177] Releasing resource 0x1d583bd6e10 (nv.ngx.dlssg.dlfg_network_resource)

[2026-10-05 22:39:17] [tid:1188488][NGXCubinGeneric::CollectGarbage:1177] Releasing resource 0x1d582676bb0 (nv.ngx.dlssg.dlfg_network_resource)

[2026-10-05 22:39:17] [tid:1188488][NGXCubinGeneric::CollectGarbage:1177] Releasing resource 0x1d5956a9040 (nv.ngx.dlssg.dlfg_network_resource)

[2026-10-05 22:39:17] [tid:1188488][NGXCubinGeneric::CollectGarbage:1177] Releasing resource 0x1d595946e40 (nv.ngx.dlssg.dlfg_network_resource)

[2026-10-05 22:39:17] [tid:1188488][NGXCubinGeneric::CollectGarbage:1177] Releasing resource 0x1d58267e450 (nv.ngx.dlssg.dlfg_network_resource)

[2026-10-05 22:39:17] [tid:1188488][NGXCubinGeneric::CollectGarbage:1177] Releasing resource 0x1d59594f2f0 (nv.ngx.dlssg.dlfg_network_resource)

[2026-10-05 22:39:17] [tid:1188488][NGXCubinGeneric::CollectGarbage:1177] Releasing resource 0x1d58267c020 (nv.ngx.dlssg.dlfg_network_resource)

[2026-10-05 22:39:17] [tid:1188488][NGXCubinGeneric::CollectGarbage:1177] Releasing resource 0x1d582681490 (nv.ngx.dlssg.dlfg_network_resource)

[2026-10-05 22:39:17] [tid:1188488][NGXCubinGeneric::CollectGarbage:1177] Releasing resource 0x1d5826820a0 (nv.ngx.dlssg.dlfg_network_resource)

[2026-10-05 22:39:17] [tid:1188488][NGXCubinGeneric::CollectGarbage:1177] Releasing resource 0x1d5826838c0 (nv.ngx.dlssg.dlfg_network_resource)

[2026-10-05 22:39:17] [tid:1188488][NGXCubinGeneric::CollectGarbage:1177] Releasing resource 0x1d5826844d0 (nv.ngx.dlssg.dlfg_network_resource)

[2026-10-05 22:39:17] [tid:1188488][NGXCubinGeneric::CollectGarbage:1177] Releasing resource 0x1d582685cf0 (nv.ngx.dlssg.dlfg_network_resource)

[2026-10-05 22:39:17] [tid:1188488][NGXCubinGeneric::CollectGarbage:1177] Releasing resource 0x1d5956a47e0 (nv.ngx.dlssg.dlfg_network_resource)

[2026-10-05 22:39:17] [tid:1188488][NGXCubinGeneric::CollectGarbage:1177] Releasing resource 0x1d595940dc0 (nv.ngx.dlssg.dlfg_network_resource)

[2026-10-05 22:39:17] [tid:1188488][NGXCubinGeneric::CollectGarbage:1177] Releasing resource 0x1d58318b070 (nv.ngx.dlssg.dlfg_resource)

[2026-10-05 22:39:17] [tid:1188488][NGXCubinGeneric::CollectGarbage:1177] Releasing resource 0x1d595946230 (nv.ngx.dlssg.dlfg_network_resource)

[2026-10-05 22:39:17] [tid:1188488][NGXCubinGeneric::CollectGarbage:1177] Releasing resource 0x1d595947a50 (nv.ngx.dlssg.dlfg_network_resource)

[2026-10-05 22:39:17] [tid:1188488][NGXCubinGeneric::CollectGarbage:1177] Releasing resource 0x1d595945620 (nv.ngx.dlssg.dlfg_network_resource)

[2026-10-05 22:39:17] [tid:1188488][NGXCubinGeneric::CollectGarbage:1177] Releasing resource 0x1d595949270 (nv.ngx.dlssg.dlfg_network_resource)

[2026-10-05 22:39:17] [tid:1188488][NGXCubinGeneric::CollectGarbage:1177] Releasing resource 0x1d59594dad0 (nv.ngx.dlssg.dlfg_network_resource)

[2026-10-05 22:39:17] [tid:1188488][NGXCubinGeneric::CollectGarbage:1177] Releasing resource 0x1d59594e6e0 (nv.ngx.dlssg.dlfg_network_resource)

[2026-10-05 22:39:17] [tid:1188488][NGXCubinGeneric::CollectGarbage:1177] Releasing resource 0x1d595635ce0 (nv.ngx.dlssg.dlfg_network_resource)

[2026-10-05 22:39:17] [tid:1188488][NGXCubinGeneric::CollectGarbage:1177] Releasing resource 0x1d5956368f0 (nv.ngx.dlssg.dlfg_network_resource)

[2026-10-05 22:39:17] [tid:1188488][NGXCubinGeneric::CollectGarbage:1177] Releasing resource 0x1d5955018d0 (nv.ngx.dlssg.dlfg_resource)

[2026-10-05 22:39:17] [tid:1188488][NGXCubinGeneric::CollectGarbage:1177] Releasing resource 0x1d59563bd60 (nv.ngx.dlssg.dlfg_network_resource)

[2026-10-05 22:39:17] [tid:1188488][NGXCubinGeneric::CollectGarbage:1177] Releasing resource 0x1d5ff291160 (nv.ngx.dlssg.dlfg_resource)

[2026-10-05 22:39:17] [tid:1188488][NGXCubinGeneric::CollectGarbage:1177] Releasing resource 0x1d5ff28f840 (nv.ngx.dlssg.dlfg_resource)

[2026-10-05 22:39:17] [tid:1188488][NGXCubinGeneric::CollectGarbage:1177] Releasing resource 0x1d583bd6200 (nv.ngx.dlssg.dlfg_network_resource)

[2026-10-05 22:39:17] [tid:1188488][NGXCubinGeneric::CollectGarbage:1177] Releasing resource 0x1d5ff292a80 (nv.ngx.dlssg.dlfg_resource)

[2026-10-05 22:39:17] [tid:1188488][NGXCubinGeneric::CollectGarbage:1177] Releasing resource 0x1d5ff293710 (nv.ngx.dlssg.dlfg_resource)

[2026-10-05 22:39:17] [tid:1188488][NGXCubinGeneric::CollectGarbage:1177] Releasing resource 0x1d5ff2943a0 (nv.ngx.dlssg.dlfg_resource)

[2026-10-05 22:39:17] [tid:1188488][NGXCubinGeneric::CollectGarbage:1177] Releasing resource 0x1d5ff295030 (nv.ngx.dlssg.dlfg_resource)

[2026-10-05 22:39:17] [tid:1188488][NGXCubinGeneric::CollectGarbage:1177] Releasing resource 0x1d595502560 (nv.ngx.dlssg.dlfg_resource)

[2026-10-05 22:39:17] [tid:1188488][NGXCubinGeneric::CollectGarbage:1177] Releasing resource 0x1d5831904e0 (nv.ngx.dlssg.dlfg_network_resource)

[2026-10-05 22:39:17] [tid:1188488][NGXCubinGeneric::CollectGarbage:1177] Releasing resource 0x1d5955031f0 (nv.ngx.dlssg.dlfg_resource)

[2026-10-05 22:39:17] [tid:1188488][NGXCubinGeneric::CollectGarbage:1177] Releasing resource 0x1d58317bf30 (nv.ngx.dlssg.dlfg_resource)

[2026-10-05 22:39:17] [tid:1188488][NGXCubinGeneric::CollectGarbage:1177] Releasing resource 0x1d5954fffb0 (nv.ngx.dlssg.dlfg_resource)

[2026-10-05 22:39:17] [tid:1188488][NGXCubinGeneric::CollectGarbage:1177] Releasing resource 0x1d5955070c0 (nv.ngx.dlssg.dlfg_resource)

[2026-10-05 22:39:17] [tid:1188488][NGXCubinGeneric::CollectGarbage:1177] Releasing resource 0x1d583bcd140 (nv.ngx.dlssg.dlfg_network_resource)

[2026-10-05 22:39:17] [tid:1188488][NGXCubinGeneric::CollectGarbage:1177] Releasing resource 0x1d595504b10 (nv.ngx.dlssg.dlfg_resource)

[2026-10-05 22:39:17] [tid:1188488][NGXCubinGeneric::CollectGarbage:1177] Releasing resource 0x1d595503e80 (nv.ngx.dlssg.dlfg_resource)

[2026-10-05 22:39:17] [tid:1188488][NGXCubinGeneric::CollectGarbage:1177] Releasing resource 0x1d595506430 (nv.ngx.dlssg.dlfg_resource)

[2026-10-05 22:39:17] [tid:1188488][NGXCubinGeneric::CollectGarbage:1177] Releasing resource 0x1d595507d50 (nv.ngx.dlssg.dlfg_resource)

[2026-10-05 22:39:17] [tid:1188488][NGXCubinGeneric::CollectGarbage:1177] Releasing resource 0x1d5955057a0 (nv.ngx.dlssg.dlfg_resource)

[2026-10-05 22:39:17] [tid:1188488][NGXCubinGeneric::CollectGarbage:1177] Releasing resource 0x1d59594aa90 (nv.ngx.dlssg.dlfg_network_resource)

[2026-10-05 22:39:17] [tid:1188488][NGXCubinGeneric::CollectGarbage:1177] Releasing resource 0x1d595509670 (nv.ngx.dlssg.dlfg_resource)

[2026-10-05 22:39:17] [tid:1188488][NGXCubinGeneric::CollectGarbage:1177] Releasing resource 0x1d58317b320 (nv.ngx.dlssg.dlfg_resource)

[2026-10-05 22:39:17] [tid:1188488][NGXCubinGeneric::CollectGarbage:1177] Releasing resource 0x1d583178ef0 (nv.ngx.dlssg.dlfg_resource)

[2026-10-05 22:39:17] [tid:1188488][NGXCubinGeneric::CollectGarbage:1177] Releasing resource 0x1d58317fb80 (nv.ngx.dlssg.dlfg_resource)

[2026-10-05 22:39:17] [tid:1188488][NGXCubinGeneric::CollectGarbage:1177] Releasing resource 0x1d58317cb40 (nv.ngx.dlssg.dlfg_resource)

[2026-10-05 22:39:17] [tid:1188488][NGXCubinGeneric::CollectGarbage:1177] Releasing resource 0x1d59550a300 (nv.ngx.dlssg.dlfg_resource)

[2026-10-05 22:39:17] [tid:1188488][NGXCubinGeneric::CollectGarbage:1177] Releasing resource 0x1d582679bf0 (nv.ngx.dlssg.dlfg_network_resource)

[2026-10-05 22:39:17] [tid:1188488][NGXCubinGeneric::CollectGarbage:1177] Releasing resource 0x1d5955089e0 (nv.ngx.dlssg.dlfg_resource)

[2026-10-05 22:39:17] [tid:1188488][NGXCubinGeneric::CollectGarbage:1177] Releasing resource 0x1d59550bc20 (nv.ngx.dlssg.dlfg_resource)

[2026-10-05 22:39:17] [tid:1188488][NGXCubinGeneric::CollectGarbage:1177] Releasing resource 0x1d59550c8b0 (nv.ngx.dlssg.dlfg_resource)

[2026-10-05 22:39:17] [tid:1188488][NGXCubinGeneric::CollectGarbage:1177] Releasing resource 0x1d59550d540 (nv.ngx.dlssg.dlfg_resource)

[2026-10-05 22:39:17] [tid:1188488][NGXCubinGeneric::CollectGarbage:1177] Releasing resource 0x1d59550e1d0 (nv.ngx.dlssg.dlfg_resource)

[2026-10-05 22:39:17] [tid:1188488][NGXCubinGeneric::CollectGarbage:1177] Releasing resource 0x1d59550af90 (nv.ngx.dlssg.dlfg_resource)

[2026-10-05 22:39:17] [tid:1188488][NGXCubinGeneric::CollectGarbage:1177] Releasing resource 0x1d59550ee60 (nv.ngx.dlssg.dlfg_resource)

[2026-10-05 22:39:17] [tid:1188488][NGXCubinGeneric::CollectGarbage:1177] Releasing resource 0x1d583ba5090 (nv.ngx.dlssg.dlfg_resource)

[2026-10-05 22:39:17] [tid:1188488][NGXCubinGeneric::CollectGarbage:1177] Releasing resource 0x1d583ba5d20 (nv.ngx.dlssg.dlfg_resource)

[2026-10-05 22:39:17] [tid:1188488][NGXCubinGeneric::CollectGarbage:1177] Releasing resource 0x1d58318f8d0 (nv.ngx.dlssg.dlfg_network_resource)

[2026-10-05 22:39:17] [tid:1188488][NGXCubinGeneric::CollectGarbage:1177] Releasing resource 0x1d583ba82d0 (nv.ngx.dlssg.dlfg_resource)

[2026-10-05 22:39:17] [tid:1188488][NGXCubinGeneric::CollectGarbage:1177] Releasing resource 0x1d583ba7640 (nv.ngx.dlssg.dlfg_resource)

[2026-10-05 22:39:17] [tid:1188488][NGXCubinGeneric::CollectGarbage:1177] Releasing resource 0x1d58317e360 (nv.ngx.dlssg.dlfg_resource)

[2026-10-05 22:39:17] [tid:1188488][NGXCubinGeneric::CollectGarbage:1177] Releasing resource 0x1d58317d750 (nv.ngx.dlssg.dlfg_resource)

[2026-10-05 22:39:17] [tid:1188488][NGXCubinGeneric::CollectGarbage:1177] Releasing resource 0x1d583180790 (nv.ngx.dlssg.dlfg_resource)

[2026-10-05 22:39:17] [tid:1188488][NGXCubinGeneric::CollectGarbage:1177] Releasing resource 0x1d583bd31c0 (nv.ngx.dlssg.dlfg_network_resource)

[2026-10-05 22:39:17] [tid:1188488][NGXCubinGeneric::CollectGarbage:1177] Releasing resource 0x1d58317ef70 (nv.ngx.dlssg.dlfg_resource)

[2026-10-05 22:39:17] [tid:1188488][NGXCubinGeneric::CollectGarbage:1177] Releasing resource 0x1d583184ff0 (nv.ngx.dlssg.dlfg_resource)

[2026-10-05 22:39:17] [tid:1188488][NGXCubinGeneric::CollectGarbage:1177] Releasing resource 0x1d5959cbda0 (nv.ngx.dlssg.dlfg_network_resource)

[2026-10-05 22:39:17] [tid:1188488][NGXCubinGeneric::CollectGarbage:1177] Releasing resource 0x1d583181fb0 (nv.ngx.dlssg.dlfg_resource)

[2026-10-05 22:39:17] [tid:1188488][NGXCubinGeneric::CollectGarbage:1177] Releasing resource 0x1d583182bc0 (nv.ngx.dlssg.dlfg_resource)

[2026-10-05 22:39:17] [tid:1188488][NGXCubinGeneric::CollectGarbage:1177] Releasing resource 0x1d583186810 (nv.ngx.dlssg.dlfg_resource)

[2026-10-05 22:39:17] [tid:1188488][NGXCubinGeneric::CollectGarbage:1177] Releasing resource 0x1d583185c00 (nv.ngx.dlssg.dlfg_resource)

[2026-10-05 22:39:17] [tid:1188488][NGXCubinGeneric::CollectGarbage:1177] Releasing resource 0x1d582257510 (nv.ngx.dlssg.dlfg_network_resource)

[2026-10-05 22:39:17] [tid:1188488][NGXCubinGeneric::CollectGarbage:1177] Releasing resource 0x1d5831837d0 (nv.ngx.dlssg.dlfg_resource)

[2026-10-05 22:39:17] [tid:1188488][NGXCubinGeneric::CollectGarbage:1177] Releasing resource 0x1d583187420 (nv.ngx.dlssg.dlfg_resource)

[2026-10-05 22:39:17] [tid:1188488][NGXCubinGeneric::CollectGarbage:1177] Releasing resource 0x1d5831843e0 (nv.ngx.dlssg.dlfg_resource)

[2026-10-05 22:39:17] [tid:1188488][NGXCubinGeneric::CollectGarbage:1177] Releasing resource 0x1d58318a460 (nv.ngx.dlssg.dlfg_resource)

[2026-10-05 22:39:17] [tid:1188488][NGXCubinGeneric::CollectGarbage:1177] Releasing resource 0x1d583188030 (nv.ngx.dlssg.dlfg_resource)

[2026-10-05 22:39:17] [tid:1188488][NGXCubinGeneric::CollectGarbage:1177] Releasing resource 0x1d5956a6000 (nv.ngx.dlssg.dlfg_network_resource)

[2026-10-05 22:39:17] [tid:1188488][NGXCubinGeneric::CollectGarbage:1177] Releasing resource 0x1d58318bc80 (nv.ngx.dlssg.dlfg_resource)

[2026-10-05 22:39:17] [tid:1188488][NGXCubinGeneric::CollectGarbage:1177] Releasing resource 0x1d583188c40 (nv.ngx.dlssg.dlfg_resource)

[2026-10-05 22:39:17] [tid:1188488][NGXCubinGeneric::CollectGarbage:1177] Releasing resource 0x1d58318c890 (nv.ngx.dlssg.dlfg_resource)

[2026-10-05 22:39:17] [tid:1188488][NGXCubinGeneric::CollectGarbage:1177] Releasing resource 0x1d58267a800 (nv.ngx.dlssg.dlfg_network_resource)

[2026-10-05 22:39:17] [tid:1188488][NGXCubinGeneric::CollectGarbage:1177] Releasing resource 0x1d583189850 (nv.ngx.dlssg.dlfg_resource)

[2026-10-05 22:39:17] [tid:1188488][NGXCubinGeneric::CollectGarbage:1177] Releasing resource 0x1d58318e0b0 (nv.ngx.dlssg.dlfg_network_resource)

[2026-10-05 22:39:17] [tid:1188488][NGXCubinGeneric::CollectGarbage:1177] Releasing resource 0x1d58318ecc0 (nv.ngx.dlssg.dlfg_network_resource)

[2026-10-05 22:39:17] [tid:1188488][NGXCubinGeneric::CollectGarbage:1177] Releasing resource 0x1d58318d4a0 (nv.ngx.dlssg.dlfg_network_resource)

[2026-10-05 22:39:17] [tid:1188488][NGXCubinGeneric::CollectGarbage:1177] Releasing resource 0x1d59569e760 (nv.ngx.dlssg.dlfg_network_resource)

[2026-10-05 22:39:17] [tid:1188488][NGXCubinGeneric::CollectGarbage:1177] Releasing resource 0x1d583193520 (nv.ngx.dlssg.dlfg_network_resource)

[2026-10-05 22:39:17] [tid:1188488][NGXCubinGeneric::CollectGarbage:1177] Releasing resource 0x1d583194130 (nv.ngx.dlssg.dlfg_network_resource)

[2026-10-05 22:39:17] [tid:1188488][NGXCubinGeneric::CollectGarbage:1177] Releasing resource 0x1d5831910f0 (nv.ngx.dlssg.dlfg_network_resource)

[2026-10-05 22:39:17] [tid:1188488][NGXCubinGeneric::CollectGarbage:1177] Releasing resource 0x1d583192910 (nv.ngx.dlssg.dlfg_network_resource)

[2026-10-05 22:39:17] [tid:1188488][NGXCubinGeneric::CollectGarbage:1177] Releasing resource 0x1d583197170 (nv.ngx.dlssg.dlfg_network_resource)

[2026-10-05 22:39:17] [tid:1188488][NGXCubinGeneric::CollectGarbage:1177] Releasing resource 0x1d59568f620 (nv.ngx.dlssg.dlfg_network_resource)

[2026-10-05 22:39:17] [tid:1188488][NGXCubinGeneric::CollectGarbage:1177] Releasing resource 0x1d59568de00 (nv.ngx.dlssg.dlfg_network_resource)

[2026-10-05 22:39:17] [tid:1188488][NGXCubinGeneric::CollectGarbage:1177] Releasing resource 0x1d5956956a0 (nv.ngx.dlssg.dlfg_network_resource)

[2026-10-05 22:39:17] [tid:1188488][NGXCubinGeneric::CollectGarbage:1177] Releasing resource 0x1d5959401b0 (nv.ngx.dlssg.dlfg_network_resource)

[2026-10-05 22:39:17] [tid:1188488][NGXCubinGeneric::CollectGarbage:1177] Releasing resource 0x1d5956962b0 (nv.ngx.dlssg.dlfg_network_resource)

[2026-10-05 22:39:17] [tid:1188488][NGXCubinGeneric::CollectGarbage:1177] Releasing resource 0x1d595699f00 (nv.ngx.dlssg.dlfg_network_resource)

[2026-10-05 22:39:17] [tid:1188488][NGXCubinGeneric::CollectGarbage:1177] Releasing resource 0x1d5956986e0 (nv.ngx.dlssg.dlfg_network_resource)

[2026-10-05 22:39:17] [tid:1188488][NGXCubinGeneric::CollectGarbage:1177] Releasing resource 0x1d595697ad0 (nv.ngx.dlssg.dlfg_network_resource)

[2026-10-05 22:39:17] [tid:1188488][NGXCubinGeneric::CollectGarbage:1177] Releasing resource 0x1d59569c330 (nv.ngx.dlssg.dlfg_network_resource)

[2026-10-05 22:39:17] [tid:1188488][NGXCubinGeneric::CollectGarbage:1177] Releasing resource 0x1d59569ff80 (nv.ngx.dlssg.dlfg_network_resource)

[2026-10-05 22:39:17] [tid:1188488][NGXCubinGeneric::CollectGarbage:1177] Releasing resource 0x1d5956a2fc0 (nv.ngx.dlssg.dlfg_network_resource)

[2026-10-05 22:39:17] [tid:1188488][NGXCubinGeneric::CollectGarbage:1177] Releasing resource 0x1d5956a53f0 (nv.ngx.dlssg.dlfg_network_resource)

[2026-10-05 22:39:17] [tid:1188488][NGXCubinGeneric::CollectGarbage:1177] Releasing resource 0x1d5956a6c10 (nv.ngx.dlssg.dlfg_network_resource)

[2026-10-05 22:39:17] [tid:1188488][NGXCubinGeneric::CollectGarbage:1177] Releasing resource 0x1d5956a9c50 (nv.ngx.dlssg.dlfg_network_resource)

[2026-10-05 22:39:17] [tid:1188488][NGXCubinGeneric::CollectGarbage:1177] Releasing resource 0x1d5956a8430 (nv.ngx.dlssg.dlfg_network_resource)

[2026-10-05 22:39:17] [tid:1188488][NGXCubinGeneric::CollectGarbage:1177] Releasing resource 0x1d5956a7820 (nv.ngx.dlssg.dlfg_network_resource)

[2026-10-05 22:39:17] [tid:1188488][NGXCubinGeneric::CollectGarbage:1177] Releasing resource 0x1d58224f060 (nv.ngx.dlssg.dlfg_network_resource)

[2026-10-05 22:39:17] [tid:1188488][NGXCubinGeneric::CollectGarbage:1177] Releasing resource 0x1d58224fc70 (nv.ngx.dlssg.dlfg_network_resource)

[2026-10-05 22:39:17] [tid:1188488][NGXCubinGeneric::CollectGarbage:1177] Releasing resource 0x1d58224d840 (nv.ngx.dlssg.dlfg_network_resource)

[2026-10-05 22:39:17] [tid:1188488][NGXCubinGeneric::CollectGarbage:1177] Releasing resource 0x1d58224e450 (nv.ngx.dlssg.dlfg_network_resource)

[2026-10-05 22:39:17] [tid:1188488][NGXCubinGeneric::CollectGarbage:1177] Releasing resource 0x1d5822538c0 (nv.ngx.dlssg.dlfg_network_resource)

[2026-10-05 22:39:17] [tid:1188488][NGXCubinGeneric::CollectGarbage:1177] Releasing resource 0x1d583bd25b0 (nv.ngx.dlssg.dlfg_network_resource)

[2026-10-05 22:39:17] [tid:1188488][NGXCubinGeneric::CollectGarbage:1177] Releasing resource 0x1d5822520a0 (nv.ngx.dlssg.dlfg_network_resource)

[2026-10-05 22:39:17] [tid:1188488][NGXCubinGeneric::CollectGarbage:1177] Releasing resource 0x1d582252cb0 (nv.ngx.dlssg.dlfg_network_resource)

[2026-10-05 22:39:17] [tid:1188488][NGXCubinGeneric::CollectGarbage:1177] Releasing resource 0x1d5959c4500 (nv.ngx.dlssg.dlfg_network_resource)

[2026-10-05 22:39:17] [tid:1188488][NGXCubinGeneric::CollectGarbage:1177] Releasing resource 0x1d595638d20 (nv.ngx.dlssg.dlfg_network_resource)

[2026-10-05 22:39:17] [tid:1188488][NGXCubinGeneric::CollectGarbage:1177] Releasing resource 0x1d5959c2ce0 (nv.ngx.dlssg.dlfg_network_resource)

[2026-10-05 22:39:17] [tid:1188488][NGXCubinGeneric::CollectGarbage:1177] Releasing resource 0x1d5959c20d0 (nv.ngx.dlssg.dlfg_network_resource)

[2026-10-05 22:39:17] [tid:1188488][NGXCubinGeneric::CollectGarbage:1177] Releasing resource 0x1d5959c7540 (nv.ngx.dlssg.dlfg_network_resource)

[2026-10-05 22:39:17] [tid:1188488][NGXCubinGeneric::CollectGarbage:1177] Releasing resource 0x1d5959c6930 (nv.ngx.dlssg.dlfg_network_resource)

[2026-10-05 22:39:17] [tid:1188488][NGXCubinGeneric::CollectGarbage:1177] Releasing resource 0x1d5959cb190 (nv.ngx.dlssg.dlfg_network_resource)

[2026-10-05 22:39:17] [tid:1188488][NGXCubinGeneric::CollectGarbage:1177] Releasing resource 0x1d583bc88e0 (nv.ngx.dlssg.dlfg_network_resource)

[2026-10-05 22:39:17] [tid:1188488][NGXCubinGeneric::CollectGarbage:1177] Releasing resource 0x1d583bca100 (nv.ngx.dlssg.dlfg_network_resource)

[2026-10-05 22:39:17] [tid:1188488][NGXCubinGeneric::CollectGarbage:1177] Releasing resource 0x1d583bcb920 (nv.ngx.dlssg.dlfg_network_resource)

[2026-10-05 22:39:17] [tid:1188488][NGXCubinGeneric::CollectGarbage:1177] Releasing resource 0x1d583bcad10 (nv.ngx.dlssg.dlfg_network_resource)

[2026-10-05 22:39:17] [tid:1188488][NGXCubinGeneric::CollectGarbage:1177] Releasing resource 0x1d583bce960 (nv.ngx.dlssg.dlfg_network_resource)

[2026-10-05 22:39:17] [tid:1188488][NGXCubinGeneric::CollectGarbage:1177] Releasing resource 0x1d583bcf570 (nv.ngx.dlssg.dlfg_network_resource)

[2026-10-05 22:39:17] [tid:1188488][NGXCubinGeneric::CollectGarbage:1177] Releasing resource 0x1d5826783d0 (nv.ngx.dlssg.dlfg_network_resource)

[2026-10-05 22:39:17] [tid:1188488][NGXCubinGeneric::CollectGarbage:1177] Releasing resource 0x1d58267d840 (nv.ngx.dlssg.dlfg_network_resource)

[2026-10-05 22:39:17] [tid:1188488][NGXCubinGeneric::CollectGarbage:1177] Releasing resource 0x1d58267cc30 (nv.ngx.dlssg.dlfg_network_resource)

[2026-10-05 22:39:17] [tid:1188488][NGXCubinGeneric::CollectGarbage:1177] Releasing resource 0x1d595948660 (nv.ngx.dlssg.dlfg_network_resource)

[2026-10-05 22:39:17] [tid:1188488][NGXCubinGeneric::CollectGarbage:1177] Releasing resource 0x1d58267fc70 (nv.ngx.dlssg.dlfg_network_resource)

[2026-10-05 22:39:17] [tid:1188488][NGXCubinGeneric::CollectGarbage:1177] Releasing resource 0x1d59594c2b0 (nv.ngx.dlssg.dlfg_network_resource)

[2026-10-05 22:39:17] [tid:1188488][NGXCubinGeneric::CollectGarbage:1177] Releasing resource 0x1d58267f060 (nv.ngx.dlssg.dlfg_network_resource)

[2026-10-05 22:39:17] [tid:1188488][NGXCubinGeneric::CollectGarbage:1177] Releasing resource 0x1d582682cb0 (nv.ngx.dlssg.dlfg_network_resource)

[2026-10-05 22:39:17] [tid:1188488][NGXCubinGeneric::CollectGarbage:1177] Releasing resource 0x1d582680880 (nv.ngx.dlssg.dlfg_network_resource)

[2026-10-05 22:39:17] [tid:1188488][NGXCubinGeneric::CollectGarbage:1177] Releasing resource 0x1d5826850e0 (nv.ngx.dlssg.dlfg_network_resource)

[2026-10-05 22:39:17] [tid:1188488][NGXCubinGeneric::CollectGarbage:1177] Releasing resource 0x1d5959425e0 (nv.ngx.dlssg.dlfg_network_resource)

[2026-10-05 22:39:17] [tid:1188488][NGXCubinGeneric::CollectGarbage:1177] Releasing resource 0x1d5959419d0 (nv.ngx.dlssg.dlfg_network_resource)

[2026-10-05 22:39:17] [tid:1188488][NGXCubinGeneric::CollectGarbage:1177] Releasing resource 0x1d595943e00 (nv.ngx.dlssg.dlfg_network_resource)

[2026-10-05 22:39:17] [tid:1188488][NGXCubinGeneric::CollectGarbage:1177] Releasing resource 0x1d595944a10 (nv.ngx.dlssg.dlfg_network_resource)

[2026-10-05 22:39:17] [tid:1188488][NGXCubinGeneric::CollectGarbage:1177] Releasing resource 0x1d59594b6a0 (nv.ngx.dlssg.dlfg_network_resource)

[2026-10-05 22:39:17] [tid:1188488][NGXCubinGeneric::CollectGarbage:1177] Releasing resource 0x1d59594cec0 (nv.ngx.dlssg.dlfg_network_resource)

[2026-10-05 22:39:17] [tid:1188488][NGXCubinGeneric::CollectGarbage:1177] Releasing resource 0x1d59594ff00 (nv.ngx.dlssg.dlfg_network_resource)

[2026-10-05 22:39:17] [tid:1188488][NGXCubinGeneric::CollectGarbage:1177] Releasing resource 0x1d595637500 (nv.ngx.dlssg.dlfg_network_resource)

[2026-10-05 22:39:17] [tid:1188488][NGXCubinGeneric::CollectGarbage:1177] Releasing resource 0x1d595639930 (nv.ngx.dlssg.dlfg_network_resource)

[2026-10-05 22:39:17] [tid:1188488][NGXCubinGeneric::CollectGarbage:1177] Releasing resource 0x1d59563c970 (nv.ngx.dlssg.dlfg_network_resource)

[2026-10-05 22:39:17] [tid:1188488][NGXCubinGeneric::CollectGarbage:1184] Releasing resource 0x0 (Unknown)

[2026-10-05 22:39:17] [tid:1188488][NGXCubinGeneric::CollectGarbage:1184] Releasing resource 0x0 (Unknown)

[2026-10-05 22:39:17] [tid:1188488][NGXCubinGeneric::Shutdown:281] Delayed destroy resource list count 0

[2026-10-05 22:39:17] [NGXStoreCallToReleaseFeature:1714] Stored release feature dlssg handle 4

[2026-10-05 22:39:17] [tid:1188488][NGXCubinGeneric::Shutdown:281] Delayed destroy resource list count 0

[2026-10-05 22:39:17] [NGXSendTelemetryShutdownData:958] Sending Telemetry Shutdown Data

