To honour the JVM settings for this build a single-use Daemon process will be forked. For more on this, please refer to https://docs.gradle.org/9.7.1/userguide/gradle_daemon.html#sec:disabling_the_daemon in the Gradle documentation.
Daemon will be stopped at the end of the build 
> Task :createMinecraftArtifacts UP-TO-DATE
> Task :compileJava NO-SOURCE
> Task :processResources NO-SOURCE
> Task :classes UP-TO-DATE
> Task :downloadAssets UP-TO-DATE
> Task :writeClientLegacyClasspath UP-TO-DATE
> Task :prepareClientRun

> Task :runClient
WARNING: A terminally deprecated method in sun.misc.Unsafe has been called
WARNING: sun.misc.Unsafe::objectFieldOffset has been called by cpw.mods.jarhandling.impl.SecureJarVerifier$UnsafeAccessor (file:/C:/Users/micha/.gradle/caches/modules-2/files-2.1/cpw.mods/securejarhandler/3.0.8/c0ef95cecd8699a0449053ac7d9c160748d902cd/securejarhandler-3.0.8.jar)
WARNING: Please consider reporting this to the maintainers of class cpw.mods.jarhandling.impl.SecureJarVerifier$UnsafeAccessor
WARNING: sun.misc.Unsafe::objectFieldOffset will be removed in a future release
WARN StatusConsoleListener Advanced terminal features are not available in this environment
[12:58:06] [main/INFO] [cp.mo.mo.Launcher/MODLAUNCHER]: ModLauncher running: args [--launchTarget, forgeclientdev, --version, 21.1.219, --assetIndex, 17, --assetsDir, C:\\Users\\micha\\.gradle\\caches\\neoformruntime\\assets, --gameDir, ., --fml.fmlVersion, 4.0.42, --fml.mcVersion, 1.21.1, --fml.neoForgeVersion, 21.1.219, --fml.neoFormVersion, 20240808.144430]
[12:58:06] [main/INFO] [cp.mo.mo.Launcher/MODLAUNCHER]: JVM identified as Oracle Corporation Java HotSpot(TM) 64-Bit Server VM 25.0.4+7-LTS-189
[12:58:06] [main/INFO] [cp.mo.mo.Launcher/MODLAUNCHER]: ModLauncher 11.0.5+main.901c6ea8 starting: java version 25.0.4 by Oracle Corporation; OS Windows 11 arch amd64 version 10.0
[12:58:06] [main/INFO] [ne.ne.fm.lo.ImmediateWindowHandler/]: ImmediateWindowProvider not loading because splash screen is disabled
[12:58:06] [main/INFO] [mixin/]: SpongePowered MIXIN Subsystem Version=0.8.7 Source=union:/C:/Users/micha/.gradle/caches/modules-2/files-2.1/net.fabricmc/sponge-mixin/0.15.2+mixin.0.8.7/2af2f021d8e02a0220dc27a7a72b4666d66d44ca/sponge-mixin-0.15.2+mixin.0.8.7.jar%23122!/ Service=ModLauncher Env=CLIENT
[12:58:08] [main/INFO] [ne.ne.fm.lo.mo.lo.JarInJarDependencyLocator/]: Found 14 dependencies adding them to mods collection
[12:58:08] [main/INFO] [ne.ne.fm.lo.mo.ModDiscoverer/]: 
     Mod List:
		Name Version (Mod Id)

		Architectury 13.0.6 (architectury)
		Forgified Fabric API Base 0.4.42+d1308ded19 (fabric_api_base)
		Forgified Fabric BlockView API (v2) 1.0.10+9afaaf8c19 (fabric_block_view_api_v2)
		Forgified Fabric Renderer API (v1) 3.4.0+acb05a3919 (fabric_renderer_api_v1)
		Forgified Fabric Rendering Data Attachment (v1) 0.3.48+73761d2e19 (fabric_rendering_data_attachment_v1)
		Iris 1.8.8+mc1.21.1 (iris)
		Minecraft 1.21.1 (minecraft)
		NeoForge 21.1.219 (neoforge)
		Sodium 0.6.13+mc1.21.1 (sodium)
		Super Resolution 0.9.2-alpha.1+dev.5da0987.opengl (super_resolution)
		Wisteria 0.1.0-alpha.1+1.21.1 (wisteria)
[12:58:10] [main/INFO] [mixin/]: Compatibility level set to JAVA_17
[12:58:10] [main/INFO] [mixin/]: Compatibility level set to JAVA_21
[12:58:10] [main/INFO] [cp.mo.mo.LaunchServiceHandler/MODLAUNCHER]: Launching target 'forgeclientdev' with arguments [--version, 21.1.219, --gameDir, ., --assetsDir, C:\Users\micha\.gradle\caches\neoformruntime\assets, --assetIndex, 17]
[12:58:11] [main/WARN] [SodiumConfig/]: Mod 'super_resolution' attempted to override option 'mixin.features.render.gui.debug', which doesn't exist, ignoring
[12:58:11] [main/INFO] [Sodium/]: Loaded configuration file for Sodium: 43 options available, 2 override(s) found
[12:58:11] [main/WARN] [mixin/]: Reference map 'iris.refmap.json' for mixins.iris.json could not be read. If this is a development environment you can ignore this message
[12:58:11] [main/WARN] [mixin/]: Reference map 'iris.refmap.json' for mixins.iris.fantastic.json could not be read. If this is a development environment you can ignore this message
[12:58:11] [main/WARN] [mixin/]: Reference map 'iris.refmap.json' for mixins.iris.vertexformat.json could not be read. If this is a development environment you can ignore this message
[12:58:11] [main/WARN] [mixin/]: Reference map 'iris.refmap.json' for iris-batched-entity-rendering.mixins.json could not be read. If this is a development environment you can ignore this message
[12:58:11] [main/WARN] [mixin/]: Reference map 'iris.refmap.json' for mixins.iris.compat.sodium.json could not be read. If this is a development environment you can ignore this message
[12:58:11] [main/WARN] [mixin/]: Reference map 'super_resolution.refmap.json' for super_resolution.mixins.json could not be read. If this is a development environment you can ignore this message
[12:58:11] [main/WARN] [mixin/]: Reference map 'super_resolution.refmap.json' for super_resolution.hack.mixins.json could not be read. If this is a development environment you can ignore this message
[12:58:11] [main/WARN] [mixin/]: Reference map 'super_resolution.refmap.json' for super_resolution_irisapi.mixins.json could not be read. If this is a development environment you can ignore this message
[12:58:11] [main/WARN] [mixin/]: Reference map 'super_resolution.refmap.json' for super_resolution.shadercompat.mixins.json could not be read. If this is a development environment you can ignore this message
[12:58:11] [main/WARN] [Sodium/]: Force-disabling mixin 'features.render.world.sky.FogRendererMixin' as rule 'mixin.features.render.world.sky' (added by mods [iris]) disables it and children
[12:58:11] [main/WARN] [Sodium/]: Force-disabling mixin 'features.render.world.sky.ClientLevelMixin' as rule 'mixin.features.render.world.sky' (added by mods [iris]) disables it and children
[12:58:11] [main/WARN] [Sodium/]: Force-disabling mixin 'features.render.world.sky.LevelRendererMixin' as rule 'mixin.features.render.world.sky' (added by mods [iris]) disables it and children
[12:58:11] [main/WARN] [Sodium/]: Force-disabling mixin 'workarounds.context_creation.WindowMixin' as rule 'mixin.workarounds' (added by mods [super_resolution]) disables it and children
[12:58:11] [main/WARN] [Sodium/]: Force-disabling mixin 'workarounds.event_loop.RenderSystemMixin' as rule 'mixin.workarounds' (added by mods [super_resolution]) disables it and children
[12:58:12] [main/WARN] [mixin/]: Error loading class: com/portingdeadmods/cable_facades/events/GameClientEvents$2 (java.lang.ClassNotFoundException: com.portingdeadmods.cable_facades.events.GameClientEvents$2)
[12:58:12] [main/WARN] [mixin/]: Error loading class: com/direwolf20/justdirethings/client/renderers/OurRenderTypes (java.lang.ClassNotFoundException: com.direwolf20.justdirethings.client.renderers.OurRenderTypes)
[12:58:12] [main/WARN] [mixin/]: Error loading class: mekanism/client/render/entity/RenderFlame (java.lang.ClassNotFoundException: mekanism.client.render.entity.RenderFlame)
[12:58:12] [main/WARN] [mixin/]: Error loading class: mekanism/client/render/armor/MekaSuitArmor (java.lang.ClassNotFoundException: mekanism.client.render.armor.MekaSuitArmor)
[12:58:12] [main/WARN] [mixin/]: Error loading class: mekanism/client/render/lib/effect/BillboardingEffectRenderer (java.lang.ClassNotFoundException: mekanism.client.render.lib.effect.BillboardingEffectRenderer)
[12:58:12] [main/WARN] [mixin/]: Error loading class: blusunrize/immersiveengineering/client/utils/IEGLShaders (java.lang.ClassNotFoundException: blusunrize.immersiveengineering.client.utils.IEGLShaders)
[12:58:12] [main/INFO] [SuperResolution-Mixin/]: Enabled mixin io.homo.superresolution.neoforge.mixin.compat.iris.GlFramebufferMixin
[12:58:12] [main/INFO] [SuperResolution-Mixin/]: Disabled mixin io.homo.superresolution.neoforge.mixin.compat.reesessodiumoptions.TabFrameMixin
[12:58:12] [main/INFO] [SuperResolution-Mixin/]: Disabled mixin io.homo.superresolution.neoforge.mixin.compat.simpleclouds.DefaultPipelineMixin
[12:58:12] [main/INFO] [SuperResolution-Mixin/]: Disabled mixin io.homo.superresolution.neoforge.mixin.compat.simpleclouds.ShaderSupportPipelineMixin
[12:58:12] [main/INFO] [SuperResolution-Mixin/]: Enabled mixin io.homo.superresolution.neoforge.mixin.compat.sodium.SodiumOptionsGUIMixin
[12:58:12] [main/INFO] [SuperResolution-Mixin/]: Disabled mixin io.homo.superresolution.neoforge.mixin.compat.sodiumoptionsapi.SodiumOptionsTabFrameMixin
[12:58:12] [main/INFO] [SuperResolution-Mixin/]: Enabled mixin io.homo.superresolution.neoforge.mixin.compat.iris.DHCompatInternalMixin
[12:58:13] [main/INFO] [MixinExtras|Service/]: Initializing MixinExtras via com.llamalad7.mixinextras.service.MixinExtrasServiceImpl(version=0.5.0).
WARNING: A restricted method in java.lang.System has been called
WARNING: java.lang.System::load has been called by com.sun.jna.Native in module com.sun.jna (union:/C:/Users/micha/.gradle/caches/modules-2/files-2.1/net.java.dev.jna/jna/5.14.0/67bf3eaea4f0718cb376a181a629e5f88fa1c9dd/jna-5.14.0.jar%23124!/)
WARNING: Use --enable-native-access=com.sun.jna to avoid a warning for callers in this module
WARNING: Restricted methods will be blocked in a future release unless native access is enabled

[12:58:15] [Datafixer Bootstrap/INFO] [mojang/DataFixerBuilder]: 229 Datafixer optimizations took 734 milliseconds
[12:58:15] [main/WARN] [os.dr.wi.pe.PerfmonDisabled/]: Invalid registry value type detected for PerfOS counters. Should be REG_DWORD. Ignoring: HKEY_LOCAL_MACHINE\SYSTEM\CurrentControlSet\Services\PerfOS\Performance\Disable Performance Counters.
[12:58:28] [main/WARN] [minecraft/Commands]: Ambiguity between arguments [teleport, location] and [teleport, destination] with inputs: [0.1 -0.5 .9, 0 0 0]
[12:58:28] [main/WARN] [minecraft/Commands]: Ambiguity between arguments [teleport, location] and [teleport, targets] with inputs: [0.1 -0.5 .9, 0 0 0]
[12:58:28] [main/WARN] [minecraft/Commands]: Ambiguity between arguments [teleport, destination] and [teleport, targets] with inputs: [Player, 0123, @e, dd12be42-52a9-4a91-a8a1-11c01849e498]
[12:58:28] [main/WARN] [minecraft/Commands]: Ambiguity between arguments [teleport, targets] and [teleport, destination] with inputs: [Player, 0123, dd12be42-52a9-4a91-a8a1-11c01849e498]
[12:58:28] [main/WARN] [minecraft/Commands]: Ambiguity between arguments [teleport, targets, location] and [teleport, targets, destination] with inputs: [0.1 -0.5 .9, 0 0 0]
[LWJGL] Version: 3.3.4+7
	 OS: Windows 11 v10.0
	JRE: Windows amd64 25.0.4
	JVM: Java HotSpot(TM) 64-Bit Server VM v25.0.4+7-LTS-189 by Oracle Corporation
[LWJGL] Loading JNI library: lwjgl
	Module: org.lwjgl
WARNING: A restricted method in java.lang.System has been called
WARNING: java.lang.System::load has been called by org.lwjgl.system.Library$$Lambda/0x000000002cd145a0 in module org.lwjgl (union:/C:/Users/micha/.gradle/caches/modules-2/files-2.1/org.lwjgl/lwjgl/3.3.4/b86c3e4832426e8a6b466013b7cb34b40e9ce956/lwjgl-3.3.4.jar%23167!/)
WARNING: Use --enable-native-access=org.lwjgl to avoid a warning for callers in this module
WARNING: Restricted methods will be blocked in a future release unless native access is enabled

	Loaded from org.lwjgl.librarypath: C:\Users\micha\AppData\Local\Temp\lwjgl_micha\3.3.4+7\x64\lwjgl.dll
[LWJGL] Loading library: jemalloc
	Module: org.lwjgl.jemalloc
[LWJGL] [ThreadLocalUtil] Unsupported JNI version detected, this may result in a crash. Please inform LWJGL developers.
	Loaded from org.lwjgl.librarypath: C:\Users\micha\AppData\Local\Temp\lwjgl_micha\3.3.4+7\x64\jemalloc.dll
[LWJGL] MemoryUtil allocator: JEmallocAllocator
[12:58:29] [Render thread/WARN] [minecraft/VanillaPackResourcesBuilder]: Assets URL 'union:/D:/ProjectDllsss/runtime-baseline/build/moddev/artifacts/neoforge-21.1.219.jar%23172!/assets/.mcassetsroot' uses unexpected schema
[12:58:29] [Render thread/WARN] [minecraft/VanillaPackResourcesBuilder]: Assets URL 'union:/D:/ProjectDllsss/runtime-baseline/build/moddev/artifacts/neoforge-21.1.219.jar%23172!/data/.mcassetsroot' uses unexpected schema
[12:58:29] [Render thread/INFO] [mojang/YggdrasilAuthenticationService]: Environment: Environment[sessionHost=https://sessionserver.mojang.com, servicesHost=https://api.minecraftservices.com, name=PROD]
[12:58:29] [Render thread/INFO] [minecraft/Minecraft]: Setting user: Dev
[LWJGL] Loading library: glfw
	Module: org.lwjgl.glfw
	Loaded from org.lwjgl.librarypath: C:\Users\micha\AppData\Local\Temp\lwjgl_micha\3.3.4+7\x64\glfw.dll
[12:58:29] [Render thread/INFO] [minecraft/Minecraft]: Backend library: LWJGL version 3.3.4+7
[LWJGL] Java 9 check intrinsics enabled
[LWJGL] Closure Registry: simple
[12:58:31] [ForkJoinPool.commonPool-worker-9/WARN] [Iris/]: [Iris Update Check] This version doesn't have an update index, skipping.
[12:58:31] [Render thread/INFO] [SuperResolution/GraphicsCapabilities/]: Added supported OpenGL version 4.6
[12:58:31] [Render thread/INFO] [SuperResolution/GraphicsCapabilities/]: Highest supported OpenGL version 4.6
[12:58:31] [Render thread/ERROR] [SRConfigAPI/]: Config is corrupted or unreadable, regenerating defaults.
com.electronwill.nightconfig.core.io.ParsingException: Invalid control character in comment: Primary color for the interface theme


	at MC-BOOTSTRAP/com.electronwill.nightconfig.toml@3.8.3/com.electronwill.nightconfig.toml.TomlParser.lambda$setComment$0(TomlParser.java:259) ~[toml-3.8.3.jar%2391!/:?] {}
	at java.base/java.lang.StringLatin1$CharsSpliterator.forEachRemaining(StringLatin1.java:811) ~[?:?] {}
	at java.base/java.util.stream.IntPipeline$Head.forEach(IntPipeline.java:619) ~[?:?] {}
	at MC-BOOTSTRAP/com.electronwill.nightconfig.toml@3.8.3/com.electronwill.nightconfig.toml.TomlParser.setComment(TomlParser.java:254) ~[toml-3.8.3.jar%2391!/:?] {}
	at MC-BOOTSTRAP/com.electronwill.nightconfig.toml@3.8.3/com.electronwill.nightconfig.toml.TomlParser.setComment(TomlParser.java:283) ~[toml-3.8.3.jar%2391!/:?] {}
	at MC-BOOTSTRAP/com.electronwill.nightconfig.toml@3.8.3/com.electronwill.nightconfig.toml.TableParser.parseNormal(TableParser.java:86) ~[toml-3.8.3.jar%2391!/:?] {}
	at MC-BOOTSTRAP/com.electronwill.nightconfig.toml@3.8.3/com.electronwill.nightconfig.toml.TomlParser.parse(TomlParser.java:61) ~[toml-3.8.3.jar%2391!/:?] {}
	at MC-BOOTSTRAP/com.electronwill.nightconfig.toml@3.8.3/com.electronwill.nightconfig.toml.TomlParser.parse(TomlParser.java:53) ~[toml-3.8.3.jar%2391!/:?] {}
	at MC-BOOTSTRAP/com.electronwill.nightconfig.core@3.8.3/com.electronwill.nightconfig.core.io.ConfigParser.parse(ConfigParser.java:130) ~[core-3.8.3.jar%2390!/:?] {}
	at MC-BOOTSTRAP/com.electronwill.nightconfig.core@3.8.3/com.electronwill.nightconfig.core.io.ConfigParser.parse(ConfigParser.java:254) ~[core-3.8.3.jar%2390!/:?] {}
	at MC-BOOTSTRAP/com.electronwill.nightconfig.core@3.8.3/com.electronwill.nightconfig.core.file.SyncFileConfig.lambda$load$1(SyncFileConfig.java:89) ~[core-3.8.3.jar%2390!/:?] {}
	at MC-BOOTSTRAP/com.electronwill.nightconfig.core@3.8.3/com.electronwill.nightconfig.core.concurrent.ConcurrentCommentedConfig.lambda$bulkCommentedUpdate$1(ConcurrentCommentedConfig.java:144) ~[core-3.8.3.jar%2390!/:?] {}
	at MC-BOOTSTRAP/com.electronwill.nightconfig.core@3.8.3/com.electronwill.nightconfig.core.concurrent.SynchronizedConfig.bulkCommentedUpdate(SynchronizedConfig.java:189) ~[core-3.8.3.jar%2390!/:?] {}
	at MC-BOOTSTRAP/com.electronwill.nightconfig.core@3.8.3/com.electronwill.nightconfig.core.concurrent.ConcurrentCommentedConfig.bulkCommentedUpdate(ConcurrentCommentedConfig.java:143) ~[core-3.8.3.jar%2390!/:?] {}
	at MC-BOOTSTRAP/com.electronwill.nightconfig.core@3.8.3/com.electronwill.nightconfig.core.file.SyncFileConfig.load(SyncFileConfig.java:88) ~[core-3.8.3.jar%2390!/:?] {}
	at TRANSFORMER/super_resolution@0.9.2-alpha.1+dev.5da0987.opengl/io.homo.superresolution.api.config.ModConfigSpec.load(ModConfigSpec.java:82) [superresolution-dlss-sr-candidate.jar%23175!/:?] {re:classloading}
	at TRANSFORMER/super_resolution@0.9.2-alpha.1+dev.5da0987.opengl/io.homo.superresolution.api.config.ModConfigSpecBuilder.build(ModConfigSpecBuilder.java:838) [superresolution-dlss-sr-candidate.jar%23175!/:?] {re:classloading}
	at TRANSFORMER/super_resolution@0.9.2-alpha.1+dev.5da0987.opengl/io.homo.superresolution.common.config.SuperResolutionConfig.<clinit>(SuperResolutionConfig.java:378) [superresolution-dlss-sr-candidate.jar%23175!/:?] {re:mixin,re:classloading}
	at TRANSFORMER/super_resolution@0.9.2-alpha.1+dev.5da0987.opengl/io.homo.superresolution.common.presentation.PresentationBackendManager.backend(PresentationBackendManager.java:25) [superresolution-dlss-sr-candidate.jar%23175!/:?] {re:mixin,re:classloading}
	at TRANSFORMER/super_resolution@0.9.2-alpha.1+dev.5da0987.opengl/io.homo.superresolution.common.presentation.PresentationBackendManager.type(PresentationBackendManager.java:33) [superresolution-dlss-sr-candidate.jar%23175!/:?] {re:mixin,re:classloading}
	at TRANSFORMER/super_resolution@0.9.2-alpha.1+dev.5da0987.opengl/io.homo.superresolution.common.presentation.PresentationBackendManager.isVulkanPresentationRequested(PresentationBackendManager.java:37) [superresolution-dlss-sr-candidate.jar%23175!/:?] {re:mixin,re:classloading}
	at TRANSFORMER/minecraft@1.21.1/com.mojang.blaze3d.platform.Window.handler$zla000$super_resolution$redirectWindow(Window.java:2596) [neoforge-21.1.219.jar%23172!/:?] {re:mixin,pl:runtimedistcleaner:A,re:classloading,pl:mixin:APP:sodium-common.mixins.json:core.WindowMixin from mod sodium,pl:mixin:APP:super_resolution.mixins.json:core.ForceOpenGLVersion_WindowMixin from mod super_resolution,pl:mixin:APP:super_resolution.mixins.json:core.accessor.WindowAccessor from mod super_resolution,pl:mixin:APP:super_resolution.mixins.json:presentation.v1_21_1.VulkanPresentationGlDeviceMixin from mod super_resolution,pl:mixin:APP:super_resolution.mixins.json:presentation.v1_21_1.VulkanPresentationWindowMixin from mod super_resolution,pl:mixin:APP:super_resolution.hack.mixins.json:core.WindowMixin from mod super_resolution,pl:mixin:APP:mixins.iris.json:MixinWindow from mod iris,pl:mixin:A,pl:runtimedistcleaner:A}
	at TRANSFORMER/minecraft@1.21.1/com.mojang.blaze3d.platform.Window.<init>(Window.java:88) [neoforge-21.1.219.jar%23172!/:?] {re:mixin,pl:runtimedistcleaner:A,re:classloading,pl:mixin:APP:sodium-common.mixins.json:core.WindowMixin from mod sodium,pl:mixin:APP:super_resolution.mixins.json:core.ForceOpenGLVersion_WindowMixin from mod super_resolution,pl:mixin:APP:super_resolution.mixins.json:core.accessor.WindowAccessor from mod super_resolution,pl:mixin:APP:super_resolution.mixins.json:presentation.v1_21_1.VulkanPresentationGlDeviceMixin from mod super_resolution,pl:mixin:APP:super_resolution.mixins.json:presentation.v1_21_1.VulkanPresentationWindowMixin from mod super_resolution,pl:mixin:APP:super_resolution.hack.mixins.json:core.WindowMixin from mod super_resolution,pl:mixin:APP:mixins.iris.json:MixinWindow from mod iris,pl:mixin:A,pl:runtimedistcleaner:A}
	at TRANSFORMER/minecraft@1.21.1/net.minecraft.client.renderer.VirtualScreen.newWindow(VirtualScreen.java:23) [neoforge-21.1.219.jar%23172!/:?] {re:classloading,pl:runtimedistcleaner:A}
	at TRANSFORMER/minecraft@1.21.1/net.minecraft.client.Minecraft.<init>(Minecraft.java:467) [neoforge-21.1.219.jar%23172!/:?] {re:mixin,pl:runtimedistcleaner:A,re:classloading,pl:mixin:APP:sodium-common.mixins.json:core.MinecraftMixin from mod sodium,pl:mixin:APP:sodium-neoforge.mixins.json:platform.neoforge.EntrypointMixin from mod sodium,pl:mixin:APP:mixins.iris.json:MixinMinecraft_Images from mod iris,pl:mixin:APP:mixins.iris.json:MixinMinecraft_Keybinds from mod iris,pl:mixin:APP:mixins.iris.json:MixinMinecraft_PipelineManagement from mod iris,pl:mixin:APP:super_resolution.mixins.json:core.GlTextureViewMixin from mod super_resolution,pl:mixin:APP:super_resolution.mixins.json:core.MinecraftMixin from mod super_resolution,pl:mixin:APP:super_resolution.mixins.json:core.accessor.MinecraftAccessor from mod super_resolution,pl:mixin:APP:super_resolution.mixins.json:framegeneration.v1_20_1.GameRendererConstantsMixin from mod super_resolution,pl:mixin:APP:super_resolution.mixins.json:framegeneration.v1_21_11.GameRendererConstantsMixin from mod super_resolution,pl:mixin:APP:super_resolution.mixins.json:framegeneration.v26_1_x.GameRendererConstantsMixin from mod super_resolution,pl:mixin:APP:super_resolution.mixins.json:framegeneration.v26_2.GameRendererConstantsMixin from mod super_resolution,pl:mixin:APP:super_resolution.mixins.json:framegeneration.v26_2.NativeLibrariesBootstrapMixin from mod super_resolution,pl:mixin:APP:super_resolution.mixins.json:framegeneration.v26_3.GameRendererConstantsMixin from mod super_resolution,pl:mixin:APP:super_resolution.mixins.json:framegeneration.v26_3.NativeLibrariesBootstrapMixin from mod super_resolution,pl:mixin:APP:super_resolution.mixins.json:gui.GuiGraphicsMixin from mod super_resolution,pl:mixin:APP:super_resolution.mixins.json:gui.GuiRendererDrawAccessor from mod super_resolution,pl:mixin:APP:super_resolution.mixins.json:gui.GuiRendererMixin from mod super_resolution,pl:mixin:APP:super_resolution.mixins.json:lowlatency.v1_20_1.KeyboardHandlerReflexMixin from mod super_resolution,pl:mixin:APP:super_resolution.mixins.json:lowlatency.v1_20_1.MinecraftReflexMixin from mod super_resolution,pl:mixin:APP:super_resolution.mixins.json:lowlatency.v1_20_1.MouseHandlerReflexMixin from mod super_resolution,pl:mixin:APP:super_resolution.mixins.json:lowlatency.v1_20_1.RenderSystemAccessor from mod super_resolution,pl:mixin:APP:super_resolution.mixins.json:lowlatency.v1_21_1.MinecraftReflexMixin from mod super_resolution,pl:mixin:APP:super_resolution.mixins.json:lowlatency.v1_21_11.KeyboardHandlerReflexMixin from mod super_resolution,pl:mixin:APP:super_resolution.mixins.json:lowlatency.v1_21_11.MinecraftReflexMixin from mod super_resolution,pl:mixin:APP:super_resolution.mixins.json:lowlatency.v1_21_11.MouseHandlerReflexMixin from mod super_resolution,pl:mixin:APP:super_resolution.mixins.json:lowlatency.v1_21_11.RenderSystemAccessor from mod super_resolution,pl:mixin:APP:super_resolution.mixins.json:lowlatency.v26_1_x.KeyboardHandlerReflexMixin from mod super_resolution,pl:mixin:APP:super_resolution.mixins.json:lowlatency.v26_1_x.MinecraftReflexMixin from mod super_resolution,pl:mixin:APP:super_resolution.mixins.json:lowlatency.v26_1_x.MouseHandlerReflexMixin from mod super_resolution,pl:mixin:APP:super_resolution.mixins.json:lowlatency.v26_2.KeyboardHandlerReflexMixin from mod super_resolution,pl:mixin:APP:super_resolution.mixins.json:lowlatency.v26_2.MinecraftReflexMixin from mod super_resolution,pl:mixin:APP:super_resolution.mixins.json:lowlatency.v26_2.MouseHandlerReflexMixin from mod super_resolution,pl:mixin:APP:super_resolution.mixins.json:lowlatency.v26_3.KeyboardHandlerReflexMixin from mod super_resolution,pl:mixin:APP:super_resolution.mixins.json:lowlatency.v26_3.MinecraftReflexMixin from mod super_resolution,pl:mixin:APP:super_resolution.mixins.json:lowlatency.v26_3.MouseHandlerReflexMixin from mod super_resolution,pl:mixin:APP:super_resolution.mixins.json:presentation.v1_20_1.VulkanPresentationGameRendererCaptureMixin from mod super_resolution,pl:mixin:APP:super_resolution.mixins.json:presentation.v1_20_1.VulkanPresentationGlDeviceMixin from mod super_resolution,pl:mixin:APP:super_resolution.mixins.json:presentation.v1_20_1.VulkanPresentationMinecraftBackendMixin from mod super_resolution,pl:mixin:APP:super_resolution.mixins.json:presentation.v1_20_1.VulkanPresentationMinecraftCaptureMixin from mod super_resolution,pl:mixin:APP:super_resolution.mixins.json:presentation.v1_20_1.VulkanPresentationWindowMixin from mod super_resolution,pl:mixin:APP:super_resolution.mixins.json:presentation.v1_21_1.VulkanPresentationMinecraftCaptureMixin from mod super_resolution,pl:mixin:APP:super_resolution.mixins.json:presentation.v1_21_11.VulkanPresentationGameRendererCaptureMixin from mod super_resolution,pl:mixin:APP:super_resolution.mixins.json:presentation.v1_21_11.VulkanPresentationGlDeviceMixin from mod super_resolution,pl:mixin:APP:super_resolution.mixins.json:presentation.v1_21_11.VulkanPresentationMinecraftBackendMixin from mod super_resolution,pl:mixin:APP:super_resolution.mixins.json:presentation.v1_21_11.VulkanPresentationMinecraftCaptureMixin from mod super_resolution,pl:mixin:APP:super_resolution.mixins.json:presentation.v1_21_11.VulkanPresentationWindowMixin from mod super_resolution,pl:mixin:APP:super_resolution.mixins.json:presentation.v26_1_x.VulkanPresentationGameRendererCaptureMixin from mod super_resolution,pl:mixin:APP:super_resolution.mixins.json:presentation.v26_1_x.VulkanPresentationGlDeviceMixin from mod super_resolution,pl:mixin:APP:super_resolution.mixins.json:presentation.v26_1_x.VulkanPresentationMinecraftBackendMixin from mod super_resolution,pl:mixin:APP:super_resolution.mixins.json:presentation.v26_1_x.VulkanPresentationMinecraftCaptureMixin from mod super_resolution,pl:mixin:APP:super_resolution.mixins.json:presentation.v26_1_x.VulkanPresentationWindowCloseMixin from mod super_resolution,pl:mixin:APP:super_resolution.mixins.json:presentation.v26_2.VulkanPresentationGameRendererCaptureMixin from mod super_resolution,pl:mixin:APP:super_resolution.mixins.json:presentation.v26_2.VulkanPresentationGlDeviceMixin from mod super_resolution,pl:mixin:APP:super_resolution.mixins.json:presentation.v26_2.VulkanPresentationMinecraftBackendMixin from mod super_resolution,pl:mixin:APP:super_resolution.mixins.json:presentation.v26_2.VulkanPresentationMinecraftCaptureMixin from mod super_resolution,pl:mixin:APP:super_resolution.mixins.json:presentation.v26_2.VulkanPresentationWindowCloseMixin from mod super_resolution,pl:mixin:APP:super_resolution.mixins.json:presentation.v26_3.VulkanPresentationGameRendererCaptureMixin from mod super_resolution,pl:mixin:APP:super_resolution.mixins.json:presentation.v26_3.VulkanPresentationGlDeviceMixin from mod super_resolution,pl:mixin:APP:super_resolution.mixins.json:presentation.v26_3.VulkanPresentationMinecraftBackendMixin from mod super_resolution,pl:mixin:APP:super_resolution.mixins.json:presentation.v26_3.VulkanPresentationMinecraftCaptureMixin from mod super_resolution,pl:mixin:APP:super_resolution.mixins.json:presentation.v26_3.VulkanPresentationWindowCloseMixin from mod super_resolution,pl:mixin:APP:super_resolution-neoforge.mixins.json:neoforge.FuckingValidation1218Mixin from mod super_resolution,pl:mixin:APP:super_resolution-neoforge.mixins.json:neoforge.FuckingValidationMixin from mod super_resolution,pl:mixin:APP:super_resolution_irisapi.mixins.json:composite.before1_21_1.GlStateManagerTextureStateAccessor from mod super_resolution,pl:mixin:APP:architectury.mixins.json:MixinMinecraft from mod architectury,pl:mixin:A,pl:runtimedistcleaner:A}
	at TRANSFORMER/minecraft@1.21.1/net.minecraft.client.main.Main.main(Main.java:214) [neoforge-21.1.219.jar%23172!/:?] {re:classloading,pl:runtimedistcleaner:A}
	at java.base/jdk.internal.reflect.DirectMethodHandleAccessor.invoke(DirectMethodHandleAccessor.java:104) ~[?:?] {}
	at java.base/java.lang.reflect.Method.invoke(Method.java:565) ~[?:?] {}
	at MC-BOOTSTRAP/fml_loader@4.0.42/net.neoforged.fml.loading.targets.CommonLaunchHandler.runTarget(CommonLaunchHandler.java:136) [loader-4.0.42.jar%23130!/:4.0] {}
	at MC-BOOTSTRAP/fml_loader@4.0.42/net.neoforged.fml.loading.targets.CommonLaunchHandler.clientService(CommonLaunchHandler.java:124) [loader-4.0.42.jar%23130!/:4.0] {}
	at MC-BOOTSTRAP/fml_loader@4.0.42/net.neoforged.fml.loading.targets.NeoForgeClientDevLaunchHandler.runService(NeoForgeClientDevLaunchHandler.java:23) [loader-4.0.42.jar%23130!/:4.0] {}
	at MC-BOOTSTRAP/fml_loader@4.0.42/net.neoforged.fml.loading.targets.CommonLaunchHandler.lambda$launchService$4(CommonLaunchHandler.java:118) [loader-4.0.42.jar%23130!/:4.0] {}
	at MC-BOOTSTRAP/cpw.mods.modlauncher@11.0.5/cpw.mods.modlauncher.LaunchServiceHandlerDecorator.launch(LaunchServiceHandlerDecorator.java:30) [modlauncher-11.0.5.jar%23112!/:?] {}
	at MC-BOOTSTRAP/cpw.mods.modlauncher@11.0.5/cpw.mods.modlauncher.LaunchServiceHandler.launch(LaunchServiceHandler.java:53) [modlauncher-11.0.5.jar%23112!/:?] {}
	at MC-BOOTSTRAP/cpw.mods.modlauncher@11.0.5/cpw.mods.modlauncher.LaunchServiceHandler.launch(LaunchServiceHandler.java:71) [modlauncher-11.0.5.jar%23112!/:?] {}
	at MC-BOOTSTRAP/cpw.mods.modlauncher@11.0.5/cpw.mods.modlauncher.Launcher.run(Launcher.java:103) [modlauncher-11.0.5.jar%23112!/:?] {}
	at MC-BOOTSTRAP/cpw.mods.modlauncher@11.0.5/cpw.mods.modlauncher.Launcher.main(Launcher.java:74) [modlauncher-11.0.5.jar%23112!/:?] {}
	at MC-BOOTSTRAP/cpw.mods.modlauncher@11.0.5/cpw.mods.modlauncher.BootstrapLaunchConsumer.accept(BootstrapLaunchConsumer.java:26) [modlauncher-11.0.5.jar%23112!/:?] {}
	at MC-BOOTSTRAP/cpw.mods.modlauncher@11.0.5/cpw.mods.modlauncher.BootstrapLaunchConsumer.accept(BootstrapLaunchConsumer.java:23) [modlauncher-11.0.5.jar%23112!/:?] {}
	at cpw.mods.bootstraplauncher@2.0.2/cpw.mods.bootstraplauncher.BootstrapLauncher.run(BootstrapLauncher.java:210) [bootstraplauncher-2.0.2.jar:?] {}
	at cpw.mods.bootstraplauncher@2.0.2/cpw.mods.bootstraplauncher.BootstrapLauncher.main(BootstrapLauncher.java:69) [bootstraplauncher-2.0.2.jar:?] {}
	at java.base/jdk.internal.reflect.DirectMethodHandleAccessor.invoke(DirectMethodHandleAccessor.java:104) ~[?:?] {}
	at java.base/java.lang.reflect.Method.invoke(Method.java:565) ~[?:?] {}
	at net.neoforged.devlaunch.Main.main(Main.java:57) [DevLaunch-1.0.2.jar:?] {}
[LWJGL] Loading JNI library: lwjgl_opengl
	Module: org.lwjgl.opengl
WARNING: A restricted method in java.lang.System has been called
WARNING: java.lang.System::load has been called by org.lwjgl.opengl.GL$$Lambda/0x000000002ce28f90 in module org.lwjgl.opengl (union:/C:/Users/micha/.gradle/caches/modules-2/files-2.1/org.lwjgl/lwjgl-opengl/3.3.4/2852ac7d9f6fc71349f1ce28e2708ff1977f18af/lwjgl-opengl-3.3.4.jar%23161!/)
WARNING: Use --enable-native-access=org.lwjgl.opengl to avoid a warning for callers in this module
WARNING: Restricted methods will be blocked in a future release unless native access is enabled

	Loaded from org.lwjgl.librarypath: C:\Users\micha\AppData\Local\Temp\lwjgl_micha\3.3.4+7\x64\lwjgl_opengl.dll
[LWJGL] Loading library: opengl32
	Module: org.lwjgl.opengl
	opengl32.dll not found in org.lwjgl.librarypath=C:\Users\micha\AppData\Local\Temp\lwjgl_micha\3.3.4+7\x64
	Loaded from system paths: C:\WINDOWS\SYSTEM32\opengl32.dll
[LWJGL] Java 10 multiplyHigh enabled
[LWJGL] Loading JNI library: lwjgl_stb
	Module: org.lwjgl.stb
WARNING: A restricted method in java.lang.System has been called
WARNING: java.lang.System::load has been called by org.lwjgl.stb.LibSTB$$Lambda/0x000000002ce3e000 in module org.lwjgl.stb (union:/C:/Users/micha/.gradle/caches/modules-2/files-2.1/org.lwjgl/lwjgl-stb/3.3.3/25dd6161988d7e65f71d5065c99902402ee32746/lwjgl-stb-3.3.3.jar%23164!/)
WARNING: Use --enable-native-access=org.lwjgl.stb to avoid a warning for callers in this module
WARNING: Restricted methods will be blocked in a future release unless native access is enabled

	Loaded from org.lwjgl.librarypath: C:\Users\micha\AppData\Local\Temp\lwjgl_micha\3.3.4+7\x64\lwjgl_stb.dll
[LWJGL] Java 9 text decoding enabled
[12:58:32] [Render thread/INFO] [Iris/]: Debug functionality is disabled.
[12:58:32] [Render thread/INFO] [Iris/]: OpenGL 4.5 detected, enabling DSA.
[12:58:33] [Render thread/INFO] [SuperResolution/]: Loading shader-pack interface configuration: superresolution.v1.json
[12:58:33] [Render thread/INFO] [SuperResolution/]: Shader pack shaders supports super resolution
[12:58:33] [Render thread/INFO] [Iris/]: Profile: HIGH (+0 options changed by user)
[12:58:35] [Render thread/INFO] [Iris/]: Using shaderpack: Complementary-SuperResolution-Wisteria.zip
[12:58:35] [modloading-worker-0/INFO] [Wisteria/]: Wisteria initializing
[12:58:35] [modloading-worker-0/INFO] [ne.ne.ne.co.NeoForgeMod/NEOFORGE-MOD]: NeoForge mod loading, version 21.1.219, for MC 1.21.1
[LWJGL] Loading library: OpenAL
	Module: org.lwjgl.openal
	Loaded from org.lwjgl.librarypath: C:\Users\micha\AppData\Local\Temp\lwjgl_micha\3.3.4+7\x64\OpenAL.dll
[12:58:37] [Render thread/INFO] [Iris/]: Hardware information:
[12:58:37] [Render thread/INFO] [Iris/]: CPU: 12x AMD Ryzen 5 5600H with Radeon Graphics 
[12:58:37] [Render thread/INFO] [Iris/]: GPU: NVIDIA GeForce RTX 3050 Ti Laptop GPU/PCIe/SSE2 (Supports OpenGL 4.6.0 NVIDIA 596.49)
[12:58:37] [Render thread/INFO] [Iris/]: OS: Windows 11 (10.0)
[12:58:38] [Render thread/INFO] [ne.ne.ne.ga.GameTestHooks/]: Enabled Gametest Namespaces: []
[12:58:38] [Render thread/INFO] [SuperResolution/NativeLib/]: Extracting native dependencies
[12:58:38] [Render thread/INFO] [SuperResolution/NativeLib/]: libSuperResolution+win64+release.dll already exists with a matching checksum; skipping extraction
[12:58:38] [Render thread/WARN] [SuperResolution/NativeLib/]: Failed to extract optional dependency lib\libSuperResolutionD3D12+win64+release.dll: resource not found
[12:58:38] [Render thread/WARN] [SuperResolution/NativeLib/]: Failed to extract optional dependency libSuperResolutionD3D12+win64+release.dll; skipping it
[12:58:38] [Render thread/WARN] [SuperResolution/NativeLib/]: Failed to extract optional dependency lib\libSuperResolutionFSR+win64+release.dll: resource not found
[12:58:38] [Render thread/WARN] [SuperResolution/NativeLib/]: Failed to extract optional dependency libSuperResolutionFSR+win64+release.dll; skipping it
[12:58:38] [Render thread/WARN] [SuperResolution/NativeLib/]: Failed to extract optional dependency lib\libSuperResolutionFSR4+win64+release.dll: resource not found
[12:58:38] [Render thread/WARN] [SuperResolution/NativeLib/]: Failed to extract optional dependency libSuperResolutionFSR4+win64+release.dll; skipping it
[12:58:38] [Render thread/WARN] [SuperResolution/NativeLib/]: Failed to extract optional dependency lib\libSuperResolutionXeSS+win64+release.dll: resource not found
[12:58:38] [Render thread/WARN] [SuperResolution/NativeLib/]: Failed to extract optional dependency libSuperResolutionXeSS+win64+release.dll; skipping it
[12:58:38] [Render thread/INFO] [SuperResolution/NativeLib/]: Extracted libSuperResolutionNGX+win64+release.dll
[12:58:38] [Render thread/WARN] [SuperResolution/NativeLib/]: Failed to extract optional dependency lib\libSuperResolutionStreamline+win64+release.dll: resource not found
[12:58:38] [Render thread/WARN] [SuperResolution/NativeLib/]: Failed to extract optional dependency libSuperResolutionStreamline+win64+release.dll; skipping it
[12:58:38] [Render thread/INFO] [SuperResolution/NativeLib/]: Skipped optional dependencies: libSuperResolutionD3D12+win64+release.dll, libSuperResolutionFSR+win64+release.dll, libSuperResolutionFSR4+win64+release.dll, libSuperResolutionXeSS+win64+release.dll, libSuperResolutionStreamline+win64+release.dll
[12:58:38] [Render thread/INFO] [SuperResolution/NativeLib/]: Native dependencies extracted to D:\ProjectDllsss\runtime-baseline\instance\.\config\super_resolution\libraries
[12:58:38] [Render thread/INFO] [SuperResolution/NativeLib/]: Loading native dependency: D:\ProjectDllsss\runtime-baseline\instance\.\config\super_resolution\libraries\libSuperResolution+win64+release.dll
WARNING: A restricted method in java.lang.System has been called
WARNING: java.lang.System::load has been called by io.homo.superresolution.core.NativeLibManager in module super_resolution (union:/D:/ProjectDllsss/builds/experimental/dlss-sr/superresolution-dlss-sr-candidate.jar%23175!/)
WARNING: Use --enable-native-access=super_resolution to avoid a warning for callers in this module
WARNING: Restricted methods will be blocked in a future release unless native access is enabled

[12:58:38] [Render thread/INFO] [SuperResolution/NativeLib/]: Loading native dependency: D:\ProjectDllsss\runtime-baseline\instance\.\config\super_resolution\libraries\libSuperResolutionD3D12+win64+release.dll
[12:58:38] [Render thread/WARN] [SuperResolution/NativeLib/]: Failed to load optional dependency libSuperResolutionD3D12+win64+release.dll; skipping it: Can't load library: D:\ProjectDllsss\runtime-baseline\instance\.\config\super_resolution\libraries\libSuperResolutionD3D12+win64+release.dll
[12:58:38] [Render thread/INFO] [SuperResolution/]: GPU vendor: Nvidia
[12:58:38] [Render thread/INFO] [SuperResolution/]: OpenGL version: 4.6
[12:58:38] [Render thread/INFO] [SuperResolution/]: DSA is supported; using GL45OrEXTDirectStateAccessImpl
[12:58:39] [Render thread/INFO] [SuperResolution/]: SR_DIAG glTextureStorage2D texture=10 levels=1 internalFormat=8229 size=512x512 label=NanoVGImage-1
[12:58:39] [Render thread/INFO] [SuperResolution/]: SR_DIAG glTextureStorage2D texture=11 levels=1 internalFormat=8c3a size=854x480 label=ITexture{id=11format=R11G11B10Fwidth=854height=480}
[12:58:39] [Render thread/INFO] [SuperResolution/]: SR_DIAG glTextureStorage2D texture=12 levels=1 internalFormat=88f0 size=854x480 label=ITexture{id=12format=DEPTH24_STENCIL8width=854height=480}
[12:58:39] [Render thread/INFO] [Wisteria/]: Registered frame generation backends wisteria:streamline and wisteria:ngx
[12:58:39] [Render thread/INFO] [SuperResolution/]: Loading shader-pack interface configuration: superresolution.v1.json
[12:58:39] [Render thread/INFO] [SuperResolution/]: Shader pack shaders supports super resolution
[12:58:39] [Render thread/INFO] [Iris/]: Profile: HIGH (+0 options changed by user)
[12:58:40] [Render thread/INFO] [Iris/]: Using shaderpack: Complementary-SuperResolution-Wisteria.zip
[12:58:40] [Render thread/INFO] [SuperResolution/ShaderCompiler/]: Compiling shader FSR1_EASU with the compatibility shader compiler
[12:58:40] [Render thread/INFO] [SuperResolution/ShaderCompiler/]: Compiling shader FSR1_RCAS with the compatibility shader compiler
[12:58:41] [Render thread/INFO] [SuperResolution/]: SR_DIAG glTextureStorage2D texture=13 levels=1 internalFormat=881a size=854x480 label=Fsr1TempTexture
[12:58:41] [Render thread/INFO] [SuperResolution/]: SR_DIAG glTextureStorage2D texture=14 levels=1 internalFormat=881a size=854x480 label=Fsr1OutputTexture
[12:58:41] [Render thread/INFO] [SuperResolution/ShaderCompiler/]: Compiling shader FSR1_EASU with the compatibility shader compiler
[12:58:41] [Render thread/INFO] [SuperResolution/ShaderCompiler/]: Compiling shader FSR1_RCAS with the compatibility shader compiler
[12:58:41] [Render thread/INFO] [SuperResolution/]: SR_DIAG glTextureStorage2D texture=13 levels=1 internalFormat=881a size=854x480 label=Fsr1TempTexture
[12:58:41] [Render thread/INFO] [SuperResolution/]: SR_DIAG glTextureStorage2D texture=14 levels=1 internalFormat=881a size=854x480 label=Fsr1OutputTexture
[12:58:41] [Render thread/INFO] [minecraft/ReloadableResourceManager]: Reloading ResourceManager: vanilla, mod_resources, mod/sodium, mod/fabric_rendering_data_attachment_v1, mod/iris, mod/super_resolution, mod/wisteria, mod/fabric_renderer_api_v1, mod/fabric_api_base, mod/architectury, mod/neoforge, mod/fabric_block_view_api_v2
[12:58:41] [Render thread/INFO] [SuperResolution/ShaderCompiler/]: Compiling shader FSR1_EASU with the compatibility shader compiler
[12:58:41] [Worker-Main-4/INFO] [minecraft/UnihexProvider]: Found unifont_all_no_pua-15.1.05.hex, loading
[12:58:41] [Worker-Main-6/INFO] [minecraft/UnihexProvider]: Found unifont_jp_patch-15.1.05.hex, loading
[12:58:41] [Render thread/INFO] [SuperResolution/ShaderCompiler/]: Compiling shader FSR1_RCAS with the compatibility shader compiler
[12:58:41] [Render thread/INFO] [SuperResolution/]: SR_DIAG glTextureStorage2D texture=13 levels=1 internalFormat=881a size=854x480 label=Fsr1TempTexture
[12:58:41] [Render thread/INFO] [SuperResolution/]: SR_DIAG glTextureStorage2D texture=14 levels=1 internalFormat=881a size=854x480 label=Fsr1OutputTexture
[12:58:41] [Render thread/INFO] [Wisteria/]: Registered low latency backend wisteria:reflex_streamline
[12:58:43] [Render thread/WARN] [minecraft/SoundEngine]: Missing sound for event: minecraft:item.goat_horn.play
[12:58:43] [Render thread/WARN] [minecraft/SoundEngine]: Missing sound for event: minecraft:entity.goat.screaming.horn_break
[12:58:44] [Render thread/INFO] [mojang/Library]: OpenAL initialized on device OpenAL Soft on Altavoces (Realtek(R) Audio)
[12:58:44] [Render thread/INFO] [minecraft/SoundEngine]: Sound engine started
[12:58:44] [Render thread/INFO] [minecraft/TextureAtlas]: Created: 1024x512x4 minecraft:textures/atlas/blocks.png-atlas
[12:58:44] [Render thread/INFO] [minecraft/TextureAtlas]: Created: 256x256x4 minecraft:textures/atlas/signs.png-atlas
[12:58:44] [Render thread/INFO] [minecraft/TextureAtlas]: Created: 512x512x4 minecraft:textures/atlas/banner_patterns.png-atlas
[12:58:44] [Render thread/INFO] [minecraft/TextureAtlas]: Created: 512x512x4 minecraft:textures/atlas/shield_patterns.png-atlas
[12:58:44] [Render thread/INFO] [minecraft/TextureAtlas]: Created: 1024x1024x4 minecraft:textures/atlas/armor_trims.png-atlas
[12:58:44] [Render thread/INFO] [minecraft/TextureAtlas]: Created: 128x64x4 minecraft:textures/atlas/decorated_pot.png-atlas
[12:58:44] [Render thread/INFO] [minecraft/TextureAtlas]: Created: 256x256x4 minecraft:textures/atlas/chest.png-atlas
[12:58:44] [Render thread/INFO] [minecraft/TextureAtlas]: Created: 512x256x4 minecraft:textures/atlas/shulker_boxes.png-atlas
[12:58:44] [Render thread/INFO] [minecraft/TextureAtlas]: Created: 512x256x4 minecraft:textures/atlas/beds.png-atlas
[12:58:45] [Render thread/INFO] [minecraft/TextureAtlas]: Created: 512x256x0 minecraft:textures/atlas/particles.png-atlas
[12:58:45] [Render thread/INFO] [minecraft/TextureAtlas]: Created: 512x256x0 minecraft:textures/atlas/paintings.png-atlas
[12:58:45] [Render thread/INFO] [minecraft/TextureAtlas]: Created: 256x128x0 minecraft:textures/atlas/mob_effects.png-atlas
[12:58:45] [Render thread/INFO] [minecraft/TextureAtlas]: Created: 64x64x0 minecraft:textures/atlas/map_decorations.png-atlas
[12:58:45] [Render thread/INFO] [minecraft/TextureAtlas]: Created: 1024x512x0 minecraft:textures/atlas/gui.png-atlas
[12:58:45] [Render thread/WARN] [minecraft/ShaderInstance]: Shader rendertype_entity_translucent_emissive could not find sampler named Sampler2 in the specified shader program.
[12:58:45] [Render thread/INFO] [ne.ne.ne.cl.en.an.js.AnimationLoader/]: Loaded 0 entity animations
[12:58:45] [Render thread/INFO] [Iris/]: Creating pipeline for dimension minecraft:overworld
[12:58:45] [Render thread/WARN] [Iris/]: Failed to resolve uniform inPaleGarden, reason: Unknown variable: BIOME_PALE_GARDEN ( = FunctionCall{smooth {[Number{55}, FunctionCall{if {[FunctionCall{in {[Id{biome}, Id{BIOME_PALE_GARDEN}]} }, Number{1}, Number{0}]} }, Number{15}, Number{15}]} })
java.lang.RuntimeException: Unknown variable: BIOME_PALE_GARDEN
	at TRANSFORMER/iris@1.8.8+mc1.21.1/kroppeb.stareval.resolver.ExpressionResolver.resolveExpressionInternal(ExpressionResolver.java:225) ~[iris-1.8.8+1.21.1-neoforge-neoforge,1.21.1.jar%23177!/:?] {re:classloading}
	at TRANSFORMER/iris@1.8.8+mc1.21.1/kroppeb.stareval.resolver.ExpressionResolver.resolveCallExpressionInternal(ExpressionResolver.java:81) ~[iris-1.8.8+1.21.1-neoforge-neoforge,1.21.1.jar%23177!/:?] {re:classloading}
	at TRANSFORMER/iris@1.8.8+mc1.21.1/kroppeb.stareval.resolver.ExpressionResolver.resolveCallExpression(ExpressionResolver.java:140) ~[iris-1.8.8+1.21.1-neoforge-neoforge,1.21.1.jar%23177!/:?] {re:classloading}
	at TRANSFORMER/iris@1.8.8+mc1.21.1/kroppeb.stareval.resolver.ExpressionResolver.resolveExpressionInternal(ExpressionResolver.java:196) ~[iris-1.8.8+1.21.1-neoforge-neoforge,1.21.1.jar%23177!/:?] {re:classloading}
	at TRANSFORMER/iris@1.8.8+mc1.21.1/kroppeb.stareval.resolver.ExpressionResolver.resolveCallExpressionInternal(ExpressionResolver.java:81) ~[iris-1.8.8+1.21.1-neoforge-neoforge,1.21.1.jar%23177!/:?] {re:classloading}
	at TRANSFORMER/iris@1.8.8+mc1.21.1/kroppeb.stareval.resolver.ExpressionResolver.resolveCallExpression(ExpressionResolver.java:140) ~[iris-1.8.8+1.21.1-neoforge-neoforge,1.21.1.jar%23177!/:?] {re:classloading}
	at TRANSFORMER/iris@1.8.8+mc1.21.1/kroppeb.stareval.resolver.ExpressionResolver.resolveCallExpression(ExpressionResolver.java:127) ~[iris-1.8.8+1.21.1-neoforge-neoforge,1.21.1.jar%23177!/:?] {re:classloading}
	at TRANSFORMER/iris@1.8.8+mc1.21.1/kroppeb.stareval.resolver.ExpressionResolver.resolveExpressionInternal(ExpressionResolver.java:196) ~[iris-1.8.8+1.21.1-neoforge-neoforge,1.21.1.jar%23177!/:?] {re:classloading}
	at TRANSFORMER/iris@1.8.8+mc1.21.1/kroppeb.stareval.resolver.ExpressionResolver.resolveCallExpressionInternal(ExpressionResolver.java:81) ~[iris-1.8.8+1.21.1-neoforge-neoforge,1.21.1.jar%23177!/:?] {re:classloading}
	at TRANSFORMER/iris@1.8.8+mc1.21.1/kroppeb.stareval.resolver.ExpressionResolver.resolveCallExpression(ExpressionResolver.java:140) ~[iris-1.8.8+1.21.1-neoforge-neoforge,1.21.1.jar%23177!/:?] {re:classloading}
	at TRANSFORMER/iris@1.8.8+mc1.21.1/kroppeb.stareval.resolver.ExpressionResolver.resolveExpressionInternal(ExpressionResolver.java:196) ~[iris-1.8.8+1.21.1-neoforge-neoforge,1.21.1.jar%23177!/:?] {re:classloading}
	at TRANSFORMER/iris@1.8.8+mc1.21.1/kroppeb.stareval.resolver.ExpressionResolver.resolveExpression(ExpressionResolver.java:50) ~[iris-1.8.8+1.21.1-neoforge-neoforge,1.21.1.jar%23177!/:?] {re:classloading}
	at TRANSFORMER/iris@1.8.8+mc1.21.1/net.irisshaders.iris.uniforms.custom.CustomUniforms.<init>(CustomUniforms.java:60) [iris-1.8.8+1.21.1-neoforge-neoforge,1.21.1.jar%23177!/:?] {re:classloading}
	at TRANSFORMER/iris@1.8.8+mc1.21.1/net.irisshaders.iris.uniforms.custom.CustomUniforms$Builder.build(CustomUniforms.java:332) [iris-1.8.8+1.21.1-neoforge-neoforge,1.21.1.jar%23177!/:?] {re:classloading}
	at TRANSFORMER/iris@1.8.8+mc1.21.1/net.irisshaders.iris.uniforms.custom.CustomUniforms$Builder.build(CustomUniforms.java:343) [iris-1.8.8+1.21.1-neoforge-neoforge,1.21.1.jar%23177!/:?] {re:classloading}
	at TRANSFORMER/iris@1.8.8+mc1.21.1/net.irisshaders.iris.pipeline.IrisRenderingPipeline.<init>(IrisRenderingPipeline.java:282) [iris-1.8.8+1.21.1-neoforge-neoforge,1.21.1.jar%23177!/:?] {re:mixin,re:classloading,pl:mixin:APP:super_resolution_irisapi.mixins.json:composite.IrisRenderingPipelineAccessor from mod super_resolution,pl:mixin:APP:super_resolution_irisapi.mixins.json:composite.before1_21_1.IrisRenderingPipelineMixin from mod super_resolution,pl:mixin:APP:super_resolution.shadercompat.mixins.json:core.IrisRenderingPipelineAccessor from mod super_resolution,pl:mixin:APP:super_resolution.shadercompat.mixins.json:core.IrisRenderingPipelineMixin from mod super_resolution,pl:mixin:A}
	at TRANSFORMER/iris@1.8.8+mc1.21.1/net.irisshaders.iris.Iris.createPipeline(Iris.java:616) [iris-1.8.8+1.21.1-neoforge-neoforge,1.21.1.jar%23177!/:?] {re:mixin,re:classloading,pl:mixin:APP:super_resolution.shadercompat.mixins.json:core.IrisMixin from mod super_resolution,pl:mixin:A}
	at TRANSFORMER/iris@1.8.8+mc1.21.1/net.irisshaders.iris.pipeline.PipelineManager.preparePipeline(PipelineManager.java:33) [iris-1.8.8+1.21.1-neoforge-neoforge,1.21.1.jar%23177!/:?] {re:mixin,re:classloading,pl:mixin:APP:super_resolution.shadercompat.mixins.json:core.PipelineManagerMixin from mod super_resolution,pl:mixin:A}
	at TRANSFORMER/iris@1.8.8+mc1.21.1/net.irisshaders.iris.Iris.onLoadingComplete(Iris.java:150) [iris-1.8.8+1.21.1-neoforge-neoforge,1.21.1.jar%23177!/:?] {re:mixin,re:classloading,pl:mixin:APP:super_resolution.shadercompat.mixins.json:core.IrisMixin from mod super_resolution,pl:mixin:A}
	at TRANSFORMER/minecraft@1.21.1/net.minecraft.client.gui.screens.TitleScreen.handler$zfl000$iris$firstInit(TitleScreen.java:525) [neoforge-21.1.219.jar%23172!/:?] {re:mixin,pl:runtimedistcleaner:A,re:computing_frames,pl:runtimedistcleaner:A,re:classloading,pl:mixin:APP:mixins.iris.json:MixinTitleScreen from mod iris,pl:mixin:A,pl:runtimedistcleaner:A}
	at TRANSFORMER/minecraft@1.21.1/net.minecraft.client.gui.screens.TitleScreen.init(TitleScreen.java:157) [neoforge-21.1.219.jar%23172!/:?] {re:mixin,pl:runtimedistcleaner:A,re:computing_frames,pl:runtimedistcleaner:A,re:classloading,pl:mixin:APP:mixins.iris.json:MixinTitleScreen from mod iris,pl:mixin:A,pl:runtimedistcleaner:A}
	at TRANSFORMER/minecraft@1.21.1/net.minecraft.client.gui.screens.Screen.init(Screen.java:317) [neoforge-21.1.219.jar%23172!/:?] {re:mixin,pl:accesstransformer:B,pl:runtimedistcleaner:A,re:classloading,pl:accesstransformer:B,pl:runtimedistcleaner:A}
	at TRANSFORMER/minecraft@1.21.1/net.minecraft.client.Minecraft.setScreen(Minecraft.java:1057) [neoforge-21.1.219.jar%23172!/:?] {re:mixin,pl:runtimedistcleaner:A,re:classloading,pl:mixin:APP:sodium-common.mixins.json:core.MinecraftMixin from mod sodium,pl:mixin:APP:sodium-neoforge.mixins.json:platform.neoforge.EntrypointMixin from mod sodium,pl:mixin:APP:mixins.iris.json:MixinMinecraft_Images from mod iris,pl:mixin:APP:mixins.iris.json:MixinMinecraft_Keybinds from mod iris,pl:mixin:APP:mixins.iris.json:MixinMinecraft_PipelineManagement from mod iris,pl:mixin:APP:super_resolution.mixins.json:core.GlTextureViewMixin from mod super_resolution,pl:mixin:APP:super_resolution.mixins.json:core.MinecraftMixin from mod super_resolution,pl:mixin:APP:super_resolution.mixins.json:core.accessor.MinecraftAccessor from mod super_resolution,pl:mixin:APP:super_resolution.mixins.json:framegeneration.v1_20_1.GameRendererConstantsMixin from mod super_resolution,pl:mixin:APP:super_resolution.mixins.json:framegeneration.v1_21_11.GameRendererConstantsMixin from mod super_resolution,pl:mixin:APP:super_resolution.mixins.json:framegeneration.v26_1_x.GameRendererConstantsMixin from mod super_resolution,pl:mixin:APP:super_resolution.mixins.json:framegeneration.v26_2.GameRendererConstantsMixin from mod super_resolution,pl:mixin:APP:super_resolution.mixins.json:framegeneration.v26_2.NativeLibrariesBootstrapMixin from mod super_resolution,pl:mixin:APP:super_resolution.mixins.json:framegeneration.v26_3.GameRendererConstantsMixin from mod super_resolution,pl:mixin:APP:super_resolution.mixins.json:framegeneration.v26_3.NativeLibrariesBootstrapMixin from mod super_resolution,pl:mixin:APP:super_resolution.mixins.json:gui.GuiGraphicsMixin from mod super_resolution,pl:mixin:APP:super_resolution.mixins.json:gui.GuiRendererDrawAccessor from mod super_resolution,pl:mixin:APP:super_resolution.mixins.json:gui.GuiRendererMixin from mod super_resolution,pl:mixin:APP:super_resolution.mixins.json:lowlatency.v1_20_1.KeyboardHandlerReflexMixin from mod super_resolution,pl:mixin:APP:super_resolution.mixins.json:lowlatency.v1_20_1.MinecraftReflexMixin from mod super_resolution,pl:mixin:APP:super_resolution.mixins.json:lowlatency.v1_20_1.MouseHandlerReflexMixin from mod super_resolution,pl:mixin:APP:super_resolution.mixins.json:lowlatency.v1_20_1.RenderSystemAccessor from mod super_resolution,pl:mixin:APP:super_resolution.mixins.json:lowlatency.v1_21_1.MinecraftReflexMixin from mod super_resolution,pl:mixin:APP:super_resolution.mixins.json:lowlatency.v1_21_11.KeyboardHandlerReflexMixin from mod super_resolution,pl:mixin:APP:super_resolution.mixins.json:lowlatency.v1_21_11.MinecraftReflexMixin from mod super_resolution,pl:mixin:APP:super_resolution.mixins.json:lowlatency.v1_21_11.MouseHandlerReflexMixin from mod super_resolution,pl:mixin:APP:super_resolution.mixins.json:lowlatency.v1_21_11.RenderSystemAccessor from mod super_resolution,pl:mixin:APP:super_resolution.mixins.json:lowlatency.v26_1_x.KeyboardHandlerReflexMixin from mod super_resolution,pl:mixin:APP:super_resolution.mixins.json:lowlatency.v26_1_x.MinecraftReflexMixin from mod super_resolution,pl:mixin:APP:super_resolution.mixins.json:lowlatency.v26_1_x.MouseHandlerReflexMixin from mod super_resolution,pl:mixin:APP:super_resolution.mixins.json:lowlatency.v26_2.KeyboardHandlerReflexMixin from mod super_resolution,pl:mixin:APP:super_resolution.mixins.json:lowlatency.v26_2.MinecraftReflexMixin from mod super_resolution,pl:mixin:APP:super_resolution.mixins.json:lowlatency.v26_2.MouseHandlerReflexMixin from mod super_resolution,pl:mixin:APP:super_resolution.mixins.json:lowlatency.v26_3.KeyboardHandlerReflexMixin from mod super_resolution,pl:mixin:APP:super_resolution.mixins.json:lowlatency.v26_3.MinecraftReflexMixin from mod super_resolution,pl:mixin:APP:super_resolution.mixins.json:lowlatency.v26_3.MouseHandlerReflexMixin from mod super_resolution,pl:mixin:APP:super_resolution.mixins.json:presentation.v1_20_1.VulkanPresentationGameRendererCaptureMixin from mod super_resolution,pl:mixin:APP:super_resolution.mixins.json:presentation.v1_20_1.VulkanPresentationGlDeviceMixin from mod super_resolution,pl:mixin:APP:super_resolution.mixins.json:presentation.v1_20_1.VulkanPresentationMinecraftBackendMixin from mod super_resolution,pl:mixin:APP:super_resolution.mixins.json:presentation.v1_20_1.VulkanPresentationMinecraftCaptureMixin from mod super_resolution,pl:mixin:APP:super_resolution.mixins.json:presentation.v1_20_1.VulkanPresentationWindowMixin from mod super_resolution,pl:mixin:APP:super_resolution.mixins.json:presentation.v1_21_1.VulkanPresentationMinecraftCaptureMixin from mod super_resolution,pl:mixin:APP:super_resolution.mixins.json:presentation.v1_21_11.VulkanPresentationGameRendererCaptureMixin from mod super_resolution,pl:mixin:APP:super_resolution.mixins.json:presentation.v1_21_11.VulkanPresentationGlDeviceMixin from mod super_resolution,pl:mixin:APP:super_resolution.mixins.json:presentation.v1_21_11.VulkanPresentationMinecraftBackendMixin from mod super_resolution,pl:mixin:APP:super_resolution.mixins.json:presentation.v1_21_11.VulkanPresentationMinecraftCaptureMixin from mod super_resolution,pl:mixin:APP:super_resolution.mixins.json:presentation.v1_21_11.VulkanPresentationWindowMixin from mod super_resolution,pl:mixin:APP:super_resolution.mixins.json:presentation.v26_1_x.VulkanPresentationGameRendererCaptureMixin from mod super_resolution,pl:mixin:APP:super_resolution.mixins.json:presentation.v26_1_x.VulkanPresentationGlDeviceMixin from mod super_resolution,pl:mixin:APP:super_resolution.mixins.json:presentation.v26_1_x.VulkanPresentationMinecraftBackendMixin from mod super_resolution,pl:mixin:APP:super_resolution.mixins.json:presentation.v26_1_x.VulkanPresentationMinecraftCaptureMixin from mod super_resolution,pl:mixin:APP:super_resolution.mixins.json:presentation.v26_1_x.VulkanPresentationWindowCloseMixin from mod super_resolution,pl:mixin:APP:super_resolution.mixins.json:presentation.v26_2.VulkanPresentationGameRendererCaptureMixin from mod super_resolution,pl:mixin:APP:super_resolution.mixins.json:presentation.v26_2.VulkanPresentationGlDeviceMixin from mod super_resolution,pl:mixin:APP:super_resolution.mixins.json:presentation.v26_2.VulkanPresentationMinecraftBackendMixin from mod super_resolution,pl:mixin:APP:super_resolution.mixins.json:presentation.v26_2.VulkanPresentationMinecraftCaptureMixin from mod super_resolution,pl:mixin:APP:super_resolution.mixins.json:presentation.v26_2.VulkanPresentationWindowCloseMixin from mod super_resolution,pl:mixin:APP:super_resolution.mixins.json:presentation.v26_3.VulkanPresentationGameRendererCaptureMixin from mod super_resolution,pl:mixin:APP:super_resolution.mixins.json:presentation.v26_3.VulkanPresentationGlDeviceMixin from mod super_resolution,pl:mixin:APP:super_resolution.mixins.json:presentation.v26_3.VulkanPresentationMinecraftBackendMixin from mod super_resolution,pl:mixin:APP:super_resolution.mixins.json:presentation.v26_3.VulkanPresentationMinecraftCaptureMixin from mod super_resolution,pl:mixin:APP:super_resolution.mixins.json:presentation.v26_3.VulkanPresentationWindowCloseMixin from mod super_resolution,pl:mixin:APP:super_resolution-neoforge.mixins.json:neoforge.FuckingValidation1218Mixin from mod super_resolution,pl:mixin:APP:super_resolution-neoforge.mixins.json:neoforge.FuckingValidationMixin from mod super_resolution,pl:mixin:APP:super_resolution_irisapi.mixins.json:composite.before1_21_1.GlStateManagerTextureStateAccessor from mod super_resolution,pl:mixin:APP:architectury.mixins.json:MixinMinecraft from mod architectury,pl:mixin:A,pl:runtimedistcleaner:A}
	at TRANSFORMER/minecraft@1.21.1/net.minecraft.client.Minecraft.lambda$buildInitialScreens$9(Minecraft.java:664) [neoforge-21.1.219.jar%23172!/:?] {re:mixin,pl:runtimedistcleaner:A,re:classloading,pl:mixin:APP:sodium-common.mixins.json:core.MinecraftMixin from mod sodium,pl:mixin:APP:sodium-neoforge.mixins.json:platform.neoforge.EntrypointMixin from mod sodium,pl:mixin:APP:mixins.iris.json:MixinMinecraft_Images from mod iris,pl:mixin:APP:mixins.iris.json:MixinMinecraft_Keybinds from mod iris,pl:mixin:APP:mixins.iris.json:MixinMinecraft_PipelineManagement from mod iris,pl:mixin:APP:super_resolution.mixins.json:core.GlTextureViewMixin from mod super_resolution,pl:mixin:APP:super_resolution.mixins.json:core.MinecraftMixin from mod super_resolution,pl:mixin:APP:super_resolution.mixins.json:core.accessor.MinecraftAccessor from mod super_resolution,pl:mixin:APP:super_resolution.mixins.json:framegeneration.v1_20_1.GameRendererConstantsMixin from mod super_resolution,pl:mixin:APP:super_resolution.mixins.json:framegeneration.v1_21_11.GameRendererConstantsMixin from mod super_resolution,pl:mixin:APP:super_resolution.mixins.json:framegeneration.v26_1_x.GameRendererConstantsMixin from mod super_resolution,pl:mixin:APP:super_resolution.mixins.json:framegeneration.v26_2.GameRendererConstantsMixin from mod super_resolution,pl:mixin:APP:super_resolution.mixins.json:framegeneration.v26_2.NativeLibrariesBootstrapMixin from mod super_resolution,pl:mixin:APP:super_resolution.mixins.json:framegeneration.v26_3.GameRendererConstantsMixin from mod super_resolution,pl:mixin:APP:super_resolution.mixins.json:framegeneration.v26_3.NativeLibrariesBootstrapMixin from mod super_resolution,pl:mixin:APP:super_resolution.mixins.json:gui.GuiGraphicsMixin from mod super_resolution,pl:mixin:APP:super_resolution.mixins.json:gui.GuiRendererDrawAccessor from mod super_resolution,pl:mixin:APP:super_resolution.mixins.json:gui.GuiRendererMixin from mod super_resolution,pl:mixin:APP:super_resolution.mixins.json:lowlatency.v1_20_1.KeyboardHandlerReflexMixin from mod super_resolution,pl:mixin:APP:super_resolution.mixins.json:lowlatency.v1_20_1.MinecraftReflexMixin from mod super_resolution,pl:mixin:APP:super_resolution.mixins.json:lowlatency.v1_20_1.MouseHandlerReflexMixin from mod super_resolution,pl:mixin:APP:super_resolution.mixins.json:lowlatency.v1_20_1.RenderSystemAccessor from mod super_resolution,pl:mixin:APP:super_resolution.mixins.json:lowlatency.v1_21_1.MinecraftReflexMixin from mod super_resolution,pl:mixin:APP:super_resolution.mixins.json:lowlatency.v1_21_11.KeyboardHandlerReflexMixin from mod super_resolution,pl:mixin:APP:super_resolution.mixins.json:lowlatency.v1_21_11.MinecraftReflexMixin from mod super_resolution,pl:mixin:APP:super_resolution.mixins.json:lowlatency.v1_21_11.MouseHandlerReflexMixin from mod super_resolution,pl:mixin:APP:super_resolution.mixins.json:lowlatency.v1_21_11.RenderSystemAccessor from mod super_resolution,pl:mixin:APP:super_resolution.mixins.json:lowlatency.v26_1_x.KeyboardHandlerReflexMixin from mod super_resolution,pl:mixin:APP:super_resolution.mixins.json:lowlatency.v26_1_x.MinecraftReflexMixin from mod super_resolution,pl:mixin:APP:super_resolution.mixins.json:lowlatency.v26_1_x.MouseHandlerReflexMixin from mod super_resolution,pl:mixin:APP:super_resolution.mixins.json:lowlatency.v26_2.KeyboardHandlerReflexMixin from mod super_resolution,pl:mixin:APP:super_resolution.mixins.json:lowlatency.v26_2.MinecraftReflexMixin from mod super_resolution,pl:mixin:APP:super_resolution.mixins.json:lowlatency.v26_2.MouseHandlerReflexMixin from mod super_resolution,pl:mixin:APP:super_resolution.mixins.json:lowlatency.v26_3.KeyboardHandlerReflexMixin from mod super_resolution,pl:mixin:APP:super_resolution.mixins.json:lowlatency.v26_3.MinecraftReflexMixin from mod super_resolution,pl:mixin:APP:super_resolution.mixins.json:lowlatency.v26_3.MouseHandlerReflexMixin from mod super_resolution,pl:mixin:APP:super_resolution.mixins.json:presentation.v1_20_1.VulkanPresentationGameRendererCaptureMixin from mod super_resolution,pl:mixin:APP:super_resolution.mixins.json:presentation.v1_20_1.VulkanPresentationGlDeviceMixin from mod super_resolution,pl:mixin:APP:super_resolution.mixins.json:presentation.v1_20_1.VulkanPresentationMinecraftBackendMixin from mod super_resolution,pl:mixin:APP:super_resolution.mixins.json:presentation.v1_20_1.VulkanPresentationMinecraftCaptureMixin from mod super_resolution,pl:mixin:APP:super_resolution.mixins.json:presentation.v1_20_1.VulkanPresentationWindowMixin from mod super_resolution,pl:mixin:APP:super_resolution.mixins.json:presentation.v1_21_1.VulkanPresentationMinecraftCaptureMixin from mod super_resolution,pl:mixin:APP:super_resolution.mixins.json:presentation.v1_21_11.VulkanPresentationGameRendererCaptureMixin from mod super_resolution,pl:mixin:APP:super_resolution.mixins.json:presentation.v1_21_11.VulkanPresentationGlDeviceMixin from mod super_resolution,pl:mixin:APP:super_resolution.mixins.json:presentation.v1_21_11.VulkanPresentationMinecraftBackendMixin from mod super_resolution,pl:mixin:APP:super_resolution.mixins.json:presentation.v1_21_11.VulkanPresentationMinecraftCaptureMixin from mod super_resolution,pl:mixin:APP:super_resolution.mixins.json:presentation.v1_21_11.VulkanPresentationWindowMixin from mod super_resolution,pl:mixin:APP:super_resolution.mixins.json:presentation.v26_1_x.VulkanPresentationGameRendererCaptureMixin from mod super_resolution,pl:mixin:APP:super_resolution.mixins.json:presentation.v26_1_x.VulkanPresentationGlDeviceMixin from mod super_resolution,pl:mixin:APP:super_resolution.mixins.json:presentation.v26_1_x.VulkanPresentationMinecraftBackendMixin from mod super_resolution,pl:mixin:APP:super_resolution.mixins.json:presentation.v26_1_x.VulkanPresentationMinecraftCaptureMixin from mod super_resolution,pl:mixin:APP:super_resolution.mixins.json:presentation.v26_1_x.VulkanPresentationWindowCloseMixin from mod super_resolution,pl:mixin:APP:super_resolution.mixins.json:presentation.v26_2.VulkanPresentationGameRendererCaptureMixin from mod super_resolution,pl:mixin:APP:super_resolution.mixins.json:presentation.v26_2.VulkanPresentationGlDeviceMixin from mod super_resolution,pl:mixin:APP:super_resolution.mixins.json:presentation.v26_2.VulkanPresentationMinecraftBackendMixin from mod super_resolution,pl:mixin:APP:super_resolution.mixins.json:presentation.v26_2.VulkanPresentationMinecraftCaptureMixin from mod super_resolution,pl:mixin:APP:super_resolution.mixins.json:presentation.v26_2.VulkanPresentationWindowCloseMixin from mod super_resolution,pl:mixin:APP:super_resolution.mixins.json:presentation.v26_3.VulkanPresentationGameRendererCaptureMixin from mod super_resolution,pl:mixin:APP:super_resolution.mixins.json:presentation.v26_3.VulkanPresentationGlDeviceMixin from mod super_resolution,pl:mixin:APP:super_resolution.mixins.json:presentation.v26_3.VulkanPresentationMinecraftBackendMixin from mod super_resolution,pl:mixin:APP:super_resolution.mixins.json:presentation.v26_3.VulkanPresentationMinecraftCaptureMixin from mod super_resolution,pl:mixin:APP:super_resolution.mixins.json:presentation.v26_3.VulkanPresentationWindowCloseMixin from mod super_resolution,pl:mixin:APP:super_resolution-neoforge.mixins.json:neoforge.FuckingValidation1218Mixin from mod super_resolution,pl:mixin:APP:super_resolution-neoforge.mixins.json:neoforge.FuckingValidationMixin from mod super_resolution,pl:mixin:APP:super_resolution_irisapi.mixins.json:composite.before1_21_1.GlStateManagerTextureStateAccessor from mod super_resolution,pl:mixin:APP:architectury.mixins.json:MixinMinecraft from mod architectury,pl:mixin:A,pl:runtimedistcleaner:A}
	at TRANSFORMER/minecraft@1.21.1/net.minecraft.client.Minecraft.onGameLoadFinished(Minecraft.java:650) [neoforge-21.1.219.jar%23172!/:?] {re:mixin,pl:runtimedistcleaner:A,re:classloading,pl:mixin:APP:sodium-common.mixins.json:core.MinecraftMixin from mod sodium,pl:mixin:APP:sodium-neoforge.mixins.json:platform.neoforge.EntrypointMixin from mod sodium,pl:mixin:APP:mixins.iris.json:MixinMinecraft_Images from mod iris,pl:mixin:APP:mixins.iris.json:MixinMinecraft_Keybinds from mod iris,pl:mixin:APP:mixins.iris.json:MixinMinecraft_PipelineManagement from mod iris,pl:mixin:APP:super_resolution.mixins.json:core.GlTextureViewMixin from mod super_resolution,pl:mixin:APP:super_resolution.mixins.json:core.MinecraftMixin from mod super_resolution,pl:mixin:APP:super_resolution.mixins.json:core.accessor.MinecraftAccessor from mod super_resolution,pl:mixin:APP:super_resolution.mixins.json:framegeneration.v1_20_1.GameRendererConstantsMixin from mod super_resolution,pl:mixin:APP:super_resolution.mixins.json:framegeneration.v1_21_11.GameRendererConstantsMixin from mod super_resolution,pl:mixin:APP:super_resolution.mixins.json:framegeneration.v26_1_x.GameRendererConstantsMixin from mod super_resolution,pl:mixin:APP:super_resolution.mixins.json:framegeneration.v26_2.GameRendererConstantsMixin from mod super_resolution,pl:mixin:APP:super_resolution.mixins.json:framegeneration.v26_2.NativeLibrariesBootstrapMixin from mod super_resolution,pl:mixin:APP:super_resolution.mixins.json:framegeneration.v26_3.GameRendererConstantsMixin from mod super_resolution,pl:mixin:APP:super_resolution.mixins.json:framegeneration.v26_3.NativeLibrariesBootstrapMixin from mod super_resolution,pl:mixin:APP:super_resolution.mixins.json:gui.GuiGraphicsMixin from mod super_resolution,pl:mixin:APP:super_resolution.mixins.json:gui.GuiRendererDrawAccessor from mod super_resolution,pl:mixin:APP:super_resolution.mixins.json:gui.GuiRendererMixin from mod super_resolution,pl:mixin:APP:super_resolution.mixins.json:lowlatency.v1_20_1.KeyboardHandlerReflexMixin from mod super_resolution,pl:mixin:APP:super_resolution.mixins.json:lowlatency.v1_20_1.MinecraftReflexMixin from mod super_resolution,pl:mixin:APP:super_resolution.mixins.json:lowlatency.v1_20_1.MouseHandlerReflexMixin from mod super_resolution,pl:mixin:APP:super_resolution.mixins.json:lowlatency.v1_20_1.RenderSystemAccessor from mod super_resolution,pl:mixin:APP:super_resolution.mixins.json:lowlatency.v1_21_1.MinecraftReflexMixin from mod super_resolution,pl:mixin:APP:super_resolution.mixins.json:lowlatency.v1_21_11.KeyboardHandlerReflexMixin from mod super_resolution,pl:mixin:APP:super_resolution.mixins.json:lowlatency.v1_21_11.MinecraftReflexMixin from mod super_resolution,pl:mixin:APP:super_resolution.mixins.json:lowlatency.v1_21_11.MouseHandlerReflexMixin from mod super_resolution,pl:mixin:APP:super_resolution.mixins.json:lowlatency.v1_21_11.RenderSystemAccessor from mod super_resolution,pl:mixin:APP:super_resolution.mixins.json:lowlatency.v26_1_x.KeyboardHandlerReflexMixin from mod super_resolution,pl:mixin:APP:super_resolution.mixins.json:lowlatency.v26_1_x.MinecraftReflexMixin from mod super_resolution,pl:mixin:APP:super_resolution.mixins.json:lowlatency.v26_1_x.MouseHandlerReflexMixin from mod super_resolution,pl:mixin:APP:super_resolution.mixins.json:lowlatency.v26_2.KeyboardHandlerReflexMixin from mod super_resolution,pl:mixin:APP:super_resolution.mixins.json:lowlatency.v26_2.MinecraftReflexMixin from mod super_resolution,pl:mixin:APP:super_resolution.mixins.json:lowlatency.v26_2.MouseHandlerReflexMixin from mod super_resolution,pl:mixin:APP:super_resolution.mixins.json:lowlatency.v26_3.KeyboardHandlerReflexMixin from mod super_resolution,pl:mixin:APP:super_resolution.mixins.json:lowlatency.v26_3.MinecraftReflexMixin from mod super_resolution,pl:mixin:APP:super_resolution.mixins.json:lowlatency.v26_3.MouseHandlerReflexMixin from mod super_resolution,pl:mixin:APP:super_resolution.mixins.json:presentation.v1_20_1.VulkanPresentationGameRendererCaptureMixin from mod super_resolution,pl:mixin:APP:super_resolution.mixins.json:presentation.v1_20_1.VulkanPresentationGlDeviceMixin from mod super_resolution,pl:mixin:APP:super_resolution.mixins.json:presentation.v1_20_1.VulkanPresentationMinecraftBackendMixin from mod super_resolution,pl:mixin:APP:super_resolution.mixins.json:presentation.v1_20_1.VulkanPresentationMinecraftCaptureMixin from mod super_resolution,pl:mixin:APP:super_resolution.mixins.json:presentation.v1_20_1.VulkanPresentationWindowMixin from mod super_resolution,pl:mixin:APP:super_resolution.mixins.json:presentation.v1_21_1.VulkanPresentationMinecraftCaptureMixin from mod super_resolution,pl:mixin:APP:super_resolution.mixins.json:presentation.v1_21_11.VulkanPresentationGameRendererCaptureMixin from mod super_resolution,pl:mixin:APP:super_resolution.mixins.json:presentation.v1_21_11.VulkanPresentationGlDeviceMixin from mod super_resolution,pl:mixin:APP:super_resolution.mixins.json:presentation.v1_21_11.VulkanPresentationMinecraftBackendMixin from mod super_resolution,pl:mixin:APP:super_resolution.mixins.json:presentation.v1_21_11.VulkanPresentationMinecraftCaptureMixin from mod super_resolution,pl:mixin:APP:super_resolution.mixins.json:presentation.v1_21_11.VulkanPresentationWindowMixin from mod super_resolution,pl:mixin:APP:super_resolution.mixins.json:presentation.v26_1_x.VulkanPresentationGameRendererCaptureMixin from mod super_resolution,pl:mixin:APP:super_resolution.mixins.json:presentation.v26_1_x.VulkanPresentationGlDeviceMixin from mod super_resolution,pl:mixin:APP:super_resolution.mixins.json:presentation.v26_1_x.VulkanPresentationMinecraftBackendMixin from mod super_resolution,pl:mixin:APP:super_resolution.mixins.json:presentation.v26_1_x.VulkanPresentationMinecraftCaptureMixin from mod super_resolution,pl:mixin:APP:super_resolution.mixins.json:presentation.v26_1_x.VulkanPresentationWindowCloseMixin from mod super_resolution,pl:mixin:APP:super_resolution.mixins.json:presentation.v26_2.VulkanPresentationGameRendererCaptureMixin from mod super_resolution,pl:mixin:APP:super_resolution.mixins.json:presentation.v26_2.VulkanPresentationGlDeviceMixin from mod super_resolution,pl:mixin:APP:super_resolution.mixins.json:presentation.v26_2.VulkanPresentationMinecraftBackendMixin from mod super_resolution,pl:mixin:APP:super_resolution.mixins.json:presentation.v26_2.VulkanPresentationMinecraftCaptureMixin from mod super_resolution,pl:mixin:APP:super_resolution.mixins.json:presentation.v26_2.VulkanPresentationWindowCloseMixin from mod super_resolution,pl:mixin:APP:super_resolution.mixins.json:presentation.v26_3.VulkanPresentationGameRendererCaptureMixin from mod super_resolution,pl:mixin:APP:super_resolution.mixins.json:presentation.v26_3.VulkanPresentationGlDeviceMixin from mod super_resolution,pl:mixin:APP:super_resolution.mixins.json:presentation.v26_3.VulkanPresentationMinecraftBackendMixin from mod super_resolution,pl:mixin:APP:super_resolution.mixins.json:presentation.v26_3.VulkanPresentationMinecraftCaptureMixin from mod super_resolution,pl:mixin:APP:super_resolution.mixins.json:presentation.v26_3.VulkanPresentationWindowCloseMixin from mod super_resolution,pl:mixin:APP:super_resolution-neoforge.mixins.json:neoforge.FuckingValidation1218Mixin from mod super_resolution,pl:mixin:APP:super_resolution-neoforge.mixins.json:neoforge.FuckingValidationMixin from mod super_resolution,pl:mixin:APP:super_resolution_irisapi.mixins.json:composite.before1_21_1.GlStateManagerTextureStateAccessor from mod super_resolution,pl:mixin:APP:architectury.mixins.json:MixinMinecraft from mod architectury,pl:mixin:A,pl:runtimedistcleaner:A}
	at TRANSFORMER/minecraft@1.21.1/net.minecraft.client.Minecraft.onResourceLoadFinished(Minecraft.java:641) [neoforge-21.1.219.jar%23172!/:?] {re:mixin,pl:runtimedistcleaner:A,re:classloading,pl:mixin:APP:sodium-common.mixins.json:core.MinecraftMixin from mod sodium,pl:mixin:APP:sodium-neoforge.mixins.json:platform.neoforge.EntrypointMixin from mod sodium,pl:mixin:APP:mixins.iris.json:MixinMinecraft_Images from mod iris,pl:mixin:APP:mixins.iris.json:MixinMinecraft_Keybinds from mod iris,pl:mixin:APP:mixins.iris.json:MixinMinecraft_PipelineManagement from mod iris,pl:mixin:APP:super_resolution.mixins.json:core.GlTextureViewMixin from mod super_resolution,pl:mixin:APP:super_resolution.mixins.json:core.MinecraftMixin from mod super_resolution,pl:mixin:APP:super_resolution.mixins.json:core.accessor.MinecraftAccessor from mod super_resolution,pl:mixin:APP:super_resolution.mixins.json:framegeneration.v1_20_1.GameRendererConstantsMixin from mod super_resolution,pl:mixin:APP:super_resolution.mixins.json:framegeneration.v1_21_11.GameRendererConstantsMixin from mod super_resolution,pl:mixin:APP:super_resolution.mixins.json:framegeneration.v26_1_x.GameRendererConstantsMixin from mod super_resolution,pl:mixin:APP:super_resolution.mixins.json:framegeneration.v26_2.GameRendererConstantsMixin from mod super_resolution,pl:mixin:APP:super_resolution.mixins.json:framegeneration.v26_2.NativeLibrariesBootstrapMixin from mod super_resolution,pl:mixin:APP:super_resolution.mixins.json:framegeneration.v26_3.GameRendererConstantsMixin from mod super_resolution,pl:mixin:APP:super_resolution.mixins.json:framegeneration.v26_3.NativeLibrariesBootstrapMixin from mod super_resolution,pl:mixin:APP:super_resolution.mixins.json:gui.GuiGraphicsMixin from mod super_resolution,pl:mixin:APP:super_resolution.mixins.json:gui.GuiRendererDrawAccessor from mod super_resolution,pl:mixin:APP:super_resolution.mixins.json:gui.GuiRendererMixin from mod super_resolution,pl:mixin:APP:super_resolution.mixins.json:lowlatency.v1_20_1.KeyboardHandlerReflexMixin from mod super_resolution,pl:mixin:APP:super_resolution.mixins.json:lowlatency.v1_20_1.MinecraftReflexMixin from mod super_resolution,pl:mixin:APP:super_resolution.mixins.json:lowlatency.v1_20_1.MouseHandlerReflexMixin from mod super_resolution,pl:mixin:APP:super_resolution.mixins.json:lowlatency.v1_20_1.RenderSystemAccessor from mod super_resolution,pl:mixin:APP:super_resolution.mixins.json:lowlatency.v1_21_1.MinecraftReflexMixin from mod super_resolution,pl:mixin:APP:super_resolution.mixins.json:lowlatency.v1_21_11.KeyboardHandlerReflexMixin from mod super_resolution,pl:mixin:APP:super_resolution.mixins.json:lowlatency.v1_21_11.MinecraftReflexMixin from mod super_resolution,pl:mixin:APP:super_resolution.mixins.json:lowlatency.v1_21_11.MouseHandlerReflexMixin from mod super_resolution,pl:mixin:APP:super_resolution.mixins.json:lowlatency.v1_21_11.RenderSystemAccessor from mod super_resolution,pl:mixin:APP:super_resolution.mixins.json:lowlatency.v26_1_x.KeyboardHandlerReflexMixin from mod super_resolution,pl:mixin:APP:super_resolution.mixins.json:lowlatency.v26_1_x.MinecraftReflexMixin from mod super_resolution,pl:mixin:APP:super_resolution.mixins.json:lowlatency.v26_1_x.MouseHandlerReflexMixin from mod super_resolution,pl:mixin:APP:super_resolution.mixins.json:lowlatency.v26_2.KeyboardHandlerReflexMixin from mod super_resolution,pl:mixin:APP:super_resolution.mixins.json:lowlatency.v26_2.MinecraftReflexMixin from mod super_resolution,pl:mixin:APP:super_resolution.mixins.json:lowlatency.v26_2.MouseHandlerReflexMixin from mod super_resolution,pl:mixin:APP:super_resolution.mixins.json:lowlatency.v26_3.KeyboardHandlerReflexMixin from mod super_resolution,pl:mixin:APP:super_resolution.mixins.json:lowlatency.v26_3.MinecraftReflexMixin from mod super_resolution,pl:mixin:APP:super_resolution.mixins.json:lowlatency.v26_3.MouseHandlerReflexMixin from mod super_resolution,pl:mixin:APP:super_resolution.mixins.json:presentation.v1_20_1.VulkanPresentationGameRendererCaptureMixin from mod super_resolution,pl:mixin:APP:super_resolution.mixins.json:presentation.v1_20_1.VulkanPresentationGlDeviceMixin from mod super_resolution,pl:mixin:APP:super_resolution.mixins.json:presentation.v1_20_1.VulkanPresentationMinecraftBackendMixin from mod super_resolution,pl:mixin:APP:super_resolution.mixins.json:presentation.v1_20_1.VulkanPresentationMinecraftCaptureMixin from mod super_resolution,pl:mixin:APP:super_resolution.mixins.json:presentation.v1_20_1.VulkanPresentationWindowMixin from mod super_resolution,pl:mixin:APP:super_resolution.mixins.json:presentation.v1_21_1.VulkanPresentationMinecraftCaptureMixin from mod super_resolution,pl:mixin:APP:super_resolution.mixins.json:presentation.v1_21_11.VulkanPresentationGameRendererCaptureMixin from mod super_resolution,pl:mixin:APP:super_resolution.mixins.json:presentation.v1_21_11.VulkanPresentationGlDeviceMixin from mod super_resolution,pl:mixin:APP:super_resolution.mixins.json:presentation.v1_21_11.VulkanPresentationMinecraftBackendMixin from mod super_resolution,pl:mixin:APP:super_resolution.mixins.json:presentation.v1_21_11.VulkanPresentationMinecraftCaptureMixin from mod super_resolution,pl:mixin:APP:super_resolution.mixins.json:presentation.v1_21_11.VulkanPresentationWindowMixin from mod super_resolution,pl:mixin:APP:super_resolution.mixins.json:presentation.v26_1_x.VulkanPresentationGameRendererCaptureMixin from mod super_resolution,pl:mixin:APP:super_resolution.mixins.json:presentation.v26_1_x.VulkanPresentationGlDeviceMixin from mod super_resolution,pl:mixin:APP:super_resolution.mixins.json:presentation.v26_1_x.VulkanPresentationMinecraftBackendMixin from mod super_resolution,pl:mixin:APP:super_resolution.mixins.json:presentation.v26_1_x.VulkanPresentationMinecraftCaptureMixin from mod super_resolution,pl:mixin:APP:super_resolution.mixins.json:presentation.v26_1_x.VulkanPresentationWindowCloseMixin from mod super_resolution,pl:mixin:APP:super_resolution.mixins.json:presentation.v26_2.VulkanPresentationGameRendererCaptureMixin from mod super_resolution,pl:mixin:APP:super_resolution.mixins.json:presentation.v26_2.VulkanPresentationGlDeviceMixin from mod super_resolution,pl:mixin:APP:super_resolution.mixins.json:presentation.v26_2.VulkanPresentationMinecraftBackendMixin from mod super_resolution,pl:mixin:APP:super_resolution.mixins.json:presentation.v26_2.VulkanPresentationMinecraftCaptureMixin from mod super_resolution,pl:mixin:APP:super_resolution.mixins.json:presentation.v26_2.VulkanPresentationWindowCloseMixin from mod super_resolution,pl:mixin:APP:super_resolution.mixins.json:presentation.v26_3.VulkanPresentationGameRendererCaptureMixin from mod super_resolution,pl:mixin:APP:super_resolution.mixins.json:presentation.v26_3.VulkanPresentationGlDeviceMixin from mod super_resolution,pl:mixin:APP:super_resolution.mixins.json:presentation.v26_3.VulkanPresentationMinecraftBackendMixin from mod super_resolution,pl:mixin:APP:super_resolution.mixins.json:presentation.v26_3.VulkanPresentationMinecraftCaptureMixin from mod super_resolution,pl:mixin:APP:super_resolution.mixins.json:presentation.v26_3.VulkanPresentationWindowCloseMixin from mod super_resolution,pl:mixin:APP:super_resolution-neoforge.mixins.json:neoforge.FuckingValidation1218Mixin from mod super_resolution,pl:mixin:APP:super_resolution-neoforge.mixins.json:neoforge.FuckingValidationMixin from mod super_resolution,pl:mixin:APP:super_resolution_irisapi.mixins.json:composite.before1_21_1.GlStateManagerTextureStateAccessor from mod super_resolution,pl:mixin:APP:architectury.mixins.json:MixinMinecraft from mod architectury,pl:mixin:A,pl:runtimedistcleaner:A}
	at TRANSFORMER/minecraft@1.21.1/net.minecraft.client.Minecraft.lambda$new$7(Minecraft.java:629) [neoforge-21.1.219.jar%23172!/:?] {re:mixin,pl:runtimedistcleaner:A,re:classloading,pl:mixin:APP:sodium-common.mixins.json:core.MinecraftMixin from mod sodium,pl:mixin:APP:sodium-neoforge.mixins.json:platform.neoforge.EntrypointMixin from mod sodium,pl:mixin:APP:mixins.iris.json:MixinMinecraft_Images from mod iris,pl:mixin:APP:mixins.iris.json:MixinMinecraft_Keybinds from mod iris,pl:mixin:APP:mixins.iris.json:MixinMinecraft_PipelineManagement from mod iris,pl:mixin:APP:super_resolution.mixins.json:core.GlTextureViewMixin from mod super_resolution,pl:mixin:APP:super_resolution.mixins.json:core.MinecraftMixin from mod super_resolution,pl:mixin:APP:super_resolution.mixins.json:core.accessor.MinecraftAccessor from mod super_resolution,pl:mixin:APP:super_resolution.mixins.json:framegeneration.v1_20_1.GameRendererConstantsMixin from mod super_resolution,pl:mixin:APP:super_resolution.mixins.json:framegeneration.v1_21_11.GameRendererConstantsMixin from mod super_resolution,pl:mixin:APP:super_resolution.mixins.json:framegeneration.v26_1_x.GameRendererConstantsMixin from mod super_resolution,pl:mixin:APP:super_resolution.mixins.json:framegeneration.v26_2.GameRendererConstantsMixin from mod super_resolution,pl:mixin:APP:super_resolution.mixins.json:framegeneration.v26_2.NativeLibrariesBootstrapMixin from mod super_resolution,pl:mixin:APP:super_resolution.mixins.json:framegeneration.v26_3.GameRendererConstantsMixin from mod super_resolution,pl:mixin:APP:super_resolution.mixins.json:framegeneration.v26_3.NativeLibrariesBootstrapMixin from mod super_resolution,pl:mixin:APP:super_resolution.mixins.json:gui.GuiGraphicsMixin from mod super_resolution,pl:mixin:APP:super_resolution.mixins.json:gui.GuiRendererDrawAccessor from mod super_resolution,pl:mixin:APP:super_resolution.mixins.json:gui.GuiRendererMixin from mod super_resolution,pl:mixin:APP:super_resolution.mixins.json:lowlatency.v1_20_1.KeyboardHandlerReflexMixin from mod super_resolution,pl:mixin:APP:super_resolution.mixins.json:lowlatency.v1_20_1.MinecraftReflexMixin from mod super_resolution,pl:mixin:APP:super_resolution.mixins.json:lowlatency.v1_20_1.MouseHandlerReflexMixin from mod super_resolution,pl:mixin:APP:super_resolution.mixins.json:lowlatency.v1_20_1.RenderSystemAccessor from mod super_resolution,pl:mixin:APP:super_resolution.mixins.json:lowlatency.v1_21_1.MinecraftReflexMixin from mod super_resolution,pl:mixin:APP:super_resolution.mixins.json:lowlatency.v1_21_11.KeyboardHandlerReflexMixin from mod super_resolution,pl:mixin:APP:super_resolution.mixins.json:lowlatency.v1_21_11.MinecraftReflexMixin from mod super_resolution,pl:mixin:APP:super_resolution.mixins.json:lowlatency.v1_21_11.MouseHandlerReflexMixin from mod super_resolution,pl:mixin:APP:super_resolution.mixins.json:lowlatency.v1_21_11.RenderSystemAccessor from mod super_resolution,pl:mixin:APP:super_resolution.mixins.json:lowlatency.v26_1_x.KeyboardHandlerReflexMixin from mod super_resolution,pl:mixin:APP:super_resolution.mixins.json:lowlatency.v26_1_x.MinecraftReflexMixin from mod super_resolution,pl:mixin:APP:super_resolution.mixins.json:lowlatency.v26_1_x.MouseHandlerReflexMixin from mod super_resolution,pl:mixin:APP:super_resolution.mixins.json:lowlatency.v26_2.KeyboardHandlerReflexMixin from mod super_resolution,pl:mixin:APP:super_resolution.mixins.json:lowlatency.v26_2.MinecraftReflexMixin from mod super_resolution,pl:mixin:APP:super_resolution.mixins.json:lowlatency.v26_2.MouseHandlerReflexMixin from mod super_resolution,pl:mixin:APP:super_resolution.mixins.json:lowlatency.v26_3.KeyboardHandlerReflexMixin from mod super_resolution,pl:mixin:APP:super_resolution.mixins.json:lowlatency.v26_3.MinecraftReflexMixin from mod super_resolution,pl:mixin:APP:super_resolution.mixins.json:lowlatency.v26_3.MouseHandlerReflexMixin from mod super_resolution,pl:mixin:APP:super_resolution.mixins.json:presentation.v1_20_1.VulkanPresentationGameRendererCaptureMixin from mod super_resolution,pl:mixin:APP:super_resolution.mixins.json:presentation.v1_20_1.VulkanPresentationGlDeviceMixin from mod super_resolution,pl:mixin:APP:super_resolution.mixins.json:presentation.v1_20_1.VulkanPresentationMinecraftBackendMixin from mod super_resolution,pl:mixin:APP:super_resolution.mixins.json:presentation.v1_20_1.VulkanPresentationMinecraftCaptureMixin from mod super_resolution,pl:mixin:APP:super_resolution.mixins.json:presentation.v1_20_1.VulkanPresentationWindowMixin from mod super_resolution,pl:mixin:APP:super_resolution.mixins.json:presentation.v1_21_1.VulkanPresentationMinecraftCaptureMixin from mod super_resolution,pl:mixin:APP:super_resolution.mixins.json:presentation.v1_21_11.VulkanPresentationGameRendererCaptureMixin from mod super_resolution,pl:mixin:APP:super_resolution.mixins.json:presentation.v1_21_11.VulkanPresentationGlDeviceMixin from mod super_resolution,pl:mixin:APP:super_resolution.mixins.json:presentation.v1_21_11.VulkanPresentationMinecraftBackendMixin from mod super_resolution,pl:mixin:APP:super_resolution.mixins.json:presentation.v1_21_11.VulkanPresentationMinecraftCaptureMixin from mod super_resolution,pl:mixin:APP:super_resolution.mixins.json:presentation.v1_21_11.VulkanPresentationWindowMixin from mod super_resolution,pl:mixin:APP:super_resolution.mixins.json:presentation.v26_1_x.VulkanPresentationGameRendererCaptureMixin from mod super_resolution,pl:mixin:APP:super_resolution.mixins.json:presentation.v26_1_x.VulkanPresentationGlDeviceMixin from mod super_resolution,pl:mixin:APP:super_resolution.mixins.json:presentation.v26_1_x.VulkanPresentationMinecraftBackendMixin from mod super_resolution,pl:mixin:APP:super_resolution.mixins.json:presentation.v26_1_x.VulkanPresentationMinecraftCaptureMixin from mod super_resolution,pl:mixin:APP:super_resolution.mixins.json:presentation.v26_1_x.VulkanPresentationWindowCloseMixin from mod super_resolution,pl:mixin:APP:super_resolution.mixins.json:presentation.v26_2.VulkanPresentationGameRendererCaptureMixin from mod super_resolution,pl:mixin:APP:super_resolution.mixins.json:presentation.v26_2.VulkanPresentationGlDeviceMixin from mod super_resolution,pl:mixin:APP:super_resolution.mixins.json:presentation.v26_2.VulkanPresentationMinecraftBackendMixin from mod super_resolution,pl:mixin:APP:super_resolution.mixins.json:presentation.v26_2.VulkanPresentationMinecraftCaptureMixin from mod super_resolution,pl:mixin:APP:super_resolution.mixins.json:presentation.v26_2.VulkanPresentationWindowCloseMixin from mod super_resolution,pl:mixin:APP:super_resolution.mixins.json:presentation.v26_3.VulkanPresentationGameRendererCaptureMixin from mod super_resolution,pl:mixin:APP:super_resolution.mixins.json:presentation.v26_3.VulkanPresentationGlDeviceMixin from mod super_resolution,pl:mixin:APP:super_resolution.mixins.json:presentation.v26_3.VulkanPresentationMinecraftBackendMixin from mod super_resolution,pl:mixin:APP:super_resolution.mixins.json:presentation.v26_3.VulkanPresentationMinecraftCaptureMixin from mod super_resolution,pl:mixin:APP:super_resolution.mixins.json:presentation.v26_3.VulkanPresentationWindowCloseMixin from mod super_resolution,pl:mixin:APP:super_resolution-neoforge.mixins.json:neoforge.FuckingValidation1218Mixin from mod super_resolution,pl:mixin:APP:super_resolution-neoforge.mixins.json:neoforge.FuckingValidationMixin from mod super_resolution,pl:mixin:APP:super_resolution_irisapi.mixins.json:composite.before1_21_1.GlStateManagerTextureStateAccessor from mod super_resolution,pl:mixin:APP:architectury.mixins.json:MixinMinecraft from mod architectury,pl:mixin:A,pl:runtimedistcleaner:A}
	at TRANSFORMER/minecraft@1.21.1/net.minecraft.Util.ifElse(Util.java:513) [neoforge-21.1.219.jar%23172!/:?] {re:classloading,re:mixin}
	at TRANSFORMER/minecraft@1.21.1/net.minecraft.client.Minecraft.lambda$new$8(Minecraft.java:623) [neoforge-21.1.219.jar%23172!/:?] {re:mixin,pl:runtimedistcleaner:A,re:classloading,pl:mixin:APP:sodium-common.mixins.json:core.MinecraftMixin from mod sodium,pl:mixin:APP:sodium-neoforge.mixins.json:platform.neoforge.EntrypointMixin from mod sodium,pl:mixin:APP:mixins.iris.json:MixinMinecraft_Images from mod iris,pl:mixin:APP:mixins.iris.json:MixinMinecraft_Keybinds from mod iris,pl:mixin:APP:mixins.iris.json:MixinMinecraft_PipelineManagement from mod iris,pl:mixin:APP:super_resolution.mixins.json:core.GlTextureViewMixin from mod super_resolution,pl:mixin:APP:super_resolution.mixins.json:core.MinecraftMixin from mod super_resolution,pl:mixin:APP:super_resolution.mixins.json:core.accessor.MinecraftAccessor from mod super_resolution,pl:mixin:APP:super_resolution.mixins.json:framegeneration.v1_20_1.GameRendererConstantsMixin from mod super_resolution,pl:mixin:APP:super_resolution.mixins.json:framegeneration.v1_21_11.GameRendererConstantsMixin from mod super_resolution,pl:mixin:APP:super_resolution.mixins.json:framegeneration.v26_1_x.GameRendererConstantsMixin from mod super_resolution,pl:mixin:APP:super_resolution.mixins.json:framegeneration.v26_2.GameRendererConstantsMixin from mod super_resolution,pl:mixin:APP:super_resolution.mixins.json:framegeneration.v26_2.NativeLibrariesBootstrapMixin from mod super_resolution,pl:mixin:APP:super_resolution.mixins.json:framegeneration.v26_3.GameRendererConstantsMixin from mod super_resolution,pl:mixin:APP:super_resolution.mixins.json:framegeneration.v26_3.NativeLibrariesBootstrapMixin from mod super_resolution,pl:mixin:APP:super_resolution.mixins.json:gui.GuiGraphicsMixin from mod super_resolution,pl:mixin:APP:super_resolution.mixins.json:gui.GuiRendererDrawAccessor from mod super_resolution,pl:mixin:APP:super_resolution.mixins.json:gui.GuiRendererMixin from mod super_resolution,pl:mixin:APP:super_resolution.mixins.json:lowlatency.v1_20_1.KeyboardHandlerReflexMixin from mod super_resolution,pl:mixin:APP:super_resolution.mixins.json:lowlatency.v1_20_1.MinecraftReflexMixin from mod super_resolution,pl:mixin:APP:super_resolution.mixins.json:lowlatency.v1_20_1.MouseHandlerReflexMixin from mod super_resolution,pl:mixin:APP:super_resolution.mixins.json:lowlatency.v1_20_1.RenderSystemAccessor from mod super_resolution,pl:mixin:APP:super_resolution.mixins.json:lowlatency.v1_21_1.MinecraftReflexMixin from mod super_resolution,pl:mixin:APP:super_resolution.mixins.json:lowlatency.v1_21_11.KeyboardHandlerReflexMixin from mod super_resolution,pl:mixin:APP:super_resolution.mixins.json:lowlatency.v1_21_11.MinecraftReflexMixin from mod super_resolution,pl:mixin:APP:super_resolution.mixins.json:lowlatency.v1_21_11.MouseHandlerReflexMixin from mod super_resolution,pl:mixin:APP:super_resolution.mixins.json:lowlatency.v1_21_11.RenderSystemAccessor from mod super_resolution,pl:mixin:APP:super_resolution.mixins.json:lowlatency.v26_1_x.KeyboardHandlerReflexMixin from mod super_resolution,pl:mixin:APP:super_resolution.mixins.json:lowlatency.v26_1_x.MinecraftReflexMixin from mod super_resolution,pl:mixin:APP:super_resolution.mixins.json:lowlatency.v26_1_x.MouseHandlerReflexMixin from mod super_resolution,pl:mixin:APP:super_resolution.mixins.json:lowlatency.v26_2.KeyboardHandlerReflexMixin from mod super_resolution,pl:mixin:APP:super_resolution.mixins.json:lowlatency.v26_2.MinecraftReflexMixin from mod super_resolution,pl:mixin:APP:super_resolution.mixins.json:lowlatency.v26_2.MouseHandlerReflexMixin from mod super_resolution,pl:mixin:APP:super_resolution.mixins.json:lowlatency.v26_3.KeyboardHandlerReflexMixin from mod super_resolution,pl:mixin:APP:super_resolution.mixins.json:lowlatency.v26_3.MinecraftReflexMixin from mod super_resolution,pl:mixin:APP:super_resolution.mixins.json:lowlatency.v26_3.MouseHandlerReflexMixin from mod super_resolution,pl:mixin:APP:super_resolution.mixins.json:presentation.v1_20_1.VulkanPresentationGameRendererCaptureMixin from mod super_resolution,pl:mixin:APP:super_resolution.mixins.json:presentation.v1_20_1.VulkanPresentationGlDeviceMixin from mod super_resolution,pl:mixin:APP:super_resolution.mixins.json:presentation.v1_20_1.VulkanPresentationMinecraftBackendMixin from mod super_resolution,pl:mixin:APP:super_resolution.mixins.json:presentation.v1_20_1.VulkanPresentationMinecraftCaptureMixin from mod super_resolution,pl:mixin:APP:super_resolution.mixins.json:presentation.v1_20_1.VulkanPresentationWindowMixin from mod super_resolution,pl:mixin:APP:super_resolution.mixins.json:presentation.v1_21_1.VulkanPresentationMinecraftCaptureMixin from mod super_resolution,pl:mixin:APP:super_resolution.mixins.json:presentation.v1_21_11.VulkanPresentationGameRendererCaptureMixin from mod super_resolution,pl:mixin:APP:super_resolution.mixins.json:presentation.v1_21_11.VulkanPresentationGlDeviceMixin from mod super_resolution,pl:mixin:APP:super_resolution.mixins.json:presentation.v1_21_11.VulkanPresentationMinecraftBackendMixin from mod super_resolution,pl:mixin:APP:super_resolution.mixins.json:presentation.v1_21_11.VulkanPresentationMinecraftCaptureMixin from mod super_resolution,pl:mixin:APP:super_resolution.mixins.json:presentation.v1_21_11.VulkanPresentationWindowMixin from mod super_resolution,pl:mixin:APP:super_resolution.mixins.json:presentation.v26_1_x.VulkanPresentationGameRendererCaptureMixin from mod super_resolution,pl:mixin:APP:super_resolution.mixins.json:presentation.v26_1_x.VulkanPresentationGlDeviceMixin from mod super_resolution,pl:mixin:APP:super_resolution.mixins.json:presentation.v26_1_x.VulkanPresentationMinecraftBackendMixin from mod super_resolution,pl:mixin:APP:super_resolution.mixins.json:presentation.v26_1_x.VulkanPresentationMinecraftCaptureMixin from mod super_resolution,pl:mixin:APP:super_resolution.mixins.json:presentation.v26_1_x.VulkanPresentationWindowCloseMixin from mod super_resolution,pl:mixin:APP:super_resolution.mixins.json:presentation.v26_2.VulkanPresentationGameRendererCaptureMixin from mod super_resolution,pl:mixin:APP:super_resolution.mixins.json:presentation.v26_2.VulkanPresentationGlDeviceMixin from mod super_resolution,pl:mixin:APP:super_resolution.mixins.json:presentation.v26_2.VulkanPresentationMinecraftBackendMixin from mod super_resolution,pl:mixin:APP:super_resolution.mixins.json:presentation.v26_2.VulkanPresentationMinecraftCaptureMixin from mod super_resolution,pl:mixin:APP:super_resolution.mixins.json:presentation.v26_2.VulkanPresentationWindowCloseMixin from mod super_resolution,pl:mixin:APP:super_resolution.mixins.json:presentation.v26_3.VulkanPresentationGameRendererCaptureMixin from mod super_resolution,pl:mixin:APP:super_resolution.mixins.json:presentation.v26_3.VulkanPresentationGlDeviceMixin from mod super_resolution,pl:mixin:APP:super_resolution.mixins.json:presentation.v26_3.VulkanPresentationMinecraftBackendMixin from mod super_resolution,pl:mixin:APP:super_resolution.mixins.json:presentation.v26_3.VulkanPresentationMinecraftCaptureMixin from mod super_resolution,pl:mixin:APP:super_resolution.mixins.json:presentation.v26_3.VulkanPresentationWindowCloseMixin from mod super_resolution,pl:mixin:APP:super_resolution-neoforge.mixins.json:neoforge.FuckingValidation1218Mixin from mod super_resolution,pl:mixin:APP:super_resolution-neoforge.mixins.json:neoforge.FuckingValidationMixin from mod super_resolution,pl:mixin:APP:super_resolution_irisapi.mixins.json:composite.before1_21_1.GlStateManagerTextureStateAccessor from mod super_resolution,pl:mixin:APP:architectury.mixins.json:MixinMinecraft from mod architectury,pl:mixin:A,pl:runtimedistcleaner:A}
	at TRANSFORMER/minecraft@1.21.1/net.minecraft.client.gui.screens.LoadingOverlay.render(LoadingOverlay.java:139) [neoforge-21.1.219.jar%23172!/:?] {re:classloading,pl:runtimedistcleaner:A}
	at TRANSFORMER/minecraft@1.21.1/net.minecraft.client.renderer.GameRenderer.render(GameRenderer.java:1081) [neoforge-21.1.219.jar%23172!/:?] {re:mixin,pl:accesstransformer:B,pl:runtimedistcleaner:A,re:classloading,pl:accesstransformer:B,pl:mixin:APP:super_resolution.mixins.json:framegeneration.v1_21_1.GameRendererConstantsMixin from mod super_resolution,pl:mixin:APP:sodium-common.mixins.json:features.gui.hooks.console.GameRendererMixin from mod sodium,pl:mixin:APP:mixins.iris.json:GameRendererAccessor from mod iris,pl:mixin:APP:mixins.iris.json:MixinGameRenderer from mod iris,pl:mixin:APP:mixins.iris.json:MixinModelViewBobbing from mod iris,pl:mixin:APP:super_resolution.mixins.json:core.GameRendererMixin from mod super_resolution,pl:mixin:APP:super_resolution.mixins.json:debug.ImguiMixin from mod super_resolution,pl:mixin:APP:super_resolution.mixins.json:gui.GameRendererAccessor from mod super_resolution,pl:mixin:APP:super_resolution.mixins.json:presentation.v1_21_1.VulkanPresentationGameRendererCaptureMixin from mod super_resolution,pl:mixin:APP:mixins.iris.json:MixinGameRenderer_NightVisionCompat from mod iris,pl:mixin:A,pl:runtimedistcleaner:A}
	at TRANSFORMER/minecraft@1.21.1/net.minecraft.client.Minecraft.runTick(Minecraft.java:1195) [neoforge-21.1.219.jar%23172!/:?] {re:mixin,pl:runtimedistcleaner:A,re:classloading,pl:mixin:APP:sodium-common.mixins.json:core.MinecraftMixin from mod sodium,pl:mixin:APP:sodium-neoforge.mixins.json:platform.neoforge.EntrypointMixin from mod sodium,pl:mixin:APP:mixins.iris.json:MixinMinecraft_Images from mod iris,pl:mixin:APP:mixins.iris.json:MixinMinecraft_Keybinds from mod iris,pl:mixin:APP:mixins.iris.json:MixinMinecraft_PipelineManagement from mod iris,pl:mixin:APP:super_resolution.mixins.json:core.GlTextureViewMixin from mod super_resolution,pl:mixin:APP:super_resolution.mixins.json:core.MinecraftMixin from mod super_resolution,pl:mixin:APP:super_resolution.mixins.json:core.accessor.MinecraftAccessor from mod super_resolution,pl:mixin:APP:super_resolution.mixins.json:framegeneration.v1_20_1.GameRendererConstantsMixin from mod super_resolution,pl:mixin:APP:super_resolution.mixins.json:framegeneration.v1_21_11.GameRendererConstantsMixin from mod super_resolution,pl:mixin:APP:super_resolution.mixins.json:framegeneration.v26_1_x.GameRendererConstantsMixin from mod super_resolution,pl:mixin:APP:super_resolution.mixins.json:framegeneration.v26_2.GameRendererConstantsMixin from mod super_resolution,pl:mixin:APP:super_resolution.mixins.json:framegeneration.v26_2.NativeLibrariesBootstrapMixin from mod super_resolution,pl:mixin:APP:super_resolution.mixins.json:framegeneration.v26_3.GameRendererConstantsMixin from mod super_resolution,pl:mixin:APP:super_resolution.mixins.json:framegeneration.v26_3.NativeLibrariesBootstrapMixin from mod super_resolution,pl:mixin:APP:super_resolution.mixins.json:gui.GuiGraphicsMixin from mod super_resolution,pl:mixin:APP:super_resolution.mixins.json:gui.GuiRendererDrawAccessor from mod super_resolution,pl:mixin:APP:super_resolution.mixins.json:gui.GuiRendererMixin from mod super_resolution,pl:mixin:APP:super_resolution.mixins.json:lowlatency.v1_20_1.KeyboardHandlerReflexMixin from mod super_resolution,pl:mixin:APP:super_resolution.mixins.json:lowlatency.v1_20_1.MinecraftReflexMixin from mod super_resolution,pl:mixin:APP:super_resolution.mixins.json:lowlatency.v1_20_1.MouseHandlerReflexMixin from mod super_resolution,pl:mixin:APP:super_resolution.mixins.json:lowlatency.v1_20_1.RenderSystemAccessor from mod super_resolution,pl:mixin:APP:super_resolution.mixins.json:lowlatency.v1_21_1.MinecraftReflexMixin from mod super_resolution,pl:mixin:APP:super_resolution.mixins.json:lowlatency.v1_21_11.KeyboardHandlerReflexMixin from mod super_resolution,pl:mixin:APP:super_resolution.mixins.json:lowlatency.v1_21_11.MinecraftReflexMixin from mod super_resolution,pl:mixin:APP:super_resolution.mixins.json:lowlatency.v1_21_11.MouseHandlerReflexMixin from mod super_resolution,pl:mixin:APP:super_resolution.mixins.json:lowlatency.v1_21_11.RenderSystemAccessor from mod super_resolution,pl:mixin:APP:super_resolution.mixins.json:lowlatency.v26_1_x.KeyboardHandlerReflexMixin from mod super_resolution,pl:mixin:APP:super_resolution.mixins.json:lowlatency.v26_1_x.MinecraftReflexMixin from mod super_resolution,pl:mixin:APP:super_resolution.mixins.json:lowlatency.v26_1_x.MouseHandlerReflexMixin from mod super_resolution,pl:mixin:APP:super_resolution.mixins.json:lowlatency.v26_2.KeyboardHandlerReflexMixin from mod super_resolution,pl:mixin:APP:super_resolution.mixins.json:lowlatency.v26_2.MinecraftReflexMixin from mod super_resolution,pl:mixin:APP:super_resolution.mixins.json:lowlatency.v26_2.MouseHandlerReflexMixin from mod super_resolution,pl:mixin:APP:super_resolution.mixins.json:lowlatency.v26_3.KeyboardHandlerReflexMixin from mod super_resolution,pl:mixin:APP:super_resolution.mixins.json:lowlatency.v26_3.MinecraftReflexMixin from mod super_resolution,pl:mixin:APP:super_resolution.mixins.json:lowlatency.v26_3.MouseHandlerReflexMixin from mod super_resolution,pl:mixin:APP:super_resolution.mixins.json:presentation.v1_20_1.VulkanPresentationGameRendererCaptureMixin from mod super_resolution,pl:mixin:APP:super_resolution.mixins.json:presentation.v1_20_1.VulkanPresentationGlDeviceMixin from mod super_resolution,pl:mixin:APP:super_resolution.mixins.json:presentation.v1_20_1.VulkanPresentationMinecraftBackendMixin from mod super_resolution,pl:mixin:APP:super_resolution.mixins.json:presentation.v1_20_1.VulkanPresentationMinecraftCaptureMixin from mod super_resolution,pl:mixin:APP:super_resolution.mixins.json:presentation.v1_20_1.VulkanPresentationWindowMixin from mod super_resolution,pl:mixin:APP:super_resolution.mixins.json:presentation.v1_21_1.VulkanPresentationMinecraftCaptureMixin from mod super_resolution,pl:mixin:APP:super_resolution.mixins.json:presentation.v1_21_11.VulkanPresentationGameRendererCaptureMixin from mod super_resolution,pl:mixin:APP:super_resolution.mixins.json:presentation.v1_21_11.VulkanPresentationGlDeviceMixin from mod super_resolution,pl:mixin:APP:super_resolution.mixins.json:presentation.v1_21_11.VulkanPresentationMinecraftBackendMixin from mod super_resolution,pl:mixin:APP:super_resolution.mixins.json:presentation.v1_21_11.VulkanPresentationMinecraftCaptureMixin from mod super_resolution,pl:mixin:APP:super_resolution.mixins.json:presentation.v1_21_11.VulkanPresentationWindowMixin from mod super_resolution,pl:mixin:APP:super_resolution.mixins.json:presentation.v26_1_x.VulkanPresentationGameRendererCaptureMixin from mod super_resolution,pl:mixin:APP:super_resolution.mixins.json:presentation.v26_1_x.VulkanPresentationGlDeviceMixin from mod super_resolution,pl:mixin:APP:super_resolution.mixins.json:presentation.v26_1_x.VulkanPresentationMinecraftBackendMixin from mod super_resolution,pl:mixin:APP:super_resolution.mixins.json:presentation.v26_1_x.VulkanPresentationMinecraftCaptureMixin from mod super_resolution,pl:mixin:APP:super_resolution.mixins.json:presentation.v26_1_x.VulkanPresentationWindowCloseMixin from mod super_resolution,pl:mixin:APP:super_resolution.mixins.json:presentation.v26_2.VulkanPresentationGameRendererCaptureMixin from mod super_resolution,pl:mixin:APP:super_resolution.mixins.json:presentation.v26_2.VulkanPresentationGlDeviceMixin from mod super_resolution,pl:mixin:APP:super_resolution.mixins.json:presentation.v26_2.VulkanPresentationMinecraftBackendMixin from mod super_resolution,pl:mixin:APP:super_resolution.mixins.json:presentation.v26_2.VulkanPresentationMinecraftCaptureMixin from mod super_resolution,pl:mixin:APP:super_resolution.mixins.json:presentation.v26_2.VulkanPresentationWindowCloseMixin from mod super_resolution,pl:mixin:APP:super_resolution.mixins.json:presentation.v26_3.VulkanPresentationGameRendererCaptureMixin from mod super_resolution,pl:mixin:APP:super_resolution.mixins.json:presentation.v26_3.VulkanPresentationGlDeviceMixin from mod super_resolution,pl:mixin:APP:super_resolution.mixins.json:presentation.v26_3.VulkanPresentationMinecraftBackendMixin from mod super_resolution,pl:mixin:APP:super_resolution.mixins.json:presentation.v26_3.VulkanPresentationMinecraftCaptureMixin from mod super_resolution,pl:mixin:APP:super_resolution.mixins.json:presentation.v26_3.VulkanPresentationWindowCloseMixin from mod super_resolution,pl:mixin:APP:super_resolution-neoforge.mixins.json:neoforge.FuckingValidation1218Mixin from mod super_resolution,pl:mixin:APP:super_resolution-neoforge.mixins.json:neoforge.FuckingValidationMixin from mod super_resolution,pl:mixin:APP:super_resolution_irisapi.mixins.json:composite.before1_21_1.GlStateManagerTextureStateAccessor from mod super_resolution,pl:mixin:APP:architectury.mixins.json:MixinMinecraft from mod architectury,pl:mixin:A,pl:runtimedistcleaner:A}
	at TRANSFORMER/minecraft@1.21.1/net.minecraft.client.Minecraft.run(Minecraft.java:807) [neoforge-21.1.219.jar%23172!/:?] {re:mixin,pl:runtimedistcleaner:A,re:classloading,pl:mixin:APP:sodium-common.mixins.json:core.MinecraftMixin from mod sodium,pl:mixin:APP:sodium-neoforge.mixins.json:platform.neoforge.EntrypointMixin from mod sodium,pl:mixin:APP:mixins.iris.json:MixinMinecraft_Images from mod iris,pl:mixin:APP:mixins.iris.json:MixinMinecraft_Keybinds from mod iris,pl:mixin:APP:mixins.iris.json:MixinMinecraft_PipelineManagement from mod iris,pl:mixin:APP:super_resolution.mixins.json:core.GlTextureViewMixin from mod super_resolution,pl:mixin:APP:super_resolution.mixins.json:core.MinecraftMixin from mod super_resolution,pl:mixin:APP:super_resolution.mixins.json:core.accessor.MinecraftAccessor from mod super_resolution,pl:mixin:APP:super_resolution.mixins.json:framegeneration.v1_20_1.GameRendererConstantsMixin from mod super_resolution,pl:mixin:APP:super_resolution.mixins.json:framegeneration.v1_21_11.GameRendererConstantsMixin from mod super_resolution,pl:mixin:APP:super_resolution.mixins.json:framegeneration.v26_1_x.GameRendererConstantsMixin from mod super_resolution,pl:mixin:APP:super_resolution.mixins.json:framegeneration.v26_2.GameRendererConstantsMixin from mod super_resolution,pl:mixin:APP:super_resolution.mixins.json:framegeneration.v26_2.NativeLibrariesBootstrapMixin from mod super_resolution,pl:mixin:APP:super_resolution.mixins.json:framegeneration.v26_3.GameRendererConstantsMixin from mod super_resolution,pl:mixin:APP:super_resolution.mixins.json:framegeneration.v26_3.NativeLibrariesBootstrapMixin from mod super_resolution,pl:mixin:APP:super_resolution.mixins.json:gui.GuiGraphicsMixin from mod super_resolution,pl:mixin:APP:super_resolution.mixins.json:gui.GuiRendererDrawAccessor from mod super_resolution,pl:mixin:APP:super_resolution.mixins.json:gui.GuiRendererMixin from mod super_resolution,pl:mixin:APP:super_resolution.mixins.json:lowlatency.v1_20_1.KeyboardHandlerReflexMixin from mod super_resolution,pl:mixin:APP:super_resolution.mixins.json:lowlatency.v1_20_1.MinecraftReflexMixin from mod super_resolution,pl:mixin:APP:super_resolution.mixins.json:lowlatency.v1_20_1.MouseHandlerReflexMixin from mod super_resolution,pl:mixin:APP:super_resolution.mixins.json:lowlatency.v1_20_1.RenderSystemAccessor from mod super_resolution,pl:mixin:APP:super_resolution.mixins.json:lowlatency.v1_21_1.MinecraftReflexMixin from mod super_resolution,pl:mixin:APP:super_resolution.mixins.json:lowlatency.v1_21_11.KeyboardHandlerReflexMixin from mod super_resolution,pl:mixin:APP:super_resolution.mixins.json:lowlatency.v1_21_11.MinecraftReflexMixin from mod super_resolution,pl:mixin:APP:super_resolution.mixins.json:lowlatency.v1_21_11.MouseHandlerReflexMixin from mod super_resolution,pl:mixin:APP:super_resolution.mixins.json:lowlatency.v1_21_11.RenderSystemAccessor from mod super_resolution,pl:mixin:APP:super_resolution.mixins.json:lowlatency.v26_1_x.KeyboardHandlerReflexMixin from mod super_resolution,pl:mixin:APP:super_resolution.mixins.json:lowlatency.v26_1_x.MinecraftReflexMixin from mod super_resolution,pl:mixin:APP:super_resolution.mixins.json:lowlatency.v26_1_x.MouseHandlerReflexMixin from mod super_resolution,pl:mixin:APP:super_resolution.mixins.json:lowlatency.v26_2.KeyboardHandlerReflexMixin from mod super_resolution,pl:mixin:APP:super_resolution.mixins.json:lowlatency.v26_2.MinecraftReflexMixin from mod super_resolution,pl:mixin:APP:super_resolution.mixins.json:lowlatency.v26_2.MouseHandlerReflexMixin from mod super_resolution,pl:mixin:APP:super_resolution.mixins.json:lowlatency.v26_3.KeyboardHandlerReflexMixin from mod super_resolution,pl:mixin:APP:super_resolution.mixins.json:lowlatency.v26_3.MinecraftReflexMixin from mod super_resolution,pl:mixin:APP:super_resolution.mixins.json:lowlatency.v26_3.MouseHandlerReflexMixin from mod super_resolution,pl:mixin:APP:super_resolution.mixins.json:presentation.v1_20_1.VulkanPresentationGameRendererCaptureMixin from mod super_resolution,pl:mixin:APP:super_resolution.mixins.json:presentation.v1_20_1.VulkanPresentationGlDeviceMixin from mod super_resolution,pl:mixin:APP:super_resolution.mixins.json:presentation.v1_20_1.VulkanPresentationMinecraftBackendMixin from mod super_resolution,pl:mixin:APP:super_resolution.mixins.json:presentation.v1_20_1.VulkanPresentationMinecraftCaptureMixin from mod super_resolution,pl:mixin:APP:super_resolution.mixins.json:presentation.v1_20_1.VulkanPresentationWindowMixin from mod super_resolution,pl:mixin:APP:super_resolution.mixins.json:presentation.v1_21_1.VulkanPresentationMinecraftCaptureMixin from mod super_resolution,pl:mixin:APP:super_resolution.mixins.json:presentation.v1_21_11.VulkanPresentationGameRendererCaptureMixin from mod super_resolution,pl:mixin:APP:super_resolution.mixins.json:presentation.v1_21_11.VulkanPresentationGlDeviceMixin from mod super_resolution,pl:mixin:APP:super_resolution.mixins.json:presentation.v1_21_11.VulkanPresentationMinecraftBackendMixin from mod super_resolution,pl:mixin:APP:super_resolution.mixins.json:presentation.v1_21_11.VulkanPresentationMinecraftCaptureMixin from mod super_resolution,pl:mixin:APP:super_resolution.mixins.json:presentation.v1_21_11.VulkanPresentationWindowMixin from mod super_resolution,pl:mixin:APP:super_resolution.mixins.json:presentation.v26_1_x.VulkanPresentationGameRendererCaptureMixin from mod super_resolution,pl:mixin:APP:super_resolution.mixins.json:presentation.v26_1_x.VulkanPresentationGlDeviceMixin from mod super_resolution,pl:mixin:APP:super_resolution.mixins.json:presentation.v26_1_x.VulkanPresentationMinecraftBackendMixin from mod super_resolution,pl:mixin:APP:super_resolution.mixins.json:presentation.v26_1_x.VulkanPresentationMinecraftCaptureMixin from mod super_resolution,pl:mixin:APP:super_resolution.mixins.json:presentation.v26_1_x.VulkanPresentationWindowCloseMixin from mod super_resolution,pl:mixin:APP:super_resolution.mixins.json:presentation.v26_2.VulkanPresentationGameRendererCaptureMixin from mod super_resolution,pl:mixin:APP:super_resolution.mixins.json:presentation.v26_2.VulkanPresentationGlDeviceMixin from mod super_resolution,pl:mixin:APP:super_resolution.mixins.json:presentation.v26_2.VulkanPresentationMinecraftBackendMixin from mod super_resolution,pl:mixin:APP:super_resolution.mixins.json:presentation.v26_2.VulkanPresentationMinecraftCaptureMixin from mod super_resolution,pl:mixin:APP:super_resolution.mixins.json:presentation.v26_2.VulkanPresentationWindowCloseMixin from mod super_resolution,pl:mixin:APP:super_resolution.mixins.json:presentation.v26_3.VulkanPresentationGameRendererCaptureMixin from mod super_resolution,pl:mixin:APP:super_resolution.mixins.json:presentation.v26_3.VulkanPresentationGlDeviceMixin from mod super_resolution,pl:mixin:APP:super_resolution.mixins.json:presentation.v26_3.VulkanPresentationMinecraftBackendMixin from mod super_resolution,pl:mixin:APP:super_resolution.mixins.json:presentation.v26_3.VulkanPresentationMinecraftCaptureMixin from mod super_resolution,pl:mixin:APP:super_resolution.mixins.json:presentation.v26_3.VulkanPresentationWindowCloseMixin from mod super_resolution,pl:mixin:APP:super_resolution-neoforge.mixins.json:neoforge.FuckingValidation1218Mixin from mod super_resolution,pl:mixin:APP:super_resolution-neoforge.mixins.json:neoforge.FuckingValidationMixin from mod super_resolution,pl:mixin:APP:super_resolution_irisapi.mixins.json:composite.before1_21_1.GlStateManagerTextureStateAccessor from mod super_resolution,pl:mixin:APP:architectury.mixins.json:MixinMinecraft from mod architectury,pl:mixin:A,pl:runtimedistcleaner:A}
	at TRANSFORMER/minecraft@1.21.1/net.minecraft.client.main.Main.main(Main.java:230) [neoforge-21.1.219.jar%23172!/:?] {re:classloading,pl:runtimedistcleaner:A}
	at java.base/jdk.internal.reflect.DirectMethodHandleAccessor.invoke(DirectMethodHandleAccessor.java:104) ~[?:?] {}
	at java.base/java.lang.reflect.Method.invoke(Method.java:565) ~[?:?] {}
	at MC-BOOTSTRAP/fml_loader@4.0.42/net.neoforged.fml.loading.targets.CommonLaunchHandler.runTarget(CommonLaunchHandler.java:136) [loader-4.0.42.jar%23130!/:4.0] {}
	at MC-BOOTSTRAP/fml_loader@4.0.42/net.neoforged.fml.loading.targets.CommonLaunchHandler.clientService(CommonLaunchHandler.java:124) [loader-4.0.42.jar%23130!/:4.0] {}
	at MC-BOOTSTRAP/fml_loader@4.0.42/net.neoforged.fml.loading.targets.NeoForgeClientDevLaunchHandler.runService(NeoForgeClientDevLaunchHandler.java:23) [loader-4.0.42.jar%23130!/:4.0] {}
	at MC-BOOTSTRAP/fml_loader@4.0.42/net.neoforged.fml.loading.targets.CommonLaunchHandler.lambda$launchService$4(CommonLaunchHandler.java:118) [loader-4.0.42.jar%23130!/:4.0] {}
	at MC-BOOTSTRAP/cpw.mods.modlauncher@11.0.5/cpw.mods.modlauncher.LaunchServiceHandlerDecorator.launch(LaunchServiceHandlerDecorator.java:30) [modlauncher-11.0.5.jar%23112!/:?] {}
	at MC-BOOTSTRAP/cpw.mods.modlauncher@11.0.5/cpw.mods.modlauncher.LaunchServiceHandler.launch(LaunchServiceHandler.java:53) [modlauncher-11.0.5.jar%23112!/:?] {}
	at MC-BOOTSTRAP/cpw.mods.modlauncher@11.0.5/cpw.mods.modlauncher.LaunchServiceHandler.launch(LaunchServiceHandler.java:71) [modlauncher-11.0.5.jar%23112!/:?] {}
	at MC-BOOTSTRAP/cpw.mods.modlauncher@11.0.5/cpw.mods.modlauncher.Launcher.run(Launcher.java:103) [modlauncher-11.0.5.jar%23112!/:?] {}
	at MC-BOOTSTRAP/cpw.mods.modlauncher@11.0.5/cpw.mods.modlauncher.Launcher.main(Launcher.java:74) [modlauncher-11.0.5.jar%23112!/:?] {}
	at MC-BOOTSTRAP/cpw.mods.modlauncher@11.0.5/cpw.mods.modlauncher.BootstrapLaunchConsumer.accept(BootstrapLaunchConsumer.java:26) [modlauncher-11.0.5.jar%23112!/:?] {}
	at MC-BOOTSTRAP/cpw.mods.modlauncher@11.0.5/cpw.mods.modlauncher.BootstrapLaunchConsumer.accept(BootstrapLaunchConsumer.java:23) [modlauncher-11.0.5.jar%23112!/:?] {}
	at cpw.mods.bootstraplauncher@2.0.2/cpw.mods.bootstraplauncher.BootstrapLauncher.run(BootstrapLauncher.java:210) [bootstraplauncher-2.0.2.jar:?] {}
	at cpw.mods.bootstraplauncher@2.0.2/cpw.mods.bootstraplauncher.BootstrapLauncher.main(BootstrapLauncher.java:69) [bootstraplauncher-2.0.2.jar:?] {}
	at java.base/jdk.internal.reflect.DirectMethodHandleAccessor.invoke(DirectMethodHandleAccessor.java:104) ~[?:?] {}
	at java.base/java.lang.reflect.Method.invoke(Method.java:565) ~[?:?] {}
	at net.neoforged.devlaunch.Main.main(Main.java:57) [DevLaunch-1.0.2.jar:?] {}
[12:58:45] [Render thread/WARN] [Iris/]: Failed to resolve uniform inSulfurCaves, reason: Unknown variable: BIOME_SULFUR_CAVES ( = FunctionCall{smooth {[Number{56}, FunctionCall{if {[FunctionCall{in {[Id{biome}, Id{BIOME_SULFUR_CAVES}]} }, Number{1}, Number{0}]} }, Number{15}, Number{15}]} })
java.lang.RuntimeException: Unknown variable: BIOME_SULFUR_CAVES
	at TRANSFORMER/iris@1.8.8+mc1.21.1/kroppeb.stareval.resolver.ExpressionResolver.resolveExpressionInternal(ExpressionResolver.java:225) ~[iris-1.8.8+1.21.1-neoforge-neoforge,1.21.1.jar%23177!/:?] {re:classloading}
	at TRANSFORMER/iris@1.8.8+mc1.21.1/kroppeb.stareval.resolver.ExpressionResolver.resolveCallExpressionInternal(ExpressionResolver.java:81) ~[iris-1.8.8+1.21.1-neoforge-neoforge,1.21.1.jar%23177!/:?] {re:classloading}
	at TRANSFORMER/iris@1.8.8+mc1.21.1/kroppeb.stareval.resolver.ExpressionResolver.resolveCallExpression(ExpressionResolver.java:140) ~[iris-1.8.8+1.21.1-neoforge-neoforge,1.21.1.jar%23177!/:?] {re:classloading}
	at TRANSFORMER/iris@1.8.8+mc1.21.1/kroppeb.stareval.resolver.ExpressionResolver.resolveExpressionInternal(ExpressionResolver.java:196) ~[iris-1.8.8+1.21.1-neoforge-neoforge,1.21.1.jar%23177!/:?] {re:classloading}
	at TRANSFORMER/iris@1.8.8+mc1.21.1/kroppeb.stareval.resolver.ExpressionResolver.resolveCallExpressionInternal(ExpressionResolver.java:81) ~[iris-1.8.8+1.21.1-neoforge-neoforge,1.21.1.jar%23177!/:?] {re:classloading}
	at TRANSFORMER/iris@1.8.8+mc1.21.1/kroppeb.stareval.resolver.ExpressionResolver.resolveCallExpression(ExpressionResolver.java:140) ~[iris-1.8.8+1.21.1-neoforge-neoforge,1.21.1.jar%23177!/:?] {re:classloading}
	at TRANSFORMER/iris@1.8.8+mc1.21.1/kroppeb.stareval.resolver.ExpressionResolver.resolveCallExpression(ExpressionResolver.java:127) ~[iris-1.8.8+1.21.1-neoforge-neoforge,1.21.1.jar%23177!/:?] {re:classloading}
	at TRANSFORMER/iris@1.8.8+mc1.21.1/kroppeb.stareval.resolver.ExpressionResolver.resolveExpressionInternal(ExpressionResolver.java:196) ~[iris-1.8.8+1.21.1-neoforge-neoforge,1.21.1.jar%23177!/:?] {re:classloading}
	at TRANSFORMER/iris@1.8.8+mc1.21.1/kroppeb.stareval.resolver.ExpressionResolver.resolveCallExpressionInternal(ExpressionResolver.java:81) ~[iris-1.8.8+1.21.1-neoforge-neoforge,1.21.1.jar%23177!/:?] {re:classloading}
	at TRANSFORMER/iris@1.8.8+mc1.21.1/kroppeb.stareval.resolver.ExpressionResolver.resolveCallExpression(ExpressionResolver.java:140) ~[iris-1.8.8+1.21.1-neoforge-neoforge,1.21.1.jar%23177!/:?] {re:classloading}
	at TRANSFORMER/iris@1.8.8+mc1.21.1/kroppeb.stareval.resolver.ExpressionResolver.resolveExpressionInternal(ExpressionResolver.java:196) ~[iris-1.8.8+1.21.1-neoforge-neoforge,1.21.1.jar%23177!/:?] {re:classloading}
	at TRANSFORMER/iris@1.8.8+mc1.21.1/kroppeb.stareval.resolver.ExpressionResolver.resolveExpression(ExpressionResolver.java:50) ~[iris-1.8.8+1.21.1-neoforge-neoforge,1.21.1.jar%23177!/:?] {re:classloading}
	at TRANSFORMER/iris@1.8.8+mc1.21.1/net.irisshaders.iris.uniforms.custom.CustomUniforms.<init>(CustomUniforms.java:60) [iris-1.8.8+1.21.1-neoforge-neoforge,1.21.1.jar%23177!/:?] {re:classloading}
	at TRANSFORMER/iris@1.8.8+mc1.21.1/net.irisshaders.iris.uniforms.custom.CustomUniforms$Builder.build(CustomUniforms.java:332) [iris-1.8.8+1.21.1-neoforge-neoforge,1.21.1.jar%23177!/:?] {re:classloading}
	at TRANSFORMER/iris@1.8.8+mc1.21.1/net.irisshaders.iris.uniforms.custom.CustomUniforms$Builder.build(CustomUniforms.java:343) [iris-1.8.8+1.21.1-neoforge-neoforge,1.21.1.jar%23177!/:?] {re:classloading}
	at TRANSFORMER/iris@1.8.8+mc1.21.1/net.irisshaders.iris.pipeline.IrisRenderingPipeline.<init>(IrisRenderingPipeline.java:282) [iris-1.8.8+1.21.1-neoforge-neoforge,1.21.1.jar%23177!/:?] {re:mixin,re:classloading,pl:mixin:APP:super_resolution_irisapi.mixins.json:composite.IrisRenderingPipelineAccessor from mod super_resolution,pl:mixin:APP:super_resolution_irisapi.mixins.json:composite.before1_21_1.IrisRenderingPipelineMixin from mod super_resolution,pl:mixin:APP:super_resolution.shadercompat.mixins.json:core.IrisRenderingPipelineAccessor from mod super_resolution,pl:mixin:APP:super_resolution.shadercompat.mixins.json:core.IrisRenderingPipelineMixin from mod super_resolution,pl:mixin:A}
	at TRANSFORMER/iris@1.8.8+mc1.21.1/net.irisshaders.iris.Iris.createPipeline(Iris.java:616) [iris-1.8.8+1.21.1-neoforge-neoforge,1.21.1.jar%23177!/:?] {re:mixin,re:classloading,pl:mixin:APP:super_resolution.shadercompat.mixins.json:core.IrisMixin from mod super_resolution,pl:mixin:A}
	at TRANSFORMER/iris@1.8.8+mc1.21.1/net.irisshaders.iris.pipeline.PipelineManager.preparePipeline(PipelineManager.java:33) [iris-1.8.8+1.21.1-neoforge-neoforge,1.21.1.jar%23177!/:?] {re:mixin,re:classloading,pl:mixin:APP:super_resolution.shadercompat.mixins.json:core.PipelineManagerMixin from mod super_resolution,pl:mixin:A}
	at TRANSFORMER/iris@1.8.8+mc1.21.1/net.irisshaders.iris.Iris.onLoadingComplete(Iris.java:150) [iris-1.8.8+1.21.1-neoforge-neoforge,1.21.1.jar%23177!/:?] {re:mixin,re:classloading,pl:mixin:APP:super_resolution.shadercompat.mixins.json:core.IrisMixin from mod super_resolution,pl:mixin:A}
	at TRANSFORMER/minecraft@1.21.1/net.minecraft.client.gui.screens.TitleScreen.handler$zfl000$iris$firstInit(TitleScreen.java:525) [neoforge-21.1.219.jar%23172!/:?] {re:mixin,pl:runtimedistcleaner:A,re:computing_frames,pl:runtimedistcleaner:A,re:classloading,pl:mixin:APP:mixins.iris.json:MixinTitleScreen from mod iris,pl:mixin:A,pl:runtimedistcleaner:A}
	at TRANSFORMER/minecraft@1.21.1/net.minecraft.client.gui.screens.TitleScreen.init(TitleScreen.java:157) [neoforge-21.1.219.jar%23172!/:?] {re:mixin,pl:runtimedistcleaner:A,re:computing_frames,pl:runtimedistcleaner:A,re:classloading,pl:mixin:APP:mixins.iris.json:MixinTitleScreen from mod iris,pl:mixin:A,pl:runtimedistcleaner:A}
	at TRANSFORMER/minecraft@1.21.1/net.minecraft.client.gui.screens.Screen.init(Screen.java:317) [neoforge-21.1.219.jar%23172!/:?] {re:mixin,pl:accesstransformer:B,pl:runtimedistcleaner:A,re:classloading,pl:accesstransformer:B,pl:runtimedistcleaner:A}
	at TRANSFORMER/minecraft@1.21.1/net.minecraft.client.Minecraft.setScreen(Minecraft.java:1057) [neoforge-21.1.219.jar%23172!/:?] {re:mixin,pl:runtimedistcleaner:A,re:classloading,pl:mixin:APP:sodium-common.mixins.json:core.MinecraftMixin from mod sodium,pl:mixin:APP:sodium-neoforge.mixins.json:platform.neoforge.EntrypointMixin from mod sodium,pl:mixin:APP:mixins.iris.json:MixinMinecraft_Images from mod iris,pl:mixin:APP:mixins.iris.json:MixinMinecraft_Keybinds from mod iris,pl:mixin:APP:mixins.iris.json:MixinMinecraft_PipelineManagement from mod iris,pl:mixin:APP:super_resolution.mixins.json:core.GlTextureViewMixin from mod super_resolution,pl:mixin:APP:super_resolution.mixins.json:core.MinecraftMixin from mod super_resolution,pl:mixin:APP:super_resolution.mixins.json:core.accessor.MinecraftAccessor from mod super_resolution,pl:mixin:APP:super_resolution.mixins.json:framegeneration.v1_20_1.GameRendererConstantsMixin from mod super_resolution,pl:mixin:APP:super_resolution.mixins.json:framegeneration.v1_21_11.GameRendererConstantsMixin from mod super_resolution,pl:mixin:APP:super_resolution.mixins.json:framegeneration.v26_1_x.GameRendererConstantsMixin from mod super_resolution,pl:mixin:APP:super_resolution.mixins.json:framegeneration.v26_2.GameRendererConstantsMixin from mod super_resolution,pl:mixin:APP:super_resolution.mixins.json:framegeneration.v26_2.NativeLibrariesBootstrapMixin from mod super_resolution,pl:mixin:APP:super_resolution.mixins.json:framegeneration.v26_3.GameRendererConstantsMixin from mod super_resolution,pl:mixin:APP:super_resolution.mixins.json:framegeneration.v26_3.NativeLibrariesBootstrapMixin from mod super_resolution,pl:mixin:APP:super_resolution.mixins.json:gui.GuiGraphicsMixin from mod super_resolution,pl:mixin:APP:super_resolution.mixins.json:gui.GuiRendererDrawAccessor from mod super_resolution,pl:mixin:APP:super_resolution.mixins.json:gui.GuiRendererMixin from mod super_resolution,pl:mixin:APP:super_resolution.mixins.json:lowlatency.v1_20_1.KeyboardHandlerReflexMixin from mod super_resolution,pl:mixin:APP:super_resolution.mixins.json:lowlatency.v1_20_1.MinecraftReflexMixin from mod super_resolution,pl:mixin:APP:super_resolution.mixins.json:lowlatency.v1_20_1.MouseHandlerReflexMixin from mod super_resolution,pl:mixin:APP:super_resolution.mixins.json:lowlatency.v1_20_1.RenderSystemAccessor from mod super_resolution,pl:mixin:APP:super_resolution.mixins.json:lowlatency.v1_21_1.MinecraftReflexMixin from mod super_resolution,pl:mixin:APP:super_resolution.mixins.json:lowlatency.v1_21_11.KeyboardHandlerReflexMixin from mod super_resolution,pl:mixin:APP:super_resolution.mixins.json:lowlatency.v1_21_11.MinecraftReflexMixin from mod super_resolution,pl:mixin:APP:super_resolution.mixins.json:lowlatency.v1_21_11.MouseHandlerReflexMixin from mod super_resolution,pl:mixin:APP:super_resolution.mixins.json:lowlatency.v1_21_11.RenderSystemAccessor from mod super_resolution,pl:mixin:APP:super_resolution.mixins.json:lowlatency.v26_1_x.KeyboardHandlerReflexMixin from mod super_resolution,pl:mixin:APP:super_resolution.mixins.json:lowlatency.v26_1_x.MinecraftReflexMixin from mod super_resolution,pl:mixin:APP:super_resolution.mixins.json:lowlatency.v26_1_x.MouseHandlerReflexMixin from mod super_resolution,pl:mixin:APP:super_resolution.mixins.json:lowlatency.v26_2.KeyboardHandlerReflexMixin from mod super_resolution,pl:mixin:APP:super_resolution.mixins.json:lowlatency.v26_2.MinecraftReflexMixin from mod super_resolution,pl:mixin:APP:super_resolution.mixins.json:lowlatency.v26_2.MouseHandlerReflexMixin from mod super_resolution,pl:mixin:APP:super_resolution.mixins.json:lowlatency.v26_3.KeyboardHandlerReflexMixin from mod super_resolution,pl:mixin:APP:super_resolution.mixins.json:lowlatency.v26_3.MinecraftReflexMixin from mod super_resolution,pl:mixin:APP:super_resolution.mixins.json:lowlatency.v26_3.MouseHandlerReflexMixin from mod super_resolution,pl:mixin:APP:super_resolution.mixins.json:presentation.v1_20_1.VulkanPresentationGameRendererCaptureMixin from mod super_resolution,pl:mixin:APP:super_resolution.mixins.json:presentation.v1_20_1.VulkanPresentationGlDeviceMixin from mod super_resolution,pl:mixin:APP:super_resolution.mixins.json:presentation.v1_20_1.VulkanPresentationMinecraftBackendMixin from mod super_resolution,pl:mixin:APP:super_resolution.mixins.json:presentation.v1_20_1.VulkanPresentationMinecraftCaptureMixin from mod super_resolution,pl:mixin:APP:super_resolution.mixins.json:presentation.v1_20_1.VulkanPresentationWindowMixin from mod super_resolution,pl:mixin:APP:super_resolution.mixins.json:presentation.v1_21_1.VulkanPresentationMinecraftCaptureMixin from mod super_resolution,pl:mixin:APP:super_resolution.mixins.json:presentation.v1_21_11.VulkanPresentationGameRendererCaptureMixin from mod super_resolution,pl:mixin:APP:super_resolution.mixins.json:presentation.v1_21_11.VulkanPresentationGlDeviceMixin from mod super_resolution,pl:mixin:APP:super_resolution.mixins.json:presentation.v1_21_11.VulkanPresentationMinecraftBackendMixin from mod super_resolution,pl:mixin:APP:super_resolution.mixins.json:presentation.v1_21_11.VulkanPresentationMinecraftCaptureMixin from mod super_resolution,pl:mixin:APP:super_resolution.mixins.json:presentation.v1_21_11.VulkanPresentationWindowMixin from mod super_resolution,pl:mixin:APP:super_resolution.mixins.json:presentation.v26_1_x.VulkanPresentationGameRendererCaptureMixin from mod super_resolution,pl:mixin:APP:super_resolution.mixins.json:presentation.v26_1_x.VulkanPresentationGlDeviceMixin from mod super_resolution,pl:mixin:APP:super_resolution.mixins.json:presentation.v26_1_x.VulkanPresentationMinecraftBackendMixin from mod super_resolution,pl:mixin:APP:super_resolution.mixins.json:presentation.v26_1_x.VulkanPresentationMinecraftCaptureMixin from mod super_resolution,pl:mixin:APP:super_resolution.mixins.json:presentation.v26_1_x.VulkanPresentationWindowCloseMixin from mod super_resolution,pl:mixin:APP:super_resolution.mixins.json:presentation.v26_2.VulkanPresentationGameRendererCaptureMixin from mod super_resolution,pl:mixin:APP:super_resolution.mixins.json:presentation.v26_2.VulkanPresentationGlDeviceMixin from mod super_resolution,pl:mixin:APP:super_resolution.mixins.json:presentation.v26_2.VulkanPresentationMinecraftBackendMixin from mod super_resolution,pl:mixin:APP:super_resolution.mixins.json:presentation.v26_2.VulkanPresentationMinecraftCaptureMixin from mod super_resolution,pl:mixin:APP:super_resolution.mixins.json:presentation.v26_2.VulkanPresentationWindowCloseMixin from mod super_resolution,pl:mixin:APP:super_resolution.mixins.json:presentation.v26_3.VulkanPresentationGameRendererCaptureMixin from mod super_resolution,pl:mixin:APP:super_resolution.mixins.json:presentation.v26_3.VulkanPresentationGlDeviceMixin from mod super_resolution,pl:mixin:APP:super_resolution.mixins.json:presentation.v26_3.VulkanPresentationMinecraftBackendMixin from mod super_resolution,pl:mixin:APP:super_resolution.mixins.json:presentation.v26_3.VulkanPresentationMinecraftCaptureMixin from mod super_resolution,pl:mixin:APP:super_resolution.mixins.json:presentation.v26_3.VulkanPresentationWindowCloseMixin from mod super_resolution,pl:mixin:APP:super_resolution-neoforge.mixins.json:neoforge.FuckingValidation1218Mixin from mod super_resolution,pl:mixin:APP:super_resolution-neoforge.mixins.json:neoforge.FuckingValidationMixin from mod super_resolution,pl:mixin:APP:super_resolution_irisapi.mixins.json:composite.before1_21_1.GlStateManagerTextureStateAccessor from mod super_resolution,pl:mixin:APP:architectury.mixins.json:MixinMinecraft from mod architectury,pl:mixin:A,pl:runtimedistcleaner:A}
	at TRANSFORMER/minecraft@1.21.1/net.minecraft.client.Minecraft.lambda$buildInitialScreens$9(Minecraft.java:664) [neoforge-21.1.219.jar%23172!/:?] {re:mixin,pl:runtimedistcleaner:A,re:classloading,pl:mixin:APP:sodium-common.mixins.json:core.MinecraftMixin from mod sodium,pl:mixin:APP:sodium-neoforge.mixins.json:platform.neoforge.EntrypointMixin from mod sodium,pl:mixin:APP:mixins.iris.json:MixinMinecraft_Images from mod iris,pl:mixin:APP:mixins.iris.json:MixinMinecraft_Keybinds from mod iris,pl:mixin:APP:mixins.iris.json:MixinMinecraft_PipelineManagement from mod iris,pl:mixin:APP:super_resolution.mixins.json:core.GlTextureViewMixin from mod super_resolution,pl:mixin:APP:super_resolution.mixins.json:core.MinecraftMixin from mod super_resolution,pl:mixin:APP:super_resolution.mixins.json:core.accessor.MinecraftAccessor from mod super_resolution,pl:mixin:APP:super_resolution.mixins.json:framegeneration.v1_20_1.GameRendererConstantsMixin from mod super_resolution,pl:mixin:APP:super_resolution.mixins.json:framegeneration.v1_21_11.GameRendererConstantsMixin from mod super_resolution,pl:mixin:APP:super_resolution.mixins.json:framegeneration.v26_1_x.GameRendererConstantsMixin from mod super_resolution,pl:mixin:APP:super_resolution.mixins.json:framegeneration.v26_2.GameRendererConstantsMixin from mod super_resolution,pl:mixin:APP:super_resolution.mixins.json:framegeneration.v26_2.NativeLibrariesBootstrapMixin from mod super_resolution,pl:mixin:APP:super_resolution.mixins.json:framegeneration.v26_3.GameRendererConstantsMixin from mod super_resolution,pl:mixin:APP:super_resolution.mixins.json:framegeneration.v26_3.NativeLibrariesBootstrapMixin from mod super_resolution,pl:mixin:APP:super_resolution.mixins.json:gui.GuiGraphicsMixin from mod super_resolution,pl:mixin:APP:super_resolution.mixins.json:gui.GuiRendererDrawAccessor from mod super_resolution,pl:mixin:APP:super_resolution.mixins.json:gui.GuiRendererMixin from mod super_resolution,pl:mixin:APP:super_resolution.mixins.json:lowlatency.v1_20_1.KeyboardHandlerReflexMixin from mod super_resolution,pl:mixin:APP:super_resolution.mixins.json:lowlatency.v1_20_1.MinecraftReflexMixin from mod super_resolution,pl:mixin:APP:super_resolution.mixins.json:lowlatency.v1_20_1.MouseHandlerReflexMixin from mod super_resolution,pl:mixin:APP:super_resolution.mixins.json:lowlatency.v1_20_1.RenderSystemAccessor from mod super_resolution,pl:mixin:APP:super_resolution.mixins.json:lowlatency.v1_21_1.MinecraftReflexMixin from mod super_resolution,pl:mixin:APP:super_resolution.mixins.json:lowlatency.v1_21_11.KeyboardHandlerReflexMixin from mod super_resolution,pl:mixin:APP:super_resolution.mixins.json:lowlatency.v1_21_11.MinecraftReflexMixin from mod super_resolution,pl:mixin:APP:super_resolution.mixins.json:lowlatency.v1_21_11.MouseHandlerReflexMixin from mod super_resolution,pl:mixin:APP:super_resolution.mixins.json:lowlatency.v1_21_11.RenderSystemAccessor from mod super_resolution,pl:mixin:APP:super_resolution.mixins.json:lowlatency.v26_1_x.KeyboardHandlerReflexMixin from mod super_resolution,pl:mixin:APP:super_resolution.mixins.json:lowlatency.v26_1_x.MinecraftReflexMixin from mod super_resolution,pl:mixin:APP:super_resolution.mixins.json:lowlatency.v26_1_x.MouseHandlerReflexMixin from mod super_resolution,pl:mixin:APP:super_resolution.mixins.json:lowlatency.v26_2.KeyboardHandlerReflexMixin from mod super_resolution,pl:mixin:APP:super_resolution.mixins.json:lowlatency.v26_2.MinecraftReflexMixin from mod super_resolution,pl:mixin:APP:super_resolution.mixins.json:lowlatency.v26_2.MouseHandlerReflexMixin from mod super_resolution,pl:mixin:APP:super_resolution.mixins.json:lowlatency.v26_3.KeyboardHandlerReflexMixin from mod super_resolution,pl:mixin:APP:super_resolution.mixins.json:lowlatency.v26_3.MinecraftReflexMixin from mod super_resolution,pl:mixin:APP:super_resolution.mixins.json:lowlatency.v26_3.MouseHandlerReflexMixin from mod super_resolution,pl:mixin:APP:super_resolution.mixins.json:presentation.v1_20_1.VulkanPresentationGameRendererCaptureMixin from mod super_resolution,pl:mixin:APP:super_resolution.mixins.json:presentation.v1_20_1.VulkanPresentationGlDeviceMixin from mod super_resolution,pl:mixin:APP:super_resolution.mixins.json:presentation.v1_20_1.VulkanPresentationMinecraftBackendMixin from mod super_resolution,pl:mixin:APP:super_resolution.mixins.json:presentation.v1_20_1.VulkanPresentationMinecraftCaptureMixin from mod super_resolution,pl:mixin:APP:super_resolution.mixins.json:presentation.v1_20_1.VulkanPresentationWindowMixin from mod super_resolution,pl:mixin:APP:super_resolution.mixins.json:presentation.v1_21_1.VulkanPresentationMinecraftCaptureMixin from mod super_resolution,pl:mixin:APP:super_resolution.mixins.json:presentation.v1_21_11.VulkanPresentationGameRendererCaptureMixin from mod super_resolution,pl:mixin:APP:super_resolution.mixins.json:presentation.v1_21_11.VulkanPresentationGlDeviceMixin from mod super_resolution,pl:mixin:APP:super_resolution.mixins.json:presentation.v1_21_11.VulkanPresentationMinecraftBackendMixin from mod super_resolution,pl:mixin:APP:super_resolution.mixins.json:presentation.v1_21_11.VulkanPresentationMinecraftCaptureMixin from mod super_resolution,pl:mixin:APP:super_resolution.mixins.json:presentation.v1_21_11.VulkanPresentationWindowMixin from mod super_resolution,pl:mixin:APP:super_resolution.mixins.json:presentation.v26_1_x.VulkanPresentationGameRendererCaptureMixin from mod super_resolution,pl:mixin:APP:super_resolution.mixins.json:presentation.v26_1_x.VulkanPresentationGlDeviceMixin from mod super_resolution,pl:mixin:APP:super_resolution.mixins.json:presentation.v26_1_x.VulkanPresentationMinecraftBackendMixin from mod super_resolution,pl:mixin:APP:super_resolution.mixins.json:presentation.v26_1_x.VulkanPresentationMinecraftCaptureMixin from mod super_resolution,pl:mixin:APP:super_resolution.mixins.json:presentation.v26_1_x.VulkanPresentationWindowCloseMixin from mod super_resolution,pl:mixin:APP:super_resolution.mixins.json:presentation.v26_2.VulkanPresentationGameRendererCaptureMixin from mod super_resolution,pl:mixin:APP:super_resolution.mixins.json:presentation.v26_2.VulkanPresentationGlDeviceMixin from mod super_resolution,pl:mixin:APP:super_resolution.mixins.json:presentation.v26_2.VulkanPresentationMinecraftBackendMixin from mod super_resolution,pl:mixin:APP:super_resolution.mixins.json:presentation.v26_2.VulkanPresentationMinecraftCaptureMixin from mod super_resolution,pl:mixin:APP:super_resolution.mixins.json:presentation.v26_2.VulkanPresentationWindowCloseMixin from mod super_resolution,pl:mixin:APP:super_resolution.mixins.json:presentation.v26_3.VulkanPresentationGameRendererCaptureMixin from mod super_resolution,pl:mixin:APP:super_resolution.mixins.json:presentation.v26_3.VulkanPresentationGlDeviceMixin from mod super_resolution,pl:mixin:APP:super_resolution.mixins.json:presentation.v26_3.VulkanPresentationMinecraftBackendMixin from mod super_resolution,pl:mixin:APP:super_resolution.mixins.json:presentation.v26_3.VulkanPresentationMinecraftCaptureMixin from mod super_resolution,pl:mixin:APP:super_resolution.mixins.json:presentation.v26_3.VulkanPresentationWindowCloseMixin from mod super_resolution,pl:mixin:APP:super_resolution-neoforge.mixins.json:neoforge.FuckingValidation1218Mixin from mod super_resolution,pl:mixin:APP:super_resolution-neoforge.mixins.json:neoforge.FuckingValidationMixin from mod super_resolution,pl:mixin:APP:super_resolution_irisapi.mixins.json:composite.before1_21_1.GlStateManagerTextureStateAccessor from mod super_resolution,pl:mixin:APP:architectury.mixins.json:MixinMinecraft from mod architectury,pl:mixin:A,pl:runtimedistcleaner:A}
	at TRANSFORMER/minecraft@1.21.1/net.minecraft.client.Minecraft.onGameLoadFinished(Minecraft.java:650) [neoforge-21.1.219.jar%23172!/:?] {re:mixin,pl:runtimedistcleaner:A,re:classloading,pl:mixin:APP:sodium-common.mixins.json:core.MinecraftMixin from mod sodium,pl:mixin:APP:sodium-neoforge.mixins.json:platform.neoforge.EntrypointMixin from mod sodium,pl:mixin:APP:mixins.iris.json:MixinMinecraft_Images from mod iris,pl:mixin:APP:mixins.iris.json:MixinMinecraft_Keybinds from mod iris,pl:mixin:APP:mixins.iris.json:MixinMinecraft_PipelineManagement from mod iris,pl:mixin:APP:super_resolution.mixins.json:core.GlTextureViewMixin from mod super_resolution,pl:mixin:APP:super_resolution.mixins.json:core.MinecraftMixin from mod super_resolution,pl:mixin:APP:super_resolution.mixins.json:core.accessor.MinecraftAccessor from mod super_resolution,pl:mixin:APP:super_resolution.mixins.json:framegeneration.v1_20_1.GameRendererConstantsMixin from mod super_resolution,pl:mixin:APP:super_resolution.mixins.json:framegeneration.v1_21_11.GameRendererConstantsMixin from mod super_resolution,pl:mixin:APP:super_resolution.mixins.json:framegeneration.v26_1_x.GameRendererConstantsMixin from mod super_resolution,pl:mixin:APP:super_resolution.mixins.json:framegeneration.v26_2.GameRendererConstantsMixin from mod super_resolution,pl:mixin:APP:super_resolution.mixins.json:framegeneration.v26_2.NativeLibrariesBootstrapMixin from mod super_resolution,pl:mixin:APP:super_resolution.mixins.json:framegeneration.v26_3.GameRendererConstantsMixin from mod super_resolution,pl:mixin:APP:super_resolution.mixins.json:framegeneration.v26_3.NativeLibrariesBootstrapMixin from mod super_resolution,pl:mixin:APP:super_resolution.mixins.json:gui.GuiGraphicsMixin from mod super_resolution,pl:mixin:APP:super_resolution.mixins.json:gui.GuiRendererDrawAccessor from mod super_resolution,pl:mixin:APP:super_resolution.mixins.json:gui.GuiRendererMixin from mod super_resolution,pl:mixin:APP:super_resolution.mixins.json:lowlatency.v1_20_1.KeyboardHandlerReflexMixin from mod super_resolution,pl:mixin:APP:super_resolution.mixins.json:lowlatency.v1_20_1.MinecraftReflexMixin from mod super_resolution,pl:mixin:APP:super_resolution.mixins.json:lowlatency.v1_20_1.MouseHandlerReflexMixin from mod super_resolution,pl:mixin:APP:super_resolution.mixins.json:lowlatency.v1_20_1.RenderSystemAccessor from mod super_resolution,pl:mixin:APP:super_resolution.mixins.json:lowlatency.v1_21_1.MinecraftReflexMixin from mod super_resolution,pl:mixin:APP:super_resolution.mixins.json:lowlatency.v1_21_11.KeyboardHandlerReflexMixin from mod super_resolution,pl:mixin:APP:super_resolution.mixins.json:lowlatency.v1_21_11.MinecraftReflexMixin from mod super_resolution,pl:mixin:APP:super_resolution.mixins.json:lowlatency.v1_21_11.MouseHandlerReflexMixin from mod super_resolution,pl:mixin:APP:super_resolution.mixins.json:lowlatency.v1_21_11.RenderSystemAccessor from mod super_resolution,pl:mixin:APP:super_resolution.mixins.json:lowlatency.v26_1_x.KeyboardHandlerReflexMixin from mod super_resolution,pl:mixin:APP:super_resolution.mixins.json:lowlatency.v26_1_x.MinecraftReflexMixin from mod super_resolution,pl:mixin:APP:super_resolution.mixins.json:lowlatency.v26_1_x.MouseHandlerReflexMixin from mod super_resolution,pl:mixin:APP:super_resolution.mixins.json:lowlatency.v26_2.KeyboardHandlerReflexMixin from mod super_resolution,pl:mixin:APP:super_resolution.mixins.json:lowlatency.v26_2.MinecraftReflexMixin from mod super_resolution,pl:mixin:APP:super_resolution.mixins.json:lowlatency.v26_2.MouseHandlerReflexMixin from mod super_resolution,pl:mixin:APP:super_resolution.mixins.json:lowlatency.v26_3.KeyboardHandlerReflexMixin from mod super_resolution,pl:mixin:APP:super_resolution.mixins.json:lowlatency.v26_3.MinecraftReflexMixin from mod super_resolution,pl:mixin:APP:super_resolution.mixins.json:lowlatency.v26_3.MouseHandlerReflexMixin from mod super_resolution,pl:mixin:APP:super_resolution.mixins.json:presentation.v1_20_1.VulkanPresentationGameRendererCaptureMixin from mod super_resolution,pl:mixin:APP:super_resolution.mixins.json:presentation.v1_20_1.VulkanPresentationGlDeviceMixin from mod super_resolution,pl:mixin:APP:super_resolution.mixins.json:presentation.v1_20_1.VulkanPresentationMinecraftBackendMixin from mod super_resolution,pl:mixin:APP:super_resolution.mixins.json:presentation.v1_20_1.VulkanPresentationMinecraftCaptureMixin from mod super_resolution,pl:mixin:APP:super_resolution.mixins.json:presentation.v1_20_1.VulkanPresentationWindowMixin from mod super_resolution,pl:mixin:APP:super_resolution.mixins.json:presentation.v1_21_1.VulkanPresentationMinecraftCaptureMixin from mod super_resolution,pl:mixin:APP:super_resolution.mixins.json:presentation.v1_21_11.VulkanPresentationGameRendererCaptureMixin from mod super_resolution,pl:mixin:APP:super_resolution.mixins.json:presentation.v1_21_11.VulkanPresentationGlDeviceMixin from mod super_resolution,pl:mixin:APP:super_resolution.mixins.json:presentation.v1_21_11.VulkanPresentationMinecraftBackendMixin from mod super_resolution,pl:mixin:APP:super_resolution.mixins.json:presentation.v1_21_11.VulkanPresentationMinecraftCaptureMixin from mod super_resolution,pl:mixin:APP:super_resolution.mixins.json:presentation.v1_21_11.VulkanPresentationWindowMixin from mod super_resolution,pl:mixin:APP:super_resolution.mixins.json:presentation.v26_1_x.VulkanPresentationGameRendererCaptureMixin from mod super_resolution,pl:mixin:APP:super_resolution.mixins.json:presentation.v26_1_x.VulkanPresentationGlDeviceMixin from mod super_resolution,pl:mixin:APP:super_resolution.mixins.json:presentation.v26_1_x.VulkanPresentationMinecraftBackendMixin from mod super_resolution,pl:mixin:APP:super_resolution.mixins.json:presentation.v26_1_x.VulkanPresentationMinecraftCaptureMixin from mod super_resolution,pl:mixin:APP:super_resolution.mixins.json:presentation.v26_1_x.VulkanPresentationWindowCloseMixin from mod super_resolution,pl:mixin:APP:super_resolution.mixins.json:presentation.v26_2.VulkanPresentationGameRendererCaptureMixin from mod super_resolution,pl:mixin:APP:super_resolution.mixins.json:presentation.v26_2.VulkanPresentationGlDeviceMixin from mod super_resolution,pl:mixin:APP:super_resolution.mixins.json:presentation.v26_2.VulkanPresentationMinecraftBackendMixin from mod super_resolution,pl:mixin:APP:super_resolution.mixins.json:presentation.v26_2.VulkanPresentationMinecraftCaptureMixin from mod super_resolution,pl:mixin:APP:super_resolution.mixins.json:presentation.v26_2.VulkanPresentationWindowCloseMixin from mod super_resolution,pl:mixin:APP:super_resolution.mixins.json:presentation.v26_3.VulkanPresentationGameRendererCaptureMixin from mod super_resolution,pl:mixin:APP:super_resolution.mixins.json:presentation.v26_3.VulkanPresentationGlDeviceMixin from mod super_resolution,pl:mixin:APP:super_resolution.mixins.json:presentation.v26_3.VulkanPresentationMinecraftBackendMixin from mod super_resolution,pl:mixin:APP:super_resolution.mixins.json:presentation.v26_3.VulkanPresentationMinecraftCaptureMixin from mod super_resolution,pl:mixin:APP:super_resolution.mixins.json:presentation.v26_3.VulkanPresentationWindowCloseMixin from mod super_resolution,pl:mixin:APP:super_resolution-neoforge.mixins.json:neoforge.FuckingValidation1218Mixin from mod super_resolution,pl:mixin:APP:super_resolution-neoforge.mixins.json:neoforge.FuckingValidationMixin from mod super_resolution,pl:mixin:APP:super_resolution_irisapi.mixins.json:composite.before1_21_1.GlStateManagerTextureStateAccessor from mod super_resolution,pl:mixin:APP:architectury.mixins.json:MixinMinecraft from mod architectury,pl:mixin:A,pl:runtimedistcleaner:A}
	at TRANSFORMER/minecraft@1.21.1/net.minecraft.client.Minecraft.onResourceLoadFinished(Minecraft.java:641) [neoforge-21.1.219.jar%23172!/:?] {re:mixin,pl:runtimedistcleaner:A,re:classloading,pl:mixin:APP:sodium-common.mixins.json:core.MinecraftMixin from mod sodium,pl:mixin:APP:sodium-neoforge.mixins.json:platform.neoforge.EntrypointMixin from mod sodium,pl:mixin:APP:mixins.iris.json:MixinMinecraft_Images from mod iris,pl:mixin:APP:mixins.iris.json:MixinMinecraft_Keybinds from mod iris,pl:mixin:APP:mixins.iris.json:MixinMinecraft_PipelineManagement from mod iris,pl:mixin:APP:super_resolution.mixins.json:core.GlTextureViewMixin from mod super_resolution,pl:mixin:APP:super_resolution.mixins.json:core.MinecraftMixin from mod super_resolution,pl:mixin:APP:super_resolution.mixins.json:core.accessor.MinecraftAccessor from mod super_resolution,pl:mixin:APP:super_resolution.mixins.json:framegeneration.v1_20_1.GameRendererConstantsMixin from mod super_resolution,pl:mixin:APP:super_resolution.mixins.json:framegeneration.v1_21_11.GameRendererConstantsMixin from mod super_resolution,pl:mixin:APP:super_resolution.mixins.json:framegeneration.v26_1_x.GameRendererConstantsMixin from mod super_resolution,pl:mixin:APP:super_resolution.mixins.json:framegeneration.v26_2.GameRendererConstantsMixin from mod super_resolution,pl:mixin:APP:super_resolution.mixins.json:framegeneration.v26_2.NativeLibrariesBootstrapMixin from mod super_resolution,pl:mixin:APP:super_resolution.mixins.json:framegeneration.v26_3.GameRendererConstantsMixin from mod super_resolution,pl:mixin:APP:super_resolution.mixins.json:framegeneration.v26_3.NativeLibrariesBootstrapMixin from mod super_resolution,pl:mixin:APP:super_resolution.mixins.json:gui.GuiGraphicsMixin from mod super_resolution,pl:mixin:APP:super_resolution.mixins.json:gui.GuiRendererDrawAccessor from mod super_resolution,pl:mixin:APP:super_resolution.mixins.json:gui.GuiRendererMixin from mod super_resolution,pl:mixin:APP:super_resolution.mixins.json:lowlatency.v1_20_1.KeyboardHandlerReflexMixin from mod super_resolution,pl:mixin:APP:super_resolution.mixins.json:lowlatency.v1_20_1.MinecraftReflexMixin from mod super_resolution,pl:mixin:APP:super_resolution.mixins.json:lowlatency.v1_20_1.MouseHandlerReflexMixin from mod super_resolution,pl:mixin:APP:super_resolution.mixins.json:lowlatency.v1_20_1.RenderSystemAccessor from mod super_resolution,pl:mixin:APP:super_resolution.mixins.json:lowlatency.v1_21_1.MinecraftReflexMixin from mod super_resolution,pl:mixin:APP:super_resolution.mixins.json:lowlatency.v1_21_11.KeyboardHandlerReflexMixin from mod super_resolution,pl:mixin:APP:super_resolution.mixins.json:lowlatency.v1_21_11.MinecraftReflexMixin from mod super_resolution,pl:mixin:APP:super_resolution.mixins.json:lowlatency.v1_21_11.MouseHandlerReflexMixin from mod super_resolution,pl:mixin:APP:super_resolution.mixins.json:lowlatency.v1_21_11.RenderSystemAccessor from mod super_resolution,pl:mixin:APP:super_resolution.mixins.json:lowlatency.v26_1_x.KeyboardHandlerReflexMixin from mod super_resolution,pl:mixin:APP:super_resolution.mixins.json:lowlatency.v26_1_x.MinecraftReflexMixin from mod super_resolution,pl:mixin:APP:super_resolution.mixins.json:lowlatency.v26_1_x.MouseHandlerReflexMixin from mod super_resolution,pl:mixin:APP:super_resolution.mixins.json:lowlatency.v26_2.KeyboardHandlerReflexMixin from mod super_resolution,pl:mixin:APP:super_resolution.mixins.json:lowlatency.v26_2.MinecraftReflexMixin from mod super_resolution,pl:mixin:APP:super_resolution.mixins.json:lowlatency.v26_2.MouseHandlerReflexMixin from mod super_resolution,pl:mixin:APP:super_resolution.mixins.json:lowlatency.v26_3.KeyboardHandlerReflexMixin from mod super_resolution,pl:mixin:APP:super_resolution.mixins.json:lowlatency.v26_3.MinecraftReflexMixin from mod super_resolution,pl:mixin:APP:super_resolution.mixins.json:lowlatency.v26_3.MouseHandlerReflexMixin from mod super_resolution,pl:mixin:APP:super_resolution.mixins.json:presentation.v1_20_1.VulkanPresentationGameRendererCaptureMixin from mod super_resolution,pl:mixin:APP:super_resolution.mixins.json:presentation.v1_20_1.VulkanPresentationGlDeviceMixin from mod super_resolution,pl:mixin:APP:super_resolution.mixins.json:presentation.v1_20_1.VulkanPresentationMinecraftBackendMixin from mod super_resolution,pl:mixin:APP:super_resolution.mixins.json:presentation.v1_20_1.VulkanPresentationMinecraftCaptureMixin from mod super_resolution,pl:mixin:APP:super_resolution.mixins.json:presentation.v1_20_1.VulkanPresentationWindowMixin from mod super_resolution,pl:mixin:APP:super_resolution.mixins.json:presentation.v1_21_1.VulkanPresentationMinecraftCaptureMixin from mod super_resolution,pl:mixin:APP:super_resolution.mixins.json:presentation.v1_21_11.VulkanPresentationGameRendererCaptureMixin from mod super_resolution,pl:mixin:APP:super_resolution.mixins.json:presentation.v1_21_11.VulkanPresentationGlDeviceMixin from mod super_resolution,pl:mixin:APP:super_resolution.mixins.json:presentation.v1_21_11.VulkanPresentationMinecraftBackendMixin from mod super_resolution,pl:mixin:APP:super_resolution.mixins.json:presentation.v1_21_11.VulkanPresentationMinecraftCaptureMixin from mod super_resolution,pl:mixin:APP:super_resolution.mixins.json:presentation.v1_21_11.VulkanPresentationWindowMixin from mod super_resolution,pl:mixin:APP:super_resolution.mixins.json:presentation.v26_1_x.VulkanPresentationGameRendererCaptureMixin from mod super_resolution,pl:mixin:APP:super_resolution.mixins.json:presentation.v26_1_x.VulkanPresentationGlDeviceMixin from mod super_resolution,pl:mixin:APP:super_resolution.mixins.json:presentation.v26_1_x.VulkanPresentationMinecraftBackendMixin from mod super_resolution,pl:mixin:APP:super_resolution.mixins.json:presentation.v26_1_x.VulkanPresentationMinecraftCaptureMixin from mod super_resolution,pl:mixin:APP:super_resolution.mixins.json:presentation.v26_1_x.VulkanPresentationWindowCloseMixin from mod super_resolution,pl:mixin:APP:super_resolution.mixins.json:presentation.v26_2.VulkanPresentationGameRendererCaptureMixin from mod super_resolution,pl:mixin:APP:super_resolution.mixins.json:presentation.v26_2.VulkanPresentationGlDeviceMixin from mod super_resolution,pl:mixin:APP:super_resolution.mixins.json:presentation.v26_2.VulkanPresentationMinecraftBackendMixin from mod super_resolution,pl:mixin:APP:super_resolution.mixins.json:presentation.v26_2.VulkanPresentationMinecraftCaptureMixin from mod super_resolution,pl:mixin:APP:super_resolution.mixins.json:presentation.v26_2.VulkanPresentationWindowCloseMixin from mod super_resolution,pl:mixin:APP:super_resolution.mixins.json:presentation.v26_3.VulkanPresentationGameRendererCaptureMixin from mod super_resolution,pl:mixin:APP:super_resolution.mixins.json:presentation.v26_3.VulkanPresentationGlDeviceMixin from mod super_resolution,pl:mixin:APP:super_resolution.mixins.json:presentation.v26_3.VulkanPresentationMinecraftBackendMixin from mod super_resolution,pl:mixin:APP:super_resolution.mixins.json:presentation.v26_3.VulkanPresentationMinecraftCaptureMixin from mod super_resolution,pl:mixin:APP:super_resolution.mixins.json:presentation.v26_3.VulkanPresentationWindowCloseMixin from mod super_resolution,pl:mixin:APP:super_resolution-neoforge.mixins.json:neoforge.FuckingValidation1218Mixin from mod super_resolution,pl:mixin:APP:super_resolution-neoforge.mixins.json:neoforge.FuckingValidationMixin from mod super_resolution,pl:mixin:APP:super_resolution_irisapi.mixins.json:composite.before1_21_1.GlStateManagerTextureStateAccessor from mod super_resolution,pl:mixin:APP:architectury.mixins.json:MixinMinecraft from mod architectury,pl:mixin:A,pl:runtimedistcleaner:A}
	at TRANSFORMER/minecraft@1.21.1/net.minecraft.client.Minecraft.lambda$new$7(Minecraft.java:629) [neoforge-21.1.219.jar%23172!/:?] {re:mixin,pl:runtimedistcleaner:A,re:classloading,pl:mixin:APP:sodium-common.mixins.json:core.MinecraftMixin from mod sodium,pl:mixin:APP:sodium-neoforge.mixins.json:platform.neoforge.EntrypointMixin from mod sodium,pl:mixin:APP:mixins.iris.json:MixinMinecraft_Images from mod iris,pl:mixin:APP:mixins.iris.json:MixinMinecraft_Keybinds from mod iris,pl:mixin:APP:mixins.iris.json:MixinMinecraft_PipelineManagement from mod iris,pl:mixin:APP:super_resolution.mixins.json:core.GlTextureViewMixin from mod super_resolution,pl:mixin:APP:super_resolution.mixins.json:core.MinecraftMixin from mod super_resolution,pl:mixin:APP:super_resolution.mixins.json:core.accessor.MinecraftAccessor from mod super_resolution,pl:mixin:APP:super_resolution.mixins.json:framegeneration.v1_20_1.GameRendererConstantsMixin from mod super_resolution,pl:mixin:APP:super_resolution.mixins.json:framegeneration.v1_21_11.GameRendererConstantsMixin from mod super_resolution,pl:mixin:APP:super_resolution.mixins.json:framegeneration.v26_1_x.GameRendererConstantsMixin from mod super_resolution,pl:mixin:APP:super_resolution.mixins.json:framegeneration.v26_2.GameRendererConstantsMixin from mod super_resolution,pl:mixin:APP:super_resolution.mixins.json:framegeneration.v26_2.NativeLibrariesBootstrapMixin from mod super_resolution,pl:mixin:APP:super_resolution.mixins.json:framegeneration.v26_3.GameRendererConstantsMixin from mod super_resolution,pl:mixin:APP:super_resolution.mixins.json:framegeneration.v26_3.NativeLibrariesBootstrapMixin from mod super_resolution,pl:mixin:APP:super_resolution.mixins.json:gui.GuiGraphicsMixin from mod super_resolution,pl:mixin:APP:super_resolution.mixins.json:gui.GuiRendererDrawAccessor from mod super_resolution,pl:mixin:APP:super_resolution.mixins.json:gui.GuiRendererMixin from mod super_resolution,pl:mixin:APP:super_resolution.mixins.json:lowlatency.v1_20_1.KeyboardHandlerReflexMixin from mod super_resolution,pl:mixin:APP:super_resolution.mixins.json:lowlatency.v1_20_1.MinecraftReflexMixin from mod super_resolution,pl:mixin:APP:super_resolution.mixins.json:lowlatency.v1_20_1.MouseHandlerReflexMixin from mod super_resolution,pl:mixin:APP:super_resolution.mixins.json:lowlatency.v1_20_1.RenderSystemAccessor from mod super_resolution,pl:mixin:APP:super_resolution.mixins.json:lowlatency.v1_21_1.MinecraftReflexMixin from mod super_resolution,pl:mixin:APP:super_resolution.mixins.json:lowlatency.v1_21_11.KeyboardHandlerReflexMixin from mod super_resolution,pl:mixin:APP:super_resolution.mixins.json:lowlatency.v1_21_11.MinecraftReflexMixin from mod super_resolution,pl:mixin:APP:super_resolution.mixins.json:lowlatency.v1_21_11.MouseHandlerReflexMixin from mod super_resolution,pl:mixin:APP:super_resolution.mixins.json:lowlatency.v1_21_11.RenderSystemAccessor from mod super_resolution,pl:mixin:APP:super_resolution.mixins.json:lowlatency.v26_1_x.KeyboardHandlerReflexMixin from mod super_resolution,pl:mixin:APP:super_resolution.mixins.json:lowlatency.v26_1_x.MinecraftReflexMixin from mod super_resolution,pl:mixin:APP:super_resolution.mixins.json:lowlatency.v26_1_x.MouseHandlerReflexMixin from mod super_resolution,pl:mixin:APP:super_resolution.mixins.json:lowlatency.v26_2.KeyboardHandlerReflexMixin from mod super_resolution,pl:mixin:APP:super_resolution.mixins.json:lowlatency.v26_2.MinecraftReflexMixin from mod super_resolution,pl:mixin:APP:super_resolution.mixins.json:lowlatency.v26_2.MouseHandlerReflexMixin from mod super_resolution,pl:mixin:APP:super_resolution.mixins.json:lowlatency.v26_3.KeyboardHandlerReflexMixin from mod super_resolution,pl:mixin:APP:super_resolution.mixins.json:lowlatency.v26_3.MinecraftReflexMixin from mod super_resolution,pl:mixin:APP:super_resolution.mixins.json:lowlatency.v26_3.MouseHandlerReflexMixin from mod super_resolution,pl:mixin:APP:super_resolution.mixins.json:presentation.v1_20_1.VulkanPresentationGameRendererCaptureMixin from mod super_resolution,pl:mixin:APP:super_resolution.mixins.json:presentation.v1_20_1.VulkanPresentationGlDeviceMixin from mod super_resolution,pl:mixin:APP:super_resolution.mixins.json:presentation.v1_20_1.VulkanPresentationMinecraftBackendMixin from mod super_resolution,pl:mixin:APP:super_resolution.mixins.json:presentation.v1_20_1.VulkanPresentationMinecraftCaptureMixin from mod super_resolution,pl:mixin:APP:super_resolution.mixins.json:presentation.v1_20_1.VulkanPresentationWindowMixin from mod super_resolution,pl:mixin:APP:super_resolution.mixins.json:presentation.v1_21_1.VulkanPresentationMinecraftCaptureMixin from mod super_resolution,pl:mixin:APP:super_resolution.mixins.json:presentation.v1_21_11.VulkanPresentationGameRendererCaptureMixin from mod super_resolution,pl:mixin:APP:super_resolution.mixins.json:presentation.v1_21_11.VulkanPresentationGlDeviceMixin from mod super_resolution,pl:mixin:APP:super_resolution.mixins.json:presentation.v1_21_11.VulkanPresentationMinecraftBackendMixin from mod super_resolution,pl:mixin:APP:super_resolution.mixins.json:presentation.v1_21_11.VulkanPresentationMinecraftCaptureMixin from mod super_resolution,pl:mixin:APP:super_resolution.mixins.json:presentation.v1_21_11.VulkanPresentationWindowMixin from mod super_resolution,pl:mixin:APP:super_resolution.mixins.json:presentation.v26_1_x.VulkanPresentationGameRendererCaptureMixin from mod super_resolution,pl:mixin:APP:super_resolution.mixins.json:presentation.v26_1_x.VulkanPresentationGlDeviceMixin from mod super_resolution,pl:mixin:APP:super_resolution.mixins.json:presentation.v26_1_x.VulkanPresentationMinecraftBackendMixin from mod super_resolution,pl:mixin:APP:super_resolution.mixins.json:presentation.v26_1_x.VulkanPresentationMinecraftCaptureMixin from mod super_resolution,pl:mixin:APP:super_resolution.mixins.json:presentation.v26_1_x.VulkanPresentationWindowCloseMixin from mod super_resolution,pl:mixin:APP:super_resolution.mixins.json:presentation.v26_2.VulkanPresentationGameRendererCaptureMixin from mod super_resolution,pl:mixin:APP:super_resolution.mixins.json:presentation.v26_2.VulkanPresentationGlDeviceMixin from mod super_resolution,pl:mixin:APP:super_resolution.mixins.json:presentation.v26_2.VulkanPresentationMinecraftBackendMixin from mod super_resolution,pl:mixin:APP:super_resolution.mixins.json:presentation.v26_2.VulkanPresentationMinecraftCaptureMixin from mod super_resolution,pl:mixin:APP:super_resolution.mixins.json:presentation.v26_2.VulkanPresentationWindowCloseMixin from mod super_resolution,pl:mixin:APP:super_resolution.mixins.json:presentation.v26_3.VulkanPresentationGameRendererCaptureMixin from mod super_resolution,pl:mixin:APP:super_resolution.mixins.json:presentation.v26_3.VulkanPresentationGlDeviceMixin from mod super_resolution,pl:mixin:APP:super_resolution.mixins.json:presentation.v26_3.VulkanPresentationMinecraftBackendMixin from mod super_resolution,pl:mixin:APP:super_resolution.mixins.json:presentation.v26_3.VulkanPresentationMinecraftCaptureMixin from mod super_resolution,pl:mixin:APP:super_resolution.mixins.json:presentation.v26_3.VulkanPresentationWindowCloseMixin from mod super_resolution,pl:mixin:APP:super_resolution-neoforge.mixins.json:neoforge.FuckingValidation1218Mixin from mod super_resolution,pl:mixin:APP:super_resolution-neoforge.mixins.json:neoforge.FuckingValidationMixin from mod super_resolution,pl:mixin:APP:super_resolution_irisapi.mixins.json:composite.before1_21_1.GlStateManagerTextureStateAccessor from mod super_resolution,pl:mixin:APP:architectury.mixins.json:MixinMinecraft from mod architectury,pl:mixin:A,pl:runtimedistcleaner:A}
	at TRANSFORMER/minecraft@1.21.1/net.minecraft.Util.ifElse(Util.java:513) [neoforge-21.1.219.jar%23172!/:?] {re:classloading,re:mixin}
	at TRANSFORMER/minecraft@1.21.1/net.minecraft.client.Minecraft.lambda$new$8(Minecraft.java:623) [neoforge-21.1.219.jar%23172!/:?] {re:mixin,pl:runtimedistcleaner:A,re:classloading,pl:mixin:APP:sodium-common.mixins.json:core.MinecraftMixin from mod sodium,pl:mixin:APP:sodium-neoforge.mixins.json:platform.neoforge.EntrypointMixin from mod sodium,pl:mixin:APP:mixins.iris.json:MixinMinecraft_Images from mod iris,pl:mixin:APP:mixins.iris.json:MixinMinecraft_Keybinds from mod iris,pl:mixin:APP:mixins.iris.json:MixinMinecraft_PipelineManagement from mod iris,pl:mixin:APP:super_resolution.mixins.json:core.GlTextureViewMixin from mod super_resolution,pl:mixin:APP:super_resolution.mixins.json:core.MinecraftMixin from mod super_resolution,pl:mixin:APP:super_resolution.mixins.json:core.accessor.MinecraftAccessor from mod super_resolution,pl:mixin:APP:super_resolution.mixins.json:framegeneration.v1_20_1.GameRendererConstantsMixin from mod super_resolution,pl:mixin:APP:super_resolution.mixins.json:framegeneration.v1_21_11.GameRendererConstantsMixin from mod super_resolution,pl:mixin:APP:super_resolution.mixins.json:framegeneration.v26_1_x.GameRendererConstantsMixin from mod super_resolution,pl:mixin:APP:super_resolution.mixins.json:framegeneration.v26_2.GameRendererConstantsMixin from mod super_resolution,pl:mixin:APP:super_resolution.mixins.json:framegeneration.v26_2.NativeLibrariesBootstrapMixin from mod super_resolution,pl:mixin:APP:super_resolution.mixins.json:framegeneration.v26_3.GameRendererConstantsMixin from mod super_resolution,pl:mixin:APP:super_resolution.mixins.json:framegeneration.v26_3.NativeLibrariesBootstrapMixin from mod super_resolution,pl:mixin:APP:super_resolution.mixins.json:gui.GuiGraphicsMixin from mod super_resolution,pl:mixin:APP:super_resolution.mixins.json:gui.GuiRendererDrawAccessor from mod super_resolution,pl:mixin:APP:super_resolution.mixins.json:gui.GuiRendererMixin from mod super_resolution,pl:mixin:APP:super_resolution.mixins.json:lowlatency.v1_20_1.KeyboardHandlerReflexMixin from mod super_resolution,pl:mixin:APP:super_resolution.mixins.json:lowlatency.v1_20_1.MinecraftReflexMixin from mod super_resolution,pl:mixin:APP:super_resolution.mixins.json:lowlatency.v1_20_1.MouseHandlerReflexMixin from mod super_resolution,pl:mixin:APP:super_resolution.mixins.json:lowlatency.v1_20_1.RenderSystemAccessor from mod super_resolution,pl:mixin:APP:super_resolution.mixins.json:lowlatency.v1_21_1.MinecraftReflexMixin from mod super_resolution,pl:mixin:APP:super_resolution.mixins.json:lowlatency.v1_21_11.KeyboardHandlerReflexMixin from mod super_resolution,pl:mixin:APP:super_resolution.mixins.json:lowlatency.v1_21_11.MinecraftReflexMixin from mod super_resolution,pl:mixin:APP:super_resolution.mixins.json:lowlatency.v1_21_11.MouseHandlerReflexMixin from mod super_resolution,pl:mixin:APP:super_resolution.mixins.json:lowlatency.v1_21_11.RenderSystemAccessor from mod super_resolution,pl:mixin:APP:super_resolution.mixins.json:lowlatency.v26_1_x.KeyboardHandlerReflexMixin from mod super_resolution,pl:mixin:APP:super_resolution.mixins.json:lowlatency.v26_1_x.MinecraftReflexMixin from mod super_resolution,pl:mixin:APP:super_resolution.mixins.json:lowlatency.v26_1_x.MouseHandlerReflexMixin from mod super_resolution,pl:mixin:APP:super_resolution.mixins.json:lowlatency.v26_2.KeyboardHandlerReflexMixin from mod super_resolution,pl:mixin:APP:super_resolution.mixins.json:lowlatency.v26_2.MinecraftReflexMixin from mod super_resolution,pl:mixin:APP:super_resolution.mixins.json:lowlatency.v26_2.MouseHandlerReflexMixin from mod super_resolution,pl:mixin:APP:super_resolution.mixins.json:lowlatency.v26_3.KeyboardHandlerReflexMixin from mod super_resolution,pl:mixin:APP:super_resolution.mixins.json:lowlatency.v26_3.MinecraftReflexMixin from mod super_resolution,pl:mixin:APP:super_resolution.mixins.json:lowlatency.v26_3.MouseHandlerReflexMixin from mod super_resolution,pl:mixin:APP:super_resolution.mixins.json:presentation.v1_20_1.VulkanPresentationGameRendererCaptureMixin from mod super_resolution,pl:mixin:APP:super_resolution.mixins.json:presentation.v1_20_1.VulkanPresentationGlDeviceMixin from mod super_resolution,pl:mixin:APP:super_resolution.mixins.json:presentation.v1_20_1.VulkanPresentationMinecraftBackendMixin from mod super_resolution,pl:mixin:APP:super_resolution.mixins.json:presentation.v1_20_1.VulkanPresentationMinecraftCaptureMixin from mod super_resolution,pl:mixin:APP:super_resolution.mixins.json:presentation.v1_20_1.VulkanPresentationWindowMixin from mod super_resolution,pl:mixin:APP:super_resolution.mixins.json:presentation.v1_21_1.VulkanPresentationMinecraftCaptureMixin from mod super_resolution,pl:mixin:APP:super_resolution.mixins.json:presentation.v1_21_11.VulkanPresentationGameRendererCaptureMixin from mod super_resolution,pl:mixin:APP:super_resolution.mixins.json:presentation.v1_21_11.VulkanPresentationGlDeviceMixin from mod super_resolution,pl:mixin:APP:super_resolution.mixins.json:presentation.v1_21_11.VulkanPresentationMinecraftBackendMixin from mod super_resolution,pl:mixin:APP:super_resolution.mixins.json:presentation.v1_21_11.VulkanPresentationMinecraftCaptureMixin from mod super_resolution,pl:mixin:APP:super_resolution.mixins.json:presentation.v1_21_11.VulkanPresentationWindowMixin from mod super_resolution,pl:mixin:APP:super_resolution.mixins.json:presentation.v26_1_x.VulkanPresentationGameRendererCaptureMixin from mod super_resolution,pl:mixin:APP:super_resolution.mixins.json:presentation.v26_1_x.VulkanPresentationGlDeviceMixin from mod super_resolution,pl:mixin:APP:super_resolution.mixins.json:presentation.v26_1_x.VulkanPresentationMinecraftBackendMixin from mod super_resolution,pl:mixin:APP:super_resolution.mixins.json:presentation.v26_1_x.VulkanPresentationMinecraftCaptureMixin from mod super_resolution,pl:mixin:APP:super_resolution.mixins.json:presentation.v26_1_x.VulkanPresentationWindowCloseMixin from mod super_resolution,pl:mixin:APP:super_resolution.mixins.json:presentation.v26_2.VulkanPresentationGameRendererCaptureMixin from mod super_resolution,pl:mixin:APP:super_resolution.mixins.json:presentation.v26_2.VulkanPresentationGlDeviceMixin from mod super_resolution,pl:mixin:APP:super_resolution.mixins.json:presentation.v26_2.VulkanPresentationMinecraftBackendMixin from mod super_resolution,pl:mixin:APP:super_resolution.mixins.json:presentation.v26_2.VulkanPresentationMinecraftCaptureMixin from mod super_resolution,pl:mixin:APP:super_resolution.mixins.json:presentation.v26_2.VulkanPresentationWindowCloseMixin from mod super_resolution,pl:mixin:APP:super_resolution.mixins.json:presentation.v26_3.VulkanPresentationGameRendererCaptureMixin from mod super_resolution,pl:mixin:APP:super_resolution.mixins.json:presentation.v26_3.VulkanPresentationGlDeviceMixin from mod super_resolution,pl:mixin:APP:super_resolution.mixins.json:presentation.v26_3.VulkanPresentationMinecraftBackendMixin from mod super_resolution,pl:mixin:APP:super_resolution.mixins.json:presentation.v26_3.VulkanPresentationMinecraftCaptureMixin from mod super_resolution,pl:mixin:APP:super_resolution.mixins.json:presentation.v26_3.VulkanPresentationWindowCloseMixin from mod super_resolution,pl:mixin:APP:super_resolution-neoforge.mixins.json:neoforge.FuckingValidation1218Mixin from mod super_resolution,pl:mixin:APP:super_resolution-neoforge.mixins.json:neoforge.FuckingValidationMixin from mod super_resolution,pl:mixin:APP:super_resolution_irisapi.mixins.json:composite.before1_21_1.GlStateManagerTextureStateAccessor from mod super_resolution,pl:mixin:APP:architectury.mixins.json:MixinMinecraft from mod architectury,pl:mixin:A,pl:runtimedistcleaner:A}
	at TRANSFORMER/minecraft@1.21.1/net.minecraft.client.gui.screens.LoadingOverlay.render(LoadingOverlay.java:139) [neoforge-21.1.219.jar%23172!/:?] {re:classloading,pl:runtimedistcleaner:A}
	at TRANSFORMER/minecraft@1.21.1/net.minecraft.client.renderer.GameRenderer.render(GameRenderer.java:1081) [neoforge-21.1.219.jar%23172!/:?] {re:mixin,pl:accesstransformer:B,pl:runtimedistcleaner:A,re:classloading,pl:accesstransformer:B,pl:mixin:APP:super_resolution.mixins.json:framegeneration.v1_21_1.GameRendererConstantsMixin from mod super_resolution,pl:mixin:APP:sodium-common.mixins.json:features.gui.hooks.console.GameRendererMixin from mod sodium,pl:mixin:APP:mixins.iris.json:GameRendererAccessor from mod iris,pl:mixin:APP:mixins.iris.json:MixinGameRenderer from mod iris,pl:mixin:APP:mixins.iris.json:MixinModelViewBobbing from mod iris,pl:mixin:APP:super_resolution.mixins.json:core.GameRendererMixin from mod super_resolution,pl:mixin:APP:super_resolution.mixins.json:debug.ImguiMixin from mod super_resolution,pl:mixin:APP:super_resolution.mixins.json:gui.GameRendererAccessor from mod super_resolution,pl:mixin:APP:super_resolution.mixins.json:presentation.v1_21_1.VulkanPresentationGameRendererCaptureMixin from mod super_resolution,pl:mixin:APP:mixins.iris.json:MixinGameRenderer_NightVisionCompat from mod iris,pl:mixin:A,pl:runtimedistcleaner:A}
	at TRANSFORMER/minecraft@1.21.1/net.minecraft.client.Minecraft.runTick(Minecraft.java:1195) [neoforge-21.1.219.jar%23172!/:?] {re:mixin,pl:runtimedistcleaner:A,re:classloading,pl:mixin:APP:sodium-common.mixins.json:core.MinecraftMixin from mod sodium,pl:mixin:APP:sodium-neoforge.mixins.json:platform.neoforge.EntrypointMixin from mod sodium,pl:mixin:APP:mixins.iris.json:MixinMinecraft_Images from mod iris,pl:mixin:APP:mixins.iris.json:MixinMinecraft_Keybinds from mod iris,pl:mixin:APP:mixins.iris.json:MixinMinecraft_PipelineManagement from mod iris,pl:mixin:APP:super_resolution.mixins.json:core.GlTextureViewMixin from mod super_resolution,pl:mixin:APP:super_resolution.mixins.json:core.MinecraftMixin from mod super_resolution,pl:mixin:APP:super_resolution.mixins.json:core.accessor.MinecraftAccessor from mod super_resolution,pl:mixin:APP:super_resolution.mixins.json:framegeneration.v1_20_1.GameRendererConstantsMixin from mod super_resolution,pl:mixin:APP:super_resolution.mixins.json:framegeneration.v1_21_11.GameRendererConstantsMixin from mod super_resolution,pl:mixin:APP:super_resolution.mixins.json:framegeneration.v26_1_x.GameRendererConstantsMixin from mod super_resolution,pl:mixin:APP:super_resolution.mixins.json:framegeneration.v26_2.GameRendererConstantsMixin from mod super_resolution,pl:mixin:APP:super_resolution.mixins.json:framegeneration.v26_2.NativeLibrariesBootstrapMixin from mod super_resolution,pl:mixin:APP:super_resolution.mixins.json:framegeneration.v26_3.GameRendererConstantsMixin from mod super_resolution,pl:mixin:APP:super_resolution.mixins.json:framegeneration.v26_3.NativeLibrariesBootstrapMixin from mod super_resolution,pl:mixin:APP:super_resolution.mixins.json:gui.GuiGraphicsMixin from mod super_resolution,pl:mixin:APP:super_resolution.mixins.json:gui.GuiRendererDrawAccessor from mod super_resolution,pl:mixin:APP:super_resolution.mixins.json:gui.GuiRendererMixin from mod super_resolution,pl:mixin:APP:super_resolution.mixins.json:lowlatency.v1_20_1.KeyboardHandlerReflexMixin from mod super_resolution,pl:mixin:APP:super_resolution.mixins.json:lowlatency.v1_20_1.MinecraftReflexMixin from mod super_resolution,pl:mixin:APP:super_resolution.mixins.json:lowlatency.v1_20_1.MouseHandlerReflexMixin from mod super_resolution,pl:mixin:APP:super_resolution.mixins.json:lowlatency.v1_20_1.RenderSystemAccessor from mod super_resolution,pl:mixin:APP:super_resolution.mixins.json:lowlatency.v1_21_1.MinecraftReflexMixin from mod super_resolution,pl:mixin:APP:super_resolution.mixins.json:lowlatency.v1_21_11.KeyboardHandlerReflexMixin from mod super_resolution,pl:mixin:APP:super_resolution.mixins.json:lowlatency.v1_21_11.MinecraftReflexMixin from mod super_resolution,pl:mixin:APP:super_resolution.mixins.json:lowlatency.v1_21_11.MouseHandlerReflexMixin from mod super_resolution,pl:mixin:APP:super_resolution.mixins.json:lowlatency.v1_21_11.RenderSystemAccessor from mod super_resolution,pl:mixin:APP:super_resolution.mixins.json:lowlatency.v26_1_x.KeyboardHandlerReflexMixin from mod super_resolution,pl:mixin:APP:super_resolution.mixins.json:lowlatency.v26_1_x.MinecraftReflexMixin from mod super_resolution,pl:mixin:APP:super_resolution.mixins.json:lowlatency.v26_1_x.MouseHandlerReflexMixin from mod super_resolution,pl:mixin:APP:super_resolution.mixins.json:lowlatency.v26_2.KeyboardHandlerReflexMixin from mod super_resolution,pl:mixin:APP:super_resolution.mixins.json:lowlatency.v26_2.MinecraftReflexMixin from mod super_resolution,pl:mixin:APP:super_resolution.mixins.json:lowlatency.v26_2.MouseHandlerReflexMixin from mod super_resolution,pl:mixin:APP:super_resolution.mixins.json:lowlatency.v26_3.KeyboardHandlerReflexMixin from mod super_resolution,pl:mixin:APP:super_resolution.mixins.json:lowlatency.v26_3.MinecraftReflexMixin from mod super_resolution,pl:mixin:APP:super_resolution.mixins.json:lowlatency.v26_3.MouseHandlerReflexMixin from mod super_resolution,pl:mixin:APP:super_resolution.mixins.json:presentation.v1_20_1.VulkanPresentationGameRendererCaptureMixin from mod super_resolution,pl:mixin:APP:super_resolution.mixins.json:presentation.v1_20_1.VulkanPresentationGlDeviceMixin from mod super_resolution,pl:mixin:APP:super_resolution.mixins.json:presentation.v1_20_1.VulkanPresentationMinecraftBackendMixin from mod super_resolution,pl:mixin:APP:super_resolution.mixins.json:presentation.v1_20_1.VulkanPresentationMinecraftCaptureMixin from mod super_resolution,pl:mixin:APP:super_resolution.mixins.json:presentation.v1_20_1.VulkanPresentationWindowMixin from mod super_resolution,pl:mixin:APP:super_resolution.mixins.json:presentation.v1_21_1.VulkanPresentationMinecraftCaptureMixin from mod super_resolution,pl:mixin:APP:super_resolution.mixins.json:presentation.v1_21_11.VulkanPresentationGameRendererCaptureMixin from mod super_resolution,pl:mixin:APP:super_resolution.mixins.json:presentation.v1_21_11.VulkanPresentationGlDeviceMixin from mod super_resolution,pl:mixin:APP:super_resolution.mixins.json:presentation.v1_21_11.VulkanPresentationMinecraftBackendMixin from mod super_resolution,pl:mixin:APP:super_resolution.mixins.json:presentation.v1_21_11.VulkanPresentationMinecraftCaptureMixin from mod super_resolution,pl:mixin:APP:super_resolution.mixins.json:presentation.v1_21_11.VulkanPresentationWindowMixin from mod super_resolution,pl:mixin:APP:super_resolution.mixins.json:presentation.v26_1_x.VulkanPresentationGameRendererCaptureMixin from mod super_resolution,pl:mixin:APP:super_resolution.mixins.json:presentation.v26_1_x.VulkanPresentationGlDeviceMixin from mod super_resolution,pl:mixin:APP:super_resolution.mixins.json:presentation.v26_1_x.VulkanPresentationMinecraftBackendMixin from mod super_resolution,pl:mixin:APP:super_resolution.mixins.json:presentation.v26_1_x.VulkanPresentationMinecraftCaptureMixin from mod super_resolution,pl:mixin:APP:super_resolution.mixins.json:presentation.v26_1_x.VulkanPresentationWindowCloseMixin from mod super_resolution,pl:mixin:APP:super_resolution.mixins.json:presentation.v26_2.VulkanPresentationGameRendererCaptureMixin from mod super_resolution,pl:mixin:APP:super_resolution.mixins.json:presentation.v26_2.VulkanPresentationGlDeviceMixin from mod super_resolution,pl:mixin:APP:super_resolution.mixins.json:presentation.v26_2.VulkanPresentationMinecraftBackendMixin from mod super_resolution,pl:mixin:APP:super_resolution.mixins.json:presentation.v26_2.VulkanPresentationMinecraftCaptureMixin from mod super_resolution,pl:mixin:APP:super_resolution.mixins.json:presentation.v26_2.VulkanPresentationWindowCloseMixin from mod super_resolution,pl:mixin:APP:super_resolution.mixins.json:presentation.v26_3.VulkanPresentationGameRendererCaptureMixin from mod super_resolution,pl:mixin:APP:super_resolution.mixins.json:presentation.v26_3.VulkanPresentationGlDeviceMixin from mod super_resolution,pl:mixin:APP:super_resolution.mixins.json:presentation.v26_3.VulkanPresentationMinecraftBackendMixin from mod super_resolution,pl:mixin:APP:super_resolution.mixins.json:presentation.v26_3.VulkanPresentationMinecraftCaptureMixin from mod super_resolution,pl:mixin:APP:super_resolution.mixins.json:presentation.v26_3.VulkanPresentationWindowCloseMixin from mod super_resolution,pl:mixin:APP:super_resolution-neoforge.mixins.json:neoforge.FuckingValidation1218Mixin from mod super_resolution,pl:mixin:APP:super_resolution-neoforge.mixins.json:neoforge.FuckingValidationMixin from mod super_resolution,pl:mixin:APP:super_resolution_irisapi.mixins.json:composite.before1_21_1.GlStateManagerTextureStateAccessor from mod super_resolution,pl:mixin:APP:architectury.mixins.json:MixinMinecraft from mod architectury,pl:mixin:A,pl:runtimedistcleaner:A}
	at TRANSFORMER/minecraft@1.21.1/net.minecraft.client.Minecraft.run(Minecraft.java:807) [neoforge-21.1.219.jar%23172!/:?] {re:mixin,pl:runtimedistcleaner:A,re:classloading,pl:mixin:APP:sodium-common.mixins.json:core.MinecraftMixin from mod sodium,pl:mixin:APP:sodium-neoforge.mixins.json:platform.neoforge.EntrypointMixin from mod sodium,pl:mixin:APP:mixins.iris.json:MixinMinecraft_Images from mod iris,pl:mixin:APP:mixins.iris.json:MixinMinecraft_Keybinds from mod iris,pl:mixin:APP:mixins.iris.json:MixinMinecraft_PipelineManagement from mod iris,pl:mixin:APP:super_resolution.mixins.json:core.GlTextureViewMixin from mod super_resolution,pl:mixin:APP:super_resolution.mixins.json:core.MinecraftMixin from mod super_resolution,pl:mixin:APP:super_resolution.mixins.json:core.accessor.MinecraftAccessor from mod super_resolution,pl:mixin:APP:super_resolution.mixins.json:framegeneration.v1_20_1.GameRendererConstantsMixin from mod super_resolution,pl:mixin:APP:super_resolution.mixins.json:framegeneration.v1_21_11.GameRendererConstantsMixin from mod super_resolution,pl:mixin:APP:super_resolution.mixins.json:framegeneration.v26_1_x.GameRendererConstantsMixin from mod super_resolution,pl:mixin:APP:super_resolution.mixins.json:framegeneration.v26_2.GameRendererConstantsMixin from mod super_resolution,pl:mixin:APP:super_resolution.mixins.json:framegeneration.v26_2.NativeLibrariesBootstrapMixin from mod super_resolution,pl:mixin:APP:super_resolution.mixins.json:framegeneration.v26_3.GameRendererConstantsMixin from mod super_resolution,pl:mixin:APP:super_resolution.mixins.json:framegeneration.v26_3.NativeLibrariesBootstrapMixin from mod super_resolution,pl:mixin:APP:super_resolution.mixins.json:gui.GuiGraphicsMixin from mod super_resolution,pl:mixin:APP:super_resolution.mixins.json:gui.GuiRendererDrawAccessor from mod super_resolution,pl:mixin:APP:super_resolution.mixins.json:gui.GuiRendererMixin from mod super_resolution,pl:mixin:APP:super_resolution.mixins.json:lowlatency.v1_20_1.KeyboardHandlerReflexMixin from mod super_resolution,pl:mixin:APP:super_resolution.mixins.json:lowlatency.v1_20_1.MinecraftReflexMixin from mod super_resolution,pl:mixin:APP:super_resolution.mixins.json:lowlatency.v1_20_1.MouseHandlerReflexMixin from mod super_resolution,pl:mixin:APP:super_resolution.mixins.json:lowlatency.v1_20_1.RenderSystemAccessor from mod super_resolution,pl:mixin:APP:super_resolution.mixins.json:lowlatency.v1_21_1.MinecraftReflexMixin from mod super_resolution,pl:mixin:APP:super_resolution.mixins.json:lowlatency.v1_21_11.KeyboardHandlerReflexMixin from mod super_resolution,pl:mixin:APP:super_resolution.mixins.json:lowlatency.v1_21_11.MinecraftReflexMixin from mod super_resolution,pl:mixin:APP:super_resolution.mixins.json:lowlatency.v1_21_11.MouseHandlerReflexMixin from mod super_resolution,pl:mixin:APP:super_resolution.mixins.json:lowlatency.v1_21_11.RenderSystemAccessor from mod super_resolution,pl:mixin:APP:super_resolution.mixins.json:lowlatency.v26_1_x.KeyboardHandlerReflexMixin from mod super_resolution,pl:mixin:APP:super_resolution.mixins.json:lowlatency.v26_1_x.MinecraftReflexMixin from mod super_resolution,pl:mixin:APP:super_resolution.mixins.json:lowlatency.v26_1_x.MouseHandlerReflexMixin from mod super_resolution,pl:mixin:APP:super_resolution.mixins.json:lowlatency.v26_2.KeyboardHandlerReflexMixin from mod super_resolution,pl:mixin:APP:super_resolution.mixins.json:lowlatency.v26_2.MinecraftReflexMixin from mod super_resolution,pl:mixin:APP:super_resolution.mixins.json:lowlatency.v26_2.MouseHandlerReflexMixin from mod super_resolution,pl:mixin:APP:super_resolution.mixins.json:lowlatency.v26_3.KeyboardHandlerReflexMixin from mod super_resolution,pl:mixin:APP:super_resolution.mixins.json:lowlatency.v26_3.MinecraftReflexMixin from mod super_resolution,pl:mixin:APP:super_resolution.mixins.json:lowlatency.v26_3.MouseHandlerReflexMixin from mod super_resolution,pl:mixin:APP:super_resolution.mixins.json:presentation.v1_20_1.VulkanPresentationGameRendererCaptureMixin from mod super_resolution,pl:mixin:APP:super_resolution.mixins.json:presentation.v1_20_1.VulkanPresentationGlDeviceMixin from mod super_resolution,pl:mixin:APP:super_resolution.mixins.json:presentation.v1_20_1.VulkanPresentationMinecraftBackendMixin from mod super_resolution,pl:mixin:APP:super_resolution.mixins.json:presentation.v1_20_1.VulkanPresentationMinecraftCaptureMixin from mod super_resolution,pl:mixin:APP:super_resolution.mixins.json:presentation.v1_20_1.VulkanPresentationWindowMixin from mod super_resolution,pl:mixin:APP:super_resolution.mixins.json:presentation.v1_21_1.VulkanPresentationMinecraftCaptureMixin from mod super_resolution,pl:mixin:APP:super_resolution.mixins.json:presentation.v1_21_11.VulkanPresentationGameRendererCaptureMixin from mod super_resolution,pl:mixin:APP:super_resolution.mixins.json:presentation.v1_21_11.VulkanPresentationGlDeviceMixin from mod super_resolution,pl:mixin:APP:super_resolution.mixins.json:presentation.v1_21_11.VulkanPresentationMinecraftBackendMixin from mod super_resolution,pl:mixin:APP:super_resolution.mixins.json:presentation.v1_21_11.VulkanPresentationMinecraftCaptureMixin from mod super_resolution,pl:mixin:APP:super_resolution.mixins.json:presentation.v1_21_11.VulkanPresentationWindowMixin from mod super_resolution,pl:mixin:APP:super_resolution.mixins.json:presentation.v26_1_x.VulkanPresentationGameRendererCaptureMixin from mod super_resolution,pl:mixin:APP:super_resolution.mixins.json:presentation.v26_1_x.VulkanPresentationGlDeviceMixin from mod super_resolution,pl:mixin:APP:super_resolution.mixins.json:presentation.v26_1_x.VulkanPresentationMinecraftBackendMixin from mod super_resolution,pl:mixin:APP:super_resolution.mixins.json:presentation.v26_1_x.VulkanPresentationMinecraftCaptureMixin from mod super_resolution,pl:mixin:APP:super_resolution.mixins.json:presentation.v26_1_x.VulkanPresentationWindowCloseMixin from mod super_resolution,pl:mixin:APP:super_resolution.mixins.json:presentation.v26_2.VulkanPresentationGameRendererCaptureMixin from mod super_resolution,pl:mixin:APP:super_resolution.mixins.json:presentation.v26_2.VulkanPresentationGlDeviceMixin from mod super_resolution,pl:mixin:APP:super_resolution.mixins.json:presentation.v26_2.VulkanPresentationMinecraftBackendMixin from mod super_resolution,pl:mixin:APP:super_resolution.mixins.json:presentation.v26_2.VulkanPresentationMinecraftCaptureMixin from mod super_resolution,pl:mixin:APP:super_resolution.mixins.json:presentation.v26_2.VulkanPresentationWindowCloseMixin from mod super_resolution,pl:mixin:APP:super_resolution.mixins.json:presentation.v26_3.VulkanPresentationGameRendererCaptureMixin from mod super_resolution,pl:mixin:APP:super_resolution.mixins.json:presentation.v26_3.VulkanPresentationGlDeviceMixin from mod super_resolution,pl:mixin:APP:super_resolution.mixins.json:presentation.v26_3.VulkanPresentationMinecraftBackendMixin from mod super_resolution,pl:mixin:APP:super_resolution.mixins.json:presentation.v26_3.VulkanPresentationMinecraftCaptureMixin from mod super_resolution,pl:mixin:APP:super_resolution.mixins.json:presentation.v26_3.VulkanPresentationWindowCloseMixin from mod super_resolution,pl:mixin:APP:super_resolution-neoforge.mixins.json:neoforge.FuckingValidation1218Mixin from mod super_resolution,pl:mixin:APP:super_resolution-neoforge.mixins.json:neoforge.FuckingValidationMixin from mod super_resolution,pl:mixin:APP:super_resolution_irisapi.mixins.json:composite.before1_21_1.GlStateManagerTextureStateAccessor from mod super_resolution,pl:mixin:APP:architectury.mixins.json:MixinMinecraft from mod architectury,pl:mixin:A,pl:runtimedistcleaner:A}
	at TRANSFORMER/minecraft@1.21.1/net.minecraft.client.main.Main.main(Main.java:230) [neoforge-21.1.219.jar%23172!/:?] {re:classloading,pl:runtimedistcleaner:A}
	at java.base/jdk.internal.reflect.DirectMethodHandleAccessor.invoke(DirectMethodHandleAccessor.java:104) ~[?:?] {}
	at java.base/java.lang.reflect.Method.invoke(Method.java:565) ~[?:?] {}
	at MC-BOOTSTRAP/fml_loader@4.0.42/net.neoforged.fml.loading.targets.CommonLaunchHandler.runTarget(CommonLaunchHandler.java:136) [loader-4.0.42.jar%23130!/:4.0] {}
	at MC-BOOTSTRAP/fml_loader@4.0.42/net.neoforged.fml.loading.targets.CommonLaunchHandler.clientService(CommonLaunchHandler.java:124) [loader-4.0.42.jar%23130!/:4.0] {}
	at MC-BOOTSTRAP/fml_loader@4.0.42/net.neoforged.fml.loading.targets.NeoForgeClientDevLaunchHandler.runService(NeoForgeClientDevLaunchHandler.java:23) [loader-4.0.42.jar%23130!/:4.0] {}
	at MC-BOOTSTRAP/fml_loader@4.0.42/net.neoforged.fml.loading.targets.CommonLaunchHandler.lambda$launchService$4(CommonLaunchHandler.java:118) [loader-4.0.42.jar%23130!/:4.0] {}
	at MC-BOOTSTRAP/cpw.mods.modlauncher@11.0.5/cpw.mods.modlauncher.LaunchServiceHandlerDecorator.launch(LaunchServiceHandlerDecorator.java:30) [modlauncher-11.0.5.jar%23112!/:?] {}
	at MC-BOOTSTRAP/cpw.mods.modlauncher@11.0.5/cpw.mods.modlauncher.LaunchServiceHandler.launch(LaunchServiceHandler.java:53) [modlauncher-11.0.5.jar%23112!/:?] {}
	at MC-BOOTSTRAP/cpw.mods.modlauncher@11.0.5/cpw.mods.modlauncher.LaunchServiceHandler.launch(LaunchServiceHandler.java:71) [modlauncher-11.0.5.jar%23112!/:?] {}
	at MC-BOOTSTRAP/cpw.mods.modlauncher@11.0.5/cpw.mods.modlauncher.Launcher.run(Launcher.java:103) [modlauncher-11.0.5.jar%23112!/:?] {}
	at MC-BOOTSTRAP/cpw.mods.modlauncher@11.0.5/cpw.mods.modlauncher.Launcher.main(Launcher.java:74) [modlauncher-11.0.5.jar%23112!/:?] {}
	at MC-BOOTSTRAP/cpw.mods.modlauncher@11.0.5/cpw.mods.modlauncher.BootstrapLaunchConsumer.accept(BootstrapLaunchConsumer.java:26) [modlauncher-11.0.5.jar%23112!/:?] {}
	at MC-BOOTSTRAP/cpw.mods.modlauncher@11.0.5/cpw.mods.modlauncher.BootstrapLaunchConsumer.accept(BootstrapLaunchConsumer.java:23) [modlauncher-11.0.5.jar%23112!/:?] {}
	at cpw.mods.bootstraplauncher@2.0.2/cpw.mods.bootstraplauncher.BootstrapLauncher.run(BootstrapLauncher.java:210) [bootstraplauncher-2.0.2.jar:?] {}
	at cpw.mods.bootstraplauncher@2.0.2/cpw.mods.bootstraplauncher.BootstrapLauncher.main(BootstrapLauncher.java:69) [bootstraplauncher-2.0.2.jar:?] {}
	at java.base/jdk.internal.reflect.DirectMethodHandleAccessor.invoke(DirectMethodHandleAccessor.java:104) ~[?:?] {}
	at java.base/java.lang.reflect.Method.invoke(Method.java:565) ~[?:?] {}
	at net.neoforged.devlaunch.Main.main(Main.java:57) [DevLaunch-1.0.2.jar:?] {}
[12:58:45] [Render thread/WARN] [Iris/]: Failed to resolve uniform endFlashFactor0, reason: Unknown variable: endFlashIntensity ( = BinaryExpr{ {FunctionCall{min {[Id{endFlashIntensity}, Number{0.5}]} }} multiply{0} {Number{2.0}} })
java.lang.RuntimeException: Unknown variable: endFlashIntensity
	at TRANSFORMER/iris@1.8.8+mc1.21.1/kroppeb.stareval.resolver.ExpressionResolver.resolveExpressionInternal(ExpressionResolver.java:225) ~[iris-1.8.8+1.21.1-neoforge-neoforge,1.21.1.jar%23177!/:?] {re:classloading}
	at TRANSFORMER/iris@1.8.8+mc1.21.1/kroppeb.stareval.resolver.ExpressionResolver.resolveCallExpressionInternal(ExpressionResolver.java:81) ~[iris-1.8.8+1.21.1-neoforge-neoforge,1.21.1.jar%23177!/:?] {re:classloading}
	at TRANSFORMER/iris@1.8.8+mc1.21.1/kroppeb.stareval.resolver.ExpressionResolver.resolveCallExpression(ExpressionResolver.java:111) ~[iris-1.8.8+1.21.1-neoforge-neoforge,1.21.1.jar%23177!/:?] {re:classloading}
	at TRANSFORMER/iris@1.8.8+mc1.21.1/kroppeb.stareval.resolver.ExpressionResolver.resolveExpressionInternal(ExpressionResolver.java:196) ~[iris-1.8.8+1.21.1-neoforge-neoforge,1.21.1.jar%23177!/:?] {re:classloading}
	at TRANSFORMER/iris@1.8.8+mc1.21.1/kroppeb.stareval.resolver.ExpressionResolver.resolveCallExpressionInternal(ExpressionResolver.java:81) ~[iris-1.8.8+1.21.1-neoforge-neoforge,1.21.1.jar%23177!/:?] {re:classloading}
	at TRANSFORMER/iris@1.8.8+mc1.21.1/kroppeb.stareval.resolver.ExpressionResolver.resolveCallExpression(ExpressionResolver.java:111) ~[iris-1.8.8+1.21.1-neoforge-neoforge,1.21.1.jar%23177!/:?] {re:classloading}
	at TRANSFORMER/iris@1.8.8+mc1.21.1/kroppeb.stareval.resolver.ExpressionResolver.resolveExpressionInternal(ExpressionResolver.java:192) ~[iris-1.8.8+1.21.1-neoforge-neoforge,1.21.1.jar%23177!/:?] {re:classloading}
	at TRANSFORMER/iris@1.8.8+mc1.21.1/kroppeb.stareval.resolver.ExpressionResolver.resolveExpression(ExpressionResolver.java:50) ~[iris-1.8.8+1.21.1-neoforge-neoforge,1.21.1.jar%23177!/:?] {re:classloading}
	at TRANSFORMER/iris@1.8.8+mc1.21.1/net.irisshaders.iris.uniforms.custom.CustomUniforms.<init>(CustomUniforms.java:60) [iris-1.8.8+1.21.1-neoforge-neoforge,1.21.1.jar%23177!/:?] {re:classloading}
	at TRANSFORMER/iris@1.8.8+mc1.21.1/net.irisshaders.iris.uniforms.custom.CustomUniforms$Builder.build(CustomUniforms.java:332) [iris-1.8.8+1.21.1-neoforge-neoforge,1.21.1.jar%23177!/:?] {re:classloading}
	at TRANSFORMER/iris@1.8.8+mc1.21.1/net.irisshaders.iris.uniforms.custom.CustomUniforms$Builder.build(CustomUniforms.java:343) [iris-1.8.8+1.21.1-neoforge-neoforge,1.21.1.jar%23177!/:?] {re:classloading}
	at TRANSFORMER/iris@1.8.8+mc1.21.1/net.irisshaders.iris.pipeline.IrisRenderingPipeline.<init>(IrisRenderingPipeline.java:282) [iris-1.8.8+1.21.1-neoforge-neoforge,1.21.1.jar%23177!/:?] {re:mixin,re:classloading,pl:mixin:APP:super_resolution_irisapi.mixins.json:composite.IrisRenderingPipelineAccessor from mod super_resolution,pl:mixin:APP:super_resolution_irisapi.mixins.json:composite.before1_21_1.IrisRenderingPipelineMixin from mod super_resolution,pl:mixin:APP:super_resolution.shadercompat.mixins.json:core.IrisRenderingPipelineAccessor from mod super_resolution,pl:mixin:APP:super_resolution.shadercompat.mixins.json:core.IrisRenderingPipelineMixin from mod super_resolution,pl:mixin:A}
	at TRANSFORMER/iris@1.8.8+mc1.21.1/net.irisshaders.iris.Iris.createPipeline(Iris.java:616) [iris-1.8.8+1.21.1-neoforge-neoforge,1.21.1.jar%23177!/:?] {re:mixin,re:classloading,pl:mixin:APP:super_resolution.shadercompat.mixins.json:core.IrisMixin from mod super_resolution,pl:mixin:A}
	at TRANSFORMER/iris@1.8.8+mc1.21.1/net.irisshaders.iris.pipeline.PipelineManager.preparePipeline(PipelineManager.java:33) [iris-1.8.8+1.21.1-neoforge-neoforge,1.21.1.jar%23177!/:?] {re:mixin,re:classloading,pl:mixin:APP:super_resolution.shadercompat.mixins.json:core.PipelineManagerMixin from mod super_resolution,pl:mixin:A}
	at TRANSFORMER/iris@1.8.8+mc1.21.1/net.irisshaders.iris.Iris.onLoadingComplete(Iris.java:150) [iris-1.8.8+1.21.1-neoforge-neoforge,1.21.1.jar%23177!/:?] {re:mixin,re:classloading,pl:mixin:APP:super_resolution.shadercompat.mixins.json:core.IrisMixin from mod super_resolution,pl:mixin:A}
	at TRANSFORMER/minecraft@1.21.1/net.minecraft.client.gui.screens.TitleScreen.handler$zfl000$iris$firstInit(TitleScreen.java:525) [neoforge-21.1.219.jar%23172!/:?] {re:mixin,pl:runtimedistcleaner:A,re:computing_frames,pl:runtimedistcleaner:A,re:classloading,pl:mixin:APP:mixins.iris.json:MixinTitleScreen from mod iris,pl:mixin:A,pl:runtimedistcleaner:A}
	at TRANSFORMER/minecraft@1.21.1/net.minecraft.client.gui.screens.TitleScreen.init(TitleScreen.java:157) [neoforge-21.1.219.jar%23172!/:?] {re:mixin,pl:runtimedistcleaner:A,re:computing_frames,pl:runtimedistcleaner:A,re:classloading,pl:mixin:APP:mixins.iris.json:MixinTitleScreen from mod iris,pl:mixin:A,pl:runtimedistcleaner:A}
	at TRANSFORMER/minecraft@1.21.1/net.minecraft.client.gui.screens.Screen.init(Screen.java:317) [neoforge-21.1.219.jar%23172!/:?] {re:mixin,pl:accesstransformer:B,pl:runtimedistcleaner:A,re:classloading,pl:accesstransformer:B,pl:runtimedistcleaner:A}
	at TRANSFORMER/minecraft@1.21.1/net.minecraft.client.Minecraft.setScreen(Minecraft.java:1057) [neoforge-21.1.219.jar%23172!/:?] {re:mixin,pl:runtimedistcleaner:A,re:classloading,pl:mixin:APP:sodium-common.mixins.json:core.MinecraftMixin from mod sodium,pl:mixin:APP:sodium-neoforge.mixins.json:platform.neoforge.EntrypointMixin from mod sodium,pl:mixin:APP:mixins.iris.json:MixinMinecraft_Images from mod iris,pl:mixin:APP:mixins.iris.json:MixinMinecraft_Keybinds from mod iris,pl:mixin:APP:mixins.iris.json:MixinMinecraft_PipelineManagement from mod iris,pl:mixin:APP:super_resolution.mixins.json:core.GlTextureViewMixin from mod super_resolution,pl:mixin:APP:super_resolution.mixins.json:core.MinecraftMixin from mod super_resolution,pl:mixin:APP:super_resolution.mixins.json:core.accessor.MinecraftAccessor from mod super_resolution,pl:mixin:APP:super_resolution.mixins.json:framegeneration.v1_20_1.GameRendererConstantsMixin from mod super_resolution,pl:mixin:APP:super_resolution.mixins.json:framegeneration.v1_21_11.GameRendererConstantsMixin from mod super_resolution,pl:mixin:APP:super_resolution.mixins.json:framegeneration.v26_1_x.GameRendererConstantsMixin from mod super_resolution,pl:mixin:APP:super_resolution.mixins.json:framegeneration.v26_2.GameRendererConstantsMixin from mod super_resolution,pl:mixin:APP:super_resolution.mixins.json:framegeneration.v26_2.NativeLibrariesBootstrapMixin from mod super_resolution,pl:mixin:APP:super_resolution.mixins.json:framegeneration.v26_3.GameRendererConstantsMixin from mod super_resolution,pl:mixin:APP:super_resolution.mixins.json:framegeneration.v26_3.NativeLibrariesBootstrapMixin from mod super_resolution,pl:mixin:APP:super_resolution.mixins.json:gui.GuiGraphicsMixin from mod super_resolution,pl:mixin:APP:super_resolution.mixins.json:gui.GuiRendererDrawAccessor from mod super_resolution,pl:mixin:APP:super_resolution.mixins.json:gui.GuiRendererMixin from mod super_resolution,pl:mixin:APP:super_resolution.mixins.json:lowlatency.v1_20_1.KeyboardHandlerReflexMixin from mod super_resolution,pl:mixin:APP:super_resolution.mixins.json:lowlatency.v1_20_1.MinecraftReflexMixin from mod super_resolution,pl:mixin:APP:super_resolution.mixins.json:lowlatency.v1_20_1.MouseHandlerReflexMixin from mod super_resolution,pl:mixin:APP:super_resolution.mixins.json:lowlatency.v1_20_1.RenderSystemAccessor from mod super_resolution,pl:mixin:APP:super_resolution.mixins.json:lowlatency.v1_21_1.MinecraftReflexMixin from mod super_resolution,pl:mixin:APP:super_resolution.mixins.json:lowlatency.v1_21_11.KeyboardHandlerReflexMixin from mod super_resolution,pl:mixin:APP:super_resolution.mixins.json:lowlatency.v1_21_11.MinecraftReflexMixin from mod super_resolution,pl:mixin:APP:super_resolution.mixins.json:lowlatency.v1_21_11.MouseHandlerReflexMixin from mod super_resolution,pl:mixin:APP:super_resolution.mixins.json:lowlatency.v1_21_11.RenderSystemAccessor from mod super_resolution,pl:mixin:APP:super_resolution.mixins.json:lowlatency.v26_1_x.KeyboardHandlerReflexMixin from mod super_resolution,pl:mixin:APP:super_resolution.mixins.json:lowlatency.v26_1_x.MinecraftReflexMixin from mod super_resolution,pl:mixin:APP:super_resolution.mixins.json:lowlatency.v26_1_x.MouseHandlerReflexMixin from mod super_resolution,pl:mixin:APP:super_resolution.mixins.json:lowlatency.v26_2.KeyboardHandlerReflexMixin from mod super_resolution,pl:mixin:APP:super_resolution.mixins.json:lowlatency.v26_2.MinecraftReflexMixin from mod super_resolution,pl:mixin:APP:super_resolution.mixins.json:lowlatency.v26_2.MouseHandlerReflexMixin from mod super_resolution,pl:mixin:APP:super_resolution.mixins.json:lowlatency.v26_3.KeyboardHandlerReflexMixin from mod super_resolution,pl:mixin:APP:super_resolution.mixins.json:lowlatency.v26_3.MinecraftReflexMixin from mod super_resolution,pl:mixin:APP:super_resolution.mixins.json:lowlatency.v26_3.MouseHandlerReflexMixin from mod super_resolution,pl:mixin:APP:super_resolution.mixins.json:presentation.v1_20_1.VulkanPresentationGameRendererCaptureMixin from mod super_resolution,pl:mixin:APP:super_resolution.mixins.json:presentation.v1_20_1.VulkanPresentationGlDeviceMixin from mod super_resolution,pl:mixin:APP:super_resolution.mixins.json:presentation.v1_20_1.VulkanPresentationMinecraftBackendMixin from mod super_resolution,pl:mixin:APP:super_resolution.mixins.json:presentation.v1_20_1.VulkanPresentationMinecraftCaptureMixin from mod super_resolution,pl:mixin:APP:super_resolution.mixins.json:presentation.v1_20_1.VulkanPresentationWindowMixin from mod super_resolution,pl:mixin:APP:super_resolution.mixins.json:presentation.v1_21_1.VulkanPresentationMinecraftCaptureMixin from mod super_resolution,pl:mixin:APP:super_resolution.mixins.json:presentation.v1_21_11.VulkanPresentationGameRendererCaptureMixin from mod super_resolution,pl:mixin:APP:super_resolution.mixins.json:presentation.v1_21_11.VulkanPresentationGlDeviceMixin from mod super_resolution,pl:mixin:APP:super_resolution.mixins.json:presentation.v1_21_11.VulkanPresentationMinecraftBackendMixin from mod super_resolution,pl:mixin:APP:super_resolution.mixins.json:presentation.v1_21_11.VulkanPresentationMinecraftCaptureMixin from mod super_resolution,pl:mixin:APP:super_resolution.mixins.json:presentation.v1_21_11.VulkanPresentationWindowMixin from mod super_resolution,pl:mixin:APP:super_resolution.mixins.json:presentation.v26_1_x.VulkanPresentationGameRendererCaptureMixin from mod super_resolution,pl:mixin:APP:super_resolution.mixins.json:presentation.v26_1_x.VulkanPresentationGlDeviceMixin from mod super_resolution,pl:mixin:APP:super_resolution.mixins.json:presentation.v26_1_x.VulkanPresentationMinecraftBackendMixin from mod super_resolution,pl:mixin:APP:super_resolution.mixins.json:presentation.v26_1_x.VulkanPresentationMinecraftCaptureMixin from mod super_resolution,pl:mixin:APP:super_resolution.mixins.json:presentation.v26_1_x.VulkanPresentationWindowCloseMixin from mod super_resolution,pl:mixin:APP:super_resolution.mixins.json:presentation.v26_2.VulkanPresentationGameRendererCaptureMixin from mod super_resolution,pl:mixin:APP:super_resolution.mixins.json:presentation.v26_2.VulkanPresentationGlDeviceMixin from mod super_resolution,pl:mixin:APP:super_resolution.mixins.json:presentation.v26_2.VulkanPresentationMinecraftBackendMixin from mod super_resolution,pl:mixin:APP:super_resolution.mixins.json:presentation.v26_2.VulkanPresentationMinecraftCaptureMixin from mod super_resolution,pl:mixin:APP:super_resolution.mixins.json:presentation.v26_2.VulkanPresentationWindowCloseMixin from mod super_resolution,pl:mixin:APP:super_resolution.mixins.json:presentation.v26_3.VulkanPresentationGameRendererCaptureMixin from mod super_resolution,pl:mixin:APP:super_resolution.mixins.json:presentation.v26_3.VulkanPresentationGlDeviceMixin from mod super_resolution,pl:mixin:APP:super_resolution.mixins.json:presentation.v26_3.VulkanPresentationMinecraftBackendMixin from mod super_resolution,pl:mixin:APP:super_resolution.mixins.json:presentation.v26_3.VulkanPresentationMinecraftCaptureMixin from mod super_resolution,pl:mixin:APP:super_resolution.mixins.json:presentation.v26_3.VulkanPresentationWindowCloseMixin from mod super_resolution,pl:mixin:APP:super_resolution-neoforge.mixins.json:neoforge.FuckingValidation1218Mixin from mod super_resolution,pl:mixin:APP:super_resolution-neoforge.mixins.json:neoforge.FuckingValidationMixin from mod super_resolution,pl:mixin:APP:super_resolution_irisapi.mixins.json:composite.before1_21_1.GlStateManagerTextureStateAccessor from mod super_resolution,pl:mixin:APP:architectury.mixins.json:MixinMinecraft from mod architectury,pl:mixin:A,pl:runtimedistcleaner:A}
	at TRANSFORMER/minecraft@1.21.1/net.minecraft.client.Minecraft.lambda$buildInitialScreens$9(Minecraft.java:664) [neoforge-21.1.219.jar%23172!/:?] {re:mixin,pl:runtimedistcleaner:A,re:classloading,pl:mixin:APP:sodium-common.mixins.json:core.MinecraftMixin from mod sodium,pl:mixin:APP:sodium-neoforge.mixins.json:platform.neoforge.EntrypointMixin from mod sodium,pl:mixin:APP:mixins.iris.json:MixinMinecraft_Images from mod iris,pl:mixin:APP:mixins.iris.json:MixinMinecraft_Keybinds from mod iris,pl:mixin:APP:mixins.iris.json:MixinMinecraft_PipelineManagement from mod iris,pl:mixin:APP:super_resolution.mixins.json:core.GlTextureViewMixin from mod super_resolution,pl:mixin:APP:super_resolution.mixins.json:core.MinecraftMixin from mod super_resolution,pl:mixin:APP:super_resolution.mixins.json:core.accessor.MinecraftAccessor from mod super_resolution,pl:mixin:APP:super_resolution.mixins.json:framegeneration.v1_20_1.GameRendererConstantsMixin from mod super_resolution,pl:mixin:APP:super_resolution.mixins.json:framegeneration.v1_21_11.GameRendererConstantsMixin from mod super_resolution,pl:mixin:APP:super_resolution.mixins.json:framegeneration.v26_1_x.GameRendererConstantsMixin from mod super_resolution,pl:mixin:APP:super_resolution.mixins.json:framegeneration.v26_2.GameRendererConstantsMixin from mod super_resolution,pl:mixin:APP:super_resolution.mixins.json:framegeneration.v26_2.NativeLibrariesBootstrapMixin from mod super_resolution,pl:mixin:APP:super_resolution.mixins.json:framegeneration.v26_3.GameRendererConstantsMixin from mod super_resolution,pl:mixin:APP:super_resolution.mixins.json:framegeneration.v26_3.NativeLibrariesBootstrapMixin from mod super_resolution,pl:mixin:APP:super_resolution.mixins.json:gui.GuiGraphicsMixin from mod super_resolution,pl:mixin:APP:super_resolution.mixins.json:gui.GuiRendererDrawAccessor from mod super_resolution,pl:mixin:APP:super_resolution.mixins.json:gui.GuiRendererMixin from mod super_resolution,pl:mixin:APP:super_resolution.mixins.json:lowlatency.v1_20_1.KeyboardHandlerReflexMixin from mod super_resolution,pl:mixin:APP:super_resolution.mixins.json:lowlatency.v1_20_1.MinecraftReflexMixin from mod super_resolution,pl:mixin:APP:super_resolution.mixins.json:lowlatency.v1_20_1.MouseHandlerReflexMixin from mod super_resolution,pl:mixin:APP:super_resolution.mixins.json:lowlatency.v1_20_1.RenderSystemAccessor from mod super_resolution,pl:mixin:APP:super_resolution.mixins.json:lowlatency.v1_21_1.MinecraftReflexMixin from mod super_resolution,pl:mixin:APP:super_resolution.mixins.json:lowlatency.v1_21_11.KeyboardHandlerReflexMixin from mod super_resolution,pl:mixin:APP:super_resolution.mixins.json:lowlatency.v1_21_11.MinecraftReflexMixin from mod super_resolution,pl:mixin:APP:super_resolution.mixins.json:lowlatency.v1_21_11.MouseHandlerReflexMixin from mod super_resolution,pl:mixin:APP:super_resolution.mixins.json:lowlatency.v1_21_11.RenderSystemAccessor from mod super_resolution,pl:mixin:APP:super_resolution.mixins.json:lowlatency.v26_1_x.KeyboardHandlerReflexMixin from mod super_resolution,pl:mixin:APP:super_resolution.mixins.json:lowlatency.v26_1_x.MinecraftReflexMixin from mod super_resolution,pl:mixin:APP:super_resolution.mixins.json:lowlatency.v26_1_x.MouseHandlerReflexMixin from mod super_resolution,pl:mixin:APP:super_resolution.mixins.json:lowlatency.v26_2.KeyboardHandlerReflexMixin from mod super_resolution,pl:mixin:APP:super_resolution.mixins.json:lowlatency.v26_2.MinecraftReflexMixin from mod super_resolution,pl:mixin:APP:super_resolution.mixins.json:lowlatency.v26_2.MouseHandlerReflexMixin from mod super_resolution,pl:mixin:APP:super_resolution.mixins.json:lowlatency.v26_3.KeyboardHandlerReflexMixin from mod super_resolution,pl:mixin:APP:super_resolution.mixins.json:lowlatency.v26_3.MinecraftReflexMixin from mod super_resolution,pl:mixin:APP:super_resolution.mixins.json:lowlatency.v26_3.MouseHandlerReflexMixin from mod super_resolution,pl:mixin:APP:super_resolution.mixins.json:presentation.v1_20_1.VulkanPresentationGameRendererCaptureMixin from mod super_resolution,pl:mixin:APP:super_resolution.mixins.json:presentation.v1_20_1.VulkanPresentationGlDeviceMixin from mod super_resolution,pl:mixin:APP:super_resolution.mixins.json:presentation.v1_20_1.VulkanPresentationMinecraftBackendMixin from mod super_resolution,pl:mixin:APP:super_resolution.mixins.json:presentation.v1_20_1.VulkanPresentationMinecraftCaptureMixin from mod super_resolution,pl:mixin:APP:super_resolution.mixins.json:presentation.v1_20_1.VulkanPresentationWindowMixin from mod super_resolution,pl:mixin:APP:super_resolution.mixins.json:presentation.v1_21_1.VulkanPresentationMinecraftCaptureMixin from mod super_resolution,pl:mixin:APP:super_resolution.mixins.json:presentation.v1_21_11.VulkanPresentationGameRendererCaptureMixin from mod super_resolution,pl:mixin:APP:super_resolution.mixins.json:presentation.v1_21_11.VulkanPresentationGlDeviceMixin from mod super_resolution,pl:mixin:APP:super_resolution.mixins.json:presentation.v1_21_11.VulkanPresentationMinecraftBackendMixin from mod super_resolution,pl:mixin:APP:super_resolution.mixins.json:presentation.v1_21_11.VulkanPresentationMinecraftCaptureMixin from mod super_resolution,pl:mixin:APP:super_resolution.mixins.json:presentation.v1_21_11.VulkanPresentationWindowMixin from mod super_resolution,pl:mixin:APP:super_resolution.mixins.json:presentation.v26_1_x.VulkanPresentationGameRendererCaptureMixin from mod super_resolution,pl:mixin:APP:super_resolution.mixins.json:presentation.v26_1_x.VulkanPresentationGlDeviceMixin from mod super_resolution,pl:mixin:APP:super_resolution.mixins.json:presentation.v26_1_x.VulkanPresentationMinecraftBackendMixin from mod super_resolution,pl:mixin:APP:super_resolution.mixins.json:presentation.v26_1_x.VulkanPresentationMinecraftCaptureMixin from mod super_resolution,pl:mixin:APP:super_resolution.mixins.json:presentation.v26_1_x.VulkanPresentationWindowCloseMixin from mod super_resolution,pl:mixin:APP:super_resolution.mixins.json:presentation.v26_2.VulkanPresentationGameRendererCaptureMixin from mod super_resolution,pl:mixin:APP:super_resolution.mixins.json:presentation.v26_2.VulkanPresentationGlDeviceMixin from mod super_resolution,pl:mixin:APP:super_resolution.mixins.json:presentation.v26_2.VulkanPresentationMinecraftBackendMixin from mod super_resolution,pl:mixin:APP:super_resolution.mixins.json:presentation.v26_2.VulkanPresentationMinecraftCaptureMixin from mod super_resolution,pl:mixin:APP:super_resolution.mixins.json:presentation.v26_2.VulkanPresentationWindowCloseMixin from mod super_resolution,pl:mixin:APP:super_resolution.mixins.json:presentation.v26_3.VulkanPresentationGameRendererCaptureMixin from mod super_resolution,pl:mixin:APP:super_resolution.mixins.json:presentation.v26_3.VulkanPresentationGlDeviceMixin from mod super_resolution,pl:mixin:APP:super_resolution.mixins.json:presentation.v26_3.VulkanPresentationMinecraftBackendMixin from mod super_resolution,pl:mixin:APP:super_resolution.mixins.json:presentation.v26_3.VulkanPresentationMinecraftCaptureMixin from mod super_resolution,pl:mixin:APP:super_resolution.mixins.json:presentation.v26_3.VulkanPresentationWindowCloseMixin from mod super_resolution,pl:mixin:APP:super_resolution-neoforge.mixins.json:neoforge.FuckingValidation1218Mixin from mod super_resolution,pl:mixin:APP:super_resolution-neoforge.mixins.json:neoforge.FuckingValidationMixin from mod super_resolution,pl:mixin:APP:super_resolution_irisapi.mixins.json:composite.before1_21_1.GlStateManagerTextureStateAccessor from mod super_resolution,pl:mixin:APP:architectury.mixins.json:MixinMinecraft from mod architectury,pl:mixin:A,pl:runtimedistcleaner:A}
	at TRANSFORMER/minecraft@1.21.1/net.minecraft.client.Minecraft.onGameLoadFinished(Minecraft.java:650) [neoforge-21.1.219.jar%23172!/:?] {re:mixin,pl:runtimedistcleaner:A,re:classloading,pl:mixin:APP:sodium-common.mixins.json:core.MinecraftMixin from mod sodium,pl:mixin:APP:sodium-neoforge.mixins.json:platform.neoforge.EntrypointMixin from mod sodium,pl:mixin:APP:mixins.iris.json:MixinMinecraft_Images from mod iris,pl:mixin:APP:mixins.iris.json:MixinMinecraft_Keybinds from mod iris,pl:mixin:APP:mixins.iris.json:MixinMinecraft_PipelineManagement from mod iris,pl:mixin:APP:super_resolution.mixins.json:core.GlTextureViewMixin from mod super_resolution,pl:mixin:APP:super_resolution.mixins.json:core.MinecraftMixin from mod super_resolution,pl:mixin:APP:super_resolution.mixins.json:core.accessor.MinecraftAccessor from mod super_resolution,pl:mixin:APP:super_resolution.mixins.json:framegeneration.v1_20_1.GameRendererConstantsMixin from mod super_resolution,pl:mixin:APP:super_resolution.mixins.json:framegeneration.v1_21_11.GameRendererConstantsMixin from mod super_resolution,pl:mixin:APP:super_resolution.mixins.json:framegeneration.v26_1_x.GameRendererConstantsMixin from mod super_resolution,pl:mixin:APP:super_resolution.mixins.json:framegeneration.v26_2.GameRendererConstantsMixin from mod super_resolution,pl:mixin:APP:super_resolution.mixins.json:framegeneration.v26_2.NativeLibrariesBootstrapMixin from mod super_resolution,pl:mixin:APP:super_resolution.mixins.json:framegeneration.v26_3.GameRendererConstantsMixin from mod super_resolution,pl:mixin:APP:super_resolution.mixins.json:framegeneration.v26_3.NativeLibrariesBootstrapMixin from mod super_resolution,pl:mixin:APP:super_resolution.mixins.json:gui.GuiGraphicsMixin from mod super_resolution,pl:mixin:APP:super_resolution.mixins.json:gui.GuiRendererDrawAccessor from mod super_resolution,pl:mixin:APP:super_resolution.mixins.json:gui.GuiRendererMixin from mod super_resolution,pl:mixin:APP:super_resolution.mixins.json:lowlatency.v1_20_1.KeyboardHandlerReflexMixin from mod super_resolution,pl:mixin:APP:super_resolution.mixins.json:lowlatency.v1_20_1.MinecraftReflexMixin from mod super_resolution,pl:mixin:APP:super_resolution.mixins.json:lowlatency.v1_20_1.MouseHandlerReflexMixin from mod super_resolution,pl:mixin:APP:super_resolution.mixins.json:lowlatency.v1_20_1.RenderSystemAccessor from mod super_resolution,pl:mixin:APP:super_resolution.mixins.json:lowlatency.v1_21_1.MinecraftReflexMixin from mod super_resolution,pl:mixin:APP:super_resolution.mixins.json:lowlatency.v1_21_11.KeyboardHandlerReflexMixin from mod super_resolution,pl:mixin:APP:super_resolution.mixins.json:lowlatency.v1_21_11.MinecraftReflexMixin from mod super_resolution,pl:mixin:APP:super_resolution.mixins.json:lowlatency.v1_21_11.MouseHandlerReflexMixin from mod super_resolution,pl:mixin:APP:super_resolution.mixins.json:lowlatency.v1_21_11.RenderSystemAccessor from mod super_resolution,pl:mixin:APP:super_resolution.mixins.json:lowlatency.v26_1_x.KeyboardHandlerReflexMixin from mod super_resolution,pl:mixin:APP:super_resolution.mixins.json:lowlatency.v26_1_x.MinecraftReflexMixin from mod super_resolution,pl:mixin:APP:super_resolution.mixins.json:lowlatency.v26_1_x.MouseHandlerReflexMixin from mod super_resolution,pl:mixin:APP:super_resolution.mixins.json:lowlatency.v26_2.KeyboardHandlerReflexMixin from mod super_resolution,pl:mixin:APP:super_resolution.mixins.json:lowlatency.v26_2.MinecraftReflexMixin from mod super_resolution,pl:mixin:APP:super_resolution.mixins.json:lowlatency.v26_2.MouseHandlerReflexMixin from mod super_resolution,pl:mixin:APP:super_resolution.mixins.json:lowlatency.v26_3.KeyboardHandlerReflexMixin from mod super_resolution,pl:mixin:APP:super_resolution.mixins.json:lowlatency.v26_3.MinecraftReflexMixin from mod super_resolution,pl:mixin:APP:super_resolution.mixins.json:lowlatency.v26_3.MouseHandlerReflexMixin from mod super_resolution,pl:mixin:APP:super_resolution.mixins.json:presentation.v1_20_1.VulkanPresentationGameRendererCaptureMixin from mod super_resolution,pl:mixin:APP:super_resolution.mixins.json:presentation.v1_20_1.VulkanPresentationGlDeviceMixin from mod super_resolution,pl:mixin:APP:super_resolution.mixins.json:presentation.v1_20_1.VulkanPresentationMinecraftBackendMixin from mod super_resolution,pl:mixin:APP:super_resolution.mixins.json:presentation.v1_20_1.VulkanPresentationMinecraftCaptureMixin from mod super_resolution,pl:mixin:APP:super_resolution.mixins.json:presentation.v1_20_1.VulkanPresentationWindowMixin from mod super_resolution,pl:mixin:APP:super_resolution.mixins.json:presentation.v1_21_1.VulkanPresentationMinecraftCaptureMixin from mod super_resolution,pl:mixin:APP:super_resolution.mixins.json:presentation.v1_21_11.VulkanPresentationGameRendererCaptureMixin from mod super_resolution,pl:mixin:APP:super_resolution.mixins.json:presentation.v1_21_11.VulkanPresentationGlDeviceMixin from mod super_resolution,pl:mixin:APP:super_resolution.mixins.json:presentation.v1_21_11.VulkanPresentationMinecraftBackendMixin from mod super_resolution,pl:mixin:APP:super_resolution.mixins.json:presentation.v1_21_11.VulkanPresentationMinecraftCaptureMixin from mod super_resolution,pl:mixin:APP:super_resolution.mixins.json:presentation.v1_21_11.VulkanPresentationWindowMixin from mod super_resolution,pl:mixin:APP:super_resolution.mixins.json:presentation.v26_1_x.VulkanPresentationGameRendererCaptureMixin from mod super_resolution,pl:mixin:APP:super_resolution.mixins.json:presentation.v26_1_x.VulkanPresentationGlDeviceMixin from mod super_resolution,pl:mixin:APP:super_resolution.mixins.json:presentation.v26_1_x.VulkanPresentationMinecraftBackendMixin from mod super_resolution,pl:mixin:APP:super_resolution.mixins.json:presentation.v26_1_x.VulkanPresentationMinecraftCaptureMixin from mod super_resolution,pl:mixin:APP:super_resolution.mixins.json:presentation.v26_1_x.VulkanPresentationWindowCloseMixin from mod super_resolution,pl:mixin:APP:super_resolution.mixins.json:presentation.v26_2.VulkanPresentationGameRendererCaptureMixin from mod super_resolution,pl:mixin:APP:super_resolution.mixins.json:presentation.v26_2.VulkanPresentationGlDeviceMixin from mod super_resolution,pl:mixin:APP:super_resolution.mixins.json:presentation.v26_2.VulkanPresentationMinecraftBackendMixin from mod super_resolution,pl:mixin:APP:super_resolution.mixins.json:presentation.v26_2.VulkanPresentationMinecraftCaptureMixin from mod super_resolution,pl:mixin:APP:super_resolution.mixins.json:presentation.v26_2.VulkanPresentationWindowCloseMixin from mod super_resolution,pl:mixin:APP:super_resolution.mixins.json:presentation.v26_3.VulkanPresentationGameRendererCaptureMixin from mod super_resolution,pl:mixin:APP:super_resolution.mixins.json:presentation.v26_3.VulkanPresentationGlDeviceMixin from mod super_resolution,pl:mixin:APP:super_resolution.mixins.json:presentation.v26_3.VulkanPresentationMinecraftBackendMixin from mod super_resolution,pl:mixin:APP:super_resolution.mixins.json:presentation.v26_3.VulkanPresentationMinecraftCaptureMixin from mod super_resolution,pl:mixin:APP:super_resolution.mixins.json:presentation.v26_3.VulkanPresentationWindowCloseMixin from mod super_resolution,pl:mixin:APP:super_resolution-neoforge.mixins.json:neoforge.FuckingValidation1218Mixin from mod super_resolution,pl:mixin:APP:super_resolution-neoforge.mixins.json:neoforge.FuckingValidationMixin from mod super_resolution,pl:mixin:APP:super_resolution_irisapi.mixins.json:composite.before1_21_1.GlStateManagerTextureStateAccessor from mod super_resolution,pl:mixin:APP:architectury.mixins.json:MixinMinecraft from mod architectury,pl:mixin:A,pl:runtimedistcleaner:A}
	at TRANSFORMER/minecraft@1.21.1/net.minecraft.client.Minecraft.onResourceLoadFinished(Minecraft.java:641) [neoforge-21.1.219.jar%23172!/:?] {re:mixin,pl:runtimedistcleaner:A,re:classloading,pl:mixin:APP:sodium-common.mixins.json:core.MinecraftMixin from mod sodium,pl:mixin:APP:sodium-neoforge.mixins.json:platform.neoforge.EntrypointMixin from mod sodium,pl:mixin:APP:mixins.iris.json:MixinMinecraft_Images from mod iris,pl:mixin:APP:mixins.iris.json:MixinMinecraft_Keybinds from mod iris,pl:mixin:APP:mixins.iris.json:MixinMinecraft_PipelineManagement from mod iris,pl:mixin:APP:super_resolution.mixins.json:core.GlTextureViewMixin from mod super_resolution,pl:mixin:APP:super_resolution.mixins.json:core.MinecraftMixin from mod super_resolution,pl:mixin:APP:super_resolution.mixins.json:core.accessor.MinecraftAccessor from mod super_resolution,pl:mixin:APP:super_resolution.mixins.json:framegeneration.v1_20_1.GameRendererConstantsMixin from mod super_resolution,pl:mixin:APP:super_resolution.mixins.json:framegeneration.v1_21_11.GameRendererConstantsMixin from mod super_resolution,pl:mixin:APP:super_resolution.mixins.json:framegeneration.v26_1_x.GameRendererConstantsMixin from mod super_resolution,pl:mixin:APP:super_resolution.mixins.json:framegeneration.v26_2.GameRendererConstantsMixin from mod super_resolution,pl:mixin:APP:super_resolution.mixins.json:framegeneration.v26_2.NativeLibrariesBootstrapMixin from mod super_resolution,pl:mixin:APP:super_resolution.mixins.json:framegeneration.v26_3.GameRendererConstantsMixin from mod super_resolution,pl:mixin:APP:super_resolution.mixins.json:framegeneration.v26_3.NativeLibrariesBootstrapMixin from mod super_resolution,pl:mixin:APP:super_resolution.mixins.json:gui.GuiGraphicsMixin from mod super_resolution,pl:mixin:APP:super_resolution.mixins.json:gui.GuiRendererDrawAccessor from mod super_resolution,pl:mixin:APP:super_resolution.mixins.json:gui.GuiRendererMixin from mod super_resolution,pl:mixin:APP:super_resolution.mixins.json:lowlatency.v1_20_1.KeyboardHandlerReflexMixin from mod super_resolution,pl:mixin:APP:super_resolution.mixins.json:lowlatency.v1_20_1.MinecraftReflexMixin from mod super_resolution,pl:mixin:APP:super_resolution.mixins.json:lowlatency.v1_20_1.MouseHandlerReflexMixin from mod super_resolution,pl:mixin:APP:super_resolution.mixins.json:lowlatency.v1_20_1.RenderSystemAccessor from mod super_resolution,pl:mixin:APP:super_resolution.mixins.json:lowlatency.v1_21_1.MinecraftReflexMixin from mod super_resolution,pl:mixin:APP:super_resolution.mixins.json:lowlatency.v1_21_11.KeyboardHandlerReflexMixin from mod super_resolution,pl:mixin:APP:super_resolution.mixins.json:lowlatency.v1_21_11.MinecraftReflexMixin from mod super_resolution,pl:mixin:APP:super_resolution.mixins.json:lowlatency.v1_21_11.MouseHandlerReflexMixin from mod super_resolution,pl:mixin:APP:super_resolution.mixins.json:lowlatency.v1_21_11.RenderSystemAccessor from mod super_resolution,pl:mixin:APP:super_resolution.mixins.json:lowlatency.v26_1_x.KeyboardHandlerReflexMixin from mod super_resolution,pl:mixin:APP:super_resolution.mixins.json:lowlatency.v26_1_x.MinecraftReflexMixin from mod super_resolution,pl:mixin:APP:super_resolution.mixins.json:lowlatency.v26_1_x.MouseHandlerReflexMixin from mod super_resolution,pl:mixin:APP:super_resolution.mixins.json:lowlatency.v26_2.KeyboardHandlerReflexMixin from mod super_resolution,pl:mixin:APP:super_resolution.mixins.json:lowlatency.v26_2.MinecraftReflexMixin from mod super_resolution,pl:mixin:APP:super_resolution.mixins.json:lowlatency.v26_2.MouseHandlerReflexMixin from mod super_resolution,pl:mixin:APP:super_resolution.mixins.json:lowlatency.v26_3.KeyboardHandlerReflexMixin from mod super_resolution,pl:mixin:APP:super_resolution.mixins.json:lowlatency.v26_3.MinecraftReflexMixin from mod super_resolution,pl:mixin:APP:super_resolution.mixins.json:lowlatency.v26_3.MouseHandlerReflexMixin from mod super_resolution,pl:mixin:APP:super_resolution.mixins.json:presentation.v1_20_1.VulkanPresentationGameRendererCaptureMixin from mod super_resolution,pl:mixin:APP:super_resolution.mixins.json:presentation.v1_20_1.VulkanPresentationGlDeviceMixin from mod super_resolution,pl:mixin:APP:super_resolution.mixins.json:presentation.v1_20_1.VulkanPresentationMinecraftBackendMixin from mod super_resolution,pl:mixin:APP:super_resolution.mixins.json:presentation.v1_20_1.VulkanPresentationMinecraftCaptureMixin from mod super_resolution,pl:mixin:APP:super_resolution.mixins.json:presentation.v1_20_1.VulkanPresentationWindowMixin from mod super_resolution,pl:mixin:APP:super_resolution.mixins.json:presentation.v1_21_1.VulkanPresentationMinecraftCaptureMixin from mod super_resolution,pl:mixin:APP:super_resolution.mixins.json:presentation.v1_21_11.VulkanPresentationGameRendererCaptureMixin from mod super_resolution,pl:mixin:APP:super_resolution.mixins.json:presentation.v1_21_11.VulkanPresentationGlDeviceMixin from mod super_resolution,pl:mixin:APP:super_resolution.mixins.json:presentation.v1_21_11.VulkanPresentationMinecraftBackendMixin from mod super_resolution,pl:mixin:APP:super_resolution.mixins.json:presentation.v1_21_11.VulkanPresentationMinecraftCaptureMixin from mod super_resolution,pl:mixin:APP:super_resolution.mixins.json:presentation.v1_21_11.VulkanPresentationWindowMixin from mod super_resolution,pl:mixin:APP:super_resolution.mixins.json:presentation.v26_1_x.VulkanPresentationGameRendererCaptureMixin from mod super_resolution,pl:mixin:APP:super_resolution.mixins.json:presentation.v26_1_x.VulkanPresentationGlDeviceMixin from mod super_resolution,pl:mixin:APP:super_resolution.mixins.json:presentation.v26_1_x.VulkanPresentationMinecraftBackendMixin from mod super_resolution,pl:mixin:APP:super_resolution.mixins.json:presentation.v26_1_x.VulkanPresentationMinecraftCaptureMixin from mod super_resolution,pl:mixin:APP:super_resolution.mixins.json:presentation.v26_1_x.VulkanPresentationWindowCloseMixin from mod super_resolution,pl:mixin:APP:super_resolution.mixins.json:presentation.v26_2.VulkanPresentationGameRendererCaptureMixin from mod super_resolution,pl:mixin:APP:super_resolution.mixins.json:presentation.v26_2.VulkanPresentationGlDeviceMixin from mod super_resolution,pl:mixin:APP:super_resolution.mixins.json:presentation.v26_2.VulkanPresentationMinecraftBackendMixin from mod super_resolution,pl:mixin:APP:super_resolution.mixins.json:presentation.v26_2.VulkanPresentationMinecraftCaptureMixin from mod super_resolution,pl:mixin:APP:super_resolution.mixins.json:presentation.v26_2.VulkanPresentationWindowCloseMixin from mod super_resolution,pl:mixin:APP:super_resolution.mixins.json:presentation.v26_3.VulkanPresentationGameRendererCaptureMixin from mod super_resolution,pl:mixin:APP:super_resolution.mixins.json:presentation.v26_3.VulkanPresentationGlDeviceMixin from mod super_resolution,pl:mixin:APP:super_resolution.mixins.json:presentation.v26_3.VulkanPresentationMinecraftBackendMixin from mod super_resolution,pl:mixin:APP:super_resolution.mixins.json:presentation.v26_3.VulkanPresentationMinecraftCaptureMixin from mod super_resolution,pl:mixin:APP:super_resolution.mixins.json:presentation.v26_3.VulkanPresentationWindowCloseMixin from mod super_resolution,pl:mixin:APP:super_resolution-neoforge.mixins.json:neoforge.FuckingValidation1218Mixin from mod super_resolution,pl:mixin:APP:super_resolution-neoforge.mixins.json:neoforge.FuckingValidationMixin from mod super_resolution,pl:mixin:APP:super_resolution_irisapi.mixins.json:composite.before1_21_1.GlStateManagerTextureStateAccessor from mod super_resolution,pl:mixin:APP:architectury.mixins.json:MixinMinecraft from mod architectury,pl:mixin:A,pl:runtimedistcleaner:A}
	at TRANSFORMER/minecraft@1.21.1/net.minecraft.client.Minecraft.lambda$new$7(Minecraft.java:629) [neoforge-21.1.219.jar%23172!/:?] {re:mixin,pl:runtimedistcleaner:A,re:classloading,pl:mixin:APP:sodium-common.mixins.json:core.MinecraftMixin from mod sodium,pl:mixin:APP:sodium-neoforge.mixins.json:platform.neoforge.EntrypointMixin from mod sodium,pl:mixin:APP:mixins.iris.json:MixinMinecraft_Images from mod iris,pl:mixin:APP:mixins.iris.json:MixinMinecraft_Keybinds from mod iris,pl:mixin:APP:mixins.iris.json:MixinMinecraft_PipelineManagement from mod iris,pl:mixin:APP:super_resolution.mixins.json:core.GlTextureViewMixin from mod super_resolution,pl:mixin:APP:super_resolution.mixins.json:core.MinecraftMixin from mod super_resolution,pl:mixin:APP:super_resolution.mixins.json:core.accessor.MinecraftAccessor from mod super_resolution,pl:mixin:APP:super_resolution.mixins.json:framegeneration.v1_20_1.GameRendererConstantsMixin from mod super_resolution,pl:mixin:APP:super_resolution.mixins.json:framegeneration.v1_21_11.GameRendererConstantsMixin from mod super_resolution,pl:mixin:APP:super_resolution.mixins.json:framegeneration.v26_1_x.GameRendererConstantsMixin from mod super_resolution,pl:mixin:APP:super_resolution.mixins.json:framegeneration.v26_2.GameRendererConstantsMixin from mod super_resolution,pl:mixin:APP:super_resolution.mixins.json:framegeneration.v26_2.NativeLibrariesBootstrapMixin from mod super_resolution,pl:mixin:APP:super_resolution.mixins.json:framegeneration.v26_3.GameRendererConstantsMixin from mod super_resolution,pl:mixin:APP:super_resolution.mixins.json:framegeneration.v26_3.NativeLibrariesBootstrapMixin from mod super_resolution,pl:mixin:APP:super_resolution.mixins.json:gui.GuiGraphicsMixin from mod super_resolution,pl:mixin:APP:super_resolution.mixins.json:gui.GuiRendererDrawAccessor from mod super_resolution,pl:mixin:APP:super_resolution.mixins.json:gui.GuiRendererMixin from mod super_resolution,pl:mixin:APP:super_resolution.mixins.json:lowlatency.v1_20_1.KeyboardHandlerReflexMixin from mod super_resolution,pl:mixin:APP:super_resolution.mixins.json:lowlatency.v1_20_1.MinecraftReflexMixin from mod super_resolution,pl:mixin:APP:super_resolution.mixins.json:lowlatency.v1_20_1.MouseHandlerReflexMixin from mod super_resolution,pl:mixin:APP:super_resolution.mixins.json:lowlatency.v1_20_1.RenderSystemAccessor from mod super_resolution,pl:mixin:APP:super_resolution.mixins.json:lowlatency.v1_21_1.MinecraftReflexMixin from mod super_resolution,pl:mixin:APP:super_resolution.mixins.json:lowlatency.v1_21_11.KeyboardHandlerReflexMixin from mod super_resolution,pl:mixin:APP:super_resolution.mixins.json:lowlatency.v1_21_11.MinecraftReflexMixin from mod super_resolution,pl:mixin:APP:super_resolution.mixins.json:lowlatency.v1_21_11.MouseHandlerReflexMixin from mod super_resolution,pl:mixin:APP:super_resolution.mixins.json:lowlatency.v1_21_11.RenderSystemAccessor from mod super_resolution,pl:mixin:APP:super_resolution.mixins.json:lowlatency.v26_1_x.KeyboardHandlerReflexMixin from mod super_resolution,pl:mixin:APP:super_resolution.mixins.json:lowlatency.v26_1_x.MinecraftReflexMixin from mod super_resolution,pl:mixin:APP:super_resolution.mixins.json:lowlatency.v26_1_x.MouseHandlerReflexMixin from mod super_resolution,pl:mixin:APP:super_resolution.mixins.json:lowlatency.v26_2.KeyboardHandlerReflexMixin from mod super_resolution,pl:mixin:APP:super_resolution.mixins.json:lowlatency.v26_2.MinecraftReflexMixin from mod super_resolution,pl:mixin:APP:super_resolution.mixins.json:lowlatency.v26_2.MouseHandlerReflexMixin from mod super_resolution,pl:mixin:APP:super_resolution.mixins.json:lowlatency.v26_3.KeyboardHandlerReflexMixin from mod super_resolution,pl:mixin:APP:super_resolution.mixins.json:lowlatency.v26_3.MinecraftReflexMixin from mod super_resolution,pl:mixin:APP:super_resolution.mixins.json:lowlatency.v26_3.MouseHandlerReflexMixin from mod super_resolution,pl:mixin:APP:super_resolution.mixins.json:presentation.v1_20_1.VulkanPresentationGameRendererCaptureMixin from mod super_resolution,pl:mixin:APP:super_resolution.mixins.json:presentation.v1_20_1.VulkanPresentationGlDeviceMixin from mod super_resolution,pl:mixin:APP:super_resolution.mixins.json:presentation.v1_20_1.VulkanPresentationMinecraftBackendMixin from mod super_resolution,pl:mixin:APP:super_resolution.mixins.json:presentation.v1_20_1.VulkanPresentationMinecraftCaptureMixin from mod super_resolution,pl:mixin:APP:super_resolution.mixins.json:presentation.v1_20_1.VulkanPresentationWindowMixin from mod super_resolution,pl:mixin:APP:super_resolution.mixins.json:presentation.v1_21_1.VulkanPresentationMinecraftCaptureMixin from mod super_resolution,pl:mixin:APP:super_resolution.mixins.json:presentation.v1_21_11.VulkanPresentationGameRendererCaptureMixin from mod super_resolution,pl:mixin:APP:super_resolution.mixins.json:presentation.v1_21_11.VulkanPresentationGlDeviceMixin from mod super_resolution,pl:mixin:APP:super_resolution.mixins.json:presentation.v1_21_11.VulkanPresentationMinecraftBackendMixin from mod super_resolution,pl:mixin:APP:super_resolution.mixins.json:presentation.v1_21_11.VulkanPresentationMinecraftCaptureMixin from mod super_resolution,pl:mixin:APP:super_resolution.mixins.json:presentation.v1_21_11.VulkanPresentationWindowMixin from mod super_resolution,pl:mixin:APP:super_resolution.mixins.json:presentation.v26_1_x.VulkanPresentationGameRendererCaptureMixin from mod super_resolution,pl:mixin:APP:super_resolution.mixins.json:presentation.v26_1_x.VulkanPresentationGlDeviceMixin from mod super_resolution,pl:mixin:APP:super_resolution.mixins.json:presentation.v26_1_x.VulkanPresentationMinecraftBackendMixin from mod super_resolution,pl:mixin:APP:super_resolution.mixins.json:presentation.v26_1_x.VulkanPresentationMinecraftCaptureMixin from mod super_resolution,pl:mixin:APP:super_resolution.mixins.json:presentation.v26_1_x.VulkanPresentationWindowCloseMixin from mod super_resolution,pl:mixin:APP:super_resolution.mixins.json:presentation.v26_2.VulkanPresentationGameRendererCaptureMixin from mod super_resolution,pl:mixin:APP:super_resolution.mixins.json:presentation.v26_2.VulkanPresentationGlDeviceMixin from mod super_resolution,pl:mixin:APP:super_resolution.mixins.json:presentation.v26_2.VulkanPresentationMinecraftBackendMixin from mod super_resolution,pl:mixin:APP:super_resolution.mixins.json:presentation.v26_2.VulkanPresentationMinecraftCaptureMixin from mod super_resolution,pl:mixin:APP:super_resolution.mixins.json:presentation.v26_2.VulkanPresentationWindowCloseMixin from mod super_resolution,pl:mixin:APP:super_resolution.mixins.json:presentation.v26_3.VulkanPresentationGameRendererCaptureMixin from mod super_resolution,pl:mixin:APP:super_resolution.mixins.json:presentation.v26_3.VulkanPresentationGlDeviceMixin from mod super_resolution,pl:mixin:APP:super_resolution.mixins.json:presentation.v26_3.VulkanPresentationMinecraftBackendMixin from mod super_resolution,pl:mixin:APP:super_resolution.mixins.json:presentation.v26_3.VulkanPresentationMinecraftCaptureMixin from mod super_resolution,pl:mixin:APP:super_resolution.mixins.json:presentation.v26_3.VulkanPresentationWindowCloseMixin from mod super_resolution,pl:mixin:APP:super_resolution-neoforge.mixins.json:neoforge.FuckingValidation1218Mixin from mod super_resolution,pl:mixin:APP:super_resolution-neoforge.mixins.json:neoforge.FuckingValidationMixin from mod super_resolution,pl:mixin:APP:super_resolution_irisapi.mixins.json:composite.before1_21_1.GlStateManagerTextureStateAccessor from mod super_resolution,pl:mixin:APP:architectury.mixins.json:MixinMinecraft from mod architectury,pl:mixin:A,pl:runtimedistcleaner:A}
	at TRANSFORMER/minecraft@1.21.1/net.minecraft.Util.ifElse(Util.java:513) [neoforge-21.1.219.jar%23172!/:?] {re:classloading,re:mixin}
	at TRANSFORMER/minecraft@1.21.1/net.minecraft.client.Minecraft.lambda$new$8(Minecraft.java:623) [neoforge-21.1.219.jar%23172!/:?] {re:mixin,pl:runtimedistcleaner:A,re:classloading,pl:mixin:APP:sodium-common.mixins.json:core.MinecraftMixin from mod sodium,pl:mixin:APP:sodium-neoforge.mixins.json:platform.neoforge.EntrypointMixin from mod sodium,pl:mixin:APP:mixins.iris.json:MixinMinecraft_Images from mod iris,pl:mixin:APP:mixins.iris.json:MixinMinecraft_Keybinds from mod iris,pl:mixin:APP:mixins.iris.json:MixinMinecraft_PipelineManagement from mod iris,pl:mixin:APP:super_resolution.mixins.json:core.GlTextureViewMixin from mod super_resolution,pl:mixin:APP:super_resolution.mixins.json:core.MinecraftMixin from mod super_resolution,pl:mixin:APP:super_resolution.mixins.json:core.accessor.MinecraftAccessor from mod super_resolution,pl:mixin:APP:super_resolution.mixins.json:framegeneration.v1_20_1.GameRendererConstantsMixin from mod super_resolution,pl:mixin:APP:super_resolution.mixins.json:framegeneration.v1_21_11.GameRendererConstantsMixin from mod super_resolution,pl:mixin:APP:super_resolution.mixins.json:framegeneration.v26_1_x.GameRendererConstantsMixin from mod super_resolution,pl:mixin:APP:super_resolution.mixins.json:framegeneration.v26_2.GameRendererConstantsMixin from mod super_resolution,pl:mixin:APP:super_resolution.mixins.json:framegeneration.v26_2.NativeLibrariesBootstrapMixin from mod super_resolution,pl:mixin:APP:super_resolution.mixins.json:framegeneration.v26_3.GameRendererConstantsMixin from mod super_resolution,pl:mixin:APP:super_resolution.mixins.json:framegeneration.v26_3.NativeLibrariesBootstrapMixin from mod super_resolution,pl:mixin:APP:super_resolution.mixins.json:gui.GuiGraphicsMixin from mod super_resolution,pl:mixin:APP:super_resolution.mixins.json:gui.GuiRendererDrawAccessor from mod super_resolution,pl:mixin:APP:super_resolution.mixins.json:gui.GuiRendererMixin from mod super_resolution,pl:mixin:APP:super_resolution.mixins.json:lowlatency.v1_20_1.KeyboardHandlerReflexMixin from mod super_resolution,pl:mixin:APP:super_resolution.mixins.json:lowlatency.v1_20_1.MinecraftReflexMixin from mod super_resolution,pl:mixin:APP:super_resolution.mixins.json:lowlatency.v1_20_1.MouseHandlerReflexMixin from mod super_resolution,pl:mixin:APP:super_resolution.mixins.json:lowlatency.v1_20_1.RenderSystemAccessor from mod super_resolution,pl:mixin:APP:super_resolution.mixins.json:lowlatency.v1_21_1.MinecraftReflexMixin from mod super_resolution,pl:mixin:APP:super_resolution.mixins.json:lowlatency.v1_21_11.KeyboardHandlerReflexMixin from mod super_resolution,pl:mixin:APP:super_resolution.mixins.json:lowlatency.v1_21_11.MinecraftReflexMixin from mod super_resolution,pl:mixin:APP:super_resolution.mixins.json:lowlatency.v1_21_11.MouseHandlerReflexMixin from mod super_resolution,pl:mixin:APP:super_resolution.mixins.json:lowlatency.v1_21_11.RenderSystemAccessor from mod super_resolution,pl:mixin:APP:super_resolution.mixins.json:lowlatency.v26_1_x.KeyboardHandlerReflexMixin from mod super_resolution,pl:mixin:APP:super_resolution.mixins.json:lowlatency.v26_1_x.MinecraftReflexMixin from mod super_resolution,pl:mixin:APP:super_resolution.mixins.json:lowlatency.v26_1_x.MouseHandlerReflexMixin from mod super_resolution,pl:mixin:APP:super_resolution.mixins.json:lowlatency.v26_2.KeyboardHandlerReflexMixin from mod super_resolution,pl:mixin:APP:super_resolution.mixins.json:lowlatency.v26_2.MinecraftReflexMixin from mod super_resolution,pl:mixin:APP:super_resolution.mixins.json:lowlatency.v26_2.MouseHandlerReflexMixin from mod super_resolution,pl:mixin:APP:super_resolution.mixins.json:lowlatency.v26_3.KeyboardHandlerReflexMixin from mod super_resolution,pl:mixin:APP:super_resolution.mixins.json:lowlatency.v26_3.MinecraftReflexMixin from mod super_resolution,pl:mixin:APP:super_resolution.mixins.json:lowlatency.v26_3.MouseHandlerReflexMixin from mod super_resolution,pl:mixin:APP:super_resolution.mixins.json:presentation.v1_20_1.VulkanPresentationGameRendererCaptureMixin from mod super_resolution,pl:mixin:APP:super_resolution.mixins.json:presentation.v1_20_1.VulkanPresentationGlDeviceMixin from mod super_resolution,pl:mixin:APP:super_resolution.mixins.json:presentation.v1_20_1.VulkanPresentationMinecraftBackendMixin from mod super_resolution,pl:mixin:APP:super_resolution.mixins.json:presentation.v1_20_1.VulkanPresentationMinecraftCaptureMixin from mod super_resolution,pl:mixin:APP:super_resolution.mixins.json:presentation.v1_20_1.VulkanPresentationWindowMixin from mod super_resolution,pl:mixin:APP:super_resolution.mixins.json:presentation.v1_21_1.VulkanPresentationMinecraftCaptureMixin from mod super_resolution,pl:mixin:APP:super_resolution.mixins.json:presentation.v1_21_11.VulkanPresentationGameRendererCaptureMixin from mod super_resolution,pl:mixin:APP:super_resolution.mixins.json:presentation.v1_21_11.VulkanPresentationGlDeviceMixin from mod super_resolution,pl:mixin:APP:super_resolution.mixins.json:presentation.v1_21_11.VulkanPresentationMinecraftBackendMixin from mod super_resolution,pl:mixin:APP:super_resolution.mixins.json:presentation.v1_21_11.VulkanPresentationMinecraftCaptureMixin from mod super_resolution,pl:mixin:APP:super_resolution.mixins.json:presentation.v1_21_11.VulkanPresentationWindowMixin from mod super_resolution,pl:mixin:APP:super_resolution.mixins.json:presentation.v26_1_x.VulkanPresentationGameRendererCaptureMixin from mod super_resolution,pl:mixin:APP:super_resolution.mixins.json:presentation.v26_1_x.VulkanPresentationGlDeviceMixin from mod super_resolution,pl:mixin:APP:super_resolution.mixins.json:presentation.v26_1_x.VulkanPresentationMinecraftBackendMixin from mod super_resolution,pl:mixin:APP:super_resolution.mixins.json:presentation.v26_1_x.VulkanPresentationMinecraftCaptureMixin from mod super_resolution,pl:mixin:APP:super_resolution.mixins.json:presentation.v26_1_x.VulkanPresentationWindowCloseMixin from mod super_resolution,pl:mixin:APP:super_resolution.mixins.json:presentation.v26_2.VulkanPresentationGameRendererCaptureMixin from mod super_resolution,pl:mixin:APP:super_resolution.mixins.json:presentation.v26_2.VulkanPresentationGlDeviceMixin from mod super_resolution,pl:mixin:APP:super_resolution.mixins.json:presentation.v26_2.VulkanPresentationMinecraftBackendMixin from mod super_resolution,pl:mixin:APP:super_resolution.mixins.json:presentation.v26_2.VulkanPresentationMinecraftCaptureMixin from mod super_resolution,pl:mixin:APP:super_resolution.mixins.json:presentation.v26_2.VulkanPresentationWindowCloseMixin from mod super_resolution,pl:mixin:APP:super_resolution.mixins.json:presentation.v26_3.VulkanPresentationGameRendererCaptureMixin from mod super_resolution,pl:mixin:APP:super_resolution.mixins.json:presentation.v26_3.VulkanPresentationGlDeviceMixin from mod super_resolution,pl:mixin:APP:super_resolution.mixins.json:presentation.v26_3.VulkanPresentationMinecraftBackendMixin from mod super_resolution,pl:mixin:APP:super_resolution.mixins.json:presentation.v26_3.VulkanPresentationMinecraftCaptureMixin from mod super_resolution,pl:mixin:APP:super_resolution.mixins.json:presentation.v26_3.VulkanPresentationWindowCloseMixin from mod super_resolution,pl:mixin:APP:super_resolution-neoforge.mixins.json:neoforge.FuckingValidation1218Mixin from mod super_resolution,pl:mixin:APP:super_resolution-neoforge.mixins.json:neoforge.FuckingValidationMixin from mod super_resolution,pl:mixin:APP:super_resolution_irisapi.mixins.json:composite.before1_21_1.GlStateManagerTextureStateAccessor from mod super_resolution,pl:mixin:APP:architectury.mixins.json:MixinMinecraft from mod architectury,pl:mixin:A,pl:runtimedistcleaner:A}
	at TRANSFORMER/minecraft@1.21.1/net.minecraft.client.gui.screens.LoadingOverlay.render(LoadingOverlay.java:139) [neoforge-21.1.219.jar%23172!/:?] {re:classloading,pl:runtimedistcleaner:A}
	at TRANSFORMER/minecraft@1.21.1/net.minecraft.client.renderer.GameRenderer.render(GameRenderer.java:1081) [neoforge-21.1.219.jar%23172!/:?] {re:mixin,pl:accesstransformer:B,pl:runtimedistcleaner:A,re:classloading,pl:accesstransformer:B,pl:mixin:APP:super_resolution.mixins.json:framegeneration.v1_21_1.GameRendererConstantsMixin from mod super_resolution,pl:mixin:APP:sodium-common.mixins.json:features.gui.hooks.console.GameRendererMixin from mod sodium,pl:mixin:APP:mixins.iris.json:GameRendererAccessor from mod iris,pl:mixin:APP:mixins.iris.json:MixinGameRenderer from mod iris,pl:mixin:APP:mixins.iris.json:MixinModelViewBobbing from mod iris,pl:mixin:APP:super_resolution.mixins.json:core.GameRendererMixin from mod super_resolution,pl:mixin:APP:super_resolution.mixins.json:debug.ImguiMixin from mod super_resolution,pl:mixin:APP:super_resolution.mixins.json:gui.GameRendererAccessor from mod super_resolution,pl:mixin:APP:super_resolution.mixins.json:presentation.v1_21_1.VulkanPresentationGameRendererCaptureMixin from mod super_resolution,pl:mixin:APP:mixins.iris.json:MixinGameRenderer_NightVisionCompat from mod iris,pl:mixin:A,pl:runtimedistcleaner:A}
	at TRANSFORMER/minecraft@1.21.1/net.minecraft.client.Minecraft.runTick(Minecraft.java:1195) [neoforge-21.1.219.jar%23172!/:?] {re:mixin,pl:runtimedistcleaner:A,re:classloading,pl:mixin:APP:sodium-common.mixins.json:core.MinecraftMixin from mod sodium,pl:mixin:APP:sodium-neoforge.mixins.json:platform.neoforge.EntrypointMixin from mod sodium,pl:mixin:APP:mixins.iris.json:MixinMinecraft_Images from mod iris,pl:mixin:APP:mixins.iris.json:MixinMinecraft_Keybinds from mod iris,pl:mixin:APP:mixins.iris.json:MixinMinecraft_PipelineManagement from mod iris,pl:mixin:APP:super_resolution.mixins.json:core.GlTextureViewMixin from mod super_resolution,pl:mixin:APP:super_resolution.mixins.json:core.MinecraftMixin from mod super_resolution,pl:mixin:APP:super_resolution.mixins.json:core.accessor.MinecraftAccessor from mod super_resolution,pl:mixin:APP:super_resolution.mixins.json:framegeneration.v1_20_1.GameRendererConstantsMixin from mod super_resolution,pl:mixin:APP:super_resolution.mixins.json:framegeneration.v1_21_11.GameRendererConstantsMixin from mod super_resolution,pl:mixin:APP:super_resolution.mixins.json:framegeneration.v26_1_x.GameRendererConstantsMixin from mod super_resolution,pl:mixin:APP:super_resolution.mixins.json:framegeneration.v26_2.GameRendererConstantsMixin from mod super_resolution,pl:mixin:APP:super_resolution.mixins.json:framegeneration.v26_2.NativeLibrariesBootstrapMixin from mod super_resolution,pl:mixin:APP:super_resolution.mixins.json:framegeneration.v26_3.GameRendererConstantsMixin from mod super_resolution,pl:mixin:APP:super_resolution.mixins.json:framegeneration.v26_3.NativeLibrariesBootstrapMixin from mod super_resolution,pl:mixin:APP:super_resolution.mixins.json:gui.GuiGraphicsMixin from mod super_resolution,pl:mixin:APP:super_resolution.mixins.json:gui.GuiRendererDrawAccessor from mod super_resolution,pl:mixin:APP:super_resolution.mixins.json:gui.GuiRendererMixin from mod super_resolution,pl:mixin:APP:super_resolution.mixins.json:lowlatency.v1_20_1.KeyboardHandlerReflexMixin from mod super_resolution,pl:mixin:APP:super_resolution.mixins.json:lowlatency.v1_20_1.MinecraftReflexMixin from mod super_resolution,pl:mixin:APP:super_resolution.mixins.json:lowlatency.v1_20_1.MouseHandlerReflexMixin from mod super_resolution,pl:mixin:APP:super_resolution.mixins.json:lowlatency.v1_20_1.RenderSystemAccessor from mod super_resolution,pl:mixin:APP:super_resolution.mixins.json:lowlatency.v1_21_1.MinecraftReflexMixin from mod super_resolution,pl:mixin:APP:super_resolution.mixins.json:lowlatency.v1_21_11.KeyboardHandlerReflexMixin from mod super_resolution,pl:mixin:APP:super_resolution.mixins.json:lowlatency.v1_21_11.MinecraftReflexMixin from mod super_resolution,pl:mixin:APP:super_resolution.mixins.json:lowlatency.v1_21_11.MouseHandlerReflexMixin from mod super_resolution,pl:mixin:APP:super_resolution.mixins.json:lowlatency.v1_21_11.RenderSystemAccessor from mod super_resolution,pl:mixin:APP:super_resolution.mixins.json:lowlatency.v26_1_x.KeyboardHandlerReflexMixin from mod super_resolution,pl:mixin:APP:super_resolution.mixins.json:lowlatency.v26_1_x.MinecraftReflexMixin from mod super_resolution,pl:mixin:APP:super_resolution.mixins.json:lowlatency.v26_1_x.MouseHandlerReflexMixin from mod super_resolution,pl:mixin:APP:super_resolution.mixins.json:lowlatency.v26_2.KeyboardHandlerReflexMixin from mod super_resolution,pl:mixin:APP:super_resolution.mixins.json:lowlatency.v26_2.MinecraftReflexMixin from mod super_resolution,pl:mixin:APP:super_resolution.mixins.json:lowlatency.v26_2.MouseHandlerReflexMixin from mod super_resolution,pl:mixin:APP:super_resolution.mixins.json:lowlatency.v26_3.KeyboardHandlerReflexMixin from mod super_resolution,pl:mixin:APP:super_resolution.mixins.json:lowlatency.v26_3.MinecraftReflexMixin from mod super_resolution,pl:mixin:APP:super_resolution.mixins.json:lowlatency.v26_3.MouseHandlerReflexMixin from mod super_resolution,pl:mixin:APP:super_resolution.mixins.json:presentation.v1_20_1.VulkanPresentationGameRendererCaptureMixin from mod super_resolution,pl:mixin:APP:super_resolution.mixins.json:presentation.v1_20_1.VulkanPresentationGlDeviceMixin from mod super_resolution,pl:mixin:APP:super_resolution.mixins.json:presentation.v1_20_1.VulkanPresentationMinecraftBackendMixin from mod super_resolution,pl:mixin:APP:super_resolution.mixins.json:presentation.v1_20_1.VulkanPresentationMinecraftCaptureMixin from mod super_resolution,pl:mixin:APP:super_resolution.mixins.json:presentation.v1_20_1.VulkanPresentationWindowMixin from mod super_resolution,pl:mixin:APP:super_resolution.mixins.json:presentation.v1_21_1.VulkanPresentationMinecraftCaptureMixin from mod super_resolution,pl:mixin:APP:super_resolution.mixins.json:presentation.v1_21_11.VulkanPresentationGameRendererCaptureMixin from mod super_resolution,pl:mixin:APP:super_resolution.mixins.json:presentation.v1_21_11.VulkanPresentationGlDeviceMixin from mod super_resolution,pl:mixin:APP:super_resolution.mixins.json:presentation.v1_21_11.VulkanPresentationMinecraftBackendMixin from mod super_resolution,pl:mixin:APP:super_resolution.mixins.json:presentation.v1_21_11.VulkanPresentationMinecraftCaptureMixin from mod super_resolution,pl:mixin:APP:super_resolution.mixins.json:presentation.v1_21_11.VulkanPresentationWindowMixin from mod super_resolution,pl:mixin:APP:super_resolution.mixins.json:presentation.v26_1_x.VulkanPresentationGameRendererCaptureMixin from mod super_resolution,pl:mixin:APP:super_resolution.mixins.json:presentation.v26_1_x.VulkanPresentationGlDeviceMixin from mod super_resolution,pl:mixin:APP:super_resolution.mixins.json:presentation.v26_1_x.VulkanPresentationMinecraftBackendMixin from mod super_resolution,pl:mixin:APP:super_resolution.mixins.json:presentation.v26_1_x.VulkanPresentationMinecraftCaptureMixin from mod super_resolution,pl:mixin:APP:super_resolution.mixins.json:presentation.v26_1_x.VulkanPresentationWindowCloseMixin from mod super_resolution,pl:mixin:APP:super_resolution.mixins.json:presentation.v26_2.VulkanPresentationGameRendererCaptureMixin from mod super_resolution,pl:mixin:APP:super_resolution.mixins.json:presentation.v26_2.VulkanPresentationGlDeviceMixin from mod super_resolution,pl:mixin:APP:super_resolution.mixins.json:presentation.v26_2.VulkanPresentationMinecraftBackendMixin from mod super_resolution,pl:mixin:APP:super_resolution.mixins.json:presentation.v26_2.VulkanPresentationMinecraftCaptureMixin from mod super_resolution,pl:mixin:APP:super_resolution.mixins.json:presentation.v26_2.VulkanPresentationWindowCloseMixin from mod super_resolution,pl:mixin:APP:super_resolution.mixins.json:presentation.v26_3.VulkanPresentationGameRendererCaptureMixin from mod super_resolution,pl:mixin:APP:super_resolution.mixins.json:presentation.v26_3.VulkanPresentationGlDeviceMixin from mod super_resolution,pl:mixin:APP:super_resolution.mixins.json:presentation.v26_3.VulkanPresentationMinecraftBackendMixin from mod super_resolution,pl:mixin:APP:super_resolution.mixins.json:presentation.v26_3.VulkanPresentationMinecraftCaptureMixin from mod super_resolution,pl:mixin:APP:super_resolution.mixins.json:presentation.v26_3.VulkanPresentationWindowCloseMixin from mod super_resolution,pl:mixin:APP:super_resolution-neoforge.mixins.json:neoforge.FuckingValidation1218Mixin from mod super_resolution,pl:mixin:APP:super_resolution-neoforge.mixins.json:neoforge.FuckingValidationMixin from mod super_resolution,pl:mixin:APP:super_resolution_irisapi.mixins.json:composite.before1_21_1.GlStateManagerTextureStateAccessor from mod super_resolution,pl:mixin:APP:architectury.mixins.json:MixinMinecraft from mod architectury,pl:mixin:A,pl:runtimedistcleaner:A}
	at TRANSFORMER/minecraft@1.21.1/net.minecraft.client.Minecraft.run(Minecraft.java:807) [neoforge-21.1.219.jar%23172!/:?] {re:mixin,pl:runtimedistcleaner:A,re:classloading,pl:mixin:APP:sodium-common.mixins.json:core.MinecraftMixin from mod sodium,pl:mixin:APP:sodium-neoforge.mixins.json:platform.neoforge.EntrypointMixin from mod sodium,pl:mixin:APP:mixins.iris.json:MixinMinecraft_Images from mod iris,pl:mixin:APP:mixins.iris.json:MixinMinecraft_Keybinds from mod iris,pl:mixin:APP:mixins.iris.json:MixinMinecraft_PipelineManagement from mod iris,pl:mixin:APP:super_resolution.mixins.json:core.GlTextureViewMixin from mod super_resolution,pl:mixin:APP:super_resolution.mixins.json:core.MinecraftMixin from mod super_resolution,pl:mixin:APP:super_resolution.mixins.json:core.accessor.MinecraftAccessor from mod super_resolution,pl:mixin:APP:super_resolution.mixins.json:framegeneration.v1_20_1.GameRendererConstantsMixin from mod super_resolution,pl:mixin:APP:super_resolution.mixins.json:framegeneration.v1_21_11.GameRendererConstantsMixin from mod super_resolution,pl:mixin:APP:super_resolution.mixins.json:framegeneration.v26_1_x.GameRendererConstantsMixin from mod super_resolution,pl:mixin:APP:super_resolution.mixins.json:framegeneration.v26_2.GameRendererConstantsMixin from mod super_resolution,pl:mixin:APP:super_resolution.mixins.json:framegeneration.v26_2.NativeLibrariesBootstrapMixin from mod super_resolution,pl:mixin:APP:super_resolution.mixins.json:framegeneration.v26_3.GameRendererConstantsMixin from mod super_resolution,pl:mixin:APP:super_resolution.mixins.json:framegeneration.v26_3.NativeLibrariesBootstrapMixin from mod super_resolution,pl:mixin:APP:super_resolution.mixins.json:gui.GuiGraphicsMixin from mod super_resolution,pl:mixin:APP:super_resolution.mixins.json:gui.GuiRendererDrawAccessor from mod super_resolution,pl:mixin:APP:super_resolution.mixins.json:gui.GuiRendererMixin from mod super_resolution,pl:mixin:APP:super_resolution.mixins.json:lowlatency.v1_20_1.KeyboardHandlerReflexMixin from mod super_resolution,pl:mixin:APP:super_resolution.mixins.json:lowlatency.v1_20_1.MinecraftReflexMixin from mod super_resolution,pl:mixin:APP:super_resolution.mixins.json:lowlatency.v1_20_1.MouseHandlerReflexMixin from mod super_resolution,pl:mixin:APP:super_resolution.mixins.json:lowlatency.v1_20_1.RenderSystemAccessor from mod super_resolution,pl:mixin:APP:super_resolution.mixins.json:lowlatency.v1_21_1.MinecraftReflexMixin from mod super_resolution,pl:mixin:APP:super_resolution.mixins.json:lowlatency.v1_21_11.KeyboardHandlerReflexMixin from mod super_resolution,pl:mixin:APP:super_resolution.mixins.json:lowlatency.v1_21_11.MinecraftReflexMixin from mod super_resolution,pl:mixin:APP:super_resolution.mixins.json:lowlatency.v1_21_11.MouseHandlerReflexMixin from mod super_resolution,pl:mixin:APP:super_resolution.mixins.json:lowlatency.v1_21_11.RenderSystemAccessor from mod super_resolution,pl:mixin:APP:super_resolution.mixins.json:lowlatency.v26_1_x.KeyboardHandlerReflexMixin from mod super_resolution,pl:mixin:APP:super_resolution.mixins.json:lowlatency.v26_1_x.MinecraftReflexMixin from mod super_resolution,pl:mixin:APP:super_resolution.mixins.json:lowlatency.v26_1_x.MouseHandlerReflexMixin from mod super_resolution,pl:mixin:APP:super_resolution.mixins.json:lowlatency.v26_2.KeyboardHandlerReflexMixin from mod super_resolution,pl:mixin:APP:super_resolution.mixins.json:lowlatency.v26_2.MinecraftReflexMixin from mod super_resolution,pl:mixin:APP:super_resolution.mixins.json:lowlatency.v26_2.MouseHandlerReflexMixin from mod super_resolution,pl:mixin:APP:super_resolution.mixins.json:lowlatency.v26_3.KeyboardHandlerReflexMixin from mod super_resolution,pl:mixin:APP:super_resolution.mixins.json:lowlatency.v26_3.MinecraftReflexMixin from mod super_resolution,pl:mixin:APP:super_resolution.mixins.json:lowlatency.v26_3.MouseHandlerReflexMixin from mod super_resolution,pl:mixin:APP:super_resolution.mixins.json:presentation.v1_20_1.VulkanPresentationGameRendererCaptureMixin from mod super_resolution,pl:mixin:APP:super_resolution.mixins.json:presentation.v1_20_1.VulkanPresentationGlDeviceMixin from mod super_resolution,pl:mixin:APP:super_resolution.mixins.json:presentation.v1_20_1.VulkanPresentationMinecraftBackendMixin from mod super_resolution,pl:mixin:APP:super_resolution.mixins.json:presentation.v1_20_1.VulkanPresentationMinecraftCaptureMixin from mod super_resolution,pl:mixin:APP:super_resolution.mixins.json:presentation.v1_20_1.VulkanPresentationWindowMixin from mod super_resolution,pl:mixin:APP:super_resolution.mixins.json:presentation.v1_21_1.VulkanPresentationMinecraftCaptureMixin from mod super_resolution,pl:mixin:APP:super_resolution.mixins.json:presentation.v1_21_11.VulkanPresentationGameRendererCaptureMixin from mod super_resolution,pl:mixin:APP:super_resolution.mixins.json:presentation.v1_21_11.VulkanPresentationGlDeviceMixin from mod super_resolution,pl:mixin:APP:super_resolution.mixins.json:presentation.v1_21_11.VulkanPresentationMinecraftBackendMixin from mod super_resolution,pl:mixin:APP:super_resolution.mixins.json:presentation.v1_21_11.VulkanPresentationMinecraftCaptureMixin from mod super_resolution,pl:mixin:APP:super_resolution.mixins.json:presentation.v1_21_11.VulkanPresentationWindowMixin from mod super_resolution,pl:mixin:APP:super_resolution.mixins.json:presentation.v26_1_x.VulkanPresentationGameRendererCaptureMixin from mod super_resolution,pl:mixin:APP:super_resolution.mixins.json:presentation.v26_1_x.VulkanPresentationGlDeviceMixin from mod super_resolution,pl:mixin:APP:super_resolution.mixins.json:presentation.v26_1_x.VulkanPresentationMinecraftBackendMixin from mod super_resolution,pl:mixin:APP:super_resolution.mixins.json:presentation.v26_1_x.VulkanPresentationMinecraftCaptureMixin from mod super_resolution,pl:mixin:APP:super_resolution.mixins.json:presentation.v26_1_x.VulkanPresentationWindowCloseMixin from mod super_resolution,pl:mixin:APP:super_resolution.mixins.json:presentation.v26_2.VulkanPresentationGameRendererCaptureMixin from mod super_resolution,pl:mixin:APP:super_resolution.mixins.json:presentation.v26_2.VulkanPresentationGlDeviceMixin from mod super_resolution,pl:mixin:APP:super_resolution.mixins.json:presentation.v26_2.VulkanPresentationMinecraftBackendMixin from mod super_resolution,pl:mixin:APP:super_resolution.mixins.json:presentation.v26_2.VulkanPresentationMinecraftCaptureMixin from mod super_resolution,pl:mixin:APP:super_resolution.mixins.json:presentation.v26_2.VulkanPresentationWindowCloseMixin from mod super_resolution,pl:mixin:APP:super_resolution.mixins.json:presentation.v26_3.VulkanPresentationGameRendererCaptureMixin from mod super_resolution,pl:mixin:APP:super_resolution.mixins.json:presentation.v26_3.VulkanPresentationGlDeviceMixin from mod super_resolution,pl:mixin:APP:super_resolution.mixins.json:presentation.v26_3.VulkanPresentationMinecraftBackendMixin from mod super_resolution,pl:mixin:APP:super_resolution.mixins.json:presentation.v26_3.VulkanPresentationMinecraftCaptureMixin from mod super_resolution,pl:mixin:APP:super_resolution.mixins.json:presentation.v26_3.VulkanPresentationWindowCloseMixin from mod super_resolution,pl:mixin:APP:super_resolution-neoforge.mixins.json:neoforge.FuckingValidation1218Mixin from mod super_resolution,pl:mixin:APP:super_resolution-neoforge.mixins.json:neoforge.FuckingValidationMixin from mod super_resolution,pl:mixin:APP:super_resolution_irisapi.mixins.json:composite.before1_21_1.GlStateManagerTextureStateAccessor from mod super_resolution,pl:mixin:APP:architectury.mixins.json:MixinMinecraft from mod architectury,pl:mixin:A,pl:runtimedistcleaner:A}
	at TRANSFORMER/minecraft@1.21.1/net.minecraft.client.main.Main.main(Main.java:230) [neoforge-21.1.219.jar%23172!/:?] {re:classloading,pl:runtimedistcleaner:A}
	at java.base/jdk.internal.reflect.DirectMethodHandleAccessor.invoke(DirectMethodHandleAccessor.java:104) ~[?:?] {}
	at java.base/java.lang.reflect.Method.invoke(Method.java:565) ~[?:?] {}
	at MC-BOOTSTRAP/fml_loader@4.0.42/net.neoforged.fml.loading.targets.CommonLaunchHandler.runTarget(CommonLaunchHandler.java:136) [loader-4.0.42.jar%23130!/:4.0] {}
	at MC-BOOTSTRAP/fml_loader@4.0.42/net.neoforged.fml.loading.targets.CommonLaunchHandler.clientService(CommonLaunchHandler.java:124) [loader-4.0.42.jar%23130!/:4.0] {}
	at MC-BOOTSTRAP/fml_loader@4.0.42/net.neoforged.fml.loading.targets.NeoForgeClientDevLaunchHandler.runService(NeoForgeClientDevLaunchHandler.java:23) [loader-4.0.42.jar%23130!/:4.0] {}
	at MC-BOOTSTRAP/fml_loader@4.0.42/net.neoforged.fml.loading.targets.CommonLaunchHandler.lambda$launchService$4(CommonLaunchHandler.java:118) [loader-4.0.42.jar%23130!/:4.0] {}
	at MC-BOOTSTRAP/cpw.mods.modlauncher@11.0.5/cpw.mods.modlauncher.LaunchServiceHandlerDecorator.launch(LaunchServiceHandlerDecorator.java:30) [modlauncher-11.0.5.jar%23112!/:?] {}
	at MC-BOOTSTRAP/cpw.mods.modlauncher@11.0.5/cpw.mods.modlauncher.LaunchServiceHandler.launch(LaunchServiceHandler.java:53) [modlauncher-11.0.5.jar%23112!/:?] {}
	at MC-BOOTSTRAP/cpw.mods.modlauncher@11.0.5/cpw.mods.modlauncher.LaunchServiceHandler.launch(LaunchServiceHandler.java:71) [modlauncher-11.0.5.jar%23112!/:?] {}
	at MC-BOOTSTRAP/cpw.mods.modlauncher@11.0.5/cpw.mods.modlauncher.Launcher.run(Launcher.java:103) [modlauncher-11.0.5.jar%23112!/:?] {}
	at MC-BOOTSTRAP/cpw.mods.modlauncher@11.0.5/cpw.mods.modlauncher.Launcher.main(Launcher.java:74) [modlauncher-11.0.5.jar%23112!/:?] {}
	at MC-BOOTSTRAP/cpw.mods.modlauncher@11.0.5/cpw.mods.modlauncher.BootstrapLaunchConsumer.accept(BootstrapLaunchConsumer.java:26) [modlauncher-11.0.5.jar%23112!/:?] {}
	at MC-BOOTSTRAP/cpw.mods.modlauncher@11.0.5/cpw.mods.modlauncher.BootstrapLaunchConsumer.accept(BootstrapLaunchConsumer.java:23) [modlauncher-11.0.5.jar%23112!/:?] {}
	at cpw.mods.bootstraplauncher@2.0.2/cpw.mods.bootstraplauncher.BootstrapLauncher.run(BootstrapLauncher.java:210) [bootstraplauncher-2.0.2.jar:?] {}
	at cpw.mods.bootstraplauncher@2.0.2/cpw.mods.bootstraplauncher.BootstrapLauncher.main(BootstrapLauncher.java:69) [bootstraplauncher-2.0.2.jar:?] {}
	at java.base/jdk.internal.reflect.DirectMethodHandleAccessor.invoke(DirectMethodHandleAccessor.java:104) ~[?:?] {}
	at java.base/java.lang.reflect.Method.invoke(Method.java:565) ~[?:?] {}
	at net.neoforged.devlaunch.Main.main(Main.java:57) [DevLaunch-1.0.2.jar:?] {}
[12:58:45] [Render thread/WARN] [Iris/]: The following uniforms won't work, either because they are broken, or reference a broken uniform: 
endFlashFactor1, endFlashIntensityM
[12:58:48] [Render thread/INFO] [SuperResolution/ShaderCompiler/]: Compiling shader FSR1_EASU with the compatibility shader compiler
[12:58:48] [Render thread/INFO] [SuperResolution/ShaderCompiler/]: Compiling shader FSR1_RCAS with the compatibility shader compiler
[12:58:48] [Render thread/INFO] [SuperResolution/]: SR_DIAG glTextureStorage2D texture=13 levels=1 internalFormat=881a size=854x480 label=Fsr1TempTexture
[12:58:48] [Render thread/INFO] [SuperResolution/]: SR_DIAG glTextureStorage2D texture=14 levels=1 internalFormat=881a size=854x480 label=Fsr1OutputTexture
[12:58:48] [Render thread/INFO] [SuperResolution/ShaderCompiler/]: Compiling shader FSR1_EASU with the compatibility shader compiler
[12:58:48] [Render thread/INFO] [SuperResolution/ShaderCompiler/]: Compiling shader FSR1_RCAS with the compatibility shader compiler
[12:58:48] [Render thread/INFO] [SuperResolution/]: SR_DIAG glTextureStorage2D texture=85 levels=1 internalFormat=881a size=854x480 label=Fsr1TempTexture
[12:58:48] [Render thread/INFO] [SuperResolution/]: SR_DIAG glTextureStorage2D texture=86 levels=1 internalFormat=881a size=854x480 label=Fsr1OutputTexture
[12:58:48] [Render thread/INFO] [SuperResolution/]: Initializing algorithm AMD FidelityFX Super Resolution 1
[12:58:48] [Render thread/INFO] [SuperResolution/]: Frame generation backend negotiation: fg=null, lowLatency=null
