To honour the JVM settings for this build a single-use Daemon process will be forked. For more on this, please refer to https://docs.gradle.org/9.7.1/userguide/gradle_daemon.html#sec:disabling_the_daemon in the Gradle documentation.
Daemon will be stopped at the end of the build 
> Task :createMinecraftArtifacts UP-TO-DATE
> Task :compileJava NO-SOURCE
> Task :processResources NO-SOURCE
> Task :classes UP-TO-DATE
> Task :downloadAssets UP-TO-DATE
> Task :writeClientLegacyClasspath UP-TO-DATE
> Task :prepareClientRun

> Task :runClient
WARN StatusConsoleListener Advanced terminal features are not available in this environment
[17:09:26] [main/INFO] [cp.mo.mo.Launcher/MODLAUNCHER]: ModLauncher running: args [--launchTarget, forgeclientdev, --version, 21.1.219, --assetIndex, 17, --assetsDir, C:\\Users\\micha\\.gradle\\caches\\neoformruntime\\assets, --gameDir, ., --fml.fmlVersion, 4.0.42, --fml.mcVersion, 1.21.1, --fml.neoForgeVersion, 21.1.219, --fml.neoFormVersion, 20240808.144430]
[17:09:26] [main/INFO] [cp.mo.mo.Launcher/MODLAUNCHER]: JVM identified as Eclipse Adoptium OpenJDK 64-Bit Server VM 21.0.12.1+1-LTS
[17:09:26] [main/INFO] [cp.mo.mo.Launcher/MODLAUNCHER]: ModLauncher 11.0.5+main.901c6ea8 starting: java version 21.0.12.1 by Eclipse Adoptium; OS Windows 11 arch amd64 version 10.0
[17:09:27] [main/INFO] [ne.ne.fm.lo.ImmediateWindowHandler/]: ImmediateWindowProvider not loading because splash screen is disabled
[17:09:27] [main/INFO] [mixin/]: SpongePowered MIXIN Subsystem Version=0.8.7 Source=union:/C:/Users/micha/.gradle/caches/modules-2/files-2.1/net.fabricmc/sponge-mixin/0.15.2+mixin.0.8.7/2af2f021d8e02a0220dc27a7a72b4666d66d44ca/sponge-mixin-0.15.2+mixin.0.8.7.jar%23122!/ Service=ModLauncher Env=CLIENT
[17:09:27] [main/INFO] [ne.ne.fm.lo.mo.lo.JarInJarDependencyLocator/]: Found 14 dependencies adding them to mods collection
[17:09:27] [main/INFO] [ne.ne.fm.lo.mo.ModDiscoverer/]: 
     Mod List:
		Name Version (Mod Id)

		Architectury 13.0.6 (architectury)
		Forgified Fabric API Base 0.4.42+d1308ded19 (fabric_api_base)
		Forgified Fabric BlockView API (v2) 1.0.10+9afaaf8c19 (fabric_block_view_api_v2)
		Forgified Fabric Renderer API (v1) 3.4.0+acb05a3919 (fabric_renderer_api_v1)
		Forgified Fabric Rendering Data Attachment (v1) 0.3.48+73761d2e19 (fabric_rendering_data_attachment_v1)
		Iris 1.8.8+mc1.21.1 (iris)
		Minecraft 1.21.1 (minecraft)
		NeoForge 21.1.219 (neoforge)
		Sodium 0.6.13+mc1.21.1 (sodium)
		Super Resolution 0.9.2-alpha.1+dev.03c0e447.opengl (super_resolution)
		Wisteria 0.1.0-alpha.1+1.21.1 (wisteria)
[17:09:29] [main/INFO] [mixin/]: Compatibility level set to JAVA_17
[17:09:29] [main/INFO] [mixin/]: Compatibility level set to JAVA_21
[17:09:29] [main/INFO] [cp.mo.mo.LaunchServiceHandler/MODLAUNCHER]: Launching target 'forgeclientdev' with arguments [--version, 21.1.219, --gameDir, ., --assetsDir, C:\Users\micha\.gradle\caches\neoformruntime\assets, --assetIndex, 17]
[17:09:29] [main/WARN] [SodiumConfig/]: Mod 'super_resolution' attempted to override option 'mixin.features.render.gui.debug', which doesn't exist, ignoring
[17:09:29] [main/INFO] [Sodium/]: Loaded configuration file for Sodium: 43 options available, 2 override(s) found
[17:09:29] [main/WARN] [mixin/]: Reference map 'iris.refmap.json' for mixins.iris.json could not be read. If this is a development environment you can ignore this message
[17:09:29] [main/WARN] [mixin/]: Reference map 'iris.refmap.json' for mixins.iris.fantastic.json could not be read. If this is a development environment you can ignore this message
[17:09:29] [main/WARN] [mixin/]: Reference map 'iris.refmap.json' for mixins.iris.vertexformat.json could not be read. If this is a development environment you can ignore this message
[17:09:29] [main/WARN] [mixin/]: Reference map 'iris.refmap.json' for iris-batched-entity-rendering.mixins.json could not be read. If this is a development environment you can ignore this message
[17:09:29] [main/WARN] [mixin/]: Reference map 'iris.refmap.json' for mixins.iris.compat.sodium.json could not be read. If this is a development environment you can ignore this message
[17:09:29] [main/WARN] [mixin/]: Reference map 'super_resolution.refmap.json' for super_resolution.mixins.json could not be read. If this is a development environment you can ignore this message
[17:09:29] [main/WARN] [mixin/]: Reference map 'super_resolution.refmap.json' for super_resolution.hack.mixins.json could not be read. If this is a development environment you can ignore this message
[17:09:29] [main/WARN] [mixin/]: Reference map 'super_resolution.refmap.json' for super_resolution_irisapi.mixins.json could not be read. If this is a development environment you can ignore this message
[17:09:29] [main/WARN] [mixin/]: Reference map 'super_resolution.refmap.json' for super_resolution.shadercompat.mixins.json could not be read. If this is a development environment you can ignore this message
[17:09:29] [main/WARN] [Sodium/]: Force-disabling mixin 'features.render.world.sky.FogRendererMixin' as rule 'mixin.features.render.world.sky' (added by mods [iris]) disables it and children
[17:09:29] [main/WARN] [Sodium/]: Force-disabling mixin 'features.render.world.sky.ClientLevelMixin' as rule 'mixin.features.render.world.sky' (added by mods [iris]) disables it and children
[17:09:29] [main/WARN] [Sodium/]: Force-disabling mixin 'features.render.world.sky.LevelRendererMixin' as rule 'mixin.features.render.world.sky' (added by mods [iris]) disables it and children
[17:09:29] [main/WARN] [Sodium/]: Force-disabling mixin 'workarounds.context_creation.WindowMixin' as rule 'mixin.workarounds' (added by mods [super_resolution]) disables it and children
[17:09:29] [main/WARN] [Sodium/]: Force-disabling mixin 'workarounds.event_loop.RenderSystemMixin' as rule 'mixin.workarounds' (added by mods [super_resolution]) disables it and children
[17:09:30] [main/WARN] [mixin/]: Error loading class: com/portingdeadmods/cable_facades/events/GameClientEvents$2 (java.lang.ClassNotFoundException: com.portingdeadmods.cable_facades.events.GameClientEvents$2)
[17:09:30] [main/WARN] [mixin/]: Error loading class: com/direwolf20/justdirethings/client/renderers/OurRenderTypes (java.lang.ClassNotFoundException: com.direwolf20.justdirethings.client.renderers.OurRenderTypes)
[17:09:30] [main/WARN] [mixin/]: Error loading class: mekanism/client/render/entity/RenderFlame (java.lang.ClassNotFoundException: mekanism.client.render.entity.RenderFlame)
[17:09:30] [main/WARN] [mixin/]: Error loading class: mekanism/client/render/armor/MekaSuitArmor (java.lang.ClassNotFoundException: mekanism.client.render.armor.MekaSuitArmor)
[17:09:30] [main/WARN] [mixin/]: Error loading class: mekanism/client/render/lib/effect/BillboardingEffectRenderer (java.lang.ClassNotFoundException: mekanism.client.render.lib.effect.BillboardingEffectRenderer)
[17:09:30] [main/WARN] [mixin/]: Error loading class: blusunrize/immersiveengineering/client/utils/IEGLShaders (java.lang.ClassNotFoundException: blusunrize.immersiveengineering.client.utils.IEGLShaders)
[17:09:30] [main/INFO] [SuperResolution-Mixin/]: Enabled mixin io.homo.superresolution.neoforge.mixin.compat.iris.GlFramebufferMixin
[17:09:30] [main/INFO] [SuperResolution-Mixin/]: Disabled mixin io.homo.superresolution.neoforge.mixin.compat.reesessodiumoptions.TabFrameMixin
[17:09:30] [main/INFO] [SuperResolution-Mixin/]: Disabled mixin io.homo.superresolution.neoforge.mixin.compat.simpleclouds.DefaultPipelineMixin
[17:09:30] [main/INFO] [SuperResolution-Mixin/]: Disabled mixin io.homo.superresolution.neoforge.mixin.compat.simpleclouds.ShaderSupportPipelineMixin
[17:09:30] [main/INFO] [SuperResolution-Mixin/]: Enabled mixin io.homo.superresolution.neoforge.mixin.compat.sodium.SodiumOptionsGUIMixin
[17:09:30] [main/INFO] [SuperResolution-Mixin/]: Disabled mixin io.homo.superresolution.neoforge.mixin.compat.sodiumoptionsapi.SodiumOptionsTabFrameMixin
[17:09:30] [main/INFO] [SuperResolution-Mixin/]: Enabled mixin io.homo.superresolution.neoforge.mixin.compat.iris.DHCompatInternalMixin
[17:09:30] [main/INFO] [MixinExtras|Service/]: Initializing MixinExtras via com.llamalad7.mixinextras.service.MixinExtrasServiceImpl(version=0.5.0).
[17:09:32] [Datafixer Bootstrap/INFO] [mojang/DataFixerBuilder]: 229 Datafixer optimizations took 464 milliseconds
[17:09:32] [main/WARN] [os.dr.wi.pe.PerfmonDisabled/]: Invalid registry value type detected for PerfOS counters. Should be REG_DWORD. Ignoring: HKEY_LOCAL_MACHINE\SYSTEM\CurrentControlSet\Services\PerfOS\Performance\Disable Performance Counters.
[17:09:40] [main/WARN] [minecraft/Commands]: Ambiguity between arguments [teleport, location] and [teleport, destination] with inputs: [0.1 -0.5 .9, 0 0 0]
[17:09:40] [main/WARN] [minecraft/Commands]: Ambiguity between arguments [teleport, location] and [teleport, targets] with inputs: [0.1 -0.5 .9, 0 0 0]
[17:09:40] [main/WARN] [minecraft/Commands]: Ambiguity between arguments [teleport, destination] and [teleport, targets] with inputs: [Player, 0123, @e, dd12be42-52a9-4a91-a8a1-11c01849e498]
[17:09:40] [main/WARN] [minecraft/Commands]: Ambiguity between arguments [teleport, targets] and [teleport, destination] with inputs: [Player, 0123, dd12be42-52a9-4a91-a8a1-11c01849e498]
[17:09:40] [main/WARN] [minecraft/Commands]: Ambiguity between arguments [teleport, targets, location] and [teleport, targets, destination] with inputs: [0.1 -0.5 .9, 0 0 0]
[LWJGL] Version: 3.3.4+7
	 OS: Windows 11 v10.0
	JRE: Windows amd64 21.0.12.1
	JVM: OpenJDK 64-Bit Server VM v21.0.12.1+1-LTS by Eclipse Adoptium
[LWJGL] Loading JNI library: lwjgl
	Module: org.lwjgl
	Loaded from org.lwjgl.librarypath: C:\Users\micha\AppData\Local\Temp\lwjgl_micha\3.3.4+7\x64\lwjgl.dll
[LWJGL] Loading library: jemalloc
	Module: org.lwjgl.jemalloc
	Loaded from org.lwjgl.librarypath: C:\Users\micha\AppData\Local\Temp\lwjgl_micha\3.3.4+7\x64\jemalloc.dll
[LWJGL] MemoryUtil allocator: JEmallocAllocator
[17:09:41] [Render thread/WARN] [minecraft/VanillaPackResourcesBuilder]: Assets URL 'union:/D:/ProjectDllsss/runtime-baseline/build/moddev/artifacts/neoforge-21.1.219.jar%23172!/assets/.mcassetsroot' uses unexpected schema
[17:09:41] [Render thread/WARN] [minecraft/VanillaPackResourcesBuilder]: Assets URL 'union:/D:/ProjectDllsss/runtime-baseline/build/moddev/artifacts/neoforge-21.1.219.jar%23172!/data/.mcassetsroot' uses unexpected schema
[17:09:41] [Render thread/INFO] [mojang/YggdrasilAuthenticationService]: Environment: Environment[sessionHost=https://sessionserver.mojang.com, servicesHost=https://api.minecraftservices.com, name=PROD]
[17:09:41] [Render thread/INFO] [minecraft/Minecraft]: Setting user: Dev
[LWJGL] Loading library: glfw
	Module: org.lwjgl.glfw
	Loaded from org.lwjgl.librarypath: C:\Users\micha\AppData\Local\Temp\lwjgl_micha\3.3.4+7\x64\glfw.dll
[17:09:41] [Render thread/INFO] [minecraft/Minecraft]: Backend library: LWJGL version 3.3.4+7
[LWJGL] Java 9 check intrinsics enabled
[LWJGL] Closure Registry: simple
[17:09:42] [ForkJoinPool.commonPool-worker-9/WARN] [Iris/]: [Iris Update Check] This version doesn't have an update index, skipping.
[17:09:43] [Render thread/INFO] [SuperResolution/GraphicsCapabilities/]: Added supported OpenGL version 4.6
[17:09:43] [Render thread/INFO] [SuperResolution/GraphicsCapabilities/]: Highest supported OpenGL version 4.6
[LWJGL] Loading JNI library: lwjgl_opengl
	Module: org.lwjgl.opengl
	Loaded from org.lwjgl.librarypath: C:\Users\micha\AppData\Local\Temp\lwjgl_micha\3.3.4+7\x64\lwjgl_opengl.dll
[LWJGL] Loading library: opengl32
	Module: org.lwjgl.opengl
	opengl32.dll not found in org.lwjgl.librarypath=C:\Users\micha\AppData\Local\Temp\lwjgl_micha\3.3.4+7\x64
	Loaded from system paths: C:\WINDOWS\SYSTEM32\opengl32.dll
[LWJGL] Java 10 multiplyHigh enabled
[LWJGL] Loading JNI library: lwjgl_stb
	Module: org.lwjgl.stb
	Loaded from org.lwjgl.librarypath: C:\Users\micha\AppData\Local\Temp\lwjgl_micha\3.3.4+7\x64\lwjgl_stb.dll
[LWJGL] Java 9 text decoding enabled
[17:09:44] [Render thread/INFO] [Iris/]: Debug functionality is disabled.
[17:09:44] [Render thread/INFO] [Iris/]: OpenGL 4.5 detected, enabling DSA.
[17:09:44] [Render thread/INFO] [SuperResolution/]: Loading shader-pack interface configuration: superresolution.v1.json
[17:09:44] [Render thread/INFO] [SuperResolution/]: Shader pack shaders supports super resolution
[17:09:45] [Render thread/INFO] [Iris/]: Profile: HIGH (+0 options changed by user)
[17:09:46] [Render thread/INFO] [Iris/]: Using shaderpack: Complementary-SuperResolution-Wisteria.zip
[17:09:46] [modloading-worker-0/INFO] [Wisteria/]: Wisteria initializing
[17:09:46] [modloading-worker-0/INFO] [ne.ne.ne.co.NeoForgeMod/NEOFORGE-MOD]: NeoForge mod loading, version 21.1.219, for MC 1.21.1
[LWJGL] Loading library: OpenAL
	Module: org.lwjgl.openal
	Loaded from org.lwjgl.librarypath: C:\Users\micha\AppData\Local\Temp\lwjgl_micha\3.3.4+7\x64\OpenAL.dll
[17:09:48] [Render thread/INFO] [Iris/]: Hardware information:
[17:09:48] [Render thread/INFO] [Iris/]: CPU: 12x AMD Ryzen 5 5600H with Radeon Graphics 
[17:09:48] [Render thread/INFO] [Iris/]: GPU: NVIDIA GeForce RTX 3050 Ti Laptop GPU/PCIe/SSE2 (Supports OpenGL 4.6.0 NVIDIA 596.49)
[17:09:48] [Render thread/INFO] [Iris/]: OS: Windows 11 (10.0)
[17:09:49] [Render thread/INFO] [ne.ne.ne.ga.GameTestHooks/]: Enabled Gametest Namespaces: []
[17:09:49] [Render thread/INFO] [SuperResolution/NativeLib/]: Extracting native dependencies
[17:09:49] [Render thread/INFO] [SuperResolution/NativeLib/]: libSuperResolution+win64+release.dll already exists with a matching checksum; skipping extraction
[17:09:49] [Render thread/WARN] [SuperResolution/NativeLib/]: Failed to extract optional dependency lib\libSuperResolutionD3D12+win64+release.dll: resource not found
[17:09:49] [Render thread/WARN] [SuperResolution/NativeLib/]: Failed to extract optional dependency libSuperResolutionD3D12+win64+release.dll; skipping it
[17:09:49] [Render thread/WARN] [SuperResolution/NativeLib/]: Failed to extract optional dependency lib\libSuperResolutionFSR+win64+release.dll: resource not found
[17:09:49] [Render thread/WARN] [SuperResolution/NativeLib/]: Failed to extract optional dependency libSuperResolutionFSR+win64+release.dll; skipping it
[17:09:49] [Render thread/WARN] [SuperResolution/NativeLib/]: Failed to extract optional dependency lib\libSuperResolutionFSR4+win64+release.dll: resource not found
[17:09:49] [Render thread/WARN] [SuperResolution/NativeLib/]: Failed to extract optional dependency libSuperResolutionFSR4+win64+release.dll; skipping it
[17:09:49] [Render thread/WARN] [SuperResolution/NativeLib/]: Failed to extract optional dependency lib\libSuperResolutionXeSS+win64+release.dll: resource not found
[17:09:49] [Render thread/WARN] [SuperResolution/NativeLib/]: Failed to extract optional dependency libSuperResolutionXeSS+win64+release.dll; skipping it
[17:09:49] [Render thread/WARN] [SuperResolution/NativeLib/]: Failed to extract optional dependency lib\libSuperResolutionNGX+win64+release.dll: resource not found
[17:09:49] [Render thread/WARN] [SuperResolution/NativeLib/]: Failed to extract optional dependency libSuperResolutionNGX+win64+release.dll; skipping it
[17:09:49] [Render thread/WARN] [SuperResolution/NativeLib/]: Failed to extract optional dependency lib\libSuperResolutionStreamline+win64+release.dll: resource not found
[17:09:49] [Render thread/WARN] [SuperResolution/NativeLib/]: Failed to extract optional dependency libSuperResolutionStreamline+win64+release.dll; skipping it
[17:09:49] [Render thread/INFO] [SuperResolution/NativeLib/]: Skipped optional dependencies: libSuperResolutionD3D12+win64+release.dll, libSuperResolutionFSR+win64+release.dll, libSuperResolutionFSR4+win64+release.dll, libSuperResolutionXeSS+win64+release.dll, libSuperResolutionNGX+win64+release.dll, libSuperResolutionStreamline+win64+release.dll
[17:09:49] [Render thread/INFO] [SuperResolution/NativeLib/]: Native dependencies extracted to D:\ProjectDllsss\runtime-baseline\instance\.\config\super_resolution\libraries
[17:09:49] [Render thread/INFO] [SuperResolution/NativeLib/]: Loading native dependency: D:\ProjectDllsss\runtime-baseline\instance\.\config\super_resolution\libraries\libSuperResolution+win64+release.dll
[17:09:49] [Render thread/INFO] [SuperResolution/NativeLib/]: Loading native dependency: D:\ProjectDllsss\runtime-baseline\instance\.\config\super_resolution\libraries\libSuperResolutionD3D12+win64+release.dll
[17:09:49] [Render thread/WARN] [SuperResolution/NativeLib/]: Failed to load optional dependency libSuperResolutionD3D12+win64+release.dll; skipping it: Can't load library: D:\ProjectDllsss\runtime-baseline\instance\.\config\super_resolution\libraries\libSuperResolutionD3D12+win64+release.dll
[17:09:49] [Render thread/INFO] [SuperResolution/]: GPU vendor: Nvidia
[17:09:49] [Render thread/INFO] [SuperResolution/]: OpenGL version: 4.6
[17:09:49] [Render thread/INFO] [SuperResolution/]: DSA is supported; using GL45OrEXTDirectStateAccessImpl
[17:09:49] [Render thread/INFO] [Wisteria/]: Registered frame generation backends wisteria:streamline and wisteria:ngx
[17:09:49] [Render thread/INFO] [SuperResolution/]: Loading shader-pack interface configuration: superresolution.v1.json
[17:09:49] [Render thread/INFO] [SuperResolution/]: Shader pack shaders supports super resolution
[17:09:49] [Render thread/INFO] [Iris/]: Profile: HIGH (+0 options changed by user)
[17:09:50] [Render thread/INFO] [Iris/]: Using shaderpack: Complementary-SuperResolution-Wisteria.zip
[17:09:50] [Render thread/INFO] [SuperResolution/ShaderCompiler/]: Compiling shader FSR1_EASU with the compatibility shader compiler
[17:09:50] [Render thread/INFO] [SuperResolution/ShaderCompiler/]: Compiling shader FSR1_RCAS with the compatibility shader compiler
[17:09:50] [Render thread/INFO] [SuperResolution/ShaderCompiler/]: Compiling shader FSR1_EASU with the compatibility shader compiler
[17:09:50] [Render thread/INFO] [SuperResolution/ShaderCompiler/]: Compiling shader FSR1_RCAS with the compatibility shader compiler
[17:09:50] [Render thread/INFO] [minecraft/ReloadableResourceManager]: Reloading ResourceManager: vanilla, mod_resources, mod/sodium, mod/fabric_rendering_data_attachment_v1, mod/iris, mod/super_resolution, mod/wisteria, mod/fabric_renderer_api_v1, mod/fabric_api_base, mod/architectury, mod/neoforge, mod/fabric_block_view_api_v2
[17:09:50] [Worker-Main-9/INFO] [minecraft/UnihexProvider]: Found unifont_all_no_pua-15.1.05.hex, loading
[17:09:50] [Worker-Main-11/INFO] [minecraft/UnihexProvider]: Found unifont_jp_patch-15.1.05.hex, loading
[17:09:50] [Render thread/INFO] [SuperResolution/ShaderCompiler/]: Compiling shader FSR1_EASU with the compatibility shader compiler
[17:09:50] [Render thread/INFO] [SuperResolution/ShaderCompiler/]: Compiling shader FSR1_RCAS with the compatibility shader compiler
[17:09:51] [Render thread/INFO] [Wisteria/]: Registered low latency backend wisteria:reflex_streamline
[17:09:52] [Render thread/WARN] [minecraft/SoundEngine]: Missing sound for event: minecraft:item.goat_horn.play
[17:09:52] [Render thread/WARN] [minecraft/SoundEngine]: Missing sound for event: minecraft:entity.goat.screaming.horn_break
[17:09:53] [Render thread/INFO] [mojang/Library]: OpenAL initialized on device OpenAL Soft on Auriculares (HUAWEI FreeBuds 5i)
[17:09:53] [Render thread/INFO] [minecraft/SoundEngine]: Sound engine started
[17:09:53] [Render thread/INFO] [minecraft/TextureAtlas]: Created: 1024x512x4 minecraft:textures/atlas/blocks.png-atlas
[17:09:53] [Render thread/INFO] [minecraft/TextureAtlas]: Created: 256x256x4 minecraft:textures/atlas/signs.png-atlas
[17:09:53] [Render thread/INFO] [minecraft/TextureAtlas]: Created: 512x512x4 minecraft:textures/atlas/shield_patterns.png-atlas
[17:09:53] [Render thread/INFO] [minecraft/TextureAtlas]: Created: 512x512x4 minecraft:textures/atlas/banner_patterns.png-atlas
[17:09:53] [Render thread/INFO] [minecraft/TextureAtlas]: Created: 1024x1024x4 minecraft:textures/atlas/armor_trims.png-atlas
[17:09:53] [Render thread/INFO] [minecraft/TextureAtlas]: Created: 128x64x4 minecraft:textures/atlas/decorated_pot.png-atlas
[17:09:53] [Render thread/INFO] [minecraft/TextureAtlas]: Created: 256x256x4 minecraft:textures/atlas/chest.png-atlas
[17:09:53] [Render thread/INFO] [minecraft/TextureAtlas]: Created: 512x256x4 minecraft:textures/atlas/shulker_boxes.png-atlas
[17:09:53] [Render thread/INFO] [minecraft/TextureAtlas]: Created: 512x256x4 minecraft:textures/atlas/beds.png-atlas
[17:09:53] [Render thread/INFO] [minecraft/TextureAtlas]: Created: 512x256x0 minecraft:textures/atlas/particles.png-atlas
[17:09:53] [Render thread/INFO] [minecraft/TextureAtlas]: Created: 512x256x0 minecraft:textures/atlas/paintings.png-atlas
[17:09:53] [Render thread/INFO] [minecraft/TextureAtlas]: Created: 256x128x0 minecraft:textures/atlas/mob_effects.png-atlas
[17:09:53] [Render thread/INFO] [minecraft/TextureAtlas]: Created: 64x64x0 minecraft:textures/atlas/map_decorations.png-atlas
[17:09:53] [Render thread/INFO] [minecraft/TextureAtlas]: Created: 1024x512x0 minecraft:textures/atlas/gui.png-atlas
[17:09:53] [Render thread/WARN] [minecraft/ShaderInstance]: Shader rendertype_entity_translucent_emissive could not find sampler named Sampler2 in the specified shader program.
[17:09:53] [Render thread/INFO] [ne.ne.ne.cl.en.an.js.AnimationLoader/]: Loaded 0 entity animations
[17:09:53] [Render thread/INFO] [Iris/]: Creating pipeline for dimension minecraft:overworld
[17:09:53] [Render thread/WARN] [Iris/]: Failed to resolve uniform inPaleGarden, reason: Unknown variable: BIOME_PALE_GARDEN ( = FunctionCall{smooth {[Number{55}, FunctionCall{if {[FunctionCall{in {[Id{biome}, Id{BIOME_PALE_GARDEN}]} }, Number{1}, Number{0}]} }, Number{15}, Number{15}]} })
java.lang.RuntimeException: Unknown variable: BIOME_PALE_GARDEN
	at TRANSFORMER/iris@1.8.8+mc1.21.1/kroppeb.stareval.resolver.ExpressionResolver.resolveExpressionInternal(ExpressionResolver.java:225) ~[iris-1.8.8+1.21.1-neoforge-neoforge,1.21.1.jar%23177!/:?] {re:classloading}
	at TRANSFORMER/iris@1.8.8+mc1.21.1/kroppeb.stareval.resolver.ExpressionResolver.resolveCallExpressionInternal(ExpressionResolver.java:81) ~[iris-1.8.8+1.21.1-neoforge-neoforge,1.21.1.jar%23177!/:?] {re:classloading}
	at TRANSFORMER/iris@1.8.8+mc1.21.1/kroppeb.stareval.resolver.ExpressionResolver.resolveCallExpression(ExpressionResolver.java:140) ~[iris-1.8.8+1.21.1-neoforge-neoforge,1.21.1.jar%23177!/:?] {re:classloading}
	at TRANSFORMER/iris@1.8.8+mc1.21.1/kroppeb.stareval.resolver.ExpressionResolver.resolveExpressionInternal(ExpressionResolver.java:196) ~[iris-1.8.8+1.21.1-neoforge-neoforge,1.21.1.jar%23177!/:?] {re:classloading}
	at TRANSFORMER/iris@1.8.8+mc1.21.1/kroppeb.stareval.resolver.ExpressionResolver.resolveCallExpressionInternal(ExpressionResolver.java:81) ~[iris-1.8.8+1.21.1-neoforge-neoforge,1.21.1.jar%23177!/:?] {re:classloading}
	at TRANSFORMER/iris@1.8.8+mc1.21.1/kroppeb.stareval.resolver.ExpressionResolver.resolveCallExpression(ExpressionResolver.java:140) ~[iris-1.8.8+1.21.1-neoforge-neoforge,1.21.1.jar%23177!/:?] {re:classloading}
	at TRANSFORMER/iris@1.8.8+mc1.21.1/kroppeb.stareval.resolver.ExpressionResolver.resolveCallExpression(ExpressionResolver.java:127) ~[iris-1.8.8+1.21.1-neoforge-neoforge,1.21.1.jar%23177!/:?] {re:classloading}
	at TRANSFORMER/iris@1.8.8+mc1.21.1/kroppeb.stareval.resolver.ExpressionResolver.resolveExpressionInternal(ExpressionResolver.java:196) ~[iris-1.8.8+1.21.1-neoforge-neoforge,1.21.1.jar%23177!/:?] {re:classloading}
	at TRANSFORMER/iris@1.8.8+mc1.21.1/kroppeb.stareval.resolver.ExpressionResolver.resolveCallExpressionInternal(ExpressionResolver.java:81) ~[iris-1.8.8+1.21.1-neoforge-neoforge,1.21.1.jar%23177!/:?] {re:classloading}
	at TRANSFORMER/iris@1.8.8+mc1.21.1/kroppeb.stareval.resolver.ExpressionResolver.resolveCallExpression(ExpressionResolver.java:140) ~[iris-1.8.8+1.21.1-neoforge-neoforge,1.21.1.jar%23177!/:?] {re:classloading}
	at TRANSFORMER/iris@1.8.8+mc1.21.1/kroppeb.stareval.resolver.ExpressionResolver.resolveExpressionInternal(ExpressionResolver.java:196) ~[iris-1.8.8+1.21.1-neoforge-neoforge,1.21.1.jar%23177!/:?] {re:classloading}
	at TRANSFORMER/iris@1.8.8+mc1.21.1/kroppeb.stareval.resolver.ExpressionResolver.resolveExpression(ExpressionResolver.java:50) ~[iris-1.8.8+1.21.1-neoforge-neoforge,1.21.1.jar%23177!/:?] {re:classloading}
	at TRANSFORMER/iris@1.8.8+mc1.21.1/net.irisshaders.iris.uniforms.custom.CustomUniforms.<init>(CustomUniforms.java:60) ~[iris-1.8.8+1.21.1-neoforge-neoforge,1.21.1.jar%23177!/:?] {re:classloading}
	at TRANSFORMER/iris@1.8.8+mc1.21.1/net.irisshaders.iris.uniforms.custom.CustomUniforms$Builder.build(CustomUniforms.java:332) ~[iris-1.8.8+1.21.1-neoforge-neoforge,1.21.1.jar%23177!/:?] {re:classloading}
	at TRANSFORMER/iris@1.8.8+mc1.21.1/net.irisshaders.iris.uniforms.custom.CustomUniforms$Builder.build(CustomUniforms.java:343) ~[iris-1.8.8+1.21.1-neoforge-neoforge,1.21.1.jar%23177!/:?] {re:classloading}
	at TRANSFORMER/iris@1.8.8+mc1.21.1/net.irisshaders.iris.pipeline.IrisRenderingPipeline.<init>(IrisRenderingPipeline.java:282) ~[iris-1.8.8+1.21.1-neoforge-neoforge,1.21.1.jar%23177!/:?] {re:mixin,re:classloading,pl:mixin:APP:super_resolution_irisapi.mixins.json:composite.IrisRenderingPipelineAccessor from mod super_resolution,pl:mixin:APP:super_resolution_irisapi.mixins.json:composite.before1_21_1.IrisRenderingPipelineMixin from mod super_resolution,pl:mixin:APP:super_resolution.shadercompat.mixins.json:core.IrisRenderingPipelineAccessor from mod super_resolution,pl:mixin:APP:super_resolution.shadercompat.mixins.json:core.IrisRenderingPipelineMixin from mod super_resolution,pl:mixin:A}
	at TRANSFORMER/iris@1.8.8+mc1.21.1/net.irisshaders.iris.Iris.createPipeline(Iris.java:616) ~[iris-1.8.8+1.21.1-neoforge-neoforge,1.21.1.jar%23177!/:?] {re:mixin,re:classloading,pl:mixin:APP:super_resolution.shadercompat.mixins.json:core.IrisMixin from mod super_resolution,pl:mixin:A}
	at TRANSFORMER/iris@1.8.8+mc1.21.1/net.irisshaders.iris.pipeline.PipelineManager.preparePipeline(PipelineManager.java:33) ~[iris-1.8.8+1.21.1-neoforge-neoforge,1.21.1.jar%23177!/:?] {re:mixin,re:classloading,pl:mixin:APP:super_resolution.shadercompat.mixins.json:core.PipelineManagerMixin from mod super_resolution,pl:mixin:A}
	at TRANSFORMER/iris@1.8.8+mc1.21.1/net.irisshaders.iris.Iris.onLoadingComplete(Iris.java:150) ~[iris-1.8.8+1.21.1-neoforge-neoforge,1.21.1.jar%23177!/:?] {re:mixin,re:classloading,pl:mixin:APP:super_resolution.shadercompat.mixins.json:core.IrisMixin from mod super_resolution,pl:mixin:A}
	at TRANSFORMER/minecraft@1.21.1/net.minecraft.client.gui.screens.TitleScreen.handler$zfl000$iris$firstInit(TitleScreen.java:525) ~[neoforge-21.1.219.jar%23172!/:?] {re:mixin,pl:runtimedistcleaner:A,re:computing_frames,pl:runtimedistcleaner:A,re:classloading,pl:mixin:APP:mixins.iris.json:MixinTitleScreen from mod iris,pl:mixin:A,pl:runtimedistcleaner:A}
	at TRANSFORMER/minecraft@1.21.1/net.minecraft.client.gui.screens.TitleScreen.init(TitleScreen.java:157) ~[neoforge-21.1.219.jar%23172!/:?] {re:mixin,pl:runtimedistcleaner:A,re:computing_frames,pl:runtimedistcleaner:A,re:classloading,pl:mixin:APP:mixins.iris.json:MixinTitleScreen from mod iris,pl:mixin:A,pl:runtimedistcleaner:A}
	at TRANSFORMER/minecraft@1.21.1/net.minecraft.client.gui.screens.Screen.init(Screen.java:317) ~[neoforge-21.1.219.jar%23172!/:?] {re:mixin,pl:accesstransformer:B,pl:runtimedistcleaner:A,re:classloading,pl:accesstransformer:B,pl:runtimedistcleaner:A}
	at TRANSFORMER/minecraft@1.21.1/net.minecraft.client.Minecraft.setScreen(Minecraft.java:1057) ~[neoforge-21.1.219.jar%23172!/:?] {re:mixin,pl:runtimedistcleaner:A,re:classloading,pl:mixin:APP:sodium-common.mixins.json:core.MinecraftMixin from mod sodium,pl:mixin:APP:sodium-neoforge.mixins.json:platform.neoforge.EntrypointMixin from mod sodium,pl:mixin:APP:mixins.iris.json:MixinMinecraft_Images from mod iris,pl:mixin:APP:mixins.iris.json:MixinMinecraft_Keybinds from mod iris,pl:mixin:APP:mixins.iris.json:MixinMinecraft_PipelineManagement from mod iris,pl:mixin:APP:super_resolution.mixins.json:core.GlTextureViewMixin from mod super_resolution,pl:mixin:APP:super_resolution.mixins.json:core.MinecraftMixin from mod super_resolution,pl:mixin:APP:super_resolution.mixins.json:core.accessor.MinecraftAccessor from mod super_resolution,pl:mixin:APP:super_resolution.mixins.json:framegeneration.v1_20_1.GameRendererConstantsMixin from mod super_resolution,pl:mixin:APP:super_resolution.mixins.json:framegeneration.v1_21_11.GameRendererConstantsMixin from mod super_resolution,pl:mixin:APP:super_resolution.mixins.json:framegeneration.v26_1_x.GameRendererConstantsMixin from mod super_resolution,pl:mixin:APP:super_resolution.mixins.json:framegeneration.v26_2.GameRendererConstantsMixin from mod super_resolution,pl:mixin:APP:super_resolution.mixins.json:framegeneration.v26_2.NativeLibrariesBootstrapMixin from mod super_resolution,pl:mixin:APP:super_resolution.mixins.json:framegeneration.v26_3.GameRendererConstantsMixin from mod super_resolution,pl:mixin:APP:super_resolution.mixins.json:framegeneration.v26_3.NativeLibrariesBootstrapMixin from mod super_resolution,pl:mixin:APP:super_resolution.mixins.json:gui.GuiGraphicsMixin from mod super_resolution,pl:mixin:APP:super_resolution.mixins.json:gui.GuiRendererDrawAccessor from mod super_resolution,pl:mixin:APP:super_resolution.mixins.json:gui.GuiRendererMixin from mod super_resolution,pl:mixin:APP:super_resolution.mixins.json:lowlatency.v1_20_1.KeyboardHandlerReflexMixin from mod super_resolution,pl:mixin:APP:super_resolution.mixins.json:lowlatency.v1_20_1.MinecraftReflexMixin from mod super_resolution,pl:mixin:APP:super_resolution.mixins.json:lowlatency.v1_20_1.MouseHandlerReflexMixin from mod super_resolution,pl:mixin:APP:super_resolution.mixins.json:lowlatency.v1_20_1.RenderSystemAccessor from mod super_resolution,pl:mixin:APP:super_resolution.mixins.json:lowlatency.v1_21_1.MinecraftReflexMixin from mod super_resolution,pl:mixin:APP:super_resolution.mixins.json:lowlatency.v1_21_11.KeyboardHandlerReflexMixin from mod super_resolution,pl:mixin:APP:super_resolution.mixins.json:lowlatency.v1_21_11.MinecraftReflexMixin from mod super_resolution,pl:mixin:APP:super_resolution.mixins.json:lowlatency.v1_21_11.MouseHandlerReflexMixin from mod super_resolution,pl:mixin:APP:super_resolution.mixins.json:lowlatency.v1_21_11.RenderSystemAccessor from mod super_resolution,pl:mixin:APP:super_resolution.mixins.json:lowlatency.v26_1_x.KeyboardHandlerReflexMixin from mod super_resolution,pl:mixin:APP:super_resolution.mixins.json:lowlatency.v26_1_x.MinecraftReflexMixin from mod super_resolution,pl:mixin:APP:super_resolution.mixins.json:lowlatency.v26_1_x.MouseHandlerReflexMixin from mod super_resolution,pl:mixin:APP:super_resolution.mixins.json:lowlatency.v26_2.KeyboardHandlerReflexMixin from mod super_resolution,pl:mixin:APP:super_resolution.mixins.json:lowlatency.v26_2.MinecraftReflexMixin from mod super_resolution,pl:mixin:APP:super_resolution.mixins.json:lowlatency.v26_2.MouseHandlerReflexMixin from mod super_resolution,pl:mixin:APP:super_resolution.mixins.json:lowlatency.v26_3.KeyboardHandlerReflexMixin from mod super_resolution,pl:mixin:APP:super_resolution.mixins.json:lowlatency.v26_3.MinecraftReflexMixin from mod super_resolution,pl:mixin:APP:super_resolution.mixins.json:lowlatency.v26_3.MouseHandlerReflexMixin from mod super_resolution,pl:mixin:APP:super_resolution.mixins.json:presentation.v1_20_1.VulkanPresentationGameRendererCaptureMixin from mod super_resolution,pl:mixin:APP:super_resolution.mixins.json:presentation.v1_20_1.VulkanPresentationGlDeviceMixin from mod super_resolution,pl:mixin:APP:super_resolution.mixins.json:presentation.v1_20_1.VulkanPresentationMinecraftBackendMixin from mod super_resolution,pl:mixin:APP:super_resolution.mixins.json:presentation.v1_20_1.VulkanPresentationMinecraftCaptureMixin from mod super_resolution,pl:mixin:APP:super_resolution.mixins.json:presentation.v1_20_1.VulkanPresentationWindowMixin from mod super_resolution,pl:mixin:APP:super_resolution.mixins.json:presentation.v1_21_1.VulkanPresentationMinecraftCaptureMixin from mod super_resolution,pl:mixin:APP:super_resolution.mixins.json:presentation.v1_21_11.VulkanPresentationGameRendererCaptureMixin from mod super_resolution,pl:mixin:APP:super_resolution.mixins.json:presentation.v1_21_11.VulkanPresentationGlDeviceMixin from mod super_resolution,pl:mixin:APP:super_resolution.mixins.json:presentation.v1_21_11.VulkanPresentationMinecraftBackendMixin from mod super_resolution,pl:mixin:APP:super_resolution.mixins.json:presentation.v1_21_11.VulkanPresentationMinecraftCaptureMixin from mod super_resolution,pl:mixin:APP:super_resolution.mixins.json:presentation.v1_21_11.VulkanPresentationWindowMixin from mod super_resolution,pl:mixin:APP:super_resolution.mixins.json:presentation.v26_1_x.VulkanPresentationGameRendererCaptureMixin from mod super_resolution,pl:mixin:APP:super_resolution.mixins.json:presentation.v26_1_x.VulkanPresentationGlDeviceMixin from mod super_resolution,pl:mixin:APP:super_resolution.mixins.json:presentation.v26_1_x.VulkanPresentationMinecraftBackendMixin from mod super_resolution,pl:mixin:APP:super_resolution.mixins.json:presentation.v26_1_x.VulkanPresentationMinecraftCaptureMixin from mod super_resolution,pl:mixin:APP:super_resolution.mixins.json:presentation.v26_1_x.VulkanPresentationWindowCloseMixin from mod super_resolution,pl:mixin:APP:super_resolution.mixins.json:presentation.v26_2.VulkanPresentationGameRendererCaptureMixin from mod super_resolution,pl:mixin:APP:super_resolution.mixins.json:presentation.v26_2.VulkanPresentationGlDeviceMixin from mod super_resolution,pl:mixin:APP:super_resolution.mixins.json:presentation.v26_2.VulkanPresentationMinecraftBackendMixin from mod super_resolution,pl:mixin:APP:super_resolution.mixins.json:presentation.v26_2.VulkanPresentationMinecraftCaptureMixin from mod super_resolution,pl:mixin:APP:super_resolution.mixins.json:presentation.v26_2.VulkanPresentationWindowCloseMixin from mod super_resolution,pl:mixin:APP:super_resolution.mixins.json:presentation.v26_3.VulkanPresentationGameRendererCaptureMixin from mod super_resolution,pl:mixin:APP:super_resolution.mixins.json:presentation.v26_3.VulkanPresentationGlDeviceMixin from mod super_resolution,pl:mixin:APP:super_resolution.mixins.json:presentation.v26_3.VulkanPresentationMinecraftBackendMixin from mod super_resolution,pl:mixin:APP:super_resolution.mixins.json:presentation.v26_3.VulkanPresentationMinecraftCaptureMixin from mod super_resolution,pl:mixin:APP:super_resolution.mixins.json:presentation.v26_3.VulkanPresentationWindowCloseMixin from mod super_resolution,pl:mixin:APP:super_resolution-neoforge.mixins.json:neoforge.FuckingValidation1218Mixin from mod super_resolution,pl:mixin:APP:super_resolution-neoforge.mixins.json:neoforge.FuckingValidationMixin from mod super_resolution,pl:mixin:APP:super_resolution_irisapi.mixins.json:composite.before1_21_1.GlStateManagerTextureStateAccessor from mod super_resolution,pl:mixin:APP:architectury.mixins.json:MixinMinecraft from mod architectury,pl:mixin:A,pl:runtimedistcleaner:A}
	at TRANSFORMER/minecraft@1.21.1/net.minecraft.client.Minecraft.lambda$buildInitialScreens$9(Minecraft.java:664) ~[neoforge-21.1.219.jar%23172!/:?] {re:mixin,pl:runtimedistcleaner:A,re:classloading,pl:mixin:APP:sodium-common.mixins.json:core.MinecraftMixin from mod sodium,pl:mixin:APP:sodium-neoforge.mixins.json:platform.neoforge.EntrypointMixin from mod sodium,pl:mixin:APP:mixins.iris.json:MixinMinecraft_Images from mod iris,pl:mixin:APP:mixins.iris.json:MixinMinecraft_Keybinds from mod iris,pl:mixin:APP:mixins.iris.json:MixinMinecraft_PipelineManagement from mod iris,pl:mixin:APP:super_resolution.mixins.json:core.GlTextureViewMixin from mod super_resolution,pl:mixin:APP:super_resolution.mixins.json:core.MinecraftMixin from mod super_resolution,pl:mixin:APP:super_resolution.mixins.json:core.accessor.MinecraftAccessor from mod super_resolution,pl:mixin:APP:super_resolution.mixins.json:framegeneration.v1_20_1.GameRendererConstantsMixin from mod super_resolution,pl:mixin:APP:super_resolution.mixins.json:framegeneration.v1_21_11.GameRendererConstantsMixin from mod super_resolution,pl:mixin:APP:super_resolution.mixins.json:framegeneration.v26_1_x.GameRendererConstantsMixin from mod super_resolution,pl:mixin:APP:super_resolution.mixins.json:framegeneration.v26_2.GameRendererConstantsMixin from mod super_resolution,pl:mixin:APP:super_resolution.mixins.json:framegeneration.v26_2.NativeLibrariesBootstrapMixin from mod super_resolution,pl:mixin:APP:super_resolution.mixins.json:framegeneration.v26_3.GameRendererConstantsMixin from mod super_resolution,pl:mixin:APP:super_resolution.mixins.json:framegeneration.v26_3.NativeLibrariesBootstrapMixin from mod super_resolution,pl:mixin:APP:super_resolution.mixins.json:gui.GuiGraphicsMixin from mod super_resolution,pl:mixin:APP:super_resolution.mixins.json:gui.GuiRendererDrawAccessor from mod super_resolution,pl:mixin:APP:super_resolution.mixins.json:gui.GuiRendererMixin from mod super_resolution,pl:mixin:APP:super_resolution.mixins.json:lowlatency.v1_20_1.KeyboardHandlerReflexMixin from mod super_resolution,pl:mixin:APP:super_resolution.mixins.json:lowlatency.v1_20_1.MinecraftReflexMixin from mod super_resolution,pl:mixin:APP:super_resolution.mixins.json:lowlatency.v1_20_1.MouseHandlerReflexMixin from mod super_resolution,pl:mixin:APP:super_resolution.mixins.json:lowlatency.v1_20_1.RenderSystemAccessor from mod super_resolution,pl:mixin:APP:super_resolution.mixins.json:lowlatency.v1_21_1.MinecraftReflexMixin from mod super_resolution,pl:mixin:APP:super_resolution.mixins.json:lowlatency.v1_21_11.KeyboardHandlerReflexMixin from mod super_resolution,pl:mixin:APP:super_resolution.mixins.json:lowlatency.v1_21_11.MinecraftReflexMixin from mod super_resolution,pl:mixin:APP:super_resolution.mixins.json:lowlatency.v1_21_11.MouseHandlerReflexMixin from mod super_resolution,pl:mixin:APP:super_resolution.mixins.json:lowlatency.v1_21_11.RenderSystemAccessor from mod super_resolution,pl:mixin:APP:super_resolution.mixins.json:lowlatency.v26_1_x.KeyboardHandlerReflexMixin from mod super_resolution,pl:mixin:APP:super_resolution.mixins.json:lowlatency.v26_1_x.MinecraftReflexMixin from mod super_resolution,pl:mixin:APP:super_resolution.mixins.json:lowlatency.v26_1_x.MouseHandlerReflexMixin from mod super_resolution,pl:mixin:APP:super_resolution.mixins.json:lowlatency.v26_2.KeyboardHandlerReflexMixin from mod super_resolution,pl:mixin:APP:super_resolution.mixins.json:lowlatency.v26_2.MinecraftReflexMixin from mod super_resolution,pl:mixin:APP:super_resolution.mixins.json:lowlatency.v26_2.MouseHandlerReflexMixin from mod super_resolution,pl:mixin:APP:super_resolution.mixins.json:lowlatency.v26_3.KeyboardHandlerReflexMixin from mod super_resolution,pl:mixin:APP:super_resolution.mixins.json:lowlatency.v26_3.MinecraftReflexMixin from mod super_resolution,pl:mixin:APP:super_resolution.mixins.json:lowlatency.v26_3.MouseHandlerReflexMixin from mod super_resolution,pl:mixin:APP:super_resolution.mixins.json:presentation.v1_20_1.VulkanPresentationGameRendererCaptureMixin from mod super_resolution,pl:mixin:APP:super_resolution.mixins.json:presentation.v1_20_1.VulkanPresentationGlDeviceMixin from mod super_resolution,pl:mixin:APP:super_resolution.mixins.json:presentation.v1_20_1.VulkanPresentationMinecraftBackendMixin from mod super_resolution,pl:mixin:APP:super_resolution.mixins.json:presentation.v1_20_1.VulkanPresentationMinecraftCaptureMixin from mod super_resolution,pl:mixin:APP:super_resolution.mixins.json:presentation.v1_20_1.VulkanPresentationWindowMixin from mod super_resolution,pl:mixin:APP:super_resolution.mixins.json:presentation.v1_21_1.VulkanPresentationMinecraftCaptureMixin from mod super_resolution,pl:mixin:APP:super_resolution.mixins.json:presentation.v1_21_11.VulkanPresentationGameRendererCaptureMixin from mod super_resolution,pl:mixin:APP:super_resolution.mixins.json:presentation.v1_21_11.VulkanPresentationGlDeviceMixin from mod super_resolution,pl:mixin:APP:super_resolution.mixins.json:presentation.v1_21_11.VulkanPresentationMinecraftBackendMixin from mod super_resolution,pl:mixin:APP:super_resolution.mixins.json:presentation.v1_21_11.VulkanPresentationMinecraftCaptureMixin from mod super_resolution,pl:mixin:APP:super_resolution.mixins.json:presentation.v1_21_11.VulkanPresentationWindowMixin from mod super_resolution,pl:mixin:APP:super_resolution.mixins.json:presentation.v26_1_x.VulkanPresentationGameRendererCaptureMixin from mod super_resolution,pl:mixin:APP:super_resolution.mixins.json:presentation.v26_1_x.VulkanPresentationGlDeviceMixin from mod super_resolution,pl:mixin:APP:super_resolution.mixins.json:presentation.v26_1_x.VulkanPresentationMinecraftBackendMixin from mod super_resolution,pl:mixin:APP:super_resolution.mixins.json:presentation.v26_1_x.VulkanPresentationMinecraftCaptureMixin from mod super_resolution,pl:mixin:APP:super_resolution.mixins.json:presentation.v26_1_x.VulkanPresentationWindowCloseMixin from mod super_resolution,pl:mixin:APP:super_resolution.mixins.json:presentation.v26_2.VulkanPresentationGameRendererCaptureMixin from mod super_resolution,pl:mixin:APP:super_resolution.mixins.json:presentation.v26_2.VulkanPresentationGlDeviceMixin from mod super_resolution,pl:mixin:APP:super_resolution.mixins.json:presentation.v26_2.VulkanPresentationMinecraftBackendMixin from mod super_resolution,pl:mixin:APP:super_resolution.mixins.json:presentation.v26_2.VulkanPresentationMinecraftCaptureMixin from mod super_resolution,pl:mixin:APP:super_resolution.mixins.json:presentation.v26_2.VulkanPresentationWindowCloseMixin from mod super_resolution,pl:mixin:APP:super_resolution.mixins.json:presentation.v26_3.VulkanPresentationGameRendererCaptureMixin from mod super_resolution,pl:mixin:APP:super_resolution.mixins.json:presentation.v26_3.VulkanPresentationGlDeviceMixin from mod super_resolution,pl:mixin:APP:super_resolution.mixins.json:presentation.v26_3.VulkanPresentationMinecraftBackendMixin from mod super_resolution,pl:mixin:APP:super_resolution.mixins.json:presentation.v26_3.VulkanPresentationMinecraftCaptureMixin from mod super_resolution,pl:mixin:APP:super_resolution.mixins.json:presentation.v26_3.VulkanPresentationWindowCloseMixin from mod super_resolution,pl:mixin:APP:super_resolution-neoforge.mixins.json:neoforge.FuckingValidation1218Mixin from mod super_resolution,pl:mixin:APP:super_resolution-neoforge.mixins.json:neoforge.FuckingValidationMixin from mod super_resolution,pl:mixin:APP:super_resolution_irisapi.mixins.json:composite.before1_21_1.GlStateManagerTextureStateAccessor from mod super_resolution,pl:mixin:APP:architectury.mixins.json:MixinMinecraft from mod architectury,pl:mixin:A,pl:runtimedistcleaner:A}
	at TRANSFORMER/minecraft@1.21.1/net.minecraft.client.Minecraft.onGameLoadFinished(Minecraft.java:650) ~[neoforge-21.1.219.jar%23172!/:?] {re:mixin,pl:runtimedistcleaner:A,re:classloading,pl:mixin:APP:sodium-common.mixins.json:core.MinecraftMixin from mod sodium,pl:mixin:APP:sodium-neoforge.mixins.json:platform.neoforge.EntrypointMixin from mod sodium,pl:mixin:APP:mixins.iris.json:MixinMinecraft_Images from mod iris,pl:mixin:APP:mixins.iris.json:MixinMinecraft_Keybinds from mod iris,pl:mixin:APP:mixins.iris.json:MixinMinecraft_PipelineManagement from mod iris,pl:mixin:APP:super_resolution.mixins.json:core.GlTextureViewMixin from mod super_resolution,pl:mixin:APP:super_resolution.mixins.json:core.MinecraftMixin from mod super_resolution,pl:mixin:APP:super_resolution.mixins.json:core.accessor.MinecraftAccessor from mod super_resolution,pl:mixin:APP:super_resolution.mixins.json:framegeneration.v1_20_1.GameRendererConstantsMixin from mod super_resolution,pl:mixin:APP:super_resolution.mixins.json:framegeneration.v1_21_11.GameRendererConstantsMixin from mod super_resolution,pl:mixin:APP:super_resolution.mixins.json:framegeneration.v26_1_x.GameRendererConstantsMixin from mod super_resolution,pl:mixin:APP:super_resolution.mixins.json:framegeneration.v26_2.GameRendererConstantsMixin from mod super_resolution,pl:mixin:APP:super_resolution.mixins.json:framegeneration.v26_2.NativeLibrariesBootstrapMixin from mod super_resolution,pl:mixin:APP:super_resolution.mixins.json:framegeneration.v26_3.GameRendererConstantsMixin from mod super_resolution,pl:mixin:APP:super_resolution.mixins.json:framegeneration.v26_3.NativeLibrariesBootstrapMixin from mod super_resolution,pl:mixin:APP:super_resolution.mixins.json:gui.GuiGraphicsMixin from mod super_resolution,pl:mixin:APP:super_resolution.mixins.json:gui.GuiRendererDrawAccessor from mod super_resolution,pl:mixin:APP:super_resolution.mixins.json:gui.GuiRendererMixin from mod super_resolution,pl:mixin:APP:super_resolution.mixins.json:lowlatency.v1_20_1.KeyboardHandlerReflexMixin from mod super_resolution,pl:mixin:APP:super_resolution.mixins.json:lowlatency.v1_20_1.MinecraftReflexMixin from mod super_resolution,pl:mixin:APP:super_resolution.mixins.json:lowlatency.v1_20_1.MouseHandlerReflexMixin from mod super_resolution,pl:mixin:APP:super_resolution.mixins.json:lowlatency.v1_20_1.RenderSystemAccessor from mod super_resolution,pl:mixin:APP:super_resolution.mixins.json:lowlatency.v1_21_1.MinecraftReflexMixin from mod super_resolution,pl:mixin:APP:super_resolution.mixins.json:lowlatency.v1_21_11.KeyboardHandlerReflexMixin from mod super_resolution,pl:mixin:APP:super_resolution.mixins.json:lowlatency.v1_21_11.MinecraftReflexMixin from mod super_resolution,pl:mixin:APP:super_resolution.mixins.json:lowlatency.v1_21_11.MouseHandlerReflexMixin from mod super_resolution,pl:mixin:APP:super_resolution.mixins.json:lowlatency.v1_21_11.RenderSystemAccessor from mod super_resolution,pl:mixin:APP:super_resolution.mixins.json:lowlatency.v26_1_x.KeyboardHandlerReflexMixin from mod super_resolution,pl:mixin:APP:super_resolution.mixins.json:lowlatency.v26_1_x.MinecraftReflexMixin from mod super_resolution,pl:mixin:APP:super_resolution.mixins.json:lowlatency.v26_1_x.MouseHandlerReflexMixin from mod super_resolution,pl:mixin:APP:super_resolution.mixins.json:lowlatency.v26_2.KeyboardHandlerReflexMixin from mod super_resolution,pl:mixin:APP:super_resolution.mixins.json:lowlatency.v26_2.MinecraftReflexMixin from mod super_resolution,pl:mixin:APP:super_resolution.mixins.json:lowlatency.v26_2.MouseHandlerReflexMixin from mod super_resolution,pl:mixin:APP:super_resolution.mixins.json:lowlatency.v26_3.KeyboardHandlerReflexMixin from mod super_resolution,pl:mixin:APP:super_resolution.mixins.json:lowlatency.v26_3.MinecraftReflexMixin from mod super_resolution,pl:mixin:APP:super_resolution.mixins.json:lowlatency.v26_3.MouseHandlerReflexMixin from mod super_resolution,pl:mixin:APP:super_resolution.mixins.json:presentation.v1_20_1.VulkanPresentationGameRendererCaptureMixin from mod super_resolution,pl:mixin:APP:super_resolution.mixins.json:presentation.v1_20_1.VulkanPresentationGlDeviceMixin from mod super_resolution,pl:mixin:APP:super_resolution.mixins.json:presentation.v1_20_1.VulkanPresentationMinecraftBackendMixin from mod super_resolution,pl:mixin:APP:super_resolution.mixins.json:presentation.v1_20_1.VulkanPresentationMinecraftCaptureMixin from mod super_resolution,pl:mixin:APP:super_resolution.mixins.json:presentation.v1_20_1.VulkanPresentationWindowMixin from mod super_resolution,pl:mixin:APP:super_resolution.mixins.json:presentation.v1_21_1.VulkanPresentationMinecraftCaptureMixin from mod super_resolution,pl:mixin:APP:super_resolution.mixins.json:presentation.v1_21_11.VulkanPresentationGameRendererCaptureMixin from mod super_resolution,pl:mixin:APP:super_resolution.mixins.json:presentation.v1_21_11.VulkanPresentationGlDeviceMixin from mod super_resolution,pl:mixin:APP:super_resolution.mixins.json:presentation.v1_21_11.VulkanPresentationMinecraftBackendMixin from mod super_resolution,pl:mixin:APP:super_resolution.mixins.json:presentation.v1_21_11.VulkanPresentationMinecraftCaptureMixin from mod super_resolution,pl:mixin:APP:super_resolution.mixins.json:presentation.v1_21_11.VulkanPresentationWindowMixin from mod super_resolution,pl:mixin:APP:super_resolution.mixins.json:presentation.v26_1_x.VulkanPresentationGameRendererCaptureMixin from mod super_resolution,pl:mixin:APP:super_resolution.mixins.json:presentation.v26_1_x.VulkanPresentationGlDeviceMixin from mod super_resolution,pl:mixin:APP:super_resolution.mixins.json:presentation.v26_1_x.VulkanPresentationMinecraftBackendMixin from mod super_resolution,pl:mixin:APP:super_resolution.mixins.json:presentation.v26_1_x.VulkanPresentationMinecraftCaptureMixin from mod super_resolution,pl:mixin:APP:super_resolution.mixins.json:presentation.v26_1_x.VulkanPresentationWindowCloseMixin from mod super_resolution,pl:mixin:APP:super_resolution.mixins.json:presentation.v26_2.VulkanPresentationGameRendererCaptureMixin from mod super_resolution,pl:mixin:APP:super_resolution.mixins.json:presentation.v26_2.VulkanPresentationGlDeviceMixin from mod super_resolution,pl:mixin:APP:super_resolution.mixins.json:presentation.v26_2.VulkanPresentationMinecraftBackendMixin from mod super_resolution,pl:mixin:APP:super_resolution.mixins.json:presentation.v26_2.VulkanPresentationMinecraftCaptureMixin from mod super_resolution,pl:mixin:APP:super_resolution.mixins.json:presentation.v26_2.VulkanPresentationWindowCloseMixin from mod super_resolution,pl:mixin:APP:super_resolution.mixins.json:presentation.v26_3.VulkanPresentationGameRendererCaptureMixin from mod super_resolution,pl:mixin:APP:super_resolution.mixins.json:presentation.v26_3.VulkanPresentationGlDeviceMixin from mod super_resolution,pl:mixin:APP:super_resolution.mixins.json:presentation.v26_3.VulkanPresentationMinecraftBackendMixin from mod super_resolution,pl:mixin:APP:super_resolution.mixins.json:presentation.v26_3.VulkanPresentationMinecraftCaptureMixin from mod super_resolution,pl:mixin:APP:super_resolution.mixins.json:presentation.v26_3.VulkanPresentationWindowCloseMixin from mod super_resolution,pl:mixin:APP:super_resolution-neoforge.mixins.json:neoforge.FuckingValidation1218Mixin from mod super_resolution,pl:mixin:APP:super_resolution-neoforge.mixins.json:neoforge.FuckingValidationMixin from mod super_resolution,pl:mixin:APP:super_resolution_irisapi.mixins.json:composite.before1_21_1.GlStateManagerTextureStateAccessor from mod super_resolution,pl:mixin:APP:architectury.mixins.json:MixinMinecraft from mod architectury,pl:mixin:A,pl:runtimedistcleaner:A}
	at TRANSFORMER/minecraft@1.21.1/net.minecraft.client.Minecraft.onResourceLoadFinished(Minecraft.java:641) ~[neoforge-21.1.219.jar%23172!/:?] {re:mixin,pl:runtimedistcleaner:A,re:classloading,pl:mixin:APP:sodium-common.mixins.json:core.MinecraftMixin from mod sodium,pl:mixin:APP:sodium-neoforge.mixins.json:platform.neoforge.EntrypointMixin from mod sodium,pl:mixin:APP:mixins.iris.json:MixinMinecraft_Images from mod iris,pl:mixin:APP:mixins.iris.json:MixinMinecraft_Keybinds from mod iris,pl:mixin:APP:mixins.iris.json:MixinMinecraft_PipelineManagement from mod iris,pl:mixin:APP:super_resolution.mixins.json:core.GlTextureViewMixin from mod super_resolution,pl:mixin:APP:super_resolution.mixins.json:core.MinecraftMixin from mod super_resolution,pl:mixin:APP:super_resolution.mixins.json:core.accessor.MinecraftAccessor from mod super_resolution,pl:mixin:APP:super_resolution.mixins.json:framegeneration.v1_20_1.GameRendererConstantsMixin from mod super_resolution,pl:mixin:APP:super_resolution.mixins.json:framegeneration.v1_21_11.GameRendererConstantsMixin from mod super_resolution,pl:mixin:APP:super_resolution.mixins.json:framegeneration.v26_1_x.GameRendererConstantsMixin from mod super_resolution,pl:mixin:APP:super_resolution.mixins.json:framegeneration.v26_2.GameRendererConstantsMixin from mod super_resolution,pl:mixin:APP:super_resolution.mixins.json:framegeneration.v26_2.NativeLibrariesBootstrapMixin from mod super_resolution,pl:mixin:APP:super_resolution.mixins.json:framegeneration.v26_3.GameRendererConstantsMixin from mod super_resolution,pl:mixin:APP:super_resolution.mixins.json:framegeneration.v26_3.NativeLibrariesBootstrapMixin from mod super_resolution,pl:mixin:APP:super_resolution.mixins.json:gui.GuiGraphicsMixin from mod super_resolution,pl:mixin:APP:super_resolution.mixins.json:gui.GuiRendererDrawAccessor from mod super_resolution,pl:mixin:APP:super_resolution.mixins.json:gui.GuiRendererMixin from mod super_resolution,pl:mixin:APP:super_resolution.mixins.json:lowlatency.v1_20_1.KeyboardHandlerReflexMixin from mod super_resolution,pl:mixin:APP:super_resolution.mixins.json:lowlatency.v1_20_1.MinecraftReflexMixin from mod super_resolution,pl:mixin:APP:super_resolution.mixins.json:lowlatency.v1_20_1.MouseHandlerReflexMixin from mod super_resolution,pl:mixin:APP:super_resolution.mixins.json:lowlatency.v1_20_1.RenderSystemAccessor from mod super_resolution,pl:mixin:APP:super_resolution.mixins.json:lowlatency.v1_21_1.MinecraftReflexMixin from mod super_resolution,pl:mixin:APP:super_resolution.mixins.json:lowlatency.v1_21_11.KeyboardHandlerReflexMixin from mod super_resolution,pl:mixin:APP:super_resolution.mixins.json:lowlatency.v1_21_11.MinecraftReflexMixin from mod super_resolution,pl:mixin:APP:super_resolution.mixins.json:lowlatency.v1_21_11.MouseHandlerReflexMixin from mod super_resolution,pl:mixin:APP:super_resolution.mixins.json:lowlatency.v1_21_11.RenderSystemAccessor from mod super_resolution,pl:mixin:APP:super_resolution.mixins.json:lowlatency.v26_1_x.KeyboardHandlerReflexMixin from mod super_resolution,pl:mixin:APP:super_resolution.mixins.json:lowlatency.v26_1_x.MinecraftReflexMixin from mod super_resolution,pl:mixin:APP:super_resolution.mixins.json:lowlatency.v26_1_x.MouseHandlerReflexMixin from mod super_resolution,pl:mixin:APP:super_resolution.mixins.json:lowlatency.v26_2.KeyboardHandlerReflexMixin from mod super_resolution,pl:mixin:APP:super_resolution.mixins.json:lowlatency.v26_2.MinecraftReflexMixin from mod super_resolution,pl:mixin:APP:super_resolution.mixins.json:lowlatency.v26_2.MouseHandlerReflexMixin from mod super_resolution,pl:mixin:APP:super_resolution.mixins.json:lowlatency.v26_3.KeyboardHandlerReflexMixin from mod super_resolution,pl:mixin:APP:super_resolution.mixins.json:lowlatency.v26_3.MinecraftReflexMixin from mod super_resolution,pl:mixin:APP:super_resolution.mixins.json:lowlatency.v26_3.MouseHandlerReflexMixin from mod super_resolution,pl:mixin:APP:super_resolution.mixins.json:presentation.v1_20_1.VulkanPresentationGameRendererCaptureMixin from mod super_resolution,pl:mixin:APP:super_resolution.mixins.json:presentation.v1_20_1.VulkanPresentationGlDeviceMixin from mod super_resolution,pl:mixin:APP:super_resolution.mixins.json:presentation.v1_20_1.VulkanPresentationMinecraftBackendMixin from mod super_resolution,pl:mixin:APP:super_resolution.mixins.json:presentation.v1_20_1.VulkanPresentationMinecraftCaptureMixin from mod super_resolution,pl:mixin:APP:super_resolution.mixins.json:presentation.v1_20_1.VulkanPresentationWindowMixin from mod super_resolution,pl:mixin:APP:super_resolution.mixins.json:presentation.v1_21_1.VulkanPresentationMinecraftCaptureMixin from mod super_resolution,pl:mixin:APP:super_resolution.mixins.json:presentation.v1_21_11.VulkanPresentationGameRendererCaptureMixin from mod super_resolution,pl:mixin:APP:super_resolution.mixins.json:presentation.v1_21_11.VulkanPresentationGlDeviceMixin from mod super_resolution,pl:mixin:APP:super_resolution.mixins.json:presentation.v1_21_11.VulkanPresentationMinecraftBackendMixin from mod super_resolution,pl:mixin:APP:super_resolution.mixins.json:presentation.v1_21_11.VulkanPresentationMinecraftCaptureMixin from mod super_resolution,pl:mixin:APP:super_resolution.mixins.json:presentation.v1_21_11.VulkanPresentationWindowMixin from mod super_resolution,pl:mixin:APP:super_resolution.mixins.json:presentation.v26_1_x.VulkanPresentationGameRendererCaptureMixin from mod super_resolution,pl:mixin:APP:super_resolution.mixins.json:presentation.v26_1_x.VulkanPresentationGlDeviceMixin from mod super_resolution,pl:mixin:APP:super_resolution.mixins.json:presentation.v26_1_x.VulkanPresentationMinecraftBackendMixin from mod super_resolution,pl:mixin:APP:super_resolution.mixins.json:presentation.v26_1_x.VulkanPresentationMinecraftCaptureMixin from mod super_resolution,pl:mixin:APP:super_resolution.mixins.json:presentation.v26_1_x.VulkanPresentationWindowCloseMixin from mod super_resolution,pl:mixin:APP:super_resolution.mixins.json:presentation.v26_2.VulkanPresentationGameRendererCaptureMixin from mod super_resolution,pl:mixin:APP:super_resolution.mixins.json:presentation.v26_2.VulkanPresentationGlDeviceMixin from mod super_resolution,pl:mixin:APP:super_resolution.mixins.json:presentation.v26_2.VulkanPresentationMinecraftBackendMixin from mod super_resolution,pl:mixin:APP:super_resolution.mixins.json:presentation.v26_2.VulkanPresentationMinecraftCaptureMixin from mod super_resolution,pl:mixin:APP:super_resolution.mixins.json:presentation.v26_2.VulkanPresentationWindowCloseMixin from mod super_resolution,pl:mixin:APP:super_resolution.mixins.json:presentation.v26_3.VulkanPresentationGameRendererCaptureMixin from mod super_resolution,pl:mixin:APP:super_resolution.mixins.json:presentation.v26_3.VulkanPresentationGlDeviceMixin from mod super_resolution,pl:mixin:APP:super_resolution.mixins.json:presentation.v26_3.VulkanPresentationMinecraftBackendMixin from mod super_resolution,pl:mixin:APP:super_resolution.mixins.json:presentation.v26_3.VulkanPresentationMinecraftCaptureMixin from mod super_resolution,pl:mixin:APP:super_resolution.mixins.json:presentation.v26_3.VulkanPresentationWindowCloseMixin from mod super_resolution,pl:mixin:APP:super_resolution-neoforge.mixins.json:neoforge.FuckingValidation1218Mixin from mod super_resolution,pl:mixin:APP:super_resolution-neoforge.mixins.json:neoforge.FuckingValidationMixin from mod super_resolution,pl:mixin:APP:super_resolution_irisapi.mixins.json:composite.before1_21_1.GlStateManagerTextureStateAccessor from mod super_resolution,pl:mixin:APP:architectury.mixins.json:MixinMinecraft from mod architectury,pl:mixin:A,pl:runtimedistcleaner:A}
	at TRANSFORMER/minecraft@1.21.1/net.minecraft.client.Minecraft.lambda$new$7(Minecraft.java:629) ~[neoforge-21.1.219.jar%23172!/:?] {re:mixin,pl:runtimedistcleaner:A,re:classloading,pl:mixin:APP:sodium-common.mixins.json:core.MinecraftMixin from mod sodium,pl:mixin:APP:sodium-neoforge.mixins.json:platform.neoforge.EntrypointMixin from mod sodium,pl:mixin:APP:mixins.iris.json:MixinMinecraft_Images from mod iris,pl:mixin:APP:mixins.iris.json:MixinMinecraft_Keybinds from mod iris,pl:mixin:APP:mixins.iris.json:MixinMinecraft_PipelineManagement from mod iris,pl:mixin:APP:super_resolution.mixins.json:core.GlTextureViewMixin from mod super_resolution,pl:mixin:APP:super_resolution.mixins.json:core.MinecraftMixin from mod super_resolution,pl:mixin:APP:super_resolution.mixins.json:core.accessor.MinecraftAccessor from mod super_resolution,pl:mixin:APP:super_resolution.mixins.json:framegeneration.v1_20_1.GameRendererConstantsMixin from mod super_resolution,pl:mixin:APP:super_resolution.mixins.json:framegeneration.v1_21_11.GameRendererConstantsMixin from mod super_resolution,pl:mixin:APP:super_resolution.mixins.json:framegeneration.v26_1_x.GameRendererConstantsMixin from mod super_resolution,pl:mixin:APP:super_resolution.mixins.json:framegeneration.v26_2.GameRendererConstantsMixin from mod super_resolution,pl:mixin:APP:super_resolution.mixins.json:framegeneration.v26_2.NativeLibrariesBootstrapMixin from mod super_resolution,pl:mixin:APP:super_resolution.mixins.json:framegeneration.v26_3.GameRendererConstantsMixin from mod super_resolution,pl:mixin:APP:super_resolution.mixins.json:framegeneration.v26_3.NativeLibrariesBootstrapMixin from mod super_resolution,pl:mixin:APP:super_resolution.mixins.json:gui.GuiGraphicsMixin from mod super_resolution,pl:mixin:APP:super_resolution.mixins.json:gui.GuiRendererDrawAccessor from mod super_resolution,pl:mixin:APP:super_resolution.mixins.json:gui.GuiRendererMixin from mod super_resolution,pl:mixin:APP:super_resolution.mixins.json:lowlatency.v1_20_1.KeyboardHandlerReflexMixin from mod super_resolution,pl:mixin:APP:super_resolution.mixins.json:lowlatency.v1_20_1.MinecraftReflexMixin from mod super_resolution,pl:mixin:APP:super_resolution.mixins.json:lowlatency.v1_20_1.MouseHandlerReflexMixin from mod super_resolution,pl:mixin:APP:super_resolution.mixins.json:lowlatency.v1_20_1.RenderSystemAccessor from mod super_resolution,pl:mixin:APP:super_resolution.mixins.json:lowlatency.v1_21_1.MinecraftReflexMixin from mod super_resolution,pl:mixin:APP:super_resolution.mixins.json:lowlatency.v1_21_11.KeyboardHandlerReflexMixin from mod super_resolution,pl:mixin:APP:super_resolution.mixins.json:lowlatency.v1_21_11.MinecraftReflexMixin from mod super_resolution,pl:mixin:APP:super_resolution.mixins.json:lowlatency.v1_21_11.MouseHandlerReflexMixin from mod super_resolution,pl:mixin:APP:super_resolution.mixins.json:lowlatency.v1_21_11.RenderSystemAccessor from mod super_resolution,pl:mixin:APP:super_resolution.mixins.json:lowlatency.v26_1_x.KeyboardHandlerReflexMixin from mod super_resolution,pl:mixin:APP:super_resolution.mixins.json:lowlatency.v26_1_x.MinecraftReflexMixin from mod super_resolution,pl:mixin:APP:super_resolution.mixins.json:lowlatency.v26_1_x.MouseHandlerReflexMixin from mod super_resolution,pl:mixin:APP:super_resolution.mixins.json:lowlatency.v26_2.KeyboardHandlerReflexMixin from mod super_resolution,pl:mixin:APP:super_resolution.mixins.json:lowlatency.v26_2.MinecraftReflexMixin from mod super_resolution,pl:mixin:APP:super_resolution.mixins.json:lowlatency.v26_2.MouseHandlerReflexMixin from mod super_resolution,pl:mixin:APP:super_resolution.mixins.json:lowlatency.v26_3.KeyboardHandlerReflexMixin from mod super_resolution,pl:mixin:APP:super_resolution.mixins.json:lowlatency.v26_3.MinecraftReflexMixin from mod super_resolution,pl:mixin:APP:super_resolution.mixins.json:lowlatency.v26_3.MouseHandlerReflexMixin from mod super_resolution,pl:mixin:APP:super_resolution.mixins.json:presentation.v1_20_1.VulkanPresentationGameRendererCaptureMixin from mod super_resolution,pl:mixin:APP:super_resolution.mixins.json:presentation.v1_20_1.VulkanPresentationGlDeviceMixin from mod super_resolution,pl:mixin:APP:super_resolution.mixins.json:presentation.v1_20_1.VulkanPresentationMinecraftBackendMixin from mod super_resolution,pl:mixin:APP:super_resolution.mixins.json:presentation.v1_20_1.VulkanPresentationMinecraftCaptureMixin from mod super_resolution,pl:mixin:APP:super_resolution.mixins.json:presentation.v1_20_1.VulkanPresentationWindowMixin from mod super_resolution,pl:mixin:APP:super_resolution.mixins.json:presentation.v1_21_1.VulkanPresentationMinecraftCaptureMixin from mod super_resolution,pl:mixin:APP:super_resolution.mixins.json:presentation.v1_21_11.VulkanPresentationGameRendererCaptureMixin from mod super_resolution,pl:mixin:APP:super_resolution.mixins.json:presentation.v1_21_11.VulkanPresentationGlDeviceMixin from mod super_resolution,pl:mixin:APP:super_resolution.mixins.json:presentation.v1_21_11.VulkanPresentationMinecraftBackendMixin from mod super_resolution,pl:mixin:APP:super_resolution.mixins.json:presentation.v1_21_11.VulkanPresentationMinecraftCaptureMixin from mod super_resolution,pl:mixin:APP:super_resolution.mixins.json:presentation.v1_21_11.VulkanPresentationWindowMixin from mod super_resolution,pl:mixin:APP:super_resolution.mixins.json:presentation.v26_1_x.VulkanPresentationGameRendererCaptureMixin from mod super_resolution,pl:mixin:APP:super_resolution.mixins.json:presentation.v26_1_x.VulkanPresentationGlDeviceMixin from mod super_resolution,pl:mixin:APP:super_resolution.mixins.json:presentation.v26_1_x.VulkanPresentationMinecraftBackendMixin from mod super_resolution,pl:mixin:APP:super_resolution.mixins.json:presentation.v26_1_x.VulkanPresentationMinecraftCaptureMixin from mod super_resolution,pl:mixin:APP:super_resolution.mixins.json:presentation.v26_1_x.VulkanPresentationWindowCloseMixin from mod super_resolution,pl:mixin:APP:super_resolution.mixins.json:presentation.v26_2.VulkanPresentationGameRendererCaptureMixin from mod super_resolution,pl:mixin:APP:super_resolution.mixins.json:presentation.v26_2.VulkanPresentationGlDeviceMixin from mod super_resolution,pl:mixin:APP:super_resolution.mixins.json:presentation.v26_2.VulkanPresentationMinecraftBackendMixin from mod super_resolution,pl:mixin:APP:super_resolution.mixins.json:presentation.v26_2.VulkanPresentationMinecraftCaptureMixin from mod super_resolution,pl:mixin:APP:super_resolution.mixins.json:presentation.v26_2.VulkanPresentationWindowCloseMixin from mod super_resolution,pl:mixin:APP:super_resolution.mixins.json:presentation.v26_3.VulkanPresentationGameRendererCaptureMixin from mod super_resolution,pl:mixin:APP:super_resolution.mixins.json:presentation.v26_3.VulkanPresentationGlDeviceMixin from mod super_resolution,pl:mixin:APP:super_resolution.mixins.json:presentation.v26_3.VulkanPresentationMinecraftBackendMixin from mod super_resolution,pl:mixin:APP:super_resolution.mixins.json:presentation.v26_3.VulkanPresentationMinecraftCaptureMixin from mod super_resolution,pl:mixin:APP:super_resolution.mixins.json:presentation.v26_3.VulkanPresentationWindowCloseMixin from mod super_resolution,pl:mixin:APP:super_resolution-neoforge.mixins.json:neoforge.FuckingValidation1218Mixin from mod super_resolution,pl:mixin:APP:super_resolution-neoforge.mixins.json:neoforge.FuckingValidationMixin from mod super_resolution,pl:mixin:APP:super_resolution_irisapi.mixins.json:composite.before1_21_1.GlStateManagerTextureStateAccessor from mod super_resolution,pl:mixin:APP:architectury.mixins.json:MixinMinecraft from mod architectury,pl:mixin:A,pl:runtimedistcleaner:A}
	at TRANSFORMER/minecraft@1.21.1/net.minecraft.Util.ifElse(Util.java:513) ~[neoforge-21.1.219.jar%23172!/:?] {re:classloading,re:mixin}
	at TRANSFORMER/minecraft@1.21.1/net.minecraft.client.Minecraft.lambda$new$8(Minecraft.java:623) ~[neoforge-21.1.219.jar%23172!/:?] {re:mixin,pl:runtimedistcleaner:A,re:classloading,pl:mixin:APP:sodium-common.mixins.json:core.MinecraftMixin from mod sodium,pl:mixin:APP:sodium-neoforge.mixins.json:platform.neoforge.EntrypointMixin from mod sodium,pl:mixin:APP:mixins.iris.json:MixinMinecraft_Images from mod iris,pl:mixin:APP:mixins.iris.json:MixinMinecraft_Keybinds from mod iris,pl:mixin:APP:mixins.iris.json:MixinMinecraft_PipelineManagement from mod iris,pl:mixin:APP:super_resolution.mixins.json:core.GlTextureViewMixin from mod super_resolution,pl:mixin:APP:super_resolution.mixins.json:core.MinecraftMixin from mod super_resolution,pl:mixin:APP:super_resolution.mixins.json:core.accessor.MinecraftAccessor from mod super_resolution,pl:mixin:APP:super_resolution.mixins.json:framegeneration.v1_20_1.GameRendererConstantsMixin from mod super_resolution,pl:mixin:APP:super_resolution.mixins.json:framegeneration.v1_21_11.GameRendererConstantsMixin from mod super_resolution,pl:mixin:APP:super_resolution.mixins.json:framegeneration.v26_1_x.GameRendererConstantsMixin from mod super_resolution,pl:mixin:APP:super_resolution.mixins.json:framegeneration.v26_2.GameRendererConstantsMixin from mod super_resolution,pl:mixin:APP:super_resolution.mixins.json:framegeneration.v26_2.NativeLibrariesBootstrapMixin from mod super_resolution,pl:mixin:APP:super_resolution.mixins.json:framegeneration.v26_3.GameRendererConstantsMixin from mod super_resolution,pl:mixin:APP:super_resolution.mixins.json:framegeneration.v26_3.NativeLibrariesBootstrapMixin from mod super_resolution,pl:mixin:APP:super_resolution.mixins.json:gui.GuiGraphicsMixin from mod super_resolution,pl:mixin:APP:super_resolution.mixins.json:gui.GuiRendererDrawAccessor from mod super_resolution,pl:mixin:APP:super_resolution.mixins.json:gui.GuiRendererMixin from mod super_resolution,pl:mixin:APP:super_resolution.mixins.json:lowlatency.v1_20_1.KeyboardHandlerReflexMixin from mod super_resolution,pl:mixin:APP:super_resolution.mixins.json:lowlatency.v1_20_1.MinecraftReflexMixin from mod super_resolution,pl:mixin:APP:super_resolution.mixins.json:lowlatency.v1_20_1.MouseHandlerReflexMixin from mod super_resolution,pl:mixin:APP:super_resolution.mixins.json:lowlatency.v1_20_1.RenderSystemAccessor from mod super_resolution,pl:mixin:APP:super_resolution.mixins.json:lowlatency.v1_21_1.MinecraftReflexMixin from mod super_resolution,pl:mixin:APP:super_resolution.mixins.json:lowlatency.v1_21_11.KeyboardHandlerReflexMixin from mod super_resolution,pl:mixin:APP:super_resolution.mixins.json:lowlatency.v1_21_11.MinecraftReflexMixin from mod super_resolution,pl:mixin:APP:super_resolution.mixins.json:lowlatency.v1_21_11.MouseHandlerReflexMixin from mod super_resolution,pl:mixin:APP:super_resolution.mixins.json:lowlatency.v1_21_11.RenderSystemAccessor from mod super_resolution,pl:mixin:APP:super_resolution.mixins.json:lowlatency.v26_1_x.KeyboardHandlerReflexMixin from mod super_resolution,pl:mixin:APP:super_resolution.mixins.json:lowlatency.v26_1_x.MinecraftReflexMixin from mod super_resolution,pl:mixin:APP:super_resolution.mixins.json:lowlatency.v26_1_x.MouseHandlerReflexMixin from mod super_resolution,pl:mixin:APP:super_resolution.mixins.json:lowlatency.v26_2.KeyboardHandlerReflexMixin from mod super_resolution,pl:mixin:APP:super_resolution.mixins.json:lowlatency.v26_2.MinecraftReflexMixin from mod super_resolution,pl:mixin:APP:super_resolution.mixins.json:lowlatency.v26_2.MouseHandlerReflexMixin from mod super_resolution,pl:mixin:APP:super_resolution.mixins.json:lowlatency.v26_3.KeyboardHandlerReflexMixin from mod super_resolution,pl:mixin:APP:super_resolution.mixins.json:lowlatency.v26_3.MinecraftReflexMixin from mod super_resolution,pl:mixin:APP:super_resolution.mixins.json:lowlatency.v26_3.MouseHandlerReflexMixin from mod super_resolution,pl:mixin:APP:super_resolution.mixins.json:presentation.v1_20_1.VulkanPresentationGameRendererCaptureMixin from mod super_resolution,pl:mixin:APP:super_resolution.mixins.json:presentation.v1_20_1.VulkanPresentationGlDeviceMixin from mod super_resolution,pl:mixin:APP:super_resolution.mixins.json:presentation.v1_20_1.VulkanPresentationMinecraftBackendMixin from mod super_resolution,pl:mixin:APP:super_resolution.mixins.json:presentation.v1_20_1.VulkanPresentationMinecraftCaptureMixin from mod super_resolution,pl:mixin:APP:super_resolution.mixins.json:presentation.v1_20_1.VulkanPresentationWindowMixin from mod super_resolution,pl:mixin:APP:super_resolution.mixins.json:presentation.v1_21_1.VulkanPresentationMinecraftCaptureMixin from mod super_resolution,pl:mixin:APP:super_resolution.mixins.json:presentation.v1_21_11.VulkanPresentationGameRendererCaptureMixin from mod super_resolution,pl:mixin:APP:super_resolution.mixins.json:presentation.v1_21_11.VulkanPresentationGlDeviceMixin from mod super_resolution,pl:mixin:APP:super_resolution.mixins.json:presentation.v1_21_11.VulkanPresentationMinecraftBackendMixin from mod super_resolution,pl:mixin:APP:super_resolution.mixins.json:presentation.v1_21_11.VulkanPresentationMinecraftCaptureMixin from mod super_resolution,pl:mixin:APP:super_resolution.mixins.json:presentation.v1_21_11.VulkanPresentationWindowMixin from mod super_resolution,pl:mixin:APP:super_resolution.mixins.json:presentation.v26_1_x.VulkanPresentationGameRendererCaptureMixin from mod super_resolution,pl:mixin:APP:super_resolution.mixins.json:presentation.v26_1_x.VulkanPresentationGlDeviceMixin from mod super_resolution,pl:mixin:APP:super_resolution.mixins.json:presentation.v26_1_x.VulkanPresentationMinecraftBackendMixin from mod super_resolution,pl:mixin:APP:super_resolution.mixins.json:presentation.v26_1_x.VulkanPresentationMinecraftCaptureMixin from mod super_resolution,pl:mixin:APP:super_resolution.mixins.json:presentation.v26_1_x.VulkanPresentationWindowCloseMixin from mod super_resolution,pl:mixin:APP:super_resolution.mixins.json:presentation.v26_2.VulkanPresentationGameRendererCaptureMixin from mod super_resolution,pl:mixin:APP:super_resolution.mixins.json:presentation.v26_2.VulkanPresentationGlDeviceMixin from mod super_resolution,pl:mixin:APP:super_resolution.mixins.json:presentation.v26_2.VulkanPresentationMinecraftBackendMixin from mod super_resolution,pl:mixin:APP:super_resolution.mixins.json:presentation.v26_2.VulkanPresentationMinecraftCaptureMixin from mod super_resolution,pl:mixin:APP:super_resolution.mixins.json:presentation.v26_2.VulkanPresentationWindowCloseMixin from mod super_resolution,pl:mixin:APP:super_resolution.mixins.json:presentation.v26_3.VulkanPresentationGameRendererCaptureMixin from mod super_resolution,pl:mixin:APP:super_resolution.mixins.json:presentation.v26_3.VulkanPresentationGlDeviceMixin from mod super_resolution,pl:mixin:APP:super_resolution.mixins.json:presentation.v26_3.VulkanPresentationMinecraftBackendMixin from mod super_resolution,pl:mixin:APP:super_resolution.mixins.json:presentation.v26_3.VulkanPresentationMinecraftCaptureMixin from mod super_resolution,pl:mixin:APP:super_resolution.mixins.json:presentation.v26_3.VulkanPresentationWindowCloseMixin from mod super_resolution,pl:mixin:APP:super_resolution-neoforge.mixins.json:neoforge.FuckingValidation1218Mixin from mod super_resolution,pl:mixin:APP:super_resolution-neoforge.mixins.json:neoforge.FuckingValidationMixin from mod super_resolution,pl:mixin:APP:super_resolution_irisapi.mixins.json:composite.before1_21_1.GlStateManagerTextureStateAccessor from mod super_resolution,pl:mixin:APP:architectury.mixins.json:MixinMinecraft from mod architectury,pl:mixin:A,pl:runtimedistcleaner:A}
	at TRANSFORMER/minecraft@1.21.1/net.minecraft.client.gui.screens.LoadingOverlay.render(LoadingOverlay.java:139) ~[neoforge-21.1.219.jar%23172!/:?] {re:classloading,pl:runtimedistcleaner:A}
	at TRANSFORMER/minecraft@1.21.1/net.minecraft.client.renderer.GameRenderer.render(GameRenderer.java:1081) ~[neoforge-21.1.219.jar%23172!/:?] {re:mixin,pl:accesstransformer:B,pl:runtimedistcleaner:A,re:classloading,pl:accesstransformer:B,pl:mixin:A,pl:runtimedistcleaner:A}
	at TRANSFORMER/minecraft@1.21.1/net.minecraft.client.Minecraft.runTick(Minecraft.java:1195) ~[neoforge-21.1.219.jar%23172!/:?] {re:mixin,pl:runtimedistcleaner:A,re:classloading,pl:mixin:APP:sodium-common.mixins.json:core.MinecraftMixin from mod sodium,pl:mixin:APP:sodium-neoforge.mixins.json:platform.neoforge.EntrypointMixin from mod sodium,pl:mixin:APP:mixins.iris.json:MixinMinecraft_Images from mod iris,pl:mixin:APP:mixins.iris.json:MixinMinecraft_Keybinds from mod iris,pl:mixin:APP:mixins.iris.json:MixinMinecraft_PipelineManagement from mod iris,pl:mixin:APP:super_resolution.mixins.json:core.GlTextureViewMixin from mod super_resolution,pl:mixin:APP:super_resolution.mixins.json:core.MinecraftMixin from mod super_resolution,pl:mixin:APP:super_resolution.mixins.json:core.accessor.MinecraftAccessor from mod super_resolution,pl:mixin:APP:super_resolution.mixins.json:framegeneration.v1_20_1.GameRendererConstantsMixin from mod super_resolution,pl:mixin:APP:super_resolution.mixins.json:framegeneration.v1_21_11.GameRendererConstantsMixin from mod super_resolution,pl:mixin:APP:super_resolution.mixins.json:framegeneration.v26_1_x.GameRendererConstantsMixin from mod super_resolution,pl:mixin:APP:super_resolution.mixins.json:framegeneration.v26_2.GameRendererConstantsMixin from mod super_resolution,pl:mixin:APP:super_resolution.mixins.json:framegeneration.v26_2.NativeLibrariesBootstrapMixin from mod super_resolution,pl:mixin:APP:super_resolution.mixins.json:framegeneration.v26_3.GameRendererConstantsMixin from mod super_resolution,pl:mixin:APP:super_resolution.mixins.json:framegeneration.v26_3.NativeLibrariesBootstrapMixin from mod super_resolution,pl:mixin:APP:super_resolution.mixins.json:gui.GuiGraphicsMixin from mod super_resolution,pl:mixin:APP:super_resolution.mixins.json:gui.GuiRendererDrawAccessor from mod super_resolution,pl:mixin:APP:super_resolution.mixins.json:gui.GuiRendererMixin from mod super_resolution,pl:mixin:APP:super_resolution.mixins.json:lowlatency.v1_20_1.KeyboardHandlerReflexMixin from mod super_resolution,pl:mixin:APP:super_resolution.mixins.json:lowlatency.v1_20_1.MinecraftReflexMixin from mod super_resolution,pl:mixin:APP:super_resolution.mixins.json:lowlatency.v1_20_1.MouseHandlerReflexMixin from mod super_resolution,pl:mixin:APP:super_resolution.mixins.json:lowlatency.v1_20_1.RenderSystemAccessor from mod super_resolution,pl:mixin:APP:super_resolution.mixins.json:lowlatency.v1_21_1.MinecraftReflexMixin from mod super_resolution,pl:mixin:APP:super_resolution.mixins.json:lowlatency.v1_21_11.KeyboardHandlerReflexMixin from mod super_resolution,pl:mixin:APP:super_resolution.mixins.json:lowlatency.v1_21_11.MinecraftReflexMixin from mod super_resolution,pl:mixin:APP:super_resolution.mixins.json:lowlatency.v1_21_11.MouseHandlerReflexMixin from mod super_resolution,pl:mixin:APP:super_resolution.mixins.json:lowlatency.v1_21_11.RenderSystemAccessor from mod super_resolution,pl:mixin:APP:super_resolution.mixins.json:lowlatency.v26_1_x.KeyboardHandlerReflexMixin from mod super_resolution,pl:mixin:APP:super_resolution.mixins.json:lowlatency.v26_1_x.MinecraftReflexMixin from mod super_resolution,pl:mixin:APP:super_resolution.mixins.json:lowlatency.v26_1_x.MouseHandlerReflexMixin from mod super_resolution,pl:mixin:APP:super_resolution.mixins.json:lowlatency.v26_2.KeyboardHandlerReflexMixin from mod super_resolution,pl:mixin:APP:super_resolution.mixins.json:lowlatency.v26_2.MinecraftReflexMixin from mod super_resolution,pl:mixin:APP:super_resolution.mixins.json:lowlatency.v26_2.MouseHandlerReflexMixin from mod super_resolution,pl:mixin:APP:super_resolution.mixins.json:lowlatency.v26_3.KeyboardHandlerReflexMixin from mod super_resolution,pl:mixin:APP:super_resolution.mixins.json:lowlatency.v26_3.MinecraftReflexMixin from mod super_resolution,pl:mixin:APP:super_resolution.mixins.json:lowlatency.v26_3.MouseHandlerReflexMixin from mod super_resolution,pl:mixin:APP:super_resolution.mixins.json:presentation.v1_20_1.VulkanPresentationGameRendererCaptureMixin from mod super_resolution,pl:mixin:APP:super_resolution.mixins.json:presentation.v1_20_1.VulkanPresentationGlDeviceMixin from mod super_resolution,pl:mixin:APP:super_resolution.mixins.json:presentation.v1_20_1.VulkanPresentationMinecraftBackendMixin from mod super_resolution,pl:mixin:APP:super_resolution.mixins.json:presentation.v1_20_1.VulkanPresentationMinecraftCaptureMixin from mod super_resolution,pl:mixin:APP:super_resolution.mixins.json:presentation.v1_20_1.VulkanPresentationWindowMixin from mod super_resolution,pl:mixin:APP:super_resolution.mixins.json:presentation.v1_21_1.VulkanPresentationMinecraftCaptureMixin from mod super_resolution,pl:mixin:APP:super_resolution.mixins.json:presentation.v1_21_11.VulkanPresentationGameRendererCaptureMixin from mod super_resolution,pl:mixin:APP:super_resolution.mixins.json:presentation.v1_21_11.VulkanPresentationGlDeviceMixin from mod super_resolution,pl:mixin:APP:super_resolution.mixins.json:presentation.v1_21_11.VulkanPresentationMinecraftBackendMixin from mod super_resolution,pl:mixin:APP:super_resolution.mixins.json:presentation.v1_21_11.VulkanPresentationMinecraftCaptureMixin from mod super_resolution,pl:mixin:APP:super_resolution.mixins.json:presentation.v1_21_11.VulkanPresentationWindowMixin from mod super_resolution,pl:mixin:APP:super_resolution.mixins.json:presentation.v26_1_x.VulkanPresentationGameRendererCaptureMixin from mod super_resolution,pl:mixin:APP:super_resolution.mixins.json:presentation.v26_1_x.VulkanPresentationGlDeviceMixin from mod super_resolution,pl:mixin:APP:super_resolution.mixins.json:presentation.v26_1_x.VulkanPresentationMinecraftBackendMixin from mod super_resolution,pl:mixin:APP:super_resolution.mixins.json:presentation.v26_1_x.VulkanPresentationMinecraftCaptureMixin from mod super_resolution,pl:mixin:APP:super_resolution.mixins.json:presentation.v26_1_x.VulkanPresentationWindowCloseMixin from mod super_resolution,pl:mixin:APP:super_resolution.mixins.json:presentation.v26_2.VulkanPresentationGameRendererCaptureMixin from mod super_resolution,pl:mixin:APP:super_resolution.mixins.json:presentation.v26_2.VulkanPresentationGlDeviceMixin from mod super_resolution,pl:mixin:APP:super_resolution.mixins.json:presentation.v26_2.VulkanPresentationMinecraftBackendMixin from mod super_resolution,pl:mixin:APP:super_resolution.mixins.json:presentation.v26_2.VulkanPresentationMinecraftCaptureMixin from mod super_resolution,pl:mixin:APP:super_resolution.mixins.json:presentation.v26_2.VulkanPresentationWindowCloseMixin from mod super_resolution,pl:mixin:APP:super_resolution.mixins.json:presentation.v26_3.VulkanPresentationGameRendererCaptureMixin from mod super_resolution,pl:mixin:APP:super_resolution.mixins.json:presentation.v26_3.VulkanPresentationGlDeviceMixin from mod super_resolution,pl:mixin:APP:super_resolution.mixins.json:presentation.v26_3.VulkanPresentationMinecraftBackendMixin from mod super_resolution,pl:mixin:APP:super_resolution.mixins.json:presentation.v26_3.VulkanPresentationMinecraftCaptureMixin from mod super_resolution,pl:mixin:APP:super_resolution.mixins.json:presentation.v26_3.VulkanPresentationWindowCloseMixin from mod super_resolution,pl:mixin:APP:super_resolution-neoforge.mixins.json:neoforge.FuckingValidation1218Mixin from mod super_resolution,pl:mixin:APP:super_resolution-neoforge.mixins.json:neoforge.FuckingValidationMixin from mod super_resolution,pl:mixin:APP:super_resolution_irisapi.mixins.json:composite.before1_21_1.GlStateManagerTextureStateAccessor from mod super_resolution,pl:mixin:APP:architectury.mixins.json:MixinMinecraft from mod architectury,pl:mixin:A,pl:runtimedistcleaner:A}
	at TRANSFORMER/minecraft@1.21.1/net.minecraft.client.Minecraft.run(Minecraft.java:807) ~[neoforge-21.1.219.jar%23172!/:?] {re:mixin,pl:runtimedistcleaner:A,re:classloading,pl:mixin:APP:sodium-common.mixins.json:core.MinecraftMixin from mod sodium,pl:mixin:APP:sodium-neoforge.mixins.json:platform.neoforge.EntrypointMixin from mod sodium,pl:mixin:APP:mixins.iris.json:MixinMinecraft_Images from mod iris,pl:mixin:APP:mixins.iris.json:MixinMinecraft_Keybinds from mod iris,pl:mixin:APP:mixins.iris.json:MixinMinecraft_PipelineManagement from mod iris,pl:mixin:APP:super_resolution.mixins.json:core.GlTextureViewMixin from mod super_resolution,pl:mixin:APP:super_resolution.mixins.json:core.MinecraftMixin from mod super_resolution,pl:mixin:APP:super_resolution.mixins.json:core.accessor.MinecraftAccessor from mod super_resolution,pl:mixin:APP:super_resolution.mixins.json:framegeneration.v1_20_1.GameRendererConstantsMixin from mod super_resolution,pl:mixin:APP:super_resolution.mixins.json:framegeneration.v1_21_11.GameRendererConstantsMixin from mod super_resolution,pl:mixin:APP:super_resolution.mixins.json:framegeneration.v26_1_x.GameRendererConstantsMixin from mod super_resolution,pl:mixin:APP:super_resolution.mixins.json:framegeneration.v26_2.GameRendererConstantsMixin from mod super_resolution,pl:mixin:APP:super_resolution.mixins.json:framegeneration.v26_2.NativeLibrariesBootstrapMixin from mod super_resolution,pl:mixin:APP:super_resolution.mixins.json:framegeneration.v26_3.GameRendererConstantsMixin from mod super_resolution,pl:mixin:APP:super_resolution.mixins.json:framegeneration.v26_3.NativeLibrariesBootstrapMixin from mod super_resolution,pl:mixin:APP:super_resolution.mixins.json:gui.GuiGraphicsMixin from mod super_resolution,pl:mixin:APP:super_resolution.mixins.json:gui.GuiRendererDrawAccessor from mod super_resolution,pl:mixin:APP:super_resolution.mixins.json:gui.GuiRendererMixin from mod super_resolution,pl:mixin:APP:super_resolution.mixins.json:lowlatency.v1_20_1.KeyboardHandlerReflexMixin from mod super_resolution,pl:mixin:APP:super_resolution.mixins.json:lowlatency.v1_20_1.MinecraftReflexMixin from mod super_resolution,pl:mixin:APP:super_resolution.mixins.json:lowlatency.v1_20_1.MouseHandlerReflexMixin from mod super_resolution,pl:mixin:APP:super_resolution.mixins.json:lowlatency.v1_20_1.RenderSystemAccessor from mod super_resolution,pl:mixin:APP:super_resolution.mixins.json:lowlatency.v1_21_1.MinecraftReflexMixin from mod super_resolution,pl:mixin:APP:super_resolution.mixins.json:lowlatency.v1_21_11.KeyboardHandlerReflexMixin from mod super_resolution,pl:mixin:APP:super_resolution.mixins.json:lowlatency.v1_21_11.MinecraftReflexMixin from mod super_resolution,pl:mixin:APP:super_resolution.mixins.json:lowlatency.v1_21_11.MouseHandlerReflexMixin from mod super_resolution,pl:mixin:APP:super_resolution.mixins.json:lowlatency.v1_21_11.RenderSystemAccessor from mod super_resolution,pl:mixin:APP:super_resolution.mixins.json:lowlatency.v26_1_x.KeyboardHandlerReflexMixin from mod super_resolution,pl:mixin:APP:super_resolution.mixins.json:lowlatency.v26_1_x.MinecraftReflexMixin from mod super_resolution,pl:mixin:APP:super_resolution.mixins.json:lowlatency.v26_1_x.MouseHandlerReflexMixin from mod super_resolution,pl:mixin:APP:super_resolution.mixins.json:lowlatency.v26_2.KeyboardHandlerReflexMixin from mod super_resolution,pl:mixin:APP:super_resolution.mixins.json:lowlatency.v26_2.MinecraftReflexMixin from mod super_resolution,pl:mixin:APP:super_resolution.mixins.json:lowlatency.v26_2.MouseHandlerReflexMixin from mod super_resolution,pl:mixin:APP:super_resolution.mixins.json:lowlatency.v26_3.KeyboardHandlerReflexMixin from mod super_resolution,pl:mixin:APP:super_resolution.mixins.json:lowlatency.v26_3.MinecraftReflexMixin from mod super_resolution,pl:mixin:APP:super_resolution.mixins.json:lowlatency.v26_3.MouseHandlerReflexMixin from mod super_resolution,pl:mixin:APP:super_resolution.mixins.json:presentation.v1_20_1.VulkanPresentationGameRendererCaptureMixin from mod super_resolution,pl:mixin:APP:super_resolution.mixins.json:presentation.v1_20_1.VulkanPresentationGlDeviceMixin from mod super_resolution,pl:mixin:APP:super_resolution.mixins.json:presentation.v1_20_1.VulkanPresentationMinecraftBackendMixin from mod super_resolution,pl:mixin:APP:super_resolution.mixins.json:presentation.v1_20_1.VulkanPresentationMinecraftCaptureMixin from mod super_resolution,pl:mixin:APP:super_resolution.mixins.json:presentation.v1_20_1.VulkanPresentationWindowMixin from mod super_resolution,pl:mixin:APP:super_resolution.mixins.json:presentation.v1_21_1.VulkanPresentationMinecraftCaptureMixin from mod super_resolution,pl:mixin:APP:super_resolution.mixins.json:presentation.v1_21_11.VulkanPresentationGameRendererCaptureMixin from mod super_resolution,pl:mixin:APP:super_resolution.mixins.json:presentation.v1_21_11.VulkanPresentationGlDeviceMixin from mod super_resolution,pl:mixin:APP:super_resolution.mixins.json:presentation.v1_21_11.VulkanPresentationMinecraftBackendMixin from mod super_resolution,pl:mixin:APP:super_resolution.mixins.json:presentation.v1_21_11.VulkanPresentationMinecraftCaptureMixin from mod super_resolution,pl:mixin:APP:super_resolution.mixins.json:presentation.v1_21_11.VulkanPresentationWindowMixin from mod super_resolution,pl:mixin:APP:super_resolution.mixins.json:presentation.v26_1_x.VulkanPresentationGameRendererCaptureMixin from mod super_resolution,pl:mixin:APP:super_resolution.mixins.json:presentation.v26_1_x.VulkanPresentationGlDeviceMixin from mod super_resolution,pl:mixin:APP:super_resolution.mixins.json:presentation.v26_1_x.VulkanPresentationMinecraftBackendMixin from mod super_resolution,pl:mixin:APP:super_resolution.mixins.json:presentation.v26_1_x.VulkanPresentationMinecraftCaptureMixin from mod super_resolution,pl:mixin:APP:super_resolution.mixins.json:presentation.v26_1_x.VulkanPresentationWindowCloseMixin from mod super_resolution,pl:mixin:APP:super_resolution.mixins.json:presentation.v26_2.VulkanPresentationGameRendererCaptureMixin from mod super_resolution,pl:mixin:APP:super_resolution.mixins.json:presentation.v26_2.VulkanPresentationGlDeviceMixin from mod super_resolution,pl:mixin:APP:super_resolution.mixins.json:presentation.v26_2.VulkanPresentationMinecraftBackendMixin from mod super_resolution,pl:mixin:APP:super_resolution.mixins.json:presentation.v26_2.VulkanPresentationMinecraftCaptureMixin from mod super_resolution,pl:mixin:APP:super_resolution.mixins.json:presentation.v26_2.VulkanPresentationWindowCloseMixin from mod super_resolution,pl:mixin:APP:super_resolution.mixins.json:presentation.v26_3.VulkanPresentationGameRendererCaptureMixin from mod super_resolution,pl:mixin:APP:super_resolution.mixins.json:presentation.v26_3.VulkanPresentationGlDeviceMixin from mod super_resolution,pl:mixin:APP:super_resolution.mixins.json:presentation.v26_3.VulkanPresentationMinecraftBackendMixin from mod super_resolution,pl:mixin:APP:super_resolution.mixins.json:presentation.v26_3.VulkanPresentationMinecraftCaptureMixin from mod super_resolution,pl:mixin:APP:super_resolution.mixins.json:presentation.v26_3.VulkanPresentationWindowCloseMixin from mod super_resolution,pl:mixin:APP:super_resolution-neoforge.mixins.json:neoforge.FuckingValidation1218Mixin from mod super_resolution,pl:mixin:APP:super_resolution-neoforge.mixins.json:neoforge.FuckingValidationMixin from mod super_resolution,pl:mixin:APP:super_resolution_irisapi.mixins.json:composite.before1_21_1.GlStateManagerTextureStateAccessor from mod super_resolution,pl:mixin:APP:architectury.mixins.json:MixinMinecraft from mod architectury,pl:mixin:A,pl:runtimedistcleaner:A}
	at TRANSFORMER/minecraft@1.21.1/net.minecraft.client.main.Main.main(Main.java:230) ~[neoforge-21.1.219.jar%23172!/:?] {re:classloading,pl:runtimedistcleaner:A}
	at java.base/jdk.internal.reflect.DirectMethodHandleAccessor.invoke(DirectMethodHandleAccessor.java:103) ~[?:?] {}
	at java.base/java.lang.reflect.Method.invoke(Method.java:580) ~[?:?] {}
	at MC-BOOTSTRAP/fml_loader@4.0.42/net.neoforged.fml.loading.targets.CommonLaunchHandler.runTarget(CommonLaunchHandler.java:136) ~[loader-4.0.42.jar%23130!/:4.0] {}
	at MC-BOOTSTRAP/fml_loader@4.0.42/net.neoforged.fml.loading.targets.CommonLaunchHandler.clientService(CommonLaunchHandler.java:124) ~[loader-4.0.42.jar%23130!/:4.0] {}
	at MC-BOOTSTRAP/fml_loader@4.0.42/net.neoforged.fml.loading.targets.NeoForgeClientDevLaunchHandler.runService(NeoForgeClientDevLaunchHandler.java:23) ~[loader-4.0.42.jar%23130!/:4.0] {}
	at MC-BOOTSTRAP/fml_loader@4.0.42/net.neoforged.fml.loading.targets.CommonLaunchHandler.lambda$launchService$4(CommonLaunchHandler.java:118) ~[loader-4.0.42.jar%23130!/:4.0] {}
	at MC-BOOTSTRAP/cpw.mods.modlauncher@11.0.5/cpw.mods.modlauncher.LaunchServiceHandlerDecorator.launch(LaunchServiceHandlerDecorator.java:30) [modlauncher-11.0.5.jar%23112!/:?] {}
	at MC-BOOTSTRAP/cpw.mods.modlauncher@11.0.5/cpw.mods.modlauncher.LaunchServiceHandler.launch(LaunchServiceHandler.java:53) [modlauncher-11.0.5.jar%23112!/:?] {}
	at MC-BOOTSTRAP/cpw.mods.modlauncher@11.0.5/cpw.mods.modlauncher.LaunchServiceHandler.launch(LaunchServiceHandler.java:71) [modlauncher-11.0.5.jar%23112!/:?] {}
	at MC-BOOTSTRAP/cpw.mods.modlauncher@11.0.5/cpw.mods.modlauncher.Launcher.run(Launcher.java:103) [modlauncher-11.0.5.jar%23112!/:?] {}
	at MC-BOOTSTRAP/cpw.mods.modlauncher@11.0.5/cpw.mods.modlauncher.Launcher.main(Launcher.java:74) [modlauncher-11.0.5.jar%23112!/:?] {}
	at MC-BOOTSTRAP/cpw.mods.modlauncher@11.0.5/cpw.mods.modlauncher.BootstrapLaunchConsumer.accept(BootstrapLaunchConsumer.java:26) [modlauncher-11.0.5.jar%23112!/:?] {}
	at MC-BOOTSTRAP/cpw.mods.modlauncher@11.0.5/cpw.mods.modlauncher.BootstrapLaunchConsumer.accept(BootstrapLaunchConsumer.java:23) [modlauncher-11.0.5.jar%23112!/:?] {}
	at cpw.mods.bootstraplauncher@2.0.2/cpw.mods.bootstraplauncher.BootstrapLauncher.run(BootstrapLauncher.java:210) [bootstraplauncher-2.0.2.jar:?] {}
	at cpw.mods.bootstraplauncher@2.0.2/cpw.mods.bootstraplauncher.BootstrapLauncher.main(BootstrapLauncher.java:69) [bootstraplauncher-2.0.2.jar:?] {}
	at java.base/jdk.internal.reflect.DirectMethodHandleAccessor.invoke(DirectMethodHandleAccessor.java:103) ~[?:?] {}
	at java.base/java.lang.reflect.Method.invoke(Method.java:580) ~[?:?] {}
	at net.neoforged.devlaunch.Main.main(Main.java:57) [DevLaunch-1.0.2.jar:?] {}
[17:09:53] [Render thread/WARN] [Iris/]: Failed to resolve uniform inSulfurCaves, reason: Unknown variable: BIOME_SULFUR_CAVES ( = FunctionCall{smooth {[Number{56}, FunctionCall{if {[FunctionCall{in {[Id{biome}, Id{BIOME_SULFUR_CAVES}]} }, Number{1}, Number{0}]} }, Number{15}, Number{15}]} })
java.lang.RuntimeException: Unknown variable: BIOME_SULFUR_CAVES
	at TRANSFORMER/iris@1.8.8+mc1.21.1/kroppeb.stareval.resolver.ExpressionResolver.resolveExpressionInternal(ExpressionResolver.java:225) ~[iris-1.8.8+1.21.1-neoforge-neoforge,1.21.1.jar%23177!/:?] {re:classloading}
	at TRANSFORMER/iris@1.8.8+mc1.21.1/kroppeb.stareval.resolver.ExpressionResolver.resolveCallExpressionInternal(ExpressionResolver.java:81) ~[iris-1.8.8+1.21.1-neoforge-neoforge,1.21.1.jar%23177!/:?] {re:classloading}
	at TRANSFORMER/iris@1.8.8+mc1.21.1/kroppeb.stareval.resolver.ExpressionResolver.resolveCallExpression(ExpressionResolver.java:140) ~[iris-1.8.8+1.21.1-neoforge-neoforge,1.21.1.jar%23177!/:?] {re:classloading}
	at TRANSFORMER/iris@1.8.8+mc1.21.1/kroppeb.stareval.resolver.ExpressionResolver.resolveExpressionInternal(ExpressionResolver.java:196) ~[iris-1.8.8+1.21.1-neoforge-neoforge,1.21.1.jar%23177!/:?] {re:classloading}
	at TRANSFORMER/iris@1.8.8+mc1.21.1/kroppeb.stareval.resolver.ExpressionResolver.resolveCallExpressionInternal(ExpressionResolver.java:81) ~[iris-1.8.8+1.21.1-neoforge-neoforge,1.21.1.jar%23177!/:?] {re:classloading}
	at TRANSFORMER/iris@1.8.8+mc1.21.1/kroppeb.stareval.resolver.ExpressionResolver.resolveCallExpression(ExpressionResolver.java:140) ~[iris-1.8.8+1.21.1-neoforge-neoforge,1.21.1.jar%23177!/:?] {re:classloading}
	at TRANSFORMER/iris@1.8.8+mc1.21.1/kroppeb.stareval.resolver.ExpressionResolver.resolveCallExpression(ExpressionResolver.java:127) ~[iris-1.8.8+1.21.1-neoforge-neoforge,1.21.1.jar%23177!/:?] {re:classloading}
	at TRANSFORMER/iris@1.8.8+mc1.21.1/kroppeb.stareval.resolver.ExpressionResolver.resolveExpressionInternal(ExpressionResolver.java:196) ~[iris-1.8.8+1.21.1-neoforge-neoforge,1.21.1.jar%23177!/:?] {re:classloading}
	at TRANSFORMER/iris@1.8.8+mc1.21.1/kroppeb.stareval.resolver.ExpressionResolver.resolveCallExpressionInternal(ExpressionResolver.java:81) ~[iris-1.8.8+1.21.1-neoforge-neoforge,1.21.1.jar%23177!/:?] {re:classloading}
	at TRANSFORMER/iris@1.8.8+mc1.21.1/kroppeb.stareval.resolver.ExpressionResolver.resolveCallExpression(ExpressionResolver.java:140) ~[iris-1.8.8+1.21.1-neoforge-neoforge,1.21.1.jar%23177!/:?] {re:classloading}
	at TRANSFORMER/iris@1.8.8+mc1.21.1/kroppeb.stareval.resolver.ExpressionResolver.resolveExpressionInternal(ExpressionResolver.java:196) ~[iris-1.8.8+1.21.1-neoforge-neoforge,1.21.1.jar%23177!/:?] {re:classloading}
	at TRANSFORMER/iris@1.8.8+mc1.21.1/kroppeb.stareval.resolver.ExpressionResolver.resolveExpression(ExpressionResolver.java:50) ~[iris-1.8.8+1.21.1-neoforge-neoforge,1.21.1.jar%23177!/:?] {re:classloading}
	at TRANSFORMER/iris@1.8.8+mc1.21.1/net.irisshaders.iris.uniforms.custom.CustomUniforms.<init>(CustomUniforms.java:60) ~[iris-1.8.8+1.21.1-neoforge-neoforge,1.21.1.jar%23177!/:?] {re:classloading}
	at TRANSFORMER/iris@1.8.8+mc1.21.1/net.irisshaders.iris.uniforms.custom.CustomUniforms$Builder.build(CustomUniforms.java:332) ~[iris-1.8.8+1.21.1-neoforge-neoforge,1.21.1.jar%23177!/:?] {re:classloading}
	at TRANSFORMER/iris@1.8.8+mc1.21.1/net.irisshaders.iris.uniforms.custom.CustomUniforms$Builder.build(CustomUniforms.java:343) ~[iris-1.8.8+1.21.1-neoforge-neoforge,1.21.1.jar%23177!/:?] {re:classloading}
	at TRANSFORMER/iris@1.8.8+mc1.21.1/net.irisshaders.iris.pipeline.IrisRenderingPipeline.<init>(IrisRenderingPipeline.java:282) ~[iris-1.8.8+1.21.1-neoforge-neoforge,1.21.1.jar%23177!/:?] {re:mixin,re:classloading,pl:mixin:APP:super_resolution_irisapi.mixins.json:composite.IrisRenderingPipelineAccessor from mod super_resolution,pl:mixin:APP:super_resolution_irisapi.mixins.json:composite.before1_21_1.IrisRenderingPipelineMixin from mod super_resolution,pl:mixin:APP:super_resolution.shadercompat.mixins.json:core.IrisRenderingPipelineAccessor from mod super_resolution,pl:mixin:APP:super_resolution.shadercompat.mixins.json:core.IrisRenderingPipelineMixin from mod super_resolution,pl:mixin:A}
	at TRANSFORMER/iris@1.8.8+mc1.21.1/net.irisshaders.iris.Iris.createPipeline(Iris.java:616) ~[iris-1.8.8+1.21.1-neoforge-neoforge,1.21.1.jar%23177!/:?] {re:mixin,re:classloading,pl:mixin:APP:super_resolution.shadercompat.mixins.json:core.IrisMixin from mod super_resolution,pl:mixin:A}
	at TRANSFORMER/iris@1.8.8+mc1.21.1/net.irisshaders.iris.pipeline.PipelineManager.preparePipeline(PipelineManager.java:33) ~[iris-1.8.8+1.21.1-neoforge-neoforge,1.21.1.jar%23177!/:?] {re:mixin,re:classloading,pl:mixin:APP:super_resolution.shadercompat.mixins.json:core.PipelineManagerMixin from mod super_resolution,pl:mixin:A}
	at TRANSFORMER/iris@1.8.8+mc1.21.1/net.irisshaders.iris.Iris.onLoadingComplete(Iris.java:150) ~[iris-1.8.8+1.21.1-neoforge-neoforge,1.21.1.jar%23177!/:?] {re:mixin,re:classloading,pl:mixin:APP:super_resolution.shadercompat.mixins.json:core.IrisMixin from mod super_resolution,pl:mixin:A}
	at TRANSFORMER/minecraft@1.21.1/net.minecraft.client.gui.screens.TitleScreen.handler$zfl000$iris$firstInit(TitleScreen.java:525) ~[neoforge-21.1.219.jar%23172!/:?] {re:mixin,pl:runtimedistcleaner:A,re:computing_frames,pl:runtimedistcleaner:A,re:classloading,pl:mixin:APP:mixins.iris.json:MixinTitleScreen from mod iris,pl:mixin:A,pl:runtimedistcleaner:A}
	at TRANSFORMER/minecraft@1.21.1/net.minecraft.client.gui.screens.TitleScreen.init(TitleScreen.java:157) ~[neoforge-21.1.219.jar%23172!/:?] {re:mixin,pl:runtimedistcleaner:A,re:computing_frames,pl:runtimedistcleaner:A,re:classloading,pl:mixin:APP:mixins.iris.json:MixinTitleScreen from mod iris,pl:mixin:A,pl:runtimedistcleaner:A}
	at TRANSFORMER/minecraft@1.21.1/net.minecraft.client.gui.screens.Screen.init(Screen.java:317) ~[neoforge-21.1.219.jar%23172!/:?] {re:mixin,pl:accesstransformer:B,pl:runtimedistcleaner:A,re:classloading,pl:accesstransformer:B,pl:runtimedistcleaner:A}
	at TRANSFORMER/minecraft@1.21.1/net.minecraft.client.Minecraft.setScreen(Minecraft.java:1057) ~[neoforge-21.1.219.jar%23172!/:?] {re:mixin,pl:runtimedistcleaner:A,re:classloading,pl:mixin:APP:sodium-common.mixins.json:core.MinecraftMixin from mod sodium,pl:mixin:APP:sodium-neoforge.mixins.json:platform.neoforge.EntrypointMixin from mod sodium,pl:mixin:APP:mixins.iris.json:MixinMinecraft_Images from mod iris,pl:mixin:APP:mixins.iris.json:MixinMinecraft_Keybinds from mod iris,pl:mixin:APP:mixins.iris.json:MixinMinecraft_PipelineManagement from mod iris,pl:mixin:APP:super_resolution.mixins.json:core.GlTextureViewMixin from mod super_resolution,pl:mixin:APP:super_resolution.mixins.json:core.MinecraftMixin from mod super_resolution,pl:mixin:APP:super_resolution.mixins.json:core.accessor.MinecraftAccessor from mod super_resolution,pl:mixin:APP:super_resolution.mixins.json:framegeneration.v1_20_1.GameRendererConstantsMixin from mod super_resolution,pl:mixin:APP:super_resolution.mixins.json:framegeneration.v1_21_11.GameRendererConstantsMixin from mod super_resolution,pl:mixin:APP:super_resolution.mixins.json:framegeneration.v26_1_x.GameRendererConstantsMixin from mod super_resolution,pl:mixin:APP:super_resolution.mixins.json:framegeneration.v26_2.GameRendererConstantsMixin from mod super_resolution,pl:mixin:APP:super_resolution.mixins.json:framegeneration.v26_2.NativeLibrariesBootstrapMixin from mod super_resolution,pl:mixin:APP:super_resolution.mixins.json:framegeneration.v26_3.GameRendererConstantsMixin from mod super_resolution,pl:mixin:APP:super_resolution.mixins.json:framegeneration.v26_3.NativeLibrariesBootstrapMixin from mod super_resolution,pl:mixin:APP:super_resolution.mixins.json:gui.GuiGraphicsMixin from mod super_resolution,pl:mixin:APP:super_resolution.mixins.json:gui.GuiRendererDrawAccessor from mod super_resolution,pl:mixin:APP:super_resolution.mixins.json:gui.GuiRendererMixin from mod super_resolution,pl:mixin:APP:super_resolution.mixins.json:lowlatency.v1_20_1.KeyboardHandlerReflexMixin from mod super_resolution,pl:mixin:APP:super_resolution.mixins.json:lowlatency.v1_20_1.MinecraftReflexMixin from mod super_resolution,pl:mixin:APP:super_resolution.mixins.json:lowlatency.v1_20_1.MouseHandlerReflexMixin from mod super_resolution,pl:mixin:APP:super_resolution.mixins.json:lowlatency.v1_20_1.RenderSystemAccessor from mod super_resolution,pl:mixin:APP:super_resolution.mixins.json:lowlatency.v1_21_1.MinecraftReflexMixin from mod super_resolution,pl:mixin:APP:super_resolution.mixins.json:lowlatency.v1_21_11.KeyboardHandlerReflexMixin from mod super_resolution,pl:mixin:APP:super_resolution.mixins.json:lowlatency.v1_21_11.MinecraftReflexMixin from mod super_resolution,pl:mixin:APP:super_resolution.mixins.json:lowlatency.v1_21_11.MouseHandlerReflexMixin from mod super_resolution,pl:mixin:APP:super_resolution.mixins.json:lowlatency.v1_21_11.RenderSystemAccessor from mod super_resolution,pl:mixin:APP:super_resolution.mixins.json:lowlatency.v26_1_x.KeyboardHandlerReflexMixin from mod super_resolution,pl:mixin:APP:super_resolution.mixins.json:lowlatency.v26_1_x.MinecraftReflexMixin from mod super_resolution,pl:mixin:APP:super_resolution.mixins.json:lowlatency.v26_1_x.MouseHandlerReflexMixin from mod super_resolution,pl:mixin:APP:super_resolution.mixins.json:lowlatency.v26_2.KeyboardHandlerReflexMixin from mod super_resolution,pl:mixin:APP:super_resolution.mixins.json:lowlatency.v26_2.MinecraftReflexMixin from mod super_resolution,pl:mixin:APP:super_resolution.mixins.json:lowlatency.v26_2.MouseHandlerReflexMixin from mod super_resolution,pl:mixin:APP:super_resolution.mixins.json:lowlatency.v26_3.KeyboardHandlerReflexMixin from mod super_resolution,pl:mixin:APP:super_resolution.mixins.json:lowlatency.v26_3.MinecraftReflexMixin from mod super_resolution,pl:mixin:APP:super_resolution.mixins.json:lowlatency.v26_3.MouseHandlerReflexMixin from mod super_resolution,pl:mixin:APP:super_resolution.mixins.json:presentation.v1_20_1.VulkanPresentationGameRendererCaptureMixin from mod super_resolution,pl:mixin:APP:super_resolution.mixins.json:presentation.v1_20_1.VulkanPresentationGlDeviceMixin from mod super_resolution,pl:mixin:APP:super_resolution.mixins.json:presentation.v1_20_1.VulkanPresentationMinecraftBackendMixin from mod super_resolution,pl:mixin:APP:super_resolution.mixins.json:presentation.v1_20_1.VulkanPresentationMinecraftCaptureMixin from mod super_resolution,pl:mixin:APP:super_resolution.mixins.json:presentation.v1_20_1.VulkanPresentationWindowMixin from mod super_resolution,pl:mixin:APP:super_resolution.mixins.json:presentation.v1_21_1.VulkanPresentationMinecraftCaptureMixin from mod super_resolution,pl:mixin:APP:super_resolution.mixins.json:presentation.v1_21_11.VulkanPresentationGameRendererCaptureMixin from mod super_resolution,pl:mixin:APP:super_resolution.mixins.json:presentation.v1_21_11.VulkanPresentationGlDeviceMixin from mod super_resolution,pl:mixin:APP:super_resolution.mixins.json:presentation.v1_21_11.VulkanPresentationMinecraftBackendMixin from mod super_resolution,pl:mixin:APP:super_resolution.mixins.json:presentation.v1_21_11.VulkanPresentationMinecraftCaptureMixin from mod super_resolution,pl:mixin:APP:super_resolution.mixins.json:presentation.v1_21_11.VulkanPresentationWindowMixin from mod super_resolution,pl:mixin:APP:super_resolution.mixins.json:presentation.v26_1_x.VulkanPresentationGameRendererCaptureMixin from mod super_resolution,pl:mixin:APP:super_resolution.mixins.json:presentation.v26_1_x.VulkanPresentationGlDeviceMixin from mod super_resolution,pl:mixin:APP:super_resolution.mixins.json:presentation.v26_1_x.VulkanPresentationMinecraftBackendMixin from mod super_resolution,pl:mixin:APP:super_resolution.mixins.json:presentation.v26_1_x.VulkanPresentationMinecraftCaptureMixin from mod super_resolution,pl:mixin:APP:super_resolution.mixins.json:presentation.v26_1_x.VulkanPresentationWindowCloseMixin from mod super_resolution,pl:mixin:APP:super_resolution.mixins.json:presentation.v26_2.VulkanPresentationGameRendererCaptureMixin from mod super_resolution,pl:mixin:APP:super_resolution.mixins.json:presentation.v26_2.VulkanPresentationGlDeviceMixin from mod super_resolution,pl:mixin:APP:super_resolution.mixins.json:presentation.v26_2.VulkanPresentationMinecraftBackendMixin from mod super_resolution,pl:mixin:APP:super_resolution.mixins.json:presentation.v26_2.VulkanPresentationMinecraftCaptureMixin from mod super_resolution,pl:mixin:APP:super_resolution.mixins.json:presentation.v26_2.VulkanPresentationWindowCloseMixin from mod super_resolution,pl:mixin:APP:super_resolution.mixins.json:presentation.v26_3.VulkanPresentationGameRendererCaptureMixin from mod super_resolution,pl:mixin:APP:super_resolution.mixins.json:presentation.v26_3.VulkanPresentationGlDeviceMixin from mod super_resolution,pl:mixin:APP:super_resolution.mixins.json:presentation.v26_3.VulkanPresentationMinecraftBackendMixin from mod super_resolution,pl:mixin:APP:super_resolution.mixins.json:presentation.v26_3.VulkanPresentationMinecraftCaptureMixin from mod super_resolution,pl:mixin:APP:super_resolution.mixins.json:presentation.v26_3.VulkanPresentationWindowCloseMixin from mod super_resolution,pl:mixin:APP:super_resolution-neoforge.mixins.json:neoforge.FuckingValidation1218Mixin from mod super_resolution,pl:mixin:APP:super_resolution-neoforge.mixins.json:neoforge.FuckingValidationMixin from mod super_resolution,pl:mixin:APP:super_resolution_irisapi.mixins.json:composite.before1_21_1.GlStateManagerTextureStateAccessor from mod super_resolution,pl:mixin:APP:architectury.mixins.json:MixinMinecraft from mod architectury,pl:mixin:A,pl:runtimedistcleaner:A}
	at TRANSFORMER/minecraft@1.21.1/net.minecraft.client.Minecraft.lambda$buildInitialScreens$9(Minecraft.java:664) ~[neoforge-21.1.219.jar%23172!/:?] {re:mixin,pl:runtimedistcleaner:A,re:classloading,pl:mixin:APP:sodium-common.mixins.json:core.MinecraftMixin from mod sodium,pl:mixin:APP:sodium-neoforge.mixins.json:platform.neoforge.EntrypointMixin from mod sodium,pl:mixin:APP:mixins.iris.json:MixinMinecraft_Images from mod iris,pl:mixin:APP:mixins.iris.json:MixinMinecraft_Keybinds from mod iris,pl:mixin:APP:mixins.iris.json:MixinMinecraft_PipelineManagement from mod iris,pl:mixin:APP:super_resolution.mixins.json:core.GlTextureViewMixin from mod super_resolution,pl:mixin:APP:super_resolution.mixins.json:core.MinecraftMixin from mod super_resolution,pl:mixin:APP:super_resolution.mixins.json:core.accessor.MinecraftAccessor from mod super_resolution,pl:mixin:APP:super_resolution.mixins.json:framegeneration.v1_20_1.GameRendererConstantsMixin from mod super_resolution,pl:mixin:APP:super_resolution.mixins.json:framegeneration.v1_21_11.GameRendererConstantsMixin from mod super_resolution,pl:mixin:APP:super_resolution.mixins.json:framegeneration.v26_1_x.GameRendererConstantsMixin from mod super_resolution,pl:mixin:APP:super_resolution.mixins.json:framegeneration.v26_2.GameRendererConstantsMixin from mod super_resolution,pl:mixin:APP:super_resolution.mixins.json:framegeneration.v26_2.NativeLibrariesBootstrapMixin from mod super_resolution,pl:mixin:APP:super_resolution.mixins.json:framegeneration.v26_3.GameRendererConstantsMixin from mod super_resolution,pl:mixin:APP:super_resolution.mixins.json:framegeneration.v26_3.NativeLibrariesBootstrapMixin from mod super_resolution,pl:mixin:APP:super_resolution.mixins.json:gui.GuiGraphicsMixin from mod super_resolution,pl:mixin:APP:super_resolution.mixins.json:gui.GuiRendererDrawAccessor from mod super_resolution,pl:mixin:APP:super_resolution.mixins.json:gui.GuiRendererMixin from mod super_resolution,pl:mixin:APP:super_resolution.mixins.json:lowlatency.v1_20_1.KeyboardHandlerReflexMixin from mod super_resolution,pl:mixin:APP:super_resolution.mixins.json:lowlatency.v1_20_1.MinecraftReflexMixin from mod super_resolution,pl:mixin:APP:super_resolution.mixins.json:lowlatency.v1_20_1.MouseHandlerReflexMixin from mod super_resolution,pl:mixin:APP:super_resolution.mixins.json:lowlatency.v1_20_1.RenderSystemAccessor from mod super_resolution,pl:mixin:APP:super_resolution.mixins.json:lowlatency.v1_21_1.MinecraftReflexMixin from mod super_resolution,pl:mixin:APP:super_resolution.mixins.json:lowlatency.v1_21_11.KeyboardHandlerReflexMixin from mod super_resolution,pl:mixin:APP:super_resolution.mixins.json:lowlatency.v1_21_11.MinecraftReflexMixin from mod super_resolution,pl:mixin:APP:super_resolution.mixins.json:lowlatency.v1_21_11.MouseHandlerReflexMixin from mod super_resolution,pl:mixin:APP:super_resolution.mixins.json:lowlatency.v1_21_11.RenderSystemAccessor from mod super_resolution,pl:mixin:APP:super_resolution.mixins.json:lowlatency.v26_1_x.KeyboardHandlerReflexMixin from mod super_resolution,pl:mixin:APP:super_resolution.mixins.json:lowlatency.v26_1_x.MinecraftReflexMixin from mod super_resolution,pl:mixin:APP:super_resolution.mixins.json:lowlatency.v26_1_x.MouseHandlerReflexMixin from mod super_resolution,pl:mixin:APP:super_resolution.mixins.json:lowlatency.v26_2.KeyboardHandlerReflexMixin from mod super_resolution,pl:mixin:APP:super_resolution.mixins.json:lowlatency.v26_2.MinecraftReflexMixin from mod super_resolution,pl:mixin:APP:super_resolution.mixins.json:lowlatency.v26_2.MouseHandlerReflexMixin from mod super_resolution,pl:mixin:APP:super_resolution.mixins.json:lowlatency.v26_3.KeyboardHandlerReflexMixin from mod super_resolution,pl:mixin:APP:super_resolution.mixins.json:lowlatency.v26_3.MinecraftReflexMixin from mod super_resolution,pl:mixin:APP:super_resolution.mixins.json:lowlatency.v26_3.MouseHandlerReflexMixin from mod super_resolution,pl:mixin:APP:super_resolution.mixins.json:presentation.v1_20_1.VulkanPresentationGameRendererCaptureMixin from mod super_resolution,pl:mixin:APP:super_resolution.mixins.json:presentation.v1_20_1.VulkanPresentationGlDeviceMixin from mod super_resolution,pl:mixin:APP:super_resolution.mixins.json:presentation.v1_20_1.VulkanPresentationMinecraftBackendMixin from mod super_resolution,pl:mixin:APP:super_resolution.mixins.json:presentation.v1_20_1.VulkanPresentationMinecraftCaptureMixin from mod super_resolution,pl:mixin:APP:super_resolution.mixins.json:presentation.v1_20_1.VulkanPresentationWindowMixin from mod super_resolution,pl:mixin:APP:super_resolution.mixins.json:presentation.v1_21_1.VulkanPresentationMinecraftCaptureMixin from mod super_resolution,pl:mixin:APP:super_resolution.mixins.json:presentation.v1_21_11.VulkanPresentationGameRendererCaptureMixin from mod super_resolution,pl:mixin:APP:super_resolution.mixins.json:presentation.v1_21_11.VulkanPresentationGlDeviceMixin from mod super_resolution,pl:mixin:APP:super_resolution.mixins.json:presentation.v1_21_11.VulkanPresentationMinecraftBackendMixin from mod super_resolution,pl:mixin:APP:super_resolution.mixins.json:presentation.v1_21_11.VulkanPresentationMinecraftCaptureMixin from mod super_resolution,pl:mixin:APP:super_resolution.mixins.json:presentation.v1_21_11.VulkanPresentationWindowMixin from mod super_resolution,pl:mixin:APP:super_resolution.mixins.json:presentation.v26_1_x.VulkanPresentationGameRendererCaptureMixin from mod super_resolution,pl:mixin:APP:super_resolution.mixins.json:presentation.v26_1_x.VulkanPresentationGlDeviceMixin from mod super_resolution,pl:mixin:APP:super_resolution.mixins.json:presentation.v26_1_x.VulkanPresentationMinecraftBackendMixin from mod super_resolution,pl:mixin:APP:super_resolution.mixins.json:presentation.v26_1_x.VulkanPresentationMinecraftCaptureMixin from mod super_resolution,pl:mixin:APP:super_resolution.mixins.json:presentation.v26_1_x.VulkanPresentationWindowCloseMixin from mod super_resolution,pl:mixin:APP:super_resolution.mixins.json:presentation.v26_2.VulkanPresentationGameRendererCaptureMixin from mod super_resolution,pl:mixin:APP:super_resolution.mixins.json:presentation.v26_2.VulkanPresentationGlDeviceMixin from mod super_resolution,pl:mixin:APP:super_resolution.mixins.json:presentation.v26_2.VulkanPresentationMinecraftBackendMixin from mod super_resolution,pl:mixin:APP:super_resolution.mixins.json:presentation.v26_2.VulkanPresentationMinecraftCaptureMixin from mod super_resolution,pl:mixin:APP:super_resolution.mixins.json:presentation.v26_2.VulkanPresentationWindowCloseMixin from mod super_resolution,pl:mixin:APP:super_resolution.mixins.json:presentation.v26_3.VulkanPresentationGameRendererCaptureMixin from mod super_resolution,pl:mixin:APP:super_resolution.mixins.json:presentation.v26_3.VulkanPresentationGlDeviceMixin from mod super_resolution,pl:mixin:APP:super_resolution.mixins.json:presentation.v26_3.VulkanPresentationMinecraftBackendMixin from mod super_resolution,pl:mixin:APP:super_resolution.mixins.json:presentation.v26_3.VulkanPresentationMinecraftCaptureMixin from mod super_resolution,pl:mixin:APP:super_resolution.mixins.json:presentation.v26_3.VulkanPresentationWindowCloseMixin from mod super_resolution,pl:mixin:APP:super_resolution-neoforge.mixins.json:neoforge.FuckingValidation1218Mixin from mod super_resolution,pl:mixin:APP:super_resolution-neoforge.mixins.json:neoforge.FuckingValidationMixin from mod super_resolution,pl:mixin:APP:super_resolution_irisapi.mixins.json:composite.before1_21_1.GlStateManagerTextureStateAccessor from mod super_resolution,pl:mixin:APP:architectury.mixins.json:MixinMinecraft from mod architectury,pl:mixin:A,pl:runtimedistcleaner:A}
	at TRANSFORMER/minecraft@1.21.1/net.minecraft.client.Minecraft.onGameLoadFinished(Minecraft.java:650) ~[neoforge-21.1.219.jar%23172!/:?] {re:mixin,pl:runtimedistcleaner:A,re:classloading,pl:mixin:APP:sodium-common.mixins.json:core.MinecraftMixin from mod sodium,pl:mixin:APP:sodium-neoforge.mixins.json:platform.neoforge.EntrypointMixin from mod sodium,pl:mixin:APP:mixins.iris.json:MixinMinecraft_Images from mod iris,pl:mixin:APP:mixins.iris.json:MixinMinecraft_Keybinds from mod iris,pl:mixin:APP:mixins.iris.json:MixinMinecraft_PipelineManagement from mod iris,pl:mixin:APP:super_resolution.mixins.json:core.GlTextureViewMixin from mod super_resolution,pl:mixin:APP:super_resolution.mixins.json:core.MinecraftMixin from mod super_resolution,pl:mixin:APP:super_resolution.mixins.json:core.accessor.MinecraftAccessor from mod super_resolution,pl:mixin:APP:super_resolution.mixins.json:framegeneration.v1_20_1.GameRendererConstantsMixin from mod super_resolution,pl:mixin:APP:super_resolution.mixins.json:framegeneration.v1_21_11.GameRendererConstantsMixin from mod super_resolution,pl:mixin:APP:super_resolution.mixins.json:framegeneration.v26_1_x.GameRendererConstantsMixin from mod super_resolution,pl:mixin:APP:super_resolution.mixins.json:framegeneration.v26_2.GameRendererConstantsMixin from mod super_resolution,pl:mixin:APP:super_resolution.mixins.json:framegeneration.v26_2.NativeLibrariesBootstrapMixin from mod super_resolution,pl:mixin:APP:super_resolution.mixins.json:framegeneration.v26_3.GameRendererConstantsMixin from mod super_resolution,pl:mixin:APP:super_resolution.mixins.json:framegeneration.v26_3.NativeLibrariesBootstrapMixin from mod super_resolution,pl:mixin:APP:super_resolution.mixins.json:gui.GuiGraphicsMixin from mod super_resolution,pl:mixin:APP:super_resolution.mixins.json:gui.GuiRendererDrawAccessor from mod super_resolution,pl:mixin:APP:super_resolution.mixins.json:gui.GuiRendererMixin from mod super_resolution,pl:mixin:APP:super_resolution.mixins.json:lowlatency.v1_20_1.KeyboardHandlerReflexMixin from mod super_resolution,pl:mixin:APP:super_resolution.mixins.json:lowlatency.v1_20_1.MinecraftReflexMixin from mod super_resolution,pl:mixin:APP:super_resolution.mixins.json:lowlatency.v1_20_1.MouseHandlerReflexMixin from mod super_resolution,pl:mixin:APP:super_resolution.mixins.json:lowlatency.v1_20_1.RenderSystemAccessor from mod super_resolution,pl:mixin:APP:super_resolution.mixins.json:lowlatency.v1_21_1.MinecraftReflexMixin from mod super_resolution,pl:mixin:APP:super_resolution.mixins.json:lowlatency.v1_21_11.KeyboardHandlerReflexMixin from mod super_resolution,pl:mixin:APP:super_resolution.mixins.json:lowlatency.v1_21_11.MinecraftReflexMixin from mod super_resolution,pl:mixin:APP:super_resolution.mixins.json:lowlatency.v1_21_11.MouseHandlerReflexMixin from mod super_resolution,pl:mixin:APP:super_resolution.mixins.json:lowlatency.v1_21_11.RenderSystemAccessor from mod super_resolution,pl:mixin:APP:super_resolution.mixins.json:lowlatency.v26_1_x.KeyboardHandlerReflexMixin from mod super_resolution,pl:mixin:APP:super_resolution.mixins.json:lowlatency.v26_1_x.MinecraftReflexMixin from mod super_resolution,pl:mixin:APP:super_resolution.mixins.json:lowlatency.v26_1_x.MouseHandlerReflexMixin from mod super_resolution,pl:mixin:APP:super_resolution.mixins.json:lowlatency.v26_2.KeyboardHandlerReflexMixin from mod super_resolution,pl:mixin:APP:super_resolution.mixins.json:lowlatency.v26_2.MinecraftReflexMixin from mod super_resolution,pl:mixin:APP:super_resolution.mixins.json:lowlatency.v26_2.MouseHandlerReflexMixin from mod super_resolution,pl:mixin:APP:super_resolution.mixins.json:lowlatency.v26_3.KeyboardHandlerReflexMixin from mod super_resolution,pl:mixin:APP:super_resolution.mixins.json:lowlatency.v26_3.MinecraftReflexMixin from mod super_resolution,pl:mixin:APP:super_resolution.mixins.json:lowlatency.v26_3.MouseHandlerReflexMixin from mod super_resolution,pl:mixin:APP:super_resolution.mixins.json:presentation.v1_20_1.VulkanPresentationGameRendererCaptureMixin from mod super_resolution,pl:mixin:APP:super_resolution.mixins.json:presentation.v1_20_1.VulkanPresentationGlDeviceMixin from mod super_resolution,pl:mixin:APP:super_resolution.mixins.json:presentation.v1_20_1.VulkanPresentationMinecraftBackendMixin from mod super_resolution,pl:mixin:APP:super_resolution.mixins.json:presentation.v1_20_1.VulkanPresentationMinecraftCaptureMixin from mod super_resolution,pl:mixin:APP:super_resolution.mixins.json:presentation.v1_20_1.VulkanPresentationWindowMixin from mod super_resolution,pl:mixin:APP:super_resolution.mixins.json:presentation.v1_21_1.VulkanPresentationMinecraftCaptureMixin from mod super_resolution,pl:mixin:APP:super_resolution.mixins.json:presentation.v1_21_11.VulkanPresentationGameRendererCaptureMixin from mod super_resolution,pl:mixin:APP:super_resolution.mixins.json:presentation.v1_21_11.VulkanPresentationGlDeviceMixin from mod super_resolution,pl:mixin:APP:super_resolution.mixins.json:presentation.v1_21_11.VulkanPresentationMinecraftBackendMixin from mod super_resolution,pl:mixin:APP:super_resolution.mixins.json:presentation.v1_21_11.VulkanPresentationMinecraftCaptureMixin from mod super_resolution,pl:mixin:APP:super_resolution.mixins.json:presentation.v1_21_11.VulkanPresentationWindowMixin from mod super_resolution,pl:mixin:APP:super_resolution.mixins.json:presentation.v26_1_x.VulkanPresentationGameRendererCaptureMixin from mod super_resolution,pl:mixin:APP:super_resolution.mixins.json:presentation.v26_1_x.VulkanPresentationGlDeviceMixin from mod super_resolution,pl:mixin:APP:super_resolution.mixins.json:presentation.v26_1_x.VulkanPresentationMinecraftBackendMixin from mod super_resolution,pl:mixin:APP:super_resolution.mixins.json:presentation.v26_1_x.VulkanPresentationMinecraftCaptureMixin from mod super_resolution,pl:mixin:APP:super_resolution.mixins.json:presentation.v26_1_x.VulkanPresentationWindowCloseMixin from mod super_resolution,pl:mixin:APP:super_resolution.mixins.json:presentation.v26_2.VulkanPresentationGameRendererCaptureMixin from mod super_resolution,pl:mixin:APP:super_resolution.mixins.json:presentation.v26_2.VulkanPresentationGlDeviceMixin from mod super_resolution,pl:mixin:APP:super_resolution.mixins.json:presentation.v26_2.VulkanPresentationMinecraftBackendMixin from mod super_resolution,pl:mixin:APP:super_resolution.mixins.json:presentation.v26_2.VulkanPresentationMinecraftCaptureMixin from mod super_resolution,pl:mixin:APP:super_resolution.mixins.json:presentation.v26_2.VulkanPresentationWindowCloseMixin from mod super_resolution,pl:mixin:APP:super_resolution.mixins.json:presentation.v26_3.VulkanPresentationGameRendererCaptureMixin from mod super_resolution,pl:mixin:APP:super_resolution.mixins.json:presentation.v26_3.VulkanPresentationGlDeviceMixin from mod super_resolution,pl:mixin:APP:super_resolution.mixins.json:presentation.v26_3.VulkanPresentationMinecraftBackendMixin from mod super_resolution,pl:mixin:APP:super_resolution.mixins.json:presentation.v26_3.VulkanPresentationMinecraftCaptureMixin from mod super_resolution,pl:mixin:APP:super_resolution.mixins.json:presentation.v26_3.VulkanPresentationWindowCloseMixin from mod super_resolution,pl:mixin:APP:super_resolution-neoforge.mixins.json:neoforge.FuckingValidation1218Mixin from mod super_resolution,pl:mixin:APP:super_resolution-neoforge.mixins.json:neoforge.FuckingValidationMixin from mod super_resolution,pl:mixin:APP:super_resolution_irisapi.mixins.json:composite.before1_21_1.GlStateManagerTextureStateAccessor from mod super_resolution,pl:mixin:APP:architectury.mixins.json:MixinMinecraft from mod architectury,pl:mixin:A,pl:runtimedistcleaner:A}
	at TRANSFORMER/minecraft@1.21.1/net.minecraft.client.Minecraft.onResourceLoadFinished(Minecraft.java:641) ~[neoforge-21.1.219.jar%23172!/:?] {re:mixin,pl:runtimedistcleaner:A,re:classloading,pl:mixin:APP:sodium-common.mixins.json:core.MinecraftMixin from mod sodium,pl:mixin:APP:sodium-neoforge.mixins.json:platform.neoforge.EntrypointMixin from mod sodium,pl:mixin:APP:mixins.iris.json:MixinMinecraft_Images from mod iris,pl:mixin:APP:mixins.iris.json:MixinMinecraft_Keybinds from mod iris,pl:mixin:APP:mixins.iris.json:MixinMinecraft_PipelineManagement from mod iris,pl:mixin:APP:super_resolution.mixins.json:core.GlTextureViewMixin from mod super_resolution,pl:mixin:APP:super_resolution.mixins.json:core.MinecraftMixin from mod super_resolution,pl:mixin:APP:super_resolution.mixins.json:core.accessor.MinecraftAccessor from mod super_resolution,pl:mixin:APP:super_resolution.mixins.json:framegeneration.v1_20_1.GameRendererConstantsMixin from mod super_resolution,pl:mixin:APP:super_resolution.mixins.json:framegeneration.v1_21_11.GameRendererConstantsMixin from mod super_resolution,pl:mixin:APP:super_resolution.mixins.json:framegeneration.v26_1_x.GameRendererConstantsMixin from mod super_resolution,pl:mixin:APP:super_resolution.mixins.json:framegeneration.v26_2.GameRendererConstantsMixin from mod super_resolution,pl:mixin:APP:super_resolution.mixins.json:framegeneration.v26_2.NativeLibrariesBootstrapMixin from mod super_resolution,pl:mixin:APP:super_resolution.mixins.json:framegeneration.v26_3.GameRendererConstantsMixin from mod super_resolution,pl:mixin:APP:super_resolution.mixins.json:framegeneration.v26_3.NativeLibrariesBootstrapMixin from mod super_resolution,pl:mixin:APP:super_resolution.mixins.json:gui.GuiGraphicsMixin from mod super_resolution,pl:mixin:APP:super_resolution.mixins.json:gui.GuiRendererDrawAccessor from mod super_resolution,pl:mixin:APP:super_resolution.mixins.json:gui.GuiRendererMixin from mod super_resolution,pl:mixin:APP:super_resolution.mixins.json:lowlatency.v1_20_1.KeyboardHandlerReflexMixin from mod super_resolution,pl:mixin:APP:super_resolution.mixins.json:lowlatency.v1_20_1.MinecraftReflexMixin from mod super_resolution,pl:mixin:APP:super_resolution.mixins.json:lowlatency.v1_20_1.MouseHandlerReflexMixin from mod super_resolution,pl:mixin:APP:super_resolution.mixins.json:lowlatency.v1_20_1.RenderSystemAccessor from mod super_resolution,pl:mixin:APP:super_resolution.mixins.json:lowlatency.v1_21_1.MinecraftReflexMixin from mod super_resolution,pl:mixin:APP:super_resolution.mixins.json:lowlatency.v1_21_11.KeyboardHandlerReflexMixin from mod super_resolution,pl:mixin:APP:super_resolution.mixins.json:lowlatency.v1_21_11.MinecraftReflexMixin from mod super_resolution,pl:mixin:APP:super_resolution.mixins.json:lowlatency.v1_21_11.MouseHandlerReflexMixin from mod super_resolution,pl:mixin:APP:super_resolution.mixins.json:lowlatency.v1_21_11.RenderSystemAccessor from mod super_resolution,pl:mixin:APP:super_resolution.mixins.json:lowlatency.v26_1_x.KeyboardHandlerReflexMixin from mod super_resolution,pl:mixin:APP:super_resolution.mixins.json:lowlatency.v26_1_x.MinecraftReflexMixin from mod super_resolution,pl:mixin:APP:super_resolution.mixins.json:lowlatency.v26_1_x.MouseHandlerReflexMixin from mod super_resolution,pl:mixin:APP:super_resolution.mixins.json:lowlatency.v26_2.KeyboardHandlerReflexMixin from mod super_resolution,pl:mixin:APP:super_resolution.mixins.json:lowlatency.v26_2.MinecraftReflexMixin from mod super_resolution,pl:mixin:APP:super_resolution.mixins.json:lowlatency.v26_2.MouseHandlerReflexMixin from mod super_resolution,pl:mixin:APP:super_resolution.mixins.json:lowlatency.v26_3.KeyboardHandlerReflexMixin from mod super_resolution,pl:mixin:APP:super_resolution.mixins.json:lowlatency.v26_3.MinecraftReflexMixin from mod super_resolution,pl:mixin:APP:super_resolution.mixins.json:lowlatency.v26_3.MouseHandlerReflexMixin from mod super_resolution,pl:mixin:APP:super_resolution.mixins.json:presentation.v1_20_1.VulkanPresentationGameRendererCaptureMixin from mod super_resolution,pl:mixin:APP:super_resolution.mixins.json:presentation.v1_20_1.VulkanPresentationGlDeviceMixin from mod super_resolution,pl:mixin:APP:super_resolution.mixins.json:presentation.v1_20_1.VulkanPresentationMinecraftBackendMixin from mod super_resolution,pl:mixin:APP:super_resolution.mixins.json:presentation.v1_20_1.VulkanPresentationMinecraftCaptureMixin from mod super_resolution,pl:mixin:APP:super_resolution.mixins.json:presentation.v1_20_1.VulkanPresentationWindowMixin from mod super_resolution,pl:mixin:APP:super_resolution.mixins.json:presentation.v1_21_1.VulkanPresentationMinecraftCaptureMixin from mod super_resolution,pl:mixin:APP:super_resolution.mixins.json:presentation.v1_21_11.VulkanPresentationGameRendererCaptureMixin from mod super_resolution,pl:mixin:APP:super_resolution.mixins.json:presentation.v1_21_11.VulkanPresentationGlDeviceMixin from mod super_resolution,pl:mixin:APP:super_resolution.mixins.json:presentation.v1_21_11.VulkanPresentationMinecraftBackendMixin from mod super_resolution,pl:mixin:APP:super_resolution.mixins.json:presentation.v1_21_11.VulkanPresentationMinecraftCaptureMixin from mod super_resolution,pl:mixin:APP:super_resolution.mixins.json:presentation.v1_21_11.VulkanPresentationWindowMixin from mod super_resolution,pl:mixin:APP:super_resolution.mixins.json:presentation.v26_1_x.VulkanPresentationGameRendererCaptureMixin from mod super_resolution,pl:mixin:APP:super_resolution.mixins.json:presentation.v26_1_x.VulkanPresentationGlDeviceMixin from mod super_resolution,pl:mixin:APP:super_resolution.mixins.json:presentation.v26_1_x.VulkanPresentationMinecraftBackendMixin from mod super_resolution,pl:mixin:APP:super_resolution.mixins.json:presentation.v26_1_x.VulkanPresentationMinecraftCaptureMixin from mod super_resolution,pl:mixin:APP:super_resolution.mixins.json:presentation.v26_1_x.VulkanPresentationWindowCloseMixin from mod super_resolution,pl:mixin:APP:super_resolution.mixins.json:presentation.v26_2.VulkanPresentationGameRendererCaptureMixin from mod super_resolution,pl:mixin:APP:super_resolution.mixins.json:presentation.v26_2.VulkanPresentationGlDeviceMixin from mod super_resolution,pl:mixin:APP:super_resolution.mixins.json:presentation.v26_2.VulkanPresentationMinecraftBackendMixin from mod super_resolution,pl:mixin:APP:super_resolution.mixins.json:presentation.v26_2.VulkanPresentationMinecraftCaptureMixin from mod super_resolution,pl:mixin:APP:super_resolution.mixins.json:presentation.v26_2.VulkanPresentationWindowCloseMixin from mod super_resolution,pl:mixin:APP:super_resolution.mixins.json:presentation.v26_3.VulkanPresentationGameRendererCaptureMixin from mod super_resolution,pl:mixin:APP:super_resolution.mixins.json:presentation.v26_3.VulkanPresentationGlDeviceMixin from mod super_resolution,pl:mixin:APP:super_resolution.mixins.json:presentation.v26_3.VulkanPresentationMinecraftBackendMixin from mod super_resolution,pl:mixin:APP:super_resolution.mixins.json:presentation.v26_3.VulkanPresentationMinecraftCaptureMixin from mod super_resolution,pl:mixin:APP:super_resolution.mixins.json:presentation.v26_3.VulkanPresentationWindowCloseMixin from mod super_resolution,pl:mixin:APP:super_resolution-neoforge.mixins.json:neoforge.FuckingValidation1218Mixin from mod super_resolution,pl:mixin:APP:super_resolution-neoforge.mixins.json:neoforge.FuckingValidationMixin from mod super_resolution,pl:mixin:APP:super_resolution_irisapi.mixins.json:composite.before1_21_1.GlStateManagerTextureStateAccessor from mod super_resolution,pl:mixin:APP:architectury.mixins.json:MixinMinecraft from mod architectury,pl:mixin:A,pl:runtimedistcleaner:A}
	at TRANSFORMER/minecraft@1.21.1/net.minecraft.client.Minecraft.lambda$new$7(Minecraft.java:629) ~[neoforge-21.1.219.jar%23172!/:?] {re:mixin,pl:runtimedistcleaner:A,re:classloading,pl:mixin:APP:sodium-common.mixins.json:core.MinecraftMixin from mod sodium,pl:mixin:APP:sodium-neoforge.mixins.json:platform.neoforge.EntrypointMixin from mod sodium,pl:mixin:APP:mixins.iris.json:MixinMinecraft_Images from mod iris,pl:mixin:APP:mixins.iris.json:MixinMinecraft_Keybinds from mod iris,pl:mixin:APP:mixins.iris.json:MixinMinecraft_PipelineManagement from mod iris,pl:mixin:APP:super_resolution.mixins.json:core.GlTextureViewMixin from mod super_resolution,pl:mixin:APP:super_resolution.mixins.json:core.MinecraftMixin from mod super_resolution,pl:mixin:APP:super_resolution.mixins.json:core.accessor.MinecraftAccessor from mod super_resolution,pl:mixin:APP:super_resolution.mixins.json:framegeneration.v1_20_1.GameRendererConstantsMixin from mod super_resolution,pl:mixin:APP:super_resolution.mixins.json:framegeneration.v1_21_11.GameRendererConstantsMixin from mod super_resolution,pl:mixin:APP:super_resolution.mixins.json:framegeneration.v26_1_x.GameRendererConstantsMixin from mod super_resolution,pl:mixin:APP:super_resolution.mixins.json:framegeneration.v26_2.GameRendererConstantsMixin from mod super_resolution,pl:mixin:APP:super_resolution.mixins.json:framegeneration.v26_2.NativeLibrariesBootstrapMixin from mod super_resolution,pl:mixin:APP:super_resolution.mixins.json:framegeneration.v26_3.GameRendererConstantsMixin from mod super_resolution,pl:mixin:APP:super_resolution.mixins.json:framegeneration.v26_3.NativeLibrariesBootstrapMixin from mod super_resolution,pl:mixin:APP:super_resolution.mixins.json:gui.GuiGraphicsMixin from mod super_resolution,pl:mixin:APP:super_resolution.mixins.json:gui.GuiRendererDrawAccessor from mod super_resolution,pl:mixin:APP:super_resolution.mixins.json:gui.GuiRendererMixin from mod super_resolution,pl:mixin:APP:super_resolution.mixins.json:lowlatency.v1_20_1.KeyboardHandlerReflexMixin from mod super_resolution,pl:mixin:APP:super_resolution.mixins.json:lowlatency.v1_20_1.MinecraftReflexMixin from mod super_resolution,pl:mixin:APP:super_resolution.mixins.json:lowlatency.v1_20_1.MouseHandlerReflexMixin from mod super_resolution,pl:mixin:APP:super_resolution.mixins.json:lowlatency.v1_20_1.RenderSystemAccessor from mod super_resolution,pl:mixin:APP:super_resolution.mixins.json:lowlatency.v1_21_1.MinecraftReflexMixin from mod super_resolution,pl:mixin:APP:super_resolution.mixins.json:lowlatency.v1_21_11.KeyboardHandlerReflexMixin from mod super_resolution,pl:mixin:APP:super_resolution.mixins.json:lowlatency.v1_21_11.MinecraftReflexMixin from mod super_resolution,pl:mixin:APP:super_resolution.mixins.json:lowlatency.v1_21_11.MouseHandlerReflexMixin from mod super_resolution,pl:mixin:APP:super_resolution.mixins.json:lowlatency.v1_21_11.RenderSystemAccessor from mod super_resolution,pl:mixin:APP:super_resolution.mixins.json:lowlatency.v26_1_x.KeyboardHandlerReflexMixin from mod super_resolution,pl:mixin:APP:super_resolution.mixins.json:lowlatency.v26_1_x.MinecraftReflexMixin from mod super_resolution,pl:mixin:APP:super_resolution.mixins.json:lowlatency.v26_1_x.MouseHandlerReflexMixin from mod super_resolution,pl:mixin:APP:super_resolution.mixins.json:lowlatency.v26_2.KeyboardHandlerReflexMixin from mod super_resolution,pl:mixin:APP:super_resolution.mixins.json:lowlatency.v26_2.MinecraftReflexMixin from mod super_resolution,pl:mixin:APP:super_resolution.mixins.json:lowlatency.v26_2.MouseHandlerReflexMixin from mod super_resolution,pl:mixin:APP:super_resolution.mixins.json:lowlatency.v26_3.KeyboardHandlerReflexMixin from mod super_resolution,pl:mixin:APP:super_resolution.mixins.json:lowlatency.v26_3.MinecraftReflexMixin from mod super_resolution,pl:mixin:APP:super_resolution.mixins.json:lowlatency.v26_3.MouseHandlerReflexMixin from mod super_resolution,pl:mixin:APP:super_resolution.mixins.json:presentation.v1_20_1.VulkanPresentationGameRendererCaptureMixin from mod super_resolution,pl:mixin:APP:super_resolution.mixins.json:presentation.v1_20_1.VulkanPresentationGlDeviceMixin from mod super_resolution,pl:mixin:APP:super_resolution.mixins.json:presentation.v1_20_1.VulkanPresentationMinecraftBackendMixin from mod super_resolution,pl:mixin:APP:super_resolution.mixins.json:presentation.v1_20_1.VulkanPresentationMinecraftCaptureMixin from mod super_resolution,pl:mixin:APP:super_resolution.mixins.json:presentation.v1_20_1.VulkanPresentationWindowMixin from mod super_resolution,pl:mixin:APP:super_resolution.mixins.json:presentation.v1_21_1.VulkanPresentationMinecraftCaptureMixin from mod super_resolution,pl:mixin:APP:super_resolution.mixins.json:presentation.v1_21_11.VulkanPresentationGameRendererCaptureMixin from mod super_resolution,pl:mixin:APP:super_resolution.mixins.json:presentation.v1_21_11.VulkanPresentationGlDeviceMixin from mod super_resolution,pl:mixin:APP:super_resolution.mixins.json:presentation.v1_21_11.VulkanPresentationMinecraftBackendMixin from mod super_resolution,pl:mixin:APP:super_resolution.mixins.json:presentation.v1_21_11.VulkanPresentationMinecraftCaptureMixin from mod super_resolution,pl:mixin:APP:super_resolution.mixins.json:presentation.v1_21_11.VulkanPresentationWindowMixin from mod super_resolution,pl:mixin:APP:super_resolution.mixins.json:presentation.v26_1_x.VulkanPresentationGameRendererCaptureMixin from mod super_resolution,pl:mixin:APP:super_resolution.mixins.json:presentation.v26_1_x.VulkanPresentationGlDeviceMixin from mod super_resolution,pl:mixin:APP:super_resolution.mixins.json:presentation.v26_1_x.VulkanPresentationMinecraftBackendMixin from mod super_resolution,pl:mixin:APP:super_resolution.mixins.json:presentation.v26_1_x.VulkanPresentationMinecraftCaptureMixin from mod super_resolution,pl:mixin:APP:super_resolution.mixins.json:presentation.v26_1_x.VulkanPresentationWindowCloseMixin from mod super_resolution,pl:mixin:APP:super_resolution.mixins.json:presentation.v26_2.VulkanPresentationGameRendererCaptureMixin from mod super_resolution,pl:mixin:APP:super_resolution.mixins.json:presentation.v26_2.VulkanPresentationGlDeviceMixin from mod super_resolution,pl:mixin:APP:super_resolution.mixins.json:presentation.v26_2.VulkanPresentationMinecraftBackendMixin from mod super_resolution,pl:mixin:APP:super_resolution.mixins.json:presentation.v26_2.VulkanPresentationMinecraftCaptureMixin from mod super_resolution,pl:mixin:APP:super_resolution.mixins.json:presentation.v26_2.VulkanPresentationWindowCloseMixin from mod super_resolution,pl:mixin:APP:super_resolution.mixins.json:presentation.v26_3.VulkanPresentationGameRendererCaptureMixin from mod super_resolution,pl:mixin:APP:super_resolution.mixins.json:presentation.v26_3.VulkanPresentationGlDeviceMixin from mod super_resolution,pl:mixin:APP:super_resolution.mixins.json:presentation.v26_3.VulkanPresentationMinecraftBackendMixin from mod super_resolution,pl:mixin:APP:super_resolution.mixins.json:presentation.v26_3.VulkanPresentationMinecraftCaptureMixin from mod super_resolution,pl:mixin:APP:super_resolution.mixins.json:presentation.v26_3.VulkanPresentationWindowCloseMixin from mod super_resolution,pl:mixin:APP:super_resolution-neoforge.mixins.json:neoforge.FuckingValidation1218Mixin from mod super_resolution,pl:mixin:APP:super_resolution-neoforge.mixins.json:neoforge.FuckingValidationMixin from mod super_resolution,pl:mixin:APP:super_resolution_irisapi.mixins.json:composite.before1_21_1.GlStateManagerTextureStateAccessor from mod super_resolution,pl:mixin:APP:architectury.mixins.json:MixinMinecraft from mod architectury,pl:mixin:A,pl:runtimedistcleaner:A}
	at TRANSFORMER/minecraft@1.21.1/net.minecraft.Util.ifElse(Util.java:513) ~[neoforge-21.1.219.jar%23172!/:?] {re:classloading,re:mixin}
	at TRANSFORMER/minecraft@1.21.1/net.minecraft.client.Minecraft.lambda$new$8(Minecraft.java:623) ~[neoforge-21.1.219.jar%23172!/:?] {re:mixin,pl:runtimedistcleaner:A,re:classloading,pl:mixin:APP:sodium-common.mixins.json:core.MinecraftMixin from mod sodium,pl:mixin:APP:sodium-neoforge.mixins.json:platform.neoforge.EntrypointMixin from mod sodium,pl:mixin:APP:mixins.iris.json:MixinMinecraft_Images from mod iris,pl:mixin:APP:mixins.iris.json:MixinMinecraft_Keybinds from mod iris,pl:mixin:APP:mixins.iris.json:MixinMinecraft_PipelineManagement from mod iris,pl:mixin:APP:super_resolution.mixins.json:core.GlTextureViewMixin from mod super_resolution,pl:mixin:APP:super_resolution.mixins.json:core.MinecraftMixin from mod super_resolution,pl:mixin:APP:super_resolution.mixins.json:core.accessor.MinecraftAccessor from mod super_resolution,pl:mixin:APP:super_resolution.mixins.json:framegeneration.v1_20_1.GameRendererConstantsMixin from mod super_resolution,pl:mixin:APP:super_resolution.mixins.json:framegeneration.v1_21_11.GameRendererConstantsMixin from mod super_resolution,pl:mixin:APP:super_resolution.mixins.json:framegeneration.v26_1_x.GameRendererConstantsMixin from mod super_resolution,pl:mixin:APP:super_resolution.mixins.json:framegeneration.v26_2.GameRendererConstantsMixin from mod super_resolution,pl:mixin:APP:super_resolution.mixins.json:framegeneration.v26_2.NativeLibrariesBootstrapMixin from mod super_resolution,pl:mixin:APP:super_resolution.mixins.json:framegeneration.v26_3.GameRendererConstantsMixin from mod super_resolution,pl:mixin:APP:super_resolution.mixins.json:framegeneration.v26_3.NativeLibrariesBootstrapMixin from mod super_resolution,pl:mixin:APP:super_resolution.mixins.json:gui.GuiGraphicsMixin from mod super_resolution,pl:mixin:APP:super_resolution.mixins.json:gui.GuiRendererDrawAccessor from mod super_resolution,pl:mixin:APP:super_resolution.mixins.json:gui.GuiRendererMixin from mod super_resolution,pl:mixin:APP:super_resolution.mixins.json:lowlatency.v1_20_1.KeyboardHandlerReflexMixin from mod super_resolution,pl:mixin:APP:super_resolution.mixins.json:lowlatency.v1_20_1.MinecraftReflexMixin from mod super_resolution,pl:mixin:APP:super_resolution.mixins.json:lowlatency.v1_20_1.MouseHandlerReflexMixin from mod super_resolution,pl:mixin:APP:super_resolution.mixins.json:lowlatency.v1_20_1.RenderSystemAccessor from mod super_resolution,pl:mixin:APP:super_resolution.mixins.json:lowlatency.v1_21_1.MinecraftReflexMixin from mod super_resolution,pl:mixin:APP:super_resolution.mixins.json:lowlatency.v1_21_11.KeyboardHandlerReflexMixin from mod super_resolution,pl:mixin:APP:super_resolution.mixins.json:lowlatency.v1_21_11.MinecraftReflexMixin from mod super_resolution,pl:mixin:APP:super_resolution.mixins.json:lowlatency.v1_21_11.MouseHandlerReflexMixin from mod super_resolution,pl:mixin:APP:super_resolution.mixins.json:lowlatency.v1_21_11.RenderSystemAccessor from mod super_resolution,pl:mixin:APP:super_resolution.mixins.json:lowlatency.v26_1_x.KeyboardHandlerReflexMixin from mod super_resolution,pl:mixin:APP:super_resolution.mixins.json:lowlatency.v26_1_x.MinecraftReflexMixin from mod super_resolution,pl:mixin:APP:super_resolution.mixins.json:lowlatency.v26_1_x.MouseHandlerReflexMixin from mod super_resolution,pl:mixin:APP:super_resolution.mixins.json:lowlatency.v26_2.KeyboardHandlerReflexMixin from mod super_resolution,pl:mixin:APP:super_resolution.mixins.json:lowlatency.v26_2.MinecraftReflexMixin from mod super_resolution,pl:mixin:APP:super_resolution.mixins.json:lowlatency.v26_2.MouseHandlerReflexMixin from mod super_resolution,pl:mixin:APP:super_resolution.mixins.json:lowlatency.v26_3.KeyboardHandlerReflexMixin from mod super_resolution,pl:mixin:APP:super_resolution.mixins.json:lowlatency.v26_3.MinecraftReflexMixin from mod super_resolution,pl:mixin:APP:super_resolution.mixins.json:lowlatency.v26_3.MouseHandlerReflexMixin from mod super_resolution,pl:mixin:APP:super_resolution.mixins.json:presentation.v1_20_1.VulkanPresentationGameRendererCaptureMixin from mod super_resolution,pl:mixin:APP:super_resolution.mixins.json:presentation.v1_20_1.VulkanPresentationGlDeviceMixin from mod super_resolution,pl:mixin:APP:super_resolution.mixins.json:presentation.v1_20_1.VulkanPresentationMinecraftBackendMixin from mod super_resolution,pl:mixin:APP:super_resolution.mixins.json:presentation.v1_20_1.VulkanPresentationMinecraftCaptureMixin from mod super_resolution,pl:mixin:APP:super_resolution.mixins.json:presentation.v1_20_1.VulkanPresentationWindowMixin from mod super_resolution,pl:mixin:APP:super_resolution.mixins.json:presentation.v1_21_1.VulkanPresentationMinecraftCaptureMixin from mod super_resolution,pl:mixin:APP:super_resolution.mixins.json:presentation.v1_21_11.VulkanPresentationGameRendererCaptureMixin from mod super_resolution,pl:mixin:APP:super_resolution.mixins.json:presentation.v1_21_11.VulkanPresentationGlDeviceMixin from mod super_resolution,pl:mixin:APP:super_resolution.mixins.json:presentation.v1_21_11.VulkanPresentationMinecraftBackendMixin from mod super_resolution,pl:mixin:APP:super_resolution.mixins.json:presentation.v1_21_11.VulkanPresentationMinecraftCaptureMixin from mod super_resolution,pl:mixin:APP:super_resolution.mixins.json:presentation.v1_21_11.VulkanPresentationWindowMixin from mod super_resolution,pl:mixin:APP:super_resolution.mixins.json:presentation.v26_1_x.VulkanPresentationGameRendererCaptureMixin from mod super_resolution,pl:mixin:APP:super_resolution.mixins.json:presentation.v26_1_x.VulkanPresentationGlDeviceMixin from mod super_resolution,pl:mixin:APP:super_resolution.mixins.json:presentation.v26_1_x.VulkanPresentationMinecraftBackendMixin from mod super_resolution,pl:mixin:APP:super_resolution.mixins.json:presentation.v26_1_x.VulkanPresentationMinecraftCaptureMixin from mod super_resolution,pl:mixin:APP:super_resolution.mixins.json:presentation.v26_1_x.VulkanPresentationWindowCloseMixin from mod super_resolution,pl:mixin:APP:super_resolution.mixins.json:presentation.v26_2.VulkanPresentationGameRendererCaptureMixin from mod super_resolution,pl:mixin:APP:super_resolution.mixins.json:presentation.v26_2.VulkanPresentationGlDeviceMixin from mod super_resolution,pl:mixin:APP:super_resolution.mixins.json:presentation.v26_2.VulkanPresentationMinecraftBackendMixin from mod super_resolution,pl:mixin:APP:super_resolution.mixins.json:presentation.v26_2.VulkanPresentationMinecraftCaptureMixin from mod super_resolution,pl:mixin:APP:super_resolution.mixins.json:presentation.v26_2.VulkanPresentationWindowCloseMixin from mod super_resolution,pl:mixin:APP:super_resolution.mixins.json:presentation.v26_3.VulkanPresentationGameRendererCaptureMixin from mod super_resolution,pl:mixin:APP:super_resolution.mixins.json:presentation.v26_3.VulkanPresentationGlDeviceMixin from mod super_resolution,pl:mixin:APP:super_resolution.mixins.json:presentation.v26_3.VulkanPresentationMinecraftBackendMixin from mod super_resolution,pl:mixin:APP:super_resolution.mixins.json:presentation.v26_3.VulkanPresentationMinecraftCaptureMixin from mod super_resolution,pl:mixin:APP:super_resolution.mixins.json:presentation.v26_3.VulkanPresentationWindowCloseMixin from mod super_resolution,pl:mixin:APP:super_resolution-neoforge.mixins.json:neoforge.FuckingValidation1218Mixin from mod super_resolution,pl:mixin:APP:super_resolution-neoforge.mixins.json:neoforge.FuckingValidationMixin from mod super_resolution,pl:mixin:APP:super_resolution_irisapi.mixins.json:composite.before1_21_1.GlStateManagerTextureStateAccessor from mod super_resolution,pl:mixin:APP:architectury.mixins.json:MixinMinecraft from mod architectury,pl:mixin:A,pl:runtimedistcleaner:A}
	at TRANSFORMER/minecraft@1.21.1/net.minecraft.client.gui.screens.LoadingOverlay.render(LoadingOverlay.java:139) ~[neoforge-21.1.219.jar%23172!/:?] {re:classloading,pl:runtimedistcleaner:A}
	at TRANSFORMER/minecraft@1.21.1/net.minecraft.client.renderer.GameRenderer.render(GameRenderer.java:1081) ~[neoforge-21.1.219.jar%23172!/:?] {re:mixin,pl:accesstransformer:B,pl:runtimedistcleaner:A,re:classloading,pl:accesstransformer:B,pl:mixin:A,pl:runtimedistcleaner:A}
	at TRANSFORMER/minecraft@1.21.1/net.minecraft.client.Minecraft.runTick(Minecraft.java:1195) ~[neoforge-21.1.219.jar%23172!/:?] {re:mixin,pl:runtimedistcleaner:A,re:classloading,pl:mixin:APP:sodium-common.mixins.json:core.MinecraftMixin from mod sodium,pl:mixin:APP:sodium-neoforge.mixins.json:platform.neoforge.EntrypointMixin from mod sodium,pl:mixin:APP:mixins.iris.json:MixinMinecraft_Images from mod iris,pl:mixin:APP:mixins.iris.json:MixinMinecraft_Keybinds from mod iris,pl:mixin:APP:mixins.iris.json:MixinMinecraft_PipelineManagement from mod iris,pl:mixin:APP:super_resolution.mixins.json:core.GlTextureViewMixin from mod super_resolution,pl:mixin:APP:super_resolution.mixins.json:core.MinecraftMixin from mod super_resolution,pl:mixin:APP:super_resolution.mixins.json:core.accessor.MinecraftAccessor from mod super_resolution,pl:mixin:APP:super_resolution.mixins.json:framegeneration.v1_20_1.GameRendererConstantsMixin from mod super_resolution,pl:mixin:APP:super_resolution.mixins.json:framegeneration.v1_21_11.GameRendererConstantsMixin from mod super_resolution,pl:mixin:APP:super_resolution.mixins.json:framegeneration.v26_1_x.GameRendererConstantsMixin from mod super_resolution,pl:mixin:APP:super_resolution.mixins.json:framegeneration.v26_2.GameRendererConstantsMixin from mod super_resolution,pl:mixin:APP:super_resolution.mixins.json:framegeneration.v26_2.NativeLibrariesBootstrapMixin from mod super_resolution,pl:mixin:APP:super_resolution.mixins.json:framegeneration.v26_3.GameRendererConstantsMixin from mod super_resolution,pl:mixin:APP:super_resolution.mixins.json:framegeneration.v26_3.NativeLibrariesBootstrapMixin from mod super_resolution,pl:mixin:APP:super_resolution.mixins.json:gui.GuiGraphicsMixin from mod super_resolution,pl:mixin:APP:super_resolution.mixins.json:gui.GuiRendererDrawAccessor from mod super_resolution,pl:mixin:APP:super_resolution.mixins.json:gui.GuiRendererMixin from mod super_resolution,pl:mixin:APP:super_resolution.mixins.json:lowlatency.v1_20_1.KeyboardHandlerReflexMixin from mod super_resolution,pl:mixin:APP:super_resolution.mixins.json:lowlatency.v1_20_1.MinecraftReflexMixin from mod super_resolution,pl:mixin:APP:super_resolution.mixins.json:lowlatency.v1_20_1.MouseHandlerReflexMixin from mod super_resolution,pl:mixin:APP:super_resolution.mixins.json:lowlatency.v1_20_1.RenderSystemAccessor from mod super_resolution,pl:mixin:APP:super_resolution.mixins.json:lowlatency.v1_21_1.MinecraftReflexMixin from mod super_resolution,pl:mixin:APP:super_resolution.mixins.json:lowlatency.v1_21_11.KeyboardHandlerReflexMixin from mod super_resolution,pl:mixin:APP:super_resolution.mixins.json:lowlatency.v1_21_11.MinecraftReflexMixin from mod super_resolution,pl:mixin:APP:super_resolution.mixins.json:lowlatency.v1_21_11.MouseHandlerReflexMixin from mod super_resolution,pl:mixin:APP:super_resolution.mixins.json:lowlatency.v1_21_11.RenderSystemAccessor from mod super_resolution,pl:mixin:APP:super_resolution.mixins.json:lowlatency.v26_1_x.KeyboardHandlerReflexMixin from mod super_resolution,pl:mixin:APP:super_resolution.mixins.json:lowlatency.v26_1_x.MinecraftReflexMixin from mod super_resolution,pl:mixin:APP:super_resolution.mixins.json:lowlatency.v26_1_x.MouseHandlerReflexMixin from mod super_resolution,pl:mixin:APP:super_resolution.mixins.json:lowlatency.v26_2.KeyboardHandlerReflexMixin from mod super_resolution,pl:mixin:APP:super_resolution.mixins.json:lowlatency.v26_2.MinecraftReflexMixin from mod super_resolution,pl:mixin:APP:super_resolution.mixins.json:lowlatency.v26_2.MouseHandlerReflexMixin from mod super_resolution,pl:mixin:APP:super_resolution.mixins.json:lowlatency.v26_3.KeyboardHandlerReflexMixin from mod super_resolution,pl:mixin:APP:super_resolution.mixins.json:lowlatency.v26_3.MinecraftReflexMixin from mod super_resolution,pl:mixin:APP:super_resolution.mixins.json:lowlatency.v26_3.MouseHandlerReflexMixin from mod super_resolution,pl:mixin:APP:super_resolution.mixins.json:presentation.v1_20_1.VulkanPresentationGameRendererCaptureMixin from mod super_resolution,pl:mixin:APP:super_resolution.mixins.json:presentation.v1_20_1.VulkanPresentationGlDeviceMixin from mod super_resolution,pl:mixin:APP:super_resolution.mixins.json:presentation.v1_20_1.VulkanPresentationMinecraftBackendMixin from mod super_resolution,pl:mixin:APP:super_resolution.mixins.json:presentation.v1_20_1.VulkanPresentationMinecraftCaptureMixin from mod super_resolution,pl:mixin:APP:super_resolution.mixins.json:presentation.v1_20_1.VulkanPresentationWindowMixin from mod super_resolution,pl:mixin:APP:super_resolution.mixins.json:presentation.v1_21_1.VulkanPresentationMinecraftCaptureMixin from mod super_resolution,pl:mixin:APP:super_resolution.mixins.json:presentation.v1_21_11.VulkanPresentationGameRendererCaptureMixin from mod super_resolution,pl:mixin:APP:super_resolution.mixins.json:presentation.v1_21_11.VulkanPresentationGlDeviceMixin from mod super_resolution,pl:mixin:APP:super_resolution.mixins.json:presentation.v1_21_11.VulkanPresentationMinecraftBackendMixin from mod super_resolution,pl:mixin:APP:super_resolution.mixins.json:presentation.v1_21_11.VulkanPresentationMinecraftCaptureMixin from mod super_resolution,pl:mixin:APP:super_resolution.mixins.json:presentation.v1_21_11.VulkanPresentationWindowMixin from mod super_resolution,pl:mixin:APP:super_resolution.mixins.json:presentation.v26_1_x.VulkanPresentationGameRendererCaptureMixin from mod super_resolution,pl:mixin:APP:super_resolution.mixins.json:presentation.v26_1_x.VulkanPresentationGlDeviceMixin from mod super_resolution,pl:mixin:APP:super_resolution.mixins.json:presentation.v26_1_x.VulkanPresentationMinecraftBackendMixin from mod super_resolution,pl:mixin:APP:super_resolution.mixins.json:presentation.v26_1_x.VulkanPresentationMinecraftCaptureMixin from mod super_resolution,pl:mixin:APP:super_resolution.mixins.json:presentation.v26_1_x.VulkanPresentationWindowCloseMixin from mod super_resolution,pl:mixin:APP:super_resolution.mixins.json:presentation.v26_2.VulkanPresentationGameRendererCaptureMixin from mod super_resolution,pl:mixin:APP:super_resolution.mixins.json:presentation.v26_2.VulkanPresentationGlDeviceMixin from mod super_resolution,pl:mixin:APP:super_resolution.mixins.json:presentation.v26_2.VulkanPresentationMinecraftBackendMixin from mod super_resolution,pl:mixin:APP:super_resolution.mixins.json:presentation.v26_2.VulkanPresentationMinecraftCaptureMixin from mod super_resolution,pl:mixin:APP:super_resolution.mixins.json:presentation.v26_2.VulkanPresentationWindowCloseMixin from mod super_resolution,pl:mixin:APP:super_resolution.mixins.json:presentation.v26_3.VulkanPresentationGameRendererCaptureMixin from mod super_resolution,pl:mixin:APP:super_resolution.mixins.json:presentation.v26_3.VulkanPresentationGlDeviceMixin from mod super_resolution,pl:mixin:APP:super_resolution.mixins.json:presentation.v26_3.VulkanPresentationMinecraftBackendMixin from mod super_resolution,pl:mixin:APP:super_resolution.mixins.json:presentation.v26_3.VulkanPresentationMinecraftCaptureMixin from mod super_resolution,pl:mixin:APP:super_resolution.mixins.json:presentation.v26_3.VulkanPresentationWindowCloseMixin from mod super_resolution,pl:mixin:APP:super_resolution-neoforge.mixins.json:neoforge.FuckingValidation1218Mixin from mod super_resolution,pl:mixin:APP:super_resolution-neoforge.mixins.json:neoforge.FuckingValidationMixin from mod super_resolution,pl:mixin:APP:super_resolution_irisapi.mixins.json:composite.before1_21_1.GlStateManagerTextureStateAccessor from mod super_resolution,pl:mixin:APP:architectury.mixins.json:MixinMinecraft from mod architectury,pl:mixin:A,pl:runtimedistcleaner:A}
	at TRANSFORMER/minecraft@1.21.1/net.minecraft.client.Minecraft.run(Minecraft.java:807) ~[neoforge-21.1.219.jar%23172!/:?] {re:mixin,pl:runtimedistcleaner:A,re:classloading,pl:mixin:APP:sodium-common.mixins.json:core.MinecraftMixin from mod sodium,pl:mixin:APP:sodium-neoforge.mixins.json:platform.neoforge.EntrypointMixin from mod sodium,pl:mixin:APP:mixins.iris.json:MixinMinecraft_Images from mod iris,pl:mixin:APP:mixins.iris.json:MixinMinecraft_Keybinds from mod iris,pl:mixin:APP:mixins.iris.json:MixinMinecraft_PipelineManagement from mod iris,pl:mixin:APP:super_resolution.mixins.json:core.GlTextureViewMixin from mod super_resolution,pl:mixin:APP:super_resolution.mixins.json:core.MinecraftMixin from mod super_resolution,pl:mixin:APP:super_resolution.mixins.json:core.accessor.MinecraftAccessor from mod super_resolution,pl:mixin:APP:super_resolution.mixins.json:framegeneration.v1_20_1.GameRendererConstantsMixin from mod super_resolution,pl:mixin:APP:super_resolution.mixins.json:framegeneration.v1_21_11.GameRendererConstantsMixin from mod super_resolution,pl:mixin:APP:super_resolution.mixins.json:framegeneration.v26_1_x.GameRendererConstantsMixin from mod super_resolution,pl:mixin:APP:super_resolution.mixins.json:framegeneration.v26_2.GameRendererConstantsMixin from mod super_resolution,pl:mixin:APP:super_resolution.mixins.json:framegeneration.v26_2.NativeLibrariesBootstrapMixin from mod super_resolution,pl:mixin:APP:super_resolution.mixins.json:framegeneration.v26_3.GameRendererConstantsMixin from mod super_resolution,pl:mixin:APP:super_resolution.mixins.json:framegeneration.v26_3.NativeLibrariesBootstrapMixin from mod super_resolution,pl:mixin:APP:super_resolution.mixins.json:gui.GuiGraphicsMixin from mod super_resolution,pl:mixin:APP:super_resolution.mixins.json:gui.GuiRendererDrawAccessor from mod super_resolution,pl:mixin:APP:super_resolution.mixins.json:gui.GuiRendererMixin from mod super_resolution,pl:mixin:APP:super_resolution.mixins.json:lowlatency.v1_20_1.KeyboardHandlerReflexMixin from mod super_resolution,pl:mixin:APP:super_resolution.mixins.json:lowlatency.v1_20_1.MinecraftReflexMixin from mod super_resolution,pl:mixin:APP:super_resolution.mixins.json:lowlatency.v1_20_1.MouseHandlerReflexMixin from mod super_resolution,pl:mixin:APP:super_resolution.mixins.json:lowlatency.v1_20_1.RenderSystemAccessor from mod super_resolution,pl:mixin:APP:super_resolution.mixins.json:lowlatency.v1_21_1.MinecraftReflexMixin from mod super_resolution,pl:mixin:APP:super_resolution.mixins.json:lowlatency.v1_21_11.KeyboardHandlerReflexMixin from mod super_resolution,pl:mixin:APP:super_resolution.mixins.json:lowlatency.v1_21_11.MinecraftReflexMixin from mod super_resolution,pl:mixin:APP:super_resolution.mixins.json:lowlatency.v1_21_11.MouseHandlerReflexMixin from mod super_resolution,pl:mixin:APP:super_resolution.mixins.json:lowlatency.v1_21_11.RenderSystemAccessor from mod super_resolution,pl:mixin:APP:super_resolution.mixins.json:lowlatency.v26_1_x.KeyboardHandlerReflexMixin from mod super_resolution,pl:mixin:APP:super_resolution.mixins.json:lowlatency.v26_1_x.MinecraftReflexMixin from mod super_resolution,pl:mixin:APP:super_resolution.mixins.json:lowlatency.v26_1_x.MouseHandlerReflexMixin from mod super_resolution,pl:mixin:APP:super_resolution.mixins.json:lowlatency.v26_2.KeyboardHandlerReflexMixin from mod super_resolution,pl:mixin:APP:super_resolution.mixins.json:lowlatency.v26_2.MinecraftReflexMixin from mod super_resolution,pl:mixin:APP:super_resolution.mixins.json:lowlatency.v26_2.MouseHandlerReflexMixin from mod super_resolution,pl:mixin:APP:super_resolution.mixins.json:lowlatency.v26_3.KeyboardHandlerReflexMixin from mod super_resolution,pl:mixin:APP:super_resolution.mixins.json:lowlatency.v26_3.MinecraftReflexMixin from mod super_resolution,pl:mixin:APP:super_resolution.mixins.json:lowlatency.v26_3.MouseHandlerReflexMixin from mod super_resolution,pl:mixin:APP:super_resolution.mixins.json:presentation.v1_20_1.VulkanPresentationGameRendererCaptureMixin from mod super_resolution,pl:mixin:APP:super_resolution.mixins.json:presentation.v1_20_1.VulkanPresentationGlDeviceMixin from mod super_resolution,pl:mixin:APP:super_resolution.mixins.json:presentation.v1_20_1.VulkanPresentationMinecraftBackendMixin from mod super_resolution,pl:mixin:APP:super_resolution.mixins.json:presentation.v1_20_1.VulkanPresentationMinecraftCaptureMixin from mod super_resolution,pl:mixin:APP:super_resolution.mixins.json:presentation.v1_20_1.VulkanPresentationWindowMixin from mod super_resolution,pl:mixin:APP:super_resolution.mixins.json:presentation.v1_21_1.VulkanPresentationMinecraftCaptureMixin from mod super_resolution,pl:mixin:APP:super_resolution.mixins.json:presentation.v1_21_11.VulkanPresentationGameRendererCaptureMixin from mod super_resolution,pl:mixin:APP:super_resolution.mixins.json:presentation.v1_21_11.VulkanPresentationGlDeviceMixin from mod super_resolution,pl:mixin:APP:super_resolution.mixins.json:presentation.v1_21_11.VulkanPresentationMinecraftBackendMixin from mod super_resolution,pl:mixin:APP:super_resolution.mixins.json:presentation.v1_21_11.VulkanPresentationMinecraftCaptureMixin from mod super_resolution,pl:mixin:APP:super_resolution.mixins.json:presentation.v1_21_11.VulkanPresentationWindowMixin from mod super_resolution,pl:mixin:APP:super_resolution.mixins.json:presentation.v26_1_x.VulkanPresentationGameRendererCaptureMixin from mod super_resolution,pl:mixin:APP:super_resolution.mixins.json:presentation.v26_1_x.VulkanPresentationGlDeviceMixin from mod super_resolution,pl:mixin:APP:super_resolution.mixins.json:presentation.v26_1_x.VulkanPresentationMinecraftBackendMixin from mod super_resolution,pl:mixin:APP:super_resolution.mixins.json:presentation.v26_1_x.VulkanPresentationMinecraftCaptureMixin from mod super_resolution,pl:mixin:APP:super_resolution.mixins.json:presentation.v26_1_x.VulkanPresentationWindowCloseMixin from mod super_resolution,pl:mixin:APP:super_resolution.mixins.json:presentation.v26_2.VulkanPresentationGameRendererCaptureMixin from mod super_resolution,pl:mixin:APP:super_resolution.mixins.json:presentation.v26_2.VulkanPresentationGlDeviceMixin from mod super_resolution,pl:mixin:APP:super_resolution.mixins.json:presentation.v26_2.VulkanPresentationMinecraftBackendMixin from mod super_resolution,pl:mixin:APP:super_resolution.mixins.json:presentation.v26_2.VulkanPresentationMinecraftCaptureMixin from mod super_resolution,pl:mixin:APP:super_resolution.mixins.json:presentation.v26_2.VulkanPresentationWindowCloseMixin from mod super_resolution,pl:mixin:APP:super_resolution.mixins.json:presentation.v26_3.VulkanPresentationGameRendererCaptureMixin from mod super_resolution,pl:mixin:APP:super_resolution.mixins.json:presentation.v26_3.VulkanPresentationGlDeviceMixin from mod super_resolution,pl:mixin:APP:super_resolution.mixins.json:presentation.v26_3.VulkanPresentationMinecraftBackendMixin from mod super_resolution,pl:mixin:APP:super_resolution.mixins.json:presentation.v26_3.VulkanPresentationMinecraftCaptureMixin from mod super_resolution,pl:mixin:APP:super_resolution.mixins.json:presentation.v26_3.VulkanPresentationWindowCloseMixin from mod super_resolution,pl:mixin:APP:super_resolution-neoforge.mixins.json:neoforge.FuckingValidation1218Mixin from mod super_resolution,pl:mixin:APP:super_resolution-neoforge.mixins.json:neoforge.FuckingValidationMixin from mod super_resolution,pl:mixin:APP:super_resolution_irisapi.mixins.json:composite.before1_21_1.GlStateManagerTextureStateAccessor from mod super_resolution,pl:mixin:APP:architectury.mixins.json:MixinMinecraft from mod architectury,pl:mixin:A,pl:runtimedistcleaner:A}
	at TRANSFORMER/minecraft@1.21.1/net.minecraft.client.main.Main.main(Main.java:230) ~[neoforge-21.1.219.jar%23172!/:?] {re:classloading,pl:runtimedistcleaner:A}
	at java.base/jdk.internal.reflect.DirectMethodHandleAccessor.invoke(DirectMethodHandleAccessor.java:103) ~[?:?] {}
	at java.base/java.lang.reflect.Method.invoke(Method.java:580) ~[?:?] {}
	at MC-BOOTSTRAP/fml_loader@4.0.42/net.neoforged.fml.loading.targets.CommonLaunchHandler.runTarget(CommonLaunchHandler.java:136) ~[loader-4.0.42.jar%23130!/:4.0] {}
	at MC-BOOTSTRAP/fml_loader@4.0.42/net.neoforged.fml.loading.targets.CommonLaunchHandler.clientService(CommonLaunchHandler.java:124) ~[loader-4.0.42.jar%23130!/:4.0] {}
	at MC-BOOTSTRAP/fml_loader@4.0.42/net.neoforged.fml.loading.targets.NeoForgeClientDevLaunchHandler.runService(NeoForgeClientDevLaunchHandler.java:23) ~[loader-4.0.42.jar%23130!/:4.0] {}
	at MC-BOOTSTRAP/fml_loader@4.0.42/net.neoforged.fml.loading.targets.CommonLaunchHandler.lambda$launchService$4(CommonLaunchHandler.java:118) ~[loader-4.0.42.jar%23130!/:4.0] {}
	at MC-BOOTSTRAP/cpw.mods.modlauncher@11.0.5/cpw.mods.modlauncher.LaunchServiceHandlerDecorator.launch(LaunchServiceHandlerDecorator.java:30) [modlauncher-11.0.5.jar%23112!/:?] {}
	at MC-BOOTSTRAP/cpw.mods.modlauncher@11.0.5/cpw.mods.modlauncher.LaunchServiceHandler.launch(LaunchServiceHandler.java:53) [modlauncher-11.0.5.jar%23112!/:?] {}
	at MC-BOOTSTRAP/cpw.mods.modlauncher@11.0.5/cpw.mods.modlauncher.LaunchServiceHandler.launch(LaunchServiceHandler.java:71) [modlauncher-11.0.5.jar%23112!/:?] {}
	at MC-BOOTSTRAP/cpw.mods.modlauncher@11.0.5/cpw.mods.modlauncher.Launcher.run(Launcher.java:103) [modlauncher-11.0.5.jar%23112!/:?] {}
	at MC-BOOTSTRAP/cpw.mods.modlauncher@11.0.5/cpw.mods.modlauncher.Launcher.main(Launcher.java:74) [modlauncher-11.0.5.jar%23112!/:?] {}
	at MC-BOOTSTRAP/cpw.mods.modlauncher@11.0.5/cpw.mods.modlauncher.BootstrapLaunchConsumer.accept(BootstrapLaunchConsumer.java:26) [modlauncher-11.0.5.jar%23112!/:?] {}
	at MC-BOOTSTRAP/cpw.mods.modlauncher@11.0.5/cpw.mods.modlauncher.BootstrapLaunchConsumer.accept(BootstrapLaunchConsumer.java:23) [modlauncher-11.0.5.jar%23112!/:?] {}
	at cpw.mods.bootstraplauncher@2.0.2/cpw.mods.bootstraplauncher.BootstrapLauncher.run(BootstrapLauncher.java:210) [bootstraplauncher-2.0.2.jar:?] {}
	at cpw.mods.bootstraplauncher@2.0.2/cpw.mods.bootstraplauncher.BootstrapLauncher.main(BootstrapLauncher.java:69) [bootstraplauncher-2.0.2.jar:?] {}
	at java.base/jdk.internal.reflect.DirectMethodHandleAccessor.invoke(DirectMethodHandleAccessor.java:103) ~[?:?] {}
	at java.base/java.lang.reflect.Method.invoke(Method.java:580) ~[?:?] {}
	at net.neoforged.devlaunch.Main.main(Main.java:57) [DevLaunch-1.0.2.jar:?] {}
[17:09:53] [Render thread/WARN] [Iris/]: Failed to resolve uniform endFlashFactor0, reason: Unknown variable: endFlashIntensity ( = BinaryExpr{ {FunctionCall{min {[Id{endFlashIntensity}, Number{0.5}]} }} multiply{0} {Number{2.0}} })
java.lang.RuntimeException: Unknown variable: endFlashIntensity
	at TRANSFORMER/iris@1.8.8+mc1.21.1/kroppeb.stareval.resolver.ExpressionResolver.resolveExpressionInternal(ExpressionResolver.java:225) ~[iris-1.8.8+1.21.1-neoforge-neoforge,1.21.1.jar%23177!/:?] {re:classloading}
	at TRANSFORMER/iris@1.8.8+mc1.21.1/kroppeb.stareval.resolver.ExpressionResolver.resolveCallExpressionInternal(ExpressionResolver.java:81) ~[iris-1.8.8+1.21.1-neoforge-neoforge,1.21.1.jar%23177!/:?] {re:classloading}
	at TRANSFORMER/iris@1.8.8+mc1.21.1/kroppeb.stareval.resolver.ExpressionResolver.resolveCallExpression(ExpressionResolver.java:111) ~[iris-1.8.8+1.21.1-neoforge-neoforge,1.21.1.jar%23177!/:?] {re:classloading}
	at TRANSFORMER/iris@1.8.8+mc1.21.1/kroppeb.stareval.resolver.ExpressionResolver.resolveExpressionInternal(ExpressionResolver.java:196) ~[iris-1.8.8+1.21.1-neoforge-neoforge,1.21.1.jar%23177!/:?] {re:classloading}
	at TRANSFORMER/iris@1.8.8+mc1.21.1/kroppeb.stareval.resolver.ExpressionResolver.resolveCallExpressionInternal(ExpressionResolver.java:81) ~[iris-1.8.8+1.21.1-neoforge-neoforge,1.21.1.jar%23177!/:?] {re:classloading}
	at TRANSFORMER/iris@1.8.8+mc1.21.1/kroppeb.stareval.resolver.ExpressionResolver.resolveCallExpression(ExpressionResolver.java:111) ~[iris-1.8.8+1.21.1-neoforge-neoforge,1.21.1.jar%23177!/:?] {re:classloading}
	at TRANSFORMER/iris@1.8.8+mc1.21.1/kroppeb.stareval.resolver.ExpressionResolver.resolveExpressionInternal(ExpressionResolver.java:192) ~[iris-1.8.8+1.21.1-neoforge-neoforge,1.21.1.jar%23177!/:?] {re:classloading}
	at TRANSFORMER/iris@1.8.8+mc1.21.1/kroppeb.stareval.resolver.ExpressionResolver.resolveExpression(ExpressionResolver.java:50) ~[iris-1.8.8+1.21.1-neoforge-neoforge,1.21.1.jar%23177!/:?] {re:classloading}
	at TRANSFORMER/iris@1.8.8+mc1.21.1/net.irisshaders.iris.uniforms.custom.CustomUniforms.<init>(CustomUniforms.java:60) ~[iris-1.8.8+1.21.1-neoforge-neoforge,1.21.1.jar%23177!/:?] {re:classloading}
	at TRANSFORMER/iris@1.8.8+mc1.21.1/net.irisshaders.iris.uniforms.custom.CustomUniforms$Builder.build(CustomUniforms.java:332) ~[iris-1.8.8+1.21.1-neoforge-neoforge,1.21.1.jar%23177!/:?] {re:classloading}
	at TRANSFORMER/iris@1.8.8+mc1.21.1/net.irisshaders.iris.uniforms.custom.CustomUniforms$Builder.build(CustomUniforms.java:343) ~[iris-1.8.8+1.21.1-neoforge-neoforge,1.21.1.jar%23177!/:?] {re:classloading}
	at TRANSFORMER/iris@1.8.8+mc1.21.1/net.irisshaders.iris.pipeline.IrisRenderingPipeline.<init>(IrisRenderingPipeline.java:282) ~[iris-1.8.8+1.21.1-neoforge-neoforge,1.21.1.jar%23177!/:?] {re:mixin,re:classloading,pl:mixin:APP:super_resolution_irisapi.mixins.json:composite.IrisRenderingPipelineAccessor from mod super_resolution,pl:mixin:APP:super_resolution_irisapi.mixins.json:composite.before1_21_1.IrisRenderingPipelineMixin from mod super_resolution,pl:mixin:APP:super_resolution.shadercompat.mixins.json:core.IrisRenderingPipelineAccessor from mod super_resolution,pl:mixin:APP:super_resolution.shadercompat.mixins.json:core.IrisRenderingPipelineMixin from mod super_resolution,pl:mixin:A}
	at TRANSFORMER/iris@1.8.8+mc1.21.1/net.irisshaders.iris.Iris.createPipeline(Iris.java:616) ~[iris-1.8.8+1.21.1-neoforge-neoforge,1.21.1.jar%23177!/:?] {re:mixin,re:classloading,pl:mixin:APP:super_resolution.shadercompat.mixins.json:core.IrisMixin from mod super_resolution,pl:mixin:A}
	at TRANSFORMER/iris@1.8.8+mc1.21.1/net.irisshaders.iris.pipeline.PipelineManager.preparePipeline(PipelineManager.java:33) ~[iris-1.8.8+1.21.1-neoforge-neoforge,1.21.1.jar%23177!/:?] {re:mixin,re:classloading,pl:mixin:APP:super_resolution.shadercompat.mixins.json:core.PipelineManagerMixin from mod super_resolution,pl:mixin:A}
	at TRANSFORMER/iris@1.8.8+mc1.21.1/net.irisshaders.iris.Iris.onLoadingComplete(Iris.java:150) ~[iris-1.8.8+1.21.1-neoforge-neoforge,1.21.1.jar%23177!/:?] {re:mixin,re:classloading,pl:mixin:APP:super_resolution.shadercompat.mixins.json:core.IrisMixin from mod super_resolution,pl:mixin:A}
	at TRANSFORMER/minecraft@1.21.1/net.minecraft.client.gui.screens.TitleScreen.handler$zfl000$iris$firstInit(TitleScreen.java:525) ~[neoforge-21.1.219.jar%23172!/:?] {re:mixin,pl:runtimedistcleaner:A,re:computing_frames,pl:runtimedistcleaner:A,re:classloading,pl:mixin:APP:mixins.iris.json:MixinTitleScreen from mod iris,pl:mixin:A,pl:runtimedistcleaner:A}
	at TRANSFORMER/minecraft@1.21.1/net.minecraft.client.gui.screens.TitleScreen.init(TitleScreen.java:157) ~[neoforge-21.1.219.jar%23172!/:?] {re:mixin,pl:runtimedistcleaner:A,re:computing_frames,pl:runtimedistcleaner:A,re:classloading,pl:mixin:APP:mixins.iris.json:MixinTitleScreen from mod iris,pl:mixin:A,pl:runtimedistcleaner:A}
	at TRANSFORMER/minecraft@1.21.1/net.minecraft.client.gui.screens.Screen.init(Screen.java:317) ~[neoforge-21.1.219.jar%23172!/:?] {re:mixin,pl:accesstransformer:B,pl:runtimedistcleaner:A,re:classloading,pl:accesstransformer:B,pl:runtimedistcleaner:A}
	at TRANSFORMER/minecraft@1.21.1/net.minecraft.client.Minecraft.setScreen(Minecraft.java:1057) ~[neoforge-21.1.219.jar%23172!/:?] {re:mixin,pl:runtimedistcleaner:A,re:classloading,pl:mixin:APP:sodium-common.mixins.json:core.MinecraftMixin from mod sodium,pl:mixin:APP:sodium-neoforge.mixins.json:platform.neoforge.EntrypointMixin from mod sodium,pl:mixin:APP:mixins.iris.json:MixinMinecraft_Images from mod iris,pl:mixin:APP:mixins.iris.json:MixinMinecraft_Keybinds from mod iris,pl:mixin:APP:mixins.iris.json:MixinMinecraft_PipelineManagement from mod iris,pl:mixin:APP:super_resolution.mixins.json:core.GlTextureViewMixin from mod super_resolution,pl:mixin:APP:super_resolution.mixins.json:core.MinecraftMixin from mod super_resolution,pl:mixin:APP:super_resolution.mixins.json:core.accessor.MinecraftAccessor from mod super_resolution,pl:mixin:APP:super_resolution.mixins.json:framegeneration.v1_20_1.GameRendererConstantsMixin from mod super_resolution,pl:mixin:APP:super_resolution.mixins.json:framegeneration.v1_21_11.GameRendererConstantsMixin from mod super_resolution,pl:mixin:APP:super_resolution.mixins.json:framegeneration.v26_1_x.GameRendererConstantsMixin from mod super_resolution,pl:mixin:APP:super_resolution.mixins.json:framegeneration.v26_2.GameRendererConstantsMixin from mod super_resolution,pl:mixin:APP:super_resolution.mixins.json:framegeneration.v26_2.NativeLibrariesBootstrapMixin from mod super_resolution,pl:mixin:APP:super_resolution.mixins.json:framegeneration.v26_3.GameRendererConstantsMixin from mod super_resolution,pl:mixin:APP:super_resolution.mixins.json:framegeneration.v26_3.NativeLibrariesBootstrapMixin from mod super_resolution,pl:mixin:APP:super_resolution.mixins.json:gui.GuiGraphicsMixin from mod super_resolution,pl:mixin:APP:super_resolution.mixins.json:gui.GuiRendererDrawAccessor from mod super_resolution,pl:mixin:APP:super_resolution.mixins.json:gui.GuiRendererMixin from mod super_resolution,pl:mixin:APP:super_resolution.mixins.json:lowlatency.v1_20_1.KeyboardHandlerReflexMixin from mod super_resolution,pl:mixin:APP:super_resolution.mixins.json:lowlatency.v1_20_1.MinecraftReflexMixin from mod super_resolution,pl:mixin:APP:super_resolution.mixins.json:lowlatency.v1_20_1.MouseHandlerReflexMixin from mod super_resolution,pl:mixin:APP:super_resolution.mixins.json:lowlatency.v1_20_1.RenderSystemAccessor from mod super_resolution,pl:mixin:APP:super_resolution.mixins.json:lowlatency.v1_21_1.MinecraftReflexMixin from mod super_resolution,pl:mixin:APP:super_resolution.mixins.json:lowlatency.v1_21_11.KeyboardHandlerReflexMixin from mod super_resolution,pl:mixin:APP:super_resolution.mixins.json:lowlatency.v1_21_11.MinecraftReflexMixin from mod super_resolution,pl:mixin:APP:super_resolution.mixins.json:lowlatency.v1_21_11.MouseHandlerReflexMixin from mod super_resolution,pl:mixin:APP:super_resolution.mixins.json:lowlatency.v1_21_11.RenderSystemAccessor from mod super_resolution,pl:mixin:APP:super_resolution.mixins.json:lowlatency.v26_1_x.KeyboardHandlerReflexMixin from mod super_resolution,pl:mixin:APP:super_resolution.mixins.json:lowlatency.v26_1_x.MinecraftReflexMixin from mod super_resolution,pl:mixin:APP:super_resolution.mixins.json:lowlatency.v26_1_x.MouseHandlerReflexMixin from mod super_resolution,pl:mixin:APP:super_resolution.mixins.json:lowlatency.v26_2.KeyboardHandlerReflexMixin from mod super_resolution,pl:mixin:APP:super_resolution.mixins.json:lowlatency.v26_2.MinecraftReflexMixin from mod super_resolution,pl:mixin:APP:super_resolution.mixins.json:lowlatency.v26_2.MouseHandlerReflexMixin from mod super_resolution,pl:mixin:APP:super_resolution.mixins.json:lowlatency.v26_3.KeyboardHandlerReflexMixin from mod super_resolution,pl:mixin:APP:super_resolution.mixins.json:lowlatency.v26_3.MinecraftReflexMixin from mod super_resolution,pl:mixin:APP:super_resolution.mixins.json:lowlatency.v26_3.MouseHandlerReflexMixin from mod super_resolution,pl:mixin:APP:super_resolution.mixins.json:presentation.v1_20_1.VulkanPresentationGameRendererCaptureMixin from mod super_resolution,pl:mixin:APP:super_resolution.mixins.json:presentation.v1_20_1.VulkanPresentationGlDeviceMixin from mod super_resolution,pl:mixin:APP:super_resolution.mixins.json:presentation.v1_20_1.VulkanPresentationMinecraftBackendMixin from mod super_resolution,pl:mixin:APP:super_resolution.mixins.json:presentation.v1_20_1.VulkanPresentationMinecraftCaptureMixin from mod super_resolution,pl:mixin:APP:super_resolution.mixins.json:presentation.v1_20_1.VulkanPresentationWindowMixin from mod super_resolution,pl:mixin:APP:super_resolution.mixins.json:presentation.v1_21_1.VulkanPresentationMinecraftCaptureMixin from mod super_resolution,pl:mixin:APP:super_resolution.mixins.json:presentation.v1_21_11.VulkanPresentationGameRendererCaptureMixin from mod super_resolution,pl:mixin:APP:super_resolution.mixins.json:presentation.v1_21_11.VulkanPresentationGlDeviceMixin from mod super_resolution,pl:mixin:APP:super_resolution.mixins.json:presentation.v1_21_11.VulkanPresentationMinecraftBackendMixin from mod super_resolution,pl:mixin:APP:super_resolution.mixins.json:presentation.v1_21_11.VulkanPresentationMinecraftCaptureMixin from mod super_resolution,pl:mixin:APP:super_resolution.mixins.json:presentation.v1_21_11.VulkanPresentationWindowMixin from mod super_resolution,pl:mixin:APP:super_resolution.mixins.json:presentation.v26_1_x.VulkanPresentationGameRendererCaptureMixin from mod super_resolution,pl:mixin:APP:super_resolution.mixins.json:presentation.v26_1_x.VulkanPresentationGlDeviceMixin from mod super_resolution,pl:mixin:APP:super_resolution.mixins.json:presentation.v26_1_x.VulkanPresentationMinecraftBackendMixin from mod super_resolution,pl:mixin:APP:super_resolution.mixins.json:presentation.v26_1_x.VulkanPresentationMinecraftCaptureMixin from mod super_resolution,pl:mixin:APP:super_resolution.mixins.json:presentation.v26_1_x.VulkanPresentationWindowCloseMixin from mod super_resolution,pl:mixin:APP:super_resolution.mixins.json:presentation.v26_2.VulkanPresentationGameRendererCaptureMixin from mod super_resolution,pl:mixin:APP:super_resolution.mixins.json:presentation.v26_2.VulkanPresentationGlDeviceMixin from mod super_resolution,pl:mixin:APP:super_resolution.mixins.json:presentation.v26_2.VulkanPresentationMinecraftBackendMixin from mod super_resolution,pl:mixin:APP:super_resolution.mixins.json:presentation.v26_2.VulkanPresentationMinecraftCaptureMixin from mod super_resolution,pl:mixin:APP:super_resolution.mixins.json:presentation.v26_2.VulkanPresentationWindowCloseMixin from mod super_resolution,pl:mixin:APP:super_resolution.mixins.json:presentation.v26_3.VulkanPresentationGameRendererCaptureMixin from mod super_resolution,pl:mixin:APP:super_resolution.mixins.json:presentation.v26_3.VulkanPresentationGlDeviceMixin from mod super_resolution,pl:mixin:APP:super_resolution.mixins.json:presentation.v26_3.VulkanPresentationMinecraftBackendMixin from mod super_resolution,pl:mixin:APP:super_resolution.mixins.json:presentation.v26_3.VulkanPresentationMinecraftCaptureMixin from mod super_resolution,pl:mixin:APP:super_resolution.mixins.json:presentation.v26_3.VulkanPresentationWindowCloseMixin from mod super_resolution,pl:mixin:APP:super_resolution-neoforge.mixins.json:neoforge.FuckingValidation1218Mixin from mod super_resolution,pl:mixin:APP:super_resolution-neoforge.mixins.json:neoforge.FuckingValidationMixin from mod super_resolution,pl:mixin:APP:super_resolution_irisapi.mixins.json:composite.before1_21_1.GlStateManagerTextureStateAccessor from mod super_resolution,pl:mixin:APP:architectury.mixins.json:MixinMinecraft from mod architectury,pl:mixin:A,pl:runtimedistcleaner:A}
	at TRANSFORMER/minecraft@1.21.1/net.minecraft.client.Minecraft.lambda$buildInitialScreens$9(Minecraft.java:664) ~[neoforge-21.1.219.jar%23172!/:?] {re:mixin,pl:runtimedistcleaner:A,re:classloading,pl:mixin:APP:sodium-common.mixins.json:core.MinecraftMixin from mod sodium,pl:mixin:APP:sodium-neoforge.mixins.json:platform.neoforge.EntrypointMixin from mod sodium,pl:mixin:APP:mixins.iris.json:MixinMinecraft_Images from mod iris,pl:mixin:APP:mixins.iris.json:MixinMinecraft_Keybinds from mod iris,pl:mixin:APP:mixins.iris.json:MixinMinecraft_PipelineManagement from mod iris,pl:mixin:APP:super_resolution.mixins.json:core.GlTextureViewMixin from mod super_resolution,pl:mixin:APP:super_resolution.mixins.json:core.MinecraftMixin from mod super_resolution,pl:mixin:APP:super_resolution.mixins.json:core.accessor.MinecraftAccessor from mod super_resolution,pl:mixin:APP:super_resolution.mixins.json:framegeneration.v1_20_1.GameRendererConstantsMixin from mod super_resolution,pl:mixin:APP:super_resolution.mixins.json:framegeneration.v1_21_11.GameRendererConstantsMixin from mod super_resolution,pl:mixin:APP:super_resolution.mixins.json:framegeneration.v26_1_x.GameRendererConstantsMixin from mod super_resolution,pl:mixin:APP:super_resolution.mixins.json:framegeneration.v26_2.GameRendererConstantsMixin from mod super_resolution,pl:mixin:APP:super_resolution.mixins.json:framegeneration.v26_2.NativeLibrariesBootstrapMixin from mod super_resolution,pl:mixin:APP:super_resolution.mixins.json:framegeneration.v26_3.GameRendererConstantsMixin from mod super_resolution,pl:mixin:APP:super_resolution.mixins.json:framegeneration.v26_3.NativeLibrariesBootstrapMixin from mod super_resolution,pl:mixin:APP:super_resolution.mixins.json:gui.GuiGraphicsMixin from mod super_resolution,pl:mixin:APP:super_resolution.mixins.json:gui.GuiRendererDrawAccessor from mod super_resolution,pl:mixin:APP:super_resolution.mixins.json:gui.GuiRendererMixin from mod super_resolution,pl:mixin:APP:super_resolution.mixins.json:lowlatency.v1_20_1.KeyboardHandlerReflexMixin from mod super_resolution,pl:mixin:APP:super_resolution.mixins.json:lowlatency.v1_20_1.MinecraftReflexMixin from mod super_resolution,pl:mixin:APP:super_resolution.mixins.json:lowlatency.v1_20_1.MouseHandlerReflexMixin from mod super_resolution,pl:mixin:APP:super_resolution.mixins.json:lowlatency.v1_20_1.RenderSystemAccessor from mod super_resolution,pl:mixin:APP:super_resolution.mixins.json:lowlatency.v1_21_1.MinecraftReflexMixin from mod super_resolution,pl:mixin:APP:super_resolution.mixins.json:lowlatency.v1_21_11.KeyboardHandlerReflexMixin from mod super_resolution,pl:mixin:APP:super_resolution.mixins.json:lowlatency.v1_21_11.MinecraftReflexMixin from mod super_resolution,pl:mixin:APP:super_resolution.mixins.json:lowlatency.v1_21_11.MouseHandlerReflexMixin from mod super_resolution,pl:mixin:APP:super_resolution.mixins.json:lowlatency.v1_21_11.RenderSystemAccessor from mod super_resolution,pl:mixin:APP:super_resolution.mixins.json:lowlatency.v26_1_x.KeyboardHandlerReflexMixin from mod super_resolution,pl:mixin:APP:super_resolution.mixins.json:lowlatency.v26_1_x.MinecraftReflexMixin from mod super_resolution,pl:mixin:APP:super_resolution.mixins.json:lowlatency.v26_1_x.MouseHandlerReflexMixin from mod super_resolution,pl:mixin:APP:super_resolution.mixins.json:lowlatency.v26_2.KeyboardHandlerReflexMixin from mod super_resolution,pl:mixin:APP:super_resolution.mixins.json:lowlatency.v26_2.MinecraftReflexMixin from mod super_resolution,pl:mixin:APP:super_resolution.mixins.json:lowlatency.v26_2.MouseHandlerReflexMixin from mod super_resolution,pl:mixin:APP:super_resolution.mixins.json:lowlatency.v26_3.KeyboardHandlerReflexMixin from mod super_resolution,pl:mixin:APP:super_resolution.mixins.json:lowlatency.v26_3.MinecraftReflexMixin from mod super_resolution,pl:mixin:APP:super_resolution.mixins.json:lowlatency.v26_3.MouseHandlerReflexMixin from mod super_resolution,pl:mixin:APP:super_resolution.mixins.json:presentation.v1_20_1.VulkanPresentationGameRendererCaptureMixin from mod super_resolution,pl:mixin:APP:super_resolution.mixins.json:presentation.v1_20_1.VulkanPresentationGlDeviceMixin from mod super_resolution,pl:mixin:APP:super_resolution.mixins.json:presentation.v1_20_1.VulkanPresentationMinecraftBackendMixin from mod super_resolution,pl:mixin:APP:super_resolution.mixins.json:presentation.v1_20_1.VulkanPresentationMinecraftCaptureMixin from mod super_resolution,pl:mixin:APP:super_resolution.mixins.json:presentation.v1_20_1.VulkanPresentationWindowMixin from mod super_resolution,pl:mixin:APP:super_resolution.mixins.json:presentation.v1_21_1.VulkanPresentationMinecraftCaptureMixin from mod super_resolution,pl:mixin:APP:super_resolution.mixins.json:presentation.v1_21_11.VulkanPresentationGameRendererCaptureMixin from mod super_resolution,pl:mixin:APP:super_resolution.mixins.json:presentation.v1_21_11.VulkanPresentationGlDeviceMixin from mod super_resolution,pl:mixin:APP:super_resolution.mixins.json:presentation.v1_21_11.VulkanPresentationMinecraftBackendMixin from mod super_resolution,pl:mixin:APP:super_resolution.mixins.json:presentation.v1_21_11.VulkanPresentationMinecraftCaptureMixin from mod super_resolution,pl:mixin:APP:super_resolution.mixins.json:presentation.v1_21_11.VulkanPresentationWindowMixin from mod super_resolution,pl:mixin:APP:super_resolution.mixins.json:presentation.v26_1_x.VulkanPresentationGameRendererCaptureMixin from mod super_resolution,pl:mixin:APP:super_resolution.mixins.json:presentation.v26_1_x.VulkanPresentationGlDeviceMixin from mod super_resolution,pl:mixin:APP:super_resolution.mixins.json:presentation.v26_1_x.VulkanPresentationMinecraftBackendMixin from mod super_resolution,pl:mixin:APP:super_resolution.mixins.json:presentation.v26_1_x.VulkanPresentationMinecraftCaptureMixin from mod super_resolution,pl:mixin:APP:super_resolution.mixins.json:presentation.v26_1_x.VulkanPresentationWindowCloseMixin from mod super_resolution,pl:mixin:APP:super_resolution.mixins.json:presentation.v26_2.VulkanPresentationGameRendererCaptureMixin from mod super_resolution,pl:mixin:APP:super_resolution.mixins.json:presentation.v26_2.VulkanPresentationGlDeviceMixin from mod super_resolution,pl:mixin:APP:super_resolution.mixins.json:presentation.v26_2.VulkanPresentationMinecraftBackendMixin from mod super_resolution,pl:mixin:APP:super_resolution.mixins.json:presentation.v26_2.VulkanPresentationMinecraftCaptureMixin from mod super_resolution,pl:mixin:APP:super_resolution.mixins.json:presentation.v26_2.VulkanPresentationWindowCloseMixin from mod super_resolution,pl:mixin:APP:super_resolution.mixins.json:presentation.v26_3.VulkanPresentationGameRendererCaptureMixin from mod super_resolution,pl:mixin:APP:super_resolution.mixins.json:presentation.v26_3.VulkanPresentationGlDeviceMixin from mod super_resolution,pl:mixin:APP:super_resolution.mixins.json:presentation.v26_3.VulkanPresentationMinecraftBackendMixin from mod super_resolution,pl:mixin:APP:super_resolution.mixins.json:presentation.v26_3.VulkanPresentationMinecraftCaptureMixin from mod super_resolution,pl:mixin:APP:super_resolution.mixins.json:presentation.v26_3.VulkanPresentationWindowCloseMixin from mod super_resolution,pl:mixin:APP:super_resolution-neoforge.mixins.json:neoforge.FuckingValidation1218Mixin from mod super_resolution,pl:mixin:APP:super_resolution-neoforge.mixins.json:neoforge.FuckingValidationMixin from mod super_resolution,pl:mixin:APP:super_resolution_irisapi.mixins.json:composite.before1_21_1.GlStateManagerTextureStateAccessor from mod super_resolution,pl:mixin:APP:architectury.mixins.json:MixinMinecraft from mod architectury,pl:mixin:A,pl:runtimedistcleaner:A}
	at TRANSFORMER/minecraft@1.21.1/net.minecraft.client.Minecraft.onGameLoadFinished(Minecraft.java:650) ~[neoforge-21.1.219.jar%23172!/:?] {re:mixin,pl:runtimedistcleaner:A,re:classloading,pl:mixin:APP:sodium-common.mixins.json:core.MinecraftMixin from mod sodium,pl:mixin:APP:sodium-neoforge.mixins.json:platform.neoforge.EntrypointMixin from mod sodium,pl:mixin:APP:mixins.iris.json:MixinMinecraft_Images from mod iris,pl:mixin:APP:mixins.iris.json:MixinMinecraft_Keybinds from mod iris,pl:mixin:APP:mixins.iris.json:MixinMinecraft_PipelineManagement from mod iris,pl:mixin:APP:super_resolution.mixins.json:core.GlTextureViewMixin from mod super_resolution,pl:mixin:APP:super_resolution.mixins.json:core.MinecraftMixin from mod super_resolution,pl:mixin:APP:super_resolution.mixins.json:core.accessor.MinecraftAccessor from mod super_resolution,pl:mixin:APP:super_resolution.mixins.json:framegeneration.v1_20_1.GameRendererConstantsMixin from mod super_resolution,pl:mixin:APP:super_resolution.mixins.json:framegeneration.v1_21_11.GameRendererConstantsMixin from mod super_resolution,pl:mixin:APP:super_resolution.mixins.json:framegeneration.v26_1_x.GameRendererConstantsMixin from mod super_resolution,pl:mixin:APP:super_resolution.mixins.json:framegeneration.v26_2.GameRendererConstantsMixin from mod super_resolution,pl:mixin:APP:super_resolution.mixins.json:framegeneration.v26_2.NativeLibrariesBootstrapMixin from mod super_resolution,pl:mixin:APP:super_resolution.mixins.json:framegeneration.v26_3.GameRendererConstantsMixin from mod super_resolution,pl:mixin:APP:super_resolution.mixins.json:framegeneration.v26_3.NativeLibrariesBootstrapMixin from mod super_resolution,pl:mixin:APP:super_resolution.mixins.json:gui.GuiGraphicsMixin from mod super_resolution,pl:mixin:APP:super_resolution.mixins.json:gui.GuiRendererDrawAccessor from mod super_resolution,pl:mixin:APP:super_resolution.mixins.json:gui.GuiRendererMixin from mod super_resolution,pl:mixin:APP:super_resolution.mixins.json:lowlatency.v1_20_1.KeyboardHandlerReflexMixin from mod super_resolution,pl:mixin:APP:super_resolution.mixins.json:lowlatency.v1_20_1.MinecraftReflexMixin from mod super_resolution,pl:mixin:APP:super_resolution.mixins.json:lowlatency.v1_20_1.MouseHandlerReflexMixin from mod super_resolution,pl:mixin:APP:super_resolution.mixins.json:lowlatency.v1_20_1.RenderSystemAccessor from mod super_resolution,pl:mixin:APP:super_resolution.mixins.json:lowlatency.v1_21_1.MinecraftReflexMixin from mod super_resolution,pl:mixin:APP:super_resolution.mixins.json:lowlatency.v1_21_11.KeyboardHandlerReflexMixin from mod super_resolution,pl:mixin:APP:super_resolution.mixins.json:lowlatency.v1_21_11.MinecraftReflexMixin from mod super_resolution,pl:mixin:APP:super_resolution.mixins.json:lowlatency.v1_21_11.MouseHandlerReflexMixin from mod super_resolution,pl:mixin:APP:super_resolution.mixins.json:lowlatency.v1_21_11.RenderSystemAccessor from mod super_resolution,pl:mixin:APP:super_resolution.mixins.json:lowlatency.v26_1_x.KeyboardHandlerReflexMixin from mod super_resolution,pl:mixin:APP:super_resolution.mixins.json:lowlatency.v26_1_x.MinecraftReflexMixin from mod super_resolution,pl:mixin:APP:super_resolution.mixins.json:lowlatency.v26_1_x.MouseHandlerReflexMixin from mod super_resolution,pl:mixin:APP:super_resolution.mixins.json:lowlatency.v26_2.KeyboardHandlerReflexMixin from mod super_resolution,pl:mixin:APP:super_resolution.mixins.json:lowlatency.v26_2.MinecraftReflexMixin from mod super_resolution,pl:mixin:APP:super_resolution.mixins.json:lowlatency.v26_2.MouseHandlerReflexMixin from mod super_resolution,pl:mixin:APP:super_resolution.mixins.json:lowlatency.v26_3.KeyboardHandlerReflexMixin from mod super_resolution,pl:mixin:APP:super_resolution.mixins.json:lowlatency.v26_3.MinecraftReflexMixin from mod super_resolution,pl:mixin:APP:super_resolution.mixins.json:lowlatency.v26_3.MouseHandlerReflexMixin from mod super_resolution,pl:mixin:APP:super_resolution.mixins.json:presentation.v1_20_1.VulkanPresentationGameRendererCaptureMixin from mod super_resolution,pl:mixin:APP:super_resolution.mixins.json:presentation.v1_20_1.VulkanPresentationGlDeviceMixin from mod super_resolution,pl:mixin:APP:super_resolution.mixins.json:presentation.v1_20_1.VulkanPresentationMinecraftBackendMixin from mod super_resolution,pl:mixin:APP:super_resolution.mixins.json:presentation.v1_20_1.VulkanPresentationMinecraftCaptureMixin from mod super_resolution,pl:mixin:APP:super_resolution.mixins.json:presentation.v1_20_1.VulkanPresentationWindowMixin from mod super_resolution,pl:mixin:APP:super_resolution.mixins.json:presentation.v1_21_1.VulkanPresentationMinecraftCaptureMixin from mod super_resolution,pl:mixin:APP:super_resolution.mixins.json:presentation.v1_21_11.VulkanPresentationGameRendererCaptureMixin from mod super_resolution,pl:mixin:APP:super_resolution.mixins.json:presentation.v1_21_11.VulkanPresentationGlDeviceMixin from mod super_resolution,pl:mixin:APP:super_resolution.mixins.json:presentation.v1_21_11.VulkanPresentationMinecraftBackendMixin from mod super_resolution,pl:mixin:APP:super_resolution.mixins.json:presentation.v1_21_11.VulkanPresentationMinecraftCaptureMixin from mod super_resolution,pl:mixin:APP:super_resolution.mixins.json:presentation.v1_21_11.VulkanPresentationWindowMixin from mod super_resolution,pl:mixin:APP:super_resolution.mixins.json:presentation.v26_1_x.VulkanPresentationGameRendererCaptureMixin from mod super_resolution,pl:mixin:APP:super_resolution.mixins.json:presentation.v26_1_x.VulkanPresentationGlDeviceMixin from mod super_resolution,pl:mixin:APP:super_resolution.mixins.json:presentation.v26_1_x.VulkanPresentationMinecraftBackendMixin from mod super_resolution,pl:mixin:APP:super_resolution.mixins.json:presentation.v26_1_x.VulkanPresentationMinecraftCaptureMixin from mod super_resolution,pl:mixin:APP:super_resolution.mixins.json:presentation.v26_1_x.VulkanPresentationWindowCloseMixin from mod super_resolution,pl:mixin:APP:super_resolution.mixins.json:presentation.v26_2.VulkanPresentationGameRendererCaptureMixin from mod super_resolution,pl:mixin:APP:super_resolution.mixins.json:presentation.v26_2.VulkanPresentationGlDeviceMixin from mod super_resolution,pl:mixin:APP:super_resolution.mixins.json:presentation.v26_2.VulkanPresentationMinecraftBackendMixin from mod super_resolution,pl:mixin:APP:super_resolution.mixins.json:presentation.v26_2.VulkanPresentationMinecraftCaptureMixin from mod super_resolution,pl:mixin:APP:super_resolution.mixins.json:presentation.v26_2.VulkanPresentationWindowCloseMixin from mod super_resolution,pl:mixin:APP:super_resolution.mixins.json:presentation.v26_3.VulkanPresentationGameRendererCaptureMixin from mod super_resolution,pl:mixin:APP:super_resolution.mixins.json:presentation.v26_3.VulkanPresentationGlDeviceMixin from mod super_resolution,pl:mixin:APP:super_resolution.mixins.json:presentation.v26_3.VulkanPresentationMinecraftBackendMixin from mod super_resolution,pl:mixin:APP:super_resolution.mixins.json:presentation.v26_3.VulkanPresentationMinecraftCaptureMixin from mod super_resolution,pl:mixin:APP:super_resolution.mixins.json:presentation.v26_3.VulkanPresentationWindowCloseMixin from mod super_resolution,pl:mixin:APP:super_resolution-neoforge.mixins.json:neoforge.FuckingValidation1218Mixin from mod super_resolution,pl:mixin:APP:super_resolution-neoforge.mixins.json:neoforge.FuckingValidationMixin from mod super_resolution,pl:mixin:APP:super_resolution_irisapi.mixins.json:composite.before1_21_1.GlStateManagerTextureStateAccessor from mod super_resolution,pl:mixin:APP:architectury.mixins.json:MixinMinecraft from mod architectury,pl:mixin:A,pl:runtimedistcleaner:A}
	at TRANSFORMER/minecraft@1.21.1/net.minecraft.client.Minecraft.onResourceLoadFinished(Minecraft.java:641) ~[neoforge-21.1.219.jar%23172!/:?] {re:mixin,pl:runtimedistcleaner:A,re:classloading,pl:mixin:APP:sodium-common.mixins.json:core.MinecraftMixin from mod sodium,pl:mixin:APP:sodium-neoforge.mixins.json:platform.neoforge.EntrypointMixin from mod sodium,pl:mixin:APP:mixins.iris.json:MixinMinecraft_Images from mod iris,pl:mixin:APP:mixins.iris.json:MixinMinecraft_Keybinds from mod iris,pl:mixin:APP:mixins.iris.json:MixinMinecraft_PipelineManagement from mod iris,pl:mixin:APP:super_resolution.mixins.json:core.GlTextureViewMixin from mod super_resolution,pl:mixin:APP:super_resolution.mixins.json:core.MinecraftMixin from mod super_resolution,pl:mixin:APP:super_resolution.mixins.json:core.accessor.MinecraftAccessor from mod super_resolution,pl:mixin:APP:super_resolution.mixins.json:framegeneration.v1_20_1.GameRendererConstantsMixin from mod super_resolution,pl:mixin:APP:super_resolution.mixins.json:framegeneration.v1_21_11.GameRendererConstantsMixin from mod super_resolution,pl:mixin:APP:super_resolution.mixins.json:framegeneration.v26_1_x.GameRendererConstantsMixin from mod super_resolution,pl:mixin:APP:super_resolution.mixins.json:framegeneration.v26_2.GameRendererConstantsMixin from mod super_resolution,pl:mixin:APP:super_resolution.mixins.json:framegeneration.v26_2.NativeLibrariesBootstrapMixin from mod super_resolution,pl:mixin:APP:super_resolution.mixins.json:framegeneration.v26_3.GameRendererConstantsMixin from mod super_resolution,pl:mixin:APP:super_resolution.mixins.json:framegeneration.v26_3.NativeLibrariesBootstrapMixin from mod super_resolution,pl:mixin:APP:super_resolution.mixins.json:gui.GuiGraphicsMixin from mod super_resolution,pl:mixin:APP:super_resolution.mixins.json:gui.GuiRendererDrawAccessor from mod super_resolution,pl:mixin:APP:super_resolution.mixins.json:gui.GuiRendererMixin from mod super_resolution,pl:mixin:APP:super_resolution.mixins.json:lowlatency.v1_20_1.KeyboardHandlerReflexMixin from mod super_resolution,pl:mixin:APP:super_resolution.mixins.json:lowlatency.v1_20_1.MinecraftReflexMixin from mod super_resolution,pl:mixin:APP:super_resolution.mixins.json:lowlatency.v1_20_1.MouseHandlerReflexMixin from mod super_resolution,pl:mixin:APP:super_resolution.mixins.json:lowlatency.v1_20_1.RenderSystemAccessor from mod super_resolution,pl:mixin:APP:super_resolution.mixins.json:lowlatency.v1_21_1.MinecraftReflexMixin from mod super_resolution,pl:mixin:APP:super_resolution.mixins.json:lowlatency.v1_21_11.KeyboardHandlerReflexMixin from mod super_resolution,pl:mixin:APP:super_resolution.mixins.json:lowlatency.v1_21_11.MinecraftReflexMixin from mod super_resolution,pl:mixin:APP:super_resolution.mixins.json:lowlatency.v1_21_11.MouseHandlerReflexMixin from mod super_resolution,pl:mixin:APP:super_resolution.mixins.json:lowlatency.v1_21_11.RenderSystemAccessor from mod super_resolution,pl:mixin:APP:super_resolution.mixins.json:lowlatency.v26_1_x.KeyboardHandlerReflexMixin from mod super_resolution,pl:mixin:APP:super_resolution.mixins.json:lowlatency.v26_1_x.MinecraftReflexMixin from mod super_resolution,pl:mixin:APP:super_resolution.mixins.json:lowlatency.v26_1_x.MouseHandlerReflexMixin from mod super_resolution,pl:mixin:APP:super_resolution.mixins.json:lowlatency.v26_2.KeyboardHandlerReflexMixin from mod super_resolution,pl:mixin:APP:super_resolution.mixins.json:lowlatency.v26_2.MinecraftReflexMixin from mod super_resolution,pl:mixin:APP:super_resolution.mixins.json:lowlatency.v26_2.MouseHandlerReflexMixin from mod super_resolution,pl:mixin:APP:super_resolution.mixins.json:lowlatency.v26_3.KeyboardHandlerReflexMixin from mod super_resolution,pl:mixin:APP:super_resolution.mixins.json:lowlatency.v26_3.MinecraftReflexMixin from mod super_resolution,pl:mixin:APP:super_resolution.mixins.json:lowlatency.v26_3.MouseHandlerReflexMixin from mod super_resolution,pl:mixin:APP:super_resolution.mixins.json:presentation.v1_20_1.VulkanPresentationGameRendererCaptureMixin from mod super_resolution,pl:mixin:APP:super_resolution.mixins.json:presentation.v1_20_1.VulkanPresentationGlDeviceMixin from mod super_resolution,pl:mixin:APP:super_resolution.mixins.json:presentation.v1_20_1.VulkanPresentationMinecraftBackendMixin from mod super_resolution,pl:mixin:APP:super_resolution.mixins.json:presentation.v1_20_1.VulkanPresentationMinecraftCaptureMixin from mod super_resolution,pl:mixin:APP:super_resolution.mixins.json:presentation.v1_20_1.VulkanPresentationWindowMixin from mod super_resolution,pl:mixin:APP:super_resolution.mixins.json:presentation.v1_21_1.VulkanPresentationMinecraftCaptureMixin from mod super_resolution,pl:mixin:APP:super_resolution.mixins.json:presentation.v1_21_11.VulkanPresentationGameRendererCaptureMixin from mod super_resolution,pl:mixin:APP:super_resolution.mixins.json:presentation.v1_21_11.VulkanPresentationGlDeviceMixin from mod super_resolution,pl:mixin:APP:super_resolution.mixins.json:presentation.v1_21_11.VulkanPresentationMinecraftBackendMixin from mod super_resolution,pl:mixin:APP:super_resolution.mixins.json:presentation.v1_21_11.VulkanPresentationMinecraftCaptureMixin from mod super_resolution,pl:mixin:APP:super_resolution.mixins.json:presentation.v1_21_11.VulkanPresentationWindowMixin from mod super_resolution,pl:mixin:APP:super_resolution.mixins.json:presentation.v26_1_x.VulkanPresentationGameRendererCaptureMixin from mod super_resolution,pl:mixin:APP:super_resolution.mixins.json:presentation.v26_1_x.VulkanPresentationGlDeviceMixin from mod super_resolution,pl:mixin:APP:super_resolution.mixins.json:presentation.v26_1_x.VulkanPresentationMinecraftBackendMixin from mod super_resolution,pl:mixin:APP:super_resolution.mixins.json:presentation.v26_1_x.VulkanPresentationMinecraftCaptureMixin from mod super_resolution,pl:mixin:APP:super_resolution.mixins.json:presentation.v26_1_x.VulkanPresentationWindowCloseMixin from mod super_resolution,pl:mixin:APP:super_resolution.mixins.json:presentation.v26_2.VulkanPresentationGameRendererCaptureMixin from mod super_resolution,pl:mixin:APP:super_resolution.mixins.json:presentation.v26_2.VulkanPresentationGlDeviceMixin from mod super_resolution,pl:mixin:APP:super_resolution.mixins.json:presentation.v26_2.VulkanPresentationMinecraftBackendMixin from mod super_resolution,pl:mixin:APP:super_resolution.mixins.json:presentation.v26_2.VulkanPresentationMinecraftCaptureMixin from mod super_resolution,pl:mixin:APP:super_resolution.mixins.json:presentation.v26_2.VulkanPresentationWindowCloseMixin from mod super_resolution,pl:mixin:APP:super_resolution.mixins.json:presentation.v26_3.VulkanPresentationGameRendererCaptureMixin from mod super_resolution,pl:mixin:APP:super_resolution.mixins.json:presentation.v26_3.VulkanPresentationGlDeviceMixin from mod super_resolution,pl:mixin:APP:super_resolution.mixins.json:presentation.v26_3.VulkanPresentationMinecraftBackendMixin from mod super_resolution,pl:mixin:APP:super_resolution.mixins.json:presentation.v26_3.VulkanPresentationMinecraftCaptureMixin from mod super_resolution,pl:mixin:APP:super_resolution.mixins.json:presentation.v26_3.VulkanPresentationWindowCloseMixin from mod super_resolution,pl:mixin:APP:super_resolution-neoforge.mixins.json:neoforge.FuckingValidation1218Mixin from mod super_resolution,pl:mixin:APP:super_resolution-neoforge.mixins.json:neoforge.FuckingValidationMixin from mod super_resolution,pl:mixin:APP:super_resolution_irisapi.mixins.json:composite.before1_21_1.GlStateManagerTextureStateAccessor from mod super_resolution,pl:mixin:APP:architectury.mixins.json:MixinMinecraft from mod architectury,pl:mixin:A,pl:runtimedistcleaner:A}
	at TRANSFORMER/minecraft@1.21.1/net.minecraft.client.Minecraft.lambda$new$7(Minecraft.java:629) ~[neoforge-21.1.219.jar%23172!/:?] {re:mixin,pl:runtimedistcleaner:A,re:classloading,pl:mixin:APP:sodium-common.mixins.json:core.MinecraftMixin from mod sodium,pl:mixin:APP:sodium-neoforge.mixins.json:platform.neoforge.EntrypointMixin from mod sodium,pl:mixin:APP:mixins.iris.json:MixinMinecraft_Images from mod iris,pl:mixin:APP:mixins.iris.json:MixinMinecraft_Keybinds from mod iris,pl:mixin:APP:mixins.iris.json:MixinMinecraft_PipelineManagement from mod iris,pl:mixin:APP:super_resolution.mixins.json:core.GlTextureViewMixin from mod super_resolution,pl:mixin:APP:super_resolution.mixins.json:core.MinecraftMixin from mod super_resolution,pl:mixin:APP:super_resolution.mixins.json:core.accessor.MinecraftAccessor from mod super_resolution,pl:mixin:APP:super_resolution.mixins.json:framegeneration.v1_20_1.GameRendererConstantsMixin from mod super_resolution,pl:mixin:APP:super_resolution.mixins.json:framegeneration.v1_21_11.GameRendererConstantsMixin from mod super_resolution,pl:mixin:APP:super_resolution.mixins.json:framegeneration.v26_1_x.GameRendererConstantsMixin from mod super_resolution,pl:mixin:APP:super_resolution.mixins.json:framegeneration.v26_2.GameRendererConstantsMixin from mod super_resolution,pl:mixin:APP:super_resolution.mixins.json:framegeneration.v26_2.NativeLibrariesBootstrapMixin from mod super_resolution,pl:mixin:APP:super_resolution.mixins.json:framegeneration.v26_3.GameRendererConstantsMixin from mod super_resolution,pl:mixin:APP:super_resolution.mixins.json:framegeneration.v26_3.NativeLibrariesBootstrapMixin from mod super_resolution,pl:mixin:APP:super_resolution.mixins.json:gui.GuiGraphicsMixin from mod super_resolution,pl:mixin:APP:super_resolution.mixins.json:gui.GuiRendererDrawAccessor from mod super_resolution,pl:mixin:APP:super_resolution.mixins.json:gui.GuiRendererMixin from mod super_resolution,pl:mixin:APP:super_resolution.mixins.json:lowlatency.v1_20_1.KeyboardHandlerReflexMixin from mod super_resolution,pl:mixin:APP:super_resolution.mixins.json:lowlatency.v1_20_1.MinecraftReflexMixin from mod super_resolution,pl:mixin:APP:super_resolution.mixins.json:lowlatency.v1_20_1.MouseHandlerReflexMixin from mod super_resolution,pl:mixin:APP:super_resolution.mixins.json:lowlatency.v1_20_1.RenderSystemAccessor from mod super_resolution,pl:mixin:APP:super_resolution.mixins.json:lowlatency.v1_21_1.MinecraftReflexMixin from mod super_resolution,pl:mixin:APP:super_resolution.mixins.json:lowlatency.v1_21_11.KeyboardHandlerReflexMixin from mod super_resolution,pl:mixin:APP:super_resolution.mixins.json:lowlatency.v1_21_11.MinecraftReflexMixin from mod super_resolution,pl:mixin:APP:super_resolution.mixins.json:lowlatency.v1_21_11.MouseHandlerReflexMixin from mod super_resolution,pl:mixin:APP:super_resolution.mixins.json:lowlatency.v1_21_11.RenderSystemAccessor from mod super_resolution,pl:mixin:APP:super_resolution.mixins.json:lowlatency.v26_1_x.KeyboardHandlerReflexMixin from mod super_resolution,pl:mixin:APP:super_resolution.mixins.json:lowlatency.v26_1_x.MinecraftReflexMixin from mod super_resolution,pl:mixin:APP:super_resolution.mixins.json:lowlatency.v26_1_x.MouseHandlerReflexMixin from mod super_resolution,pl:mixin:APP:super_resolution.mixins.json:lowlatency.v26_2.KeyboardHandlerReflexMixin from mod super_resolution,pl:mixin:APP:super_resolution.mixins.json:lowlatency.v26_2.MinecraftReflexMixin from mod super_resolution,pl:mixin:APP:super_resolution.mixins.json:lowlatency.v26_2.MouseHandlerReflexMixin from mod super_resolution,pl:mixin:APP:super_resolution.mixins.json:lowlatency.v26_3.KeyboardHandlerReflexMixin from mod super_resolution,pl:mixin:APP:super_resolution.mixins.json:lowlatency.v26_3.MinecraftReflexMixin from mod super_resolution,pl:mixin:APP:super_resolution.mixins.json:lowlatency.v26_3.MouseHandlerReflexMixin from mod super_resolution,pl:mixin:APP:super_resolution.mixins.json:presentation.v1_20_1.VulkanPresentationGameRendererCaptureMixin from mod super_resolution,pl:mixin:APP:super_resolution.mixins.json:presentation.v1_20_1.VulkanPresentationGlDeviceMixin from mod super_resolution,pl:mixin:APP:super_resolution.mixins.json:presentation.v1_20_1.VulkanPresentationMinecraftBackendMixin from mod super_resolution,pl:mixin:APP:super_resolution.mixins.json:presentation.v1_20_1.VulkanPresentationMinecraftCaptureMixin from mod super_resolution,pl:mixin:APP:super_resolution.mixins.json:presentation.v1_20_1.VulkanPresentationWindowMixin from mod super_resolution,pl:mixin:APP:super_resolution.mixins.json:presentation.v1_21_1.VulkanPresentationMinecraftCaptureMixin from mod super_resolution,pl:mixin:APP:super_resolution.mixins.json:presentation.v1_21_11.VulkanPresentationGameRendererCaptureMixin from mod super_resolution,pl:mixin:APP:super_resolution.mixins.json:presentation.v1_21_11.VulkanPresentationGlDeviceMixin from mod super_resolution,pl:mixin:APP:super_resolution.mixins.json:presentation.v1_21_11.VulkanPresentationMinecraftBackendMixin from mod super_resolution,pl:mixin:APP:super_resolution.mixins.json:presentation.v1_21_11.VulkanPresentationMinecraftCaptureMixin from mod super_resolution,pl:mixin:APP:super_resolution.mixins.json:presentation.v1_21_11.VulkanPresentationWindowMixin from mod super_resolution,pl:mixin:APP:super_resolution.mixins.json:presentation.v26_1_x.VulkanPresentationGameRendererCaptureMixin from mod super_resolution,pl:mixin:APP:super_resolution.mixins.json:presentation.v26_1_x.VulkanPresentationGlDeviceMixin from mod super_resolution,pl:mixin:APP:super_resolution.mixins.json:presentation.v26_1_x.VulkanPresentationMinecraftBackendMixin from mod super_resolution,pl:mixin:APP:super_resolution.mixins.json:presentation.v26_1_x.VulkanPresentationMinecraftCaptureMixin from mod super_resolution,pl:mixin:APP:super_resolution.mixins.json:presentation.v26_1_x.VulkanPresentationWindowCloseMixin from mod super_resolution,pl:mixin:APP:super_resolution.mixins.json:presentation.v26_2.VulkanPresentationGameRendererCaptureMixin from mod super_resolution,pl:mixin:APP:super_resolution.mixins.json:presentation.v26_2.VulkanPresentationGlDeviceMixin from mod super_resolution,pl:mixin:APP:super_resolution.mixins.json:presentation.v26_2.VulkanPresentationMinecraftBackendMixin from mod super_resolution,pl:mixin:APP:super_resolution.mixins.json:presentation.v26_2.VulkanPresentationMinecraftCaptureMixin from mod super_resolution,pl:mixin:APP:super_resolution.mixins.json:presentation.v26_2.VulkanPresentationWindowCloseMixin from mod super_resolution,pl:mixin:APP:super_resolution.mixins.json:presentation.v26_3.VulkanPresentationGameRendererCaptureMixin from mod super_resolution,pl:mixin:APP:super_resolution.mixins.json:presentation.v26_3.VulkanPresentationGlDeviceMixin from mod super_resolution,pl:mixin:APP:super_resolution.mixins.json:presentation.v26_3.VulkanPresentationMinecraftBackendMixin from mod super_resolution,pl:mixin:APP:super_resolution.mixins.json:presentation.v26_3.VulkanPresentationMinecraftCaptureMixin from mod super_resolution,pl:mixin:APP:super_resolution.mixins.json:presentation.v26_3.VulkanPresentationWindowCloseMixin from mod super_resolution,pl:mixin:APP:super_resolution-neoforge.mixins.json:neoforge.FuckingValidation1218Mixin from mod super_resolution,pl:mixin:APP:super_resolution-neoforge.mixins.json:neoforge.FuckingValidationMixin from mod super_resolution,pl:mixin:APP:super_resolution_irisapi.mixins.json:composite.before1_21_1.GlStateManagerTextureStateAccessor from mod super_resolution,pl:mixin:APP:architectury.mixins.json:MixinMinecraft from mod architectury,pl:mixin:A,pl:runtimedistcleaner:A}
	at TRANSFORMER/minecraft@1.21.1/net.minecraft.Util.ifElse(Util.java:513) ~[neoforge-21.1.219.jar%23172!/:?] {re:classloading,re:mixin}
	at TRANSFORMER/minecraft@1.21.1/net.minecraft.client.Minecraft.lambda$new$8(Minecraft.java:623) ~[neoforge-21.1.219.jar%23172!/:?] {re:mixin,pl:runtimedistcleaner:A,re:classloading,pl:mixin:APP:sodium-common.mixins.json:core.MinecraftMixin from mod sodium,pl:mixin:APP:sodium-neoforge.mixins.json:platform.neoforge.EntrypointMixin from mod sodium,pl:mixin:APP:mixins.iris.json:MixinMinecraft_Images from mod iris,pl:mixin:APP:mixins.iris.json:MixinMinecraft_Keybinds from mod iris,pl:mixin:APP:mixins.iris.json:MixinMinecraft_PipelineManagement from mod iris,pl:mixin:APP:super_resolution.mixins.json:core.GlTextureViewMixin from mod super_resolution,pl:mixin:APP:super_resolution.mixins.json:core.MinecraftMixin from mod super_resolution,pl:mixin:APP:super_resolution.mixins.json:core.accessor.MinecraftAccessor from mod super_resolution,pl:mixin:APP:super_resolution.mixins.json:framegeneration.v1_20_1.GameRendererConstantsMixin from mod super_resolution,pl:mixin:APP:super_resolution.mixins.json:framegeneration.v1_21_11.GameRendererConstantsMixin from mod super_resolution,pl:mixin:APP:super_resolution.mixins.json:framegeneration.v26_1_x.GameRendererConstantsMixin from mod super_resolution,pl:mixin:APP:super_resolution.mixins.json:framegeneration.v26_2.GameRendererConstantsMixin from mod super_resolution,pl:mixin:APP:super_resolution.mixins.json:framegeneration.v26_2.NativeLibrariesBootstrapMixin from mod super_resolution,pl:mixin:APP:super_resolution.mixins.json:framegeneration.v26_3.GameRendererConstantsMixin from mod super_resolution,pl:mixin:APP:super_resolution.mixins.json:framegeneration.v26_3.NativeLibrariesBootstrapMixin from mod super_resolution,pl:mixin:APP:super_resolution.mixins.json:gui.GuiGraphicsMixin from mod super_resolution,pl:mixin:APP:super_resolution.mixins.json:gui.GuiRendererDrawAccessor from mod super_resolution,pl:mixin:APP:super_resolution.mixins.json:gui.GuiRendererMixin from mod super_resolution,pl:mixin:APP:super_resolution.mixins.json:lowlatency.v1_20_1.KeyboardHandlerReflexMixin from mod super_resolution,pl:mixin:APP:super_resolution.mixins.json:lowlatency.v1_20_1.MinecraftReflexMixin from mod super_resolution,pl:mixin:APP:super_resolution.mixins.json:lowlatency.v1_20_1.MouseHandlerReflexMixin from mod super_resolution,pl:mixin:APP:super_resolution.mixins.json:lowlatency.v1_20_1.RenderSystemAccessor from mod super_resolution,pl:mixin:APP:super_resolution.mixins.json:lowlatency.v1_21_1.MinecraftReflexMixin from mod super_resolution,pl:mixin:APP:super_resolution.mixins.json:lowlatency.v1_21_11.KeyboardHandlerReflexMixin from mod super_resolution,pl:mixin:APP:super_resolution.mixins.json:lowlatency.v1_21_11.MinecraftReflexMixin from mod super_resolution,pl:mixin:APP:super_resolution.mixins.json:lowlatency.v1_21_11.MouseHandlerReflexMixin from mod super_resolution,pl:mixin:APP:super_resolution.mixins.json:lowlatency.v1_21_11.RenderSystemAccessor from mod super_resolution,pl:mixin:APP:super_resolution.mixins.json:lowlatency.v26_1_x.KeyboardHandlerReflexMixin from mod super_resolution,pl:mixin:APP:super_resolution.mixins.json:lowlatency.v26_1_x.MinecraftReflexMixin from mod super_resolution,pl:mixin:APP:super_resolution.mixins.json:lowlatency.v26_1_x.MouseHandlerReflexMixin from mod super_resolution,pl:mixin:APP:super_resolution.mixins.json:lowlatency.v26_2.KeyboardHandlerReflexMixin from mod super_resolution,pl:mixin:APP:super_resolution.mixins.json:lowlatency.v26_2.MinecraftReflexMixin from mod super_resolution,pl:mixin:APP:super_resolution.mixins.json:lowlatency.v26_2.MouseHandlerReflexMixin from mod super_resolution,pl:mixin:APP:super_resolution.mixins.json:lowlatency.v26_3.KeyboardHandlerReflexMixin from mod super_resolution,pl:mixin:APP:super_resolution.mixins.json:lowlatency.v26_3.MinecraftReflexMixin from mod super_resolution,pl:mixin:APP:super_resolution.mixins.json:lowlatency.v26_3.MouseHandlerReflexMixin from mod super_resolution,pl:mixin:APP:super_resolution.mixins.json:presentation.v1_20_1.VulkanPresentationGameRendererCaptureMixin from mod super_resolution,pl:mixin:APP:super_resolution.mixins.json:presentation.v1_20_1.VulkanPresentationGlDeviceMixin from mod super_resolution,pl:mixin:APP:super_resolution.mixins.json:presentation.v1_20_1.VulkanPresentationMinecraftBackendMixin from mod super_resolution,pl:mixin:APP:super_resolution.mixins.json:presentation.v1_20_1.VulkanPresentationMinecraftCaptureMixin from mod super_resolution,pl:mixin:APP:super_resolution.mixins.json:presentation.v1_20_1.VulkanPresentationWindowMixin from mod super_resolution,pl:mixin:APP:super_resolution.mixins.json:presentation.v1_21_1.VulkanPresentationMinecraftCaptureMixin from mod super_resolution,pl:mixin:APP:super_resolution.mixins.json:presentation.v1_21_11.VulkanPresentationGameRendererCaptureMixin from mod super_resolution,pl:mixin:APP:super_resolution.mixins.json:presentation.v1_21_11.VulkanPresentationGlDeviceMixin from mod super_resolution,pl:mixin:APP:super_resolution.mixins.json:presentation.v1_21_11.VulkanPresentationMinecraftBackendMixin from mod super_resolution,pl:mixin:APP:super_resolution.mixins.json:presentation.v1_21_11.VulkanPresentationMinecraftCaptureMixin from mod super_resolution,pl:mixin:APP:super_resolution.mixins.json:presentation.v1_21_11.VulkanPresentationWindowMixin from mod super_resolution,pl:mixin:APP:super_resolution.mixins.json:presentation.v26_1_x.VulkanPresentationGameRendererCaptureMixin from mod super_resolution,pl:mixin:APP:super_resolution.mixins.json:presentation.v26_1_x.VulkanPresentationGlDeviceMixin from mod super_resolution,pl:mixin:APP:super_resolution.mixins.json:presentation.v26_1_x.VulkanPresentationMinecraftBackendMixin from mod super_resolution,pl:mixin:APP:super_resolution.mixins.json:presentation.v26_1_x.VulkanPresentationMinecraftCaptureMixin from mod super_resolution,pl:mixin:APP:super_resolution.mixins.json:presentation.v26_1_x.VulkanPresentationWindowCloseMixin from mod super_resolution,pl:mixin:APP:super_resolution.mixins.json:presentation.v26_2.VulkanPresentationGameRendererCaptureMixin from mod super_resolution,pl:mixin:APP:super_resolution.mixins.json:presentation.v26_2.VulkanPresentationGlDeviceMixin from mod super_resolution,pl:mixin:APP:super_resolution.mixins.json:presentation.v26_2.VulkanPresentationMinecraftBackendMixin from mod super_resolution,pl:mixin:APP:super_resolution.mixins.json:presentation.v26_2.VulkanPresentationMinecraftCaptureMixin from mod super_resolution,pl:mixin:APP:super_resolution.mixins.json:presentation.v26_2.VulkanPresentationWindowCloseMixin from mod super_resolution,pl:mixin:APP:super_resolution.mixins.json:presentation.v26_3.VulkanPresentationGameRendererCaptureMixin from mod super_resolution,pl:mixin:APP:super_resolution.mixins.json:presentation.v26_3.VulkanPresentationGlDeviceMixin from mod super_resolution,pl:mixin:APP:super_resolution.mixins.json:presentation.v26_3.VulkanPresentationMinecraftBackendMixin from mod super_resolution,pl:mixin:APP:super_resolution.mixins.json:presentation.v26_3.VulkanPresentationMinecraftCaptureMixin from mod super_resolution,pl:mixin:APP:super_resolution.mixins.json:presentation.v26_3.VulkanPresentationWindowCloseMixin from mod super_resolution,pl:mixin:APP:super_resolution-neoforge.mixins.json:neoforge.FuckingValidation1218Mixin from mod super_resolution,pl:mixin:APP:super_resolution-neoforge.mixins.json:neoforge.FuckingValidationMixin from mod super_resolution,pl:mixin:APP:super_resolution_irisapi.mixins.json:composite.before1_21_1.GlStateManagerTextureStateAccessor from mod super_resolution,pl:mixin:APP:architectury.mixins.json:MixinMinecraft from mod architectury,pl:mixin:A,pl:runtimedistcleaner:A}
	at TRANSFORMER/minecraft@1.21.1/net.minecraft.client.gui.screens.LoadingOverlay.render(LoadingOverlay.java:139) ~[neoforge-21.1.219.jar%23172!/:?] {re:classloading,pl:runtimedistcleaner:A}
	at TRANSFORMER/minecraft@1.21.1/net.minecraft.client.renderer.GameRenderer.render(GameRenderer.java:1081) ~[neoforge-21.1.219.jar%23172!/:?] {re:mixin,pl:accesstransformer:B,pl:runtimedistcleaner:A,re:classloading,pl:accesstransformer:B,pl:mixin:A,pl:runtimedistcleaner:A}
	at TRANSFORMER/minecraft@1.21.1/net.minecraft.client.Minecraft.runTick(Minecraft.java:1195) ~[neoforge-21.1.219.jar%23172!/:?] {re:mixin,pl:runtimedistcleaner:A,re:classloading,pl:mixin:APP:sodium-common.mixins.json:core.MinecraftMixin from mod sodium,pl:mixin:APP:sodium-neoforge.mixins.json:platform.neoforge.EntrypointMixin from mod sodium,pl:mixin:APP:mixins.iris.json:MixinMinecraft_Images from mod iris,pl:mixin:APP:mixins.iris.json:MixinMinecraft_Keybinds from mod iris,pl:mixin:APP:mixins.iris.json:MixinMinecraft_PipelineManagement from mod iris,pl:mixin:APP:super_resolution.mixins.json:core.GlTextureViewMixin from mod super_resolution,pl:mixin:APP:super_resolution.mixins.json:core.MinecraftMixin from mod super_resolution,pl:mixin:APP:super_resolution.mixins.json:core.accessor.MinecraftAccessor from mod super_resolution,pl:mixin:APP:super_resolution.mixins.json:framegeneration.v1_20_1.GameRendererConstantsMixin from mod super_resolution,pl:mixin:APP:super_resolution.mixins.json:framegeneration.v1_21_11.GameRendererConstantsMixin from mod super_resolution,pl:mixin:APP:super_resolution.mixins.json:framegeneration.v26_1_x.GameRendererConstantsMixin from mod super_resolution,pl:mixin:APP:super_resolution.mixins.json:framegeneration.v26_2.GameRendererConstantsMixin from mod super_resolution,pl:mixin:APP:super_resolution.mixins.json:framegeneration.v26_2.NativeLibrariesBootstrapMixin from mod super_resolution,pl:mixin:APP:super_resolution.mixins.json:framegeneration.v26_3.GameRendererConstantsMixin from mod super_resolution,pl:mixin:APP:super_resolution.mixins.json:framegeneration.v26_3.NativeLibrariesBootstrapMixin from mod super_resolution,pl:mixin:APP:super_resolution.mixins.json:gui.GuiGraphicsMixin from mod super_resolution,pl:mixin:APP:super_resolution.mixins.json:gui.GuiRendererDrawAccessor from mod super_resolution,pl:mixin:APP:super_resolution.mixins.json:gui.GuiRendererMixin from mod super_resolution,pl:mixin:APP:super_resolution.mixins.json:lowlatency.v1_20_1.KeyboardHandlerReflexMixin from mod super_resolution,pl:mixin:APP:super_resolution.mixins.json:lowlatency.v1_20_1.MinecraftReflexMixin from mod super_resolution,pl:mixin:APP:super_resolution.mixins.json:lowlatency.v1_20_1.MouseHandlerReflexMixin from mod super_resolution,pl:mixin:APP:super_resolution.mixins.json:lowlatency.v1_20_1.RenderSystemAccessor from mod super_resolution,pl:mixin:APP:super_resolution.mixins.json:lowlatency.v1_21_1.MinecraftReflexMixin from mod super_resolution,pl:mixin:APP:super_resolution.mixins.json:lowlatency.v1_21_11.KeyboardHandlerReflexMixin from mod super_resolution,pl:mixin:APP:super_resolution.mixins.json:lowlatency.v1_21_11.MinecraftReflexMixin from mod super_resolution,pl:mixin:APP:super_resolution.mixins.json:lowlatency.v1_21_11.MouseHandlerReflexMixin from mod super_resolution,pl:mixin:APP:super_resolution.mixins.json:lowlatency.v1_21_11.RenderSystemAccessor from mod super_resolution,pl:mixin:APP:super_resolution.mixins.json:lowlatency.v26_1_x.KeyboardHandlerReflexMixin from mod super_resolution,pl:mixin:APP:super_resolution.mixins.json:lowlatency.v26_1_x.MinecraftReflexMixin from mod super_resolution,pl:mixin:APP:super_resolution.mixins.json:lowlatency.v26_1_x.MouseHandlerReflexMixin from mod super_resolution,pl:mixin:APP:super_resolution.mixins.json:lowlatency.v26_2.KeyboardHandlerReflexMixin from mod super_resolution,pl:mixin:APP:super_resolution.mixins.json:lowlatency.v26_2.MinecraftReflexMixin from mod super_resolution,pl:mixin:APP:super_resolution.mixins.json:lowlatency.v26_2.MouseHandlerReflexMixin from mod super_resolution,pl:mixin:APP:super_resolution.mixins.json:lowlatency.v26_3.KeyboardHandlerReflexMixin from mod super_resolution,pl:mixin:APP:super_resolution.mixins.json:lowlatency.v26_3.MinecraftReflexMixin from mod super_resolution,pl:mixin:APP:super_resolution.mixins.json:lowlatency.v26_3.MouseHandlerReflexMixin from mod super_resolution,pl:mixin:APP:super_resolution.mixins.json:presentation.v1_20_1.VulkanPresentationGameRendererCaptureMixin from mod super_resolution,pl:mixin:APP:super_resolution.mixins.json:presentation.v1_20_1.VulkanPresentationGlDeviceMixin from mod super_resolution,pl:mixin:APP:super_resolution.mixins.json:presentation.v1_20_1.VulkanPresentationMinecraftBackendMixin from mod super_resolution,pl:mixin:APP:super_resolution.mixins.json:presentation.v1_20_1.VulkanPresentationMinecraftCaptureMixin from mod super_resolution,pl:mixin:APP:super_resolution.mixins.json:presentation.v1_20_1.VulkanPresentationWindowMixin from mod super_resolution,pl:mixin:APP:super_resolution.mixins.json:presentation.v1_21_1.VulkanPresentationMinecraftCaptureMixin from mod super_resolution,pl:mixin:APP:super_resolution.mixins.json:presentation.v1_21_11.VulkanPresentationGameRendererCaptureMixin from mod super_resolution,pl:mixin:APP:super_resolution.mixins.json:presentation.v1_21_11.VulkanPresentationGlDeviceMixin from mod super_resolution,pl:mixin:APP:super_resolution.mixins.json:presentation.v1_21_11.VulkanPresentationMinecraftBackendMixin from mod super_resolution,pl:mixin:APP:super_resolution.mixins.json:presentation.v1_21_11.VulkanPresentationMinecraftCaptureMixin from mod super_resolution,pl:mixin:APP:super_resolution.mixins.json:presentation.v1_21_11.VulkanPresentationWindowMixin from mod super_resolution,pl:mixin:APP:super_resolution.mixins.json:presentation.v26_1_x.VulkanPresentationGameRendererCaptureMixin from mod super_resolution,pl:mixin:APP:super_resolution.mixins.json:presentation.v26_1_x.VulkanPresentationGlDeviceMixin from mod super_resolution,pl:mixin:APP:super_resolution.mixins.json:presentation.v26_1_x.VulkanPresentationMinecraftBackendMixin from mod super_resolution,pl:mixin:APP:super_resolution.mixins.json:presentation.v26_1_x.VulkanPresentationMinecraftCaptureMixin from mod super_resolution,pl:mixin:APP:super_resolution.mixins.json:presentation.v26_1_x.VulkanPresentationWindowCloseMixin from mod super_resolution,pl:mixin:APP:super_resolution.mixins.json:presentation.v26_2.VulkanPresentationGameRendererCaptureMixin from mod super_resolution,pl:mixin:APP:super_resolution.mixins.json:presentation.v26_2.VulkanPresentationGlDeviceMixin from mod super_resolution,pl:mixin:APP:super_resolution.mixins.json:presentation.v26_2.VulkanPresentationMinecraftBackendMixin from mod super_resolution,pl:mixin:APP:super_resolution.mixins.json:presentation.v26_2.VulkanPresentationMinecraftCaptureMixin from mod super_resolution,pl:mixin:APP:super_resolution.mixins.json:presentation.v26_2.VulkanPresentationWindowCloseMixin from mod super_resolution,pl:mixin:APP:super_resolution.mixins.json:presentation.v26_3.VulkanPresentationGameRendererCaptureMixin from mod super_resolution,pl:mixin:APP:super_resolution.mixins.json:presentation.v26_3.VulkanPresentationGlDeviceMixin from mod super_resolution,pl:mixin:APP:super_resolution.mixins.json:presentation.v26_3.VulkanPresentationMinecraftBackendMixin from mod super_resolution,pl:mixin:APP:super_resolution.mixins.json:presentation.v26_3.VulkanPresentationMinecraftCaptureMixin from mod super_resolution,pl:mixin:APP:super_resolution.mixins.json:presentation.v26_3.VulkanPresentationWindowCloseMixin from mod super_resolution,pl:mixin:APP:super_resolution-neoforge.mixins.json:neoforge.FuckingValidation1218Mixin from mod super_resolution,pl:mixin:APP:super_resolution-neoforge.mixins.json:neoforge.FuckingValidationMixin from mod super_resolution,pl:mixin:APP:super_resolution_irisapi.mixins.json:composite.before1_21_1.GlStateManagerTextureStateAccessor from mod super_resolution,pl:mixin:APP:architectury.mixins.json:MixinMinecraft from mod architectury,pl:mixin:A,pl:runtimedistcleaner:A}
	at TRANSFORMER/minecraft@1.21.1/net.minecraft.client.Minecraft.run(Minecraft.java:807) ~[neoforge-21.1.219.jar%23172!/:?] {re:mixin,pl:runtimedistcleaner:A,re:classloading,pl:mixin:APP:sodium-common.mixins.json:core.MinecraftMixin from mod sodium,pl:mixin:APP:sodium-neoforge.mixins.json:platform.neoforge.EntrypointMixin from mod sodium,pl:mixin:APP:mixins.iris.json:MixinMinecraft_Images from mod iris,pl:mixin:APP:mixins.iris.json:MixinMinecraft_Keybinds from mod iris,pl:mixin:APP:mixins.iris.json:MixinMinecraft_PipelineManagement from mod iris,pl:mixin:APP:super_resolution.mixins.json:core.GlTextureViewMixin from mod super_resolution,pl:mixin:APP:super_resolution.mixins.json:core.MinecraftMixin from mod super_resolution,pl:mixin:APP:super_resolution.mixins.json:core.accessor.MinecraftAccessor from mod super_resolution,pl:mixin:APP:super_resolution.mixins.json:framegeneration.v1_20_1.GameRendererConstantsMixin from mod super_resolution,pl:mixin:APP:super_resolution.mixins.json:framegeneration.v1_21_11.GameRendererConstantsMixin from mod super_resolution,pl:mixin:APP:super_resolution.mixins.json:framegeneration.v26_1_x.GameRendererConstantsMixin from mod super_resolution,pl:mixin:APP:super_resolution.mixins.json:framegeneration.v26_2.GameRendererConstantsMixin from mod super_resolution,pl:mixin:APP:super_resolution.mixins.json:framegeneration.v26_2.NativeLibrariesBootstrapMixin from mod super_resolution,pl:mixin:APP:super_resolution.mixins.json:framegeneration.v26_3.GameRendererConstantsMixin from mod super_resolution,pl:mixin:APP:super_resolution.mixins.json:framegeneration.v26_3.NativeLibrariesBootstrapMixin from mod super_resolution,pl:mixin:APP:super_resolution.mixins.json:gui.GuiGraphicsMixin from mod super_resolution,pl:mixin:APP:super_resolution.mixins.json:gui.GuiRendererDrawAccessor from mod super_resolution,pl:mixin:APP:super_resolution.mixins.json:gui.GuiRendererMixin from mod super_resolution,pl:mixin:APP:super_resolution.mixins.json:lowlatency.v1_20_1.KeyboardHandlerReflexMixin from mod super_resolution,pl:mixin:APP:super_resolution.mixins.json:lowlatency.v1_20_1.MinecraftReflexMixin from mod super_resolution,pl:mixin:APP:super_resolution.mixins.json:lowlatency.v1_20_1.MouseHandlerReflexMixin from mod super_resolution,pl:mixin:APP:super_resolution.mixins.json:lowlatency.v1_20_1.RenderSystemAccessor from mod super_resolution,pl:mixin:APP:super_resolution.mixins.json:lowlatency.v1_21_1.MinecraftReflexMixin from mod super_resolution,pl:mixin:APP:super_resolution.mixins.json:lowlatency.v1_21_11.KeyboardHandlerReflexMixin from mod super_resolution,pl:mixin:APP:super_resolution.mixins.json:lowlatency.v1_21_11.MinecraftReflexMixin from mod super_resolution,pl:mixin:APP:super_resolution.mixins.json:lowlatency.v1_21_11.MouseHandlerReflexMixin from mod super_resolution,pl:mixin:APP:super_resolution.mixins.json:lowlatency.v1_21_11.RenderSystemAccessor from mod super_resolution,pl:mixin:APP:super_resolution.mixins.json:lowlatency.v26_1_x.KeyboardHandlerReflexMixin from mod super_resolution,pl:mixin:APP:super_resolution.mixins.json:lowlatency.v26_1_x.MinecraftReflexMixin from mod super_resolution,pl:mixin:APP:super_resolution.mixins.json:lowlatency.v26_1_x.MouseHandlerReflexMixin from mod super_resolution,pl:mixin:APP:super_resolution.mixins.json:lowlatency.v26_2.KeyboardHandlerReflexMixin from mod super_resolution,pl:mixin:APP:super_resolution.mixins.json:lowlatency.v26_2.MinecraftReflexMixin from mod super_resolution,pl:mixin:APP:super_resolution.mixins.json:lowlatency.v26_2.MouseHandlerReflexMixin from mod super_resolution,pl:mixin:APP:super_resolution.mixins.json:lowlatency.v26_3.KeyboardHandlerReflexMixin from mod super_resolution,pl:mixin:APP:super_resolution.mixins.json:lowlatency.v26_3.MinecraftReflexMixin from mod super_resolution,pl:mixin:APP:super_resolution.mixins.json:lowlatency.v26_3.MouseHandlerReflexMixin from mod super_resolution,pl:mixin:APP:super_resolution.mixins.json:presentation.v1_20_1.VulkanPresentationGameRendererCaptureMixin from mod super_resolution,pl:mixin:APP:super_resolution.mixins.json:presentation.v1_20_1.VulkanPresentationGlDeviceMixin from mod super_resolution,pl:mixin:APP:super_resolution.mixins.json:presentation.v1_20_1.VulkanPresentationMinecraftBackendMixin from mod super_resolution,pl:mixin:APP:super_resolution.mixins.json:presentation.v1_20_1.VulkanPresentationMinecraftCaptureMixin from mod super_resolution,pl:mixin:APP:super_resolution.mixins.json:presentation.v1_20_1.VulkanPresentationWindowMixin from mod super_resolution,pl:mixin:APP:super_resolution.mixins.json:presentation.v1_21_1.VulkanPresentationMinecraftCaptureMixin from mod super_resolution,pl:mixin:APP:super_resolution.mixins.json:presentation.v1_21_11.VulkanPresentationGameRendererCaptureMixin from mod super_resolution,pl:mixin:APP:super_resolution.mixins.json:presentation.v1_21_11.VulkanPresentationGlDeviceMixin from mod super_resolution,pl:mixin:APP:super_resolution.mixins.json:presentation.v1_21_11.VulkanPresentationMinecraftBackendMixin from mod super_resolution,pl:mixin:APP:super_resolution.mixins.json:presentation.v1_21_11.VulkanPresentationMinecraftCaptureMixin from mod super_resolution,pl:mixin:APP:super_resolution.mixins.json:presentation.v1_21_11.VulkanPresentationWindowMixin from mod super_resolution,pl:mixin:APP:super_resolution.mixins.json:presentation.v26_1_x.VulkanPresentationGameRendererCaptureMixin from mod super_resolution,pl:mixin:APP:super_resolution.mixins.json:presentation.v26_1_x.VulkanPresentationGlDeviceMixin from mod super_resolution,pl:mixin:APP:super_resolution.mixins.json:presentation.v26_1_x.VulkanPresentationMinecraftBackendMixin from mod super_resolution,pl:mixin:APP:super_resolution.mixins.json:presentation.v26_1_x.VulkanPresentationMinecraftCaptureMixin from mod super_resolution,pl:mixin:APP:super_resolution.mixins.json:presentation.v26_1_x.VulkanPresentationWindowCloseMixin from mod super_resolution,pl:mixin:APP:super_resolution.mixins.json:presentation.v26_2.VulkanPresentationGameRendererCaptureMixin from mod super_resolution,pl:mixin:APP:super_resolution.mixins.json:presentation.v26_2.VulkanPresentationGlDeviceMixin from mod super_resolution,pl:mixin:APP:super_resolution.mixins.json:presentation.v26_2.VulkanPresentationMinecraftBackendMixin from mod super_resolution,pl:mixin:APP:super_resolution.mixins.json:presentation.v26_2.VulkanPresentationMinecraftCaptureMixin from mod super_resolution,pl:mixin:APP:super_resolution.mixins.json:presentation.v26_2.VulkanPresentationWindowCloseMixin from mod super_resolution,pl:mixin:APP:super_resolution.mixins.json:presentation.v26_3.VulkanPresentationGameRendererCaptureMixin from mod super_resolution,pl:mixin:APP:super_resolution.mixins.json:presentation.v26_3.VulkanPresentationGlDeviceMixin from mod super_resolution,pl:mixin:APP:super_resolution.mixins.json:presentation.v26_3.VulkanPresentationMinecraftBackendMixin from mod super_resolution,pl:mixin:APP:super_resolution.mixins.json:presentation.v26_3.VulkanPresentationMinecraftCaptureMixin from mod super_resolution,pl:mixin:APP:super_resolution.mixins.json:presentation.v26_3.VulkanPresentationWindowCloseMixin from mod super_resolution,pl:mixin:APP:super_resolution-neoforge.mixins.json:neoforge.FuckingValidation1218Mixin from mod super_resolution,pl:mixin:APP:super_resolution-neoforge.mixins.json:neoforge.FuckingValidationMixin from mod super_resolution,pl:mixin:APP:super_resolution_irisapi.mixins.json:composite.before1_21_1.GlStateManagerTextureStateAccessor from mod super_resolution,pl:mixin:APP:architectury.mixins.json:MixinMinecraft from mod architectury,pl:mixin:A,pl:runtimedistcleaner:A}
	at TRANSFORMER/minecraft@1.21.1/net.minecraft.client.main.Main.main(Main.java:230) ~[neoforge-21.1.219.jar%23172!/:?] {re:classloading,pl:runtimedistcleaner:A}
	at java.base/jdk.internal.reflect.DirectMethodHandleAccessor.invoke(DirectMethodHandleAccessor.java:103) ~[?:?] {}
	at java.base/java.lang.reflect.Method.invoke(Method.java:580) ~[?:?] {}
	at MC-BOOTSTRAP/fml_loader@4.0.42/net.neoforged.fml.loading.targets.CommonLaunchHandler.runTarget(CommonLaunchHandler.java:136) ~[loader-4.0.42.jar%23130!/:4.0] {}
	at MC-BOOTSTRAP/fml_loader@4.0.42/net.neoforged.fml.loading.targets.CommonLaunchHandler.clientService(CommonLaunchHandler.java:124) ~[loader-4.0.42.jar%23130!/:4.0] {}
	at MC-BOOTSTRAP/fml_loader@4.0.42/net.neoforged.fml.loading.targets.NeoForgeClientDevLaunchHandler.runService(NeoForgeClientDevLaunchHandler.java:23) ~[loader-4.0.42.jar%23130!/:4.0] {}
	at MC-BOOTSTRAP/fml_loader@4.0.42/net.neoforged.fml.loading.targets.CommonLaunchHandler.lambda$launchService$4(CommonLaunchHandler.java:118) ~[loader-4.0.42.jar%23130!/:4.0] {}
	at MC-BOOTSTRAP/cpw.mods.modlauncher@11.0.5/cpw.mods.modlauncher.LaunchServiceHandlerDecorator.launch(LaunchServiceHandlerDecorator.java:30) [modlauncher-11.0.5.jar%23112!/:?] {}
	at MC-BOOTSTRAP/cpw.mods.modlauncher@11.0.5/cpw.mods.modlauncher.LaunchServiceHandler.launch(LaunchServiceHandler.java:53) [modlauncher-11.0.5.jar%23112!/:?] {}
	at MC-BOOTSTRAP/cpw.mods.modlauncher@11.0.5/cpw.mods.modlauncher.LaunchServiceHandler.launch(LaunchServiceHandler.java:71) [modlauncher-11.0.5.jar%23112!/:?] {}
	at MC-BOOTSTRAP/cpw.mods.modlauncher@11.0.5/cpw.mods.modlauncher.Launcher.run(Launcher.java:103) [modlauncher-11.0.5.jar%23112!/:?] {}
	at MC-BOOTSTRAP/cpw.mods.modlauncher@11.0.5/cpw.mods.modlauncher.Launcher.main(Launcher.java:74) [modlauncher-11.0.5.jar%23112!/:?] {}
	at MC-BOOTSTRAP/cpw.mods.modlauncher@11.0.5/cpw.mods.modlauncher.BootstrapLaunchConsumer.accept(BootstrapLaunchConsumer.java:26) [modlauncher-11.0.5.jar%23112!/:?] {}
	at MC-BOOTSTRAP/cpw.mods.modlauncher@11.0.5/cpw.mods.modlauncher.BootstrapLaunchConsumer.accept(BootstrapLaunchConsumer.java:23) [modlauncher-11.0.5.jar%23112!/:?] {}
	at cpw.mods.bootstraplauncher@2.0.2/cpw.mods.bootstraplauncher.BootstrapLauncher.run(BootstrapLauncher.java:210) [bootstraplauncher-2.0.2.jar:?] {}
	at cpw.mods.bootstraplauncher@2.0.2/cpw.mods.bootstraplauncher.BootstrapLauncher.main(BootstrapLauncher.java:69) [bootstraplauncher-2.0.2.jar:?] {}
	at java.base/jdk.internal.reflect.DirectMethodHandleAccessor.invoke(DirectMethodHandleAccessor.java:103) ~[?:?] {}
	at java.base/java.lang.reflect.Method.invoke(Method.java:580) ~[?:?] {}
	at net.neoforged.devlaunch.Main.main(Main.java:57) [DevLaunch-1.0.2.jar:?] {}
[17:09:53] [Render thread/WARN] [Iris/]: The following uniforms won't work, either because they are broken, or reference a broken uniform: 
endFlashIntensityM, endFlashFactor1
[17:09:56] [Render thread/INFO] [SuperResolution/ShaderCompiler/]: Compiling shader FSR1_EASU with the compatibility shader compiler
[17:09:56] [Render thread/INFO] [SuperResolution/ShaderCompiler/]: Compiling shader FSR1_RCAS with the compatibility shader compiler
[17:09:57] [Render thread/INFO] [SuperResolution/ShaderCompiler/]: Compiling shader FSR1_EASU with the compatibility shader compiler
[17:09:57] [Render thread/INFO] [SuperResolution/ShaderCompiler/]: Compiling shader FSR1_RCAS with the compatibility shader compiler
[17:09:57] [Render thread/INFO] [SuperResolution/]: Initializing algorithm AMD FidelityFX Super Resolution 1
[17:09:57] [Render thread/INFO] [SuperResolution/]: Frame generation backend negotiation: fg=null, lowLatency=null
[17:11:26] [Render thread/INFO] [minecraft/SoundEngine]: Audio device was lost!
[ALSOFT] (EE) Failed to get padding: 0x88890004
[17:11:26] [Render thread/WARN] [minecraft/SoundEngine]: Missing sound for event: minecraft:item.goat_horn.play
[17:11:26] [Render thread/WARN] [minecraft/SoundEngine]: Missing sound for event: minecraft:entity.goat.screaming.horn_break
[17:11:26] [Render thread/INFO] [mojang/Library]: OpenAL initialized on device OpenAL Soft on 1 - LT-MK24220 (AMD High Definition Audio Device)
[17:11:26] [Render thread/INFO] [minecraft/SoundEngine]: Sound engine started
[17:11:27] [IO-Worker-1/INFO] [minecraft/SoundEngine]: System default audio device has changed!
[17:11:27] [Render thread/WARN] [minecraft/SoundEngine]: Missing sound for event: minecraft:item.goat_horn.play
[17:11:27] [Render thread/WARN] [minecraft/SoundEngine]: Missing sound for event: minecraft:entity.goat.screaming.horn_break
[17:11:27] [Render thread/INFO] [mojang/Library]: OpenAL initialized on device OpenAL Soft on 1 - LT-MK24220 (AMD High Definition Audio Device)
[17:11:27] [Render thread/INFO] [minecraft/SoundEngine]: Sound engine started
[17:15:30] [Render thread/WARN] [ne.ne.ne.co.CommonHooks/WP]: The following mods have version differences that were not resolved:
super_resolution (version 0.9.2-alpha.1+dev.e365f5b3.opengl -> 0.9.2-alpha.1+dev.03c0e447.opengl)
Things may not work well.
[17:15:31] [Render thread/INFO] [minecraft/RecipeManager]: Loaded 1290 recipes
[17:15:31] [Render thread/INFO] [minecraft/AdvancementTree]: Loaded 1399 advancements
[17:15:32] [Server thread/INFO] [minecraft/IntegratedServer]: Starting integrated minecraft server version 1.21.1
[17:15:32] [Server thread/INFO] [minecraft/MinecraftServer]: Generating keypair
[17:15:33] [Server thread/INFO] [minecraft/MinecraftServer]: Preparing start region for dimension minecraft:overworld
[17:15:33] [progressListener/INFO] [minecraft/LoggerChunkProgressListener]: Preparing spawn area: 0%
[17:15:34] [Server thread/INFO] [ne.ne.ne.se.pe.PermissionAPI/]: Successfully initialized permission handler neoforge:default_handler
[17:15:34] [progressListener/INFO] [minecraft/LoggerChunkProgressListener]: Time elapsed: 544 ms
[17:15:34] [Server thread/INFO] [minecraft/IntegratedServer]: Changing view distance to 12, from 10
[17:15:34] [Server thread/INFO] [minecraft/IntegratedServer]: Changing simulation distance to 12, from 0
[17:15:35] [Server thread/INFO] [minecraft/PlayerList]: Dev[local:E:e5d0754c] logged in with entity id 63 at (400.50426090597244, 62.0, 14.96172827222945)
[17:15:35] [Render thread/INFO] [Iris/]: Reloading pipeline on dimension change: minecraft:overworld => minecraft:overworld
[17:15:35] [Render thread/INFO] [Iris/]: Destroying pipeline minecraft:overworld
[17:15:35] [Server thread/INFO] [minecraft/MinecraftServer]: Dev joined the game
[17:15:35] [Render thread/INFO] [Iris/]: Creating pipeline for dimension minecraft:overworld
[17:15:35] [Render thread/WARN] [Iris/]: Failed to resolve uniform inPaleGarden, reason: Unknown variable: BIOME_PALE_GARDEN ( = FunctionCall{smooth {[Number{55}, FunctionCall{if {[FunctionCall{in {[Id{biome}, Id{BIOME_PALE_GARDEN}]} }, Number{1}, Number{0}]} }, Number{15}, Number{15}]} })
java.lang.RuntimeException: Unknown variable: BIOME_PALE_GARDEN
	at TRANSFORMER/iris@1.8.8+mc1.21.1/kroppeb.stareval.resolver.ExpressionResolver.resolveExpressionInternal(ExpressionResolver.java:225) ~[iris-1.8.8+1.21.1-neoforge-neoforge,1.21.1.jar%23177!/:?] {re:classloading}
	at TRANSFORMER/iris@1.8.8+mc1.21.1/kroppeb.stareval.resolver.ExpressionResolver.resolveCallExpressionInternal(ExpressionResolver.java:81) ~[iris-1.8.8+1.21.1-neoforge-neoforge,1.21.1.jar%23177!/:?] {re:classloading}
	at TRANSFORMER/iris@1.8.8+mc1.21.1/kroppeb.stareval.resolver.ExpressionResolver.resolveCallExpression(ExpressionResolver.java:140) ~[iris-1.8.8+1.21.1-neoforge-neoforge,1.21.1.jar%23177!/:?] {re:classloading}
	at TRANSFORMER/iris@1.8.8+mc1.21.1/kroppeb.stareval.resolver.ExpressionResolver.resolveExpressionInternal(ExpressionResolver.java:196) ~[iris-1.8.8+1.21.1-neoforge-neoforge,1.21.1.jar%23177!/:?] {re:classloading}
	at TRANSFORMER/iris@1.8.8+mc1.21.1/kroppeb.stareval.resolver.ExpressionResolver.resolveCallExpressionInternal(ExpressionResolver.java:81) ~[iris-1.8.8+1.21.1-neoforge-neoforge,1.21.1.jar%23177!/:?] {re:classloading}
	at TRANSFORMER/iris@1.8.8+mc1.21.1/kroppeb.stareval.resolver.ExpressionResolver.resolveCallExpression(ExpressionResolver.java:140) ~[iris-1.8.8+1.21.1-neoforge-neoforge,1.21.1.jar%23177!/:?] {re:classloading}
	at TRANSFORMER/iris@1.8.8+mc1.21.1/kroppeb.stareval.resolver.ExpressionResolver.resolveCallExpression(ExpressionResolver.java:127) ~[iris-1.8.8+1.21.1-neoforge-neoforge,1.21.1.jar%23177!/:?] {re:classloading}
	at TRANSFORMER/iris@1.8.8+mc1.21.1/kroppeb.stareval.resolver.ExpressionResolver.resolveExpressionInternal(ExpressionResolver.java:196) ~[iris-1.8.8+1.21.1-neoforge-neoforge,1.21.1.jar%23177!/:?] {re:classloading}
	at TRANSFORMER/iris@1.8.8+mc1.21.1/kroppeb.stareval.resolver.ExpressionResolver.resolveCallExpressionInternal(ExpressionResolver.java:81) ~[iris-1.8.8+1.21.1-neoforge-neoforge,1.21.1.jar%23177!/:?] {re:classloading}
	at TRANSFORMER/iris@1.8.8+mc1.21.1/kroppeb.stareval.resolver.ExpressionResolver.resolveCallExpression(ExpressionResolver.java:140) ~[iris-1.8.8+1.21.1-neoforge-neoforge,1.21.1.jar%23177!/:?] {re:classloading}
	at TRANSFORMER/iris@1.8.8+mc1.21.1/kroppeb.stareval.resolver.ExpressionResolver.resolveExpressionInternal(ExpressionResolver.java:196) ~[iris-1.8.8+1.21.1-neoforge-neoforge,1.21.1.jar%23177!/:?] {re:classloading}
	at TRANSFORMER/iris@1.8.8+mc1.21.1/kroppeb.stareval.resolver.ExpressionResolver.resolveExpression(ExpressionResolver.java:50) ~[iris-1.8.8+1.21.1-neoforge-neoforge,1.21.1.jar%23177!/:?] {re:classloading}
	at TRANSFORMER/iris@1.8.8+mc1.21.1/net.irisshaders.iris.uniforms.custom.CustomUniforms.<init>(CustomUniforms.java:60) ~[iris-1.8.8+1.21.1-neoforge-neoforge,1.21.1.jar%23177!/:?] {re:classloading}
	at TRANSFORMER/iris@1.8.8+mc1.21.1/net.irisshaders.iris.uniforms.custom.CustomUniforms$Builder.build(CustomUniforms.java:332) ~[iris-1.8.8+1.21.1-neoforge-neoforge,1.21.1.jar%23177!/:?] {re:classloading}
	at TRANSFORMER/iris@1.8.8+mc1.21.1/net.irisshaders.iris.uniforms.custom.CustomUniforms$Builder.build(CustomUniforms.java:343) ~[iris-1.8.8+1.21.1-neoforge-neoforge,1.21.1.jar%23177!/:?] {re:classloading}
	at TRANSFORMER/iris@1.8.8+mc1.21.1/net.irisshaders.iris.pipeline.IrisRenderingPipeline.<init>(IrisRenderingPipeline.java:282) ~[iris-1.8.8+1.21.1-neoforge-neoforge,1.21.1.jar%23177!/:?] {re:mixin,re:classloading,pl:mixin:APP:super_resolution_irisapi.mixins.json:composite.IrisRenderingPipelineAccessor from mod super_resolution,pl:mixin:APP:super_resolution_irisapi.mixins.json:composite.before1_21_1.IrisRenderingPipelineMixin from mod super_resolution,pl:mixin:APP:super_resolution.shadercompat.mixins.json:core.IrisRenderingPipelineAccessor from mod super_resolution,pl:mixin:APP:super_resolution.shadercompat.mixins.json:core.IrisRenderingPipelineMixin from mod super_resolution,pl:mixin:A}
	at TRANSFORMER/iris@1.8.8+mc1.21.1/net.irisshaders.iris.Iris.createPipeline(Iris.java:616) ~[iris-1.8.8+1.21.1-neoforge-neoforge,1.21.1.jar%23177!/:?] {re:mixin,re:classloading,pl:mixin:APP:super_resolution.shadercompat.mixins.json:core.IrisMixin from mod super_resolution,pl:mixin:A}
	at TRANSFORMER/iris@1.8.8+mc1.21.1/net.irisshaders.iris.pipeline.PipelineManager.preparePipeline(PipelineManager.java:33) ~[iris-1.8.8+1.21.1-neoforge-neoforge,1.21.1.jar%23177!/:?] {re:mixin,re:classloading,pl:mixin:APP:super_resolution.shadercompat.mixins.json:core.PipelineManagerMixin from mod super_resolution,pl:mixin:A}
	at TRANSFORMER/minecraft@1.21.1/net.minecraft.client.Minecraft.handler$zeo000$iris$resetPipeline(Minecraft.java:5042) ~[neoforge-21.1.219.jar%23172!/:?] {re:mixin,pl:runtimedistcleaner:A,re:classloading,pl:mixin:APP:sodium-common.mixins.json:core.MinecraftMixin from mod sodium,pl:mixin:APP:sodium-neoforge.mixins.json:platform.neoforge.EntrypointMixin from mod sodium,pl:mixin:APP:mixins.iris.json:MixinMinecraft_Images from mod iris,pl:mixin:APP:mixins.iris.json:MixinMinecraft_Keybinds from mod iris,pl:mixin:APP:mixins.iris.json:MixinMinecraft_PipelineManagement from mod iris,pl:mixin:APP:super_resolution.mixins.json:core.GlTextureViewMixin from mod super_resolution,pl:mixin:APP:super_resolution.mixins.json:core.MinecraftMixin from mod super_resolution,pl:mixin:APP:super_resolution.mixins.json:core.accessor.MinecraftAccessor from mod super_resolution,pl:mixin:APP:super_resolution.mixins.json:framegeneration.v1_20_1.GameRendererConstantsMixin from mod super_resolution,pl:mixin:APP:super_resolution.mixins.json:framegeneration.v1_21_11.GameRendererConstantsMixin from mod super_resolution,pl:mixin:APP:super_resolution.mixins.json:framegeneration.v26_1_x.GameRendererConstantsMixin from mod super_resolution,pl:mixin:APP:super_resolution.mixins.json:framegeneration.v26_2.GameRendererConstantsMixin from mod super_resolution,pl:mixin:APP:super_resolution.mixins.json:framegeneration.v26_2.NativeLibrariesBootstrapMixin from mod super_resolution,pl:mixin:APP:super_resolution.mixins.json:framegeneration.v26_3.GameRendererConstantsMixin from mod super_resolution,pl:mixin:APP:super_resolution.mixins.json:framegeneration.v26_3.NativeLibrariesBootstrapMixin from mod super_resolution,pl:mixin:APP:super_resolution.mixins.json:gui.GuiGraphicsMixin from mod super_resolution,pl:mixin:APP:super_resolution.mixins.json:gui.GuiRendererDrawAccessor from mod super_resolution,pl:mixin:APP:super_resolution.mixins.json:gui.GuiRendererMixin from mod super_resolution,pl:mixin:APP:super_resolution.mixins.json:lowlatency.v1_20_1.KeyboardHandlerReflexMixin from mod super_resolution,pl:mixin:APP:super_resolution.mixins.json:lowlatency.v1_20_1.MinecraftReflexMixin from mod super_resolution,pl:mixin:APP:super_resolution.mixins.json:lowlatency.v1_20_1.MouseHandlerReflexMixin from mod super_resolution,pl:mixin:APP:super_resolution.mixins.json:lowlatency.v1_20_1.RenderSystemAccessor from mod super_resolution,pl:mixin:APP:super_resolution.mixins.json:lowlatency.v1_21_1.MinecraftReflexMixin from mod super_resolution,pl:mixin:APP:super_resolution.mixins.json:lowlatency.v1_21_11.KeyboardHandlerReflexMixin from mod super_resolution,pl:mixin:APP:super_resolution.mixins.json:lowlatency.v1_21_11.MinecraftReflexMixin from mod super_resolution,pl:mixin:APP:super_resolution.mixins.json:lowlatency.v1_21_11.MouseHandlerReflexMixin from mod super_resolution,pl:mixin:APP:super_resolution.mixins.json:lowlatency.v1_21_11.RenderSystemAccessor from mod super_resolution,pl:mixin:APP:super_resolution.mixins.json:lowlatency.v26_1_x.KeyboardHandlerReflexMixin from mod super_resolution,pl:mixin:APP:super_resolution.mixins.json:lowlatency.v26_1_x.MinecraftReflexMixin from mod super_resolution,pl:mixin:APP:super_resolution.mixins.json:lowlatency.v26_1_x.MouseHandlerReflexMixin from mod super_resolution,pl:mixin:APP:super_resolution.mixins.json:lowlatency.v26_2.KeyboardHandlerReflexMixin from mod super_resolution,pl:mixin:APP:super_resolution.mixins.json:lowlatency.v26_2.MinecraftReflexMixin from mod super_resolution,pl:mixin:APP:super_resolution.mixins.json:lowlatency.v26_2.MouseHandlerReflexMixin from mod super_resolution,pl:mixin:APP:super_resolution.mixins.json:lowlatency.v26_3.KeyboardHandlerReflexMixin from mod super_resolution,pl:mixin:APP:super_resolution.mixins.json:lowlatency.v26_3.MinecraftReflexMixin from mod super_resolution,pl:mixin:APP:super_resolution.mixins.json:lowlatency.v26_3.MouseHandlerReflexMixin from mod super_resolution,pl:mixin:APP:super_resolution.mixins.json:presentation.v1_20_1.VulkanPresentationGameRendererCaptureMixin from mod super_resolution,pl:mixin:APP:super_resolution.mixins.json:presentation.v1_20_1.VulkanPresentationGlDeviceMixin from mod super_resolution,pl:mixin:APP:super_resolution.mixins.json:presentation.v1_20_1.VulkanPresentationMinecraftBackendMixin from mod super_resolution,pl:mixin:APP:super_resolution.mixins.json:presentation.v1_20_1.VulkanPresentationMinecraftCaptureMixin from mod super_resolution,pl:mixin:APP:super_resolution.mixins.json:presentation.v1_20_1.VulkanPresentationWindowMixin from mod super_resolution,pl:mixin:APP:super_resolution.mixins.json:presentation.v1_21_1.VulkanPresentationMinecraftCaptureMixin from mod super_resolution,pl:mixin:APP:super_resolution.mixins.json:presentation.v1_21_11.VulkanPresentationGameRendererCaptureMixin from mod super_resolution,pl:mixin:APP:super_resolution.mixins.json:presentation.v1_21_11.VulkanPresentationGlDeviceMixin from mod super_resolution,pl:mixin:APP:super_resolution.mixins.json:presentation.v1_21_11.VulkanPresentationMinecraftBackendMixin from mod super_resolution,pl:mixin:APP:super_resolution.mixins.json:presentation.v1_21_11.VulkanPresentationMinecraftCaptureMixin from mod super_resolution,pl:mixin:APP:super_resolution.mixins.json:presentation.v1_21_11.VulkanPresentationWindowMixin from mod super_resolution,pl:mixin:APP:super_resolution.mixins.json:presentation.v26_1_x.VulkanPresentationGameRendererCaptureMixin from mod super_resolution,pl:mixin:APP:super_resolution.mixins.json:presentation.v26_1_x.VulkanPresentationGlDeviceMixin from mod super_resolution,pl:mixin:APP:super_resolution.mixins.json:presentation.v26_1_x.VulkanPresentationMinecraftBackendMixin from mod super_resolution,pl:mixin:APP:super_resolution.mixins.json:presentation.v26_1_x.VulkanPresentationMinecraftCaptureMixin from mod super_resolution,pl:mixin:APP:super_resolution.mixins.json:presentation.v26_1_x.VulkanPresentationWindowCloseMixin from mod super_resolution,pl:mixin:APP:super_resolution.mixins.json:presentation.v26_2.VulkanPresentationGameRendererCaptureMixin from mod super_resolution,pl:mixin:APP:super_resolution.mixins.json:presentation.v26_2.VulkanPresentationGlDeviceMixin from mod super_resolution,pl:mixin:APP:super_resolution.mixins.json:presentation.v26_2.VulkanPresentationMinecraftBackendMixin from mod super_resolution,pl:mixin:APP:super_resolution.mixins.json:presentation.v26_2.VulkanPresentationMinecraftCaptureMixin from mod super_resolution,pl:mixin:APP:super_resolution.mixins.json:presentation.v26_2.VulkanPresentationWindowCloseMixin from mod super_resolution,pl:mixin:APP:super_resolution.mixins.json:presentation.v26_3.VulkanPresentationGameRendererCaptureMixin from mod super_resolution,pl:mixin:APP:super_resolution.mixins.json:presentation.v26_3.VulkanPresentationGlDeviceMixin from mod super_resolution,pl:mixin:APP:super_resolution.mixins.json:presentation.v26_3.VulkanPresentationMinecraftBackendMixin from mod super_resolution,pl:mixin:APP:super_resolution.mixins.json:presentation.v26_3.VulkanPresentationMinecraftCaptureMixin from mod super_resolution,pl:mixin:APP:super_resolution.mixins.json:presentation.v26_3.VulkanPresentationWindowCloseMixin from mod super_resolution,pl:mixin:APP:super_resolution-neoforge.mixins.json:neoforge.FuckingValidation1218Mixin from mod super_resolution,pl:mixin:APP:super_resolution-neoforge.mixins.json:neoforge.FuckingValidationMixin from mod super_resolution,pl:mixin:APP:super_resolution_irisapi.mixins.json:composite.before1_21_1.GlStateManagerTextureStateAccessor from mod super_resolution,pl:mixin:APP:architectury.mixins.json:MixinMinecraft from mod architectury,pl:mixin:A,pl:runtimedistcleaner:A}
	at TRANSFORMER/minecraft@1.21.1/net.minecraft.client.Minecraft.updateLevelInEngines(Minecraft.java) ~[neoforge-21.1.219.jar%23172!/:?] {re:mixin,pl:runtimedistcleaner:A,re:classloading,pl:mixin:APP:sodium-common.mixins.json:core.MinecraftMixin from mod sodium,pl:mixin:APP:sodium-neoforge.mixins.json:platform.neoforge.EntrypointMixin from mod sodium,pl:mixin:APP:mixins.iris.json:MixinMinecraft_Images from mod iris,pl:mixin:APP:mixins.iris.json:MixinMinecraft_Keybinds from mod iris,pl:mixin:APP:mixins.iris.json:MixinMinecraft_PipelineManagement from mod iris,pl:mixin:APP:super_resolution.mixins.json:core.GlTextureViewMixin from mod super_resolution,pl:mixin:APP:super_resolution.mixins.json:core.MinecraftMixin from mod super_resolution,pl:mixin:APP:super_resolution.mixins.json:core.accessor.MinecraftAccessor from mod super_resolution,pl:mixin:APP:super_resolution.mixins.json:framegeneration.v1_20_1.GameRendererConstantsMixin from mod super_resolution,pl:mixin:APP:super_resolution.mixins.json:framegeneration.v1_21_11.GameRendererConstantsMixin from mod super_resolution,pl:mixin:APP:super_resolution.mixins.json:framegeneration.v26_1_x.GameRendererConstantsMixin from mod super_resolution,pl:mixin:APP:super_resolution.mixins.json:framegeneration.v26_2.GameRendererConstantsMixin from mod super_resolution,pl:mixin:APP:super_resolution.mixins.json:framegeneration.v26_2.NativeLibrariesBootstrapMixin from mod super_resolution,pl:mixin:APP:super_resolution.mixins.json:framegeneration.v26_3.GameRendererConstantsMixin from mod super_resolution,pl:mixin:APP:super_resolution.mixins.json:framegeneration.v26_3.NativeLibrariesBootstrapMixin from mod super_resolution,pl:mixin:APP:super_resolution.mixins.json:gui.GuiGraphicsMixin from mod super_resolution,pl:mixin:APP:super_resolution.mixins.json:gui.GuiRendererDrawAccessor from mod super_resolution,pl:mixin:APP:super_resolution.mixins.json:gui.GuiRendererMixin from mod super_resolution,pl:mixin:APP:super_resolution.mixins.json:lowlatency.v1_20_1.KeyboardHandlerReflexMixin from mod super_resolution,pl:mixin:APP:super_resolution.mixins.json:lowlatency.v1_20_1.MinecraftReflexMixin from mod super_resolution,pl:mixin:APP:super_resolution.mixins.json:lowlatency.v1_20_1.MouseHandlerReflexMixin from mod super_resolution,pl:mixin:APP:super_resolution.mixins.json:lowlatency.v1_20_1.RenderSystemAccessor from mod super_resolution,pl:mixin:APP:super_resolution.mixins.json:lowlatency.v1_21_1.MinecraftReflexMixin from mod super_resolution,pl:mixin:APP:super_resolution.mixins.json:lowlatency.v1_21_11.KeyboardHandlerReflexMixin from mod super_resolution,pl:mixin:APP:super_resolution.mixins.json:lowlatency.v1_21_11.MinecraftReflexMixin from mod super_resolution,pl:mixin:APP:super_resolution.mixins.json:lowlatency.v1_21_11.MouseHandlerReflexMixin from mod super_resolution,pl:mixin:APP:super_resolution.mixins.json:lowlatency.v1_21_11.RenderSystemAccessor from mod super_resolution,pl:mixin:APP:super_resolution.mixins.json:lowlatency.v26_1_x.KeyboardHandlerReflexMixin from mod super_resolution,pl:mixin:APP:super_resolution.mixins.json:lowlatency.v26_1_x.MinecraftReflexMixin from mod super_resolution,pl:mixin:APP:super_resolution.mixins.json:lowlatency.v26_1_x.MouseHandlerReflexMixin from mod super_resolution,pl:mixin:APP:super_resolution.mixins.json:lowlatency.v26_2.KeyboardHandlerReflexMixin from mod super_resolution,pl:mixin:APP:super_resolution.mixins.json:lowlatency.v26_2.MinecraftReflexMixin from mod super_resolution,pl:mixin:APP:super_resolution.mixins.json:lowlatency.v26_2.MouseHandlerReflexMixin from mod super_resolution,pl:mixin:APP:super_resolution.mixins.json:lowlatency.v26_3.KeyboardHandlerReflexMixin from mod super_resolution,pl:mixin:APP:super_resolution.mixins.json:lowlatency.v26_3.MinecraftReflexMixin from mod super_resolution,pl:mixin:APP:super_resolution.mixins.json:lowlatency.v26_3.MouseHandlerReflexMixin from mod super_resolution,pl:mixin:APP:super_resolution.mixins.json:presentation.v1_20_1.VulkanPresentationGameRendererCaptureMixin from mod super_resolution,pl:mixin:APP:super_resolution.mixins.json:presentation.v1_20_1.VulkanPresentationGlDeviceMixin from mod super_resolution,pl:mixin:APP:super_resolution.mixins.json:presentation.v1_20_1.VulkanPresentationMinecraftBackendMixin from mod super_resolution,pl:mixin:APP:super_resolution.mixins.json:presentation.v1_20_1.VulkanPresentationMinecraftCaptureMixin from mod super_resolution,pl:mixin:APP:super_resolution.mixins.json:presentation.v1_20_1.VulkanPresentationWindowMixin from mod super_resolution,pl:mixin:APP:super_resolution.mixins.json:presentation.v1_21_1.VulkanPresentationMinecraftCaptureMixin from mod super_resolution,pl:mixin:APP:super_resolution.mixins.json:presentation.v1_21_11.VulkanPresentationGameRendererCaptureMixin from mod super_resolution,pl:mixin:APP:super_resolution.mixins.json:presentation.v1_21_11.VulkanPresentationGlDeviceMixin from mod super_resolution,pl:mixin:APP:super_resolution.mixins.json:presentation.v1_21_11.VulkanPresentationMinecraftBackendMixin from mod super_resolution,pl:mixin:APP:super_resolution.mixins.json:presentation.v1_21_11.VulkanPresentationMinecraftCaptureMixin from mod super_resolution,pl:mixin:APP:super_resolution.mixins.json:presentation.v1_21_11.VulkanPresentationWindowMixin from mod super_resolution,pl:mixin:APP:super_resolution.mixins.json:presentation.v26_1_x.VulkanPresentationGameRendererCaptureMixin from mod super_resolution,pl:mixin:APP:super_resolution.mixins.json:presentation.v26_1_x.VulkanPresentationGlDeviceMixin from mod super_resolution,pl:mixin:APP:super_resolution.mixins.json:presentation.v26_1_x.VulkanPresentationMinecraftBackendMixin from mod super_resolution,pl:mixin:APP:super_resolution.mixins.json:presentation.v26_1_x.VulkanPresentationMinecraftCaptureMixin from mod super_resolution,pl:mixin:APP:super_resolution.mixins.json:presentation.v26_1_x.VulkanPresentationWindowCloseMixin from mod super_resolution,pl:mixin:APP:super_resolution.mixins.json:presentation.v26_2.VulkanPresentationGameRendererCaptureMixin from mod super_resolution,pl:mixin:APP:super_resolution.mixins.json:presentation.v26_2.VulkanPresentationGlDeviceMixin from mod super_resolution,pl:mixin:APP:super_resolution.mixins.json:presentation.v26_2.VulkanPresentationMinecraftBackendMixin from mod super_resolution,pl:mixin:APP:super_resolution.mixins.json:presentation.v26_2.VulkanPresentationMinecraftCaptureMixin from mod super_resolution,pl:mixin:APP:super_resolution.mixins.json:presentation.v26_2.VulkanPresentationWindowCloseMixin from mod super_resolution,pl:mixin:APP:super_resolution.mixins.json:presentation.v26_3.VulkanPresentationGameRendererCaptureMixin from mod super_resolution,pl:mixin:APP:super_resolution.mixins.json:presentation.v26_3.VulkanPresentationGlDeviceMixin from mod super_resolution,pl:mixin:APP:super_resolution.mixins.json:presentation.v26_3.VulkanPresentationMinecraftBackendMixin from mod super_resolution,pl:mixin:APP:super_resolution.mixins.json:presentation.v26_3.VulkanPresentationMinecraftCaptureMixin from mod super_resolution,pl:mixin:APP:super_resolution.mixins.json:presentation.v26_3.VulkanPresentationWindowCloseMixin from mod super_resolution,pl:mixin:APP:super_resolution-neoforge.mixins.json:neoforge.FuckingValidation1218Mixin from mod super_resolution,pl:mixin:APP:super_resolution-neoforge.mixins.json:neoforge.FuckingValidationMixin from mod super_resolution,pl:mixin:APP:super_resolution_irisapi.mixins.json:composite.before1_21_1.GlStateManagerTextureStateAccessor from mod super_resolution,pl:mixin:APP:architectury.mixins.json:MixinMinecraft from mod architectury,pl:mixin:A,pl:runtimedistcleaner:A}
	at TRANSFORMER/minecraft@1.21.1/net.minecraft.client.Minecraft.setLevel(Minecraft.java:2117) ~[neoforge-21.1.219.jar%23172!/:?] {re:mixin,pl:runtimedistcleaner:A,re:classloading,pl:mixin:APP:sodium-common.mixins.json:core.MinecraftMixin from mod sodium,pl:mixin:APP:sodium-neoforge.mixins.json:platform.neoforge.EntrypointMixin from mod sodium,pl:mixin:APP:mixins.iris.json:MixinMinecraft_Images from mod iris,pl:mixin:APP:mixins.iris.json:MixinMinecraft_Keybinds from mod iris,pl:mixin:APP:mixins.iris.json:MixinMinecraft_PipelineManagement from mod iris,pl:mixin:APP:super_resolution.mixins.json:core.GlTextureViewMixin from mod super_resolution,pl:mixin:APP:super_resolution.mixins.json:core.MinecraftMixin from mod super_resolution,pl:mixin:APP:super_resolution.mixins.json:core.accessor.MinecraftAccessor from mod super_resolution,pl:mixin:APP:super_resolution.mixins.json:framegeneration.v1_20_1.GameRendererConstantsMixin from mod super_resolution,pl:mixin:APP:super_resolution.mixins.json:framegeneration.v1_21_11.GameRendererConstantsMixin from mod super_resolution,pl:mixin:APP:super_resolution.mixins.json:framegeneration.v26_1_x.GameRendererConstantsMixin from mod super_resolution,pl:mixin:APP:super_resolution.mixins.json:framegeneration.v26_2.GameRendererConstantsMixin from mod super_resolution,pl:mixin:APP:super_resolution.mixins.json:framegeneration.v26_2.NativeLibrariesBootstrapMixin from mod super_resolution,pl:mixin:APP:super_resolution.mixins.json:framegeneration.v26_3.GameRendererConstantsMixin from mod super_resolution,pl:mixin:APP:super_resolution.mixins.json:framegeneration.v26_3.NativeLibrariesBootstrapMixin from mod super_resolution,pl:mixin:APP:super_resolution.mixins.json:gui.GuiGraphicsMixin from mod super_resolution,pl:mixin:APP:super_resolution.mixins.json:gui.GuiRendererDrawAccessor from mod super_resolution,pl:mixin:APP:super_resolution.mixins.json:gui.GuiRendererMixin from mod super_resolution,pl:mixin:APP:super_resolution.mixins.json:lowlatency.v1_20_1.KeyboardHandlerReflexMixin from mod super_resolution,pl:mixin:APP:super_resolution.mixins.json:lowlatency.v1_20_1.MinecraftReflexMixin from mod super_resolution,pl:mixin:APP:super_resolution.mixins.json:lowlatency.v1_20_1.MouseHandlerReflexMixin from mod super_resolution,pl:mixin:APP:super_resolution.mixins.json:lowlatency.v1_20_1.RenderSystemAccessor from mod super_resolution,pl:mixin:APP:super_resolution.mixins.json:lowlatency.v1_21_1.MinecraftReflexMixin from mod super_resolution,pl:mixin:APP:super_resolution.mixins.json:lowlatency.v1_21_11.KeyboardHandlerReflexMixin from mod super_resolution,pl:mixin:APP:super_resolution.mixins.json:lowlatency.v1_21_11.MinecraftReflexMixin from mod super_resolution,pl:mixin:APP:super_resolution.mixins.json:lowlatency.v1_21_11.MouseHandlerReflexMixin from mod super_resolution,pl:mixin:APP:super_resolution.mixins.json:lowlatency.v1_21_11.RenderSystemAccessor from mod super_resolution,pl:mixin:APP:super_resolution.mixins.json:lowlatency.v26_1_x.KeyboardHandlerReflexMixin from mod super_resolution,pl:mixin:APP:super_resolution.mixins.json:lowlatency.v26_1_x.MinecraftReflexMixin from mod super_resolution,pl:mixin:APP:super_resolution.mixins.json:lowlatency.v26_1_x.MouseHandlerReflexMixin from mod super_resolution,pl:mixin:APP:super_resolution.mixins.json:lowlatency.v26_2.KeyboardHandlerReflexMixin from mod super_resolution,pl:mixin:APP:super_resolution.mixins.json:lowlatency.v26_2.MinecraftReflexMixin from mod super_resolution,pl:mixin:APP:super_resolution.mixins.json:lowlatency.v26_2.MouseHandlerReflexMixin from mod super_resolution,pl:mixin:APP:super_resolution.mixins.json:lowlatency.v26_3.KeyboardHandlerReflexMixin from mod super_resolution,pl:mixin:APP:super_resolution.mixins.json:lowlatency.v26_3.MinecraftReflexMixin from mod super_resolution,pl:mixin:APP:super_resolution.mixins.json:lowlatency.v26_3.MouseHandlerReflexMixin from mod super_resolution,pl:mixin:APP:super_resolution.mixins.json:presentation.v1_20_1.VulkanPresentationGameRendererCaptureMixin from mod super_resolution,pl:mixin:APP:super_resolution.mixins.json:presentation.v1_20_1.VulkanPresentationGlDeviceMixin from mod super_resolution,pl:mixin:APP:super_resolution.mixins.json:presentation.v1_20_1.VulkanPresentationMinecraftBackendMixin from mod super_resolution,pl:mixin:APP:super_resolution.mixins.json:presentation.v1_20_1.VulkanPresentationMinecraftCaptureMixin from mod super_resolution,pl:mixin:APP:super_resolution.mixins.json:presentation.v1_20_1.VulkanPresentationWindowMixin from mod super_resolution,pl:mixin:APP:super_resolution.mixins.json:presentation.v1_21_1.VulkanPresentationMinecraftCaptureMixin from mod super_resolution,pl:mixin:APP:super_resolution.mixins.json:presentation.v1_21_11.VulkanPresentationGameRendererCaptureMixin from mod super_resolution,pl:mixin:APP:super_resolution.mixins.json:presentation.v1_21_11.VulkanPresentationGlDeviceMixin from mod super_resolution,pl:mixin:APP:super_resolution.mixins.json:presentation.v1_21_11.VulkanPresentationMinecraftBackendMixin from mod super_resolution,pl:mixin:APP:super_resolution.mixins.json:presentation.v1_21_11.VulkanPresentationMinecraftCaptureMixin from mod super_resolution,pl:mixin:APP:super_resolution.mixins.json:presentation.v1_21_11.VulkanPresentationWindowMixin from mod super_resolution,pl:mixin:APP:super_resolution.mixins.json:presentation.v26_1_x.VulkanPresentationGameRendererCaptureMixin from mod super_resolution,pl:mixin:APP:super_resolution.mixins.json:presentation.v26_1_x.VulkanPresentationGlDeviceMixin from mod super_resolution,pl:mixin:APP:super_resolution.mixins.json:presentation.v26_1_x.VulkanPresentationMinecraftBackendMixin from mod super_resolution,pl:mixin:APP:super_resolution.mixins.json:presentation.v26_1_x.VulkanPresentationMinecraftCaptureMixin from mod super_resolution,pl:mixin:APP:super_resolution.mixins.json:presentation.v26_1_x.VulkanPresentationWindowCloseMixin from mod super_resolution,pl:mixin:APP:super_resolution.mixins.json:presentation.v26_2.VulkanPresentationGameRendererCaptureMixin from mod super_resolution,pl:mixin:APP:super_resolution.mixins.json:presentation.v26_2.VulkanPresentationGlDeviceMixin from mod super_resolution,pl:mixin:APP:super_resolution.mixins.json:presentation.v26_2.VulkanPresentationMinecraftBackendMixin from mod super_resolution,pl:mixin:APP:super_resolution.mixins.json:presentation.v26_2.VulkanPresentationMinecraftCaptureMixin from mod super_resolution,pl:mixin:APP:super_resolution.mixins.json:presentation.v26_2.VulkanPresentationWindowCloseMixin from mod super_resolution,pl:mixin:APP:super_resolution.mixins.json:presentation.v26_3.VulkanPresentationGameRendererCaptureMixin from mod super_resolution,pl:mixin:APP:super_resolution.mixins.json:presentation.v26_3.VulkanPresentationGlDeviceMixin from mod super_resolution,pl:mixin:APP:super_resolution.mixins.json:presentation.v26_3.VulkanPresentationMinecraftBackendMixin from mod super_resolution,pl:mixin:APP:super_resolution.mixins.json:presentation.v26_3.VulkanPresentationMinecraftCaptureMixin from mod super_resolution,pl:mixin:APP:super_resolution.mixins.json:presentation.v26_3.VulkanPresentationWindowCloseMixin from mod super_resolution,pl:mixin:APP:super_resolution-neoforge.mixins.json:neoforge.FuckingValidation1218Mixin from mod super_resolution,pl:mixin:APP:super_resolution-neoforge.mixins.json:neoforge.FuckingValidationMixin from mod super_resolution,pl:mixin:APP:super_resolution_irisapi.mixins.json:composite.before1_21_1.GlStateManagerTextureStateAccessor from mod super_resolution,pl:mixin:APP:architectury.mixins.json:MixinMinecraft from mod architectury,pl:mixin:A,pl:runtimedistcleaner:A}
	at TRANSFORMER/minecraft@1.21.1/net.minecraft.client.multiplayer.ClientPacketListener.handleLogin(ClientPacketListener.java:421) ~[neoforge-21.1.219.jar%23172!/:?] {re:mixin,pl:accesstransformer:B,pl:runtimedistcleaner:A,re:classloading,pl:accesstransformer:B,pl:mixin:APP:sodium-common.mixins.json:core.world.map.ClientPacketListenerMixin from mod sodium,pl:mixin:APP:mixins.iris.json:MixinClientPacketListener from mod iris,pl:mixin:A,pl:runtimedistcleaner:A}
	at TRANSFORMER/minecraft@1.21.1/net.minecraft.network.protocol.game.ClientboundLoginPacket.handle(ClientboundLoginPacket.java:67) ~[neoforge-21.1.219.jar%23172!/:?] {re:classloading,re:mixin}
	at TRANSFORMER/minecraft@1.21.1/net.minecraft.network.protocol.game.ClientboundLoginPacket.handle(ClientboundLoginPacket.java:14) ~[neoforge-21.1.219.jar%23172!/:?] {re:classloading,re:mixin}
	at TRANSFORMER/minecraft@1.21.1/net.minecraft.network.protocol.PacketUtils.lambda$ensureRunningOnSameThread$0(PacketUtils.java:26) ~[neoforge-21.1.219.jar%23172!/:?] {re:classloading}
	at TRANSFORMER/minecraft@1.21.1/net.minecraft.util.thread.BlockableEventLoop.doRunTask(BlockableEventLoop.java:148) ~[neoforge-21.1.219.jar%23172!/:?] {re:classloading,pl:accesstransformer:B,re:mixin,pl:accesstransformer:B}
	at TRANSFORMER/minecraft@1.21.1/net.minecraft.util.thread.ReentrantBlockableEventLoop.doRunTask(ReentrantBlockableEventLoop.java:24) ~[neoforge-21.1.219.jar%23172!/:?] {re:classloading,re:mixin}
	at TRANSFORMER/minecraft@1.21.1/net.minecraft.util.thread.BlockableEventLoop.pollTask(BlockableEventLoop.java:122) ~[neoforge-21.1.219.jar%23172!/:?] {re:classloading,pl:accesstransformer:B,re:mixin,pl:accesstransformer:B}
	at TRANSFORMER/minecraft@1.21.1/net.minecraft.util.thread.BlockableEventLoop.runAllTasks(BlockableEventLoop.java:111) ~[neoforge-21.1.219.jar%23172!/:?] {re:classloading,pl:accesstransformer:B,re:mixin,pl:accesstransformer:B}
	at TRANSFORMER/minecraft@1.21.1/net.minecraft.client.Minecraft.runTick(Minecraft.java:1155) ~[neoforge-21.1.219.jar%23172!/:?] {re:mixin,pl:runtimedistcleaner:A,re:classloading,pl:mixin:APP:sodium-common.mixins.json:core.MinecraftMixin from mod sodium,pl:mixin:APP:sodium-neoforge.mixins.json:platform.neoforge.EntrypointMixin from mod sodium,pl:mixin:APP:mixins.iris.json:MixinMinecraft_Images from mod iris,pl:mixin:APP:mixins.iris.json:MixinMinecraft_Keybinds from mod iris,pl:mixin:APP:mixins.iris.json:MixinMinecraft_PipelineManagement from mod iris,pl:mixin:APP:super_resolution.mixins.json:core.GlTextureViewMixin from mod super_resolution,pl:mixin:APP:super_resolution.mixins.json:core.MinecraftMixin from mod super_resolution,pl:mixin:APP:super_resolution.mixins.json:core.accessor.MinecraftAccessor from mod super_resolution,pl:mixin:APP:super_resolution.mixins.json:framegeneration.v1_20_1.GameRendererConstantsMixin from mod super_resolution,pl:mixin:APP:super_resolution.mixins.json:framegeneration.v1_21_11.GameRendererConstantsMixin from mod super_resolution,pl:mixin:APP:super_resolution.mixins.json:framegeneration.v26_1_x.GameRendererConstantsMixin from mod super_resolution,pl:mixin:APP:super_resolution.mixins.json:framegeneration.v26_2.GameRendererConstantsMixin from mod super_resolution,pl:mixin:APP:super_resolution.mixins.json:framegeneration.v26_2.NativeLibrariesBootstrapMixin from mod super_resolution,pl:mixin:APP:super_resolution.mixins.json:framegeneration.v26_3.GameRendererConstantsMixin from mod super_resolution,pl:mixin:APP:super_resolution.mixins.json:framegeneration.v26_3.NativeLibrariesBootstrapMixin from mod super_resolution,pl:mixin:APP:super_resolution.mixins.json:gui.GuiGraphicsMixin from mod super_resolution,pl:mixin:APP:super_resolution.mixins.json:gui.GuiRendererDrawAccessor from mod super_resolution,pl:mixin:APP:super_resolution.mixins.json:gui.GuiRendererMixin from mod super_resolution,pl:mixin:APP:super_resolution.mixins.json:lowlatency.v1_20_1.KeyboardHandlerReflexMixin from mod super_resolution,pl:mixin:APP:super_resolution.mixins.json:lowlatency.v1_20_1.MinecraftReflexMixin from mod super_resolution,pl:mixin:APP:super_resolution.mixins.json:lowlatency.v1_20_1.MouseHandlerReflexMixin from mod super_resolution,pl:mixin:APP:super_resolution.mixins.json:lowlatency.v1_20_1.RenderSystemAccessor from mod super_resolution,pl:mixin:APP:super_resolution.mixins.json:lowlatency.v1_21_1.MinecraftReflexMixin from mod super_resolution,pl:mixin:APP:super_resolution.mixins.json:lowlatency.v1_21_11.KeyboardHandlerReflexMixin from mod super_resolution,pl:mixin:APP:super_resolution.mixins.json:lowlatency.v1_21_11.MinecraftReflexMixin from mod super_resolution,pl:mixin:APP:super_resolution.mixins.json:lowlatency.v1_21_11.MouseHandlerReflexMixin from mod super_resolution,pl:mixin:APP:super_resolution.mixins.json:lowlatency.v1_21_11.RenderSystemAccessor from mod super_resolution,pl:mixin:APP:super_resolution.mixins.json:lowlatency.v26_1_x.KeyboardHandlerReflexMixin from mod super_resolution,pl:mixin:APP:super_resolution.mixins.json:lowlatency.v26_1_x.MinecraftReflexMixin from mod super_resolution,pl:mixin:APP:super_resolution.mixins.json:lowlatency.v26_1_x.MouseHandlerReflexMixin from mod super_resolution,pl:mixin:APP:super_resolution.mixins.json:lowlatency.v26_2.KeyboardHandlerReflexMixin from mod super_resolution,pl:mixin:APP:super_resolution.mixins.json:lowlatency.v26_2.MinecraftReflexMixin from mod super_resolution,pl:mixin:APP:super_resolution.mixins.json:lowlatency.v26_2.MouseHandlerReflexMixin from mod super_resolution,pl:mixin:APP:super_resolution.mixins.json:lowlatency.v26_3.KeyboardHandlerReflexMixin from mod super_resolution,pl:mixin:APP:super_resolution.mixins.json:lowlatency.v26_3.MinecraftReflexMixin from mod super_resolution,pl:mixin:APP:super_resolution.mixins.json:lowlatency.v26_3.MouseHandlerReflexMixin from mod super_resolution,pl:mixin:APP:super_resolution.mixins.json:presentation.v1_20_1.VulkanPresentationGameRendererCaptureMixin from mod super_resolution,pl:mixin:APP:super_resolution.mixins.json:presentation.v1_20_1.VulkanPresentationGlDeviceMixin from mod super_resolution,pl:mixin:APP:super_resolution.mixins.json:presentation.v1_20_1.VulkanPresentationMinecraftBackendMixin from mod super_resolution,pl:mixin:APP:super_resolution.mixins.json:presentation.v1_20_1.VulkanPresentationMinecraftCaptureMixin from mod super_resolution,pl:mixin:APP:super_resolution.mixins.json:presentation.v1_20_1.VulkanPresentationWindowMixin from mod super_resolution,pl:mixin:APP:super_resolution.mixins.json:presentation.v1_21_1.VulkanPresentationMinecraftCaptureMixin from mod super_resolution,pl:mixin:APP:super_resolution.mixins.json:presentation.v1_21_11.VulkanPresentationGameRendererCaptureMixin from mod super_resolution,pl:mixin:APP:super_resolution.mixins.json:presentation.v1_21_11.VulkanPresentationGlDeviceMixin from mod super_resolution,pl:mixin:APP:super_resolution.mixins.json:presentation.v1_21_11.VulkanPresentationMinecraftBackendMixin from mod super_resolution,pl:mixin:APP:super_resolution.mixins.json:presentation.v1_21_11.VulkanPresentationMinecraftCaptureMixin from mod super_resolution,pl:mixin:APP:super_resolution.mixins.json:presentation.v1_21_11.VulkanPresentationWindowMixin from mod super_resolution,pl:mixin:APP:super_resolution.mixins.json:presentation.v26_1_x.VulkanPresentationGameRendererCaptureMixin from mod super_resolution,pl:mixin:APP:super_resolution.mixins.json:presentation.v26_1_x.VulkanPresentationGlDeviceMixin from mod super_resolution,pl:mixin:APP:super_resolution.mixins.json:presentation.v26_1_x.VulkanPresentationMinecraftBackendMixin from mod super_resolution,pl:mixin:APP:super_resolution.mixins.json:presentation.v26_1_x.VulkanPresentationMinecraftCaptureMixin from mod super_resolution,pl:mixin:APP:super_resolution.mixins.json:presentation.v26_1_x.VulkanPresentationWindowCloseMixin from mod super_resolution,pl:mixin:APP:super_resolution.mixins.json:presentation.v26_2.VulkanPresentationGameRendererCaptureMixin from mod super_resolution,pl:mixin:APP:super_resolution.mixins.json:presentation.v26_2.VulkanPresentationGlDeviceMixin from mod super_resolution,pl:mixin:APP:super_resolution.mixins.json:presentation.v26_2.VulkanPresentationMinecraftBackendMixin from mod super_resolution,pl:mixin:APP:super_resolution.mixins.json:presentation.v26_2.VulkanPresentationMinecraftCaptureMixin from mod super_resolution,pl:mixin:APP:super_resolution.mixins.json:presentation.v26_2.VulkanPresentationWindowCloseMixin from mod super_resolution,pl:mixin:APP:super_resolution.mixins.json:presentation.v26_3.VulkanPresentationGameRendererCaptureMixin from mod super_resolution,pl:mixin:APP:super_resolution.mixins.json:presentation.v26_3.VulkanPresentationGlDeviceMixin from mod super_resolution,pl:mixin:APP:super_resolution.mixins.json:presentation.v26_3.VulkanPresentationMinecraftBackendMixin from mod super_resolution,pl:mixin:APP:super_resolution.mixins.json:presentation.v26_3.VulkanPresentationMinecraftCaptureMixin from mod super_resolution,pl:mixin:APP:super_resolution.mixins.json:presentation.v26_3.VulkanPresentationWindowCloseMixin from mod super_resolution,pl:mixin:APP:super_resolution-neoforge.mixins.json:neoforge.FuckingValidation1218Mixin from mod super_resolution,pl:mixin:APP:super_resolution-neoforge.mixins.json:neoforge.FuckingValidationMixin from mod super_resolution,pl:mixin:APP:super_resolution_irisapi.mixins.json:composite.before1_21_1.GlStateManagerTextureStateAccessor from mod super_resolution,pl:mixin:APP:architectury.mixins.json:MixinMinecraft from mod architectury,pl:mixin:A,pl:runtimedistcleaner:A}
	at TRANSFORMER/minecraft@1.21.1/net.minecraft.client.Minecraft.run(Minecraft.java:807) ~[neoforge-21.1.219.jar%23172!/:?] {re:mixin,pl:runtimedistcleaner:A,re:classloading,pl:mixin:APP:sodium-common.mixins.json:core.MinecraftMixin from mod sodium,pl:mixin:APP:sodium-neoforge.mixins.json:platform.neoforge.EntrypointMixin from mod sodium,pl:mixin:APP:mixins.iris.json:MixinMinecraft_Images from mod iris,pl:mixin:APP:mixins.iris.json:MixinMinecraft_Keybinds from mod iris,pl:mixin:APP:mixins.iris.json:MixinMinecraft_PipelineManagement from mod iris,pl:mixin:APP:super_resolution.mixins.json:core.GlTextureViewMixin from mod super_resolution,pl:mixin:APP:super_resolution.mixins.json:core.MinecraftMixin from mod super_resolution,pl:mixin:APP:super_resolution.mixins.json:core.accessor.MinecraftAccessor from mod super_resolution,pl:mixin:APP:super_resolution.mixins.json:framegeneration.v1_20_1.GameRendererConstantsMixin from mod super_resolution,pl:mixin:APP:super_resolution.mixins.json:framegeneration.v1_21_11.GameRendererConstantsMixin from mod super_resolution,pl:mixin:APP:super_resolution.mixins.json:framegeneration.v26_1_x.GameRendererConstantsMixin from mod super_resolution,pl:mixin:APP:super_resolution.mixins.json:framegeneration.v26_2.GameRendererConstantsMixin from mod super_resolution,pl:mixin:APP:super_resolution.mixins.json:framegeneration.v26_2.NativeLibrariesBootstrapMixin from mod super_resolution,pl:mixin:APP:super_resolution.mixins.json:framegeneration.v26_3.GameRendererConstantsMixin from mod super_resolution,pl:mixin:APP:super_resolution.mixins.json:framegeneration.v26_3.NativeLibrariesBootstrapMixin from mod super_resolution,pl:mixin:APP:super_resolution.mixins.json:gui.GuiGraphicsMixin from mod super_resolution,pl:mixin:APP:super_resolution.mixins.json:gui.GuiRendererDrawAccessor from mod super_resolution,pl:mixin:APP:super_resolution.mixins.json:gui.GuiRendererMixin from mod super_resolution,pl:mixin:APP:super_resolution.mixins.json:lowlatency.v1_20_1.KeyboardHandlerReflexMixin from mod super_resolution,pl:mixin:APP:super_resolution.mixins.json:lowlatency.v1_20_1.MinecraftReflexMixin from mod super_resolution,pl:mixin:APP:super_resolution.mixins.json:lowlatency.v1_20_1.MouseHandlerReflexMixin from mod super_resolution,pl:mixin:APP:super_resolution.mixins.json:lowlatency.v1_20_1.RenderSystemAccessor from mod super_resolution,pl:mixin:APP:super_resolution.mixins.json:lowlatency.v1_21_1.MinecraftReflexMixin from mod super_resolution,pl:mixin:APP:super_resolution.mixins.json:lowlatency.v1_21_11.KeyboardHandlerReflexMixin from mod super_resolution,pl:mixin:APP:super_resolution.mixins.json:lowlatency.v1_21_11.MinecraftReflexMixin from mod super_resolution,pl:mixin:APP:super_resolution.mixins.json:lowlatency.v1_21_11.MouseHandlerReflexMixin from mod super_resolution,pl:mixin:APP:super_resolution.mixins.json:lowlatency.v1_21_11.RenderSystemAccessor from mod super_resolution,pl:mixin:APP:super_resolution.mixins.json:lowlatency.v26_1_x.KeyboardHandlerReflexMixin from mod super_resolution,pl:mixin:APP:super_resolution.mixins.json:lowlatency.v26_1_x.MinecraftReflexMixin from mod super_resolution,pl:mixin:APP:super_resolution.mixins.json:lowlatency.v26_1_x.MouseHandlerReflexMixin from mod super_resolution,pl:mixin:APP:super_resolution.mixins.json:lowlatency.v26_2.KeyboardHandlerReflexMixin from mod super_resolution,pl:mixin:APP:super_resolution.mixins.json:lowlatency.v26_2.MinecraftReflexMixin from mod super_resolution,pl:mixin:APP:super_resolution.mixins.json:lowlatency.v26_2.MouseHandlerReflexMixin from mod super_resolution,pl:mixin:APP:super_resolution.mixins.json:lowlatency.v26_3.KeyboardHandlerReflexMixin from mod super_resolution,pl:mixin:APP:super_resolution.mixins.json:lowlatency.v26_3.MinecraftReflexMixin from mod super_resolution,pl:mixin:APP:super_resolution.mixins.json:lowlatency.v26_3.MouseHandlerReflexMixin from mod super_resolution,pl:mixin:APP:super_resolution.mixins.json:presentation.v1_20_1.VulkanPresentationGameRendererCaptureMixin from mod super_resolution,pl:mixin:APP:super_resolution.mixins.json:presentation.v1_20_1.VulkanPresentationGlDeviceMixin from mod super_resolution,pl:mixin:APP:super_resolution.mixins.json:presentation.v1_20_1.VulkanPresentationMinecraftBackendMixin from mod super_resolution,pl:mixin:APP:super_resolution.mixins.json:presentation.v1_20_1.VulkanPresentationMinecraftCaptureMixin from mod super_resolution,pl:mixin:APP:super_resolution.mixins.json:presentation.v1_20_1.VulkanPresentationWindowMixin from mod super_resolution,pl:mixin:APP:super_resolution.mixins.json:presentation.v1_21_1.VulkanPresentationMinecraftCaptureMixin from mod super_resolution,pl:mixin:APP:super_resolution.mixins.json:presentation.v1_21_11.VulkanPresentationGameRendererCaptureMixin from mod super_resolution,pl:mixin:APP:super_resolution.mixins.json:presentation.v1_21_11.VulkanPresentationGlDeviceMixin from mod super_resolution,pl:mixin:APP:super_resolution.mixins.json:presentation.v1_21_11.VulkanPresentationMinecraftBackendMixin from mod super_resolution,pl:mixin:APP:super_resolution.mixins.json:presentation.v1_21_11.VulkanPresentationMinecraftCaptureMixin from mod super_resolution,pl:mixin:APP:super_resolution.mixins.json:presentation.v1_21_11.VulkanPresentationWindowMixin from mod super_resolution,pl:mixin:APP:super_resolution.mixins.json:presentation.v26_1_x.VulkanPresentationGameRendererCaptureMixin from mod super_resolution,pl:mixin:APP:super_resolution.mixins.json:presentation.v26_1_x.VulkanPresentationGlDeviceMixin from mod super_resolution,pl:mixin:APP:super_resolution.mixins.json:presentation.v26_1_x.VulkanPresentationMinecraftBackendMixin from mod super_resolution,pl:mixin:APP:super_resolution.mixins.json:presentation.v26_1_x.VulkanPresentationMinecraftCaptureMixin from mod super_resolution,pl:mixin:APP:super_resolution.mixins.json:presentation.v26_1_x.VulkanPresentationWindowCloseMixin from mod super_resolution,pl:mixin:APP:super_resolution.mixins.json:presentation.v26_2.VulkanPresentationGameRendererCaptureMixin from mod super_resolution,pl:mixin:APP:super_resolution.mixins.json:presentation.v26_2.VulkanPresentationGlDeviceMixin from mod super_resolution,pl:mixin:APP:super_resolution.mixins.json:presentation.v26_2.VulkanPresentationMinecraftBackendMixin from mod super_resolution,pl:mixin:APP:super_resolution.mixins.json:presentation.v26_2.VulkanPresentationMinecraftCaptureMixin from mod super_resolution,pl:mixin:APP:super_resolution.mixins.json:presentation.v26_2.VulkanPresentationWindowCloseMixin from mod super_resolution,pl:mixin:APP:super_resolution.mixins.json:presentation.v26_3.VulkanPresentationGameRendererCaptureMixin from mod super_resolution,pl:mixin:APP:super_resolution.mixins.json:presentation.v26_3.VulkanPresentationGlDeviceMixin from mod super_resolution,pl:mixin:APP:super_resolution.mixins.json:presentation.v26_3.VulkanPresentationMinecraftBackendMixin from mod super_resolution,pl:mixin:APP:super_resolution.mixins.json:presentation.v26_3.VulkanPresentationMinecraftCaptureMixin from mod super_resolution,pl:mixin:APP:super_resolution.mixins.json:presentation.v26_3.VulkanPresentationWindowCloseMixin from mod super_resolution,pl:mixin:APP:super_resolution-neoforge.mixins.json:neoforge.FuckingValidation1218Mixin from mod super_resolution,pl:mixin:APP:super_resolution-neoforge.mixins.json:neoforge.FuckingValidationMixin from mod super_resolution,pl:mixin:APP:super_resolution_irisapi.mixins.json:composite.before1_21_1.GlStateManagerTextureStateAccessor from mod super_resolution,pl:mixin:APP:architectury.mixins.json:MixinMinecraft from mod architectury,pl:mixin:A,pl:runtimedistcleaner:A}
	at TRANSFORMER/minecraft@1.21.1/net.minecraft.client.main.Main.main(Main.java:230) ~[neoforge-21.1.219.jar%23172!/:?] {re:classloading,pl:runtimedistcleaner:A}
	at java.base/jdk.internal.reflect.DirectMethodHandleAccessor.invoke(DirectMethodHandleAccessor.java:103) ~[?:?] {}
	at java.base/java.lang.reflect.Method.invoke(Method.java:580) ~[?:?] {}
	at MC-BOOTSTRAP/fml_loader@4.0.42/net.neoforged.fml.loading.targets.CommonLaunchHandler.runTarget(CommonLaunchHandler.java:136) ~[loader-4.0.42.jar%23130!/:4.0] {}
	at MC-BOOTSTRAP/fml_loader@4.0.42/net.neoforged.fml.loading.targets.CommonLaunchHandler.clientService(CommonLaunchHandler.java:124) ~[loader-4.0.42.jar%23130!/:4.0] {}
	at MC-BOOTSTRAP/fml_loader@4.0.42/net.neoforged.fml.loading.targets.NeoForgeClientDevLaunchHandler.runService(NeoForgeClientDevLaunchHandler.java:23) ~[loader-4.0.42.jar%23130!/:4.0] {}
	at MC-BOOTSTRAP/fml_loader@4.0.42/net.neoforged.fml.loading.targets.CommonLaunchHandler.lambda$launchService$4(CommonLaunchHandler.java:118) ~[loader-4.0.42.jar%23130!/:4.0] {}
	at MC-BOOTSTRAP/cpw.mods.modlauncher@11.0.5/cpw.mods.modlauncher.LaunchServiceHandlerDecorator.launch(LaunchServiceHandlerDecorator.java:30) [modlauncher-11.0.5.jar%23112!/:?] {}
	at MC-BOOTSTRAP/cpw.mods.modlauncher@11.0.5/cpw.mods.modlauncher.LaunchServiceHandler.launch(LaunchServiceHandler.java:53) [modlauncher-11.0.5.jar%23112!/:?] {}
	at MC-BOOTSTRAP/cpw.mods.modlauncher@11.0.5/cpw.mods.modlauncher.LaunchServiceHandler.launch(LaunchServiceHandler.java:71) [modlauncher-11.0.5.jar%23112!/:?] {}
	at MC-BOOTSTRAP/cpw.mods.modlauncher@11.0.5/cpw.mods.modlauncher.Launcher.run(Launcher.java:103) [modlauncher-11.0.5.jar%23112!/:?] {}
	at MC-BOOTSTRAP/cpw.mods.modlauncher@11.0.5/cpw.mods.modlauncher.Launcher.main(Launcher.java:74) [modlauncher-11.0.5.jar%23112!/:?] {}
	at MC-BOOTSTRAP/cpw.mods.modlauncher@11.0.5/cpw.mods.modlauncher.BootstrapLaunchConsumer.accept(BootstrapLaunchConsumer.java:26) [modlauncher-11.0.5.jar%23112!/:?] {}
	at MC-BOOTSTRAP/cpw.mods.modlauncher@11.0.5/cpw.mods.modlauncher.BootstrapLaunchConsumer.accept(BootstrapLaunchConsumer.java:23) [modlauncher-11.0.5.jar%23112!/:?] {}
	at cpw.mods.bootstraplauncher@2.0.2/cpw.mods.bootstraplauncher.BootstrapLauncher.run(BootstrapLauncher.java:210) [bootstraplauncher-2.0.2.jar:?] {}
	at cpw.mods.bootstraplauncher@2.0.2/cpw.mods.bootstraplauncher.BootstrapLauncher.main(BootstrapLauncher.java:69) [bootstraplauncher-2.0.2.jar:?] {}
	at java.base/jdk.internal.reflect.DirectMethodHandleAccessor.invoke(DirectMethodHandleAccessor.java:103) ~[?:?] {}
	at java.base/java.lang.reflect.Method.invoke(Method.java:580) ~[?:?] {}
	at net.neoforged.devlaunch.Main.main(Main.java:57) [DevLaunch-1.0.2.jar:?] {}
[17:15:35] [Render thread/WARN] [Iris/]: Failed to resolve uniform inSulfurCaves, reason: Unknown variable: BIOME_SULFUR_CAVES ( = FunctionCall{smooth {[Number{56}, FunctionCall{if {[FunctionCall{in {[Id{biome}, Id{BIOME_SULFUR_CAVES}]} }, Number{1}, Number{0}]} }, Number{15}, Number{15}]} })
java.lang.RuntimeException: Unknown variable: BIOME_SULFUR_CAVES
	at TRANSFORMER/iris@1.8.8+mc1.21.1/kroppeb.stareval.resolver.ExpressionResolver.resolveExpressionInternal(ExpressionResolver.java:225) ~[iris-1.8.8+1.21.1-neoforge-neoforge,1.21.1.jar%23177!/:?] {re:classloading}
	at TRANSFORMER/iris@1.8.8+mc1.21.1/kroppeb.stareval.resolver.ExpressionResolver.resolveCallExpressionInternal(ExpressionResolver.java:81) ~[iris-1.8.8+1.21.1-neoforge-neoforge,1.21.1.jar%23177!/:?] {re:classloading}
	at TRANSFORMER/iris@1.8.8+mc1.21.1/kroppeb.stareval.resolver.ExpressionResolver.resolveCallExpression(ExpressionResolver.java:140) ~[iris-1.8.8+1.21.1-neoforge-neoforge,1.21.1.jar%23177!/:?] {re:classloading}
	at TRANSFORMER/iris@1.8.8+mc1.21.1/kroppeb.stareval.resolver.ExpressionResolver.resolveExpressionInternal(ExpressionResolver.java:196) ~[iris-1.8.8+1.21.1-neoforge-neoforge,1.21.1.jar%23177!/:?] {re:classloading}
	at TRANSFORMER/iris@1.8.8+mc1.21.1/kroppeb.stareval.resolver.ExpressionResolver.resolveCallExpressionInternal(ExpressionResolver.java:81) ~[iris-1.8.8+1.21.1-neoforge-neoforge,1.21.1.jar%23177!/:?] {re:classloading}
	at TRANSFORMER/iris@1.8.8+mc1.21.1/kroppeb.stareval.resolver.ExpressionResolver.resolveCallExpression(ExpressionResolver.java:140) ~[iris-1.8.8+1.21.1-neoforge-neoforge,1.21.1.jar%23177!/:?] {re:classloading}
	at TRANSFORMER/iris@1.8.8+mc1.21.1/kroppeb.stareval.resolver.ExpressionResolver.resolveCallExpression(ExpressionResolver.java:127) ~[iris-1.8.8+1.21.1-neoforge-neoforge,1.21.1.jar%23177!/:?] {re:classloading}
	at TRANSFORMER/iris@1.8.8+mc1.21.1/kroppeb.stareval.resolver.ExpressionResolver.resolveExpressionInternal(ExpressionResolver.java:196) ~[iris-1.8.8+1.21.1-neoforge-neoforge,1.21.1.jar%23177!/:?] {re:classloading}
	at TRANSFORMER/iris@1.8.8+mc1.21.1/kroppeb.stareval.resolver.ExpressionResolver.resolveCallExpressionInternal(ExpressionResolver.java:81) ~[iris-1.8.8+1.21.1-neoforge-neoforge,1.21.1.jar%23177!/:?] {re:classloading}
	at TRANSFORMER/iris@1.8.8+mc1.21.1/kroppeb.stareval.resolver.ExpressionResolver.resolveCallExpression(ExpressionResolver.java:140) ~[iris-1.8.8+1.21.1-neoforge-neoforge,1.21.1.jar%23177!/:?] {re:classloading}
	at TRANSFORMER/iris@1.8.8+mc1.21.1/kroppeb.stareval.resolver.ExpressionResolver.resolveExpressionInternal(ExpressionResolver.java:196) ~[iris-1.8.8+1.21.1-neoforge-neoforge,1.21.1.jar%23177!/:?] {re:classloading}
	at TRANSFORMER/iris@1.8.8+mc1.21.1/kroppeb.stareval.resolver.ExpressionResolver.resolveExpression(ExpressionResolver.java:50) ~[iris-1.8.8+1.21.1-neoforge-neoforge,1.21.1.jar%23177!/:?] {re:classloading}
	at TRANSFORMER/iris@1.8.8+mc1.21.1/net.irisshaders.iris.uniforms.custom.CustomUniforms.<init>(CustomUniforms.java:60) ~[iris-1.8.8+1.21.1-neoforge-neoforge,1.21.1.jar%23177!/:?] {re:classloading}
	at TRANSFORMER/iris@1.8.8+mc1.21.1/net.irisshaders.iris.uniforms.custom.CustomUniforms$Builder.build(CustomUniforms.java:332) ~[iris-1.8.8+1.21.1-neoforge-neoforge,1.21.1.jar%23177!/:?] {re:classloading}
	at TRANSFORMER/iris@1.8.8+mc1.21.1/net.irisshaders.iris.uniforms.custom.CustomUniforms$Builder.build(CustomUniforms.java:343) ~[iris-1.8.8+1.21.1-neoforge-neoforge,1.21.1.jar%23177!/:?] {re:classloading}
	at TRANSFORMER/iris@1.8.8+mc1.21.1/net.irisshaders.iris.pipeline.IrisRenderingPipeline.<init>(IrisRenderingPipeline.java:282) ~[iris-1.8.8+1.21.1-neoforge-neoforge,1.21.1.jar%23177!/:?] {re:mixin,re:classloading,pl:mixin:APP:super_resolution_irisapi.mixins.json:composite.IrisRenderingPipelineAccessor from mod super_resolution,pl:mixin:APP:super_resolution_irisapi.mixins.json:composite.before1_21_1.IrisRenderingPipelineMixin from mod super_resolution,pl:mixin:APP:super_resolution.shadercompat.mixins.json:core.IrisRenderingPipelineAccessor from mod super_resolution,pl:mixin:APP:super_resolution.shadercompat.mixins.json:core.IrisRenderingPipelineMixin from mod super_resolution,pl:mixin:A}
	at TRANSFORMER/iris@1.8.8+mc1.21.1/net.irisshaders.iris.Iris.createPipeline(Iris.java:616) ~[iris-1.8.8+1.21.1-neoforge-neoforge,1.21.1.jar%23177!/:?] {re:mixin,re:classloading,pl:mixin:APP:super_resolution.shadercompat.mixins.json:core.IrisMixin from mod super_resolution,pl:mixin:A}
	at TRANSFORMER/iris@1.8.8+mc1.21.1/net.irisshaders.iris.pipeline.PipelineManager.preparePipeline(PipelineManager.java:33) ~[iris-1.8.8+1.21.1-neoforge-neoforge,1.21.1.jar%23177!/:?] {re:mixin,re:classloading,pl:mixin:APP:super_resolution.shadercompat.mixins.json:core.PipelineManagerMixin from mod super_resolution,pl:mixin:A}
	at TRANSFORMER/minecraft@1.21.1/net.minecraft.client.Minecraft.handler$zeo000$iris$resetPipeline(Minecraft.java:5042) ~[neoforge-21.1.219.jar%23172!/:?] {re:mixin,pl:runtimedistcleaner:A,re:classloading,pl:mixin:APP:sodium-common.mixins.json:core.MinecraftMixin from mod sodium,pl:mixin:APP:sodium-neoforge.mixins.json:platform.neoforge.EntrypointMixin from mod sodium,pl:mixin:APP:mixins.iris.json:MixinMinecraft_Images from mod iris,pl:mixin:APP:mixins.iris.json:MixinMinecraft_Keybinds from mod iris,pl:mixin:APP:mixins.iris.json:MixinMinecraft_PipelineManagement from mod iris,pl:mixin:APP:super_resolution.mixins.json:core.GlTextureViewMixin from mod super_resolution,pl:mixin:APP:super_resolution.mixins.json:core.MinecraftMixin from mod super_resolution,pl:mixin:APP:super_resolution.mixins.json:core.accessor.MinecraftAccessor from mod super_resolution,pl:mixin:APP:super_resolution.mixins.json:framegeneration.v1_20_1.GameRendererConstantsMixin from mod super_resolution,pl:mixin:APP:super_resolution.mixins.json:framegeneration.v1_21_11.GameRendererConstantsMixin from mod super_resolution,pl:mixin:APP:super_resolution.mixins.json:framegeneration.v26_1_x.GameRendererConstantsMixin from mod super_resolution,pl:mixin:APP:super_resolution.mixins.json:framegeneration.v26_2.GameRendererConstantsMixin from mod super_resolution,pl:mixin:APP:super_resolution.mixins.json:framegeneration.v26_2.NativeLibrariesBootstrapMixin from mod super_resolution,pl:mixin:APP:super_resolution.mixins.json:framegeneration.v26_3.GameRendererConstantsMixin from mod super_resolution,pl:mixin:APP:super_resolution.mixins.json:framegeneration.v26_3.NativeLibrariesBootstrapMixin from mod super_resolution,pl:mixin:APP:super_resolution.mixins.json:gui.GuiGraphicsMixin from mod super_resolution,pl:mixin:APP:super_resolution.mixins.json:gui.GuiRendererDrawAccessor from mod super_resolution,pl:mixin:APP:super_resolution.mixins.json:gui.GuiRendererMixin from mod super_resolution,pl:mixin:APP:super_resolution.mixins.json:lowlatency.v1_20_1.KeyboardHandlerReflexMixin from mod super_resolution,pl:mixin:APP:super_resolution.mixins.json:lowlatency.v1_20_1.MinecraftReflexMixin from mod super_resolution,pl:mixin:APP:super_resolution.mixins.json:lowlatency.v1_20_1.MouseHandlerReflexMixin from mod super_resolution,pl:mixin:APP:super_resolution.mixins.json:lowlatency.v1_20_1.RenderSystemAccessor from mod super_resolution,pl:mixin:APP:super_resolution.mixins.json:lowlatency.v1_21_1.MinecraftReflexMixin from mod super_resolution,pl:mixin:APP:super_resolution.mixins.json:lowlatency.v1_21_11.KeyboardHandlerReflexMixin from mod super_resolution,pl:mixin:APP:super_resolution.mixins.json:lowlatency.v1_21_11.MinecraftReflexMixin from mod super_resolution,pl:mixin:APP:super_resolution.mixins.json:lowlatency.v1_21_11.MouseHandlerReflexMixin from mod super_resolution,pl:mixin:APP:super_resolution.mixins.json:lowlatency.v1_21_11.RenderSystemAccessor from mod super_resolution,pl:mixin:APP:super_resolution.mixins.json:lowlatency.v26_1_x.KeyboardHandlerReflexMixin from mod super_resolution,pl:mixin:APP:super_resolution.mixins.json:lowlatency.v26_1_x.MinecraftReflexMixin from mod super_resolution,pl:mixin:APP:super_resolution.mixins.json:lowlatency.v26_1_x.MouseHandlerReflexMixin from mod super_resolution,pl:mixin:APP:super_resolution.mixins.json:lowlatency.v26_2.KeyboardHandlerReflexMixin from mod super_resolution,pl:mixin:APP:super_resolution.mixins.json:lowlatency.v26_2.MinecraftReflexMixin from mod super_resolution,pl:mixin:APP:super_resolution.mixins.json:lowlatency.v26_2.MouseHandlerReflexMixin from mod super_resolution,pl:mixin:APP:super_resolution.mixins.json:lowlatency.v26_3.KeyboardHandlerReflexMixin from mod super_resolution,pl:mixin:APP:super_resolution.mixins.json:lowlatency.v26_3.MinecraftReflexMixin from mod super_resolution,pl:mixin:APP:super_resolution.mixins.json:lowlatency.v26_3.MouseHandlerReflexMixin from mod super_resolution,pl:mixin:APP:super_resolution.mixins.json:presentation.v1_20_1.VulkanPresentationGameRendererCaptureMixin from mod super_resolution,pl:mixin:APP:super_resolution.mixins.json:presentation.v1_20_1.VulkanPresentationGlDeviceMixin from mod super_resolution,pl:mixin:APP:super_resolution.mixins.json:presentation.v1_20_1.VulkanPresentationMinecraftBackendMixin from mod super_resolution,pl:mixin:APP:super_resolution.mixins.json:presentation.v1_20_1.VulkanPresentationMinecraftCaptureMixin from mod super_resolution,pl:mixin:APP:super_resolution.mixins.json:presentation.v1_20_1.VulkanPresentationWindowMixin from mod super_resolution,pl:mixin:APP:super_resolution.mixins.json:presentation.v1_21_1.VulkanPresentationMinecraftCaptureMixin from mod super_resolution,pl:mixin:APP:super_resolution.mixins.json:presentation.v1_21_11.VulkanPresentationGameRendererCaptureMixin from mod super_resolution,pl:mixin:APP:super_resolution.mixins.json:presentation.v1_21_11.VulkanPresentationGlDeviceMixin from mod super_resolution,pl:mixin:APP:super_resolution.mixins.json:presentation.v1_21_11.VulkanPresentationMinecraftBackendMixin from mod super_resolution,pl:mixin:APP:super_resolution.mixins.json:presentation.v1_21_11.VulkanPresentationMinecraftCaptureMixin from mod super_resolution,pl:mixin:APP:super_resolution.mixins.json:presentation.v1_21_11.VulkanPresentationWindowMixin from mod super_resolution,pl:mixin:APP:super_resolution.mixins.json:presentation.v26_1_x.VulkanPresentationGameRendererCaptureMixin from mod super_resolution,pl:mixin:APP:super_resolution.mixins.json:presentation.v26_1_x.VulkanPresentationGlDeviceMixin from mod super_resolution,pl:mixin:APP:super_resolution.mixins.json:presentation.v26_1_x.VulkanPresentationMinecraftBackendMixin from mod super_resolution,pl:mixin:APP:super_resolution.mixins.json:presentation.v26_1_x.VulkanPresentationMinecraftCaptureMixin from mod super_resolution,pl:mixin:APP:super_resolution.mixins.json:presentation.v26_1_x.VulkanPresentationWindowCloseMixin from mod super_resolution,pl:mixin:APP:super_resolution.mixins.json:presentation.v26_2.VulkanPresentationGameRendererCaptureMixin from mod super_resolution,pl:mixin:APP:super_resolution.mixins.json:presentation.v26_2.VulkanPresentationGlDeviceMixin from mod super_resolution,pl:mixin:APP:super_resolution.mixins.json:presentation.v26_2.VulkanPresentationMinecraftBackendMixin from mod super_resolution,pl:mixin:APP:super_resolution.mixins.json:presentation.v26_2.VulkanPresentationMinecraftCaptureMixin from mod super_resolution,pl:mixin:APP:super_resolution.mixins.json:presentation.v26_2.VulkanPresentationWindowCloseMixin from mod super_resolution,pl:mixin:APP:super_resolution.mixins.json:presentation.v26_3.VulkanPresentationGameRendererCaptureMixin from mod super_resolution,pl:mixin:APP:super_resolution.mixins.json:presentation.v26_3.VulkanPresentationGlDeviceMixin from mod super_resolution,pl:mixin:APP:super_resolution.mixins.json:presentation.v26_3.VulkanPresentationMinecraftBackendMixin from mod super_resolution,pl:mixin:APP:super_resolution.mixins.json:presentation.v26_3.VulkanPresentationMinecraftCaptureMixin from mod super_resolution,pl:mixin:APP:super_resolution.mixins.json:presentation.v26_3.VulkanPresentationWindowCloseMixin from mod super_resolution,pl:mixin:APP:super_resolution-neoforge.mixins.json:neoforge.FuckingValidation1218Mixin from mod super_resolution,pl:mixin:APP:super_resolution-neoforge.mixins.json:neoforge.FuckingValidationMixin from mod super_resolution,pl:mixin:APP:super_resolution_irisapi.mixins.json:composite.before1_21_1.GlStateManagerTextureStateAccessor from mod super_resolution,pl:mixin:APP:architectury.mixins.json:MixinMinecraft from mod architectury,pl:mixin:A,pl:runtimedistcleaner:A}
	at TRANSFORMER/minecraft@1.21.1/net.minecraft.client.Minecraft.updateLevelInEngines(Minecraft.java) ~[neoforge-21.1.219.jar%23172!/:?] {re:mixin,pl:runtimedistcleaner:A,re:classloading,pl:mixin:APP:sodium-common.mixins.json:core.MinecraftMixin from mod sodium,pl:mixin:APP:sodium-neoforge.mixins.json:platform.neoforge.EntrypointMixin from mod sodium,pl:mixin:APP:mixins.iris.json:MixinMinecraft_Images from mod iris,pl:mixin:APP:mixins.iris.json:MixinMinecraft_Keybinds from mod iris,pl:mixin:APP:mixins.iris.json:MixinMinecraft_PipelineManagement from mod iris,pl:mixin:APP:super_resolution.mixins.json:core.GlTextureViewMixin from mod super_resolution,pl:mixin:APP:super_resolution.mixins.json:core.MinecraftMixin from mod super_resolution,pl:mixin:APP:super_resolution.mixins.json:core.accessor.MinecraftAccessor from mod super_resolution,pl:mixin:APP:super_resolution.mixins.json:framegeneration.v1_20_1.GameRendererConstantsMixin from mod super_resolution,pl:mixin:APP:super_resolution.mixins.json:framegeneration.v1_21_11.GameRendererConstantsMixin from mod super_resolution,pl:mixin:APP:super_resolution.mixins.json:framegeneration.v26_1_x.GameRendererConstantsMixin from mod super_resolution,pl:mixin:APP:super_resolution.mixins.json:framegeneration.v26_2.GameRendererConstantsMixin from mod super_resolution,pl:mixin:APP:super_resolution.mixins.json:framegeneration.v26_2.NativeLibrariesBootstrapMixin from mod super_resolution,pl:mixin:APP:super_resolution.mixins.json:framegeneration.v26_3.GameRendererConstantsMixin from mod super_resolution,pl:mixin:APP:super_resolution.mixins.json:framegeneration.v26_3.NativeLibrariesBootstrapMixin from mod super_resolution,pl:mixin:APP:super_resolution.mixins.json:gui.GuiGraphicsMixin from mod super_resolution,pl:mixin:APP:super_resolution.mixins.json:gui.GuiRendererDrawAccessor from mod super_resolution,pl:mixin:APP:super_resolution.mixins.json:gui.GuiRendererMixin from mod super_resolution,pl:mixin:APP:super_resolution.mixins.json:lowlatency.v1_20_1.KeyboardHandlerReflexMixin from mod super_resolution,pl:mixin:APP:super_resolution.mixins.json:lowlatency.v1_20_1.MinecraftReflexMixin from mod super_resolution,pl:mixin:APP:super_resolution.mixins.json:lowlatency.v1_20_1.MouseHandlerReflexMixin from mod super_resolution,pl:mixin:APP:super_resolution.mixins.json:lowlatency.v1_20_1.RenderSystemAccessor from mod super_resolution,pl:mixin:APP:super_resolution.mixins.json:lowlatency.v1_21_1.MinecraftReflexMixin from mod super_resolution,pl:mixin:APP:super_resolution.mixins.json:lowlatency.v1_21_11.KeyboardHandlerReflexMixin from mod super_resolution,pl:mixin:APP:super_resolution.mixins.json:lowlatency.v1_21_11.MinecraftReflexMixin from mod super_resolution,pl:mixin:APP:super_resolution.mixins.json:lowlatency.v1_21_11.MouseHandlerReflexMixin from mod super_resolution,pl:mixin:APP:super_resolution.mixins.json:lowlatency.v1_21_11.RenderSystemAccessor from mod super_resolution,pl:mixin:APP:super_resolution.mixins.json:lowlatency.v26_1_x.KeyboardHandlerReflexMixin from mod super_resolution,pl:mixin:APP:super_resolution.mixins.json:lowlatency.v26_1_x.MinecraftReflexMixin from mod super_resolution,pl:mixin:APP:super_resolution.mixins.json:lowlatency.v26_1_x.MouseHandlerReflexMixin from mod super_resolution,pl:mixin:APP:super_resolution.mixins.json:lowlatency.v26_2.KeyboardHandlerReflexMixin from mod super_resolution,pl:mixin:APP:super_resolution.mixins.json:lowlatency.v26_2.MinecraftReflexMixin from mod super_resolution,pl:mixin:APP:super_resolution.mixins.json:lowlatency.v26_2.MouseHandlerReflexMixin from mod super_resolution,pl:mixin:APP:super_resolution.mixins.json:lowlatency.v26_3.KeyboardHandlerReflexMixin from mod super_resolution,pl:mixin:APP:super_resolution.mixins.json:lowlatency.v26_3.MinecraftReflexMixin from mod super_resolution,pl:mixin:APP:super_resolution.mixins.json:lowlatency.v26_3.MouseHandlerReflexMixin from mod super_resolution,pl:mixin:APP:super_resolution.mixins.json:presentation.v1_20_1.VulkanPresentationGameRendererCaptureMixin from mod super_resolution,pl:mixin:APP:super_resolution.mixins.json:presentation.v1_20_1.VulkanPresentationGlDeviceMixin from mod super_resolution,pl:mixin:APP:super_resolution.mixins.json:presentation.v1_20_1.VulkanPresentationMinecraftBackendMixin from mod super_resolution,pl:mixin:APP:super_resolution.mixins.json:presentation.v1_20_1.VulkanPresentationMinecraftCaptureMixin from mod super_resolution,pl:mixin:APP:super_resolution.mixins.json:presentation.v1_20_1.VulkanPresentationWindowMixin from mod super_resolution,pl:mixin:APP:super_resolution.mixins.json:presentation.v1_21_1.VulkanPresentationMinecraftCaptureMixin from mod super_resolution,pl:mixin:APP:super_resolution.mixins.json:presentation.v1_21_11.VulkanPresentationGameRendererCaptureMixin from mod super_resolution,pl:mixin:APP:super_resolution.mixins.json:presentation.v1_21_11.VulkanPresentationGlDeviceMixin from mod super_resolution,pl:mixin:APP:super_resolution.mixins.json:presentation.v1_21_11.VulkanPresentationMinecraftBackendMixin from mod super_resolution,pl:mixin:APP:super_resolution.mixins.json:presentation.v1_21_11.VulkanPresentationMinecraftCaptureMixin from mod super_resolution,pl:mixin:APP:super_resolution.mixins.json:presentation.v1_21_11.VulkanPresentationWindowMixin from mod super_resolution,pl:mixin:APP:super_resolution.mixins.json:presentation.v26_1_x.VulkanPresentationGameRendererCaptureMixin from mod super_resolution,pl:mixin:APP:super_resolution.mixins.json:presentation.v26_1_x.VulkanPresentationGlDeviceMixin from mod super_resolution,pl:mixin:APP:super_resolution.mixins.json:presentation.v26_1_x.VulkanPresentationMinecraftBackendMixin from mod super_resolution,pl:mixin:APP:super_resolution.mixins.json:presentation.v26_1_x.VulkanPresentationMinecraftCaptureMixin from mod super_resolution,pl:mixin:APP:super_resolution.mixins.json:presentation.v26_1_x.VulkanPresentationWindowCloseMixin from mod super_resolution,pl:mixin:APP:super_resolution.mixins.json:presentation.v26_2.VulkanPresentationGameRendererCaptureMixin from mod super_resolution,pl:mixin:APP:super_resolution.mixins.json:presentation.v26_2.VulkanPresentationGlDeviceMixin from mod super_resolution,pl:mixin:APP:super_resolution.mixins.json:presentation.v26_2.VulkanPresentationMinecraftBackendMixin from mod super_resolution,pl:mixin:APP:super_resolution.mixins.json:presentation.v26_2.VulkanPresentationMinecraftCaptureMixin from mod super_resolution,pl:mixin:APP:super_resolution.mixins.json:presentation.v26_2.VulkanPresentationWindowCloseMixin from mod super_resolution,pl:mixin:APP:super_resolution.mixins.json:presentation.v26_3.VulkanPresentationGameRendererCaptureMixin from mod super_resolution,pl:mixin:APP:super_resolution.mixins.json:presentation.v26_3.VulkanPresentationGlDeviceMixin from mod super_resolution,pl:mixin:APP:super_resolution.mixins.json:presentation.v26_3.VulkanPresentationMinecraftBackendMixin from mod super_resolution,pl:mixin:APP:super_resolution.mixins.json:presentation.v26_3.VulkanPresentationMinecraftCaptureMixin from mod super_resolution,pl:mixin:APP:super_resolution.mixins.json:presentation.v26_3.VulkanPresentationWindowCloseMixin from mod super_resolution,pl:mixin:APP:super_resolution-neoforge.mixins.json:neoforge.FuckingValidation1218Mixin from mod super_resolution,pl:mixin:APP:super_resolution-neoforge.mixins.json:neoforge.FuckingValidationMixin from mod super_resolution,pl:mixin:APP:super_resolution_irisapi.mixins.json:composite.before1_21_1.GlStateManagerTextureStateAccessor from mod super_resolution,pl:mixin:APP:architectury.mixins.json:MixinMinecraft from mod architectury,pl:mixin:A,pl:runtimedistcleaner:A}
	at TRANSFORMER/minecraft@1.21.1/net.minecraft.client.Minecraft.setLevel(Minecraft.java:2117) ~[neoforge-21.1.219.jar%23172!/:?] {re:mixin,pl:runtimedistcleaner:A,re:classloading,pl:mixin:APP:sodium-common.mixins.json:core.MinecraftMixin from mod sodium,pl:mixin:APP:sodium-neoforge.mixins.json:platform.neoforge.EntrypointMixin from mod sodium,pl:mixin:APP:mixins.iris.json:MixinMinecraft_Images from mod iris,pl:mixin:APP:mixins.iris.json:MixinMinecraft_Keybinds from mod iris,pl:mixin:APP:mixins.iris.json:MixinMinecraft_PipelineManagement from mod iris,pl:mixin:APP:super_resolution.mixins.json:core.GlTextureViewMixin from mod super_resolution,pl:mixin:APP:super_resolution.mixins.json:core.MinecraftMixin from mod super_resolution,pl:mixin:APP:super_resolution.mixins.json:core.accessor.MinecraftAccessor from mod super_resolution,pl:mixin:APP:super_resolution.mixins.json:framegeneration.v1_20_1.GameRendererConstantsMixin from mod super_resolution,pl:mixin:APP:super_resolution.mixins.json:framegeneration.v1_21_11.GameRendererConstantsMixin from mod super_resolution,pl:mixin:APP:super_resolution.mixins.json:framegeneration.v26_1_x.GameRendererConstantsMixin from mod super_resolution,pl:mixin:APP:super_resolution.mixins.json:framegeneration.v26_2.GameRendererConstantsMixin from mod super_resolution,pl:mixin:APP:super_resolution.mixins.json:framegeneration.v26_2.NativeLibrariesBootstrapMixin from mod super_resolution,pl:mixin:APP:super_resolution.mixins.json:framegeneration.v26_3.GameRendererConstantsMixin from mod super_resolution,pl:mixin:APP:super_resolution.mixins.json:framegeneration.v26_3.NativeLibrariesBootstrapMixin from mod super_resolution,pl:mixin:APP:super_resolution.mixins.json:gui.GuiGraphicsMixin from mod super_resolution,pl:mixin:APP:super_resolution.mixins.json:gui.GuiRendererDrawAccessor from mod super_resolution,pl:mixin:APP:super_resolution.mixins.json:gui.GuiRendererMixin from mod super_resolution,pl:mixin:APP:super_resolution.mixins.json:lowlatency.v1_20_1.KeyboardHandlerReflexMixin from mod super_resolution,pl:mixin:APP:super_resolution.mixins.json:lowlatency.v1_20_1.MinecraftReflexMixin from mod super_resolution,pl:mixin:APP:super_resolution.mixins.json:lowlatency.v1_20_1.MouseHandlerReflexMixin from mod super_resolution,pl:mixin:APP:super_resolution.mixins.json:lowlatency.v1_20_1.RenderSystemAccessor from mod super_resolution,pl:mixin:APP:super_resolution.mixins.json:lowlatency.v1_21_1.MinecraftReflexMixin from mod super_resolution,pl:mixin:APP:super_resolution.mixins.json:lowlatency.v1_21_11.KeyboardHandlerReflexMixin from mod super_resolution,pl:mixin:APP:super_resolution.mixins.json:lowlatency.v1_21_11.MinecraftReflexMixin from mod super_resolution,pl:mixin:APP:super_resolution.mixins.json:lowlatency.v1_21_11.MouseHandlerReflexMixin from mod super_resolution,pl:mixin:APP:super_resolution.mixins.json:lowlatency.v1_21_11.RenderSystemAccessor from mod super_resolution,pl:mixin:APP:super_resolution.mixins.json:lowlatency.v26_1_x.KeyboardHandlerReflexMixin from mod super_resolution,pl:mixin:APP:super_resolution.mixins.json:lowlatency.v26_1_x.MinecraftReflexMixin from mod super_resolution,pl:mixin:APP:super_resolution.mixins.json:lowlatency.v26_1_x.MouseHandlerReflexMixin from mod super_resolution,pl:mixin:APP:super_resolution.mixins.json:lowlatency.v26_2.KeyboardHandlerReflexMixin from mod super_resolution,pl:mixin:APP:super_resolution.mixins.json:lowlatency.v26_2.MinecraftReflexMixin from mod super_resolution,pl:mixin:APP:super_resolution.mixins.json:lowlatency.v26_2.MouseHandlerReflexMixin from mod super_resolution,pl:mixin:APP:super_resolution.mixins.json:lowlatency.v26_3.KeyboardHandlerReflexMixin from mod super_resolution,pl:mixin:APP:super_resolution.mixins.json:lowlatency.v26_3.MinecraftReflexMixin from mod super_resolution,pl:mixin:APP:super_resolution.mixins.json:lowlatency.v26_3.MouseHandlerReflexMixin from mod super_resolution,pl:mixin:APP:super_resolution.mixins.json:presentation.v1_20_1.VulkanPresentationGameRendererCaptureMixin from mod super_resolution,pl:mixin:APP:super_resolution.mixins.json:presentation.v1_20_1.VulkanPresentationGlDeviceMixin from mod super_resolution,pl:mixin:APP:super_resolution.mixins.json:presentation.v1_20_1.VulkanPresentationMinecraftBackendMixin from mod super_resolution,pl:mixin:APP:super_resolution.mixins.json:presentation.v1_20_1.VulkanPresentationMinecraftCaptureMixin from mod super_resolution,pl:mixin:APP:super_resolution.mixins.json:presentation.v1_20_1.VulkanPresentationWindowMixin from mod super_resolution,pl:mixin:APP:super_resolution.mixins.json:presentation.v1_21_1.VulkanPresentationMinecraftCaptureMixin from mod super_resolution,pl:mixin:APP:super_resolution.mixins.json:presentation.v1_21_11.VulkanPresentationGameRendererCaptureMixin from mod super_resolution,pl:mixin:APP:super_resolution.mixins.json:presentation.v1_21_11.VulkanPresentationGlDeviceMixin from mod super_resolution,pl:mixin:APP:super_resolution.mixins.json:presentation.v1_21_11.VulkanPresentationMinecraftBackendMixin from mod super_resolution,pl:mixin:APP:super_resolution.mixins.json:presentation.v1_21_11.VulkanPresentationMinecraftCaptureMixin from mod super_resolution,pl:mixin:APP:super_resolution.mixins.json:presentation.v1_21_11.VulkanPresentationWindowMixin from mod super_resolution,pl:mixin:APP:super_resolution.mixins.json:presentation.v26_1_x.VulkanPresentationGameRendererCaptureMixin from mod super_resolution,pl:mixin:APP:super_resolution.mixins.json:presentation.v26_1_x.VulkanPresentationGlDeviceMixin from mod super_resolution,pl:mixin:APP:super_resolution.mixins.json:presentation.v26_1_x.VulkanPresentationMinecraftBackendMixin from mod super_resolution,pl:mixin:APP:super_resolution.mixins.json:presentation.v26_1_x.VulkanPresentationMinecraftCaptureMixin from mod super_resolution,pl:mixin:APP:super_resolution.mixins.json:presentation.v26_1_x.VulkanPresentationWindowCloseMixin from mod super_resolution,pl:mixin:APP:super_resolution.mixins.json:presentation.v26_2.VulkanPresentationGameRendererCaptureMixin from mod super_resolution,pl:mixin:APP:super_resolution.mixins.json:presentation.v26_2.VulkanPresentationGlDeviceMixin from mod super_resolution,pl:mixin:APP:super_resolution.mixins.json:presentation.v26_2.VulkanPresentationMinecraftBackendMixin from mod super_resolution,pl:mixin:APP:super_resolution.mixins.json:presentation.v26_2.VulkanPresentationMinecraftCaptureMixin from mod super_resolution,pl:mixin:APP:super_resolution.mixins.json:presentation.v26_2.VulkanPresentationWindowCloseMixin from mod super_resolution,pl:mixin:APP:super_resolution.mixins.json:presentation.v26_3.VulkanPresentationGameRendererCaptureMixin from mod super_resolution,pl:mixin:APP:super_resolution.mixins.json:presentation.v26_3.VulkanPresentationGlDeviceMixin from mod super_resolution,pl:mixin:APP:super_resolution.mixins.json:presentation.v26_3.VulkanPresentationMinecraftBackendMixin from mod super_resolution,pl:mixin:APP:super_resolution.mixins.json:presentation.v26_3.VulkanPresentationMinecraftCaptureMixin from mod super_resolution,pl:mixin:APP:super_resolution.mixins.json:presentation.v26_3.VulkanPresentationWindowCloseMixin from mod super_resolution,pl:mixin:APP:super_resolution-neoforge.mixins.json:neoforge.FuckingValidation1218Mixin from mod super_resolution,pl:mixin:APP:super_resolution-neoforge.mixins.json:neoforge.FuckingValidationMixin from mod super_resolution,pl:mixin:APP:super_resolution_irisapi.mixins.json:composite.before1_21_1.GlStateManagerTextureStateAccessor from mod super_resolution,pl:mixin:APP:architectury.mixins.json:MixinMinecraft from mod architectury,pl:mixin:A,pl:runtimedistcleaner:A}
	at TRANSFORMER/minecraft@1.21.1/net.minecraft.client.multiplayer.ClientPacketListener.handleLogin(ClientPacketListener.java:421) ~[neoforge-21.1.219.jar%23172!/:?] {re:mixin,pl:accesstransformer:B,pl:runtimedistcleaner:A,re:classloading,pl:accesstransformer:B,pl:mixin:APP:sodium-common.mixins.json:core.world.map.ClientPacketListenerMixin from mod sodium,pl:mixin:APP:mixins.iris.json:MixinClientPacketListener from mod iris,pl:mixin:A,pl:runtimedistcleaner:A}
	at TRANSFORMER/minecraft@1.21.1/net.minecraft.network.protocol.game.ClientboundLoginPacket.handle(ClientboundLoginPacket.java:67) ~[neoforge-21.1.219.jar%23172!/:?] {re:classloading,re:mixin}
	at TRANSFORMER/minecraft@1.21.1/net.minecraft.network.protocol.game.ClientboundLoginPacket.handle(ClientboundLoginPacket.java:14) ~[neoforge-21.1.219.jar%23172!/:?] {re:classloading,re:mixin}
	at TRANSFORMER/minecraft@1.21.1/net.minecraft.network.protocol.PacketUtils.lambda$ensureRunningOnSameThread$0(PacketUtils.java:26) ~[neoforge-21.1.219.jar%23172!/:?] {re:classloading}
	at TRANSFORMER/minecraft@1.21.1/net.minecraft.util.thread.BlockableEventLoop.doRunTask(BlockableEventLoop.java:148) ~[neoforge-21.1.219.jar%23172!/:?] {re:classloading,pl:accesstransformer:B,re:mixin,pl:accesstransformer:B}
	at TRANSFORMER/minecraft@1.21.1/net.minecraft.util.thread.ReentrantBlockableEventLoop.doRunTask(ReentrantBlockableEventLoop.java:24) ~[neoforge-21.1.219.jar%23172!/:?] {re:classloading,re:mixin}
	at TRANSFORMER/minecraft@1.21.1/net.minecraft.util.thread.BlockableEventLoop.pollTask(BlockableEventLoop.java:122) ~[neoforge-21.1.219.jar%23172!/:?] {re:classloading,pl:accesstransformer:B,re:mixin,pl:accesstransformer:B}
	at TRANSFORMER/minecraft@1.21.1/net.minecraft.util.thread.BlockableEventLoop.runAllTasks(BlockableEventLoop.java:111) ~[neoforge-21.1.219.jar%23172!/:?] {re:classloading,pl:accesstransformer:B,re:mixin,pl:accesstransformer:B}
	at TRANSFORMER/minecraft@1.21.1/net.minecraft.client.Minecraft.runTick(Minecraft.java:1155) ~[neoforge-21.1.219.jar%23172!/:?] {re:mixin,pl:runtimedistcleaner:A,re:classloading,pl:mixin:APP:sodium-common.mixins.json:core.MinecraftMixin from mod sodium,pl:mixin:APP:sodium-neoforge.mixins.json:platform.neoforge.EntrypointMixin from mod sodium,pl:mixin:APP:mixins.iris.json:MixinMinecraft_Images from mod iris,pl:mixin:APP:mixins.iris.json:MixinMinecraft_Keybinds from mod iris,pl:mixin:APP:mixins.iris.json:MixinMinecraft_PipelineManagement from mod iris,pl:mixin:APP:super_resolution.mixins.json:core.GlTextureViewMixin from mod super_resolution,pl:mixin:APP:super_resolution.mixins.json:core.MinecraftMixin from mod super_resolution,pl:mixin:APP:super_resolution.mixins.json:core.accessor.MinecraftAccessor from mod super_resolution,pl:mixin:APP:super_resolution.mixins.json:framegeneration.v1_20_1.GameRendererConstantsMixin from mod super_resolution,pl:mixin:APP:super_resolution.mixins.json:framegeneration.v1_21_11.GameRendererConstantsMixin from mod super_resolution,pl:mixin:APP:super_resolution.mixins.json:framegeneration.v26_1_x.GameRendererConstantsMixin from mod super_resolution,pl:mixin:APP:super_resolution.mixins.json:framegeneration.v26_2.GameRendererConstantsMixin from mod super_resolution,pl:mixin:APP:super_resolution.mixins.json:framegeneration.v26_2.NativeLibrariesBootstrapMixin from mod super_resolution,pl:mixin:APP:super_resolution.mixins.json:framegeneration.v26_3.GameRendererConstantsMixin from mod super_resolution,pl:mixin:APP:super_resolution.mixins.json:framegeneration.v26_3.NativeLibrariesBootstrapMixin from mod super_resolution,pl:mixin:APP:super_resolution.mixins.json:gui.GuiGraphicsMixin from mod super_resolution,pl:mixin:APP:super_resolution.mixins.json:gui.GuiRendererDrawAccessor from mod super_resolution,pl:mixin:APP:super_resolution.mixins.json:gui.GuiRendererMixin from mod super_resolution,pl:mixin:APP:super_resolution.mixins.json:lowlatency.v1_20_1.KeyboardHandlerReflexMixin from mod super_resolution,pl:mixin:APP:super_resolution.mixins.json:lowlatency.v1_20_1.MinecraftReflexMixin from mod super_resolution,pl:mixin:APP:super_resolution.mixins.json:lowlatency.v1_20_1.MouseHandlerReflexMixin from mod super_resolution,pl:mixin:APP:super_resolution.mixins.json:lowlatency.v1_20_1.RenderSystemAccessor from mod super_resolution,pl:mixin:APP:super_resolution.mixins.json:lowlatency.v1_21_1.MinecraftReflexMixin from mod super_resolution,pl:mixin:APP:super_resolution.mixins.json:lowlatency.v1_21_11.KeyboardHandlerReflexMixin from mod super_resolution,pl:mixin:APP:super_resolution.mixins.json:lowlatency.v1_21_11.MinecraftReflexMixin from mod super_resolution,pl:mixin:APP:super_resolution.mixins.json:lowlatency.v1_21_11.MouseHandlerReflexMixin from mod super_resolution,pl:mixin:APP:super_resolution.mixins.json:lowlatency.v1_21_11.RenderSystemAccessor from mod super_resolution,pl:mixin:APP:super_resolution.mixins.json:lowlatency.v26_1_x.KeyboardHandlerReflexMixin from mod super_resolution,pl:mixin:APP:super_resolution.mixins.json:lowlatency.v26_1_x.MinecraftReflexMixin from mod super_resolution,pl:mixin:APP:super_resolution.mixins.json:lowlatency.v26_1_x.MouseHandlerReflexMixin from mod super_resolution,pl:mixin:APP:super_resolution.mixins.json:lowlatency.v26_2.KeyboardHandlerReflexMixin from mod super_resolution,pl:mixin:APP:super_resolution.mixins.json:lowlatency.v26_2.MinecraftReflexMixin from mod super_resolution,pl:mixin:APP:super_resolution.mixins.json:lowlatency.v26_2.MouseHandlerReflexMixin from mod super_resolution,pl:mixin:APP:super_resolution.mixins.json:lowlatency.v26_3.KeyboardHandlerReflexMixin from mod super_resolution,pl:mixin:APP:super_resolution.mixins.json:lowlatency.v26_3.MinecraftReflexMixin from mod super_resolution,pl:mixin:APP:super_resolution.mixins.json:lowlatency.v26_3.MouseHandlerReflexMixin from mod super_resolution,pl:mixin:APP:super_resolution.mixins.json:presentation.v1_20_1.VulkanPresentationGameRendererCaptureMixin from mod super_resolution,pl:mixin:APP:super_resolution.mixins.json:presentation.v1_20_1.VulkanPresentationGlDeviceMixin from mod super_resolution,pl:mixin:APP:super_resolution.mixins.json:presentation.v1_20_1.VulkanPresentationMinecraftBackendMixin from mod super_resolution,pl:mixin:APP:super_resolution.mixins.json:presentation.v1_20_1.VulkanPresentationMinecraftCaptureMixin from mod super_resolution,pl:mixin:APP:super_resolution.mixins.json:presentation.v1_20_1.VulkanPresentationWindowMixin from mod super_resolution,pl:mixin:APP:super_resolution.mixins.json:presentation.v1_21_1.VulkanPresentationMinecraftCaptureMixin from mod super_resolution,pl:mixin:APP:super_resolution.mixins.json:presentation.v1_21_11.VulkanPresentationGameRendererCaptureMixin from mod super_resolution,pl:mixin:APP:super_resolution.mixins.json:presentation.v1_21_11.VulkanPresentationGlDeviceMixin from mod super_resolution,pl:mixin:APP:super_resolution.mixins.json:presentation.v1_21_11.VulkanPresentationMinecraftBackendMixin from mod super_resolution,pl:mixin:APP:super_resolution.mixins.json:presentation.v1_21_11.VulkanPresentationMinecraftCaptureMixin from mod super_resolution,pl:mixin:APP:super_resolution.mixins.json:presentation.v1_21_11.VulkanPresentationWindowMixin from mod super_resolution,pl:mixin:APP:super_resolution.mixins.json:presentation.v26_1_x.VulkanPresentationGameRendererCaptureMixin from mod super_resolution,pl:mixin:APP:super_resolution.mixins.json:presentation.v26_1_x.VulkanPresentationGlDeviceMixin from mod super_resolution,pl:mixin:APP:super_resolution.mixins.json:presentation.v26_1_x.VulkanPresentationMinecraftBackendMixin from mod super_resolution,pl:mixin:APP:super_resolution.mixins.json:presentation.v26_1_x.VulkanPresentationMinecraftCaptureMixin from mod super_resolution,pl:mixin:APP:super_resolution.mixins.json:presentation.v26_1_x.VulkanPresentationWindowCloseMixin from mod super_resolution,pl:mixin:APP:super_resolution.mixins.json:presentation.v26_2.VulkanPresentationGameRendererCaptureMixin from mod super_resolution,pl:mixin:APP:super_resolution.mixins.json:presentation.v26_2.VulkanPresentationGlDeviceMixin from mod super_resolution,pl:mixin:APP:super_resolution.mixins.json:presentation.v26_2.VulkanPresentationMinecraftBackendMixin from mod super_resolution,pl:mixin:APP:super_resolution.mixins.json:presentation.v26_2.VulkanPresentationMinecraftCaptureMixin from mod super_resolution,pl:mixin:APP:super_resolution.mixins.json:presentation.v26_2.VulkanPresentationWindowCloseMixin from mod super_resolution,pl:mixin:APP:super_resolution.mixins.json:presentation.v26_3.VulkanPresentationGameRendererCaptureMixin from mod super_resolution,pl:mixin:APP:super_resolution.mixins.json:presentation.v26_3.VulkanPresentationGlDeviceMixin from mod super_resolution,pl:mixin:APP:super_resolution.mixins.json:presentation.v26_3.VulkanPresentationMinecraftBackendMixin from mod super_resolution,pl:mixin:APP:super_resolution.mixins.json:presentation.v26_3.VulkanPresentationMinecraftCaptureMixin from mod super_resolution,pl:mixin:APP:super_resolution.mixins.json:presentation.v26_3.VulkanPresentationWindowCloseMixin from mod super_resolution,pl:mixin:APP:super_resolution-neoforge.mixins.json:neoforge.FuckingValidation1218Mixin from mod super_resolution,pl:mixin:APP:super_resolution-neoforge.mixins.json:neoforge.FuckingValidationMixin from mod super_resolution,pl:mixin:APP:super_resolution_irisapi.mixins.json:composite.before1_21_1.GlStateManagerTextureStateAccessor from mod super_resolution,pl:mixin:APP:architectury.mixins.json:MixinMinecraft from mod architectury,pl:mixin:A,pl:runtimedistcleaner:A}
	at TRANSFORMER/minecraft@1.21.1/net.minecraft.client.Minecraft.run(Minecraft.java:807) ~[neoforge-21.1.219.jar%23172!/:?] {re:mixin,pl:runtimedistcleaner:A,re:classloading,pl:mixin:APP:sodium-common.mixins.json:core.MinecraftMixin from mod sodium,pl:mixin:APP:sodium-neoforge.mixins.json:platform.neoforge.EntrypointMixin from mod sodium,pl:mixin:APP:mixins.iris.json:MixinMinecraft_Images from mod iris,pl:mixin:APP:mixins.iris.json:MixinMinecraft_Keybinds from mod iris,pl:mixin:APP:mixins.iris.json:MixinMinecraft_PipelineManagement from mod iris,pl:mixin:APP:super_resolution.mixins.json:core.GlTextureViewMixin from mod super_resolution,pl:mixin:APP:super_resolution.mixins.json:core.MinecraftMixin from mod super_resolution,pl:mixin:APP:super_resolution.mixins.json:core.accessor.MinecraftAccessor from mod super_resolution,pl:mixin:APP:super_resolution.mixins.json:framegeneration.v1_20_1.GameRendererConstantsMixin from mod super_resolution,pl:mixin:APP:super_resolution.mixins.json:framegeneration.v1_21_11.GameRendererConstantsMixin from mod super_resolution,pl:mixin:APP:super_resolution.mixins.json:framegeneration.v26_1_x.GameRendererConstantsMixin from mod super_resolution,pl:mixin:APP:super_resolution.mixins.json:framegeneration.v26_2.GameRendererConstantsMixin from mod super_resolution,pl:mixin:APP:super_resolution.mixins.json:framegeneration.v26_2.NativeLibrariesBootstrapMixin from mod super_resolution,pl:mixin:APP:super_resolution.mixins.json:framegeneration.v26_3.GameRendererConstantsMixin from mod super_resolution,pl:mixin:APP:super_resolution.mixins.json:framegeneration.v26_3.NativeLibrariesBootstrapMixin from mod super_resolution,pl:mixin:APP:super_resolution.mixins.json:gui.GuiGraphicsMixin from mod super_resolution,pl:mixin:APP:super_resolution.mixins.json:gui.GuiRendererDrawAccessor from mod super_resolution,pl:mixin:APP:super_resolution.mixins.json:gui.GuiRendererMixin from mod super_resolution,pl:mixin:APP:super_resolution.mixins.json:lowlatency.v1_20_1.KeyboardHandlerReflexMixin from mod super_resolution,pl:mixin:APP:super_resolution.mixins.json:lowlatency.v1_20_1.MinecraftReflexMixin from mod super_resolution,pl:mixin:APP:super_resolution.mixins.json:lowlatency.v1_20_1.MouseHandlerReflexMixin from mod super_resolution,pl:mixin:APP:super_resolution.mixins.json:lowlatency.v1_20_1.RenderSystemAccessor from mod super_resolution,pl:mixin:APP:super_resolution.mixins.json:lowlatency.v1_21_1.MinecraftReflexMixin from mod super_resolution,pl:mixin:APP:super_resolution.mixins.json:lowlatency.v1_21_11.KeyboardHandlerReflexMixin from mod super_resolution,pl:mixin:APP:super_resolution.mixins.json:lowlatency.v1_21_11.MinecraftReflexMixin from mod super_resolution,pl:mixin:APP:super_resolution.mixins.json:lowlatency.v1_21_11.MouseHandlerReflexMixin from mod super_resolution,pl:mixin:APP:super_resolution.mixins.json:lowlatency.v1_21_11.RenderSystemAccessor from mod super_resolution,pl:mixin:APP:super_resolution.mixins.json:lowlatency.v26_1_x.KeyboardHandlerReflexMixin from mod super_resolution,pl:mixin:APP:super_resolution.mixins.json:lowlatency.v26_1_x.MinecraftReflexMixin from mod super_resolution,pl:mixin:APP:super_resolution.mixins.json:lowlatency.v26_1_x.MouseHandlerReflexMixin from mod super_resolution,pl:mixin:APP:super_resolution.mixins.json:lowlatency.v26_2.KeyboardHandlerReflexMixin from mod super_resolution,pl:mixin:APP:super_resolution.mixins.json:lowlatency.v26_2.MinecraftReflexMixin from mod super_resolution,pl:mixin:APP:super_resolution.mixins.json:lowlatency.v26_2.MouseHandlerReflexMixin from mod super_resolution,pl:mixin:APP:super_resolution.mixins.json:lowlatency.v26_3.KeyboardHandlerReflexMixin from mod super_resolution,pl:mixin:APP:super_resolution.mixins.json:lowlatency.v26_3.MinecraftReflexMixin from mod super_resolution,pl:mixin:APP:super_resolution.mixins.json:lowlatency.v26_3.MouseHandlerReflexMixin from mod super_resolution,pl:mixin:APP:super_resolution.mixins.json:presentation.v1_20_1.VulkanPresentationGameRendererCaptureMixin from mod super_resolution,pl:mixin:APP:super_resolution.mixins.json:presentation.v1_20_1.VulkanPresentationGlDeviceMixin from mod super_resolution,pl:mixin:APP:super_resolution.mixins.json:presentation.v1_20_1.VulkanPresentationMinecraftBackendMixin from mod super_resolution,pl:mixin:APP:super_resolution.mixins.json:presentation.v1_20_1.VulkanPresentationMinecraftCaptureMixin from mod super_resolution,pl:mixin:APP:super_resolution.mixins.json:presentation.v1_20_1.VulkanPresentationWindowMixin from mod super_resolution,pl:mixin:APP:super_resolution.mixins.json:presentation.v1_21_1.VulkanPresentationMinecraftCaptureMixin from mod super_resolution,pl:mixin:APP:super_resolution.mixins.json:presentation.v1_21_11.VulkanPresentationGameRendererCaptureMixin from mod super_resolution,pl:mixin:APP:super_resolution.mixins.json:presentation.v1_21_11.VulkanPresentationGlDeviceMixin from mod super_resolution,pl:mixin:APP:super_resolution.mixins.json:presentation.v1_21_11.VulkanPresentationMinecraftBackendMixin from mod super_resolution,pl:mixin:APP:super_resolution.mixins.json:presentation.v1_21_11.VulkanPresentationMinecraftCaptureMixin from mod super_resolution,pl:mixin:APP:super_resolution.mixins.json:presentation.v1_21_11.VulkanPresentationWindowMixin from mod super_resolution,pl:mixin:APP:super_resolution.mixins.json:presentation.v26_1_x.VulkanPresentationGameRendererCaptureMixin from mod super_resolution,pl:mixin:APP:super_resolution.mixins.json:presentation.v26_1_x.VulkanPresentationGlDeviceMixin from mod super_resolution,pl:mixin:APP:super_resolution.mixins.json:presentation.v26_1_x.VulkanPresentationMinecraftBackendMixin from mod super_resolution,pl:mixin:APP:super_resolution.mixins.json:presentation.v26_1_x.VulkanPresentationMinecraftCaptureMixin from mod super_resolution,pl:mixin:APP:super_resolution.mixins.json:presentation.v26_1_x.VulkanPresentationWindowCloseMixin from mod super_resolution,pl:mixin:APP:super_resolution.mixins.json:presentation.v26_2.VulkanPresentationGameRendererCaptureMixin from mod super_resolution,pl:mixin:APP:super_resolution.mixins.json:presentation.v26_2.VulkanPresentationGlDeviceMixin from mod super_resolution,pl:mixin:APP:super_resolution.mixins.json:presentation.v26_2.VulkanPresentationMinecraftBackendMixin from mod super_resolution,pl:mixin:APP:super_resolution.mixins.json:presentation.v26_2.VulkanPresentationMinecraftCaptureMixin from mod super_resolution,pl:mixin:APP:super_resolution.mixins.json:presentation.v26_2.VulkanPresentationWindowCloseMixin from mod super_resolution,pl:mixin:APP:super_resolution.mixins.json:presentation.v26_3.VulkanPresentationGameRendererCaptureMixin from mod super_resolution,pl:mixin:APP:super_resolution.mixins.json:presentation.v26_3.VulkanPresentationGlDeviceMixin from mod super_resolution,pl:mixin:APP:super_resolution.mixins.json:presentation.v26_3.VulkanPresentationMinecraftBackendMixin from mod super_resolution,pl:mixin:APP:super_resolution.mixins.json:presentation.v26_3.VulkanPresentationMinecraftCaptureMixin from mod super_resolution,pl:mixin:APP:super_resolution.mixins.json:presentation.v26_3.VulkanPresentationWindowCloseMixin from mod super_resolution,pl:mixin:APP:super_resolution-neoforge.mixins.json:neoforge.FuckingValidation1218Mixin from mod super_resolution,pl:mixin:APP:super_resolution-neoforge.mixins.json:neoforge.FuckingValidationMixin from mod super_resolution,pl:mixin:APP:super_resolution_irisapi.mixins.json:composite.before1_21_1.GlStateManagerTextureStateAccessor from mod super_resolution,pl:mixin:APP:architectury.mixins.json:MixinMinecraft from mod architectury,pl:mixin:A,pl:runtimedistcleaner:A}
	at TRANSFORMER/minecraft@1.21.1/net.minecraft.client.main.Main.main(Main.java:230) ~[neoforge-21.1.219.jar%23172!/:?] {re:classloading,pl:runtimedistcleaner:A}
	at java.base/jdk.internal.reflect.DirectMethodHandleAccessor.invoke(DirectMethodHandleAccessor.java:103) ~[?:?] {}
	at java.base/java.lang.reflect.Method.invoke(Method.java:580) ~[?:?] {}
	at MC-BOOTSTRAP/fml_loader@4.0.42/net.neoforged.fml.loading.targets.CommonLaunchHandler.runTarget(CommonLaunchHandler.java:136) ~[loader-4.0.42.jar%23130!/:4.0] {}
	at MC-BOOTSTRAP/fml_loader@4.0.42/net.neoforged.fml.loading.targets.CommonLaunchHandler.clientService(CommonLaunchHandler.java:124) ~[loader-4.0.42.jar%23130!/:4.0] {}
	at MC-BOOTSTRAP/fml_loader@4.0.42/net.neoforged.fml.loading.targets.NeoForgeClientDevLaunchHandler.runService(NeoForgeClientDevLaunchHandler.java:23) ~[loader-4.0.42.jar%23130!/:4.0] {}
	at MC-BOOTSTRAP/fml_loader@4.0.42/net.neoforged.fml.loading.targets.CommonLaunchHandler.lambda$launchService$4(CommonLaunchHandler.java:118) ~[loader-4.0.42.jar%23130!/:4.0] {}
	at MC-BOOTSTRAP/cpw.mods.modlauncher@11.0.5/cpw.mods.modlauncher.LaunchServiceHandlerDecorator.launch(LaunchServiceHandlerDecorator.java:30) [modlauncher-11.0.5.jar%23112!/:?] {}
	at MC-BOOTSTRAP/cpw.mods.modlauncher@11.0.5/cpw.mods.modlauncher.LaunchServiceHandler.launch(LaunchServiceHandler.java:53) [modlauncher-11.0.5.jar%23112!/:?] {}
	at MC-BOOTSTRAP/cpw.mods.modlauncher@11.0.5/cpw.mods.modlauncher.LaunchServiceHandler.launch(LaunchServiceHandler.java:71) [modlauncher-11.0.5.jar%23112!/:?] {}
	at MC-BOOTSTRAP/cpw.mods.modlauncher@11.0.5/cpw.mods.modlauncher.Launcher.run(Launcher.java:103) [modlauncher-11.0.5.jar%23112!/:?] {}
	at MC-BOOTSTRAP/cpw.mods.modlauncher@11.0.5/cpw.mods.modlauncher.Launcher.main(Launcher.java:74) [modlauncher-11.0.5.jar%23112!/:?] {}
	at MC-BOOTSTRAP/cpw.mods.modlauncher@11.0.5/cpw.mods.modlauncher.BootstrapLaunchConsumer.accept(BootstrapLaunchConsumer.java:26) [modlauncher-11.0.5.jar%23112!/:?] {}
	at MC-BOOTSTRAP/cpw.mods.modlauncher@11.0.5/cpw.mods.modlauncher.BootstrapLaunchConsumer.accept(BootstrapLaunchConsumer.java:23) [modlauncher-11.0.5.jar%23112!/:?] {}
	at cpw.mods.bootstraplauncher@2.0.2/cpw.mods.bootstraplauncher.BootstrapLauncher.run(BootstrapLauncher.java:210) [bootstraplauncher-2.0.2.jar:?] {}
	at cpw.mods.bootstraplauncher@2.0.2/cpw.mods.bootstraplauncher.BootstrapLauncher.main(BootstrapLauncher.java:69) [bootstraplauncher-2.0.2.jar:?] {}
	at java.base/jdk.internal.reflect.DirectMethodHandleAccessor.invoke(DirectMethodHandleAccessor.java:103) ~[?:?] {}
	at java.base/java.lang.reflect.Method.invoke(Method.java:580) ~[?:?] {}
	at net.neoforged.devlaunch.Main.main(Main.java:57) [DevLaunch-1.0.2.jar:?] {}
[17:15:35] [Render thread/WARN] [Iris/]: Failed to resolve uniform endFlashFactor0, reason: Unknown variable: endFlashIntensity ( = BinaryExpr{ {FunctionCall{min {[Id{endFlashIntensity}, Number{0.5}]} }} multiply{0} {Number{2.0}} })
java.lang.RuntimeException: Unknown variable: endFlashIntensity
	at TRANSFORMER/iris@1.8.8+mc1.21.1/kroppeb.stareval.resolver.ExpressionResolver.resolveExpressionInternal(ExpressionResolver.java:225) ~[iris-1.8.8+1.21.1-neoforge-neoforge,1.21.1.jar%23177!/:?] {re:classloading}
	at TRANSFORMER/iris@1.8.8+mc1.21.1/kroppeb.stareval.resolver.ExpressionResolver.resolveCallExpressionInternal(ExpressionResolver.java:81) ~[iris-1.8.8+1.21.1-neoforge-neoforge,1.21.1.jar%23177!/:?] {re:classloading}
	at TRANSFORMER/iris@1.8.8+mc1.21.1/kroppeb.stareval.resolver.ExpressionResolver.resolveCallExpression(ExpressionResolver.java:111) ~[iris-1.8.8+1.21.1-neoforge-neoforge,1.21.1.jar%23177!/:?] {re:classloading}
	at TRANSFORMER/iris@1.8.8+mc1.21.1/kroppeb.stareval.resolver.ExpressionResolver.resolveExpressionInternal(ExpressionResolver.java:196) ~[iris-1.8.8+1.21.1-neoforge-neoforge,1.21.1.jar%23177!/:?] {re:classloading}
	at TRANSFORMER/iris@1.8.8+mc1.21.1/kroppeb.stareval.resolver.ExpressionResolver.resolveCallExpressionInternal(ExpressionResolver.java:81) ~[iris-1.8.8+1.21.1-neoforge-neoforge,1.21.1.jar%23177!/:?] {re:classloading}
	at TRANSFORMER/iris@1.8.8+mc1.21.1/kroppeb.stareval.resolver.ExpressionResolver.resolveCallExpression(ExpressionResolver.java:111) ~[iris-1.8.8+1.21.1-neoforge-neoforge,1.21.1.jar%23177!/:?] {re:classloading}
	at TRANSFORMER/iris@1.8.8+mc1.21.1/kroppeb.stareval.resolver.ExpressionResolver.resolveExpressionInternal(ExpressionResolver.java:192) ~[iris-1.8.8+1.21.1-neoforge-neoforge,1.21.1.jar%23177!/:?] {re:classloading}
	at TRANSFORMER/iris@1.8.8+mc1.21.1/kroppeb.stareval.resolver.ExpressionResolver.resolveExpression(ExpressionResolver.java:50) ~[iris-1.8.8+1.21.1-neoforge-neoforge,1.21.1.jar%23177!/:?] {re:classloading}
	at TRANSFORMER/iris@1.8.8+mc1.21.1/net.irisshaders.iris.uniforms.custom.CustomUniforms.<init>(CustomUniforms.java:60) ~[iris-1.8.8+1.21.1-neoforge-neoforge,1.21.1.jar%23177!/:?] {re:classloading}
	at TRANSFORMER/iris@1.8.8+mc1.21.1/net.irisshaders.iris.uniforms.custom.CustomUniforms$Builder.build(CustomUniforms.java:332) ~[iris-1.8.8+1.21.1-neoforge-neoforge,1.21.1.jar%23177!/:?] {re:classloading}
	at TRANSFORMER/iris@1.8.8+mc1.21.1/net.irisshaders.iris.uniforms.custom.CustomUniforms$Builder.build(CustomUniforms.java:343) ~[iris-1.8.8+1.21.1-neoforge-neoforge,1.21.1.jar%23177!/:?] {re:classloading}
	at TRANSFORMER/iris@1.8.8+mc1.21.1/net.irisshaders.iris.pipeline.IrisRenderingPipeline.<init>(IrisRenderingPipeline.java:282) ~[iris-1.8.8+1.21.1-neoforge-neoforge,1.21.1.jar%23177!/:?] {re:mixin,re:classloading,pl:mixin:APP:super_resolution_irisapi.mixins.json:composite.IrisRenderingPipelineAccessor from mod super_resolution,pl:mixin:APP:super_resolution_irisapi.mixins.json:composite.before1_21_1.IrisRenderingPipelineMixin from mod super_resolution,pl:mixin:APP:super_resolution.shadercompat.mixins.json:core.IrisRenderingPipelineAccessor from mod super_resolution,pl:mixin:APP:super_resolution.shadercompat.mixins.json:core.IrisRenderingPipelineMixin from mod super_resolution,pl:mixin:A}
	at TRANSFORMER/iris@1.8.8+mc1.21.1/net.irisshaders.iris.Iris.createPipeline(Iris.java:616) ~[iris-1.8.8+1.21.1-neoforge-neoforge,1.21.1.jar%23177!/:?] {re:mixin,re:classloading,pl:mixin:APP:super_resolution.shadercompat.mixins.json:core.IrisMixin from mod super_resolution,pl:mixin:A}
	at TRANSFORMER/iris@1.8.8+mc1.21.1/net.irisshaders.iris.pipeline.PipelineManager.preparePipeline(PipelineManager.java:33) ~[iris-1.8.8+1.21.1-neoforge-neoforge,1.21.1.jar%23177!/:?] {re:mixin,re:classloading,pl:mixin:APP:super_resolution.shadercompat.mixins.json:core.PipelineManagerMixin from mod super_resolution,pl:mixin:A}
	at TRANSFORMER/minecraft@1.21.1/net.minecraft.client.Minecraft.handler$zeo000$iris$resetPipeline(Minecraft.java:5042) ~[neoforge-21.1.219.jar%23172!/:?] {re:mixin,pl:runtimedistcleaner:A,re:classloading,pl:mixin:APP:sodium-common.mixins.json:core.MinecraftMixin from mod sodium,pl:mixin:APP:sodium-neoforge.mixins.json:platform.neoforge.EntrypointMixin from mod sodium,pl:mixin:APP:mixins.iris.json:MixinMinecraft_Images from mod iris,pl:mixin:APP:mixins.iris.json:MixinMinecraft_Keybinds from mod iris,pl:mixin:APP:mixins.iris.json:MixinMinecraft_PipelineManagement from mod iris,pl:mixin:APP:super_resolution.mixins.json:core.GlTextureViewMixin from mod super_resolution,pl:mixin:APP:super_resolution.mixins.json:core.MinecraftMixin from mod super_resolution,pl:mixin:APP:super_resolution.mixins.json:core.accessor.MinecraftAccessor from mod super_resolution,pl:mixin:APP:super_resolution.mixins.json:framegeneration.v1_20_1.GameRendererConstantsMixin from mod super_resolution,pl:mixin:APP:super_resolution.mixins.json:framegeneration.v1_21_11.GameRendererConstantsMixin from mod super_resolution,pl:mixin:APP:super_resolution.mixins.json:framegeneration.v26_1_x.GameRendererConstantsMixin from mod super_resolution,pl:mixin:APP:super_resolution.mixins.json:framegeneration.v26_2.GameRendererConstantsMixin from mod super_resolution,pl:mixin:APP:super_resolution.mixins.json:framegeneration.v26_2.NativeLibrariesBootstrapMixin from mod super_resolution,pl:mixin:APP:super_resolution.mixins.json:framegeneration.v26_3.GameRendererConstantsMixin from mod super_resolution,pl:mixin:APP:super_resolution.mixins.json:framegeneration.v26_3.NativeLibrariesBootstrapMixin from mod super_resolution,pl:mixin:APP:super_resolution.mixins.json:gui.GuiGraphicsMixin from mod super_resolution,pl:mixin:APP:super_resolution.mixins.json:gui.GuiRendererDrawAccessor from mod super_resolution,pl:mixin:APP:super_resolution.mixins.json:gui.GuiRendererMixin from mod super_resolution,pl:mixin:APP:super_resolution.mixins.json:lowlatency.v1_20_1.KeyboardHandlerReflexMixin from mod super_resolution,pl:mixin:APP:super_resolution.mixins.json:lowlatency.v1_20_1.MinecraftReflexMixin from mod super_resolution,pl:mixin:APP:super_resolution.mixins.json:lowlatency.v1_20_1.MouseHandlerReflexMixin from mod super_resolution,pl:mixin:APP:super_resolution.mixins.json:lowlatency.v1_20_1.RenderSystemAccessor from mod super_resolution,pl:mixin:APP:super_resolution.mixins.json:lowlatency.v1_21_1.MinecraftReflexMixin from mod super_resolution,pl:mixin:APP:super_resolution.mixins.json:lowlatency.v1_21_11.KeyboardHandlerReflexMixin from mod super_resolution,pl:mixin:APP:super_resolution.mixins.json:lowlatency.v1_21_11.MinecraftReflexMixin from mod super_resolution,pl:mixin:APP:super_resolution.mixins.json:lowlatency.v1_21_11.MouseHandlerReflexMixin from mod super_resolution,pl:mixin:APP:super_resolution.mixins.json:lowlatency.v1_21_11.RenderSystemAccessor from mod super_resolution,pl:mixin:APP:super_resolution.mixins.json:lowlatency.v26_1_x.KeyboardHandlerReflexMixin from mod super_resolution,pl:mixin:APP:super_resolution.mixins.json:lowlatency.v26_1_x.MinecraftReflexMixin from mod super_resolution,pl:mixin:APP:super_resolution.mixins.json:lowlatency.v26_1_x.MouseHandlerReflexMixin from mod super_resolution,pl:mixin:APP:super_resolution.mixins.json:lowlatency.v26_2.KeyboardHandlerReflexMixin from mod super_resolution,pl:mixin:APP:super_resolution.mixins.json:lowlatency.v26_2.MinecraftReflexMixin from mod super_resolution,pl:mixin:APP:super_resolution.mixins.json:lowlatency.v26_2.MouseHandlerReflexMixin from mod super_resolution,pl:mixin:APP:super_resolution.mixins.json:lowlatency.v26_3.KeyboardHandlerReflexMixin from mod super_resolution,pl:mixin:APP:super_resolution.mixins.json:lowlatency.v26_3.MinecraftReflexMixin from mod super_resolution,pl:mixin:APP:super_resolution.mixins.json:lowlatency.v26_3.MouseHandlerReflexMixin from mod super_resolution,pl:mixin:APP:super_resolution.mixins.json:presentation.v1_20_1.VulkanPresentationGameRendererCaptureMixin from mod super_resolution,pl:mixin:APP:super_resolution.mixins.json:presentation.v1_20_1.VulkanPresentationGlDeviceMixin from mod super_resolution,pl:mixin:APP:super_resolution.mixins.json:presentation.v1_20_1.VulkanPresentationMinecraftBackendMixin from mod super_resolution,pl:mixin:APP:super_resolution.mixins.json:presentation.v1_20_1.VulkanPresentationMinecraftCaptureMixin from mod super_resolution,pl:mixin:APP:super_resolution.mixins.json:presentation.v1_20_1.VulkanPresentationWindowMixin from mod super_resolution,pl:mixin:APP:super_resolution.mixins.json:presentation.v1_21_1.VulkanPresentationMinecraftCaptureMixin from mod super_resolution,pl:mixin:APP:super_resolution.mixins.json:presentation.v1_21_11.VulkanPresentationGameRendererCaptureMixin from mod super_resolution,pl:mixin:APP:super_resolution.mixins.json:presentation.v1_21_11.VulkanPresentationGlDeviceMixin from mod super_resolution,pl:mixin:APP:super_resolution.mixins.json:presentation.v1_21_11.VulkanPresentationMinecraftBackendMixin from mod super_resolution,pl:mixin:APP:super_resolution.mixins.json:presentation.v1_21_11.VulkanPresentationMinecraftCaptureMixin from mod super_resolution,pl:mixin:APP:super_resolution.mixins.json:presentation.v1_21_11.VulkanPresentationWindowMixin from mod super_resolution,pl:mixin:APP:super_resolution.mixins.json:presentation.v26_1_x.VulkanPresentationGameRendererCaptureMixin from mod super_resolution,pl:mixin:APP:super_resolution.mixins.json:presentation.v26_1_x.VulkanPresentationGlDeviceMixin from mod super_resolution,pl:mixin:APP:super_resolution.mixins.json:presentation.v26_1_x.VulkanPresentationMinecraftBackendMixin from mod super_resolution,pl:mixin:APP:super_resolution.mixins.json:presentation.v26_1_x.VulkanPresentationMinecraftCaptureMixin from mod super_resolution,pl:mixin:APP:super_resolution.mixins.json:presentation.v26_1_x.VulkanPresentationWindowCloseMixin from mod super_resolution,pl:mixin:APP:super_resolution.mixins.json:presentation.v26_2.VulkanPresentationGameRendererCaptureMixin from mod super_resolution,pl:mixin:APP:super_resolution.mixins.json:presentation.v26_2.VulkanPresentationGlDeviceMixin from mod super_resolution,pl:mixin:APP:super_resolution.mixins.json:presentation.v26_2.VulkanPresentationMinecraftBackendMixin from mod super_resolution,pl:mixin:APP:super_resolution.mixins.json:presentation.v26_2.VulkanPresentationMinecraftCaptureMixin from mod super_resolution,pl:mixin:APP:super_resolution.mixins.json:presentation.v26_2.VulkanPresentationWindowCloseMixin from mod super_resolution,pl:mixin:APP:super_resolution.mixins.json:presentation.v26_3.VulkanPresentationGameRendererCaptureMixin from mod super_resolution,pl:mixin:APP:super_resolution.mixins.json:presentation.v26_3.VulkanPresentationGlDeviceMixin from mod super_resolution,pl:mixin:APP:super_resolution.mixins.json:presentation.v26_3.VulkanPresentationMinecraftBackendMixin from mod super_resolution,pl:mixin:APP:super_resolution.mixins.json:presentation.v26_3.VulkanPresentationMinecraftCaptureMixin from mod super_resolution,pl:mixin:APP:super_resolution.mixins.json:presentation.v26_3.VulkanPresentationWindowCloseMixin from mod super_resolution,pl:mixin:APP:super_resolution-neoforge.mixins.json:neoforge.FuckingValidation1218Mixin from mod super_resolution,pl:mixin:APP:super_resolution-neoforge.mixins.json:neoforge.FuckingValidationMixin from mod super_resolution,pl:mixin:APP:super_resolution_irisapi.mixins.json:composite.before1_21_1.GlStateManagerTextureStateAccessor from mod super_resolution,pl:mixin:APP:architectury.mixins.json:MixinMinecraft from mod architectury,pl:mixin:A,pl:runtimedistcleaner:A}
	at TRANSFORMER/minecraft@1.21.1/net.minecraft.client.Minecraft.updateLevelInEngines(Minecraft.java) ~[neoforge-21.1.219.jar%23172!/:?] {re:mixin,pl:runtimedistcleaner:A,re:classloading,pl:mixin:APP:sodium-common.mixins.json:core.MinecraftMixin from mod sodium,pl:mixin:APP:sodium-neoforge.mixins.json:platform.neoforge.EntrypointMixin from mod sodium,pl:mixin:APP:mixins.iris.json:MixinMinecraft_Images from mod iris,pl:mixin:APP:mixins.iris.json:MixinMinecraft_Keybinds from mod iris,pl:mixin:APP:mixins.iris.json:MixinMinecraft_PipelineManagement from mod iris,pl:mixin:APP:super_resolution.mixins.json:core.GlTextureViewMixin from mod super_resolution,pl:mixin:APP:super_resolution.mixins.json:core.MinecraftMixin from mod super_resolution,pl:mixin:APP:super_resolution.mixins.json:core.accessor.MinecraftAccessor from mod super_resolution,pl:mixin:APP:super_resolution.mixins.json:framegeneration.v1_20_1.GameRendererConstantsMixin from mod super_resolution,pl:mixin:APP:super_resolution.mixins.json:framegeneration.v1_21_11.GameRendererConstantsMixin from mod super_resolution,pl:mixin:APP:super_resolution.mixins.json:framegeneration.v26_1_x.GameRendererConstantsMixin from mod super_resolution,pl:mixin:APP:super_resolution.mixins.json:framegeneration.v26_2.GameRendererConstantsMixin from mod super_resolution,pl:mixin:APP:super_resolution.mixins.json:framegeneration.v26_2.NativeLibrariesBootstrapMixin from mod super_resolution,pl:mixin:APP:super_resolution.mixins.json:framegeneration.v26_3.GameRendererConstantsMixin from mod super_resolution,pl:mixin:APP:super_resolution.mixins.json:framegeneration.v26_3.NativeLibrariesBootstrapMixin from mod super_resolution,pl:mixin:APP:super_resolution.mixins.json:gui.GuiGraphicsMixin from mod super_resolution,pl:mixin:APP:super_resolution.mixins.json:gui.GuiRendererDrawAccessor from mod super_resolution,pl:mixin:APP:super_resolution.mixins.json:gui.GuiRendererMixin from mod super_resolution,pl:mixin:APP:super_resolution.mixins.json:lowlatency.v1_20_1.KeyboardHandlerReflexMixin from mod super_resolution,pl:mixin:APP:super_resolution.mixins.json:lowlatency.v1_20_1.MinecraftReflexMixin from mod super_resolution,pl:mixin:APP:super_resolution.mixins.json:lowlatency.v1_20_1.MouseHandlerReflexMixin from mod super_resolution,pl:mixin:APP:super_resolution.mixins.json:lowlatency.v1_20_1.RenderSystemAccessor from mod super_resolution,pl:mixin:APP:super_resolution.mixins.json:lowlatency.v1_21_1.MinecraftReflexMixin from mod super_resolution,pl:mixin:APP:super_resolution.mixins.json:lowlatency.v1_21_11.KeyboardHandlerReflexMixin from mod super_resolution,pl:mixin:APP:super_resolution.mixins.json:lowlatency.v1_21_11.MinecraftReflexMixin from mod super_resolution,pl:mixin:APP:super_resolution.mixins.json:lowlatency.v1_21_11.MouseHandlerReflexMixin from mod super_resolution,pl:mixin:APP:super_resolution.mixins.json:lowlatency.v1_21_11.RenderSystemAccessor from mod super_resolution,pl:mixin:APP:super_resolution.mixins.json:lowlatency.v26_1_x.KeyboardHandlerReflexMixin from mod super_resolution,pl:mixin:APP:super_resolution.mixins.json:lowlatency.v26_1_x.MinecraftReflexMixin from mod super_resolution,pl:mixin:APP:super_resolution.mixins.json:lowlatency.v26_1_x.MouseHandlerReflexMixin from mod super_resolution,pl:mixin:APP:super_resolution.mixins.json:lowlatency.v26_2.KeyboardHandlerReflexMixin from mod super_resolution,pl:mixin:APP:super_resolution.mixins.json:lowlatency.v26_2.MinecraftReflexMixin from mod super_resolution,pl:mixin:APP:super_resolution.mixins.json:lowlatency.v26_2.MouseHandlerReflexMixin from mod super_resolution,pl:mixin:APP:super_resolution.mixins.json:lowlatency.v26_3.KeyboardHandlerReflexMixin from mod super_resolution,pl:mixin:APP:super_resolution.mixins.json:lowlatency.v26_3.MinecraftReflexMixin from mod super_resolution,pl:mixin:APP:super_resolution.mixins.json:lowlatency.v26_3.MouseHandlerReflexMixin from mod super_resolution,pl:mixin:APP:super_resolution.mixins.json:presentation.v1_20_1.VulkanPresentationGameRendererCaptureMixin from mod super_resolution,pl:mixin:APP:super_resolution.mixins.json:presentation.v1_20_1.VulkanPresentationGlDeviceMixin from mod super_resolution,pl:mixin:APP:super_resolution.mixins.json:presentation.v1_20_1.VulkanPresentationMinecraftBackendMixin from mod super_resolution,pl:mixin:APP:super_resolution.mixins.json:presentation.v1_20_1.VulkanPresentationMinecraftCaptureMixin from mod super_resolution,pl:mixin:APP:super_resolution.mixins.json:presentation.v1_20_1.VulkanPresentationWindowMixin from mod super_resolution,pl:mixin:APP:super_resolution.mixins.json:presentation.v1_21_1.VulkanPresentationMinecraftCaptureMixin from mod super_resolution,pl:mixin:APP:super_resolution.mixins.json:presentation.v1_21_11.VulkanPresentationGameRendererCaptureMixin from mod super_resolution,pl:mixin:APP:super_resolution.mixins.json:presentation.v1_21_11.VulkanPresentationGlDeviceMixin from mod super_resolution,pl:mixin:APP:super_resolution.mixins.json:presentation.v1_21_11.VulkanPresentationMinecraftBackendMixin from mod super_resolution,pl:mixin:APP:super_resolution.mixins.json:presentation.v1_21_11.VulkanPresentationMinecraftCaptureMixin from mod super_resolution,pl:mixin:APP:super_resolution.mixins.json:presentation.v1_21_11.VulkanPresentationWindowMixin from mod super_resolution,pl:mixin:APP:super_resolution.mixins.json:presentation.v26_1_x.VulkanPresentationGameRendererCaptureMixin from mod super_resolution,pl:mixin:APP:super_resolution.mixins.json:presentation.v26_1_x.VulkanPresentationGlDeviceMixin from mod super_resolution,pl:mixin:APP:super_resolution.mixins.json:presentation.v26_1_x.VulkanPresentationMinecraftBackendMixin from mod super_resolution,pl:mixin:APP:super_resolution.mixins.json:presentation.v26_1_x.VulkanPresentationMinecraftCaptureMixin from mod super_resolution,pl:mixin:APP:super_resolution.mixins.json:presentation.v26_1_x.VulkanPresentationWindowCloseMixin from mod super_resolution,pl:mixin:APP:super_resolution.mixins.json:presentation.v26_2.VulkanPresentationGameRendererCaptureMixin from mod super_resolution,pl:mixin:APP:super_resolution.mixins.json:presentation.v26_2.VulkanPresentationGlDeviceMixin from mod super_resolution,pl:mixin:APP:super_resolution.mixins.json:presentation.v26_2.VulkanPresentationMinecraftBackendMixin from mod super_resolution,pl:mixin:APP:super_resolution.mixins.json:presentation.v26_2.VulkanPresentationMinecraftCaptureMixin from mod super_resolution,pl:mixin:APP:super_resolution.mixins.json:presentation.v26_2.VulkanPresentationWindowCloseMixin from mod super_resolution,pl:mixin:APP:super_resolution.mixins.json:presentation.v26_3.VulkanPresentationGameRendererCaptureMixin from mod super_resolution,pl:mixin:APP:super_resolution.mixins.json:presentation.v26_3.VulkanPresentationGlDeviceMixin from mod super_resolution,pl:mixin:APP:super_resolution.mixins.json:presentation.v26_3.VulkanPresentationMinecraftBackendMixin from mod super_resolution,pl:mixin:APP:super_resolution.mixins.json:presentation.v26_3.VulkanPresentationMinecraftCaptureMixin from mod super_resolution,pl:mixin:APP:super_resolution.mixins.json:presentation.v26_3.VulkanPresentationWindowCloseMixin from mod super_resolution,pl:mixin:APP:super_resolution-neoforge.mixins.json:neoforge.FuckingValidation1218Mixin from mod super_resolution,pl:mixin:APP:super_resolution-neoforge.mixins.json:neoforge.FuckingValidationMixin from mod super_resolution,pl:mixin:APP:super_resolution_irisapi.mixins.json:composite.before1_21_1.GlStateManagerTextureStateAccessor from mod super_resolution,pl:mixin:APP:architectury.mixins.json:MixinMinecraft from mod architectury,pl:mixin:A,pl:runtimedistcleaner:A}
	at TRANSFORMER/minecraft@1.21.1/net.minecraft.client.Minecraft.setLevel(Minecraft.java:2117) ~[neoforge-21.1.219.jar%23172!/:?] {re:mixin,pl:runtimedistcleaner:A,re:classloading,pl:mixin:APP:sodium-common.mixins.json:core.MinecraftMixin from mod sodium,pl:mixin:APP:sodium-neoforge.mixins.json:platform.neoforge.EntrypointMixin from mod sodium,pl:mixin:APP:mixins.iris.json:MixinMinecraft_Images from mod iris,pl:mixin:APP:mixins.iris.json:MixinMinecraft_Keybinds from mod iris,pl:mixin:APP:mixins.iris.json:MixinMinecraft_PipelineManagement from mod iris,pl:mixin:APP:super_resolution.mixins.json:core.GlTextureViewMixin from mod super_resolution,pl:mixin:APP:super_resolution.mixins.json:core.MinecraftMixin from mod super_resolution,pl:mixin:APP:super_resolution.mixins.json:core.accessor.MinecraftAccessor from mod super_resolution,pl:mixin:APP:super_resolution.mixins.json:framegeneration.v1_20_1.GameRendererConstantsMixin from mod super_resolution,pl:mixin:APP:super_resolution.mixins.json:framegeneration.v1_21_11.GameRendererConstantsMixin from mod super_resolution,pl:mixin:APP:super_resolution.mixins.json:framegeneration.v26_1_x.GameRendererConstantsMixin from mod super_resolution,pl:mixin:APP:super_resolution.mixins.json:framegeneration.v26_2.GameRendererConstantsMixin from mod super_resolution,pl:mixin:APP:super_resolution.mixins.json:framegeneration.v26_2.NativeLibrariesBootstrapMixin from mod super_resolution,pl:mixin:APP:super_resolution.mixins.json:framegeneration.v26_3.GameRendererConstantsMixin from mod super_resolution,pl:mixin:APP:super_resolution.mixins.json:framegeneration.v26_3.NativeLibrariesBootstrapMixin from mod super_resolution,pl:mixin:APP:super_resolution.mixins.json:gui.GuiGraphicsMixin from mod super_resolution,pl:mixin:APP:super_resolution.mixins.json:gui.GuiRendererDrawAccessor from mod super_resolution,pl:mixin:APP:super_resolution.mixins.json:gui.GuiRendererMixin from mod super_resolution,pl:mixin:APP:super_resolution.mixins.json:lowlatency.v1_20_1.KeyboardHandlerReflexMixin from mod super_resolution,pl:mixin:APP:super_resolution.mixins.json:lowlatency.v1_20_1.MinecraftReflexMixin from mod super_resolution,pl:mixin:APP:super_resolution.mixins.json:lowlatency.v1_20_1.MouseHandlerReflexMixin from mod super_resolution,pl:mixin:APP:super_resolution.mixins.json:lowlatency.v1_20_1.RenderSystemAccessor from mod super_resolution,pl:mixin:APP:super_resolution.mixins.json:lowlatency.v1_21_1.MinecraftReflexMixin from mod super_resolution,pl:mixin:APP:super_resolution.mixins.json:lowlatency.v1_21_11.KeyboardHandlerReflexMixin from mod super_resolution,pl:mixin:APP:super_resolution.mixins.json:lowlatency.v1_21_11.MinecraftReflexMixin from mod super_resolution,pl:mixin:APP:super_resolution.mixins.json:lowlatency.v1_21_11.MouseHandlerReflexMixin from mod super_resolution,pl:mixin:APP:super_resolution.mixins.json:lowlatency.v1_21_11.RenderSystemAccessor from mod super_resolution,pl:mixin:APP:super_resolution.mixins.json:lowlatency.v26_1_x.KeyboardHandlerReflexMixin from mod super_resolution,pl:mixin:APP:super_resolution.mixins.json:lowlatency.v26_1_x.MinecraftReflexMixin from mod super_resolution,pl:mixin:APP:super_resolution.mixins.json:lowlatency.v26_1_x.MouseHandlerReflexMixin from mod super_resolution,pl:mixin:APP:super_resolution.mixins.json:lowlatency.v26_2.KeyboardHandlerReflexMixin from mod super_resolution,pl:mixin:APP:super_resolution.mixins.json:lowlatency.v26_2.MinecraftReflexMixin from mod super_resolution,pl:mixin:APP:super_resolution.mixins.json:lowlatency.v26_2.MouseHandlerReflexMixin from mod super_resolution,pl:mixin:APP:super_resolution.mixins.json:lowlatency.v26_3.KeyboardHandlerReflexMixin from mod super_resolution,pl:mixin:APP:super_resolution.mixins.json:lowlatency.v26_3.MinecraftReflexMixin from mod super_resolution,pl:mixin:APP:super_resolution.mixins.json:lowlatency.v26_3.MouseHandlerReflexMixin from mod super_resolution,pl:mixin:APP:super_resolution.mixins.json:presentation.v1_20_1.VulkanPresentationGameRendererCaptureMixin from mod super_resolution,pl:mixin:APP:super_resolution.mixins.json:presentation.v1_20_1.VulkanPresentationGlDeviceMixin from mod super_resolution,pl:mixin:APP:super_resolution.mixins.json:presentation.v1_20_1.VulkanPresentationMinecraftBackendMixin from mod super_resolution,pl:mixin:APP:super_resolution.mixins.json:presentation.v1_20_1.VulkanPresentationMinecraftCaptureMixin from mod super_resolution,pl:mixin:APP:super_resolution.mixins.json:presentation.v1_20_1.VulkanPresentationWindowMixin from mod super_resolution,pl:mixin:APP:super_resolution.mixins.json:presentation.v1_21_1.VulkanPresentationMinecraftCaptureMixin from mod super_resolution,pl:mixin:APP:super_resolution.mixins.json:presentation.v1_21_11.VulkanPresentationGameRendererCaptureMixin from mod super_resolution,pl:mixin:APP:super_resolution.mixins.json:presentation.v1_21_11.VulkanPresentationGlDeviceMixin from mod super_resolution,pl:mixin:APP:super_resolution.mixins.json:presentation.v1_21_11.VulkanPresentationMinecraftBackendMixin from mod super_resolution,pl:mixin:APP:super_resolution.mixins.json:presentation.v1_21_11.VulkanPresentationMinecraftCaptureMixin from mod super_resolution,pl:mixin:APP:super_resolution.mixins.json:presentation.v1_21_11.VulkanPresentationWindowMixin from mod super_resolution,pl:mixin:APP:super_resolution.mixins.json:presentation.v26_1_x.VulkanPresentationGameRendererCaptureMixin from mod super_resolution,pl:mixin:APP:super_resolution.mixins.json:presentation.v26_1_x.VulkanPresentationGlDeviceMixin from mod super_resolution,pl:mixin:APP:super_resolution.mixins.json:presentation.v26_1_x.VulkanPresentationMinecraftBackendMixin from mod super_resolution,pl:mixin:APP:super_resolution.mixins.json:presentation.v26_1_x.VulkanPresentationMinecraftCaptureMixin from mod super_resolution,pl:mixin:APP:super_resolution.mixins.json:presentation.v26_1_x.VulkanPresentationWindowCloseMixin from mod super_resolution,pl:mixin:APP:super_resolution.mixins.json:presentation.v26_2.VulkanPresentationGameRendererCaptureMixin from mod super_resolution,pl:mixin:APP:super_resolution.mixins.json:presentation.v26_2.VulkanPresentationGlDeviceMixin from mod super_resolution,pl:mixin:APP:super_resolution.mixins.json:presentation.v26_2.VulkanPresentationMinecraftBackendMixin from mod super_resolution,pl:mixin:APP:super_resolution.mixins.json:presentation.v26_2.VulkanPresentationMinecraftCaptureMixin from mod super_resolution,pl:mixin:APP:super_resolution.mixins.json:presentation.v26_2.VulkanPresentationWindowCloseMixin from mod super_resolution,pl:mixin:APP:super_resolution.mixins.json:presentation.v26_3.VulkanPresentationGameRendererCaptureMixin from mod super_resolution,pl:mixin:APP:super_resolution.mixins.json:presentation.v26_3.VulkanPresentationGlDeviceMixin from mod super_resolution,pl:mixin:APP:super_resolution.mixins.json:presentation.v26_3.VulkanPresentationMinecraftBackendMixin from mod super_resolution,pl:mixin:APP:super_resolution.mixins.json:presentation.v26_3.VulkanPresentationMinecraftCaptureMixin from mod super_resolution,pl:mixin:APP:super_resolution.mixins.json:presentation.v26_3.VulkanPresentationWindowCloseMixin from mod super_resolution,pl:mixin:APP:super_resolution-neoforge.mixins.json:neoforge.FuckingValidation1218Mixin from mod super_resolution,pl:mixin:APP:super_resolution-neoforge.mixins.json:neoforge.FuckingValidationMixin from mod super_resolution,pl:mixin:APP:super_resolution_irisapi.mixins.json:composite.before1_21_1.GlStateManagerTextureStateAccessor from mod super_resolution,pl:mixin:APP:architectury.mixins.json:MixinMinecraft from mod architectury,pl:mixin:A,pl:runtimedistcleaner:A}
	at TRANSFORMER/minecraft@1.21.1/net.minecraft.client.multiplayer.ClientPacketListener.handleLogin(ClientPacketListener.java:421) ~[neoforge-21.1.219.jar%23172!/:?] {re:mixin,pl:accesstransformer:B,pl:runtimedistcleaner:A,re:classloading,pl:accesstransformer:B,pl:mixin:APP:sodium-common.mixins.json:core.world.map.ClientPacketListenerMixin from mod sodium,pl:mixin:APP:mixins.iris.json:MixinClientPacketListener from mod iris,pl:mixin:A,pl:runtimedistcleaner:A}
	at TRANSFORMER/minecraft@1.21.1/net.minecraft.network.protocol.game.ClientboundLoginPacket.handle(ClientboundLoginPacket.java:67) ~[neoforge-21.1.219.jar%23172!/:?] {re:classloading,re:mixin}
	at TRANSFORMER/minecraft@1.21.1/net.minecraft.network.protocol.game.ClientboundLoginPacket.handle(ClientboundLoginPacket.java:14) ~[neoforge-21.1.219.jar%23172!/:?] {re:classloading,re:mixin}
	at TRANSFORMER/minecraft@1.21.1/net.minecraft.network.protocol.PacketUtils.lambda$ensureRunningOnSameThread$0(PacketUtils.java:26) ~[neoforge-21.1.219.jar%23172!/:?] {re:classloading}
	at TRANSFORMER/minecraft@1.21.1/net.minecraft.util.thread.BlockableEventLoop.doRunTask(BlockableEventLoop.java:148) ~[neoforge-21.1.219.jar%23172!/:?] {re:classloading,pl:accesstransformer:B,re:mixin,pl:accesstransformer:B}
	at TRANSFORMER/minecraft@1.21.1/net.minecraft.util.thread.ReentrantBlockableEventLoop.doRunTask(ReentrantBlockableEventLoop.java:24) ~[neoforge-21.1.219.jar%23172!/:?] {re:classloading,re:mixin}
	at TRANSFORMER/minecraft@1.21.1/net.minecraft.util.thread.BlockableEventLoop.pollTask(BlockableEventLoop.java:122) ~[neoforge-21.1.219.jar%23172!/:?] {re:classloading,pl:accesstransformer:B,re:mixin,pl:accesstransformer:B}
	at TRANSFORMER/minecraft@1.21.1/net.minecraft.util.thread.BlockableEventLoop.runAllTasks(BlockableEventLoop.java:111) ~[neoforge-21.1.219.jar%23172!/:?] {re:classloading,pl:accesstransformer:B,re:mixin,pl:accesstransformer:B}
	at TRANSFORMER/minecraft@1.21.1/net.minecraft.client.Minecraft.runTick(Minecraft.java:1155) ~[neoforge-21.1.219.jar%23172!/:?] {re:mixin,pl:runtimedistcleaner:A,re:classloading,pl:mixin:APP:sodium-common.mixins.json:core.MinecraftMixin from mod sodium,pl:mixin:APP:sodium-neoforge.mixins.json:platform.neoforge.EntrypointMixin from mod sodium,pl:mixin:APP:mixins.iris.json:MixinMinecraft_Images from mod iris,pl:mixin:APP:mixins.iris.json:MixinMinecraft_Keybinds from mod iris,pl:mixin:APP:mixins.iris.json:MixinMinecraft_PipelineManagement from mod iris,pl:mixin:APP:super_resolution.mixins.json:core.GlTextureViewMixin from mod super_resolution,pl:mixin:APP:super_resolution.mixins.json:core.MinecraftMixin from mod super_resolution,pl:mixin:APP:super_resolution.mixins.json:core.accessor.MinecraftAccessor from mod super_resolution,pl:mixin:APP:super_resolution.mixins.json:framegeneration.v1_20_1.GameRendererConstantsMixin from mod super_resolution,pl:mixin:APP:super_resolution.mixins.json:framegeneration.v1_21_11.GameRendererConstantsMixin from mod super_resolution,pl:mixin:APP:super_resolution.mixins.json:framegeneration.v26_1_x.GameRendererConstantsMixin from mod super_resolution,pl:mixin:APP:super_resolution.mixins.json:framegeneration.v26_2.GameRendererConstantsMixin from mod super_resolution,pl:mixin:APP:super_resolution.mixins.json:framegeneration.v26_2.NativeLibrariesBootstrapMixin from mod super_resolution,pl:mixin:APP:super_resolution.mixins.json:framegeneration.v26_3.GameRendererConstantsMixin from mod super_resolution,pl:mixin:APP:super_resolution.mixins.json:framegeneration.v26_3.NativeLibrariesBootstrapMixin from mod super_resolution,pl:mixin:APP:super_resolution.mixins.json:gui.GuiGraphicsMixin from mod super_resolution,pl:mixin:APP:super_resolution.mixins.json:gui.GuiRendererDrawAccessor from mod super_resolution,pl:mixin:APP:super_resolution.mixins.json:gui.GuiRendererMixin from mod super_resolution,pl:mixin:APP:super_resolution.mixins.json:lowlatency.v1_20_1.KeyboardHandlerReflexMixin from mod super_resolution,pl:mixin:APP:super_resolution.mixins.json:lowlatency.v1_20_1.MinecraftReflexMixin from mod super_resolution,pl:mixin:APP:super_resolution.mixins.json:lowlatency.v1_20_1.MouseHandlerReflexMixin from mod super_resolution,pl:mixin:APP:super_resolution.mixins.json:lowlatency.v1_20_1.RenderSystemAccessor from mod super_resolution,pl:mixin:APP:super_resolution.mixins.json:lowlatency.v1_21_1.MinecraftReflexMixin from mod super_resolution,pl:mixin:APP:super_resolution.mixins.json:lowlatency.v1_21_11.KeyboardHandlerReflexMixin from mod super_resolution,pl:mixin:APP:super_resolution.mixins.json:lowlatency.v1_21_11.MinecraftReflexMixin from mod super_resolution,pl:mixin:APP:super_resolution.mixins.json:lowlatency.v1_21_11.MouseHandlerReflexMixin from mod super_resolution,pl:mixin:APP:super_resolution.mixins.json:lowlatency.v1_21_11.RenderSystemAccessor from mod super_resolution,pl:mixin:APP:super_resolution.mixins.json:lowlatency.v26_1_x.KeyboardHandlerReflexMixin from mod super_resolution,pl:mixin:APP:super_resolution.mixins.json:lowlatency.v26_1_x.MinecraftReflexMixin from mod super_resolution,pl:mixin:APP:super_resolution.mixins.json:lowlatency.v26_1_x.MouseHandlerReflexMixin from mod super_resolution,pl:mixin:APP:super_resolution.mixins.json:lowlatency.v26_2.KeyboardHandlerReflexMixin from mod super_resolution,pl:mixin:APP:super_resolution.mixins.json:lowlatency.v26_2.MinecraftReflexMixin from mod super_resolution,pl:mixin:APP:super_resolution.mixins.json:lowlatency.v26_2.MouseHandlerReflexMixin from mod super_resolution,pl:mixin:APP:super_resolution.mixins.json:lowlatency.v26_3.KeyboardHandlerReflexMixin from mod super_resolution,pl:mixin:APP:super_resolution.mixins.json:lowlatency.v26_3.MinecraftReflexMixin from mod super_resolution,pl:mixin:APP:super_resolution.mixins.json:lowlatency.v26_3.MouseHandlerReflexMixin from mod super_resolution,pl:mixin:APP:super_resolution.mixins.json:presentation.v1_20_1.VulkanPresentationGameRendererCaptureMixin from mod super_resolution,pl:mixin:APP:super_resolution.mixins.json:presentation.v1_20_1.VulkanPresentationGlDeviceMixin from mod super_resolution,pl:mixin:APP:super_resolution.mixins.json:presentation.v1_20_1.VulkanPresentationMinecraftBackendMixin from mod super_resolution,pl:mixin:APP:super_resolution.mixins.json:presentation.v1_20_1.VulkanPresentationMinecraftCaptureMixin from mod super_resolution,pl:mixin:APP:super_resolution.mixins.json:presentation.v1_20_1.VulkanPresentationWindowMixin from mod super_resolution,pl:mixin:APP:super_resolution.mixins.json:presentation.v1_21_1.VulkanPresentationMinecraftCaptureMixin from mod super_resolution,pl:mixin:APP:super_resolution.mixins.json:presentation.v1_21_11.VulkanPresentationGameRendererCaptureMixin from mod super_resolution,pl:mixin:APP:super_resolution.mixins.json:presentation.v1_21_11.VulkanPresentationGlDeviceMixin from mod super_resolution,pl:mixin:APP:super_resolution.mixins.json:presentation.v1_21_11.VulkanPresentationMinecraftBackendMixin from mod super_resolution,pl:mixin:APP:super_resolution.mixins.json:presentation.v1_21_11.VulkanPresentationMinecraftCaptureMixin from mod super_resolution,pl:mixin:APP:super_resolution.mixins.json:presentation.v1_21_11.VulkanPresentationWindowMixin from mod super_resolution,pl:mixin:APP:super_resolution.mixins.json:presentation.v26_1_x.VulkanPresentationGameRendererCaptureMixin from mod super_resolution,pl:mixin:APP:super_resolution.mixins.json:presentation.v26_1_x.VulkanPresentationGlDeviceMixin from mod super_resolution,pl:mixin:APP:super_resolution.mixins.json:presentation.v26_1_x.VulkanPresentationMinecraftBackendMixin from mod super_resolution,pl:mixin:APP:super_resolution.mixins.json:presentation.v26_1_x.VulkanPresentationMinecraftCaptureMixin from mod super_resolution,pl:mixin:APP:super_resolution.mixins.json:presentation.v26_1_x.VulkanPresentationWindowCloseMixin from mod super_resolution,pl:mixin:APP:super_resolution.mixins.json:presentation.v26_2.VulkanPresentationGameRendererCaptureMixin from mod super_resolution,pl:mixin:APP:super_resolution.mixins.json:presentation.v26_2.VulkanPresentationGlDeviceMixin from mod super_resolution,pl:mixin:APP:super_resolution.mixins.json:presentation.v26_2.VulkanPresentationMinecraftBackendMixin from mod super_resolution,pl:mixin:APP:super_resolution.mixins.json:presentation.v26_2.VulkanPresentationMinecraftCaptureMixin from mod super_resolution,pl:mixin:APP:super_resolution.mixins.json:presentation.v26_2.VulkanPresentationWindowCloseMixin from mod super_resolution,pl:mixin:APP:super_resolution.mixins.json:presentation.v26_3.VulkanPresentationGameRendererCaptureMixin from mod super_resolution,pl:mixin:APP:super_resolution.mixins.json:presentation.v26_3.VulkanPresentationGlDeviceMixin from mod super_resolution,pl:mixin:APP:super_resolution.mixins.json:presentation.v26_3.VulkanPresentationMinecraftBackendMixin from mod super_resolution,pl:mixin:APP:super_resolution.mixins.json:presentation.v26_3.VulkanPresentationMinecraftCaptureMixin from mod super_resolution,pl:mixin:APP:super_resolution.mixins.json:presentation.v26_3.VulkanPresentationWindowCloseMixin from mod super_resolution,pl:mixin:APP:super_resolution-neoforge.mixins.json:neoforge.FuckingValidation1218Mixin from mod super_resolution,pl:mixin:APP:super_resolution-neoforge.mixins.json:neoforge.FuckingValidationMixin from mod super_resolution,pl:mixin:APP:super_resolution_irisapi.mixins.json:composite.before1_21_1.GlStateManagerTextureStateAccessor from mod super_resolution,pl:mixin:APP:architectury.mixins.json:MixinMinecraft from mod architectury,pl:mixin:A,pl:runtimedistcleaner:A}
	at TRANSFORMER/minecraft@1.21.1/net.minecraft.client.Minecraft.run(Minecraft.java:807) ~[neoforge-21.1.219.jar%23172!/:?] {re:mixin,pl:runtimedistcleaner:A,re:classloading,pl:mixin:APP:sodium-common.mixins.json:core.MinecraftMixin from mod sodium,pl:mixin:APP:sodium-neoforge.mixins.json:platform.neoforge.EntrypointMixin from mod sodium,pl:mixin:APP:mixins.iris.json:MixinMinecraft_Images from mod iris,pl:mixin:APP:mixins.iris.json:MixinMinecraft_Keybinds from mod iris,pl:mixin:APP:mixins.iris.json:MixinMinecraft_PipelineManagement from mod iris,pl:mixin:APP:super_resolution.mixins.json:core.GlTextureViewMixin from mod super_resolution,pl:mixin:APP:super_resolution.mixins.json:core.MinecraftMixin from mod super_resolution,pl:mixin:APP:super_resolution.mixins.json:core.accessor.MinecraftAccessor from mod super_resolution,pl:mixin:APP:super_resolution.mixins.json:framegeneration.v1_20_1.GameRendererConstantsMixin from mod super_resolution,pl:mixin:APP:super_resolution.mixins.json:framegeneration.v1_21_11.GameRendererConstantsMixin from mod super_resolution,pl:mixin:APP:super_resolution.mixins.json:framegeneration.v26_1_x.GameRendererConstantsMixin from mod super_resolution,pl:mixin:APP:super_resolution.mixins.json:framegeneration.v26_2.GameRendererConstantsMixin from mod super_resolution,pl:mixin:APP:super_resolution.mixins.json:framegeneration.v26_2.NativeLibrariesBootstrapMixin from mod super_resolution,pl:mixin:APP:super_resolution.mixins.json:framegeneration.v26_3.GameRendererConstantsMixin from mod super_resolution,pl:mixin:APP:super_resolution.mixins.json:framegeneration.v26_3.NativeLibrariesBootstrapMixin from mod super_resolution,pl:mixin:APP:super_resolution.mixins.json:gui.GuiGraphicsMixin from mod super_resolution,pl:mixin:APP:super_resolution.mixins.json:gui.GuiRendererDrawAccessor from mod super_resolution,pl:mixin:APP:super_resolution.mixins.json:gui.GuiRendererMixin from mod super_resolution,pl:mixin:APP:super_resolution.mixins.json:lowlatency.v1_20_1.KeyboardHandlerReflexMixin from mod super_resolution,pl:mixin:APP:super_resolution.mixins.json:lowlatency.v1_20_1.MinecraftReflexMixin from mod super_resolution,pl:mixin:APP:super_resolution.mixins.json:lowlatency.v1_20_1.MouseHandlerReflexMixin from mod super_resolution,pl:mixin:APP:super_resolution.mixins.json:lowlatency.v1_20_1.RenderSystemAccessor from mod super_resolution,pl:mixin:APP:super_resolution.mixins.json:lowlatency.v1_21_1.MinecraftReflexMixin from mod super_resolution,pl:mixin:APP:super_resolution.mixins.json:lowlatency.v1_21_11.KeyboardHandlerReflexMixin from mod super_resolution,pl:mixin:APP:super_resolution.mixins.json:lowlatency.v1_21_11.MinecraftReflexMixin from mod super_resolution,pl:mixin:APP:super_resolution.mixins.json:lowlatency.v1_21_11.MouseHandlerReflexMixin from mod super_resolution,pl:mixin:APP:super_resolution.mixins.json:lowlatency.v1_21_11.RenderSystemAccessor from mod super_resolution,pl:mixin:APP:super_resolution.mixins.json:lowlatency.v26_1_x.KeyboardHandlerReflexMixin from mod super_resolution,pl:mixin:APP:super_resolution.mixins.json:lowlatency.v26_1_x.MinecraftReflexMixin from mod super_resolution,pl:mixin:APP:super_resolution.mixins.json:lowlatency.v26_1_x.MouseHandlerReflexMixin from mod super_resolution,pl:mixin:APP:super_resolution.mixins.json:lowlatency.v26_2.KeyboardHandlerReflexMixin from mod super_resolution,pl:mixin:APP:super_resolution.mixins.json:lowlatency.v26_2.MinecraftReflexMixin from mod super_resolution,pl:mixin:APP:super_resolution.mixins.json:lowlatency.v26_2.MouseHandlerReflexMixin from mod super_resolution,pl:mixin:APP:super_resolution.mixins.json:lowlatency.v26_3.KeyboardHandlerReflexMixin from mod super_resolution,pl:mixin:APP:super_resolution.mixins.json:lowlatency.v26_3.MinecraftReflexMixin from mod super_resolution,pl:mixin:APP:super_resolution.mixins.json:lowlatency.v26_3.MouseHandlerReflexMixin from mod super_resolution,pl:mixin:APP:super_resolution.mixins.json:presentation.v1_20_1.VulkanPresentationGameRendererCaptureMixin from mod super_resolution,pl:mixin:APP:super_resolution.mixins.json:presentation.v1_20_1.VulkanPresentationGlDeviceMixin from mod super_resolution,pl:mixin:APP:super_resolution.mixins.json:presentation.v1_20_1.VulkanPresentationMinecraftBackendMixin from mod super_resolution,pl:mixin:APP:super_resolution.mixins.json:presentation.v1_20_1.VulkanPresentationMinecraftCaptureMixin from mod super_resolution,pl:mixin:APP:super_resolution.mixins.json:presentation.v1_20_1.VulkanPresentationWindowMixin from mod super_resolution,pl:mixin:APP:super_resolution.mixins.json:presentation.v1_21_1.VulkanPresentationMinecraftCaptureMixin from mod super_resolution,pl:mixin:APP:super_resolution.mixins.json:presentation.v1_21_11.VulkanPresentationGameRendererCaptureMixin from mod super_resolution,pl:mixin:APP:super_resolution.mixins.json:presentation.v1_21_11.VulkanPresentationGlDeviceMixin from mod super_resolution,pl:mixin:APP:super_resolution.mixins.json:presentation.v1_21_11.VulkanPresentationMinecraftBackendMixin from mod super_resolution,pl:mixin:APP:super_resolution.mixins.json:presentation.v1_21_11.VulkanPresentationMinecraftCaptureMixin from mod super_resolution,pl:mixin:APP:super_resolution.mixins.json:presentation.v1_21_11.VulkanPresentationWindowMixin from mod super_resolution,pl:mixin:APP:super_resolution.mixins.json:presentation.v26_1_x.VulkanPresentationGameRendererCaptureMixin from mod super_resolution,pl:mixin:APP:super_resolution.mixins.json:presentation.v26_1_x.VulkanPresentationGlDeviceMixin from mod super_resolution,pl:mixin:APP:super_resolution.mixins.json:presentation.v26_1_x.VulkanPresentationMinecraftBackendMixin from mod super_resolution,pl:mixin:APP:super_resolution.mixins.json:presentation.v26_1_x.VulkanPresentationMinecraftCaptureMixin from mod super_resolution,pl:mixin:APP:super_resolution.mixins.json:presentation.v26_1_x.VulkanPresentationWindowCloseMixin from mod super_resolution,pl:mixin:APP:super_resolution.mixins.json:presentation.v26_2.VulkanPresentationGameRendererCaptureMixin from mod super_resolution,pl:mixin:APP:super_resolution.mixins.json:presentation.v26_2.VulkanPresentationGlDeviceMixin from mod super_resolution,pl:mixin:APP:super_resolution.mixins.json:presentation.v26_2.VulkanPresentationMinecraftBackendMixin from mod super_resolution,pl:mixin:APP:super_resolution.mixins.json:presentation.v26_2.VulkanPresentationMinecraftCaptureMixin from mod super_resolution,pl:mixin:APP:super_resolution.mixins.json:presentation.v26_2.VulkanPresentationWindowCloseMixin from mod super_resolution,pl:mixin:APP:super_resolution.mixins.json:presentation.v26_3.VulkanPresentationGameRendererCaptureMixin from mod super_resolution,pl:mixin:APP:super_resolution.mixins.json:presentation.v26_3.VulkanPresentationGlDeviceMixin from mod super_resolution,pl:mixin:APP:super_resolution.mixins.json:presentation.v26_3.VulkanPresentationMinecraftBackendMixin from mod super_resolution,pl:mixin:APP:super_resolution.mixins.json:presentation.v26_3.VulkanPresentationMinecraftCaptureMixin from mod super_resolution,pl:mixin:APP:super_resolution.mixins.json:presentation.v26_3.VulkanPresentationWindowCloseMixin from mod super_resolution,pl:mixin:APP:super_resolution-neoforge.mixins.json:neoforge.FuckingValidation1218Mixin from mod super_resolution,pl:mixin:APP:super_resolution-neoforge.mixins.json:neoforge.FuckingValidationMixin from mod super_resolution,pl:mixin:APP:super_resolution_irisapi.mixins.json:composite.before1_21_1.GlStateManagerTextureStateAccessor from mod super_resolution,pl:mixin:APP:architectury.mixins.json:MixinMinecraft from mod architectury,pl:mixin:A,pl:runtimedistcleaner:A}
	at TRANSFORMER/minecraft@1.21.1/net.minecraft.client.main.Main.main(Main.java:230) ~[neoforge-21.1.219.jar%23172!/:?] {re:classloading,pl:runtimedistcleaner:A}
	at java.base/jdk.internal.reflect.DirectMethodHandleAccessor.invoke(DirectMethodHandleAccessor.java:103) ~[?:?] {}
	at java.base/java.lang.reflect.Method.invoke(Method.java:580) ~[?:?] {}
	at MC-BOOTSTRAP/fml_loader@4.0.42/net.neoforged.fml.loading.targets.CommonLaunchHandler.runTarget(CommonLaunchHandler.java:136) ~[loader-4.0.42.jar%23130!/:4.0] {}
	at MC-BOOTSTRAP/fml_loader@4.0.42/net.neoforged.fml.loading.targets.CommonLaunchHandler.clientService(CommonLaunchHandler.java:124) ~[loader-4.0.42.jar%23130!/:4.0] {}
	at MC-BOOTSTRAP/fml_loader@4.0.42/net.neoforged.fml.loading.targets.NeoForgeClientDevLaunchHandler.runService(NeoForgeClientDevLaunchHandler.java:23) ~[loader-4.0.42.jar%23130!/:4.0] {}
	at MC-BOOTSTRAP/fml_loader@4.0.42/net.neoforged.fml.loading.targets.CommonLaunchHandler.lambda$launchService$4(CommonLaunchHandler.java:118) ~[loader-4.0.42.jar%23130!/:4.0] {}
	at MC-BOOTSTRAP/cpw.mods.modlauncher@11.0.5/cpw.mods.modlauncher.LaunchServiceHandlerDecorator.launch(LaunchServiceHandlerDecorator.java:30) [modlauncher-11.0.5.jar%23112!/:?] {}
	at MC-BOOTSTRAP/cpw.mods.modlauncher@11.0.5/cpw.mods.modlauncher.LaunchServiceHandler.launch(LaunchServiceHandler.java:53) [modlauncher-11.0.5.jar%23112!/:?] {}
	at MC-BOOTSTRAP/cpw.mods.modlauncher@11.0.5/cpw.mods.modlauncher.LaunchServiceHandler.launch(LaunchServiceHandler.java:71) [modlauncher-11.0.5.jar%23112!/:?] {}
	at MC-BOOTSTRAP/cpw.mods.modlauncher@11.0.5/cpw.mods.modlauncher.Launcher.run(Launcher.java:103) [modlauncher-11.0.5.jar%23112!/:?] {}
	at MC-BOOTSTRAP/cpw.mods.modlauncher@11.0.5/cpw.mods.modlauncher.Launcher.main(Launcher.java:74) [modlauncher-11.0.5.jar%23112!/:?] {}
	at MC-BOOTSTRAP/cpw.mods.modlauncher@11.0.5/cpw.mods.modlauncher.BootstrapLaunchConsumer.accept(BootstrapLaunchConsumer.java:26) [modlauncher-11.0.5.jar%23112!/:?] {}
	at MC-BOOTSTRAP/cpw.mods.modlauncher@11.0.5/cpw.mods.modlauncher.BootstrapLaunchConsumer.accept(BootstrapLaunchConsumer.java:23) [modlauncher-11.0.5.jar%23112!/:?] {}
	at cpw.mods.bootstraplauncher@2.0.2/cpw.mods.bootstraplauncher.BootstrapLauncher.run(BootstrapLauncher.java:210) [bootstraplauncher-2.0.2.jar:?] {}
	at cpw.mods.bootstraplauncher@2.0.2/cpw.mods.bootstraplauncher.BootstrapLauncher.main(BootstrapLauncher.java:69) [bootstraplauncher-2.0.2.jar:?] {}
	at java.base/jdk.internal.reflect.DirectMethodHandleAccessor.invoke(DirectMethodHandleAccessor.java:103) ~[?:?] {}
	at java.base/java.lang.reflect.Method.invoke(Method.java:580) ~[?:?] {}
	at net.neoforged.devlaunch.Main.main(Main.java:57) [DevLaunch-1.0.2.jar:?] {}
[17:15:35] [Render thread/WARN] [Iris/]: The following uniforms won't work, either because they are broken, or reference a broken uniform: 
endFlashFactor1, endFlashIntensityM
[17:15:36] [Render thread/INFO] [ChunkBuilder/]: Started 6 worker threads
[17:15:36] [Render thread/INFO] [minecraft/AdvancementTree]: Loaded 2 advancements
[17:15:36] [Render thread/WARN] [Iris/]: Error while parsing the block ID map entry for "block.10104":
[17:15:36] [Render thread/WARN] [Iris/]: - The block minecraft:stone_slab has no property with the name variant, ignoring!
[17:15:36] [Render thread/INFO] [ChunkBuilder/]: Stopping worker threads
[17:15:36] [Render thread/INFO] [ChunkBuilder/]: Started 6 worker threads
[LWJGL] Java 16 memcpy enabled
[17:15:36] [Render thread/INFO] [SuperResolution/]: SR_DIAG BEFORE_PASS:deferred1 render=( 5.020E+2  2.820E+2) display=( 8.540E+2  4.800E+2) region-1=( 5.020E+2  2.820E+2) region-2=( 8.540E+2  4.800E+2) viewport=[0,0,854,480] scissor=[0,128,854,256]/false drawFbo=1 readFbo=3 drawBuffer=36064 readBuffer=36064 drawStatus=8cd5
[17:15:36] [Render thread/INFO] [SuperResolution/]: SR_DIAG BEFORE_PASS:deferred1 fbo=1 attachment=8ce0 texture=2 mip=0 size=854x480 internalFormat=8058
[17:15:36] [Render thread/INFO] [SuperResolution/]: SR_DIAG BEFORE_PASS:deferred1 fbo=1 attachment=8d00 texture=3 mip=0 size=854x480 internalFormat=1902
[17:15:36] [Render thread/INFO] [SuperResolution/]: SR_DIAG AFTER_PASS:deferred1 render=( 5.020E+2  2.820E+2) display=( 8.540E+2  4.800E+2) region-1=( 5.020E+2  2.820E+2) region-2=( 8.540E+2  4.800E+2) viewport=[0,0,854,480] scissor=[0,128,854,256]/false drawFbo=12 readFbo=12 drawBuffer=36064 readBuffer=36064 drawStatus=8cd5
[17:15:36] [Render thread/INFO] [SuperResolution/]: SR_DIAG AFTER_PASS:deferred1 fbo=12 attachment=8ce0 texture=51 mip=0 size=854x480 internalFormat=8c3a
[17:15:36] [Render thread/INFO] [SuperResolution/]: SR_DIAG BEFORE_PASS:composite render=( 5.020E+2  2.820E+2) display=( 8.540E+2  4.800E+2) region-1=( 5.020E+2  2.820E+2) region-2=( 8.540E+2  4.800E+2) viewport=[0,0,854,480] scissor=[0,128,854,256]/false drawFbo=1 readFbo=1 drawBuffer=36064 readBuffer=36064 drawStatus=8cd5
[17:15:36] [Render thread/INFO] [SuperResolution/]: SR_DIAG BEFORE_PASS:composite fbo=1 attachment=8ce0 texture=2 mip=0 size=854x480 internalFormat=8058
[17:15:36] [Render thread/INFO] [SuperResolution/]: SR_DIAG BEFORE_PASS:composite fbo=1 attachment=8d00 texture=3 mip=0 size=854x480 internalFormat=1902
[17:15:36] [Render thread/INFO] [SuperResolution/]: SR_DIAG AFTER_PASS:composite render=( 5.020E+2  2.820E+2) display=( 8.540E+2  4.800E+2) region-1=( 5.020E+2  2.820E+2) region-2=( 8.540E+2  4.800E+2) viewport=[0,0,427,240] scissor=[0,128,854,256]/false drawFbo=13 readFbo=13 drawBuffer=36064 readBuffer=36064 drawStatus=8cd5
[17:15:36] [Render thread/INFO] [SuperResolution/]: SR_DIAG AFTER_PASS:composite fbo=13 attachment=8ce0 texture=77 mip=0 size=427x240 internalFormat=881a
[17:15:36] [Render thread/INFO] [SuperResolution/]: SR_DIAG BEFORE_PASS:composite1 render=( 5.020E+2  2.820E+2) display=( 8.540E+2  4.800E+2) region-1=( 5.020E+2  2.820E+2) region-2=( 8.540E+2  4.800E+2) viewport=[0,0,427,240] scissor=[0,128,854,256]/false drawFbo=13 readFbo=13 drawBuffer=36064 readBuffer=36064 drawStatus=8cd5
[17:15:36] [Render thread/INFO] [SuperResolution/]: SR_DIAG BEFORE_PASS:composite1 fbo=13 attachment=8ce0 texture=77 mip=0 size=427x240 internalFormat=881a
[17:15:36] [Render thread/INFO] [SuperResolution/]: SR_DIAG AFTER_PASS:composite1 render=( 5.020E+2  2.820E+2) display=( 8.540E+2  4.800E+2) region-1=( 5.020E+2  2.820E+2) region-2=( 8.540E+2  4.800E+2) viewport=[0,0,854,480] scissor=[0,128,854,256]/false drawFbo=14 readFbo=14 drawBuffer=36064 readBuffer=36064 drawStatus=8cd5
[17:15:36] [Render thread/INFO] [SuperResolution/]: SR_DIAG AFTER_PASS:composite1 fbo=14 attachment=8ce0 texture=50 mip=0 size=854x480 internalFormat=8c3a
[17:15:36] [Render thread/INFO] [SuperResolution/]: SR_DIAG BEFORE_PASS:composite3 render=( 5.020E+2  2.820E+2) display=( 8.540E+2  4.800E+2) region-1=( 5.020E+2  2.820E+2) region-2=( 8.540E+2  4.800E+2) viewport=[0,0,854,480] scissor=[0,128,854,256]/false drawFbo=14 readFbo=14 drawBuffer=36064 readBuffer=36064 drawStatus=8cd5
[17:15:36] [Render thread/INFO] [SuperResolution/]: SR_DIAG BEFORE_PASS:composite3 fbo=14 attachment=8ce0 texture=50 mip=0 size=854x480 internalFormat=8c3a
[17:15:36] [Render thread/INFO] [SuperResolution/]: SR_DIAG AFTER_PASS:composite3 render=( 5.020E+2  2.820E+2) display=( 8.540E+2  4.800E+2) region-1=( 5.020E+2  2.820E+2) region-2=( 8.540E+2  4.800E+2) viewport=[0,0,854,480] scissor=[0,128,854,256]/false drawFbo=15 readFbo=15 drawBuffer=36064 readBuffer=36064 drawStatus=8cd5
[17:15:36] [Render thread/INFO] [SuperResolution/]: SR_DIAG AFTER_PASS:composite3 fbo=15 attachment=8ce0 texture=51 mip=0 size=854x480 internalFormat=8c3a
[17:15:36] [Render thread/INFO] [SuperResolution/]: SR_DIAG BEFORE_PASS:composite4 render=( 5.020E+2  2.820E+2) display=( 8.540E+2  4.800E+2) region-1=( 5.020E+2  2.820E+2) region-2=( 8.540E+2  4.800E+2) viewport=[0,0,854,480] scissor=[0,128,854,256]/false drawFbo=15 readFbo=15 drawBuffer=36064 readBuffer=36064 drawStatus=8cd5
[17:15:36] [Render thread/INFO] [SuperResolution/]: SR_DIAG BEFORE_PASS:composite4 fbo=15 attachment=8ce0 texture=51 mip=0 size=854x480 internalFormat=8c3a
[17:15:36] [Render thread/INFO] [SuperResolution/]: SR_DIAG AFTER_PASS:composite4 render=( 5.020E+2  2.820E+2) display=( 8.540E+2  4.800E+2) region-1=( 5.020E+2  2.820E+2) region-2=( 8.540E+2  4.800E+2) viewport=[0,0,854,480] scissor=[0,128,854,256]/false drawFbo=16 readFbo=16 drawBuffer=36064 readBuffer=36064 drawStatus=8cd5
[17:15:36] [Render thread/INFO] [SuperResolution/]: SR_DIAG AFTER_PASS:composite4 fbo=16 attachment=8ce0 texture=63 mip=0 size=854x480 internalFormat=881a
[17:15:36] [Render thread/INFO] [SuperResolution/]: SR_DIAG BEFORE_PASS:composite5 render=( 5.020E+2  2.820E+2) display=( 8.540E+2  4.800E+2) region-1=( 5.020E+2  2.820E+2) region-2=( 8.540E+2  4.800E+2) viewport=[0,0,854,480] scissor=[0,128,854,256]/false drawFbo=16 readFbo=16 drawBuffer=36064 readBuffer=36064 drawStatus=8cd5
[17:15:36] [Render thread/INFO] [SuperResolution/]: SR_DIAG BEFORE_PASS:composite5 fbo=16 attachment=8ce0 texture=63 mip=0 size=854x480 internalFormat=881a
[17:15:36] [Render thread/INFO] [SuperResolution/]: SR_DIAG AFTER_PASS:composite5 render=( 5.020E+2  2.820E+2) display=( 8.540E+2  4.800E+2) region-1=( 5.020E+2  2.820E+2) region-2=( 8.540E+2  4.800E+2) viewport=[0,0,854,480] scissor=[0,128,854,256]/false drawFbo=17 readFbo=17 drawBuffer=36064 readBuffer=36064 drawStatus=8cd5
[17:15:36] [Render thread/INFO] [SuperResolution/]: SR_DIAG AFTER_PASS:composite5 fbo=17 attachment=8ce0 texture=62 mip=0 size=854x480 internalFormat=881a
[17:15:36] [Render thread/INFO] [SuperResolution/]: SR_DIAG BEFORE_PASS:composite6 render=( 5.020E+2  2.820E+2) display=( 8.540E+2  4.800E+2) region-1=( 5.020E+2  2.820E+2) region-2=( 8.540E+2  4.800E+2) viewport=[0,0,854,480] scissor=[0,128,854,256]/false drawFbo=17 readFbo=17 drawBuffer=36064 readBuffer=36064 drawStatus=8cd5
[17:15:36] [Render thread/INFO] [SuperResolution/]: SR_DIAG BEFORE_PASS:composite6 fbo=17 attachment=8ce0 texture=62 mip=0 size=854x480 internalFormat=881a
[17:15:36] [Render thread/INFO] [SuperResolution/]: SR_DIAG AFTER_PASS:composite6 render=( 5.020E+2  2.820E+2) display=( 8.540E+2  4.800E+2) region-1=( 5.020E+2  2.820E+2) region-2=( 8.540E+2  4.800E+2) viewport=[0,0,854,480] scissor=[0,128,854,256]/false drawFbo=18 readFbo=18 drawBuffer=36064 readBuffer=36064 drawStatus=8cd5
[17:15:36] [Render thread/INFO] [SuperResolution/]: SR_DIAG AFTER_PASS:composite6 fbo=18 attachment=8ce0 texture=63 mip=0 size=854x480 internalFormat=881a
[17:15:36] [Render thread/INFO] [SuperResolution/]: SR_DIAG BEFORE_PASS:composite7 render=( 5.020E+2  2.820E+2) display=( 8.540E+2  4.800E+2) region-1=( 5.020E+2  2.820E+2) region-2=( 8.540E+2  4.800E+2) viewport=[0,0,854,480] scissor=[0,128,854,256]/false drawFbo=18 readFbo=18 drawBuffer=36064 readBuffer=36064 drawStatus=8cd5
[17:15:36] [Render thread/INFO] [SuperResolution/]: SR_DIAG BEFORE_PASS:composite7 fbo=18 attachment=8ce0 texture=63 mip=0 size=854x480 internalFormat=881a
[17:15:36] [Render thread/INFO] [SuperResolution/]: SR_DIAG BEFORE_SR render=( 5.020E+2  2.820E+2) display=( 8.540E+2  4.800E+2) region-1=( 5.020E+2  2.820E+2) region-2=( 8.540E+2  4.800E+2) viewport=[0,0,854,480] scissor=[0,128,854,256]/false drawFbo=18 readFbo=18 drawBuffer=36064 readBuffer=36064 drawStatus=8cd5
[17:15:36] [Render thread/INFO] [SuperResolution/]: SR_DIAG BEFORE_SR fbo=18 attachment=8ce0 texture=63 mip=0 size=854x480 internalFormat=881a
[17:15:36] [Render thread/INFO] [OpenGLDebug/]: OpenGL debug message: id=1280, source=API, type=ERROR, severity=HIGH, message='GL_INVALID_ENUM error generated. Internal format not supported.'
[17:15:36] [Render thread/ERROR] [OpenGLDebug/]: OpenGL Error!
[17:15:36] [Render thread/ERROR] [OpenGLDebug/]:     java.base/java.lang.Thread.getStackTrace(Thread.java:2451)
[17:15:36] [Render thread/ERROR] [OpenGLDebug/]:     TRANSFORMER/minecraft@1.21.1/com.mojang.blaze3d.platform.GlDebug.handler$zkd000$super_resolution$printGlErrorStackTrace(GlDebug.java:542)
[17:15:36] [Render thread/ERROR] [OpenGLDebug/]:     TRANSFORMER/minecraft@1.21.1/com.mojang.blaze3d.platform.GlDebug.printDebugLog(GlDebug.java:106)
[17:15:36] [Render thread/ERROR] [OpenGLDebug/]:     MC-BOOTSTRAP/org.lwjgl.opengl@3.3.4+7/org.lwjgl.opengl.GLDebugMessageCallbackI.callback(GLDebugMessageCallbackI.java:46)
[17:15:36] [Render thread/ERROR] [OpenGLDebug/]:     MC-BOOTSTRAP/org.lwjgl.opengl@3.3.4+7/org.lwjgl.opengl.GL45C.glTextureStorage2D(Native Method)
[17:15:36] [Render thread/ERROR] [OpenGLDebug/]:     TRANSFORMER/super_resolution@0.9.2-alpha.1+dev.03c0e447.opengl/io.homo.superresolution.core.graphics.opengl.dsa.GL45OrEXTDirectStateAccessImpl.textureStorage2D(GL45OrEXTDirectStateAccessImpl.java:77)
[17:15:36] [Render thread/ERROR] [OpenGLDebug/]:     TRANSFORMER/super_resolution@0.9.2-alpha.1+dev.03c0e447.opengl/io.homo.superresolution.core.graphics.opengl.texture.GlTexture2D.allocateTextureStorage(GlTexture2D.java:102)
[17:15:36] [Render thread/ERROR] [OpenGLDebug/]:     TRANSFORMER/super_resolution@0.9.2-alpha.1+dev.03c0e447.opengl/io.homo.superresolution.core.graphics.opengl.texture.GlTexture2D.initializeTexture(GlTexture2D.java:108)
[17:15:36] [Render thread/ERROR] [OpenGLDebug/]:     TRANSFORMER/super_resolution@0.9.2-alpha.1+dev.03c0e447.opengl/io.homo.superresolution.core.graphics.opengl.texture.GlTexture2D.create(GlTexture2D.java:60)
[17:15:36] [Render thread/ERROR] [OpenGLDebug/]:     TRANSFORMER/super_resolution@0.9.2-alpha.1+dev.03c0e447.opengl/io.homo.superresolution.common.minecraft.handler.shadercompat.ShaderCompatTextureInfo.createTexture(ShaderCompatTextureInfo.java:163)
[17:15:36] [Render thread/ERROR] [OpenGLDebug/]:     TRANSFORMER/super_resolution@0.9.2-alpha.1+dev.03c0e447.opengl/io.homo.superresolution.common.minecraft.handler.shadercompat.ShaderCompatTextureInfo.createInternalTexture(ShaderCompatTextureInfo.java:141)
[17:15:36] [Render thread/ERROR] [OpenGLDebug/]:     TRANSFORMER/super_resolution@0.9.2-alpha.1+dev.03c0e447.opengl/io.homo.superresolution.common.minecraft.handler.shadercompat.ShaderCompatTextureInfo.updateTexture(ShaderCompatTextureInfo.java:116)
[17:15:36] [Render thread/ERROR] [OpenGLDebug/]:     TRANSFORMER/super_resolution@0.9.2-alpha.1+dev.03c0e447.opengl/io.homo.superresolution.shadercompat.IrisShaderCompatUpscaleDispatcher.dispatchUpscale(IrisShaderCompatUpscaleDispatcher.java:448)
[17:15:36] [Render thread/ERROR] [OpenGLDebug/]:     TRANSFORMER/super_resolution@0.9.2-alpha.1+dev.03c0e447.opengl/io.homo.superresolution.shadercompat.IrisShaderCompatEventHandler.onCompositeRendererRenderBefore(IrisShaderCompatEventHandler.java:132)
[17:15:36] [Render thread/ERROR] [OpenGLDebug/]:     MC-BOOTSTRAP/net.neoforged.bus/net.neoforged.bus.ConsumerEventHandler.invoke(ConsumerEventHandler.java:27)
[17:15:36] [Render thread/ERROR] [OpenGLDebug/]:     MC-BOOTSTRAP/net.neoforged.bus/net.neoforged.bus.EventBus.post(EventBus.java:360)
[17:15:36] [Render thread/ERROR] [OpenGLDebug/]:     MC-BOOTSTRAP/net.neoforged.bus/net.neoforged.bus.EventBus.post(EventBus.java:328)
[17:15:36] [Render thread/ERROR] [OpenGLDebug/]:     TRANSFORMER/super_resolution@0.9.2-alpha.1+dev.03c0e447.opengl/io.homo.irisapi.handlers.IrisRenderingPipelineHandler.onCompositePassDispatchBefore(IrisRenderingPipelineHandler.java:70)
[17:15:36] [Render thread/ERROR] [OpenGLDebug/]:     TRANSFORMER/iris@1.8.8+mc1.21.1/net.irisshaders.iris.pipeline.CompositeRenderer.superresolution$handlePassEvent(CompositeRenderer.java:2570)
[17:15:36] [Render thread/ERROR] [OpenGLDebug/]:     TRANSFORMER/iris@1.8.8+mc1.21.1/net.irisshaders.iris.pipeline.CompositeRenderer.handler$zlh000$super_resolution$onBeforeRenderA(CompositeRenderer.java:2625)
[17:15:36] [Render thread/ERROR] [OpenGLDebug/]:     TRANSFORMER/iris@1.8.8+mc1.21.1/net.irisshaders.iris.pipeline.CompositeRenderer.renderAll(CompositeRenderer.java:284)
[17:15:36] [Render thread/ERROR] [OpenGLDebug/]:     TRANSFORMER/iris@1.8.8+mc1.21.1/net.irisshaders.iris.pipeline.IrisRenderingPipeline.finalizeLevelRendering(IrisRenderingPipeline.java:1088)
[17:15:36] [Render thread/ERROR] [OpenGLDebug/]:     TRANSFORMER/minecraft@1.21.1/net.minecraft.client.renderer.LevelRenderer.handler$zeh000$iris$endLevelRender(LevelRenderer.java:7818)
[17:15:36] [Render thread/ERROR] [OpenGLDebug/]:     TRANSFORMER/minecraft@1.21.1/net.minecraft.client.renderer.LevelRenderer.renderLevel(LevelRenderer.java:1240)
[17:15:36] [Render thread/ERROR] [OpenGLDebug/]:     TRANSFORMER/minecraft@1.21.1/net.minecraft.client.renderer.GameRenderer.renderLevel(GameRenderer.java:1271)
[17:15:36] [Render thread/ERROR] [OpenGLDebug/]:     TRANSFORMER/minecraft@1.21.1/net.minecraft.client.renderer.GameRenderer.render(GameRenderer.java:1024)
[17:15:36] [Render thread/ERROR] [OpenGLDebug/]:     TRANSFORMER/minecraft@1.21.1/net.minecraft.client.Minecraft.runTick(Minecraft.java:1195)
[17:15:36] [Render thread/ERROR] [OpenGLDebug/]:     TRANSFORMER/minecraft@1.21.1/net.minecraft.client.Minecraft.run(Minecraft.java:807)
[17:15:36] [Render thread/ERROR] [OpenGLDebug/]:     TRANSFORMER/minecraft@1.21.1/net.minecraft.client.main.Main.main(Main.java:230)
[17:15:36] [Render thread/ERROR] [OpenGLDebug/]:     java.base/jdk.internal.reflect.DirectMethodHandleAccessor.invoke(DirectMethodHandleAccessor.java:103)
[17:15:36] [Render thread/ERROR] [OpenGLDebug/]:     java.base/java.lang.reflect.Method.invoke(Method.java:580)
[17:15:36] [Render thread/ERROR] [OpenGLDebug/]:     MC-BOOTSTRAP/fml_loader@4.0.42/net.neoforged.fml.loading.targets.CommonLaunchHandler.runTarget(CommonLaunchHandler.java:136)
[17:15:36] [Render thread/ERROR] [OpenGLDebug/]:     MC-BOOTSTRAP/fml_loader@4.0.42/net.neoforged.fml.loading.targets.CommonLaunchHandler.clientService(CommonLaunchHandler.java:124)
[17:15:36] [Render thread/ERROR] [OpenGLDebug/]:     MC-BOOTSTRAP/fml_loader@4.0.42/net.neoforged.fml.loading.targets.NeoForgeClientDevLaunchHandler.runService(NeoForgeClientDevLaunchHandler.java:23)
[17:15:36] [Render thread/ERROR] [OpenGLDebug/]:     MC-BOOTSTRAP/fml_loader@4.0.42/net.neoforged.fml.loading.targets.CommonLaunchHandler.lambda$launchService$4(CommonLaunchHandler.java:118)
[17:15:36] [Render thread/ERROR] [OpenGLDebug/]:     MC-BOOTSTRAP/cpw.mods.modlauncher@11.0.5/cpw.mods.modlauncher.LaunchServiceHandlerDecorator.launch(LaunchServiceHandlerDecorator.java:30)
[17:15:36] [Render thread/ERROR] [OpenGLDebug/]:     MC-BOOTSTRAP/cpw.mods.modlauncher@11.0.5/cpw.mods.modlauncher.LaunchServiceHandler.launch(LaunchServiceHandler.java:53)
[17:15:36] [Render thread/ERROR] [OpenGLDebug/]:     MC-BOOTSTRAP/cpw.mods.modlauncher@11.0.5/cpw.mods.modlauncher.LaunchServiceHandler.launch(LaunchServiceHandler.java:71)
[17:15:36] [Render thread/ERROR] [OpenGLDebug/]:     MC-BOOTSTRAP/cpw.mods.modlauncher@11.0.5/cpw.mods.modlauncher.Launcher.run(Launcher.java:103)
[17:15:36] [Render thread/ERROR] [OpenGLDebug/]:     MC-BOOTSTRAP/cpw.mods.modlauncher@11.0.5/cpw.mods.modlauncher.Launcher.main(Launcher.java:74)
[17:15:36] [Render thread/ERROR] [OpenGLDebug/]:     MC-BOOTSTRAP/cpw.mods.modlauncher@11.0.5/cpw.mods.modlauncher.BootstrapLaunchConsumer.accept(BootstrapLaunchConsumer.java:26)
[17:15:36] [Render thread/ERROR] [OpenGLDebug/]:     MC-BOOTSTRAP/cpw.mods.modlauncher@11.0.5/cpw.mods.modlauncher.BootstrapLaunchConsumer.accept(BootstrapLaunchConsumer.java:23)
[17:15:36] [Render thread/ERROR] [OpenGLDebug/]:     cpw.mods.bootstraplauncher@2.0.2/cpw.mods.bootstraplauncher.BootstrapLauncher.run(BootstrapLauncher.java:210)
[17:15:36] [Render thread/ERROR] [OpenGLDebug/]:     cpw.mods.bootstraplauncher@2.0.2/cpw.mods.bootstraplauncher.BootstrapLauncher.main(BootstrapLauncher.java:69)
[17:15:36] [Render thread/ERROR] [OpenGLDebug/]:     java.base/jdk.internal.reflect.DirectMethodHandleAccessor.invoke(DirectMethodHandleAccessor.java:103)
[17:15:36] [Render thread/ERROR] [OpenGLDebug/]:     java.base/java.lang.reflect.Method.invoke(Method.java:580)
[17:15:36] [Render thread/ERROR] [OpenGLDebug/]:     net.neoforged.devlaunch.Main.main(Main.java:57)
[17:15:36] [Render thread/INFO] [SuperResolution/]: SR_DIAG texture color id=63 size=854x480 format=RGBA16F target/type=Texture2D glInternalFormat=881a
[17:15:36] [Render thread/INFO] [SuperResolution/]: SR_DIAG texture depth id=3 size=854x480 format=DEPTH_COMPONENT target/type=Texture2D glInternalFormat=1902
[17:15:36] [Render thread/INFO] [SuperResolution/]: SR_DIAG texture motion_vectors id=83 size=854x480 format=RGBA16F target/type=Texture2D glInternalFormat=881a
[17:15:36] [Render thread/INFO] [SuperResolution/]: SR_DIAG texture SR_output id=85 size=854x480 format=RGBA16F target/type=Texture2D glInternalFormat=881a
[17:15:36] [Render thread/INFO] [SuperResolution/]: SR_DIAG texture autotex3/output_target id=63 size=854x480 format=RGBA16F target/type=Texture2D glInternalFormat=881a
[17:15:36] [Render thread/INFO] [SuperResolution/]: SR_DIAG AFTER_SR render=( 5.020E+2  2.820E+2) display=( 8.540E+2  4.800E+2) region-1=( 5.020E+2  2.820E+2) region-2=( 8.540E+2  4.800E+2) viewport=[0,0,854,480] scissor=[0,128,854,256]/false drawFbo=18 readFbo=18 drawBuffer=36064 readBuffer=36064 drawStatus=8cd5
[17:15:36] [Render thread/INFO] [SuperResolution/]: SR_DIAG AFTER_SR fbo=18 attachment=8ce0 texture=63 mip=0 size=854x480 internalFormat=881a
[17:15:36] [Render thread/INFO] [SuperResolution/]: SR_DIAG AFTER_PASS:composite7 render=( 5.020E+2  2.820E+2) display=( 8.540E+2  4.800E+2) region-1=( 5.020E+2  2.820E+2) region-2=( 8.540E+2  4.800E+2) viewport=[0,0,854,480] scissor=[0,128,854,256]/false drawFbo=19 readFbo=19 drawBuffer=36064 readBuffer=36064 drawStatus=8cd5
[17:15:36] [Render thread/INFO] [SuperResolution/]: SR_DIAG AFTER_PASS:composite7 fbo=19 attachment=8ce0 texture=62 mip=0 size=854x480 internalFormat=881a
[17:15:46] [Render thread/INFO] [SuperResolution/]: SR_DIAG BEFORE_PASS:deferred1 render=( 5.020E+2  2.820E+2) display=( 8.540E+2  4.800E+2) region-1=( 5.020E+2  2.820E+2) region-2=( 8.540E+2  4.800E+2) viewport=[0,0,854,480] scissor=[0,128,854,256]/false drawFbo=1 readFbo=1 drawBuffer=36064 readBuffer=36064 drawStatus=8cd5
[17:15:46] [Render thread/INFO] [SuperResolution/]: SR_DIAG BEFORE_PASS:deferred1 fbo=1 attachment=8ce0 texture=2 mip=0 size=854x480 internalFormat=8058
[17:15:46] [Render thread/INFO] [SuperResolution/]: SR_DIAG BEFORE_PASS:deferred1 fbo=1 attachment=8d00 texture=3 mip=0 size=854x480 internalFormat=1902
[17:15:46] [Render thread/INFO] [SuperResolution/]: SR_DIAG AFTER_PASS:deferred1 render=( 5.020E+2  2.820E+2) display=( 8.540E+2  4.800E+2) region-1=( 5.020E+2  2.820E+2) region-2=( 8.540E+2  4.800E+2) viewport=[0,0,854,480] scissor=[0,128,854,256]/false drawFbo=12 readFbo=12 drawBuffer=36064 readBuffer=36064 drawStatus=8cd5
[17:15:46] [Render thread/INFO] [SuperResolution/]: SR_DIAG AFTER_PASS:deferred1 fbo=12 attachment=8ce0 texture=51 mip=0 size=854x480 internalFormat=8c3a
[17:15:46] [Render thread/INFO] [SuperResolution/]: SR_DIAG BEFORE_PASS:composite render=( 5.020E+2  2.820E+2) display=( 8.540E+2  4.800E+2) region-1=( 5.020E+2  2.820E+2) region-2=( 8.540E+2  4.800E+2) viewport=[0,0,854,480] scissor=[0,128,854,256]/false drawFbo=1 readFbo=1 drawBuffer=36064 readBuffer=36064 drawStatus=8cd5
[17:15:46] [Render thread/INFO] [SuperResolution/]: SR_DIAG BEFORE_PASS:composite fbo=1 attachment=8ce0 texture=2 mip=0 size=854x480 internalFormat=8058
[17:15:46] [Render thread/INFO] [SuperResolution/]: SR_DIAG BEFORE_PASS:composite fbo=1 attachment=8d00 texture=3 mip=0 size=854x480 internalFormat=1902
[17:15:46] [Render thread/INFO] [SuperResolution/]: SR_DIAG AFTER_PASS:composite render=( 5.020E+2  2.820E+2) display=( 8.540E+2  4.800E+2) region-1=( 5.020E+2  2.820E+2) region-2=( 8.540E+2  4.800E+2) viewport=[0,0,427,240] scissor=[0,128,854,256]/false drawFbo=13 readFbo=13 drawBuffer=36064 readBuffer=36064 drawStatus=8cd5
[17:15:46] [Render thread/INFO] [SuperResolution/]: SR_DIAG AFTER_PASS:composite fbo=13 attachment=8ce0 texture=77 mip=0 size=427x240 internalFormat=881a
[17:15:46] [Render thread/INFO] [SuperResolution/]: SR_DIAG BEFORE_PASS:composite1 render=( 5.020E+2  2.820E+2) display=( 8.540E+2  4.800E+2) region-1=( 5.020E+2  2.820E+2) region-2=( 8.540E+2  4.800E+2) viewport=[0,0,427,240] scissor=[0,128,854,256]/false drawFbo=13 readFbo=13 drawBuffer=36064 readBuffer=36064 drawStatus=8cd5
[17:15:46] [Render thread/INFO] [SuperResolution/]: SR_DIAG BEFORE_PASS:composite1 fbo=13 attachment=8ce0 texture=77 mip=0 size=427x240 internalFormat=881a
[17:15:46] [Render thread/INFO] [SuperResolution/]: SR_DIAG AFTER_PASS:composite1 render=( 5.020E+2  2.820E+2) display=( 8.540E+2  4.800E+2) region-1=( 5.020E+2  2.820E+2) region-2=( 8.540E+2  4.800E+2) viewport=[0,0,854,480] scissor=[0,128,854,256]/false drawFbo=14 readFbo=14 drawBuffer=36064 readBuffer=36064 drawStatus=8cd5
[17:15:46] [Render thread/INFO] [SuperResolution/]: SR_DIAG AFTER_PASS:composite1 fbo=14 attachment=8ce0 texture=50 mip=0 size=854x480 internalFormat=8c3a
[17:15:46] [Render thread/INFO] [SuperResolution/]: SR_DIAG BEFORE_PASS:composite3 render=( 5.020E+2  2.820E+2) display=( 8.540E+2  4.800E+2) region-1=( 5.020E+2  2.820E+2) region-2=( 8.540E+2  4.800E+2) viewport=[0,0,854,480] scissor=[0,128,854,256]/false drawFbo=14 readFbo=14 drawBuffer=36064 readBuffer=36064 drawStatus=8cd5
[17:15:46] [Render thread/INFO] [SuperResolution/]: SR_DIAG BEFORE_PASS:composite3 fbo=14 attachment=8ce0 texture=50 mip=0 size=854x480 internalFormat=8c3a
[17:15:46] [Render thread/INFO] [SuperResolution/]: SR_DIAG AFTER_PASS:composite3 render=( 5.020E+2  2.820E+2) display=( 8.540E+2  4.800E+2) region-1=( 5.020E+2  2.820E+2) region-2=( 8.540E+2  4.800E+2) viewport=[0,0,854,480] scissor=[0,128,854,256]/false drawFbo=15 readFbo=15 drawBuffer=36064 readBuffer=36064 drawStatus=8cd5
[17:15:46] [Render thread/INFO] [SuperResolution/]: SR_DIAG AFTER_PASS:composite3 fbo=15 attachment=8ce0 texture=51 mip=0 size=854x480 internalFormat=8c3a
[17:15:46] [Render thread/INFO] [SuperResolution/]: SR_DIAG BEFORE_PASS:composite4 render=( 5.020E+2  2.820E+2) display=( 8.540E+2  4.800E+2) region-1=( 5.020E+2  2.820E+2) region-2=( 8.540E+2  4.800E+2) viewport=[0,0,854,480] scissor=[0,128,854,256]/false drawFbo=15 readFbo=15 drawBuffer=36064 readBuffer=36064 drawStatus=8cd5
[17:15:46] [Render thread/INFO] [SuperResolution/]: SR_DIAG BEFORE_PASS:composite4 fbo=15 attachment=8ce0 texture=51 mip=0 size=854x480 internalFormat=8c3a
[17:15:46] [Render thread/INFO] [SuperResolution/]: SR_DIAG AFTER_PASS:composite4 render=( 5.020E+2  2.820E+2) display=( 8.540E+2  4.800E+2) region-1=( 5.020E+2  2.820E+2) region-2=( 8.540E+2  4.800E+2) viewport=[0,0,854,480] scissor=[0,128,854,256]/false drawFbo=16 readFbo=16 drawBuffer=36064 readBuffer=36064 drawStatus=8cd5
[17:15:46] [Render thread/INFO] [SuperResolution/]: SR_DIAG AFTER_PASS:composite4 fbo=16 attachment=8ce0 texture=63 mip=0 size=854x480 internalFormat=881a
[17:15:46] [Render thread/INFO] [SuperResolution/]: SR_DIAG BEFORE_PASS:composite5 render=( 5.020E+2  2.820E+2) display=( 8.540E+2  4.800E+2) region-1=( 5.020E+2  2.820E+2) region-2=( 8.540E+2  4.800E+2) viewport=[0,0,854,480] scissor=[0,128,854,256]/false drawFbo=16 readFbo=16 drawBuffer=36064 readBuffer=36064 drawStatus=8cd5
[17:15:46] [Render thread/INFO] [SuperResolution/]: SR_DIAG BEFORE_PASS:composite5 fbo=16 attachment=8ce0 texture=63 mip=0 size=854x480 internalFormat=881a
[17:15:46] [Render thread/INFO] [SuperResolution/]: SR_DIAG AFTER_PASS:composite5 render=( 5.020E+2  2.820E+2) display=( 8.540E+2  4.800E+2) region-1=( 5.020E+2  2.820E+2) region-2=( 8.540E+2  4.800E+2) viewport=[0,0,854,480] scissor=[0,128,854,256]/false drawFbo=17 readFbo=17 drawBuffer=36064 readBuffer=36064 drawStatus=8cd5
[17:15:46] [Render thread/INFO] [SuperResolution/]: SR_DIAG AFTER_PASS:composite5 fbo=17 attachment=8ce0 texture=62 mip=0 size=854x480 internalFormat=881a
[17:15:46] [Render thread/INFO] [SuperResolution/]: SR_DIAG BEFORE_PASS:composite6 render=( 5.020E+2  2.820E+2) display=( 8.540E+2  4.800E+2) region-1=( 5.020E+2  2.820E+2) region-2=( 8.540E+2  4.800E+2) viewport=[0,0,854,480] scissor=[0,128,854,256]/false drawFbo=17 readFbo=17 drawBuffer=36064 readBuffer=36064 drawStatus=8cd5
[17:15:46] [Render thread/INFO] [SuperResolution/]: SR_DIAG BEFORE_PASS:composite6 fbo=17 attachment=8ce0 texture=62 mip=0 size=854x480 internalFormat=881a
[17:15:46] [Render thread/INFO] [SuperResolution/]: SR_DIAG AFTER_PASS:composite6 render=( 5.020E+2  2.820E+2) display=( 8.540E+2  4.800E+2) region-1=( 5.020E+2  2.820E+2) region-2=( 8.540E+2  4.800E+2) viewport=[0,0,854,480] scissor=[0,128,854,256]/false drawFbo=18 readFbo=18 drawBuffer=36064 readBuffer=36064 drawStatus=8cd5
[17:15:46] [Render thread/INFO] [SuperResolution/]: SR_DIAG AFTER_PASS:composite6 fbo=18 attachment=8ce0 texture=63 mip=0 size=854x480 internalFormat=881a
[17:15:46] [Render thread/INFO] [SuperResolution/]: SR_DIAG BEFORE_PASS:composite7 render=( 5.020E+2  2.820E+2) display=( 8.540E+2  4.800E+2) region-1=( 5.020E+2  2.820E+2) region-2=( 8.540E+2  4.800E+2) viewport=[0,0,854,480] scissor=[0,128,854,256]/false drawFbo=18 readFbo=18 drawBuffer=36064 readBuffer=36064 drawStatus=8cd5
[17:15:46] [Render thread/INFO] [SuperResolution/]: SR_DIAG BEFORE_PASS:composite7 fbo=18 attachment=8ce0 texture=63 mip=0 size=854x480 internalFormat=881a
[17:15:46] [Render thread/INFO] [SuperResolution/]: SR_DIAG BEFORE_SR render=( 5.020E+2  2.820E+2) display=( 8.540E+2  4.800E+2) region-1=( 5.020E+2  2.820E+2) region-2=( 8.540E+2  4.800E+2) viewport=[0,0,854,480] scissor=[0,128,854,256]/false drawFbo=18 readFbo=18 drawBuffer=36064 readBuffer=36064 drawStatus=8cd5
[17:15:46] [Render thread/INFO] [SuperResolution/]: SR_DIAG BEFORE_SR fbo=18 attachment=8ce0 texture=63 mip=0 size=854x480 internalFormat=881a
[17:15:46] [Render thread/INFO] [SuperResolution/]: SR_DIAG texture color id=63 size=854x480 format=RGBA16F target/type=Texture2D glInternalFormat=881a
[17:15:46] [Render thread/INFO] [SuperResolution/]: SR_DIAG texture depth id=3 size=854x480 format=DEPTH_COMPONENT target/type=Texture2D glInternalFormat=1902
[17:15:46] [Render thread/INFO] [SuperResolution/]: SR_DIAG texture motion_vectors id=83 size=854x480 format=RGBA16F target/type=Texture2D glInternalFormat=881a
[17:15:46] [Render thread/INFO] [SuperResolution/]: SR_DIAG texture SR_output id=85 size=854x480 format=RGBA16F target/type=Texture2D glInternalFormat=881a
[17:15:46] [Render thread/INFO] [SuperResolution/]: SR_DIAG texture autotex3/output_target id=63 size=854x480 format=RGBA16F target/type=Texture2D glInternalFormat=881a
[17:15:46] [Render thread/INFO] [SuperResolution/]: SR_DIAG AFTER_SR render=( 5.020E+2  2.820E+2) display=( 8.540E+2  4.800E+2) region-1=( 5.020E+2  2.820E+2) region-2=( 8.540E+2  4.800E+2) viewport=[0,0,854,480] scissor=[0,128,854,256]/false drawFbo=18 readFbo=18 drawBuffer=36064 readBuffer=36064 drawStatus=8cd5
[17:15:46] [Render thread/INFO] [SuperResolution/]: SR_DIAG AFTER_SR fbo=18 attachment=8ce0 texture=63 mip=0 size=854x480 internalFormat=881a
[17:15:46] [Render thread/INFO] [SuperResolution/]: SR_DIAG AFTER_PASS:composite7 render=( 5.020E+2  2.820E+2) display=( 8.540E+2  4.800E+2) region-1=( 5.020E+2  2.820E+2) region-2=( 8.540E+2  4.800E+2) viewport=[0,0,854,480] scissor=[0,128,854,256]/false drawFbo=19 readFbo=19 drawBuffer=36064 readBuffer=36064 drawStatus=8cd5
[17:15:46] [Render thread/INFO] [SuperResolution/]: SR_DIAG AFTER_PASS:composite7 fbo=19 attachment=8ce0 texture=62 mip=0 size=854x480 internalFormat=881a
[17:15:56] [Render thread/INFO] [SuperResolution/]: SR_DIAG BEFORE_PASS:deferred1 render=( 5.020E+2  2.820E+2) display=( 8.540E+2  4.800E+2) region-1=( 5.020E+2  2.820E+2) region-2=( 8.540E+2  4.800E+2) viewport=[0,0,854,480] scissor=[0,128,854,256]/false drawFbo=1 readFbo=1 drawBuffer=36064 readBuffer=36064 drawStatus=8cd5
[17:15:56] [Render thread/INFO] [SuperResolution/]: SR_DIAG BEFORE_PASS:deferred1 fbo=1 attachment=8ce0 texture=2 mip=0 size=854x480 internalFormat=8058
[17:15:56] [Render thread/INFO] [SuperResolution/]: SR_DIAG BEFORE_PASS:deferred1 fbo=1 attachment=8d00 texture=3 mip=0 size=854x480 internalFormat=1902
[17:15:56] [Render thread/INFO] [SuperResolution/]: SR_DIAG AFTER_PASS:deferred1 render=( 5.020E+2  2.820E+2) display=( 8.540E+2  4.800E+2) region-1=( 5.020E+2  2.820E+2) region-2=( 8.540E+2  4.800E+2) viewport=[0,0,854,480] scissor=[0,128,854,256]/false drawFbo=12 readFbo=12 drawBuffer=36064 readBuffer=36064 drawStatus=8cd5
[17:15:56] [Render thread/INFO] [SuperResolution/]: SR_DIAG AFTER_PASS:deferred1 fbo=12 attachment=8ce0 texture=51 mip=0 size=854x480 internalFormat=8c3a
[17:15:56] [Render thread/INFO] [SuperResolution/]: SR_DIAG BEFORE_PASS:composite render=( 5.020E+2  2.820E+2) display=( 8.540E+2  4.800E+2) region-1=( 5.020E+2  2.820E+2) region-2=( 8.540E+2  4.800E+2) viewport=[0,0,854,480] scissor=[0,128,854,256]/false drawFbo=1 readFbo=1 drawBuffer=36064 readBuffer=36064 drawStatus=8cd5
[17:15:56] [Render thread/INFO] [SuperResolution/]: SR_DIAG BEFORE_PASS:composite fbo=1 attachment=8ce0 texture=2 mip=0 size=854x480 internalFormat=8058
[17:15:56] [Render thread/INFO] [SuperResolution/]: SR_DIAG BEFORE_PASS:composite fbo=1 attachment=8d00 texture=3 mip=0 size=854x480 internalFormat=1902
[17:15:56] [Render thread/INFO] [SuperResolution/]: SR_DIAG AFTER_PASS:composite render=( 5.020E+2  2.820E+2) display=( 8.540E+2  4.800E+2) region-1=( 5.020E+2  2.820E+2) region-2=( 8.540E+2  4.800E+2) viewport=[0,0,427,240] scissor=[0,128,854,256]/false drawFbo=13 readFbo=13 drawBuffer=36064 readBuffer=36064 drawStatus=8cd5
[17:15:56] [Render thread/INFO] [SuperResolution/]: SR_DIAG AFTER_PASS:composite fbo=13 attachment=8ce0 texture=77 mip=0 size=427x240 internalFormat=881a
[17:15:56] [Render thread/INFO] [SuperResolution/]: SR_DIAG BEFORE_PASS:composite1 render=( 5.020E+2  2.820E+2) display=( 8.540E+2  4.800E+2) region-1=( 5.020E+2  2.820E+2) region-2=( 8.540E+2  4.800E+2) viewport=[0,0,427,240] scissor=[0,128,854,256]/false drawFbo=13 readFbo=13 drawBuffer=36064 readBuffer=36064 drawStatus=8cd5
[17:15:56] [Render thread/INFO] [SuperResolution/]: SR_DIAG BEFORE_PASS:composite1 fbo=13 attachment=8ce0 texture=77 mip=0 size=427x240 internalFormat=881a
[17:15:56] [Render thread/INFO] [SuperResolution/]: SR_DIAG AFTER_PASS:composite1 render=( 5.020E+2  2.820E+2) display=( 8.540E+2  4.800E+2) region-1=( 5.020E+2  2.820E+2) region-2=( 8.540E+2  4.800E+2) viewport=[0,0,854,480] scissor=[0,128,854,256]/false drawFbo=14 readFbo=14 drawBuffer=36064 readBuffer=36064 drawStatus=8cd5
[17:15:56] [Render thread/INFO] [SuperResolution/]: SR_DIAG AFTER_PASS:composite1 fbo=14 attachment=8ce0 texture=50 mip=0 size=854x480 internalFormat=8c3a
[17:15:56] [Render thread/INFO] [SuperResolution/]: SR_DIAG BEFORE_PASS:composite3 render=( 5.020E+2  2.820E+2) display=( 8.540E+2  4.800E+2) region-1=( 5.020E+2  2.820E+2) region-2=( 8.540E+2  4.800E+2) viewport=[0,0,854,480] scissor=[0,128,854,256]/false drawFbo=14 readFbo=14 drawBuffer=36064 readBuffer=36064 drawStatus=8cd5
[17:15:56] [Render thread/INFO] [SuperResolution/]: SR_DIAG BEFORE_PASS:composite3 fbo=14 attachment=8ce0 texture=50 mip=0 size=854x480 internalFormat=8c3a
[17:15:56] [Render thread/INFO] [SuperResolution/]: SR_DIAG AFTER_PASS:composite3 render=( 5.020E+2  2.820E+2) display=( 8.540E+2  4.800E+2) region-1=( 5.020E+2  2.820E+2) region-2=( 8.540E+2  4.800E+2) viewport=[0,0,854,480] scissor=[0,128,854,256]/false drawFbo=15 readFbo=15 drawBuffer=36064 readBuffer=36064 drawStatus=8cd5
[17:15:56] [Render thread/INFO] [SuperResolution/]: SR_DIAG AFTER_PASS:composite3 fbo=15 attachment=8ce0 texture=51 mip=0 size=854x480 internalFormat=8c3a
[17:15:56] [Render thread/INFO] [SuperResolution/]: SR_DIAG BEFORE_PASS:composite4 render=( 5.020E+2  2.820E+2) display=( 8.540E+2  4.800E+2) region-1=( 5.020E+2  2.820E+2) region-2=( 8.540E+2  4.800E+2) viewport=[0,0,854,480] scissor=[0,128,854,256]/false drawFbo=15 readFbo=15 drawBuffer=36064 readBuffer=36064 drawStatus=8cd5
[17:15:56] [Render thread/INFO] [SuperResolution/]: SR_DIAG BEFORE_PASS:composite4 fbo=15 attachment=8ce0 texture=51 mip=0 size=854x480 internalFormat=8c3a
[17:15:56] [Render thread/INFO] [SuperResolution/]: SR_DIAG AFTER_PASS:composite4 render=( 5.020E+2  2.820E+2) display=( 8.540E+2  4.800E+2) region-1=( 5.020E+2  2.820E+2) region-2=( 8.540E+2  4.800E+2) viewport=[0,0,854,480] scissor=[0,128,854,256]/false drawFbo=16 readFbo=16 drawBuffer=36064 readBuffer=36064 drawStatus=8cd5
[17:15:56] [Render thread/INFO] [SuperResolution/]: SR_DIAG AFTER_PASS:composite4 fbo=16 attachment=8ce0 texture=63 mip=0 size=854x480 internalFormat=881a
[17:15:56] [Render thread/INFO] [SuperResolution/]: SR_DIAG BEFORE_PASS:composite5 render=( 5.020E+2  2.820E+2) display=( 8.540E+2  4.800E+2) region-1=( 5.020E+2  2.820E+2) region-2=( 8.540E+2  4.800E+2) viewport=[0,0,854,480] scissor=[0,128,854,256]/false drawFbo=16 readFbo=16 drawBuffer=36064 readBuffer=36064 drawStatus=8cd5
[17:15:56] [Render thread/INFO] [SuperResolution/]: SR_DIAG BEFORE_PASS:composite5 fbo=16 attachment=8ce0 texture=63 mip=0 size=854x480 internalFormat=881a
[17:15:56] [Render thread/INFO] [SuperResolution/]: SR_DIAG AFTER_PASS:composite5 render=( 5.020E+2  2.820E+2) display=( 8.540E+2  4.800E+2) region-1=( 5.020E+2  2.820E+2) region-2=( 8.540E+2  4.800E+2) viewport=[0,0,854,480] scissor=[0,128,854,256]/false drawFbo=17 readFbo=17 drawBuffer=36064 readBuffer=36064 drawStatus=8cd5
[17:15:56] [Render thread/INFO] [SuperResolution/]: SR_DIAG AFTER_PASS:composite5 fbo=17 attachment=8ce0 texture=62 mip=0 size=854x480 internalFormat=881a
[17:15:56] [Render thread/INFO] [SuperResolution/]: SR_DIAG BEFORE_PASS:composite6 render=( 5.020E+2  2.820E+2) display=( 8.540E+2  4.800E+2) region-1=( 5.020E+2  2.820E+2) region-2=( 8.540E+2  4.800E+2) viewport=[0,0,854,480] scissor=[0,128,854,256]/false drawFbo=17 readFbo=17 drawBuffer=36064 readBuffer=36064 drawStatus=8cd5
[17:15:56] [Render thread/INFO] [SuperResolution/]: SR_DIAG BEFORE_PASS:composite6 fbo=17 attachment=8ce0 texture=62 mip=0 size=854x480 internalFormat=881a
[17:15:56] [Render thread/INFO] [SuperResolution/]: SR_DIAG AFTER_PASS:composite6 render=( 5.020E+2  2.820E+2) display=( 8.540E+2  4.800E+2) region-1=( 5.020E+2  2.820E+2) region-2=( 8.540E+2  4.800E+2) viewport=[0,0,854,480] scissor=[0,128,854,256]/false drawFbo=18 readFbo=18 drawBuffer=36064 readBuffer=36064 drawStatus=8cd5
[17:15:56] [Render thread/INFO] [SuperResolution/]: SR_DIAG AFTER_PASS:composite6 fbo=18 attachment=8ce0 texture=63 mip=0 size=854x480 internalFormat=881a
[17:15:56] [Render thread/INFO] [SuperResolution/]: SR_DIAG BEFORE_PASS:composite7 render=( 5.020E+2  2.820E+2) display=( 8.540E+2  4.800E+2) region-1=( 5.020E+2  2.820E+2) region-2=( 8.540E+2  4.800E+2) viewport=[0,0,854,480] scissor=[0,128,854,256]/false drawFbo=18 readFbo=18 drawBuffer=36064 readBuffer=36064 drawStatus=8cd5
[17:15:56] [Render thread/INFO] [SuperResolution/]: SR_DIAG BEFORE_PASS:composite7 fbo=18 attachment=8ce0 texture=63 mip=0 size=854x480 internalFormat=881a
[17:15:56] [Render thread/INFO] [SuperResolution/]: SR_DIAG BEFORE_SR render=( 5.020E+2  2.820E+2) display=( 8.540E+2  4.800E+2) region-1=( 5.020E+2  2.820E+2) region-2=( 8.540E+2  4.800E+2) viewport=[0,0,854,480] scissor=[0,128,854,256]/false drawFbo=18 readFbo=18 drawBuffer=36064 readBuffer=36064 drawStatus=8cd5
[17:15:56] [Render thread/INFO] [SuperResolution/]: SR_DIAG BEFORE_SR fbo=18 attachment=8ce0 texture=63 mip=0 size=854x480 internalFormat=881a
[17:15:56] [Render thread/INFO] [SuperResolution/]: SR_DIAG texture color id=63 size=854x480 format=RGBA16F target/type=Texture2D glInternalFormat=881a
[17:15:56] [Render thread/INFO] [SuperResolution/]: SR_DIAG texture depth id=3 size=854x480 format=DEPTH_COMPONENT target/type=Texture2D glInternalFormat=1902
[17:15:56] [Render thread/INFO] [SuperResolution/]: SR_DIAG texture motion_vectors id=83 size=854x480 format=RGBA16F target/type=Texture2D glInternalFormat=881a
[17:15:56] [Render thread/INFO] [SuperResolution/]: SR_DIAG texture SR_output id=85 size=854x480 format=RGBA16F target/type=Texture2D glInternalFormat=881a
[17:15:56] [Render thread/INFO] [SuperResolution/]: SR_DIAG texture autotex3/output_target id=63 size=854x480 format=RGBA16F target/type=Texture2D glInternalFormat=881a
[17:15:56] [Render thread/INFO] [SuperResolution/]: SR_DIAG AFTER_SR render=( 5.020E+2  2.820E+2) display=( 8.540E+2  4.800E+2) region-1=( 5.020E+2  2.820E+2) region-2=( 8.540E+2  4.800E+2) viewport=[0,0,854,480] scissor=[0,128,854,256]/false drawFbo=18 readFbo=18 drawBuffer=36064 readBuffer=36064 drawStatus=8cd5
[17:15:56] [Render thread/INFO] [SuperResolution/]: SR_DIAG AFTER_SR fbo=18 attachment=8ce0 texture=63 mip=0 size=854x480 internalFormat=881a
[17:15:56] [Render thread/INFO] [SuperResolution/]: SR_DIAG AFTER_PASS:composite7 render=( 5.020E+2  2.820E+2) display=( 8.540E+2  4.800E+2) region-1=( 5.020E+2  2.820E+2) region-2=( 8.540E+2  4.800E+2) viewport=[0,0,854,480] scissor=[0,128,854,256]/false drawFbo=19 readFbo=19 drawBuffer=36064 readBuffer=36064 drawStatus=8cd5
[17:15:56] [Render thread/INFO] [SuperResolution/]: SR_DIAG AFTER_PASS:composite7 fbo=19 attachment=8ce0 texture=62 mip=0 size=854x480 internalFormat=881a
[17:16:06] [Render thread/INFO] [SuperResolution/]: SR_DIAG BEFORE_PASS:deferred1 render=( 5.020E+2  2.820E+2) display=( 8.540E+2  4.800E+2) region-1=( 5.020E+2  2.820E+2) region-2=( 8.540E+2  4.800E+2) viewport=[0,0,854,480] scissor=[0,128,854,256]/false drawFbo=1 readFbo=1 drawBuffer=36064 readBuffer=36064 drawStatus=8cd5
[17:16:06] [Render thread/INFO] [SuperResolution/]: SR_DIAG BEFORE_PASS:deferred1 fbo=1 attachment=8ce0 texture=2 mip=0 size=854x480 internalFormat=8058
[17:16:06] [Render thread/INFO] [SuperResolution/]: SR_DIAG BEFORE_PASS:deferred1 fbo=1 attachment=8d00 texture=3 mip=0 size=854x480 internalFormat=1902
[17:16:06] [Render thread/INFO] [SuperResolution/]: SR_DIAG AFTER_PASS:deferred1 render=( 5.020E+2  2.820E+2) display=( 8.540E+2  4.800E+2) region-1=( 5.020E+2  2.820E+2) region-2=( 8.540E+2  4.800E+2) viewport=[0,0,854,480] scissor=[0,128,854,256]/false drawFbo=12 readFbo=12 drawBuffer=36064 readBuffer=36064 drawStatus=8cd5
[17:16:06] [Render thread/INFO] [SuperResolution/]: SR_DIAG AFTER_PASS:deferred1 fbo=12 attachment=8ce0 texture=51 mip=0 size=854x480 internalFormat=8c3a
[17:16:06] [Render thread/INFO] [SuperResolution/]: SR_DIAG BEFORE_PASS:composite render=( 5.020E+2  2.820E+2) display=( 8.540E+2  4.800E+2) region-1=( 5.020E+2  2.820E+2) region-2=( 8.540E+2  4.800E+2) viewport=[0,0,854,480] scissor=[0,128,854,256]/false drawFbo=1 readFbo=1 drawBuffer=36064 readBuffer=36064 drawStatus=8cd5
[17:16:06] [Render thread/INFO] [SuperResolution/]: SR_DIAG BEFORE_PASS:composite fbo=1 attachment=8ce0 texture=2 mip=0 size=854x480 internalFormat=8058
[17:16:06] [Render thread/INFO] [SuperResolution/]: SR_DIAG BEFORE_PASS:composite fbo=1 attachment=8d00 texture=3 mip=0 size=854x480 internalFormat=1902
[17:16:06] [Render thread/INFO] [SuperResolution/]: SR_DIAG AFTER_PASS:composite render=( 5.020E+2  2.820E+2) display=( 8.540E+2  4.800E+2) region-1=( 5.020E+2  2.820E+2) region-2=( 8.540E+2  4.800E+2) viewport=[0,0,427,240] scissor=[0,128,854,256]/false drawFbo=13 readFbo=13 drawBuffer=36064 readBuffer=36064 drawStatus=8cd5
[17:16:06] [Render thread/INFO] [SuperResolution/]: SR_DIAG AFTER_PASS:composite fbo=13 attachment=8ce0 texture=77 mip=0 size=427x240 internalFormat=881a
[17:16:06] [Render thread/INFO] [SuperResolution/]: SR_DIAG BEFORE_PASS:composite1 render=( 5.020E+2  2.820E+2) display=( 8.540E+2  4.800E+2) region-1=( 5.020E+2  2.820E+2) region-2=( 8.540E+2  4.800E+2) viewport=[0,0,427,240] scissor=[0,128,854,256]/false drawFbo=13 readFbo=13 drawBuffer=36064 readBuffer=36064 drawStatus=8cd5
[17:16:06] [Render thread/INFO] [SuperResolution/]: SR_DIAG BEFORE_PASS:composite1 fbo=13 attachment=8ce0 texture=77 mip=0 size=427x240 internalFormat=881a
[17:16:06] [Render thread/INFO] [SuperResolution/]: SR_DIAG AFTER_PASS:composite1 render=( 5.020E+2  2.820E+2) display=( 8.540E+2  4.800E+2) region-1=( 5.020E+2  2.820E+2) region-2=( 8.540E+2  4.800E+2) viewport=[0,0,854,480] scissor=[0,128,854,256]/false drawFbo=14 readFbo=14 drawBuffer=36064 readBuffer=36064 drawStatus=8cd5
[17:16:06] [Render thread/INFO] [SuperResolution/]: SR_DIAG AFTER_PASS:composite1 fbo=14 attachment=8ce0 texture=50 mip=0 size=854x480 internalFormat=8c3a
[17:16:06] [Render thread/INFO] [SuperResolution/]: SR_DIAG BEFORE_PASS:composite3 render=( 5.020E+2  2.820E+2) display=( 8.540E+2  4.800E+2) region-1=( 5.020E+2  2.820E+2) region-2=( 8.540E+2  4.800E+2) viewport=[0,0,854,480] scissor=[0,128,854,256]/false drawFbo=14 readFbo=14 drawBuffer=36064 readBuffer=36064 drawStatus=8cd5
[17:16:06] [Render thread/INFO] [SuperResolution/]: SR_DIAG BEFORE_PASS:composite3 fbo=14 attachment=8ce0 texture=50 mip=0 size=854x480 internalFormat=8c3a
[17:16:06] [Render thread/INFO] [SuperResolution/]: SR_DIAG AFTER_PASS:composite3 render=( 5.020E+2  2.820E+2) display=( 8.540E+2  4.800E+2) region-1=( 5.020E+2  2.820E+2) region-2=( 8.540E+2  4.800E+2) viewport=[0,0,854,480] scissor=[0,128,854,256]/false drawFbo=15 readFbo=15 drawBuffer=36064 readBuffer=36064 drawStatus=8cd5
[17:16:06] [Render thread/INFO] [SuperResolution/]: SR_DIAG AFTER_PASS:composite3 fbo=15 attachment=8ce0 texture=51 mip=0 size=854x480 internalFormat=8c3a
[17:16:06] [Render thread/INFO] [SuperResolution/]: SR_DIAG BEFORE_PASS:composite4 render=( 5.020E+2  2.820E+2) display=( 8.540E+2  4.800E+2) region-1=( 5.020E+2  2.820E+2) region-2=( 8.540E+2  4.800E+2) viewport=[0,0,854,480] scissor=[0,128,854,256]/false drawFbo=15 readFbo=15 drawBuffer=36064 readBuffer=36064 drawStatus=8cd5
[17:16:06] [Render thread/INFO] [SuperResolution/]: SR_DIAG BEFORE_PASS:composite4 fbo=15 attachment=8ce0 texture=51 mip=0 size=854x480 internalFormat=8c3a
[17:16:06] [Render thread/INFO] [SuperResolution/]: SR_DIAG AFTER_PASS:composite4 render=( 5.020E+2  2.820E+2) display=( 8.540E+2  4.800E+2) region-1=( 5.020E+2  2.820E+2) region-2=( 8.540E+2  4.800E+2) viewport=[0,0,854,480] scissor=[0,128,854,256]/false drawFbo=16 readFbo=16 drawBuffer=36064 readBuffer=36064 drawStatus=8cd5
[17:16:06] [Render thread/INFO] [SuperResolution/]: SR_DIAG AFTER_PASS:composite4 fbo=16 attachment=8ce0 texture=63 mip=0 size=854x480 internalFormat=881a
[17:16:06] [Render thread/INFO] [SuperResolution/]: SR_DIAG BEFORE_PASS:composite5 render=( 5.020E+2  2.820E+2) display=( 8.540E+2  4.800E+2) region-1=( 5.020E+2  2.820E+2) region-2=( 8.540E+2  4.800E+2) viewport=[0,0,854,480] scissor=[0,128,854,256]/false drawFbo=16 readFbo=16 drawBuffer=36064 readBuffer=36064 drawStatus=8cd5
[17:16:06] [Render thread/INFO] [SuperResolution/]: SR_DIAG BEFORE_PASS:composite5 fbo=16 attachment=8ce0 texture=63 mip=0 size=854x480 internalFormat=881a
[17:16:06] [Render thread/INFO] [SuperResolution/]: SR_DIAG AFTER_PASS:composite5 render=( 5.020E+2  2.820E+2) display=( 8.540E+2  4.800E+2) region-1=( 5.020E+2  2.820E+2) region-2=( 8.540E+2  4.800E+2) viewport=[0,0,854,480] scissor=[0,128,854,256]/false drawFbo=17 readFbo=17 drawBuffer=36064 readBuffer=36064 drawStatus=8cd5
[17:16:06] [Render thread/INFO] [SuperResolution/]: SR_DIAG AFTER_PASS:composite5 fbo=17 attachment=8ce0 texture=62 mip=0 size=854x480 internalFormat=881a
[17:16:06] [Render thread/INFO] [SuperResolution/]: SR_DIAG BEFORE_PASS:composite6 render=( 5.020E+2  2.820E+2) display=( 8.540E+2  4.800E+2) region-1=( 5.020E+2  2.820E+2) region-2=( 8.540E+2  4.800E+2) viewport=[0,0,854,480] scissor=[0,128,854,256]/false drawFbo=17 readFbo=17 drawBuffer=36064 readBuffer=36064 drawStatus=8cd5
[17:16:06] [Render thread/INFO] [SuperResolution/]: SR_DIAG BEFORE_PASS:composite6 fbo=17 attachment=8ce0 texture=62 mip=0 size=854x480 internalFormat=881a
[17:16:06] [Render thread/INFO] [SuperResolution/]: SR_DIAG AFTER_PASS:composite6 render=( 5.020E+2  2.820E+2) display=( 8.540E+2  4.800E+2) region-1=( 5.020E+2  2.820E+2) region-2=( 8.540E+2  4.800E+2) viewport=[0,0,854,480] scissor=[0,128,854,256]/false drawFbo=18 readFbo=18 drawBuffer=36064 readBuffer=36064 drawStatus=8cd5
[17:16:06] [Render thread/INFO] [SuperResolution/]: SR_DIAG AFTER_PASS:composite6 fbo=18 attachment=8ce0 texture=63 mip=0 size=854x480 internalFormat=881a
[17:16:06] [Render thread/INFO] [SuperResolution/]: SR_DIAG BEFORE_PASS:composite7 render=( 5.020E+2  2.820E+2) display=( 8.540E+2  4.800E+2) region-1=( 5.020E+2  2.820E+2) region-2=( 8.540E+2  4.800E+2) viewport=[0,0,854,480] scissor=[0,128,854,256]/false drawFbo=18 readFbo=18 drawBuffer=36064 readBuffer=36064 drawStatus=8cd5
[17:16:06] [Render thread/INFO] [SuperResolution/]: SR_DIAG BEFORE_PASS:composite7 fbo=18 attachment=8ce0 texture=63 mip=0 size=854x480 internalFormat=881a
[17:16:06] [Render thread/INFO] [SuperResolution/]: SR_DIAG BEFORE_SR render=( 5.020E+2  2.820E+2) display=( 8.540E+2  4.800E+2) region-1=( 5.020E+2  2.820E+2) region-2=( 8.540E+2  4.800E+2) viewport=[0,0,854,480] scissor=[0,128,854,256]/false drawFbo=18 readFbo=18 drawBuffer=36064 readBuffer=36064 drawStatus=8cd5
[17:16:06] [Render thread/INFO] [SuperResolution/]: SR_DIAG BEFORE_SR fbo=18 attachment=8ce0 texture=63 mip=0 size=854x480 internalFormat=881a
[17:16:06] [Render thread/INFO] [SuperResolution/]: SR_DIAG texture color id=63 size=854x480 format=RGBA16F target/type=Texture2D glInternalFormat=881a
[17:16:06] [Render thread/INFO] [SuperResolution/]: SR_DIAG texture depth id=3 size=854x480 format=DEPTH_COMPONENT target/type=Texture2D glInternalFormat=1902
[17:16:06] [Render thread/INFO] [SuperResolution/]: SR_DIAG texture motion_vectors id=83 size=854x480 format=RGBA16F target/type=Texture2D glInternalFormat=881a
[17:16:06] [Render thread/INFO] [SuperResolution/]: SR_DIAG texture SR_output id=85 size=854x480 format=RGBA16F target/type=Texture2D glInternalFormat=881a
[17:16:06] [Render thread/INFO] [SuperResolution/]: SR_DIAG texture autotex3/output_target id=63 size=854x480 format=RGBA16F target/type=Texture2D glInternalFormat=881a
[17:16:06] [Render thread/INFO] [SuperResolution/]: SR_DIAG AFTER_SR render=( 5.020E+2  2.820E+2) display=( 8.540E+2  4.800E+2) region-1=( 5.020E+2  2.820E+2) region-2=( 8.540E+2  4.800E+2) viewport=[0,0,854,480] scissor=[0,128,854,256]/false drawFbo=18 readFbo=18 drawBuffer=36064 readBuffer=36064 drawStatus=8cd5
[17:16:06] [Render thread/INFO] [SuperResolution/]: SR_DIAG AFTER_SR fbo=18 attachment=8ce0 texture=63 mip=0 size=854x480 internalFormat=881a
[17:16:06] [Render thread/INFO] [SuperResolution/]: SR_DIAG AFTER_PASS:composite7 render=( 5.020E+2  2.820E+2) display=( 8.540E+2  4.800E+2) region-1=( 5.020E+2  2.820E+2) region-2=( 8.540E+2  4.800E+2) viewport=[0,0,854,480] scissor=[0,128,854,256]/false drawFbo=19 readFbo=19 drawBuffer=36064 readBuffer=36064 drawStatus=8cd5
[17:16:06] [Render thread/INFO] [SuperResolution/]: SR_DIAG AFTER_PASS:composite7 fbo=19 attachment=8ce0 texture=62 mip=0 size=854x480 internalFormat=881a
[17:16:16] [Render thread/INFO] [SuperResolution/]: SR_DIAG BEFORE_PASS:deferred1 render=( 5.020E+2  2.820E+2) display=( 8.540E+2  4.800E+2) region-1=( 5.020E+2  2.820E+2) region-2=( 8.540E+2  4.800E+2) viewport=[0,0,854,480] scissor=[0,128,854,256]/false drawFbo=1 readFbo=1 drawBuffer=36064 readBuffer=36064 drawStatus=8cd5
[17:16:16] [Render thread/INFO] [SuperResolution/]: SR_DIAG BEFORE_PASS:deferred1 fbo=1 attachment=8ce0 texture=2 mip=0 size=854x480 internalFormat=8058
[17:16:16] [Render thread/INFO] [SuperResolution/]: SR_DIAG BEFORE_PASS:deferred1 fbo=1 attachment=8d00 texture=3 mip=0 size=854x480 internalFormat=1902
[17:16:16] [Render thread/INFO] [SuperResolution/]: SR_DIAG AFTER_PASS:deferred1 render=( 5.020E+2  2.820E+2) display=( 8.540E+2  4.800E+2) region-1=( 5.020E+2  2.820E+2) region-2=( 8.540E+2  4.800E+2) viewport=[0,0,854,480] scissor=[0,128,854,256]/false drawFbo=12 readFbo=12 drawBuffer=36064 readBuffer=36064 drawStatus=8cd5
[17:16:16] [Render thread/INFO] [SuperResolution/]: SR_DIAG AFTER_PASS:deferred1 fbo=12 attachment=8ce0 texture=51 mip=0 size=854x480 internalFormat=8c3a
[17:16:16] [Render thread/INFO] [SuperResolution/]: SR_DIAG BEFORE_PASS:composite render=( 5.020E+2  2.820E+2) display=( 8.540E+2  4.800E+2) region-1=( 5.020E+2  2.820E+2) region-2=( 8.540E+2  4.800E+2) viewport=[0,0,854,480] scissor=[0,128,854,256]/false drawFbo=1 readFbo=1 drawBuffer=36064 readBuffer=36064 drawStatus=8cd5
[17:16:16] [Render thread/INFO] [SuperResolution/]: SR_DIAG BEFORE_PASS:composite fbo=1 attachment=8ce0 texture=2 mip=0 size=854x480 internalFormat=8058
[17:16:16] [Render thread/INFO] [SuperResolution/]: SR_DIAG BEFORE_PASS:composite fbo=1 attachment=8d00 texture=3 mip=0 size=854x480 internalFormat=1902
[17:16:16] [Render thread/INFO] [SuperResolution/]: SR_DIAG AFTER_PASS:composite render=( 5.020E+2  2.820E+2) display=( 8.540E+2  4.800E+2) region-1=( 5.020E+2  2.820E+2) region-2=( 8.540E+2  4.800E+2) viewport=[0,0,427,240] scissor=[0,128,854,256]/false drawFbo=13 readFbo=13 drawBuffer=36064 readBuffer=36064 drawStatus=8cd5
[17:16:16] [Render thread/INFO] [SuperResolution/]: SR_DIAG AFTER_PASS:composite fbo=13 attachment=8ce0 texture=77 mip=0 size=427x240 internalFormat=881a
[17:16:16] [Render thread/INFO] [SuperResolution/]: SR_DIAG BEFORE_PASS:composite1 render=( 5.020E+2  2.820E+2) display=( 8.540E+2  4.800E+2) region-1=( 5.020E+2  2.820E+2) region-2=( 8.540E+2  4.800E+2) viewport=[0,0,427,240] scissor=[0,128,854,256]/false drawFbo=13 readFbo=13 drawBuffer=36064 readBuffer=36064 drawStatus=8cd5
[17:16:16] [Render thread/INFO] [SuperResolution/]: SR_DIAG BEFORE_PASS:composite1 fbo=13 attachment=8ce0 texture=77 mip=0 size=427x240 internalFormat=881a
[17:16:16] [Render thread/INFO] [SuperResolution/]: SR_DIAG AFTER_PASS:composite1 render=( 5.020E+2  2.820E+2) display=( 8.540E+2  4.800E+2) region-1=( 5.020E+2  2.820E+2) region-2=( 8.540E+2  4.800E+2) viewport=[0,0,854,480] scissor=[0,128,854,256]/false drawFbo=14 readFbo=14 drawBuffer=36064 readBuffer=36064 drawStatus=8cd5
[17:16:16] [Render thread/INFO] [SuperResolution/]: SR_DIAG AFTER_PASS:composite1 fbo=14 attachment=8ce0 texture=50 mip=0 size=854x480 internalFormat=8c3a
[17:16:16] [Render thread/INFO] [SuperResolution/]: SR_DIAG BEFORE_PASS:composite3 render=( 5.020E+2  2.820E+2) display=( 8.540E+2  4.800E+2) region-1=( 5.020E+2  2.820E+2) region-2=( 8.540E+2  4.800E+2) viewport=[0,0,854,480] scissor=[0,128,854,256]/false drawFbo=14 readFbo=14 drawBuffer=36064 readBuffer=36064 drawStatus=8cd5
[17:16:16] [Render thread/INFO] [SuperResolution/]: SR_DIAG BEFORE_PASS:composite3 fbo=14 attachment=8ce0 texture=50 mip=0 size=854x480 internalFormat=8c3a
[17:16:16] [Render thread/INFO] [SuperResolution/]: SR_DIAG AFTER_PASS:composite3 render=( 5.020E+2  2.820E+2) display=( 8.540E+2  4.800E+2) region-1=( 5.020E+2  2.820E+2) region-2=( 8.540E+2  4.800E+2) viewport=[0,0,854,480] scissor=[0,128,854,256]/false drawFbo=15 readFbo=15 drawBuffer=36064 readBuffer=36064 drawStatus=8cd5
[17:16:16] [Render thread/INFO] [SuperResolution/]: SR_DIAG AFTER_PASS:composite3 fbo=15 attachment=8ce0 texture=51 mip=0 size=854x480 internalFormat=8c3a
[17:16:16] [Render thread/INFO] [SuperResolution/]: SR_DIAG BEFORE_PASS:composite4 render=( 5.020E+2  2.820E+2) display=( 8.540E+2  4.800E+2) region-1=( 5.020E+2  2.820E+2) region-2=( 8.540E+2  4.800E+2) viewport=[0,0,854,480] scissor=[0,128,854,256]/false drawFbo=15 readFbo=15 drawBuffer=36064 readBuffer=36064 drawStatus=8cd5
[17:16:16] [Render thread/INFO] [SuperResolution/]: SR_DIAG BEFORE_PASS:composite4 fbo=15 attachment=8ce0 texture=51 mip=0 size=854x480 internalFormat=8c3a
[17:16:16] [Render thread/INFO] [SuperResolution/]: SR_DIAG AFTER_PASS:composite4 render=( 5.020E+2  2.820E+2) display=( 8.540E+2  4.800E+2) region-1=( 5.020E+2  2.820E+2) region-2=( 8.540E+2  4.800E+2) viewport=[0,0,854,480] scissor=[0,128,854,256]/false drawFbo=16 readFbo=16 drawBuffer=36064 readBuffer=36064 drawStatus=8cd5
[17:16:16] [Render thread/INFO] [SuperResolution/]: SR_DIAG AFTER_PASS:composite4 fbo=16 attachment=8ce0 texture=63 mip=0 size=854x480 internalFormat=881a
[17:16:16] [Render thread/INFO] [SuperResolution/]: SR_DIAG BEFORE_PASS:composite5 render=( 5.020E+2  2.820E+2) display=( 8.540E+2  4.800E+2) region-1=( 5.020E+2  2.820E+2) region-2=( 8.540E+2  4.800E+2) viewport=[0,0,854,480] scissor=[0,128,854,256]/false drawFbo=16 readFbo=16 drawBuffer=36064 readBuffer=36064 drawStatus=8cd5
[17:16:16] [Render thread/INFO] [SuperResolution/]: SR_DIAG BEFORE_PASS:composite5 fbo=16 attachment=8ce0 texture=63 mip=0 size=854x480 internalFormat=881a
[17:16:16] [Render thread/INFO] [SuperResolution/]: SR_DIAG AFTER_PASS:composite5 render=( 5.020E+2  2.820E+2) display=( 8.540E+2  4.800E+2) region-1=( 5.020E+2  2.820E+2) region-2=( 8.540E+2  4.800E+2) viewport=[0,0,854,480] scissor=[0,128,854,256]/false drawFbo=17 readFbo=17 drawBuffer=36064 readBuffer=36064 drawStatus=8cd5
[17:16:16] [Render thread/INFO] [SuperResolution/]: SR_DIAG AFTER_PASS:composite5 fbo=17 attachment=8ce0 texture=62 mip=0 size=854x480 internalFormat=881a
[17:16:16] [Render thread/INFO] [SuperResolution/]: SR_DIAG BEFORE_PASS:composite6 render=( 5.020E+2  2.820E+2) display=( 8.540E+2  4.800E+2) region-1=( 5.020E+2  2.820E+2) region-2=( 8.540E+2  4.800E+2) viewport=[0,0,854,480] scissor=[0,128,854,256]/false drawFbo=17 readFbo=17 drawBuffer=36064 readBuffer=36064 drawStatus=8cd5
[17:16:16] [Render thread/INFO] [SuperResolution/]: SR_DIAG BEFORE_PASS:composite6 fbo=17 attachment=8ce0 texture=62 mip=0 size=854x480 internalFormat=881a
[17:16:16] [Render thread/INFO] [SuperResolution/]: SR_DIAG AFTER_PASS:composite6 render=( 5.020E+2  2.820E+2) display=( 8.540E+2  4.800E+2) region-1=( 5.020E+2  2.820E+2) region-2=( 8.540E+2  4.800E+2) viewport=[0,0,854,480] scissor=[0,128,854,256]/false drawFbo=18 readFbo=18 drawBuffer=36064 readBuffer=36064 drawStatus=8cd5
[17:16:16] [Render thread/INFO] [SuperResolution/]: SR_DIAG AFTER_PASS:composite6 fbo=18 attachment=8ce0 texture=63 mip=0 size=854x480 internalFormat=881a
[17:16:16] [Render thread/INFO] [SuperResolution/]: SR_DIAG BEFORE_PASS:composite7 render=( 5.020E+2  2.820E+2) display=( 8.540E+2  4.800E+2) region-1=( 5.020E+2  2.820E+2) region-2=( 8.540E+2  4.800E+2) viewport=[0,0,854,480] scissor=[0,128,854,256]/false drawFbo=18 readFbo=18 drawBuffer=36064 readBuffer=36064 drawStatus=8cd5
[17:16:16] [Render thread/INFO] [SuperResolution/]: SR_DIAG BEFORE_PASS:composite7 fbo=18 attachment=8ce0 texture=63 mip=0 size=854x480 internalFormat=881a
[17:16:16] [Render thread/INFO] [SuperResolution/]: SR_DIAG BEFORE_SR render=( 5.020E+2  2.820E+2) display=( 8.540E+2  4.800E+2) region-1=( 5.020E+2  2.820E+2) region-2=( 8.540E+2  4.800E+2) viewport=[0,0,854,480] scissor=[0,128,854,256]/false drawFbo=18 readFbo=18 drawBuffer=36064 readBuffer=36064 drawStatus=8cd5
[17:16:16] [Render thread/INFO] [SuperResolution/]: SR_DIAG BEFORE_SR fbo=18 attachment=8ce0 texture=63 mip=0 size=854x480 internalFormat=881a
[17:16:16] [Render thread/INFO] [SuperResolution/]: SR_DIAG texture color id=63 size=854x480 format=RGBA16F target/type=Texture2D glInternalFormat=881a
[17:16:16] [Render thread/INFO] [SuperResolution/]: SR_DIAG texture depth id=3 size=854x480 format=DEPTH_COMPONENT target/type=Texture2D glInternalFormat=1902
[17:16:16] [Render thread/INFO] [SuperResolution/]: SR_DIAG texture motion_vectors id=83 size=854x480 format=RGBA16F target/type=Texture2D glInternalFormat=881a
[17:16:16] [Render thread/INFO] [SuperResolution/]: SR_DIAG texture SR_output id=85 size=854x480 format=RGBA16F target/type=Texture2D glInternalFormat=881a
[17:16:16] [Render thread/INFO] [SuperResolution/]: SR_DIAG texture autotex3/output_target id=63 size=854x480 format=RGBA16F target/type=Texture2D glInternalFormat=881a
[17:16:16] [Render thread/INFO] [SuperResolution/]: SR_DIAG AFTER_SR render=( 5.020E+2  2.820E+2) display=( 8.540E+2  4.800E+2) region-1=( 5.020E+2  2.820E+2) region-2=( 8.540E+2  4.800E+2) viewport=[0,0,854,480] scissor=[0,128,854,256]/false drawFbo=18 readFbo=18 drawBuffer=36064 readBuffer=36064 drawStatus=8cd5
[17:16:16] [Render thread/INFO] [SuperResolution/]: SR_DIAG AFTER_SR fbo=18 attachment=8ce0 texture=63 mip=0 size=854x480 internalFormat=881a
[17:16:16] [Render thread/INFO] [SuperResolution/]: SR_DIAG AFTER_PASS:composite7 render=( 5.020E+2  2.820E+2) display=( 8.540E+2  4.800E+2) region-1=( 5.020E+2  2.820E+2) region-2=( 8.540E+2  4.800E+2) viewport=[0,0,854,480] scissor=[0,128,854,256]/false drawFbo=19 readFbo=19 drawBuffer=36064 readBuffer=36064 drawStatus=8cd5
[17:16:16] [Render thread/INFO] [SuperResolution/]: SR_DIAG AFTER_PASS:composite7 fbo=19 attachment=8ce0 texture=62 mip=0 size=854x480 internalFormat=881a
[17:16:26] [Render thread/INFO] [SuperResolution/]: SR_DIAG BEFORE_PASS:deferred1 render=( 5.020E+2  2.820E+2) display=( 8.540E+2  4.800E+2) region-1=( 5.020E+2  2.820E+2) region-2=( 8.540E+2  4.800E+2) viewport=[0,0,854,480] scissor=[0,128,854,256]/false drawFbo=1 readFbo=1 drawBuffer=36064 readBuffer=36064 drawStatus=8cd5
[17:16:26] [Render thread/INFO] [SuperResolution/]: SR_DIAG BEFORE_PASS:deferred1 fbo=1 attachment=8ce0 texture=2 mip=0 size=854x480 internalFormat=8058
[17:16:26] [Render thread/INFO] [SuperResolution/]: SR_DIAG BEFORE_PASS:deferred1 fbo=1 attachment=8d00 texture=3 mip=0 size=854x480 internalFormat=1902
[17:16:26] [Render thread/INFO] [SuperResolution/]: SR_DIAG AFTER_PASS:deferred1 render=( 5.020E+2  2.820E+2) display=( 8.540E+2  4.800E+2) region-1=( 5.020E+2  2.820E+2) region-2=( 8.540E+2  4.800E+2) viewport=[0,0,854,480] scissor=[0,128,854,256]/false drawFbo=12 readFbo=12 drawBuffer=36064 readBuffer=36064 drawStatus=8cd5
[17:16:26] [Render thread/INFO] [SuperResolution/]: SR_DIAG AFTER_PASS:deferred1 fbo=12 attachment=8ce0 texture=51 mip=0 size=854x480 internalFormat=8c3a
[17:16:26] [Render thread/INFO] [SuperResolution/]: SR_DIAG BEFORE_PASS:composite render=( 5.020E+2  2.820E+2) display=( 8.540E+2  4.800E+2) region-1=( 5.020E+2  2.820E+2) region-2=( 8.540E+2  4.800E+2) viewport=[0,0,854,480] scissor=[0,128,854,256]/false drawFbo=1 readFbo=1 drawBuffer=36064 readBuffer=36064 drawStatus=8cd5
[17:16:26] [Render thread/INFO] [SuperResolution/]: SR_DIAG BEFORE_PASS:composite fbo=1 attachment=8ce0 texture=2 mip=0 size=854x480 internalFormat=8058
[17:16:26] [Render thread/INFO] [SuperResolution/]: SR_DIAG BEFORE_PASS:composite fbo=1 attachment=8d00 texture=3 mip=0 size=854x480 internalFormat=1902
[17:16:26] [Render thread/INFO] [SuperResolution/]: SR_DIAG AFTER_PASS:composite render=( 5.020E+2  2.820E+2) display=( 8.540E+2  4.800E+2) region-1=( 5.020E+2  2.820E+2) region-2=( 8.540E+2  4.800E+2) viewport=[0,0,427,240] scissor=[0,128,854,256]/false drawFbo=13 readFbo=13 drawBuffer=36064 readBuffer=36064 drawStatus=8cd5
[17:16:26] [Render thread/INFO] [SuperResolution/]: SR_DIAG AFTER_PASS:composite fbo=13 attachment=8ce0 texture=77 mip=0 size=427x240 internalFormat=881a
[17:16:26] [Render thread/INFO] [SuperResolution/]: SR_DIAG BEFORE_PASS:composite1 render=( 5.020E+2  2.820E+2) display=( 8.540E+2  4.800E+2) region-1=( 5.020E+2  2.820E+2) region-2=( 8.540E+2  4.800E+2) viewport=[0,0,427,240] scissor=[0,128,854,256]/false drawFbo=13 readFbo=13 drawBuffer=36064 readBuffer=36064 drawStatus=8cd5
[17:16:26] [Render thread/INFO] [SuperResolution/]: SR_DIAG BEFORE_PASS:composite1 fbo=13 attachment=8ce0 texture=77 mip=0 size=427x240 internalFormat=881a
[17:16:26] [Render thread/INFO] [SuperResolution/]: SR_DIAG AFTER_PASS:composite1 render=( 5.020E+2  2.820E+2) display=( 8.540E+2  4.800E+2) region-1=( 5.020E+2  2.820E+2) region-2=( 8.540E+2  4.800E+2) viewport=[0,0,854,480] scissor=[0,128,854,256]/false drawFbo=14 readFbo=14 drawBuffer=36064 readBuffer=36064 drawStatus=8cd5
[17:16:26] [Render thread/INFO] [SuperResolution/]: SR_DIAG AFTER_PASS:composite1 fbo=14 attachment=8ce0 texture=50 mip=0 size=854x480 internalFormat=8c3a
[17:16:26] [Render thread/INFO] [SuperResolution/]: SR_DIAG BEFORE_PASS:composite3 render=( 5.020E+2  2.820E+2) display=( 8.540E+2  4.800E+2) region-1=( 5.020E+2  2.820E+2) region-2=( 8.540E+2  4.800E+2) viewport=[0,0,854,480] scissor=[0,128,854,256]/false drawFbo=14 readFbo=14 drawBuffer=36064 readBuffer=36064 drawStatus=8cd5
[17:16:26] [Render thread/INFO] [SuperResolution/]: SR_DIAG BEFORE_PASS:composite3 fbo=14 attachment=8ce0 texture=50 mip=0 size=854x480 internalFormat=8c3a
[17:16:26] [Render thread/INFO] [SuperResolution/]: SR_DIAG AFTER_PASS:composite3 render=( 5.020E+2  2.820E+2) display=( 8.540E+2  4.800E+2) region-1=( 5.020E+2  2.820E+2) region-2=( 8.540E+2  4.800E+2) viewport=[0,0,854,480] scissor=[0,128,854,256]/false drawFbo=15 readFbo=15 drawBuffer=36064 readBuffer=36064 drawStatus=8cd5
[17:16:26] [Render thread/INFO] [SuperResolution/]: SR_DIAG AFTER_PASS:composite3 fbo=15 attachment=8ce0 texture=51 mip=0 size=854x480 internalFormat=8c3a
[17:16:26] [Render thread/INFO] [SuperResolution/]: SR_DIAG BEFORE_PASS:composite4 render=( 5.020E+2  2.820E+2) display=( 8.540E+2  4.800E+2) region-1=( 5.020E+2  2.820E+2) region-2=( 8.540E+2  4.800E+2) viewport=[0,0,854,480] scissor=[0,128,854,256]/false drawFbo=15 readFbo=15 drawBuffer=36064 readBuffer=36064 drawStatus=8cd5
[17:16:26] [Render thread/INFO] [SuperResolution/]: SR_DIAG BEFORE_PASS:composite4 fbo=15 attachment=8ce0 texture=51 mip=0 size=854x480 internalFormat=8c3a
[17:16:26] [Render thread/INFO] [SuperResolution/]: SR_DIAG AFTER_PASS:composite4 render=( 5.020E+2  2.820E+2) display=( 8.540E+2  4.800E+2) region-1=( 5.020E+2  2.820E+2) region-2=( 8.540E+2  4.800E+2) viewport=[0,0,854,480] scissor=[0,128,854,256]/false drawFbo=16 readFbo=16 drawBuffer=36064 readBuffer=36064 drawStatus=8cd5
[17:16:26] [Render thread/INFO] [SuperResolution/]: SR_DIAG AFTER_PASS:composite4 fbo=16 attachment=8ce0 texture=63 mip=0 size=854x480 internalFormat=881a
[17:16:26] [Render thread/INFO] [SuperResolution/]: SR_DIAG BEFORE_PASS:composite5 render=( 5.020E+2  2.820E+2) display=( 8.540E+2  4.800E+2) region-1=( 5.020E+2  2.820E+2) region-2=( 8.540E+2  4.800E+2) viewport=[0,0,854,480] scissor=[0,128,854,256]/false drawFbo=16 readFbo=16 drawBuffer=36064 readBuffer=36064 drawStatus=8cd5
[17:16:26] [Render thread/INFO] [SuperResolution/]: SR_DIAG BEFORE_PASS:composite5 fbo=16 attachment=8ce0 texture=63 mip=0 size=854x480 internalFormat=881a
[17:16:26] [Render thread/INFO] [SuperResolution/]: SR_DIAG AFTER_PASS:composite5 render=( 5.020E+2  2.820E+2) display=( 8.540E+2  4.800E+2) region-1=( 5.020E+2  2.820E+2) region-2=( 8.540E+2  4.800E+2) viewport=[0,0,854,480] scissor=[0,128,854,256]/false drawFbo=17 readFbo=17 drawBuffer=36064 readBuffer=36064 drawStatus=8cd5
[17:16:26] [Render thread/INFO] [SuperResolution/]: SR_DIAG AFTER_PASS:composite5 fbo=17 attachment=8ce0 texture=62 mip=0 size=854x480 internalFormat=881a
[17:16:26] [Render thread/INFO] [SuperResolution/]: SR_DIAG BEFORE_PASS:composite6 render=( 5.020E+2  2.820E+2) display=( 8.540E+2  4.800E+2) region-1=( 5.020E+2  2.820E+2) region-2=( 8.540E+2  4.800E+2) viewport=[0,0,854,480] scissor=[0,128,854,256]/false drawFbo=17 readFbo=17 drawBuffer=36064 readBuffer=36064 drawStatus=8cd5
[17:16:26] [Render thread/INFO] [SuperResolution/]: SR_DIAG BEFORE_PASS:composite6 fbo=17 attachment=8ce0 texture=62 mip=0 size=854x480 internalFormat=881a
[17:16:26] [Render thread/INFO] [SuperResolution/]: SR_DIAG AFTER_PASS:composite6 render=( 5.020E+2  2.820E+2) display=( 8.540E+2  4.800E+2) region-1=( 5.020E+2  2.820E+2) region-2=( 8.540E+2  4.800E+2) viewport=[0,0,854,480] scissor=[0,128,854,256]/false drawFbo=18 readFbo=18 drawBuffer=36064 readBuffer=36064 drawStatus=8cd5
[17:16:26] [Render thread/INFO] [SuperResolution/]: SR_DIAG AFTER_PASS:composite6 fbo=18 attachment=8ce0 texture=63 mip=0 size=854x480 internalFormat=881a
[17:16:26] [Render thread/INFO] [SuperResolution/]: SR_DIAG BEFORE_PASS:composite7 render=( 5.020E+2  2.820E+2) display=( 8.540E+2  4.800E+2) region-1=( 5.020E+2  2.820E+2) region-2=( 8.540E+2  4.800E+2) viewport=[0,0,854,480] scissor=[0,128,854,256]/false drawFbo=18 readFbo=18 drawBuffer=36064 readBuffer=36064 drawStatus=8cd5
[17:16:26] [Render thread/INFO] [SuperResolution/]: SR_DIAG BEFORE_PASS:composite7 fbo=18 attachment=8ce0 texture=63 mip=0 size=854x480 internalFormat=881a
[17:16:26] [Render thread/INFO] [SuperResolution/]: SR_DIAG BEFORE_SR render=( 5.020E+2  2.820E+2) display=( 8.540E+2  4.800E+2) region-1=( 5.020E+2  2.820E+2) region-2=( 8.540E+2  4.800E+2) viewport=[0,0,854,480] scissor=[0,128,854,256]/false drawFbo=18 readFbo=18 drawBuffer=36064 readBuffer=36064 drawStatus=8cd5
[17:16:26] [Render thread/INFO] [SuperResolution/]: SR_DIAG BEFORE_SR fbo=18 attachment=8ce0 texture=63 mip=0 size=854x480 internalFormat=881a
[17:16:26] [Render thread/INFO] [SuperResolution/]: SR_DIAG texture color id=63 size=854x480 format=RGBA16F target/type=Texture2D glInternalFormat=881a
[17:16:26] [Render thread/INFO] [SuperResolution/]: SR_DIAG texture depth id=3 size=854x480 format=DEPTH_COMPONENT target/type=Texture2D glInternalFormat=1902
[17:16:26] [Render thread/INFO] [SuperResolution/]: SR_DIAG texture motion_vectors id=83 size=854x480 format=RGBA16F target/type=Texture2D glInternalFormat=881a
[17:16:26] [Render thread/INFO] [SuperResolution/]: SR_DIAG texture SR_output id=85 size=854x480 format=RGBA16F target/type=Texture2D glInternalFormat=881a
[17:16:26] [Render thread/INFO] [SuperResolution/]: SR_DIAG texture autotex3/output_target id=63 size=854x480 format=RGBA16F target/type=Texture2D glInternalFormat=881a
[17:16:26] [Render thread/INFO] [SuperResolution/]: SR_DIAG AFTER_SR render=( 5.020E+2  2.820E+2) display=( 8.540E+2  4.800E+2) region-1=( 5.020E+2  2.820E+2) region-2=( 8.540E+2  4.800E+2) viewport=[0,0,854,480] scissor=[0,128,854,256]/false drawFbo=18 readFbo=18 drawBuffer=36064 readBuffer=36064 drawStatus=8cd5
[17:16:26] [Render thread/INFO] [SuperResolution/]: SR_DIAG AFTER_SR fbo=18 attachment=8ce0 texture=63 mip=0 size=854x480 internalFormat=881a
[17:16:26] [Render thread/INFO] [SuperResolution/]: SR_DIAG AFTER_PASS:composite7 render=( 5.020E+2  2.820E+2) display=( 8.540E+2  4.800E+2) region-1=( 5.020E+2  2.820E+2) region-2=( 8.540E+2  4.800E+2) viewport=[0,0,854,480] scissor=[0,128,854,256]/false drawFbo=19 readFbo=19 drawBuffer=36064 readBuffer=36064 drawStatus=8cd5
[17:16:26] [Render thread/INFO] [SuperResolution/]: SR_DIAG AFTER_PASS:composite7 fbo=19 attachment=8ce0 texture=62 mip=0 size=854x480 internalFormat=881a
[17:16:36] [Render thread/INFO] [SuperResolution/]: SR_DIAG BEFORE_PASS:deferred1 render=( 5.020E+2  2.820E+2) display=( 8.540E+2  4.800E+2) region-1=( 5.020E+2  2.820E+2) region-2=( 8.540E+2  4.800E+2) viewport=[0,0,854,480] scissor=[0,128,854,256]/false drawFbo=1 readFbo=1 drawBuffer=36064 readBuffer=36064 drawStatus=8cd5
[17:16:36] [Render thread/INFO] [SuperResolution/]: SR_DIAG BEFORE_PASS:deferred1 fbo=1 attachment=8ce0 texture=2 mip=0 size=854x480 internalFormat=8058
[17:16:36] [Render thread/INFO] [SuperResolution/]: SR_DIAG BEFORE_PASS:deferred1 fbo=1 attachment=8d00 texture=3 mip=0 size=854x480 internalFormat=1902
[17:16:36] [Render thread/INFO] [SuperResolution/]: SR_DIAG AFTER_PASS:deferred1 render=( 5.020E+2  2.820E+2) display=( 8.540E+2  4.800E+2) region-1=( 5.020E+2  2.820E+2) region-2=( 8.540E+2  4.800E+2) viewport=[0,0,854,480] scissor=[0,128,854,256]/false drawFbo=12 readFbo=12 drawBuffer=36064 readBuffer=36064 drawStatus=8cd5
[17:16:36] [Render thread/INFO] [SuperResolution/]: SR_DIAG AFTER_PASS:deferred1 fbo=12 attachment=8ce0 texture=51 mip=0 size=854x480 internalFormat=8c3a
[17:16:36] [Render thread/INFO] [SuperResolution/]: SR_DIAG BEFORE_PASS:composite render=( 5.020E+2  2.820E+2) display=( 8.540E+2  4.800E+2) region-1=( 5.020E+2  2.820E+2) region-2=( 8.540E+2  4.800E+2) viewport=[0,0,854,480] scissor=[0,128,854,256]/false drawFbo=1 readFbo=1 drawBuffer=36064 readBuffer=36064 drawStatus=8cd5
[17:16:36] [Render thread/INFO] [SuperResolution/]: SR_DIAG BEFORE_PASS:composite fbo=1 attachment=8ce0 texture=2 mip=0 size=854x480 internalFormat=8058
[17:16:36] [Render thread/INFO] [SuperResolution/]: SR_DIAG BEFORE_PASS:composite fbo=1 attachment=8d00 texture=3 mip=0 size=854x480 internalFormat=1902
[17:16:36] [Render thread/INFO] [SuperResolution/]: SR_DIAG AFTER_PASS:composite render=( 5.020E+2  2.820E+2) display=( 8.540E+2  4.800E+2) region-1=( 5.020E+2  2.820E+2) region-2=( 8.540E+2  4.800E+2) viewport=[0,0,427,240] scissor=[0,128,854,256]/false drawFbo=13 readFbo=13 drawBuffer=36064 readBuffer=36064 drawStatus=8cd5
[17:16:36] [Render thread/INFO] [SuperResolution/]: SR_DIAG AFTER_PASS:composite fbo=13 attachment=8ce0 texture=77 mip=0 size=427x240 internalFormat=881a
[17:16:36] [Render thread/INFO] [SuperResolution/]: SR_DIAG BEFORE_PASS:composite1 render=( 5.020E+2  2.820E+2) display=( 8.540E+2  4.800E+2) region-1=( 5.020E+2  2.820E+2) region-2=( 8.540E+2  4.800E+2) viewport=[0,0,427,240] scissor=[0,128,854,256]/false drawFbo=13 readFbo=13 drawBuffer=36064 readBuffer=36064 drawStatus=8cd5
[17:16:36] [Render thread/INFO] [SuperResolution/]: SR_DIAG BEFORE_PASS:composite1 fbo=13 attachment=8ce0 texture=77 mip=0 size=427x240 internalFormat=881a
[17:16:36] [Render thread/INFO] [SuperResolution/]: SR_DIAG AFTER_PASS:composite1 render=( 5.020E+2  2.820E+2) display=( 8.540E+2  4.800E+2) region-1=( 5.020E+2  2.820E+2) region-2=( 8.540E+2  4.800E+2) viewport=[0,0,854,480] scissor=[0,128,854,256]/false drawFbo=14 readFbo=14 drawBuffer=36064 readBuffer=36064 drawStatus=8cd5
[17:16:36] [Render thread/INFO] [SuperResolution/]: SR_DIAG AFTER_PASS:composite1 fbo=14 attachment=8ce0 texture=50 mip=0 size=854x480 internalFormat=8c3a
[17:16:36] [Render thread/INFO] [SuperResolution/]: SR_DIAG BEFORE_PASS:composite3 render=( 5.020E+2  2.820E+2) display=( 8.540E+2  4.800E+2) region-1=( 5.020E+2  2.820E+2) region-2=( 8.540E+2  4.800E+2) viewport=[0,0,854,480] scissor=[0,128,854,256]/false drawFbo=14 readFbo=14 drawBuffer=36064 readBuffer=36064 drawStatus=8cd5
[17:16:36] [Render thread/INFO] [SuperResolution/]: SR_DIAG BEFORE_PASS:composite3 fbo=14 attachment=8ce0 texture=50 mip=0 size=854x480 internalFormat=8c3a
[17:16:36] [Render thread/INFO] [SuperResolution/]: SR_DIAG AFTER_PASS:composite3 render=( 5.020E+2  2.820E+2) display=( 8.540E+2  4.800E+2) region-1=( 5.020E+2  2.820E+2) region-2=( 8.540E+2  4.800E+2) viewport=[0,0,854,480] scissor=[0,128,854,256]/false drawFbo=15 readFbo=15 drawBuffer=36064 readBuffer=36064 drawStatus=8cd5
[17:16:36] [Render thread/INFO] [SuperResolution/]: SR_DIAG AFTER_PASS:composite3 fbo=15 attachment=8ce0 texture=51 mip=0 size=854x480 internalFormat=8c3a
[17:16:36] [Render thread/INFO] [SuperResolution/]: SR_DIAG BEFORE_PASS:composite4 render=( 5.020E+2  2.820E+2) display=( 8.540E+2  4.800E+2) region-1=( 5.020E+2  2.820E+2) region-2=( 8.540E+2  4.800E+2) viewport=[0,0,854,480] scissor=[0,128,854,256]/false drawFbo=15 readFbo=15 drawBuffer=36064 readBuffer=36064 drawStatus=8cd5
[17:16:36] [Render thread/INFO] [SuperResolution/]: SR_DIAG BEFORE_PASS:composite4 fbo=15 attachment=8ce0 texture=51 mip=0 size=854x480 internalFormat=8c3a
[17:16:36] [Render thread/INFO] [SuperResolution/]: SR_DIAG AFTER_PASS:composite4 render=( 5.020E+2  2.820E+2) display=( 8.540E+2  4.800E+2) region-1=( 5.020E+2  2.820E+2) region-2=( 8.540E+2  4.800E+2) viewport=[0,0,854,480] scissor=[0,128,854,256]/false drawFbo=16 readFbo=16 drawBuffer=36064 readBuffer=36064 drawStatus=8cd5
[17:16:36] [Render thread/INFO] [SuperResolution/]: SR_DIAG AFTER_PASS:composite4 fbo=16 attachment=8ce0 texture=63 mip=0 size=854x480 internalFormat=881a
[17:16:36] [Render thread/INFO] [SuperResolution/]: SR_DIAG BEFORE_PASS:composite5 render=( 5.020E+2  2.820E+2) display=( 8.540E+2  4.800E+2) region-1=( 5.020E+2  2.820E+2) region-2=( 8.540E+2  4.800E+2) viewport=[0,0,854,480] scissor=[0,128,854,256]/false drawFbo=16 readFbo=16 drawBuffer=36064 readBuffer=36064 drawStatus=8cd5
[17:16:36] [Render thread/INFO] [SuperResolution/]: SR_DIAG BEFORE_PASS:composite5 fbo=16 attachment=8ce0 texture=63 mip=0 size=854x480 internalFormat=881a
[17:16:36] [Render thread/INFO] [SuperResolution/]: SR_DIAG AFTER_PASS:composite5 render=( 5.020E+2  2.820E+2) display=( 8.540E+2  4.800E+2) region-1=( 5.020E+2  2.820E+2) region-2=( 8.540E+2  4.800E+2) viewport=[0,0,854,480] scissor=[0,128,854,256]/false drawFbo=17 readFbo=17 drawBuffer=36064 readBuffer=36064 drawStatus=8cd5
[17:16:36] [Render thread/INFO] [SuperResolution/]: SR_DIAG AFTER_PASS:composite5 fbo=17 attachment=8ce0 texture=62 mip=0 size=854x480 internalFormat=881a
[17:16:36] [Render thread/INFO] [SuperResolution/]: SR_DIAG BEFORE_PASS:composite6 render=( 5.020E+2  2.820E+2) display=( 8.540E+2  4.800E+2) region-1=( 5.020E+2  2.820E+2) region-2=( 8.540E+2  4.800E+2) viewport=[0,0,854,480] scissor=[0,128,854,256]/false drawFbo=17 readFbo=17 drawBuffer=36064 readBuffer=36064 drawStatus=8cd5
[17:16:36] [Render thread/INFO] [SuperResolution/]: SR_DIAG BEFORE_PASS:composite6 fbo=17 attachment=8ce0 texture=62 mip=0 size=854x480 internalFormat=881a
[17:16:36] [Render thread/INFO] [SuperResolution/]: SR_DIAG AFTER_PASS:composite6 render=( 5.020E+2  2.820E+2) display=( 8.540E+2  4.800E+2) region-1=( 5.020E+2  2.820E+2) region-2=( 8.540E+2  4.800E+2) viewport=[0,0,854,480] scissor=[0,128,854,256]/false drawFbo=18 readFbo=18 drawBuffer=36064 readBuffer=36064 drawStatus=8cd5
[17:16:36] [Render thread/INFO] [SuperResolution/]: SR_DIAG AFTER_PASS:composite6 fbo=18 attachment=8ce0 texture=63 mip=0 size=854x480 internalFormat=881a
[17:16:36] [Render thread/INFO] [SuperResolution/]: SR_DIAG BEFORE_PASS:composite7 render=( 5.020E+2  2.820E+2) display=( 8.540E+2  4.800E+2) region-1=( 5.020E+2  2.820E+2) region-2=( 8.540E+2  4.800E+2) viewport=[0,0,854,480] scissor=[0,128,854,256]/false drawFbo=18 readFbo=18 drawBuffer=36064 readBuffer=36064 drawStatus=8cd5
[17:16:36] [Render thread/INFO] [SuperResolution/]: SR_DIAG BEFORE_PASS:composite7 fbo=18 attachment=8ce0 texture=63 mip=0 size=854x480 internalFormat=881a
[17:16:36] [Render thread/INFO] [SuperResolution/]: SR_DIAG BEFORE_SR render=( 5.020E+2  2.820E+2) display=( 8.540E+2  4.800E+2) region-1=( 5.020E+2  2.820E+2) region-2=( 8.540E+2  4.800E+2) viewport=[0,0,854,480] scissor=[0,128,854,256]/false drawFbo=18 readFbo=18 drawBuffer=36064 readBuffer=36064 drawStatus=8cd5
[17:16:36] [Render thread/INFO] [SuperResolution/]: SR_DIAG BEFORE_SR fbo=18 attachment=8ce0 texture=63 mip=0 size=854x480 internalFormat=881a
[17:16:36] [Render thread/INFO] [SuperResolution/]: SR_DIAG texture color id=63 size=854x480 format=RGBA16F target/type=Texture2D glInternalFormat=881a
[17:16:36] [Render thread/INFO] [SuperResolution/]: SR_DIAG texture depth id=3 size=854x480 format=DEPTH_COMPONENT target/type=Texture2D glInternalFormat=1902
[17:16:36] [Render thread/INFO] [SuperResolution/]: SR_DIAG texture motion_vectors id=83 size=854x480 format=RGBA16F target/type=Texture2D glInternalFormat=881a
[17:16:36] [Render thread/INFO] [SuperResolution/]: SR_DIAG texture SR_output id=85 size=854x480 format=RGBA16F target/type=Texture2D glInternalFormat=881a
[17:16:36] [Render thread/INFO] [SuperResolution/]: SR_DIAG texture autotex3/output_target id=63 size=854x480 format=RGBA16F target/type=Texture2D glInternalFormat=881a
[17:16:36] [Render thread/INFO] [SuperResolution/]: SR_DIAG AFTER_SR render=( 5.020E+2  2.820E+2) display=( 8.540E+2  4.800E+2) region-1=( 5.020E+2  2.820E+2) region-2=( 8.540E+2  4.800E+2) viewport=[0,0,854,480] scissor=[0,128,854,256]/false drawFbo=18 readFbo=18 drawBuffer=36064 readBuffer=36064 drawStatus=8cd5
[17:16:36] [Render thread/INFO] [SuperResolution/]: SR_DIAG AFTER_SR fbo=18 attachment=8ce0 texture=63 mip=0 size=854x480 internalFormat=881a
[17:16:36] [Render thread/INFO] [SuperResolution/]: SR_DIAG AFTER_PASS:composite7 render=( 5.020E+2  2.820E+2) display=( 8.540E+2  4.800E+2) region-1=( 5.020E+2  2.820E+2) region-2=( 8.540E+2  4.800E+2) viewport=[0,0,854,480] scissor=[0,128,854,256]/false drawFbo=19 readFbo=19 drawBuffer=36064 readBuffer=36064 drawStatus=8cd5
[17:16:36] [Render thread/INFO] [SuperResolution/]: SR_DIAG AFTER_PASS:composite7 fbo=19 attachment=8ce0 texture=62 mip=0 size=854x480 internalFormat=881a
[17:16:46] [Render thread/INFO] [SuperResolution/]: SR_DIAG BEFORE_PASS:deferred1 render=( 5.020E+2  2.820E+2) display=( 8.540E+2  4.800E+2) region-1=( 5.020E+2  2.820E+2) region-2=( 8.540E+2  4.800E+2) viewport=[0,0,854,480] scissor=[0,128,854,256]/false drawFbo=1 readFbo=1 drawBuffer=36064 readBuffer=36064 drawStatus=8cd5
[17:16:46] [Render thread/INFO] [SuperResolution/]: SR_DIAG BEFORE_PASS:deferred1 fbo=1 attachment=8ce0 texture=2 mip=0 size=854x480 internalFormat=8058
[17:16:46] [Render thread/INFO] [SuperResolution/]: SR_DIAG BEFORE_PASS:deferred1 fbo=1 attachment=8d00 texture=3 mip=0 size=854x480 internalFormat=1902
[17:16:46] [Render thread/INFO] [SuperResolution/]: SR_DIAG AFTER_PASS:deferred1 render=( 5.020E+2  2.820E+2) display=( 8.540E+2  4.800E+2) region-1=( 5.020E+2  2.820E+2) region-2=( 8.540E+2  4.800E+2) viewport=[0,0,854,480] scissor=[0,128,854,256]/false drawFbo=12 readFbo=12 drawBuffer=36064 readBuffer=36064 drawStatus=8cd5
[17:16:46] [Render thread/INFO] [SuperResolution/]: SR_DIAG AFTER_PASS:deferred1 fbo=12 attachment=8ce0 texture=51 mip=0 size=854x480 internalFormat=8c3a
[17:16:46] [Render thread/INFO] [SuperResolution/]: SR_DIAG BEFORE_PASS:composite render=( 5.020E+2  2.820E+2) display=( 8.540E+2  4.800E+2) region-1=( 5.020E+2  2.820E+2) region-2=( 8.540E+2  4.800E+2) viewport=[0,0,854,480] scissor=[0,128,854,256]/false drawFbo=1 readFbo=1 drawBuffer=36064 readBuffer=36064 drawStatus=8cd5
[17:16:46] [Render thread/INFO] [SuperResolution/]: SR_DIAG BEFORE_PASS:composite fbo=1 attachment=8ce0 texture=2 mip=0 size=854x480 internalFormat=8058
[17:16:46] [Render thread/INFO] [SuperResolution/]: SR_DIAG BEFORE_PASS:composite fbo=1 attachment=8d00 texture=3 mip=0 size=854x480 internalFormat=1902
[17:16:46] [Render thread/INFO] [SuperResolution/]: SR_DIAG AFTER_PASS:composite render=( 5.020E+2  2.820E+2) display=( 8.540E+2  4.800E+2) region-1=( 5.020E+2  2.820E+2) region-2=( 8.540E+2  4.800E+2) viewport=[0,0,427,240] scissor=[0,128,854,256]/false drawFbo=13 readFbo=13 drawBuffer=36064 readBuffer=36064 drawStatus=8cd5
[17:16:46] [Render thread/INFO] [SuperResolution/]: SR_DIAG AFTER_PASS:composite fbo=13 attachment=8ce0 texture=77 mip=0 size=427x240 internalFormat=881a
[17:16:46] [Render thread/INFO] [SuperResolution/]: SR_DIAG BEFORE_PASS:composite1 render=( 5.020E+2  2.820E+2) display=( 8.540E+2  4.800E+2) region-1=( 5.020E+2  2.820E+2) region-2=( 8.540E+2  4.800E+2) viewport=[0,0,427,240] scissor=[0,128,854,256]/false drawFbo=13 readFbo=13 drawBuffer=36064 readBuffer=36064 drawStatus=8cd5
[17:16:46] [Render thread/INFO] [SuperResolution/]: SR_DIAG BEFORE_PASS:composite1 fbo=13 attachment=8ce0 texture=77 mip=0 size=427x240 internalFormat=881a
[17:16:46] [Render thread/INFO] [SuperResolution/]: SR_DIAG AFTER_PASS:composite1 render=( 5.020E+2  2.820E+2) display=( 8.540E+2  4.800E+2) region-1=( 5.020E+2  2.820E+2) region-2=( 8.540E+2  4.800E+2) viewport=[0,0,854,480] scissor=[0,128,854,256]/false drawFbo=14 readFbo=14 drawBuffer=36064 readBuffer=36064 drawStatus=8cd5
[17:16:46] [Render thread/INFO] [SuperResolution/]: SR_DIAG AFTER_PASS:composite1 fbo=14 attachment=8ce0 texture=50 mip=0 size=854x480 internalFormat=8c3a
[17:16:46] [Render thread/INFO] [SuperResolution/]: SR_DIAG BEFORE_PASS:composite3 render=( 5.020E+2  2.820E+2) display=( 8.540E+2  4.800E+2) region-1=( 5.020E+2  2.820E+2) region-2=( 8.540E+2  4.800E+2) viewport=[0,0,854,480] scissor=[0,128,854,256]/false drawFbo=14 readFbo=14 drawBuffer=36064 readBuffer=36064 drawStatus=8cd5
[17:16:46] [Render thread/INFO] [SuperResolution/]: SR_DIAG BEFORE_PASS:composite3 fbo=14 attachment=8ce0 texture=50 mip=0 size=854x480 internalFormat=8c3a
[17:16:46] [Render thread/INFO] [SuperResolution/]: SR_DIAG AFTER_PASS:composite3 render=( 5.020E+2  2.820E+2) display=( 8.540E+2  4.800E+2) region-1=( 5.020E+2  2.820E+2) region-2=( 8.540E+2  4.800E+2) viewport=[0,0,854,480] scissor=[0,128,854,256]/false drawFbo=15 readFbo=15 drawBuffer=36064 readBuffer=36064 drawStatus=8cd5
[17:16:46] [Render thread/INFO] [SuperResolution/]: SR_DIAG AFTER_PASS:composite3 fbo=15 attachment=8ce0 texture=51 mip=0 size=854x480 internalFormat=8c3a
[17:16:46] [Render thread/INFO] [SuperResolution/]: SR_DIAG BEFORE_PASS:composite4 render=( 5.020E+2  2.820E+2) display=( 8.540E+2  4.800E+2) region-1=( 5.020E+2  2.820E+2) region-2=( 8.540E+2  4.800E+2) viewport=[0,0,854,480] scissor=[0,128,854,256]/false drawFbo=15 readFbo=15 drawBuffer=36064 readBuffer=36064 drawStatus=8cd5
[17:16:46] [Render thread/INFO] [SuperResolution/]: SR_DIAG BEFORE_PASS:composite4 fbo=15 attachment=8ce0 texture=51 mip=0 size=854x480 internalFormat=8c3a
[17:16:46] [Render thread/INFO] [SuperResolution/]: SR_DIAG AFTER_PASS:composite4 render=( 5.020E+2  2.820E+2) display=( 8.540E+2  4.800E+2) region-1=( 5.020E+2  2.820E+2) region-2=( 8.540E+2  4.800E+2) viewport=[0,0,854,480] scissor=[0,128,854,256]/false drawFbo=16 readFbo=16 drawBuffer=36064 readBuffer=36064 drawStatus=8cd5
[17:16:46] [Render thread/INFO] [SuperResolution/]: SR_DIAG AFTER_PASS:composite4 fbo=16 attachment=8ce0 texture=63 mip=0 size=854x480 internalFormat=881a
[17:16:46] [Render thread/INFO] [SuperResolution/]: SR_DIAG BEFORE_PASS:composite5 render=( 5.020E+2  2.820E+2) display=( 8.540E+2  4.800E+2) region-1=( 5.020E+2  2.820E+2) region-2=( 8.540E+2  4.800E+2) viewport=[0,0,854,480] scissor=[0,128,854,256]/false drawFbo=16 readFbo=16 drawBuffer=36064 readBuffer=36064 drawStatus=8cd5
[17:16:46] [Render thread/INFO] [SuperResolution/]: SR_DIAG BEFORE_PASS:composite5 fbo=16 attachment=8ce0 texture=63 mip=0 size=854x480 internalFormat=881a
[17:16:46] [Render thread/INFO] [SuperResolution/]: SR_DIAG AFTER_PASS:composite5 render=( 5.020E+2  2.820E+2) display=( 8.540E+2  4.800E+2) region-1=( 5.020E+2  2.820E+2) region-2=( 8.540E+2  4.800E+2) viewport=[0,0,854,480] scissor=[0,128,854,256]/false drawFbo=17 readFbo=17 drawBuffer=36064 readBuffer=36064 drawStatus=8cd5
[17:16:46] [Render thread/INFO] [SuperResolution/]: SR_DIAG AFTER_PASS:composite5 fbo=17 attachment=8ce0 texture=62 mip=0 size=854x480 internalFormat=881a
[17:16:46] [Render thread/INFO] [SuperResolution/]: SR_DIAG BEFORE_PASS:composite6 render=( 5.020E+2  2.820E+2) display=( 8.540E+2  4.800E+2) region-1=( 5.020E+2  2.820E+2) region-2=( 8.540E+2  4.800E+2) viewport=[0,0,854,480] scissor=[0,128,854,256]/false drawFbo=17 readFbo=17 drawBuffer=36064 readBuffer=36064 drawStatus=8cd5
[17:16:46] [Render thread/INFO] [SuperResolution/]: SR_DIAG BEFORE_PASS:composite6 fbo=17 attachment=8ce0 texture=62 mip=0 size=854x480 internalFormat=881a
[17:16:46] [Render thread/INFO] [SuperResolution/]: SR_DIAG AFTER_PASS:composite6 render=( 5.020E+2  2.820E+2) display=( 8.540E+2  4.800E+2) region-1=( 5.020E+2  2.820E+2) region-2=( 8.540E+2  4.800E+2) viewport=[0,0,854,480] scissor=[0,128,854,256]/false drawFbo=18 readFbo=18 drawBuffer=36064 readBuffer=36064 drawStatus=8cd5
[17:16:46] [Render thread/INFO] [SuperResolution/]: SR_DIAG AFTER_PASS:composite6 fbo=18 attachment=8ce0 texture=63 mip=0 size=854x480 internalFormat=881a
[17:16:46] [Render thread/INFO] [SuperResolution/]: SR_DIAG BEFORE_PASS:composite7 render=( 5.020E+2  2.820E+2) display=( 8.540E+2  4.800E+2) region-1=( 5.020E+2  2.820E+2) region-2=( 8.540E+2  4.800E+2) viewport=[0,0,854,480] scissor=[0,128,854,256]/false drawFbo=18 readFbo=18 drawBuffer=36064 readBuffer=36064 drawStatus=8cd5
[17:16:46] [Render thread/INFO] [SuperResolution/]: SR_DIAG BEFORE_PASS:composite7 fbo=18 attachment=8ce0 texture=63 mip=0 size=854x480 internalFormat=881a
[17:16:46] [Render thread/INFO] [SuperResolution/]: SR_DIAG BEFORE_SR render=( 5.020E+2  2.820E+2) display=( 8.540E+2  4.800E+2) region-1=( 5.020E+2  2.820E+2) region-2=( 8.540E+2  4.800E+2) viewport=[0,0,854,480] scissor=[0,128,854,256]/false drawFbo=18 readFbo=18 drawBuffer=36064 readBuffer=36064 drawStatus=8cd5
[17:16:46] [Render thread/INFO] [SuperResolution/]: SR_DIAG BEFORE_SR fbo=18 attachment=8ce0 texture=63 mip=0 size=854x480 internalFormat=881a
[17:16:46] [Render thread/INFO] [SuperResolution/]: SR_DIAG texture color id=63 size=854x480 format=RGBA16F target/type=Texture2D glInternalFormat=881a
[17:16:46] [Render thread/INFO] [SuperResolution/]: SR_DIAG texture depth id=3 size=854x480 format=DEPTH_COMPONENT target/type=Texture2D glInternalFormat=1902
[17:16:46] [Render thread/INFO] [SuperResolution/]: SR_DIAG texture motion_vectors id=83 size=854x480 format=RGBA16F target/type=Texture2D glInternalFormat=881a
[17:16:46] [Render thread/INFO] [SuperResolution/]: SR_DIAG texture SR_output id=85 size=854x480 format=RGBA16F target/type=Texture2D glInternalFormat=881a
[17:16:46] [Render thread/INFO] [SuperResolution/]: SR_DIAG texture autotex3/output_target id=63 size=854x480 format=RGBA16F target/type=Texture2D glInternalFormat=881a
[17:16:46] [Render thread/INFO] [SuperResolution/]: SR_DIAG AFTER_SR render=( 5.020E+2  2.820E+2) display=( 8.540E+2  4.800E+2) region-1=( 5.020E+2  2.820E+2) region-2=( 8.540E+2  4.800E+2) viewport=[0,0,854,480] scissor=[0,128,854,256]/false drawFbo=18 readFbo=18 drawBuffer=36064 readBuffer=36064 drawStatus=8cd5
[17:16:46] [Render thread/INFO] [SuperResolution/]: SR_DIAG AFTER_SR fbo=18 attachment=8ce0 texture=63 mip=0 size=854x480 internalFormat=881a
[17:16:46] [Render thread/INFO] [SuperResolution/]: SR_DIAG AFTER_PASS:composite7 render=( 5.020E+2  2.820E+2) display=( 8.540E+2  4.800E+2) region-1=( 5.020E+2  2.820E+2) region-2=( 8.540E+2  4.800E+2) viewport=[0,0,854,480] scissor=[0,128,854,256]/false drawFbo=19 readFbo=19 drawBuffer=36064 readBuffer=36064 drawStatus=8cd5
[17:16:46] [Render thread/INFO] [SuperResolution/]: SR_DIAG AFTER_PASS:composite7 fbo=19 attachment=8ce0 texture=62 mip=0 size=854x480 internalFormat=881a
[17:16:56] [Render thread/INFO] [SuperResolution/]: SR_DIAG BEFORE_PASS:deferred1 render=( 5.020E+2  2.820E+2) display=( 8.540E+2  4.800E+2) region-1=( 5.020E+2  2.820E+2) region-2=( 8.540E+2  4.800E+2) viewport=[0,0,854,480] scissor=[0,128,854,256]/false drawFbo=1 readFbo=1 drawBuffer=36064 readBuffer=36064 drawStatus=8cd5
[17:16:56] [Render thread/INFO] [SuperResolution/]: SR_DIAG BEFORE_PASS:deferred1 fbo=1 attachment=8ce0 texture=2 mip=0 size=854x480 internalFormat=8058
[17:16:56] [Render thread/INFO] [SuperResolution/]: SR_DIAG BEFORE_PASS:deferred1 fbo=1 attachment=8d00 texture=3 mip=0 size=854x480 internalFormat=1902
[17:16:56] [Render thread/INFO] [SuperResolution/]: SR_DIAG AFTER_PASS:deferred1 render=( 5.020E+2  2.820E+2) display=( 8.540E+2  4.800E+2) region-1=( 5.020E+2  2.820E+2) region-2=( 8.540E+2  4.800E+2) viewport=[0,0,854,480] scissor=[0,128,854,256]/false drawFbo=12 readFbo=12 drawBuffer=36064 readBuffer=36064 drawStatus=8cd5
[17:16:56] [Render thread/INFO] [SuperResolution/]: SR_DIAG AFTER_PASS:deferred1 fbo=12 attachment=8ce0 texture=51 mip=0 size=854x480 internalFormat=8c3a
[17:16:56] [Render thread/INFO] [SuperResolution/]: SR_DIAG BEFORE_PASS:composite render=( 5.020E+2  2.820E+2) display=( 8.540E+2  4.800E+2) region-1=( 5.020E+2  2.820E+2) region-2=( 8.540E+2  4.800E+2) viewport=[0,0,854,480] scissor=[0,128,854,256]/false drawFbo=1 readFbo=1 drawBuffer=36064 readBuffer=36064 drawStatus=8cd5
[17:16:56] [Render thread/INFO] [SuperResolution/]: SR_DIAG BEFORE_PASS:composite fbo=1 attachment=8ce0 texture=2 mip=0 size=854x480 internalFormat=8058
[17:16:56] [Render thread/INFO] [SuperResolution/]: SR_DIAG BEFORE_PASS:composite fbo=1 attachment=8d00 texture=3 mip=0 size=854x480 internalFormat=1902
[17:16:56] [Render thread/INFO] [SuperResolution/]: SR_DIAG AFTER_PASS:composite render=( 5.020E+2  2.820E+2) display=( 8.540E+2  4.800E+2) region-1=( 5.020E+2  2.820E+2) region-2=( 8.540E+2  4.800E+2) viewport=[0,0,427,240] scissor=[0,128,854,256]/false drawFbo=13 readFbo=13 drawBuffer=36064 readBuffer=36064 drawStatus=8cd5
[17:16:56] [Render thread/INFO] [SuperResolution/]: SR_DIAG AFTER_PASS:composite fbo=13 attachment=8ce0 texture=77 mip=0 size=427x240 internalFormat=881a
[17:16:56] [Render thread/INFO] [SuperResolution/]: SR_DIAG BEFORE_PASS:composite1 render=( 5.020E+2  2.820E+2) display=( 8.540E+2  4.800E+2) region-1=( 5.020E+2  2.820E+2) region-2=( 8.540E+2  4.800E+2) viewport=[0,0,427,240] scissor=[0,128,854,256]/false drawFbo=13 readFbo=13 drawBuffer=36064 readBuffer=36064 drawStatus=8cd5
[17:16:56] [Render thread/INFO] [SuperResolution/]: SR_DIAG BEFORE_PASS:composite1 fbo=13 attachment=8ce0 texture=77 mip=0 size=427x240 internalFormat=881a
[17:16:56] [Render thread/INFO] [SuperResolution/]: SR_DIAG AFTER_PASS:composite1 render=( 5.020E+2  2.820E+2) display=( 8.540E+2  4.800E+2) region-1=( 5.020E+2  2.820E+2) region-2=( 8.540E+2  4.800E+2) viewport=[0,0,854,480] scissor=[0,128,854,256]/false drawFbo=14 readFbo=14 drawBuffer=36064 readBuffer=36064 drawStatus=8cd5
[17:16:56] [Render thread/INFO] [SuperResolution/]: SR_DIAG AFTER_PASS:composite1 fbo=14 attachment=8ce0 texture=50 mip=0 size=854x480 internalFormat=8c3a
[17:16:56] [Render thread/INFO] [SuperResolution/]: SR_DIAG BEFORE_PASS:composite3 render=( 5.020E+2  2.820E+2) display=( 8.540E+2  4.800E+2) region-1=( 5.020E+2  2.820E+2) region-2=( 8.540E+2  4.800E+2) viewport=[0,0,854,480] scissor=[0,128,854,256]/false drawFbo=14 readFbo=14 drawBuffer=36064 readBuffer=36064 drawStatus=8cd5
[17:16:56] [Render thread/INFO] [SuperResolution/]: SR_DIAG BEFORE_PASS:composite3 fbo=14 attachment=8ce0 texture=50 mip=0 size=854x480 internalFormat=8c3a
[17:16:56] [Render thread/INFO] [SuperResolution/]: SR_DIAG AFTER_PASS:composite3 render=( 5.020E+2  2.820E+2) display=( 8.540E+2  4.800E+2) region-1=( 5.020E+2  2.820E+2) region-2=( 8.540E+2  4.800E+2) viewport=[0,0,854,480] scissor=[0,128,854,256]/false drawFbo=15 readFbo=15 drawBuffer=36064 readBuffer=36064 drawStatus=8cd5
[17:16:56] [Render thread/INFO] [SuperResolution/]: SR_DIAG AFTER_PASS:composite3 fbo=15 attachment=8ce0 texture=51 mip=0 size=854x480 internalFormat=8c3a
[17:16:56] [Render thread/INFO] [SuperResolution/]: SR_DIAG BEFORE_PASS:composite4 render=( 5.020E+2  2.820E+2) display=( 8.540E+2  4.800E+2) region-1=( 5.020E+2  2.820E+2) region-2=( 8.540E+2  4.800E+2) viewport=[0,0,854,480] scissor=[0,128,854,256]/false drawFbo=15 readFbo=15 drawBuffer=36064 readBuffer=36064 drawStatus=8cd5
[17:16:56] [Render thread/INFO] [SuperResolution/]: SR_DIAG BEFORE_PASS:composite4 fbo=15 attachment=8ce0 texture=51 mip=0 size=854x480 internalFormat=8c3a
[17:16:56] [Render thread/INFO] [SuperResolution/]: SR_DIAG AFTER_PASS:composite4 render=( 5.020E+2  2.820E+2) display=( 8.540E+2  4.800E+2) region-1=( 5.020E+2  2.820E+2) region-2=( 8.540E+2  4.800E+2) viewport=[0,0,854,480] scissor=[0,128,854,256]/false drawFbo=16 readFbo=16 drawBuffer=36064 readBuffer=36064 drawStatus=8cd5
[17:16:56] [Render thread/INFO] [SuperResolution/]: SR_DIAG AFTER_PASS:composite4 fbo=16 attachment=8ce0 texture=63 mip=0 size=854x480 internalFormat=881a
[17:16:56] [Render thread/INFO] [SuperResolution/]: SR_DIAG BEFORE_PASS:composite5 render=( 5.020E+2  2.820E+2) display=( 8.540E+2  4.800E+2) region-1=( 5.020E+2  2.820E+2) region-2=( 8.540E+2  4.800E+2) viewport=[0,0,854,480] scissor=[0,128,854,256]/false drawFbo=16 readFbo=16 drawBuffer=36064 readBuffer=36064 drawStatus=8cd5
[17:16:56] [Render thread/INFO] [SuperResolution/]: SR_DIAG BEFORE_PASS:composite5 fbo=16 attachment=8ce0 texture=63 mip=0 size=854x480 internalFormat=881a
[17:16:56] [Render thread/INFO] [SuperResolution/]: SR_DIAG AFTER_PASS:composite5 render=( 5.020E+2  2.820E+2) display=( 8.540E+2  4.800E+2) region-1=( 5.020E+2  2.820E+2) region-2=( 8.540E+2  4.800E+2) viewport=[0,0,854,480] scissor=[0,128,854,256]/false drawFbo=17 readFbo=17 drawBuffer=36064 readBuffer=36064 drawStatus=8cd5
[17:16:56] [Render thread/INFO] [SuperResolution/]: SR_DIAG AFTER_PASS:composite5 fbo=17 attachment=8ce0 texture=62 mip=0 size=854x480 internalFormat=881a
[17:16:56] [Render thread/INFO] [SuperResolution/]: SR_DIAG BEFORE_PASS:composite6 render=( 5.020E+2  2.820E+2) display=( 8.540E+2  4.800E+2) region-1=( 5.020E+2  2.820E+2) region-2=( 8.540E+2  4.800E+2) viewport=[0,0,854,480] scissor=[0,128,854,256]/false drawFbo=17 readFbo=17 drawBuffer=36064 readBuffer=36064 drawStatus=8cd5
[17:16:56] [Render thread/INFO] [SuperResolution/]: SR_DIAG BEFORE_PASS:composite6 fbo=17 attachment=8ce0 texture=62 mip=0 size=854x480 internalFormat=881a
[17:16:56] [Render thread/INFO] [SuperResolution/]: SR_DIAG AFTER_PASS:composite6 render=( 5.020E+2  2.820E+2) display=( 8.540E+2  4.800E+2) region-1=( 5.020E+2  2.820E+2) region-2=( 8.540E+2  4.800E+2) viewport=[0,0,854,480] scissor=[0,128,854,256]/false drawFbo=18 readFbo=18 drawBuffer=36064 readBuffer=36064 drawStatus=8cd5
[17:16:56] [Render thread/INFO] [SuperResolution/]: SR_DIAG AFTER_PASS:composite6 fbo=18 attachment=8ce0 texture=63 mip=0 size=854x480 internalFormat=881a
[17:16:56] [Render thread/INFO] [SuperResolution/]: SR_DIAG BEFORE_PASS:composite7 render=( 5.020E+2  2.820E+2) display=( 8.540E+2  4.800E+2) region-1=( 5.020E+2  2.820E+2) region-2=( 8.540E+2  4.800E+2) viewport=[0,0,854,480] scissor=[0,128,854,256]/false drawFbo=18 readFbo=18 drawBuffer=36064 readBuffer=36064 drawStatus=8cd5
[17:16:56] [Render thread/INFO] [SuperResolution/]: SR_DIAG BEFORE_PASS:composite7 fbo=18 attachment=8ce0 texture=63 mip=0 size=854x480 internalFormat=881a
[17:16:56] [Render thread/INFO] [SuperResolution/]: SR_DIAG BEFORE_SR render=( 5.020E+2  2.820E+2) display=( 8.540E+2  4.800E+2) region-1=( 5.020E+2  2.820E+2) region-2=( 8.540E+2  4.800E+2) viewport=[0,0,854,480] scissor=[0,128,854,256]/false drawFbo=18 readFbo=18 drawBuffer=36064 readBuffer=36064 drawStatus=8cd5
[17:16:56] [Render thread/INFO] [SuperResolution/]: SR_DIAG BEFORE_SR fbo=18 attachment=8ce0 texture=63 mip=0 size=854x480 internalFormat=881a
[17:16:56] [Render thread/INFO] [SuperResolution/]: SR_DIAG texture color id=63 size=854x480 format=RGBA16F target/type=Texture2D glInternalFormat=881a
[17:16:56] [Render thread/INFO] [SuperResolution/]: SR_DIAG texture depth id=3 size=854x480 format=DEPTH_COMPONENT target/type=Texture2D glInternalFormat=1902
[17:16:56] [Render thread/INFO] [SuperResolution/]: SR_DIAG texture motion_vectors id=83 size=854x480 format=RGBA16F target/type=Texture2D glInternalFormat=881a
[17:16:56] [Render thread/INFO] [SuperResolution/]: SR_DIAG texture SR_output id=85 size=854x480 format=RGBA16F target/type=Texture2D glInternalFormat=881a
[17:16:56] [Render thread/INFO] [SuperResolution/]: SR_DIAG texture autotex3/output_target id=63 size=854x480 format=RGBA16F target/type=Texture2D glInternalFormat=881a
[17:16:56] [Render thread/INFO] [SuperResolution/]: SR_DIAG AFTER_SR render=( 5.020E+2  2.820E+2) display=( 8.540E+2  4.800E+2) region-1=( 5.020E+2  2.820E+2) region-2=( 8.540E+2  4.800E+2) viewport=[0,0,854,480] scissor=[0,128,854,256]/false drawFbo=18 readFbo=18 drawBuffer=36064 readBuffer=36064 drawStatus=8cd5
[17:16:56] [Render thread/INFO] [SuperResolution/]: SR_DIAG AFTER_SR fbo=18 attachment=8ce0 texture=63 mip=0 size=854x480 internalFormat=881a
[17:16:56] [Render thread/INFO] [SuperResolution/]: SR_DIAG AFTER_PASS:composite7 render=( 5.020E+2  2.820E+2) display=( 8.540E+2  4.800E+2) region-1=( 5.020E+2  2.820E+2) region-2=( 8.540E+2  4.800E+2) viewport=[0,0,854,480] scissor=[0,128,854,256]/false drawFbo=19 readFbo=19 drawBuffer=36064 readBuffer=36064 drawStatus=8cd5
[17:16:56] [Render thread/INFO] [SuperResolution/]: SR_DIAG AFTER_PASS:composite7 fbo=19 attachment=8ce0 texture=62 mip=0 size=854x480 internalFormat=881a
[17:17:06] [Render thread/INFO] [SuperResolution/]: SR_DIAG BEFORE_PASS:deferred1 render=( 5.020E+2  2.820E+2) display=( 8.540E+2  4.800E+2) region-1=( 5.020E+2  2.820E+2) region-2=( 8.540E+2  4.800E+2) viewport=[0,0,854,480] scissor=[0,128,854,256]/false drawFbo=1 readFbo=1 drawBuffer=36064 readBuffer=36064 drawStatus=8cd5
[17:17:06] [Render thread/INFO] [SuperResolution/]: SR_DIAG BEFORE_PASS:deferred1 fbo=1 attachment=8ce0 texture=2 mip=0 size=854x480 internalFormat=8058
[17:17:06] [Render thread/INFO] [SuperResolution/]: SR_DIAG BEFORE_PASS:deferred1 fbo=1 attachment=8d00 texture=3 mip=0 size=854x480 internalFormat=1902
[17:17:06] [Render thread/INFO] [SuperResolution/]: SR_DIAG AFTER_PASS:deferred1 render=( 5.020E+2  2.820E+2) display=( 8.540E+2  4.800E+2) region-1=( 5.020E+2  2.820E+2) region-2=( 8.540E+2  4.800E+2) viewport=[0,0,854,480] scissor=[0,128,854,256]/false drawFbo=12 readFbo=12 drawBuffer=36064 readBuffer=36064 drawStatus=8cd5
[17:17:06] [Render thread/INFO] [SuperResolution/]: SR_DIAG AFTER_PASS:deferred1 fbo=12 attachment=8ce0 texture=51 mip=0 size=854x480 internalFormat=8c3a
[17:17:06] [Render thread/INFO] [SuperResolution/]: SR_DIAG BEFORE_PASS:composite render=( 5.020E+2  2.820E+2) display=( 8.540E+2  4.800E+2) region-1=( 5.020E+2  2.820E+2) region-2=( 8.540E+2  4.800E+2) viewport=[0,0,854,480] scissor=[0,128,854,256]/false drawFbo=1 readFbo=1 drawBuffer=36064 readBuffer=36064 drawStatus=8cd5
[17:17:06] [Render thread/INFO] [SuperResolution/]: SR_DIAG BEFORE_PASS:composite fbo=1 attachment=8ce0 texture=2 mip=0 size=854x480 internalFormat=8058
[17:17:06] [Render thread/INFO] [SuperResolution/]: SR_DIAG BEFORE_PASS:composite fbo=1 attachment=8d00 texture=3 mip=0 size=854x480 internalFormat=1902
[17:17:06] [Render thread/INFO] [SuperResolution/]: SR_DIAG AFTER_PASS:composite render=( 5.020E+2  2.820E+2) display=( 8.540E+2  4.800E+2) region-1=( 5.020E+2  2.820E+2) region-2=( 8.540E+2  4.800E+2) viewport=[0,0,427,240] scissor=[0,128,854,256]/false drawFbo=13 readFbo=13 drawBuffer=36064 readBuffer=36064 drawStatus=8cd5
[17:17:06] [Render thread/INFO] [SuperResolution/]: SR_DIAG AFTER_PASS:composite fbo=13 attachment=8ce0 texture=77 mip=0 size=427x240 internalFormat=881a
[17:17:06] [Render thread/INFO] [SuperResolution/]: SR_DIAG BEFORE_PASS:composite1 render=( 5.020E+2  2.820E+2) display=( 8.540E+2  4.800E+2) region-1=( 5.020E+2  2.820E+2) region-2=( 8.540E+2  4.800E+2) viewport=[0,0,427,240] scissor=[0,128,854,256]/false drawFbo=13 readFbo=13 drawBuffer=36064 readBuffer=36064 drawStatus=8cd5
[17:17:06] [Render thread/INFO] [SuperResolution/]: SR_DIAG BEFORE_PASS:composite1 fbo=13 attachment=8ce0 texture=77 mip=0 size=427x240 internalFormat=881a
[17:17:06] [Render thread/INFO] [SuperResolution/]: SR_DIAG AFTER_PASS:composite1 render=( 5.020E+2  2.820E+2) display=( 8.540E+2  4.800E+2) region-1=( 5.020E+2  2.820E+2) region-2=( 8.540E+2  4.800E+2) viewport=[0,0,854,480] scissor=[0,128,854,256]/false drawFbo=14 readFbo=14 drawBuffer=36064 readBuffer=36064 drawStatus=8cd5
[17:17:06] [Render thread/INFO] [SuperResolution/]: SR_DIAG AFTER_PASS:composite1 fbo=14 attachment=8ce0 texture=50 mip=0 size=854x480 internalFormat=8c3a
[17:17:06] [Render thread/INFO] [SuperResolution/]: SR_DIAG BEFORE_PASS:composite3 render=( 5.020E+2  2.820E+2) display=( 8.540E+2  4.800E+2) region-1=( 5.020E+2  2.820E+2) region-2=( 8.540E+2  4.800E+2) viewport=[0,0,854,480] scissor=[0,128,854,256]/false drawFbo=14 readFbo=14 drawBuffer=36064 readBuffer=36064 drawStatus=8cd5
[17:17:06] [Render thread/INFO] [SuperResolution/]: SR_DIAG BEFORE_PASS:composite3 fbo=14 attachment=8ce0 texture=50 mip=0 size=854x480 internalFormat=8c3a
[17:17:06] [Render thread/INFO] [SuperResolution/]: SR_DIAG AFTER_PASS:composite3 render=( 5.020E+2  2.820E+2) display=( 8.540E+2  4.800E+2) region-1=( 5.020E+2  2.820E+2) region-2=( 8.540E+2  4.800E+2) viewport=[0,0,854,480] scissor=[0,128,854,256]/false drawFbo=15 readFbo=15 drawBuffer=36064 readBuffer=36064 drawStatus=8cd5
[17:17:06] [Render thread/INFO] [SuperResolution/]: SR_DIAG AFTER_PASS:composite3 fbo=15 attachment=8ce0 texture=51 mip=0 size=854x480 internalFormat=8c3a
[17:17:06] [Render thread/INFO] [SuperResolution/]: SR_DIAG BEFORE_PASS:composite4 render=( 5.020E+2  2.820E+2) display=( 8.540E+2  4.800E+2) region-1=( 5.020E+2  2.820E+2) region-2=( 8.540E+2  4.800E+2) viewport=[0,0,854,480] scissor=[0,128,854,256]/false drawFbo=15 readFbo=15 drawBuffer=36064 readBuffer=36064 drawStatus=8cd5
[17:17:06] [Render thread/INFO] [SuperResolution/]: SR_DIAG BEFORE_PASS:composite4 fbo=15 attachment=8ce0 texture=51 mip=0 size=854x480 internalFormat=8c3a
[17:17:06] [Render thread/INFO] [SuperResolution/]: SR_DIAG AFTER_PASS:composite4 render=( 5.020E+2  2.820E+2) display=( 8.540E+2  4.800E+2) region-1=( 5.020E+2  2.820E+2) region-2=( 8.540E+2  4.800E+2) viewport=[0,0,854,480] scissor=[0,128,854,256]/false drawFbo=16 readFbo=16 drawBuffer=36064 readBuffer=36064 drawStatus=8cd5
[17:17:06] [Render thread/INFO] [SuperResolution/]: SR_DIAG AFTER_PASS:composite4 fbo=16 attachment=8ce0 texture=63 mip=0 size=854x480 internalFormat=881a
[17:17:06] [Render thread/INFO] [SuperResolution/]: SR_DIAG BEFORE_PASS:composite5 render=( 5.020E+2  2.820E+2) display=( 8.540E+2  4.800E+2) region-1=( 5.020E+2  2.820E+2) region-2=( 8.540E+2  4.800E+2) viewport=[0,0,854,480] scissor=[0,128,854,256]/false drawFbo=16 readFbo=16 drawBuffer=36064 readBuffer=36064 drawStatus=8cd5
[17:17:06] [Render thread/INFO] [SuperResolution/]: SR_DIAG BEFORE_PASS:composite5 fbo=16 attachment=8ce0 texture=63 mip=0 size=854x480 internalFormat=881a
[17:17:06] [Render thread/INFO] [SuperResolution/]: SR_DIAG AFTER_PASS:composite5 render=( 5.020E+2  2.820E+2) display=( 8.540E+2  4.800E+2) region-1=( 5.020E+2  2.820E+2) region-2=( 8.540E+2  4.800E+2) viewport=[0,0,854,480] scissor=[0,128,854,256]/false drawFbo=17 readFbo=17 drawBuffer=36064 readBuffer=36064 drawStatus=8cd5
[17:17:06] [Render thread/INFO] [SuperResolution/]: SR_DIAG AFTER_PASS:composite5 fbo=17 attachment=8ce0 texture=62 mip=0 size=854x480 internalFormat=881a
[17:17:06] [Render thread/INFO] [SuperResolution/]: SR_DIAG BEFORE_PASS:composite6 render=( 5.020E+2  2.820E+2) display=( 8.540E+2  4.800E+2) region-1=( 5.020E+2  2.820E+2) region-2=( 8.540E+2  4.800E+2) viewport=[0,0,854,480] scissor=[0,128,854,256]/false drawFbo=17 readFbo=17 drawBuffer=36064 readBuffer=36064 drawStatus=8cd5
[17:17:06] [Render thread/INFO] [SuperResolution/]: SR_DIAG BEFORE_PASS:composite6 fbo=17 attachment=8ce0 texture=62 mip=0 size=854x480 internalFormat=881a
[17:17:06] [Render thread/INFO] [SuperResolution/]: SR_DIAG AFTER_PASS:composite6 render=( 5.020E+2  2.820E+2) display=( 8.540E+2  4.800E+2) region-1=( 5.020E+2  2.820E+2) region-2=( 8.540E+2  4.800E+2) viewport=[0,0,854,480] scissor=[0,128,854,256]/false drawFbo=18 readFbo=18 drawBuffer=36064 readBuffer=36064 drawStatus=8cd5
[17:17:06] [Render thread/INFO] [SuperResolution/]: SR_DIAG AFTER_PASS:composite6 fbo=18 attachment=8ce0 texture=63 mip=0 size=854x480 internalFormat=881a
[17:17:06] [Render thread/INFO] [SuperResolution/]: SR_DIAG BEFORE_PASS:composite7 render=( 5.020E+2  2.820E+2) display=( 8.540E+2  4.800E+2) region-1=( 5.020E+2  2.820E+2) region-2=( 8.540E+2  4.800E+2) viewport=[0,0,854,480] scissor=[0,128,854,256]/false drawFbo=18 readFbo=18 drawBuffer=36064 readBuffer=36064 drawStatus=8cd5
[17:17:06] [Render thread/INFO] [SuperResolution/]: SR_DIAG BEFORE_PASS:composite7 fbo=18 attachment=8ce0 texture=63 mip=0 size=854x480 internalFormat=881a
[17:17:06] [Render thread/INFO] [SuperResolution/]: SR_DIAG BEFORE_SR render=( 5.020E+2  2.820E+2) display=( 8.540E+2  4.800E+2) region-1=( 5.020E+2  2.820E+2) region-2=( 8.540E+2  4.800E+2) viewport=[0,0,854,480] scissor=[0,128,854,256]/false drawFbo=18 readFbo=18 drawBuffer=36064 readBuffer=36064 drawStatus=8cd5
[17:17:06] [Render thread/INFO] [SuperResolution/]: SR_DIAG BEFORE_SR fbo=18 attachment=8ce0 texture=63 mip=0 size=854x480 internalFormat=881a
[17:17:06] [Render thread/INFO] [SuperResolution/]: SR_DIAG texture color id=63 size=854x480 format=RGBA16F target/type=Texture2D glInternalFormat=881a
[17:17:06] [Render thread/INFO] [SuperResolution/]: SR_DIAG texture depth id=3 size=854x480 format=DEPTH_COMPONENT target/type=Texture2D glInternalFormat=1902
[17:17:06] [Render thread/INFO] [SuperResolution/]: SR_DIAG texture motion_vectors id=83 size=854x480 format=RGBA16F target/type=Texture2D glInternalFormat=881a
[17:17:06] [Render thread/INFO] [SuperResolution/]: SR_DIAG texture SR_output id=85 size=854x480 format=RGBA16F target/type=Texture2D glInternalFormat=881a
[17:17:06] [Render thread/INFO] [SuperResolution/]: SR_DIAG texture autotex3/output_target id=63 size=854x480 format=RGBA16F target/type=Texture2D glInternalFormat=881a
[17:17:06] [Render thread/INFO] [SuperResolution/]: SR_DIAG AFTER_SR render=( 5.020E+2  2.820E+2) display=( 8.540E+2  4.800E+2) region-1=( 5.020E+2  2.820E+2) region-2=( 8.540E+2  4.800E+2) viewport=[0,0,854,480] scissor=[0,128,854,256]/false drawFbo=18 readFbo=18 drawBuffer=36064 readBuffer=36064 drawStatus=8cd5
[17:17:06] [Render thread/INFO] [SuperResolution/]: SR_DIAG AFTER_SR fbo=18 attachment=8ce0 texture=63 mip=0 size=854x480 internalFormat=881a
[17:17:06] [Render thread/INFO] [SuperResolution/]: SR_DIAG AFTER_PASS:composite7 render=( 5.020E+2  2.820E+2) display=( 8.540E+2  4.800E+2) region-1=( 5.020E+2  2.820E+2) region-2=( 8.540E+2  4.800E+2) viewport=[0,0,854,480] scissor=[0,128,854,256]/false drawFbo=19 readFbo=19 drawBuffer=36064 readBuffer=36064 drawStatus=8cd5
[17:17:06] [Render thread/INFO] [SuperResolution/]: SR_DIAG AFTER_PASS:composite7 fbo=19 attachment=8ce0 texture=62 mip=0 size=854x480 internalFormat=881a
[17:17:16] [Render thread/INFO] [SuperResolution/]: SR_DIAG BEFORE_PASS:deferred1 render=( 5.020E+2  2.820E+2) display=( 8.540E+2  4.800E+2) region-1=( 5.020E+2  2.820E+2) region-2=( 8.540E+2  4.800E+2) viewport=[0,0,854,480] scissor=[0,128,854,256]/false drawFbo=1 readFbo=1 drawBuffer=36064 readBuffer=36064 drawStatus=8cd5
[17:17:16] [Render thread/INFO] [SuperResolution/]: SR_DIAG BEFORE_PASS:deferred1 fbo=1 attachment=8ce0 texture=2 mip=0 size=854x480 internalFormat=8058
[17:17:16] [Render thread/INFO] [SuperResolution/]: SR_DIAG BEFORE_PASS:deferred1 fbo=1 attachment=8d00 texture=3 mip=0 size=854x480 internalFormat=1902
[17:17:16] [Render thread/INFO] [SuperResolution/]: SR_DIAG AFTER_PASS:deferred1 render=( 5.020E+2  2.820E+2) display=( 8.540E+2  4.800E+2) region-1=( 5.020E+2  2.820E+2) region-2=( 8.540E+2  4.800E+2) viewport=[0,0,854,480] scissor=[0,128,854,256]/false drawFbo=12 readFbo=12 drawBuffer=36064 readBuffer=36064 drawStatus=8cd5
[17:17:16] [Render thread/INFO] [SuperResolution/]: SR_DIAG AFTER_PASS:deferred1 fbo=12 attachment=8ce0 texture=51 mip=0 size=854x480 internalFormat=8c3a
[17:17:16] [Render thread/INFO] [SuperResolution/]: SR_DIAG BEFORE_PASS:composite render=( 5.020E+2  2.820E+2) display=( 8.540E+2  4.800E+2) region-1=( 5.020E+2  2.820E+2) region-2=( 8.540E+2  4.800E+2) viewport=[0,0,854,480] scissor=[0,128,854,256]/false drawFbo=1 readFbo=1 drawBuffer=36064 readBuffer=36064 drawStatus=8cd5
[17:17:16] [Render thread/INFO] [SuperResolution/]: SR_DIAG BEFORE_PASS:composite fbo=1 attachment=8ce0 texture=2 mip=0 size=854x480 internalFormat=8058
[17:17:16] [Render thread/INFO] [SuperResolution/]: SR_DIAG BEFORE_PASS:composite fbo=1 attachment=8d00 texture=3 mip=0 size=854x480 internalFormat=1902
[17:17:16] [Render thread/INFO] [SuperResolution/]: SR_DIAG AFTER_PASS:composite render=( 5.020E+2  2.820E+2) display=( 8.540E+2  4.800E+2) region-1=( 5.020E+2  2.820E+2) region-2=( 8.540E+2  4.800E+2) viewport=[0,0,427,240] scissor=[0,128,854,256]/false drawFbo=13 readFbo=13 drawBuffer=36064 readBuffer=36064 drawStatus=8cd5
[17:17:16] [Render thread/INFO] [SuperResolution/]: SR_DIAG AFTER_PASS:composite fbo=13 attachment=8ce0 texture=77 mip=0 size=427x240 internalFormat=881a
[17:17:16] [Render thread/INFO] [SuperResolution/]: SR_DIAG BEFORE_PASS:composite1 render=( 5.020E+2  2.820E+2) display=( 8.540E+2  4.800E+2) region-1=( 5.020E+2  2.820E+2) region-2=( 8.540E+2  4.800E+2) viewport=[0,0,427,240] scissor=[0,128,854,256]/false drawFbo=13 readFbo=13 drawBuffer=36064 readBuffer=36064 drawStatus=8cd5
[17:17:16] [Render thread/INFO] [SuperResolution/]: SR_DIAG BEFORE_PASS:composite1 fbo=13 attachment=8ce0 texture=77 mip=0 size=427x240 internalFormat=881a
[17:17:16] [Render thread/INFO] [SuperResolution/]: SR_DIAG AFTER_PASS:composite1 render=( 5.020E+2  2.820E+2) display=( 8.540E+2  4.800E+2) region-1=( 5.020E+2  2.820E+2) region-2=( 8.540E+2  4.800E+2) viewport=[0,0,854,480] scissor=[0,128,854,256]/false drawFbo=14 readFbo=14 drawBuffer=36064 readBuffer=36064 drawStatus=8cd5
[17:17:16] [Render thread/INFO] [SuperResolution/]: SR_DIAG AFTER_PASS:composite1 fbo=14 attachment=8ce0 texture=50 mip=0 size=854x480 internalFormat=8c3a
[17:17:16] [Render thread/INFO] [SuperResolution/]: SR_DIAG BEFORE_PASS:composite3 render=( 5.020E+2  2.820E+2) display=( 8.540E+2  4.800E+2) region-1=( 5.020E+2  2.820E+2) region-2=( 8.540E+2  4.800E+2) viewport=[0,0,854,480] scissor=[0,128,854,256]/false drawFbo=14 readFbo=14 drawBuffer=36064 readBuffer=36064 drawStatus=8cd5
[17:17:16] [Render thread/INFO] [SuperResolution/]: SR_DIAG BEFORE_PASS:composite3 fbo=14 attachment=8ce0 texture=50 mip=0 size=854x480 internalFormat=8c3a
[17:17:16] [Render thread/INFO] [SuperResolution/]: SR_DIAG AFTER_PASS:composite3 render=( 5.020E+2  2.820E+2) display=( 8.540E+2  4.800E+2) region-1=( 5.020E+2  2.820E+2) region-2=( 8.540E+2  4.800E+2) viewport=[0,0,854,480] scissor=[0,128,854,256]/false drawFbo=15 readFbo=15 drawBuffer=36064 readBuffer=36064 drawStatus=8cd5
[17:17:16] [Render thread/INFO] [SuperResolution/]: SR_DIAG AFTER_PASS:composite3 fbo=15 attachment=8ce0 texture=51 mip=0 size=854x480 internalFormat=8c3a
[17:17:16] [Render thread/INFO] [SuperResolution/]: SR_DIAG BEFORE_PASS:composite4 render=( 5.020E+2  2.820E+2) display=( 8.540E+2  4.800E+2) region-1=( 5.020E+2  2.820E+2) region-2=( 8.540E+2  4.800E+2) viewport=[0,0,854,480] scissor=[0,128,854,256]/false drawFbo=15 readFbo=15 drawBuffer=36064 readBuffer=36064 drawStatus=8cd5
[17:17:16] [Render thread/INFO] [SuperResolution/]: SR_DIAG BEFORE_PASS:composite4 fbo=15 attachment=8ce0 texture=51 mip=0 size=854x480 internalFormat=8c3a
[17:17:16] [Render thread/INFO] [SuperResolution/]: SR_DIAG AFTER_PASS:composite4 render=( 5.020E+2  2.820E+2) display=( 8.540E+2  4.800E+2) region-1=( 5.020E+2  2.820E+2) region-2=( 8.540E+2  4.800E+2) viewport=[0,0,854,480] scissor=[0,128,854,256]/false drawFbo=16 readFbo=16 drawBuffer=36064 readBuffer=36064 drawStatus=8cd5
[17:17:16] [Render thread/INFO] [SuperResolution/]: SR_DIAG AFTER_PASS:composite4 fbo=16 attachment=8ce0 texture=63 mip=0 size=854x480 internalFormat=881a
[17:17:16] [Render thread/INFO] [SuperResolution/]: SR_DIAG BEFORE_PASS:composite5 render=( 5.020E+2  2.820E+2) display=( 8.540E+2  4.800E+2) region-1=( 5.020E+2  2.820E+2) region-2=( 8.540E+2  4.800E+2) viewport=[0,0,854,480] scissor=[0,128,854,256]/false drawFbo=16 readFbo=16 drawBuffer=36064 readBuffer=36064 drawStatus=8cd5
[17:17:16] [Render thread/INFO] [SuperResolution/]: SR_DIAG BEFORE_PASS:composite5 fbo=16 attachment=8ce0 texture=63 mip=0 size=854x480 internalFormat=881a
[17:17:16] [Render thread/INFO] [SuperResolution/]: SR_DIAG AFTER_PASS:composite5 render=( 5.020E+2  2.820E+2) display=( 8.540E+2  4.800E+2) region-1=( 5.020E+2  2.820E+2) region-2=( 8.540E+2  4.800E+2) viewport=[0,0,854,480] scissor=[0,128,854,256]/false drawFbo=17 readFbo=17 drawBuffer=36064 readBuffer=36064 drawStatus=8cd5
[17:17:16] [Render thread/INFO] [SuperResolution/]: SR_DIAG AFTER_PASS:composite5 fbo=17 attachment=8ce0 texture=62 mip=0 size=854x480 internalFormat=881a
[17:17:16] [Render thread/INFO] [SuperResolution/]: SR_DIAG BEFORE_PASS:composite6 render=( 5.020E+2  2.820E+2) display=( 8.540E+2  4.800E+2) region-1=( 5.020E+2  2.820E+2) region-2=( 8.540E+2  4.800E+2) viewport=[0,0,854,480] scissor=[0,128,854,256]/false drawFbo=17 readFbo=17 drawBuffer=36064 readBuffer=36064 drawStatus=8cd5
[17:17:16] [Render thread/INFO] [SuperResolution/]: SR_DIAG BEFORE_PASS:composite6 fbo=17 attachment=8ce0 texture=62 mip=0 size=854x480 internalFormat=881a
[17:17:16] [Render thread/INFO] [SuperResolution/]: SR_DIAG AFTER_PASS:composite6 render=( 5.020E+2  2.820E+2) display=( 8.540E+2  4.800E+2) region-1=( 5.020E+2  2.820E+2) region-2=( 8.540E+2  4.800E+2) viewport=[0,0,854,480] scissor=[0,128,854,256]/false drawFbo=18 readFbo=18 drawBuffer=36064 readBuffer=36064 drawStatus=8cd5
[17:17:16] [Render thread/INFO] [SuperResolution/]: SR_DIAG AFTER_PASS:composite6 fbo=18 attachment=8ce0 texture=63 mip=0 size=854x480 internalFormat=881a
[17:17:16] [Render thread/INFO] [SuperResolution/]: SR_DIAG BEFORE_PASS:composite7 render=( 5.020E+2  2.820E+2) display=( 8.540E+2  4.800E+2) region-1=( 5.020E+2  2.820E+2) region-2=( 8.540E+2  4.800E+2) viewport=[0,0,854,480] scissor=[0,128,854,256]/false drawFbo=18 readFbo=18 drawBuffer=36064 readBuffer=36064 drawStatus=8cd5
[17:17:16] [Render thread/INFO] [SuperResolution/]: SR_DIAG BEFORE_PASS:composite7 fbo=18 attachment=8ce0 texture=63 mip=0 size=854x480 internalFormat=881a
[17:17:16] [Render thread/INFO] [SuperResolution/]: SR_DIAG BEFORE_SR render=( 5.020E+2  2.820E+2) display=( 8.540E+2  4.800E+2) region-1=( 5.020E+2  2.820E+2) region-2=( 8.540E+2  4.800E+2) viewport=[0,0,854,480] scissor=[0,128,854,256]/false drawFbo=18 readFbo=18 drawBuffer=36064 readBuffer=36064 drawStatus=8cd5
[17:17:16] [Render thread/INFO] [SuperResolution/]: SR_DIAG BEFORE_SR fbo=18 attachment=8ce0 texture=63 mip=0 size=854x480 internalFormat=881a
[17:17:16] [Render thread/INFO] [SuperResolution/]: SR_DIAG texture color id=63 size=854x480 format=RGBA16F target/type=Texture2D glInternalFormat=881a
[17:17:16] [Render thread/INFO] [SuperResolution/]: SR_DIAG texture depth id=3 size=854x480 format=DEPTH_COMPONENT target/type=Texture2D glInternalFormat=1902
[17:17:16] [Render thread/INFO] [SuperResolution/]: SR_DIAG texture motion_vectors id=83 size=854x480 format=RGBA16F target/type=Texture2D glInternalFormat=881a
[17:17:16] [Render thread/INFO] [SuperResolution/]: SR_DIAG texture SR_output id=85 size=854x480 format=RGBA16F target/type=Texture2D glInternalFormat=881a
[17:17:16] [Render thread/INFO] [SuperResolution/]: SR_DIAG texture autotex3/output_target id=63 size=854x480 format=RGBA16F target/type=Texture2D glInternalFormat=881a
[17:17:16] [Render thread/INFO] [SuperResolution/]: SR_DIAG AFTER_SR render=( 5.020E+2  2.820E+2) display=( 8.540E+2  4.800E+2) region-1=( 5.020E+2  2.820E+2) region-2=( 8.540E+2  4.800E+2) viewport=[0,0,854,480] scissor=[0,128,854,256]/false drawFbo=18 readFbo=18 drawBuffer=36064 readBuffer=36064 drawStatus=8cd5
[17:17:16] [Render thread/INFO] [SuperResolution/]: SR_DIAG AFTER_SR fbo=18 attachment=8ce0 texture=63 mip=0 size=854x480 internalFormat=881a
[17:17:16] [Render thread/INFO] [SuperResolution/]: SR_DIAG AFTER_PASS:composite7 render=( 5.020E+2  2.820E+2) display=( 8.540E+2  4.800E+2) region-1=( 5.020E+2  2.820E+2) region-2=( 8.540E+2  4.800E+2) viewport=[0,0,854,480] scissor=[0,128,854,256]/false drawFbo=19 readFbo=19 drawBuffer=36064 readBuffer=36064 drawStatus=8cd5
[17:17:16] [Render thread/INFO] [SuperResolution/]: SR_DIAG AFTER_PASS:composite7 fbo=19 attachment=8ce0 texture=62 mip=0 size=854x480 internalFormat=881a
[17:17:26] [Render thread/INFO] [SuperResolution/]: SR_DIAG BEFORE_PASS:deferred1 render=( 5.020E+2  2.820E+2) display=( 8.540E+2  4.800E+2) region-1=( 5.020E+2  2.820E+2) region-2=( 8.540E+2  4.800E+2) viewport=[0,0,854,480] scissor=[0,128,854,256]/false drawFbo=1 readFbo=1 drawBuffer=36064 readBuffer=36064 drawStatus=8cd5
[17:17:26] [Render thread/INFO] [SuperResolution/]: SR_DIAG BEFORE_PASS:deferred1 fbo=1 attachment=8ce0 texture=2 mip=0 size=854x480 internalFormat=8058
[17:17:26] [Render thread/INFO] [SuperResolution/]: SR_DIAG BEFORE_PASS:deferred1 fbo=1 attachment=8d00 texture=3 mip=0 size=854x480 internalFormat=1902
[17:17:26] [Render thread/INFO] [SuperResolution/]: SR_DIAG AFTER_PASS:deferred1 render=( 5.020E+2  2.820E+2) display=( 8.540E+2  4.800E+2) region-1=( 5.020E+2  2.820E+2) region-2=( 8.540E+2  4.800E+2) viewport=[0,0,854,480] scissor=[0,128,854,256]/false drawFbo=12 readFbo=12 drawBuffer=36064 readBuffer=36064 drawStatus=8cd5
[17:17:26] [Render thread/INFO] [SuperResolution/]: SR_DIAG AFTER_PASS:deferred1 fbo=12 attachment=8ce0 texture=51 mip=0 size=854x480 internalFormat=8c3a
[17:17:26] [Render thread/INFO] [SuperResolution/]: SR_DIAG BEFORE_PASS:composite render=( 5.020E+2  2.820E+2) display=( 8.540E+2  4.800E+2) region-1=( 5.020E+2  2.820E+2) region-2=( 8.540E+2  4.800E+2) viewport=[0,0,854,480] scissor=[0,128,854,256]/false drawFbo=1 readFbo=1 drawBuffer=36064 readBuffer=36064 drawStatus=8cd5
[17:17:26] [Render thread/INFO] [SuperResolution/]: SR_DIAG BEFORE_PASS:composite fbo=1 attachment=8ce0 texture=2 mip=0 size=854x480 internalFormat=8058
[17:17:26] [Render thread/INFO] [SuperResolution/]: SR_DIAG BEFORE_PASS:composite fbo=1 attachment=8d00 texture=3 mip=0 size=854x480 internalFormat=1902
[17:17:26] [Render thread/INFO] [SuperResolution/]: SR_DIAG AFTER_PASS:composite render=( 5.020E+2  2.820E+2) display=( 8.540E+2  4.800E+2) region-1=( 5.020E+2  2.820E+2) region-2=( 8.540E+2  4.800E+2) viewport=[0,0,427,240] scissor=[0,128,854,256]/false drawFbo=13 readFbo=13 drawBuffer=36064 readBuffer=36064 drawStatus=8cd5
[17:17:26] [Render thread/INFO] [SuperResolution/]: SR_DIAG AFTER_PASS:composite fbo=13 attachment=8ce0 texture=77 mip=0 size=427x240 internalFormat=881a
[17:17:26] [Render thread/INFO] [SuperResolution/]: SR_DIAG BEFORE_PASS:composite1 render=( 5.020E+2  2.820E+2) display=( 8.540E+2  4.800E+2) region-1=( 5.020E+2  2.820E+2) region-2=( 8.540E+2  4.800E+2) viewport=[0,0,427,240] scissor=[0,128,854,256]/false drawFbo=13 readFbo=13 drawBuffer=36064 readBuffer=36064 drawStatus=8cd5
[17:17:26] [Render thread/INFO] [SuperResolution/]: SR_DIAG BEFORE_PASS:composite1 fbo=13 attachment=8ce0 texture=77 mip=0 size=427x240 internalFormat=881a
[17:17:26] [Render thread/INFO] [SuperResolution/]: SR_DIAG AFTER_PASS:composite1 render=( 5.020E+2  2.820E+2) display=( 8.540E+2  4.800E+2) region-1=( 5.020E+2  2.820E+2) region-2=( 8.540E+2  4.800E+2) viewport=[0,0,854,480] scissor=[0,128,854,256]/false drawFbo=14 readFbo=14 drawBuffer=36064 readBuffer=36064 drawStatus=8cd5
[17:17:26] [Render thread/INFO] [SuperResolution/]: SR_DIAG AFTER_PASS:composite1 fbo=14 attachment=8ce0 texture=50 mip=0 size=854x480 internalFormat=8c3a
[17:17:26] [Render thread/INFO] [SuperResolution/]: SR_DIAG BEFORE_PASS:composite3 render=( 5.020E+2  2.820E+2) display=( 8.540E+2  4.800E+2) region-1=( 5.020E+2  2.820E+2) region-2=( 8.540E+2  4.800E+2) viewport=[0,0,854,480] scissor=[0,128,854,256]/false drawFbo=14 readFbo=14 drawBuffer=36064 readBuffer=36064 drawStatus=8cd5
[17:17:26] [Render thread/INFO] [SuperResolution/]: SR_DIAG BEFORE_PASS:composite3 fbo=14 attachment=8ce0 texture=50 mip=0 size=854x480 internalFormat=8c3a
[17:17:26] [Render thread/INFO] [SuperResolution/]: SR_DIAG AFTER_PASS:composite3 render=( 5.020E+2  2.820E+2) display=( 8.540E+2  4.800E+2) region-1=( 5.020E+2  2.820E+2) region-2=( 8.540E+2  4.800E+2) viewport=[0,0,854,480] scissor=[0,128,854,256]/false drawFbo=15 readFbo=15 drawBuffer=36064 readBuffer=36064 drawStatus=8cd5
[17:17:26] [Render thread/INFO] [SuperResolution/]: SR_DIAG AFTER_PASS:composite3 fbo=15 attachment=8ce0 texture=51 mip=0 size=854x480 internalFormat=8c3a
[17:17:26] [Render thread/INFO] [SuperResolution/]: SR_DIAG BEFORE_PASS:composite4 render=( 5.020E+2  2.820E+2) display=( 8.540E+2  4.800E+2) region-1=( 5.020E+2  2.820E+2) region-2=( 8.540E+2  4.800E+2) viewport=[0,0,854,480] scissor=[0,128,854,256]/false drawFbo=15 readFbo=15 drawBuffer=36064 readBuffer=36064 drawStatus=8cd5
[17:17:26] [Render thread/INFO] [SuperResolution/]: SR_DIAG BEFORE_PASS:composite4 fbo=15 attachment=8ce0 texture=51 mip=0 size=854x480 internalFormat=8c3a
[17:17:26] [Render thread/INFO] [SuperResolution/]: SR_DIAG AFTER_PASS:composite4 render=( 5.020E+2  2.820E+2) display=( 8.540E+2  4.800E+2) region-1=( 5.020E+2  2.820E+2) region-2=( 8.540E+2  4.800E+2) viewport=[0,0,854,480] scissor=[0,128,854,256]/false drawFbo=16 readFbo=16 drawBuffer=36064 readBuffer=36064 drawStatus=8cd5
[17:17:26] [Render thread/INFO] [SuperResolution/]: SR_DIAG AFTER_PASS:composite4 fbo=16 attachment=8ce0 texture=63 mip=0 size=854x480 internalFormat=881a
[17:17:26] [Render thread/INFO] [SuperResolution/]: SR_DIAG BEFORE_PASS:composite5 render=( 5.020E+2  2.820E+2) display=( 8.540E+2  4.800E+2) region-1=( 5.020E+2  2.820E+2) region-2=( 8.540E+2  4.800E+2) viewport=[0,0,854,480] scissor=[0,128,854,256]/false drawFbo=16 readFbo=16 drawBuffer=36064 readBuffer=36064 drawStatus=8cd5
[17:17:26] [Render thread/INFO] [SuperResolution/]: SR_DIAG BEFORE_PASS:composite5 fbo=16 attachment=8ce0 texture=63 mip=0 size=854x480 internalFormat=881a
[17:17:26] [Render thread/INFO] [SuperResolution/]: SR_DIAG AFTER_PASS:composite5 render=( 5.020E+2  2.820E+2) display=( 8.540E+2  4.800E+2) region-1=( 5.020E+2  2.820E+2) region-2=( 8.540E+2  4.800E+2) viewport=[0,0,854,480] scissor=[0,128,854,256]/false drawFbo=17 readFbo=17 drawBuffer=36064 readBuffer=36064 drawStatus=8cd5
[17:17:26] [Render thread/INFO] [SuperResolution/]: SR_DIAG AFTER_PASS:composite5 fbo=17 attachment=8ce0 texture=62 mip=0 size=854x480 internalFormat=881a
[17:17:26] [Render thread/INFO] [SuperResolution/]: SR_DIAG BEFORE_PASS:composite6 render=( 5.020E+2  2.820E+2) display=( 8.540E+2  4.800E+2) region-1=( 5.020E+2  2.820E+2) region-2=( 8.540E+2  4.800E+2) viewport=[0,0,854,480] scissor=[0,128,854,256]/false drawFbo=17 readFbo=17 drawBuffer=36064 readBuffer=36064 drawStatus=8cd5
[17:17:26] [Render thread/INFO] [SuperResolution/]: SR_DIAG BEFORE_PASS:composite6 fbo=17 attachment=8ce0 texture=62 mip=0 size=854x480 internalFormat=881a
[17:17:26] [Render thread/INFO] [SuperResolution/]: SR_DIAG AFTER_PASS:composite6 render=( 5.020E+2  2.820E+2) display=( 8.540E+2  4.800E+2) region-1=( 5.020E+2  2.820E+2) region-2=( 8.540E+2  4.800E+2) viewport=[0,0,854,480] scissor=[0,128,854,256]/false drawFbo=18 readFbo=18 drawBuffer=36064 readBuffer=36064 drawStatus=8cd5
[17:17:26] [Render thread/INFO] [SuperResolution/]: SR_DIAG AFTER_PASS:composite6 fbo=18 attachment=8ce0 texture=63 mip=0 size=854x480 internalFormat=881a
[17:17:26] [Render thread/INFO] [SuperResolution/]: SR_DIAG BEFORE_PASS:composite7 render=( 5.020E+2  2.820E+2) display=( 8.540E+2  4.800E+2) region-1=( 5.020E+2  2.820E+2) region-2=( 8.540E+2  4.800E+2) viewport=[0,0,854,480] scissor=[0,128,854,256]/false drawFbo=18 readFbo=18 drawBuffer=36064 readBuffer=36064 drawStatus=8cd5
[17:17:26] [Render thread/INFO] [SuperResolution/]: SR_DIAG BEFORE_PASS:composite7 fbo=18 attachment=8ce0 texture=63 mip=0 size=854x480 internalFormat=881a
[17:17:26] [Render thread/INFO] [SuperResolution/]: SR_DIAG BEFORE_SR render=( 5.020E+2  2.820E+2) display=( 8.540E+2  4.800E+2) region-1=( 5.020E+2  2.820E+2) region-2=( 8.540E+2  4.800E+2) viewport=[0,0,854,480] scissor=[0,128,854,256]/false drawFbo=18 readFbo=18 drawBuffer=36064 readBuffer=36064 drawStatus=8cd5
[17:17:26] [Render thread/INFO] [SuperResolution/]: SR_DIAG BEFORE_SR fbo=18 attachment=8ce0 texture=63 mip=0 size=854x480 internalFormat=881a
[17:17:26] [Render thread/INFO] [SuperResolution/]: SR_DIAG texture color id=63 size=854x480 format=RGBA16F target/type=Texture2D glInternalFormat=881a
[17:17:26] [Render thread/INFO] [SuperResolution/]: SR_DIAG texture depth id=3 size=854x480 format=DEPTH_COMPONENT target/type=Texture2D glInternalFormat=1902
[17:17:26] [Render thread/INFO] [SuperResolution/]: SR_DIAG texture motion_vectors id=83 size=854x480 format=RGBA16F target/type=Texture2D glInternalFormat=881a
[17:17:26] [Render thread/INFO] [SuperResolution/]: SR_DIAG texture SR_output id=85 size=854x480 format=RGBA16F target/type=Texture2D glInternalFormat=881a
[17:17:26] [Render thread/INFO] [SuperResolution/]: SR_DIAG texture autotex3/output_target id=63 size=854x480 format=RGBA16F target/type=Texture2D glInternalFormat=881a
[17:17:26] [Render thread/INFO] [SuperResolution/]: SR_DIAG AFTER_SR render=( 5.020E+2  2.820E+2) display=( 8.540E+2  4.800E+2) region-1=( 5.020E+2  2.820E+2) region-2=( 8.540E+2  4.800E+2) viewport=[0,0,854,480] scissor=[0,128,854,256]/false drawFbo=18 readFbo=18 drawBuffer=36064 readBuffer=36064 drawStatus=8cd5
[17:17:26] [Render thread/INFO] [SuperResolution/]: SR_DIAG AFTER_SR fbo=18 attachment=8ce0 texture=63 mip=0 size=854x480 internalFormat=881a
[17:17:26] [Render thread/INFO] [SuperResolution/]: SR_DIAG AFTER_PASS:composite7 render=( 5.020E+2  2.820E+2) display=( 8.540E+2  4.800E+2) region-1=( 5.020E+2  2.820E+2) region-2=( 8.540E+2  4.800E+2) viewport=[0,0,854,480] scissor=[0,128,854,256]/false drawFbo=19 readFbo=19 drawBuffer=36064 readBuffer=36064 drawStatus=8cd5
[17:17:26] [Render thread/INFO] [SuperResolution/]: SR_DIAG AFTER_PASS:composite7 fbo=19 attachment=8ce0 texture=62 mip=0 size=854x480 internalFormat=881a
[17:17:36] [Render thread/INFO] [SuperResolution/]: SR_DIAG BEFORE_PASS:deferred1 render=( 5.020E+2  2.820E+2) display=( 8.540E+2  4.800E+2) region-1=( 5.020E+2  2.820E+2) region-2=( 8.540E+2  4.800E+2) viewport=[0,0,854,480] scissor=[0,128,854,256]/false drawFbo=1 readFbo=1 drawBuffer=36064 readBuffer=36064 drawStatus=8cd5
[17:17:36] [Render thread/INFO] [SuperResolution/]: SR_DIAG BEFORE_PASS:deferred1 fbo=1 attachment=8ce0 texture=2 mip=0 size=854x480 internalFormat=8058
[17:17:36] [Render thread/INFO] [SuperResolution/]: SR_DIAG BEFORE_PASS:deferred1 fbo=1 attachment=8d00 texture=3 mip=0 size=854x480 internalFormat=1902
[17:17:36] [Render thread/INFO] [SuperResolution/]: SR_DIAG AFTER_PASS:deferred1 render=( 5.020E+2  2.820E+2) display=( 8.540E+2  4.800E+2) region-1=( 5.020E+2  2.820E+2) region-2=( 8.540E+2  4.800E+2) viewport=[0,0,854,480] scissor=[0,128,854,256]/false drawFbo=12 readFbo=12 drawBuffer=36064 readBuffer=36064 drawStatus=8cd5
[17:17:36] [Render thread/INFO] [SuperResolution/]: SR_DIAG AFTER_PASS:deferred1 fbo=12 attachment=8ce0 texture=51 mip=0 size=854x480 internalFormat=8c3a
[17:17:36] [Render thread/INFO] [SuperResolution/]: SR_DIAG BEFORE_PASS:composite render=( 5.020E+2  2.820E+2) display=( 8.540E+2  4.800E+2) region-1=( 5.020E+2  2.820E+2) region-2=( 8.540E+2  4.800E+2) viewport=[0,0,854,480] scissor=[0,128,854,256]/false drawFbo=1 readFbo=1 drawBuffer=36064 readBuffer=36064 drawStatus=8cd5
[17:17:36] [Render thread/INFO] [SuperResolution/]: SR_DIAG BEFORE_PASS:composite fbo=1 attachment=8ce0 texture=2 mip=0 size=854x480 internalFormat=8058
[17:17:36] [Render thread/INFO] [SuperResolution/]: SR_DIAG BEFORE_PASS:composite fbo=1 attachment=8d00 texture=3 mip=0 size=854x480 internalFormat=1902
[17:17:36] [Render thread/INFO] [SuperResolution/]: SR_DIAG AFTER_PASS:composite render=( 5.020E+2  2.820E+2) display=( 8.540E+2  4.800E+2) region-1=( 5.020E+2  2.820E+2) region-2=( 8.540E+2  4.800E+2) viewport=[0,0,427,240] scissor=[0,128,854,256]/false drawFbo=13 readFbo=13 drawBuffer=36064 readBuffer=36064 drawStatus=8cd5
[17:17:36] [Render thread/INFO] [SuperResolution/]: SR_DIAG AFTER_PASS:composite fbo=13 attachment=8ce0 texture=77 mip=0 size=427x240 internalFormat=881a
[17:17:36] [Render thread/INFO] [SuperResolution/]: SR_DIAG BEFORE_PASS:composite1 render=( 5.020E+2  2.820E+2) display=( 8.540E+2  4.800E+2) region-1=( 5.020E+2  2.820E+2) region-2=( 8.540E+2  4.800E+2) viewport=[0,0,427,240] scissor=[0,128,854,256]/false drawFbo=13 readFbo=13 drawBuffer=36064 readBuffer=36064 drawStatus=8cd5
[17:17:36] [Render thread/INFO] [SuperResolution/]: SR_DIAG BEFORE_PASS:composite1 fbo=13 attachment=8ce0 texture=77 mip=0 size=427x240 internalFormat=881a
[17:17:36] [Render thread/INFO] [SuperResolution/]: SR_DIAG AFTER_PASS:composite1 render=( 5.020E+2  2.820E+2) display=( 8.540E+2  4.800E+2) region-1=( 5.020E+2  2.820E+2) region-2=( 8.540E+2  4.800E+2) viewport=[0,0,854,480] scissor=[0,128,854,256]/false drawFbo=14 readFbo=14 drawBuffer=36064 readBuffer=36064 drawStatus=8cd5
[17:17:36] [Render thread/INFO] [SuperResolution/]: SR_DIAG AFTER_PASS:composite1 fbo=14 attachment=8ce0 texture=50 mip=0 size=854x480 internalFormat=8c3a
[17:17:36] [Render thread/INFO] [SuperResolution/]: SR_DIAG BEFORE_PASS:composite3 render=( 5.020E+2  2.820E+2) display=( 8.540E+2  4.800E+2) region-1=( 5.020E+2  2.820E+2) region-2=( 8.540E+2  4.800E+2) viewport=[0,0,854,480] scissor=[0,128,854,256]/false drawFbo=14 readFbo=14 drawBuffer=36064 readBuffer=36064 drawStatus=8cd5
[17:17:36] [Render thread/INFO] [SuperResolution/]: SR_DIAG BEFORE_PASS:composite3 fbo=14 attachment=8ce0 texture=50 mip=0 size=854x480 internalFormat=8c3a
[17:17:36] [Render thread/INFO] [SuperResolution/]: SR_DIAG AFTER_PASS:composite3 render=( 5.020E+2  2.820E+2) display=( 8.540E+2  4.800E+2) region-1=( 5.020E+2  2.820E+2) region-2=( 8.540E+2  4.800E+2) viewport=[0,0,854,480] scissor=[0,128,854,256]/false drawFbo=15 readFbo=15 drawBuffer=36064 readBuffer=36064 drawStatus=8cd5
[17:17:36] [Render thread/INFO] [SuperResolution/]: SR_DIAG AFTER_PASS:composite3 fbo=15 attachment=8ce0 texture=51 mip=0 size=854x480 internalFormat=8c3a
[17:17:36] [Render thread/INFO] [SuperResolution/]: SR_DIAG BEFORE_PASS:composite4 render=( 5.020E+2  2.820E+2) display=( 8.540E+2  4.800E+2) region-1=( 5.020E+2  2.820E+2) region-2=( 8.540E+2  4.800E+2) viewport=[0,0,854,480] scissor=[0,128,854,256]/false drawFbo=15 readFbo=15 drawBuffer=36064 readBuffer=36064 drawStatus=8cd5
[17:17:36] [Render thread/INFO] [SuperResolution/]: SR_DIAG BEFORE_PASS:composite4 fbo=15 attachment=8ce0 texture=51 mip=0 size=854x480 internalFormat=8c3a
[17:17:36] [Render thread/INFO] [SuperResolution/]: SR_DIAG AFTER_PASS:composite4 render=( 5.020E+2  2.820E+2) display=( 8.540E+2  4.800E+2) region-1=( 5.020E+2  2.820E+2) region-2=( 8.540E+2  4.800E+2) viewport=[0,0,854,480] scissor=[0,128,854,256]/false drawFbo=16 readFbo=16 drawBuffer=36064 readBuffer=36064 drawStatus=8cd5
[17:17:36] [Render thread/INFO] [SuperResolution/]: SR_DIAG AFTER_PASS:composite4 fbo=16 attachment=8ce0 texture=63 mip=0 size=854x480 internalFormat=881a
[17:17:36] [Render thread/INFO] [SuperResolution/]: SR_DIAG BEFORE_PASS:composite5 render=( 5.020E+2  2.820E+2) display=( 8.540E+2  4.800E+2) region-1=( 5.020E+2  2.820E+2) region-2=( 8.540E+2  4.800E+2) viewport=[0,0,854,480] scissor=[0,128,854,256]/false drawFbo=16 readFbo=16 drawBuffer=36064 readBuffer=36064 drawStatus=8cd5
[17:17:36] [Render thread/INFO] [SuperResolution/]: SR_DIAG BEFORE_PASS:composite5 fbo=16 attachment=8ce0 texture=63 mip=0 size=854x480 internalFormat=881a
[17:17:36] [Render thread/INFO] [SuperResolution/]: SR_DIAG AFTER_PASS:composite5 render=( 5.020E+2  2.820E+2) display=( 8.540E+2  4.800E+2) region-1=( 5.020E+2  2.820E+2) region-2=( 8.540E+2  4.800E+2) viewport=[0,0,854,480] scissor=[0,128,854,256]/false drawFbo=17 readFbo=17 drawBuffer=36064 readBuffer=36064 drawStatus=8cd5
[17:17:36] [Render thread/INFO] [SuperResolution/]: SR_DIAG AFTER_PASS:composite5 fbo=17 attachment=8ce0 texture=62 mip=0 size=854x480 internalFormat=881a
[17:17:36] [Render thread/INFO] [SuperResolution/]: SR_DIAG BEFORE_PASS:composite6 render=( 5.020E+2  2.820E+2) display=( 8.540E+2  4.800E+2) region-1=( 5.020E+2  2.820E+2) region-2=( 8.540E+2  4.800E+2) viewport=[0,0,854,480] scissor=[0,128,854,256]/false drawFbo=17 readFbo=17 drawBuffer=36064 readBuffer=36064 drawStatus=8cd5
[17:17:36] [Render thread/INFO] [SuperResolution/]: SR_DIAG BEFORE_PASS:composite6 fbo=17 attachment=8ce0 texture=62 mip=0 size=854x480 internalFormat=881a
[17:17:36] [Render thread/INFO] [SuperResolution/]: SR_DIAG AFTER_PASS:composite6 render=( 5.020E+2  2.820E+2) display=( 8.540E+2  4.800E+2) region-1=( 5.020E+2  2.820E+2) region-2=( 8.540E+2  4.800E+2) viewport=[0,0,854,480] scissor=[0,128,854,256]/false drawFbo=18 readFbo=18 drawBuffer=36064 readBuffer=36064 drawStatus=8cd5
[17:17:36] [Render thread/INFO] [SuperResolution/]: SR_DIAG AFTER_PASS:composite6 fbo=18 attachment=8ce0 texture=63 mip=0 size=854x480 internalFormat=881a
[17:17:36] [Render thread/INFO] [SuperResolution/]: SR_DIAG BEFORE_PASS:composite7 render=( 5.020E+2  2.820E+2) display=( 8.540E+2  4.800E+2) region-1=( 5.020E+2  2.820E+2) region-2=( 8.540E+2  4.800E+2) viewport=[0,0,854,480] scissor=[0,128,854,256]/false drawFbo=18 readFbo=18 drawBuffer=36064 readBuffer=36064 drawStatus=8cd5
[17:17:36] [Render thread/INFO] [SuperResolution/]: SR_DIAG BEFORE_PASS:composite7 fbo=18 attachment=8ce0 texture=63 mip=0 size=854x480 internalFormat=881a
[17:17:36] [Render thread/INFO] [SuperResolution/]: SR_DIAG BEFORE_SR render=( 5.020E+2  2.820E+2) display=( 8.540E+2  4.800E+2) region-1=( 5.020E+2  2.820E+2) region-2=( 8.540E+2  4.800E+2) viewport=[0,0,854,480] scissor=[0,128,854,256]/false drawFbo=18 readFbo=18 drawBuffer=36064 readBuffer=36064 drawStatus=8cd5
[17:17:36] [Render thread/INFO] [SuperResolution/]: SR_DIAG BEFORE_SR fbo=18 attachment=8ce0 texture=63 mip=0 size=854x480 internalFormat=881a
[17:17:36] [Render thread/INFO] [SuperResolution/]: SR_DIAG texture color id=63 size=854x480 format=RGBA16F target/type=Texture2D glInternalFormat=881a
[17:17:36] [Render thread/INFO] [SuperResolution/]: SR_DIAG texture depth id=3 size=854x480 format=DEPTH_COMPONENT target/type=Texture2D glInternalFormat=1902
[17:17:36] [Render thread/INFO] [SuperResolution/]: SR_DIAG texture motion_vectors id=83 size=854x480 format=RGBA16F target/type=Texture2D glInternalFormat=881a
[17:17:36] [Render thread/INFO] [SuperResolution/]: SR_DIAG texture SR_output id=85 size=854x480 format=RGBA16F target/type=Texture2D glInternalFormat=881a
[17:17:36] [Render thread/INFO] [SuperResolution/]: SR_DIAG texture autotex3/output_target id=63 size=854x480 format=RGBA16F target/type=Texture2D glInternalFormat=881a
[17:17:36] [Render thread/INFO] [SuperResolution/]: SR_DIAG AFTER_SR render=( 5.020E+2  2.820E+2) display=( 8.540E+2  4.800E+2) region-1=( 5.020E+2  2.820E+2) region-2=( 8.540E+2  4.800E+2) viewport=[0,0,854,480] scissor=[0,128,854,256]/false drawFbo=18 readFbo=18 drawBuffer=36064 readBuffer=36064 drawStatus=8cd5
[17:17:36] [Render thread/INFO] [SuperResolution/]: SR_DIAG AFTER_SR fbo=18 attachment=8ce0 texture=63 mip=0 size=854x480 internalFormat=881a
[17:17:36] [Render thread/INFO] [SuperResolution/]: SR_DIAG AFTER_PASS:composite7 render=( 5.020E+2  2.820E+2) display=( 8.540E+2  4.800E+2) region-1=( 5.020E+2  2.820E+2) region-2=( 8.540E+2  4.800E+2) viewport=[0,0,854,480] scissor=[0,128,854,256]/false drawFbo=19 readFbo=19 drawBuffer=36064 readBuffer=36064 drawStatus=8cd5
[17:17:36] [Render thread/INFO] [SuperResolution/]: SR_DIAG AFTER_PASS:composite7 fbo=19 attachment=8ce0 texture=62 mip=0 size=854x480 internalFormat=881a
[17:17:46] [Render thread/INFO] [SuperResolution/]: SR_DIAG BEFORE_PASS:deferred1 render=( 5.020E+2  2.820E+2) display=( 8.540E+2  4.800E+2) region-1=( 5.020E+2  2.820E+2) region-2=( 8.540E+2  4.800E+2) viewport=[0,0,854,480] scissor=[0,128,854,256]/false drawFbo=1 readFbo=1 drawBuffer=36064 readBuffer=36064 drawStatus=8cd5
[17:17:46] [Render thread/INFO] [SuperResolution/]: SR_DIAG BEFORE_PASS:deferred1 fbo=1 attachment=8ce0 texture=2 mip=0 size=854x480 internalFormat=8058
[17:17:46] [Render thread/INFO] [SuperResolution/]: SR_DIAG BEFORE_PASS:deferred1 fbo=1 attachment=8d00 texture=3 mip=0 size=854x480 internalFormat=1902
[17:17:46] [Render thread/INFO] [SuperResolution/]: SR_DIAG AFTER_PASS:deferred1 render=( 5.020E+2  2.820E+2) display=( 8.540E+2  4.800E+2) region-1=( 5.020E+2  2.820E+2) region-2=( 8.540E+2  4.800E+2) viewport=[0,0,854,480] scissor=[0,128,854,256]/false drawFbo=12 readFbo=12 drawBuffer=36064 readBuffer=36064 drawStatus=8cd5
[17:17:46] [Render thread/INFO] [SuperResolution/]: SR_DIAG AFTER_PASS:deferred1 fbo=12 attachment=8ce0 texture=51 mip=0 size=854x480 internalFormat=8c3a
[17:17:46] [Render thread/INFO] [SuperResolution/]: SR_DIAG BEFORE_PASS:composite render=( 5.020E+2  2.820E+2) display=( 8.540E+2  4.800E+2) region-1=( 5.020E+2  2.820E+2) region-2=( 8.540E+2  4.800E+2) viewport=[0,0,854,480] scissor=[0,128,854,256]/false drawFbo=1 readFbo=1 drawBuffer=36064 readBuffer=36064 drawStatus=8cd5
[17:17:46] [Render thread/INFO] [SuperResolution/]: SR_DIAG BEFORE_PASS:composite fbo=1 attachment=8ce0 texture=2 mip=0 size=854x480 internalFormat=8058
[17:17:46] [Render thread/INFO] [SuperResolution/]: SR_DIAG BEFORE_PASS:composite fbo=1 attachment=8d00 texture=3 mip=0 size=854x480 internalFormat=1902
[17:17:46] [Render thread/INFO] [SuperResolution/]: SR_DIAG AFTER_PASS:composite render=( 5.020E+2  2.820E+2) display=( 8.540E+2  4.800E+2) region-1=( 5.020E+2  2.820E+2) region-2=( 8.540E+2  4.800E+2) viewport=[0,0,427,240] scissor=[0,128,854,256]/false drawFbo=13 readFbo=13 drawBuffer=36064 readBuffer=36064 drawStatus=8cd5
[17:17:46] [Render thread/INFO] [SuperResolution/]: SR_DIAG AFTER_PASS:composite fbo=13 attachment=8ce0 texture=77 mip=0 size=427x240 internalFormat=881a
[17:17:46] [Render thread/INFO] [SuperResolution/]: SR_DIAG BEFORE_PASS:composite1 render=( 5.020E+2  2.820E+2) display=( 8.540E+2  4.800E+2) region-1=( 5.020E+2  2.820E+2) region-2=( 8.540E+2  4.800E+2) viewport=[0,0,427,240] scissor=[0,128,854,256]/false drawFbo=13 readFbo=13 drawBuffer=36064 readBuffer=36064 drawStatus=8cd5
[17:17:46] [Render thread/INFO] [SuperResolution/]: SR_DIAG BEFORE_PASS:composite1 fbo=13 attachment=8ce0 texture=77 mip=0 size=427x240 internalFormat=881a
[17:17:46] [Render thread/INFO] [SuperResolution/]: SR_DIAG AFTER_PASS:composite1 render=( 5.020E+2  2.820E+2) display=( 8.540E+2  4.800E+2) region-1=( 5.020E+2  2.820E+2) region-2=( 8.540E+2  4.800E+2) viewport=[0,0,854,480] scissor=[0,128,854,256]/false drawFbo=14 readFbo=14 drawBuffer=36064 readBuffer=36064 drawStatus=8cd5
[17:17:46] [Render thread/INFO] [SuperResolution/]: SR_DIAG AFTER_PASS:composite1 fbo=14 attachment=8ce0 texture=50 mip=0 size=854x480 internalFormat=8c3a
[17:17:46] [Render thread/INFO] [SuperResolution/]: SR_DIAG BEFORE_PASS:composite3 render=( 5.020E+2  2.820E+2) display=( 8.540E+2  4.800E+2) region-1=( 5.020E+2  2.820E+2) region-2=( 8.540E+2  4.800E+2) viewport=[0,0,854,480] scissor=[0,128,854,256]/false drawFbo=14 readFbo=14 drawBuffer=36064 readBuffer=36064 drawStatus=8cd5
[17:17:46] [Render thread/INFO] [SuperResolution/]: SR_DIAG BEFORE_PASS:composite3 fbo=14 attachment=8ce0 texture=50 mip=0 size=854x480 internalFormat=8c3a
[17:17:46] [Render thread/INFO] [SuperResolution/]: SR_DIAG AFTER_PASS:composite3 render=( 5.020E+2  2.820E+2) display=( 8.540E+2  4.800E+2) region-1=( 5.020E+2  2.820E+2) region-2=( 8.540E+2  4.800E+2) viewport=[0,0,854,480] scissor=[0,128,854,256]/false drawFbo=15 readFbo=15 drawBuffer=36064 readBuffer=36064 drawStatus=8cd5
[17:17:46] [Render thread/INFO] [SuperResolution/]: SR_DIAG AFTER_PASS:composite3 fbo=15 attachment=8ce0 texture=51 mip=0 size=854x480 internalFormat=8c3a
[17:17:46] [Render thread/INFO] [SuperResolution/]: SR_DIAG BEFORE_PASS:composite4 render=( 5.020E+2  2.820E+2) display=( 8.540E+2  4.800E+2) region-1=( 5.020E+2  2.820E+2) region-2=( 8.540E+2  4.800E+2) viewport=[0,0,854,480] scissor=[0,128,854,256]/false drawFbo=15 readFbo=15 drawBuffer=36064 readBuffer=36064 drawStatus=8cd5
[17:17:46] [Render thread/INFO] [SuperResolution/]: SR_DIAG BEFORE_PASS:composite4 fbo=15 attachment=8ce0 texture=51 mip=0 size=854x480 internalFormat=8c3a
[17:17:46] [Render thread/INFO] [SuperResolution/]: SR_DIAG AFTER_PASS:composite4 render=( 5.020E+2  2.820E+2) display=( 8.540E+2  4.800E+2) region-1=( 5.020E+2  2.820E+2) region-2=( 8.540E+2  4.800E+2) viewport=[0,0,854,480] scissor=[0,128,854,256]/false drawFbo=16 readFbo=16 drawBuffer=36064 readBuffer=36064 drawStatus=8cd5
[17:17:46] [Render thread/INFO] [SuperResolution/]: SR_DIAG AFTER_PASS:composite4 fbo=16 attachment=8ce0 texture=63 mip=0 size=854x480 internalFormat=881a
[17:17:46] [Render thread/INFO] [SuperResolution/]: SR_DIAG BEFORE_PASS:composite5 render=( 5.020E+2  2.820E+2) display=( 8.540E+2  4.800E+2) region-1=( 5.020E+2  2.820E+2) region-2=( 8.540E+2  4.800E+2) viewport=[0,0,854,480] scissor=[0,128,854,256]/false drawFbo=16 readFbo=16 drawBuffer=36064 readBuffer=36064 drawStatus=8cd5
[17:17:46] [Render thread/INFO] [SuperResolution/]: SR_DIAG BEFORE_PASS:composite5 fbo=16 attachment=8ce0 texture=63 mip=0 size=854x480 internalFormat=881a
[17:17:46] [Render thread/INFO] [SuperResolution/]: SR_DIAG AFTER_PASS:composite5 render=( 5.020E+2  2.820E+2) display=( 8.540E+2  4.800E+2) region-1=( 5.020E+2  2.820E+2) region-2=( 8.540E+2  4.800E+2) viewport=[0,0,854,480] scissor=[0,128,854,256]/false drawFbo=17 readFbo=17 drawBuffer=36064 readBuffer=36064 drawStatus=8cd5
[17:17:46] [Render thread/INFO] [SuperResolution/]: SR_DIAG AFTER_PASS:composite5 fbo=17 attachment=8ce0 texture=62 mip=0 size=854x480 internalFormat=881a
[17:17:46] [Render thread/INFO] [SuperResolution/]: SR_DIAG BEFORE_PASS:composite6 render=( 5.020E+2  2.820E+2) display=( 8.540E+2  4.800E+2) region-1=( 5.020E+2  2.820E+2) region-2=( 8.540E+2  4.800E+2) viewport=[0,0,854,480] scissor=[0,128,854,256]/false drawFbo=17 readFbo=17 drawBuffer=36064 readBuffer=36064 drawStatus=8cd5
[17:17:46] [Render thread/INFO] [SuperResolution/]: SR_DIAG BEFORE_PASS:composite6 fbo=17 attachment=8ce0 texture=62 mip=0 size=854x480 internalFormat=881a
[17:17:46] [Render thread/INFO] [SuperResolution/]: SR_DIAG AFTER_PASS:composite6 render=( 5.020E+2  2.820E+2) display=( 8.540E+2  4.800E+2) region-1=( 5.020E+2  2.820E+2) region-2=( 8.540E+2  4.800E+2) viewport=[0,0,854,480] scissor=[0,128,854,256]/false drawFbo=18 readFbo=18 drawBuffer=36064 readBuffer=36064 drawStatus=8cd5
[17:17:46] [Render thread/INFO] [SuperResolution/]: SR_DIAG AFTER_PASS:composite6 fbo=18 attachment=8ce0 texture=63 mip=0 size=854x480 internalFormat=881a
[17:17:46] [Render thread/INFO] [SuperResolution/]: SR_DIAG BEFORE_PASS:composite7 render=( 5.020E+2  2.820E+2) display=( 8.540E+2  4.800E+2) region-1=( 5.020E+2  2.820E+2) region-2=( 8.540E+2  4.800E+2) viewport=[0,0,854,480] scissor=[0,128,854,256]/false drawFbo=18 readFbo=18 drawBuffer=36064 readBuffer=36064 drawStatus=8cd5
[17:17:46] [Render thread/INFO] [SuperResolution/]: SR_DIAG BEFORE_PASS:composite7 fbo=18 attachment=8ce0 texture=63 mip=0 size=854x480 internalFormat=881a
[17:17:46] [Render thread/INFO] [SuperResolution/]: SR_DIAG BEFORE_SR render=( 5.020E+2  2.820E+2) display=( 8.540E+2  4.800E+2) region-1=( 5.020E+2  2.820E+2) region-2=( 8.540E+2  4.800E+2) viewport=[0,0,854,480] scissor=[0,128,854,256]/false drawFbo=18 readFbo=18 drawBuffer=36064 readBuffer=36064 drawStatus=8cd5
[17:17:46] [Render thread/INFO] [SuperResolution/]: SR_DIAG BEFORE_SR fbo=18 attachment=8ce0 texture=63 mip=0 size=854x480 internalFormat=881a
[17:17:46] [Render thread/INFO] [SuperResolution/]: SR_DIAG texture color id=63 size=854x480 format=RGBA16F target/type=Texture2D glInternalFormat=881a
[17:17:46] [Render thread/INFO] [SuperResolution/]: SR_DIAG texture depth id=3 size=854x480 format=DEPTH_COMPONENT target/type=Texture2D glInternalFormat=1902
[17:17:46] [Render thread/INFO] [SuperResolution/]: SR_DIAG texture motion_vectors id=83 size=854x480 format=RGBA16F target/type=Texture2D glInternalFormat=881a
[17:17:46] [Render thread/INFO] [SuperResolution/]: SR_DIAG texture SR_output id=85 size=854x480 format=RGBA16F target/type=Texture2D glInternalFormat=881a
[17:17:46] [Render thread/INFO] [SuperResolution/]: SR_DIAG texture autotex3/output_target id=63 size=854x480 format=RGBA16F target/type=Texture2D glInternalFormat=881a
[17:17:46] [Render thread/INFO] [SuperResolution/]: SR_DIAG AFTER_SR render=( 5.020E+2  2.820E+2) display=( 8.540E+2  4.800E+2) region-1=( 5.020E+2  2.820E+2) region-2=( 8.540E+2  4.800E+2) viewport=[0,0,854,480] scissor=[0,128,854,256]/false drawFbo=18 readFbo=18 drawBuffer=36064 readBuffer=36064 drawStatus=8cd5
[17:17:46] [Render thread/INFO] [SuperResolution/]: SR_DIAG AFTER_SR fbo=18 attachment=8ce0 texture=63 mip=0 size=854x480 internalFormat=881a
[17:17:46] [Render thread/INFO] [SuperResolution/]: SR_DIAG AFTER_PASS:composite7 render=( 5.020E+2  2.820E+2) display=( 8.540E+2  4.800E+2) region-1=( 5.020E+2  2.820E+2) region-2=( 8.540E+2  4.800E+2) viewport=[0,0,854,480] scissor=[0,128,854,256]/false drawFbo=19 readFbo=19 drawBuffer=36064 readBuffer=36064 drawStatus=8cd5
[17:17:46] [Render thread/INFO] [SuperResolution/]: SR_DIAG AFTER_PASS:composite7 fbo=19 attachment=8ce0 texture=62 mip=0 size=854x480 internalFormat=881a
[17:17:56] [Render thread/INFO] [SuperResolution/]: SR_DIAG BEFORE_PASS:deferred1 render=( 5.020E+2  2.820E+2) display=( 8.540E+2  4.800E+2) region-1=( 5.020E+2  2.820E+2) region-2=( 8.540E+2  4.800E+2) viewport=[0,0,854,480] scissor=[0,128,854,256]/false drawFbo=1 readFbo=1 drawBuffer=36064 readBuffer=36064 drawStatus=8cd5
[17:17:56] [Render thread/INFO] [SuperResolution/]: SR_DIAG BEFORE_PASS:deferred1 fbo=1 attachment=8ce0 texture=2 mip=0 size=854x480 internalFormat=8058
[17:17:56] [Render thread/INFO] [SuperResolution/]: SR_DIAG BEFORE_PASS:deferred1 fbo=1 attachment=8d00 texture=3 mip=0 size=854x480 internalFormat=1902
[17:17:56] [Render thread/INFO] [SuperResolution/]: SR_DIAG AFTER_PASS:deferred1 render=( 5.020E+2  2.820E+2) display=( 8.540E+2  4.800E+2) region-1=( 5.020E+2  2.820E+2) region-2=( 8.540E+2  4.800E+2) viewport=[0,0,854,480] scissor=[0,128,854,256]/false drawFbo=12 readFbo=12 drawBuffer=36064 readBuffer=36064 drawStatus=8cd5
[17:17:56] [Render thread/INFO] [SuperResolution/]: SR_DIAG AFTER_PASS:deferred1 fbo=12 attachment=8ce0 texture=51 mip=0 size=854x480 internalFormat=8c3a
[17:17:56] [Render thread/INFO] [SuperResolution/]: SR_DIAG BEFORE_PASS:composite render=( 5.020E+2  2.820E+2) display=( 8.540E+2  4.800E+2) region-1=( 5.020E+2  2.820E+2) region-2=( 8.540E+2  4.800E+2) viewport=[0,0,854,480] scissor=[0,128,854,256]/false drawFbo=1 readFbo=1 drawBuffer=36064 readBuffer=36064 drawStatus=8cd5
[17:17:56] [Render thread/INFO] [SuperResolution/]: SR_DIAG BEFORE_PASS:composite fbo=1 attachment=8ce0 texture=2 mip=0 size=854x480 internalFormat=8058
[17:17:56] [Render thread/INFO] [SuperResolution/]: SR_DIAG BEFORE_PASS:composite fbo=1 attachment=8d00 texture=3 mip=0 size=854x480 internalFormat=1902
[17:17:56] [Render thread/INFO] [SuperResolution/]: SR_DIAG AFTER_PASS:composite render=( 5.020E+2  2.820E+2) display=( 8.540E+2  4.800E+2) region-1=( 5.020E+2  2.820E+2) region-2=( 8.540E+2  4.800E+2) viewport=[0,0,427,240] scissor=[0,128,854,256]/false drawFbo=13 readFbo=13 drawBuffer=36064 readBuffer=36064 drawStatus=8cd5
[17:17:56] [Render thread/INFO] [SuperResolution/]: SR_DIAG AFTER_PASS:composite fbo=13 attachment=8ce0 texture=77 mip=0 size=427x240 internalFormat=881a
[17:17:56] [Render thread/INFO] [SuperResolution/]: SR_DIAG BEFORE_PASS:composite1 render=( 5.020E+2  2.820E+2) display=( 8.540E+2  4.800E+2) region-1=( 5.020E+2  2.820E+2) region-2=( 8.540E+2  4.800E+2) viewport=[0,0,427,240] scissor=[0,128,854,256]/false drawFbo=13 readFbo=13 drawBuffer=36064 readBuffer=36064 drawStatus=8cd5
[17:17:56] [Render thread/INFO] [SuperResolution/]: SR_DIAG BEFORE_PASS:composite1 fbo=13 attachment=8ce0 texture=77 mip=0 size=427x240 internalFormat=881a
[17:17:56] [Render thread/INFO] [SuperResolution/]: SR_DIAG AFTER_PASS:composite1 render=( 5.020E+2  2.820E+2) display=( 8.540E+2  4.800E+2) region-1=( 5.020E+2  2.820E+2) region-2=( 8.540E+2  4.800E+2) viewport=[0,0,854,480] scissor=[0,128,854,256]/false drawFbo=14 readFbo=14 drawBuffer=36064 readBuffer=36064 drawStatus=8cd5
[17:17:56] [Render thread/INFO] [SuperResolution/]: SR_DIAG AFTER_PASS:composite1 fbo=14 attachment=8ce0 texture=50 mip=0 size=854x480 internalFormat=8c3a
[17:17:56] [Render thread/INFO] [SuperResolution/]: SR_DIAG BEFORE_PASS:composite3 render=( 5.020E+2  2.820E+2) display=( 8.540E+2  4.800E+2) region-1=( 5.020E+2  2.820E+2) region-2=( 8.540E+2  4.800E+2) viewport=[0,0,854,480] scissor=[0,128,854,256]/false drawFbo=14 readFbo=14 drawBuffer=36064 readBuffer=36064 drawStatus=8cd5
[17:17:56] [Render thread/INFO] [SuperResolution/]: SR_DIAG BEFORE_PASS:composite3 fbo=14 attachment=8ce0 texture=50 mip=0 size=854x480 internalFormat=8c3a
[17:17:56] [Render thread/INFO] [SuperResolution/]: SR_DIAG AFTER_PASS:composite3 render=( 5.020E+2  2.820E+2) display=( 8.540E+2  4.800E+2) region-1=( 5.020E+2  2.820E+2) region-2=( 8.540E+2  4.800E+2) viewport=[0,0,854,480] scissor=[0,128,854,256]/false drawFbo=15 readFbo=15 drawBuffer=36064 readBuffer=36064 drawStatus=8cd5
[17:17:56] [Render thread/INFO] [SuperResolution/]: SR_DIAG AFTER_PASS:composite3 fbo=15 attachment=8ce0 texture=51 mip=0 size=854x480 internalFormat=8c3a
[17:17:56] [Render thread/INFO] [SuperResolution/]: SR_DIAG BEFORE_PASS:composite4 render=( 5.020E+2  2.820E+2) display=( 8.540E+2  4.800E+2) region-1=( 5.020E+2  2.820E+2) region-2=( 8.540E+2  4.800E+2) viewport=[0,0,854,480] scissor=[0,128,854,256]/false drawFbo=15 readFbo=15 drawBuffer=36064 readBuffer=36064 drawStatus=8cd5
[17:17:56] [Render thread/INFO] [SuperResolution/]: SR_DIAG BEFORE_PASS:composite4 fbo=15 attachment=8ce0 texture=51 mip=0 size=854x480 internalFormat=8c3a
[17:17:56] [Render thread/INFO] [SuperResolution/]: SR_DIAG AFTER_PASS:composite4 render=( 5.020E+2  2.820E+2) display=( 8.540E+2  4.800E+2) region-1=( 5.020E+2  2.820E+2) region-2=( 8.540E+2  4.800E+2) viewport=[0,0,854,480] scissor=[0,128,854,256]/false drawFbo=16 readFbo=16 drawBuffer=36064 readBuffer=36064 drawStatus=8cd5
[17:17:56] [Render thread/INFO] [SuperResolution/]: SR_DIAG AFTER_PASS:composite4 fbo=16 attachment=8ce0 texture=63 mip=0 size=854x480 internalFormat=881a
[17:17:56] [Render thread/INFO] [SuperResolution/]: SR_DIAG BEFORE_PASS:composite5 render=( 5.020E+2  2.820E+2) display=( 8.540E+2  4.800E+2) region-1=( 5.020E+2  2.820E+2) region-2=( 8.540E+2  4.800E+2) viewport=[0,0,854,480] scissor=[0,128,854,256]/false drawFbo=16 readFbo=16 drawBuffer=36064 readBuffer=36064 drawStatus=8cd5
[17:17:56] [Render thread/INFO] [SuperResolution/]: SR_DIAG BEFORE_PASS:composite5 fbo=16 attachment=8ce0 texture=63 mip=0 size=854x480 internalFormat=881a
[17:17:56] [Render thread/INFO] [SuperResolution/]: SR_DIAG AFTER_PASS:composite5 render=( 5.020E+2  2.820E+2) display=( 8.540E+2  4.800E+2) region-1=( 5.020E+2  2.820E+2) region-2=( 8.540E+2  4.800E+2) viewport=[0,0,854,480] scissor=[0,128,854,256]/false drawFbo=17 readFbo=17 drawBuffer=36064 readBuffer=36064 drawStatus=8cd5
[17:17:56] [Render thread/INFO] [SuperResolution/]: SR_DIAG AFTER_PASS:composite5 fbo=17 attachment=8ce0 texture=62 mip=0 size=854x480 internalFormat=881a
[17:17:56] [Render thread/INFO] [SuperResolution/]: SR_DIAG BEFORE_PASS:composite6 render=( 5.020E+2  2.820E+2) display=( 8.540E+2  4.800E+2) region-1=( 5.020E+2  2.820E+2) region-2=( 8.540E+2  4.800E+2) viewport=[0,0,854,480] scissor=[0,128,854,256]/false drawFbo=17 readFbo=17 drawBuffer=36064 readBuffer=36064 drawStatus=8cd5
[17:17:56] [Render thread/INFO] [SuperResolution/]: SR_DIAG BEFORE_PASS:composite6 fbo=17 attachment=8ce0 texture=62 mip=0 size=854x480 internalFormat=881a
[17:17:56] [Render thread/INFO] [SuperResolution/]: SR_DIAG AFTER_PASS:composite6 render=( 5.020E+2  2.820E+2) display=( 8.540E+2  4.800E+2) region-1=( 5.020E+2  2.820E+2) region-2=( 8.540E+2  4.800E+2) viewport=[0,0,854,480] scissor=[0,128,854,256]/false drawFbo=18 readFbo=18 drawBuffer=36064 readBuffer=36064 drawStatus=8cd5
[17:17:56] [Render thread/INFO] [SuperResolution/]: SR_DIAG AFTER_PASS:composite6 fbo=18 attachment=8ce0 texture=63 mip=0 size=854x480 internalFormat=881a
[17:17:56] [Render thread/INFO] [SuperResolution/]: SR_DIAG BEFORE_PASS:composite7 render=( 5.020E+2  2.820E+2) display=( 8.540E+2  4.800E+2) region-1=( 5.020E+2  2.820E+2) region-2=( 8.540E+2  4.800E+2) viewport=[0,0,854,480] scissor=[0,128,854,256]/false drawFbo=18 readFbo=18 drawBuffer=36064 readBuffer=36064 drawStatus=8cd5
[17:17:56] [Render thread/INFO] [SuperResolution/]: SR_DIAG BEFORE_PASS:composite7 fbo=18 attachment=8ce0 texture=63 mip=0 size=854x480 internalFormat=881a
[17:17:56] [Render thread/INFO] [SuperResolution/]: SR_DIAG BEFORE_SR render=( 5.020E+2  2.820E+2) display=( 8.540E+2  4.800E+2) region-1=( 5.020E+2  2.820E+2) region-2=( 8.540E+2  4.800E+2) viewport=[0,0,854,480] scissor=[0,128,854,256]/false drawFbo=18 readFbo=18 drawBuffer=36064 readBuffer=36064 drawStatus=8cd5
[17:17:56] [Render thread/INFO] [SuperResolution/]: SR_DIAG BEFORE_SR fbo=18 attachment=8ce0 texture=63 mip=0 size=854x480 internalFormat=881a
[17:17:56] [Render thread/INFO] [SuperResolution/]: SR_DIAG texture color id=63 size=854x480 format=RGBA16F target/type=Texture2D glInternalFormat=881a
[17:17:56] [Render thread/INFO] [SuperResolution/]: SR_DIAG texture depth id=3 size=854x480 format=DEPTH_COMPONENT target/type=Texture2D glInternalFormat=1902
[17:17:56] [Render thread/INFO] [SuperResolution/]: SR_DIAG texture motion_vectors id=83 size=854x480 format=RGBA16F target/type=Texture2D glInternalFormat=881a
[17:17:56] [Render thread/INFO] [SuperResolution/]: SR_DIAG texture SR_output id=85 size=854x480 format=RGBA16F target/type=Texture2D glInternalFormat=881a
[17:17:56] [Render thread/INFO] [SuperResolution/]: SR_DIAG texture autotex3/output_target id=63 size=854x480 format=RGBA16F target/type=Texture2D glInternalFormat=881a
[17:17:56] [Render thread/INFO] [SuperResolution/]: SR_DIAG AFTER_SR render=( 5.020E+2  2.820E+2) display=( 8.540E+2  4.800E+2) region-1=( 5.020E+2  2.820E+2) region-2=( 8.540E+2  4.800E+2) viewport=[0,0,854,480] scissor=[0,128,854,256]/false drawFbo=18 readFbo=18 drawBuffer=36064 readBuffer=36064 drawStatus=8cd5
[17:17:56] [Render thread/INFO] [SuperResolution/]: SR_DIAG AFTER_SR fbo=18 attachment=8ce0 texture=63 mip=0 size=854x480 internalFormat=881a
[17:17:56] [Render thread/INFO] [SuperResolution/]: SR_DIAG AFTER_PASS:composite7 render=( 5.020E+2  2.820E+2) display=( 8.540E+2  4.800E+2) region-1=( 5.020E+2  2.820E+2) region-2=( 8.540E+2  4.800E+2) viewport=[0,0,854,480] scissor=[0,128,854,256]/false drawFbo=19 readFbo=19 drawBuffer=36064 readBuffer=36064 drawStatus=8cd5
[17:17:56] [Render thread/INFO] [SuperResolution/]: SR_DIAG AFTER_PASS:composite7 fbo=19 attachment=8ce0 texture=62 mip=0 size=854x480 internalFormat=881a
[17:18:06] [Render thread/INFO] [SuperResolution/]: SR_DIAG BEFORE_PASS:deferred1 render=( 5.020E+2  2.820E+2) display=( 8.540E+2  4.800E+2) region-1=( 5.020E+2  2.820E+2) region-2=( 8.540E+2  4.800E+2) viewport=[0,0,854,480] scissor=[0,128,854,256]/false drawFbo=1 readFbo=1 drawBuffer=36064 readBuffer=36064 drawStatus=8cd5
[17:18:06] [Render thread/INFO] [SuperResolution/]: SR_DIAG BEFORE_PASS:deferred1 fbo=1 attachment=8ce0 texture=2 mip=0 size=854x480 internalFormat=8058
[17:18:06] [Render thread/INFO] [SuperResolution/]: SR_DIAG BEFORE_PASS:deferred1 fbo=1 attachment=8d00 texture=3 mip=0 size=854x480 internalFormat=1902
[17:18:06] [Render thread/INFO] [SuperResolution/]: SR_DIAG AFTER_PASS:deferred1 render=( 5.020E+2  2.820E+2) display=( 8.540E+2  4.800E+2) region-1=( 5.020E+2  2.820E+2) region-2=( 8.540E+2  4.800E+2) viewport=[0,0,854,480] scissor=[0,128,854,256]/false drawFbo=12 readFbo=12 drawBuffer=36064 readBuffer=36064 drawStatus=8cd5
[17:18:06] [Render thread/INFO] [SuperResolution/]: SR_DIAG AFTER_PASS:deferred1 fbo=12 attachment=8ce0 texture=51 mip=0 size=854x480 internalFormat=8c3a
[17:18:06] [Render thread/INFO] [SuperResolution/]: SR_DIAG BEFORE_PASS:composite render=( 5.020E+2  2.820E+2) display=( 8.540E+2  4.800E+2) region-1=( 5.020E+2  2.820E+2) region-2=( 8.540E+2  4.800E+2) viewport=[0,0,854,480] scissor=[0,128,854,256]/false drawFbo=1 readFbo=1 drawBuffer=36064 readBuffer=36064 drawStatus=8cd5
[17:18:06] [Render thread/INFO] [SuperResolution/]: SR_DIAG BEFORE_PASS:composite fbo=1 attachment=8ce0 texture=2 mip=0 size=854x480 internalFormat=8058
[17:18:06] [Render thread/INFO] [SuperResolution/]: SR_DIAG BEFORE_PASS:composite fbo=1 attachment=8d00 texture=3 mip=0 size=854x480 internalFormat=1902
[17:18:06] [Render thread/INFO] [SuperResolution/]: SR_DIAG AFTER_PASS:composite render=( 5.020E+2  2.820E+2) display=( 8.540E+2  4.800E+2) region-1=( 5.020E+2  2.820E+2) region-2=( 8.540E+2  4.800E+2) viewport=[0,0,427,240] scissor=[0,128,854,256]/false drawFbo=13 readFbo=13 drawBuffer=36064 readBuffer=36064 drawStatus=8cd5
[17:18:06] [Render thread/INFO] [SuperResolution/]: SR_DIAG AFTER_PASS:composite fbo=13 attachment=8ce0 texture=77 mip=0 size=427x240 internalFormat=881a
[17:18:06] [Render thread/INFO] [SuperResolution/]: SR_DIAG BEFORE_PASS:composite1 render=( 5.020E+2  2.820E+2) display=( 8.540E+2  4.800E+2) region-1=( 5.020E+2  2.820E+2) region-2=( 8.540E+2  4.800E+2) viewport=[0,0,427,240] scissor=[0,128,854,256]/false drawFbo=13 readFbo=13 drawBuffer=36064 readBuffer=36064 drawStatus=8cd5
[17:18:06] [Render thread/INFO] [SuperResolution/]: SR_DIAG BEFORE_PASS:composite1 fbo=13 attachment=8ce0 texture=77 mip=0 size=427x240 internalFormat=881a
[17:18:06] [Render thread/INFO] [SuperResolution/]: SR_DIAG AFTER_PASS:composite1 render=( 5.020E+2  2.820E+2) display=( 8.540E+2  4.800E+2) region-1=( 5.020E+2  2.820E+2) region-2=( 8.540E+2  4.800E+2) viewport=[0,0,854,480] scissor=[0,128,854,256]/false drawFbo=14 readFbo=14 drawBuffer=36064 readBuffer=36064 drawStatus=8cd5
[17:18:06] [Render thread/INFO] [SuperResolution/]: SR_DIAG AFTER_PASS:composite1 fbo=14 attachment=8ce0 texture=50 mip=0 size=854x480 internalFormat=8c3a
[17:18:06] [Render thread/INFO] [SuperResolution/]: SR_DIAG BEFORE_PASS:composite3 render=( 5.020E+2  2.820E+2) display=( 8.540E+2  4.800E+2) region-1=( 5.020E+2  2.820E+2) region-2=( 8.540E+2  4.800E+2) viewport=[0,0,854,480] scissor=[0,128,854,256]/false drawFbo=14 readFbo=14 drawBuffer=36064 readBuffer=36064 drawStatus=8cd5
[17:18:06] [Render thread/INFO] [SuperResolution/]: SR_DIAG BEFORE_PASS:composite3 fbo=14 attachment=8ce0 texture=50 mip=0 size=854x480 internalFormat=8c3a
[17:18:06] [Render thread/INFO] [SuperResolution/]: SR_DIAG AFTER_PASS:composite3 render=( 5.020E+2  2.820E+2) display=( 8.540E+2  4.800E+2) region-1=( 5.020E+2  2.820E+2) region-2=( 8.540E+2  4.800E+2) viewport=[0,0,854,480] scissor=[0,128,854,256]/false drawFbo=15 readFbo=15 drawBuffer=36064 readBuffer=36064 drawStatus=8cd5
[17:18:06] [Render thread/INFO] [SuperResolution/]: SR_DIAG AFTER_PASS:composite3 fbo=15 attachment=8ce0 texture=51 mip=0 size=854x480 internalFormat=8c3a
[17:18:06] [Render thread/INFO] [SuperResolution/]: SR_DIAG BEFORE_PASS:composite4 render=( 5.020E+2  2.820E+2) display=( 8.540E+2  4.800E+2) region-1=( 5.020E+2  2.820E+2) region-2=( 8.540E+2  4.800E+2) viewport=[0,0,854,480] scissor=[0,128,854,256]/false drawFbo=15 readFbo=15 drawBuffer=36064 readBuffer=36064 drawStatus=8cd5
[17:18:06] [Render thread/INFO] [SuperResolution/]: SR_DIAG BEFORE_PASS:composite4 fbo=15 attachment=8ce0 texture=51 mip=0 size=854x480 internalFormat=8c3a
[17:18:06] [Render thread/INFO] [SuperResolution/]: SR_DIAG AFTER_PASS:composite4 render=( 5.020E+2  2.820E+2) display=( 8.540E+2  4.800E+2) region-1=( 5.020E+2  2.820E+2) region-2=( 8.540E+2  4.800E+2) viewport=[0,0,854,480] scissor=[0,128,854,256]/false drawFbo=16 readFbo=16 drawBuffer=36064 readBuffer=36064 drawStatus=8cd5
[17:18:06] [Render thread/INFO] [SuperResolution/]: SR_DIAG AFTER_PASS:composite4 fbo=16 attachment=8ce0 texture=63 mip=0 size=854x480 internalFormat=881a
[17:18:06] [Render thread/INFO] [SuperResolution/]: SR_DIAG BEFORE_PASS:composite5 render=( 5.020E+2  2.820E+2) display=( 8.540E+2  4.800E+2) region-1=( 5.020E+2  2.820E+2) region-2=( 8.540E+2  4.800E+2) viewport=[0,0,854,480] scissor=[0,128,854,256]/false drawFbo=16 readFbo=16 drawBuffer=36064 readBuffer=36064 drawStatus=8cd5
[17:18:06] [Render thread/INFO] [SuperResolution/]: SR_DIAG BEFORE_PASS:composite5 fbo=16 attachment=8ce0 texture=63 mip=0 size=854x480 internalFormat=881a
[17:18:06] [Render thread/INFO] [SuperResolution/]: SR_DIAG AFTER_PASS:composite5 render=( 5.020E+2  2.820E+2) display=( 8.540E+2  4.800E+2) region-1=( 5.020E+2  2.820E+2) region-2=( 8.540E+2  4.800E+2) viewport=[0,0,854,480] scissor=[0,128,854,256]/false drawFbo=17 readFbo=17 drawBuffer=36064 readBuffer=36064 drawStatus=8cd5
[17:18:06] [Render thread/INFO] [SuperResolution/]: SR_DIAG AFTER_PASS:composite5 fbo=17 attachment=8ce0 texture=62 mip=0 size=854x480 internalFormat=881a
[17:18:06] [Render thread/INFO] [SuperResolution/]: SR_DIAG BEFORE_PASS:composite6 render=( 5.020E+2  2.820E+2) display=( 8.540E+2  4.800E+2) region-1=( 5.020E+2  2.820E+2) region-2=( 8.540E+2  4.800E+2) viewport=[0,0,854,480] scissor=[0,128,854,256]/false drawFbo=17 readFbo=17 drawBuffer=36064 readBuffer=36064 drawStatus=8cd5
[17:18:06] [Render thread/INFO] [SuperResolution/]: SR_DIAG BEFORE_PASS:composite6 fbo=17 attachment=8ce0 texture=62 mip=0 size=854x480 internalFormat=881a
[17:18:06] [Render thread/INFO] [SuperResolution/]: SR_DIAG AFTER_PASS:composite6 render=( 5.020E+2  2.820E+2) display=( 8.540E+2  4.800E+2) region-1=( 5.020E+2  2.820E+2) region-2=( 8.540E+2  4.800E+2) viewport=[0,0,854,480] scissor=[0,128,854,256]/false drawFbo=18 readFbo=18 drawBuffer=36064 readBuffer=36064 drawStatus=8cd5
[17:18:06] [Render thread/INFO] [SuperResolution/]: SR_DIAG AFTER_PASS:composite6 fbo=18 attachment=8ce0 texture=63 mip=0 size=854x480 internalFormat=881a
[17:18:06] [Render thread/INFO] [SuperResolution/]: SR_DIAG BEFORE_PASS:composite7 render=( 5.020E+2  2.820E+2) display=( 8.540E+2  4.800E+2) region-1=( 5.020E+2  2.820E+2) region-2=( 8.540E+2  4.800E+2) viewport=[0,0,854,480] scissor=[0,128,854,256]/false drawFbo=18 readFbo=18 drawBuffer=36064 readBuffer=36064 drawStatus=8cd5
[17:18:06] [Render thread/INFO] [SuperResolution/]: SR_DIAG BEFORE_PASS:composite7 fbo=18 attachment=8ce0 texture=63 mip=0 size=854x480 internalFormat=881a
[17:18:06] [Render thread/INFO] [SuperResolution/]: SR_DIAG BEFORE_SR render=( 5.020E+2  2.820E+2) display=( 8.540E+2  4.800E+2) region-1=( 5.020E+2  2.820E+2) region-2=( 8.540E+2  4.800E+2) viewport=[0,0,854,480] scissor=[0,128,854,256]/false drawFbo=18 readFbo=18 drawBuffer=36064 readBuffer=36064 drawStatus=8cd5
[17:18:06] [Render thread/INFO] [SuperResolution/]: SR_DIAG BEFORE_SR fbo=18 attachment=8ce0 texture=63 mip=0 size=854x480 internalFormat=881a
[17:18:06] [Render thread/INFO] [SuperResolution/]: SR_DIAG texture color id=63 size=854x480 format=RGBA16F target/type=Texture2D glInternalFormat=881a
[17:18:06] [Render thread/INFO] [SuperResolution/]: SR_DIAG texture depth id=3 size=854x480 format=DEPTH_COMPONENT target/type=Texture2D glInternalFormat=1902
[17:18:06] [Render thread/INFO] [SuperResolution/]: SR_DIAG texture motion_vectors id=83 size=854x480 format=RGBA16F target/type=Texture2D glInternalFormat=881a
[17:18:06] [Render thread/INFO] [SuperResolution/]: SR_DIAG texture SR_output id=85 size=854x480 format=RGBA16F target/type=Texture2D glInternalFormat=881a
[17:18:06] [Render thread/INFO] [SuperResolution/]: SR_DIAG texture autotex3/output_target id=63 size=854x480 format=RGBA16F target/type=Texture2D glInternalFormat=881a
[17:18:06] [Render thread/INFO] [SuperResolution/]: SR_DIAG AFTER_SR render=( 5.020E+2  2.820E+2) display=( 8.540E+2  4.800E+2) region-1=( 5.020E+2  2.820E+2) region-2=( 8.540E+2  4.800E+2) viewport=[0,0,854,480] scissor=[0,128,854,256]/false drawFbo=18 readFbo=18 drawBuffer=36064 readBuffer=36064 drawStatus=8cd5
[17:18:06] [Render thread/INFO] [SuperResolution/]: SR_DIAG AFTER_SR fbo=18 attachment=8ce0 texture=63 mip=0 size=854x480 internalFormat=881a
[17:18:06] [Render thread/INFO] [SuperResolution/]: SR_DIAG AFTER_PASS:composite7 render=( 5.020E+2  2.820E+2) display=( 8.540E+2  4.800E+2) region-1=( 5.020E+2  2.820E+2) region-2=( 8.540E+2  4.800E+2) viewport=[0,0,854,480] scissor=[0,128,854,256]/false drawFbo=19 readFbo=19 drawBuffer=36064 readBuffer=36064 drawStatus=8cd5
[17:18:06] [Render thread/INFO] [SuperResolution/]: SR_DIAG AFTER_PASS:composite7 fbo=19 attachment=8ce0 texture=62 mip=0 size=854x480 internalFormat=881a
[17:18:16] [Render thread/INFO] [SuperResolution/]: SR_DIAG BEFORE_PASS:deferred1 render=( 5.020E+2  2.820E+2) display=( 8.540E+2  4.800E+2) region-1=( 5.020E+2  2.820E+2) region-2=( 8.540E+2  4.800E+2) viewport=[0,0,854,480] scissor=[0,128,854,256]/false drawFbo=1 readFbo=1 drawBuffer=36064 readBuffer=36064 drawStatus=8cd5
[17:18:16] [Render thread/INFO] [SuperResolution/]: SR_DIAG BEFORE_PASS:deferred1 fbo=1 attachment=8ce0 texture=2 mip=0 size=854x480 internalFormat=8058
[17:18:16] [Render thread/INFO] [SuperResolution/]: SR_DIAG BEFORE_PASS:deferred1 fbo=1 attachment=8d00 texture=3 mip=0 size=854x480 internalFormat=1902
[17:18:16] [Render thread/INFO] [SuperResolution/]: SR_DIAG AFTER_PASS:deferred1 render=( 5.020E+2  2.820E+2) display=( 8.540E+2  4.800E+2) region-1=( 5.020E+2  2.820E+2) region-2=( 8.540E+2  4.800E+2) viewport=[0,0,854,480] scissor=[0,128,854,256]/false drawFbo=12 readFbo=12 drawBuffer=36064 readBuffer=36064 drawStatus=8cd5
[17:18:16] [Render thread/INFO] [SuperResolution/]: SR_DIAG AFTER_PASS:deferred1 fbo=12 attachment=8ce0 texture=51 mip=0 size=854x480 internalFormat=8c3a
[17:18:16] [Render thread/INFO] [SuperResolution/]: SR_DIAG BEFORE_PASS:composite render=( 5.020E+2  2.820E+2) display=( 8.540E+2  4.800E+2) region-1=( 5.020E+2  2.820E+2) region-2=( 8.540E+2  4.800E+2) viewport=[0,0,854,480] scissor=[0,128,854,256]/false drawFbo=1 readFbo=1 drawBuffer=36064 readBuffer=36064 drawStatus=8cd5
[17:18:16] [Render thread/INFO] [SuperResolution/]: SR_DIAG BEFORE_PASS:composite fbo=1 attachment=8ce0 texture=2 mip=0 size=854x480 internalFormat=8058
[17:18:16] [Render thread/INFO] [SuperResolution/]: SR_DIAG BEFORE_PASS:composite fbo=1 attachment=8d00 texture=3 mip=0 size=854x480 internalFormat=1902
[17:18:16] [Render thread/INFO] [SuperResolution/]: SR_DIAG AFTER_PASS:composite render=( 5.020E+2  2.820E+2) display=( 8.540E+2  4.800E+2) region-1=( 5.020E+2  2.820E+2) region-2=( 8.540E+2  4.800E+2) viewport=[0,0,427,240] scissor=[0,128,854,256]/false drawFbo=13 readFbo=13 drawBuffer=36064 readBuffer=36064 drawStatus=8cd5
[17:18:16] [Render thread/INFO] [SuperResolution/]: SR_DIAG AFTER_PASS:composite fbo=13 attachment=8ce0 texture=77 mip=0 size=427x240 internalFormat=881a
[17:18:16] [Render thread/INFO] [SuperResolution/]: SR_DIAG BEFORE_PASS:composite1 render=( 5.020E+2  2.820E+2) display=( 8.540E+2  4.800E+2) region-1=( 5.020E+2  2.820E+2) region-2=( 8.540E+2  4.800E+2) viewport=[0,0,427,240] scissor=[0,128,854,256]/false drawFbo=13 readFbo=13 drawBuffer=36064 readBuffer=36064 drawStatus=8cd5
[17:18:16] [Render thread/INFO] [SuperResolution/]: SR_DIAG BEFORE_PASS:composite1 fbo=13 attachment=8ce0 texture=77 mip=0 size=427x240 internalFormat=881a
[17:18:16] [Render thread/INFO] [SuperResolution/]: SR_DIAG AFTER_PASS:composite1 render=( 5.020E+2  2.820E+2) display=( 8.540E+2  4.800E+2) region-1=( 5.020E+2  2.820E+2) region-2=( 8.540E+2  4.800E+2) viewport=[0,0,854,480] scissor=[0,128,854,256]/false drawFbo=14 readFbo=14 drawBuffer=36064 readBuffer=36064 drawStatus=8cd5
[17:18:16] [Render thread/INFO] [SuperResolution/]: SR_DIAG AFTER_PASS:composite1 fbo=14 attachment=8ce0 texture=50 mip=0 size=854x480 internalFormat=8c3a
[17:18:16] [Render thread/INFO] [SuperResolution/]: SR_DIAG BEFORE_PASS:composite3 render=( 5.020E+2  2.820E+2) display=( 8.540E+2  4.800E+2) region-1=( 5.020E+2  2.820E+2) region-2=( 8.540E+2  4.800E+2) viewport=[0,0,854,480] scissor=[0,128,854,256]/false drawFbo=14 readFbo=14 drawBuffer=36064 readBuffer=36064 drawStatus=8cd5
[17:18:16] [Render thread/INFO] [SuperResolution/]: SR_DIAG BEFORE_PASS:composite3 fbo=14 attachment=8ce0 texture=50 mip=0 size=854x480 internalFormat=8c3a
[17:18:16] [Render thread/INFO] [SuperResolution/]: SR_DIAG AFTER_PASS:composite3 render=( 5.020E+2  2.820E+2) display=( 8.540E+2  4.800E+2) region-1=( 5.020E+2  2.820E+2) region-2=( 8.540E+2  4.800E+2) viewport=[0,0,854,480] scissor=[0,128,854,256]/false drawFbo=15 readFbo=15 drawBuffer=36064 readBuffer=36064 drawStatus=8cd5
[17:18:16] [Render thread/INFO] [SuperResolution/]: SR_DIAG AFTER_PASS:composite3 fbo=15 attachment=8ce0 texture=51 mip=0 size=854x480 internalFormat=8c3a
[17:18:16] [Render thread/INFO] [SuperResolution/]: SR_DIAG BEFORE_PASS:composite4 render=( 5.020E+2  2.820E+2) display=( 8.540E+2  4.800E+2) region-1=( 5.020E+2  2.820E+2) region-2=( 8.540E+2  4.800E+2) viewport=[0,0,854,480] scissor=[0,128,854,256]/false drawFbo=15 readFbo=15 drawBuffer=36064 readBuffer=36064 drawStatus=8cd5
[17:18:16] [Render thread/INFO] [SuperResolution/]: SR_DIAG BEFORE_PASS:composite4 fbo=15 attachment=8ce0 texture=51 mip=0 size=854x480 internalFormat=8c3a
[17:18:16] [Render thread/INFO] [SuperResolution/]: SR_DIAG AFTER_PASS:composite4 render=( 5.020E+2  2.820E+2) display=( 8.540E+2  4.800E+2) region-1=( 5.020E+2  2.820E+2) region-2=( 8.540E+2  4.800E+2) viewport=[0,0,854,480] scissor=[0,128,854,256]/false drawFbo=16 readFbo=16 drawBuffer=36064 readBuffer=36064 drawStatus=8cd5
[17:18:16] [Render thread/INFO] [SuperResolution/]: SR_DIAG AFTER_PASS:composite4 fbo=16 attachment=8ce0 texture=63 mip=0 size=854x480 internalFormat=881a
[17:18:16] [Render thread/INFO] [SuperResolution/]: SR_DIAG BEFORE_PASS:composite5 render=( 5.020E+2  2.820E+2) display=( 8.540E+2  4.800E+2) region-1=( 5.020E+2  2.820E+2) region-2=( 8.540E+2  4.800E+2) viewport=[0,0,854,480] scissor=[0,128,854,256]/false drawFbo=16 readFbo=16 drawBuffer=36064 readBuffer=36064 drawStatus=8cd5
[17:18:16] [Render thread/INFO] [SuperResolution/]: SR_DIAG BEFORE_PASS:composite5 fbo=16 attachment=8ce0 texture=63 mip=0 size=854x480 internalFormat=881a
[17:18:16] [Render thread/INFO] [SuperResolution/]: SR_DIAG AFTER_PASS:composite5 render=( 5.020E+2  2.820E+2) display=( 8.540E+2  4.800E+2) region-1=( 5.020E+2  2.820E+2) region-2=( 8.540E+2  4.800E+2) viewport=[0,0,854,480] scissor=[0,128,854,256]/false drawFbo=17 readFbo=17 drawBuffer=36064 readBuffer=36064 drawStatus=8cd5
[17:18:16] [Render thread/INFO] [SuperResolution/]: SR_DIAG AFTER_PASS:composite5 fbo=17 attachment=8ce0 texture=62 mip=0 size=854x480 internalFormat=881a
[17:18:16] [Render thread/INFO] [SuperResolution/]: SR_DIAG BEFORE_PASS:composite6 render=( 5.020E+2  2.820E+2) display=( 8.540E+2  4.800E+2) region-1=( 5.020E+2  2.820E+2) region-2=( 8.540E+2  4.800E+2) viewport=[0,0,854,480] scissor=[0,128,854,256]/false drawFbo=17 readFbo=17 drawBuffer=36064 readBuffer=36064 drawStatus=8cd5
[17:18:16] [Render thread/INFO] [SuperResolution/]: SR_DIAG BEFORE_PASS:composite6 fbo=17 attachment=8ce0 texture=62 mip=0 size=854x480 internalFormat=881a
[17:18:16] [Render thread/INFO] [SuperResolution/]: SR_DIAG AFTER_PASS:composite6 render=( 5.020E+2  2.820E+2) display=( 8.540E+2  4.800E+2) region-1=( 5.020E+2  2.820E+2) region-2=( 8.540E+2  4.800E+2) viewport=[0,0,854,480] scissor=[0,128,854,256]/false drawFbo=18 readFbo=18 drawBuffer=36064 readBuffer=36064 drawStatus=8cd5
[17:18:16] [Render thread/INFO] [SuperResolution/]: SR_DIAG AFTER_PASS:composite6 fbo=18 attachment=8ce0 texture=63 mip=0 size=854x480 internalFormat=881a
[17:18:16] [Render thread/INFO] [SuperResolution/]: SR_DIAG BEFORE_PASS:composite7 render=( 5.020E+2  2.820E+2) display=( 8.540E+2  4.800E+2) region-1=( 5.020E+2  2.820E+2) region-2=( 8.540E+2  4.800E+2) viewport=[0,0,854,480] scissor=[0,128,854,256]/false drawFbo=18 readFbo=18 drawBuffer=36064 readBuffer=36064 drawStatus=8cd5
[17:18:16] [Render thread/INFO] [SuperResolution/]: SR_DIAG BEFORE_PASS:composite7 fbo=18 attachment=8ce0 texture=63 mip=0 size=854x480 internalFormat=881a
[17:18:16] [Render thread/INFO] [SuperResolution/]: SR_DIAG BEFORE_SR render=( 5.020E+2  2.820E+2) display=( 8.540E+2  4.800E+2) region-1=( 5.020E+2  2.820E+2) region-2=( 8.540E+2  4.800E+2) viewport=[0,0,854,480] scissor=[0,128,854,256]/false drawFbo=18 readFbo=18 drawBuffer=36064 readBuffer=36064 drawStatus=8cd5
[17:18:16] [Render thread/INFO] [SuperResolution/]: SR_DIAG BEFORE_SR fbo=18 attachment=8ce0 texture=63 mip=0 size=854x480 internalFormat=881a
[17:18:16] [Render thread/INFO] [SuperResolution/]: SR_DIAG texture color id=63 size=854x480 format=RGBA16F target/type=Texture2D glInternalFormat=881a
[17:18:16] [Render thread/INFO] [SuperResolution/]: SR_DIAG texture depth id=3 size=854x480 format=DEPTH_COMPONENT target/type=Texture2D glInternalFormat=1902
[17:18:16] [Render thread/INFO] [SuperResolution/]: SR_DIAG texture motion_vectors id=83 size=854x480 format=RGBA16F target/type=Texture2D glInternalFormat=881a
[17:18:16] [Render thread/INFO] [SuperResolution/]: SR_DIAG texture SR_output id=85 size=854x480 format=RGBA16F target/type=Texture2D glInternalFormat=881a
[17:18:16] [Render thread/INFO] [SuperResolution/]: SR_DIAG texture autotex3/output_target id=63 size=854x480 format=RGBA16F target/type=Texture2D glInternalFormat=881a
[17:18:16] [Render thread/INFO] [SuperResolution/]: SR_DIAG AFTER_SR render=( 5.020E+2  2.820E+2) display=( 8.540E+2  4.800E+2) region-1=( 5.020E+2  2.820E+2) region-2=( 8.540E+2  4.800E+2) viewport=[0,0,854,480] scissor=[0,128,854,256]/false drawFbo=18 readFbo=18 drawBuffer=36064 readBuffer=36064 drawStatus=8cd5
[17:18:16] [Render thread/INFO] [SuperResolution/]: SR_DIAG AFTER_SR fbo=18 attachment=8ce0 texture=63 mip=0 size=854x480 internalFormat=881a
[17:18:16] [Render thread/INFO] [SuperResolution/]: SR_DIAG AFTER_PASS:composite7 render=( 5.020E+2  2.820E+2) display=( 8.540E+2  4.800E+2) region-1=( 5.020E+2  2.820E+2) region-2=( 8.540E+2  4.800E+2) viewport=[0,0,854,480] scissor=[0,128,854,256]/false drawFbo=19 readFbo=19 drawBuffer=36064 readBuffer=36064 drawStatus=8cd5
[17:18:16] [Render thread/INFO] [SuperResolution/]: SR_DIAG AFTER_PASS:composite7 fbo=19 attachment=8ce0 texture=62 mip=0 size=854x480 internalFormat=881a
[17:18:17] [Server thread/INFO] [minecraft/IntegratedServer]: Saving and pausing game...
[17:18:17] [Server thread/INFO] [minecraft/MinecraftServer]: Saving chunks for level 'ServerLevel[New Worldsdfsdf]'/minecraft:overworld
[17:18:17] [Server thread/INFO] [minecraft/MinecraftServer]: Saving chunks for level 'ServerLevel[New Worldsdfsdf]'/minecraft:the_nether
[17:18:17] [Server thread/INFO] [minecraft/MinecraftServer]: Saving chunks for level 'ServerLevel[New Worldsdfsdf]'/minecraft:the_end
[17:18:26] [Render thread/INFO] [SuperResolution/]: SR_DIAG BEFORE_PASS:deferred1 render=( 5.020E+2  2.820E+2) display=( 8.540E+2  4.800E+2) region-1=( 5.020E+2  2.820E+2) region-2=( 8.540E+2  4.800E+2) viewport=[0,0,854,480] scissor=[0,128,854,256]/false drawFbo=1 readFbo=1 drawBuffer=36064 readBuffer=36064 drawStatus=8cd5
[17:18:26] [Render thread/INFO] [SuperResolution/]: SR_DIAG BEFORE_PASS:deferred1 fbo=1 attachment=8ce0 texture=2 mip=0 size=854x480 internalFormat=8058
[17:18:26] [Render thread/INFO] [SuperResolution/]: SR_DIAG BEFORE_PASS:deferred1 fbo=1 attachment=8d00 texture=3 mip=0 size=854x480 internalFormat=1902
[17:18:26] [Render thread/INFO] [SuperResolution/]: SR_DIAG AFTER_PASS:deferred1 render=( 5.020E+2  2.820E+2) display=( 8.540E+2  4.800E+2) region-1=( 5.020E+2  2.820E+2) region-2=( 8.540E+2  4.800E+2) viewport=[0,0,854,480] scissor=[0,128,854,256]/false drawFbo=12 readFbo=12 drawBuffer=36064 readBuffer=36064 drawStatus=8cd5
[17:18:26] [Render thread/INFO] [SuperResolution/]: SR_DIAG AFTER_PASS:deferred1 fbo=12 attachment=8ce0 texture=51 mip=0 size=854x480 internalFormat=8c3a
[17:18:26] [Render thread/INFO] [SuperResolution/]: SR_DIAG BEFORE_PASS:composite render=( 5.020E+2  2.820E+2) display=( 8.540E+2  4.800E+2) region-1=( 5.020E+2  2.820E+2) region-2=( 8.540E+2  4.800E+2) viewport=[0,0,854,480] scissor=[0,128,854,256]/false drawFbo=1 readFbo=1 drawBuffer=36064 readBuffer=36064 drawStatus=8cd5
[17:18:26] [Render thread/INFO] [SuperResolution/]: SR_DIAG BEFORE_PASS:composite fbo=1 attachment=8ce0 texture=2 mip=0 size=854x480 internalFormat=8058
[17:18:26] [Render thread/INFO] [SuperResolution/]: SR_DIAG BEFORE_PASS:composite fbo=1 attachment=8d00 texture=3 mip=0 size=854x480 internalFormat=1902
[17:18:26] [Render thread/INFO] [SuperResolution/]: SR_DIAG AFTER_PASS:composite render=( 5.020E+2  2.820E+2) display=( 8.540E+2  4.800E+2) region-1=( 5.020E+2  2.820E+2) region-2=( 8.540E+2  4.800E+2) viewport=[0,0,427,240] scissor=[0,128,854,256]/false drawFbo=13 readFbo=13 drawBuffer=36064 readBuffer=36064 drawStatus=8cd5
[17:18:26] [Render thread/INFO] [SuperResolution/]: SR_DIAG AFTER_PASS:composite fbo=13 attachment=8ce0 texture=77 mip=0 size=427x240 internalFormat=881a
[17:18:26] [Render thread/INFO] [SuperResolution/]: SR_DIAG BEFORE_PASS:composite1 render=( 5.020E+2  2.820E+2) display=( 8.540E+2  4.800E+2) region-1=( 5.020E+2  2.820E+2) region-2=( 8.540E+2  4.800E+2) viewport=[0,0,427,240] scissor=[0,128,854,256]/false drawFbo=13 readFbo=13 drawBuffer=36064 readBuffer=36064 drawStatus=8cd5
[17:18:26] [Render thread/INFO] [SuperResolution/]: SR_DIAG BEFORE_PASS:composite1 fbo=13 attachment=8ce0 texture=77 mip=0 size=427x240 internalFormat=881a
[17:18:26] [Render thread/INFO] [SuperResolution/]: SR_DIAG AFTER_PASS:composite1 render=( 5.020E+2  2.820E+2) display=( 8.540E+2  4.800E+2) region-1=( 5.020E+2  2.820E+2) region-2=( 8.540E+2  4.800E+2) viewport=[0,0,854,480] scissor=[0,128,854,256]/false drawFbo=14 readFbo=14 drawBuffer=36064 readBuffer=36064 drawStatus=8cd5
[17:18:26] [Render thread/INFO] [SuperResolution/]: SR_DIAG AFTER_PASS:composite1 fbo=14 attachment=8ce0 texture=50 mip=0 size=854x480 internalFormat=8c3a
[17:18:26] [Render thread/INFO] [SuperResolution/]: SR_DIAG BEFORE_PASS:composite3 render=( 5.020E+2  2.820E+2) display=( 8.540E+2  4.800E+2) region-1=( 5.020E+2  2.820E+2) region-2=( 8.540E+2  4.800E+2) viewport=[0,0,854,480] scissor=[0,128,854,256]/false drawFbo=14 readFbo=14 drawBuffer=36064 readBuffer=36064 drawStatus=8cd5
[17:18:26] [Render thread/INFO] [SuperResolution/]: SR_DIAG BEFORE_PASS:composite3 fbo=14 attachment=8ce0 texture=50 mip=0 size=854x480 internalFormat=8c3a
[17:18:26] [Render thread/INFO] [SuperResolution/]: SR_DIAG AFTER_PASS:composite3 render=( 5.020E+2  2.820E+2) display=( 8.540E+2  4.800E+2) region-1=( 5.020E+2  2.820E+2) region-2=( 8.540E+2  4.800E+2) viewport=[0,0,854,480] scissor=[0,128,854,256]/false drawFbo=15 readFbo=15 drawBuffer=36064 readBuffer=36064 drawStatus=8cd5
[17:18:26] [Render thread/INFO] [SuperResolution/]: SR_DIAG AFTER_PASS:composite3 fbo=15 attachment=8ce0 texture=51 mip=0 size=854x480 internalFormat=8c3a
[17:18:26] [Render thread/INFO] [SuperResolution/]: SR_DIAG BEFORE_PASS:composite4 render=( 5.020E+2  2.820E+2) display=( 8.540E+2  4.800E+2) region-1=( 5.020E+2  2.820E+2) region-2=( 8.540E+2  4.800E+2) viewport=[0,0,854,480] scissor=[0,128,854,256]/false drawFbo=15 readFbo=15 drawBuffer=36064 readBuffer=36064 drawStatus=8cd5
[17:18:26] [Render thread/INFO] [SuperResolution/]: SR_DIAG BEFORE_PASS:composite4 fbo=15 attachment=8ce0 texture=51 mip=0 size=854x480 internalFormat=8c3a
[17:18:26] [Render thread/INFO] [SuperResolution/]: SR_DIAG AFTER_PASS:composite4 render=( 5.020E+2  2.820E+2) display=( 8.540E+2  4.800E+2) region-1=( 5.020E+2  2.820E+2) region-2=( 8.540E+2  4.800E+2) viewport=[0,0,854,480] scissor=[0,128,854,256]/false drawFbo=16 readFbo=16 drawBuffer=36064 readBuffer=36064 drawStatus=8cd5
[17:18:26] [Render thread/INFO] [SuperResolution/]: SR_DIAG AFTER_PASS:composite4 fbo=16 attachment=8ce0 texture=63 mip=0 size=854x480 internalFormat=881a
[17:18:26] [Render thread/INFO] [SuperResolution/]: SR_DIAG BEFORE_PASS:composite5 render=( 5.020E+2  2.820E+2) display=( 8.540E+2  4.800E+2) region-1=( 5.020E+2  2.820E+2) region-2=( 8.540E+2  4.800E+2) viewport=[0,0,854,480] scissor=[0,128,854,256]/false drawFbo=16 readFbo=16 drawBuffer=36064 readBuffer=36064 drawStatus=8cd5
[17:18:26] [Render thread/INFO] [SuperResolution/]: SR_DIAG BEFORE_PASS:composite5 fbo=16 attachment=8ce0 texture=63 mip=0 size=854x480 internalFormat=881a
[17:18:26] [Render thread/INFO] [SuperResolution/]: SR_DIAG AFTER_PASS:composite5 render=( 5.020E+2  2.820E+2) display=( 8.540E+2  4.800E+2) region-1=( 5.020E+2  2.820E+2) region-2=( 8.540E+2  4.800E+2) viewport=[0,0,854,480] scissor=[0,128,854,256]/false drawFbo=17 readFbo=17 drawBuffer=36064 readBuffer=36064 drawStatus=8cd5
[17:18:26] [Render thread/INFO] [SuperResolution/]: SR_DIAG AFTER_PASS:composite5 fbo=17 attachment=8ce0 texture=62 mip=0 size=854x480 internalFormat=881a
[17:18:26] [Render thread/INFO] [SuperResolution/]: SR_DIAG BEFORE_PASS:composite6 render=( 5.020E+2  2.820E+2) display=( 8.540E+2  4.800E+2) region-1=( 5.020E+2  2.820E+2) region-2=( 8.540E+2  4.800E+2) viewport=[0,0,854,480] scissor=[0,128,854,256]/false drawFbo=17 readFbo=17 drawBuffer=36064 readBuffer=36064 drawStatus=8cd5
[17:18:26] [Render thread/INFO] [SuperResolution/]: SR_DIAG BEFORE_PASS:composite6 fbo=17 attachment=8ce0 texture=62 mip=0 size=854x480 internalFormat=881a
[17:18:26] [Render thread/INFO] [SuperResolution/]: SR_DIAG AFTER_PASS:composite6 render=( 5.020E+2  2.820E+2) display=( 8.540E+2  4.800E+2) region-1=( 5.020E+2  2.820E+2) region-2=( 8.540E+2  4.800E+2) viewport=[0,0,854,480] scissor=[0,128,854,256]/false drawFbo=18 readFbo=18 drawBuffer=36064 readBuffer=36064 drawStatus=8cd5
[17:18:26] [Render thread/INFO] [SuperResolution/]: SR_DIAG AFTER_PASS:composite6 fbo=18 attachment=8ce0 texture=63 mip=0 size=854x480 internalFormat=881a
[17:18:26] [Render thread/INFO] [SuperResolution/]: SR_DIAG BEFORE_PASS:composite7 render=( 5.020E+2  2.820E+2) display=( 8.540E+2  4.800E+2) region-1=( 5.020E+2  2.820E+2) region-2=( 8.540E+2  4.800E+2) viewport=[0,0,854,480] scissor=[0,128,854,256]/false drawFbo=18 readFbo=18 drawBuffer=36064 readBuffer=36064 drawStatus=8cd5
[17:18:26] [Render thread/INFO] [SuperResolution/]: SR_DIAG BEFORE_PASS:composite7 fbo=18 attachment=8ce0 texture=63 mip=0 size=854x480 internalFormat=881a
[17:18:26] [Render thread/INFO] [SuperResolution/]: SR_DIAG BEFORE_SR render=( 5.020E+2  2.820E+2) display=( 8.540E+2  4.800E+2) region-1=( 5.020E+2  2.820E+2) region-2=( 8.540E+2  4.800E+2) viewport=[0,0,854,480] scissor=[0,128,854,256]/false drawFbo=18 readFbo=18 drawBuffer=36064 readBuffer=36064 drawStatus=8cd5
[17:18:26] [Render thread/INFO] [SuperResolution/]: SR_DIAG BEFORE_SR fbo=18 attachment=8ce0 texture=63 mip=0 size=854x480 internalFormat=881a
[17:18:26] [Render thread/INFO] [SuperResolution/]: SR_DIAG texture color id=63 size=854x480 format=RGBA16F target/type=Texture2D glInternalFormat=881a
[17:18:26] [Render thread/INFO] [SuperResolution/]: SR_DIAG texture depth id=3 size=854x480 format=DEPTH_COMPONENT target/type=Texture2D glInternalFormat=1902
[17:18:26] [Render thread/INFO] [SuperResolution/]: SR_DIAG texture motion_vectors id=83 size=854x480 format=RGBA16F target/type=Texture2D glInternalFormat=881a
[17:18:26] [Render thread/INFO] [SuperResolution/]: SR_DIAG texture SR_output id=85 size=854x480 format=RGBA16F target/type=Texture2D glInternalFormat=881a
[17:18:26] [Render thread/INFO] [SuperResolution/]: SR_DIAG texture autotex3/output_target id=63 size=854x480 format=RGBA16F target/type=Texture2D glInternalFormat=881a
[17:18:26] [Render thread/INFO] [SuperResolution/]: SR_DIAG AFTER_SR render=( 5.020E+2  2.820E+2) display=( 8.540E+2  4.800E+2) region-1=( 5.020E+2  2.820E+2) region-2=( 8.540E+2  4.800E+2) viewport=[0,0,854,480] scissor=[0,128,854,256]/false drawFbo=18 readFbo=18 drawBuffer=36064 readBuffer=36064 drawStatus=8cd5
[17:18:26] [Render thread/INFO] [SuperResolution/]: SR_DIAG AFTER_SR fbo=18 attachment=8ce0 texture=63 mip=0 size=854x480 internalFormat=881a
[17:18:26] [Render thread/INFO] [SuperResolution/]: SR_DIAG AFTER_PASS:composite7 render=( 5.020E+2  2.820E+2) display=( 8.540E+2  4.800E+2) region-1=( 5.020E+2  2.820E+2) region-2=( 8.540E+2  4.800E+2) viewport=[0,0,854,480] scissor=[0,128,854,256]/false drawFbo=19 readFbo=19 drawBuffer=36064 readBuffer=36064 drawStatus=8cd5
[17:18:26] [Render thread/INFO] [SuperResolution/]: SR_DIAG AFTER_PASS:composite7 fbo=19 attachment=8ce0 texture=62 mip=0 size=854x480 internalFormat=881a
[17:18:33] [Server thread/INFO] [minecraft/ServerGamePacketListenerImpl]: Dev lost connection: Disconnected
[17:18:33] [Server thread/INFO] [minecraft/MinecraftServer]: Dev left the game
[17:18:33] [Server thread/INFO] [minecraft/ServerCommonPacketListenerImpl]: Stopping singleplayer server as player logged out
[17:18:33] [Server thread/INFO] [minecraft/MinecraftServer]: Stopping server
[17:18:33] [Server thread/INFO] [minecraft/MinecraftServer]: Saving players
[17:18:33] [Server thread/INFO] [minecraft/MinecraftServer]: Saving worlds
[17:18:33] [Server thread/INFO] [minecraft/MinecraftServer]: Saving chunks for level 'ServerLevel[New Worldsdfsdf]'/minecraft:overworld
[17:18:33] [Server thread/INFO] [minecraft/MinecraftServer]: Saving chunks for level 'ServerLevel[New Worldsdfsdf]'/minecraft:the_nether
[17:18:33] [Server thread/INFO] [minecraft/MinecraftServer]: Saving chunks for level 'ServerLevel[New Worldsdfsdf]'/minecraft:the_end
[17:18:33] [Server thread/INFO] [minecraft/MinecraftServer]: ThreadedAnvilChunkStorage (New Worldsdfsdf): All chunks are saved
[17:18:33] [Server thread/INFO] [minecraft/MinecraftServer]: ThreadedAnvilChunkStorage (DIM-1): All chunks are saved
[17:18:33] [Server thread/INFO] [minecraft/MinecraftServer]: ThreadedAnvilChunkStorage (DIM1): All chunks are saved
[17:18:33] [Server thread/INFO] [minecraft/MinecraftServer]: ThreadedAnvilChunkStorage: All dimensions are saved
[17:18:34] [Render thread/INFO] [ChunkBuilder/]: Stopping worker threads
[17:18:48] [Render thread/INFO] [minecraft/Minecraft]: Stopping!

BUILD SUCCESSFUL in 9m 39s
5 actionable tasks: 2 executed, 3 up-to-date
Consider enabling configuration cache to speed up this build: https://docs.gradle.org/9.7.1/userguide/configuration_cache_enabling.html
