[02Oct2026 18:48:53.839] [main/INFO] [cpw.mods.modlauncher.Launcher/MODLAUNCHER]: ModLauncher running: args [--launchTarget, forgeclientdev, --version, 21.1.219, --assetIndex, 17, --assetsDir, C:\\Users\\micha\\.gradle\\caches\\neoformruntime\\assets, --gameDir, ., --fml.fmlVersion, 4.0.42, --fml.mcVersion, 1.21.1, --fml.neoForgeVersion, 21.1.219, --fml.neoFormVersion, 20240808.144430]
[02Oct2026 18:48:53.844] [main/INFO] [cpw.mods.modlauncher.Launcher/MODLAUNCHER]: JVM identified as Eclipse Adoptium OpenJDK 64-Bit Server VM 21.0.12.1+1-LTS
[02Oct2026 18:48:53.846] [main/INFO] [cpw.mods.modlauncher.Launcher/MODLAUNCHER]: ModLauncher 11.0.5+main.901c6ea8 starting: java version 21.0.12.1 by Eclipse Adoptium; OS Windows 11 arch amd64 version 10.0
[02Oct2026 18:48:53.988] [main/INFO] [net.neoforged.fml.loading.ImmediateWindowHandler/]: ImmediateWindowProvider not loading because splash screen is disabled
[02Oct2026 18:48:54.038] [main/INFO] [mixin/]: SpongePowered MIXIN Subsystem Version=0.8.7 Source=union:/C:/Users/micha/.gradle/caches/modules-2/files-2.1/net.fabricmc/sponge-mixin/0.15.2+mixin.0.8.7/2af2f021d8e02a0220dc27a7a72b4666d66d44ca/sponge-mixin-0.15.2+mixin.0.8.7.jar%23122!/ Service=ModLauncher Env=CLIENT
[02Oct2026 18:48:54.753] [main/INFO] [net.neoforged.fml.loading.moddiscovery.locators.JarInJarDependencyLocator/]: Found 14 dependencies adding them to mods collection
[02Oct2026 18:48:54.755] [main/INFO] [net.neoforged.fml.loading.moddiscovery.ModDiscoverer/]: 
     Mod List:
		Name Version (Mod Id)

		Architectury 13.0.6 (architectury)
		Forgified Fabric API Base 0.4.42+d1308ded19 (fabric_api_base)
		Forgified Fabric BlockView API (v2) 1.0.10+9afaaf8c19 (fabric_block_view_api_v2)
		Forgified Fabric Renderer API (v1) 3.4.0+acb05a3919 (fabric_renderer_api_v1)
		Forgified Fabric Rendering Data Attachment (v1) 0.3.48+73761d2e19 (fabric_rendering_data_attachment_v1)
		Iris 1.8.8+mc1.21.1 (iris)
		Minecraft 1.21.1 (minecraft)
		NeoForge 21.1.219 (neoforge)
		Sodium 0.6.13+mc1.21.1 (sodium)
		Super Resolution 0.9.2-alpha.1+dev.2ae956e6.opengl (super_resolution)
		Wisteria 0.1.0-alpha.1+1.21.1 (wisteria)
[02Oct2026 18:48:55.746] [main/INFO] [mixin/]: Compatibility level set to JAVA_17
[02Oct2026 18:48:55.766] [main/INFO] [mixin/]: Compatibility level set to JAVA_21
[02Oct2026 18:48:55.778] [main/INFO] [cpw.mods.modlauncher.LaunchServiceHandler/MODLAUNCHER]: Launching target 'forgeclientdev' with arguments [--version, 21.1.219, --gameDir, ., --assetsDir, C:\Users\micha\.gradle\caches\neoformruntime\assets, --assetIndex, 17]
[02Oct2026 18:48:55.893] [main/WARN] [SodiumConfig/]: Mod 'super_resolution' attempted to override option 'mixin.features.render.gui.debug', which doesn't exist, ignoring
[02Oct2026 18:48:55.903] [main/INFO] [Sodium/]: Loaded configuration file for Sodium: 43 options available, 2 override(s) found
[02Oct2026 18:48:55.905] [main/WARN] [mixin/]: Reference map 'iris.refmap.json' for mixins.iris.json could not be read. If this is a development environment you can ignore this message
[02Oct2026 18:48:55.906] [main/WARN] [mixin/]: Reference map 'iris.refmap.json' for mixins.iris.fantastic.json could not be read. If this is a development environment you can ignore this message
[02Oct2026 18:48:55.908] [main/WARN] [mixin/]: Reference map 'iris.refmap.json' for mixins.iris.vertexformat.json could not be read. If this is a development environment you can ignore this message
[02Oct2026 18:48:55.908] [main/WARN] [mixin/]: Reference map 'iris.refmap.json' for iris-batched-entity-rendering.mixins.json could not be read. If this is a development environment you can ignore this message
[02Oct2026 18:48:55.909] [main/WARN] [mixin/]: Reference map 'iris.refmap.json' for mixins.iris.compat.sodium.json could not be read. If this is a development environment you can ignore this message
[02Oct2026 18:48:55.913] [main/WARN] [mixin/]: Reference map 'super_resolution.refmap.json' for super_resolution.mixins.json could not be read. If this is a development environment you can ignore this message
[02Oct2026 18:48:55.914] [main/WARN] [mixin/]: Reference map 'super_resolution.refmap.json' for super_resolution.hack.mixins.json could not be read. If this is a development environment you can ignore this message
[02Oct2026 18:48:55.925] [main/WARN] [mixin/]: Reference map 'super_resolution.refmap.json' for super_resolution_irisapi.mixins.json could not be read. If this is a development environment you can ignore this message
[02Oct2026 18:48:55.927] [main/WARN] [mixin/]: Reference map 'super_resolution.refmap.json' for super_resolution.shadercompat.mixins.json could not be read. If this is a development environment you can ignore this message
[02Oct2026 18:48:56.080] [main/WARN] [Sodium/]: Force-disabling mixin 'features.render.world.sky.FogRendererMixin' as rule 'mixin.features.render.world.sky' (added by mods [iris]) disables it and children
[02Oct2026 18:48:56.081] [main/WARN] [Sodium/]: Force-disabling mixin 'features.render.world.sky.ClientLevelMixin' as rule 'mixin.features.render.world.sky' (added by mods [iris]) disables it and children
[02Oct2026 18:48:56.082] [main/WARN] [Sodium/]: Force-disabling mixin 'features.render.world.sky.LevelRendererMixin' as rule 'mixin.features.render.world.sky' (added by mods [iris]) disables it and children
[02Oct2026 18:48:56.093] [main/WARN] [Sodium/]: Force-disabling mixin 'workarounds.context_creation.WindowMixin' as rule 'mixin.workarounds' (added by mods [super_resolution]) disables it and children
[02Oct2026 18:48:56.094] [main/WARN] [Sodium/]: Force-disabling mixin 'workarounds.event_loop.RenderSystemMixin' as rule 'mixin.workarounds' (added by mods [super_resolution]) disables it and children
[02Oct2026 18:48:56.496] [main/WARN] [mixin/]: Error loading class: com/portingdeadmods/cable_facades/events/GameClientEvents$2 (java.lang.ClassNotFoundException: com.portingdeadmods.cable_facades.events.GameClientEvents$2)
[02Oct2026 18:48:56.497] [main/WARN] [mixin/]: Error loading class: com/direwolf20/justdirethings/client/renderers/OurRenderTypes (java.lang.ClassNotFoundException: com.direwolf20.justdirethings.client.renderers.OurRenderTypes)
[02Oct2026 18:48:56.498] [main/WARN] [mixin/]: Error loading class: mekanism/client/render/entity/RenderFlame (java.lang.ClassNotFoundException: mekanism.client.render.entity.RenderFlame)
[02Oct2026 18:48:56.499] [main/WARN] [mixin/]: Error loading class: mekanism/client/render/armor/MekaSuitArmor (java.lang.ClassNotFoundException: mekanism.client.render.armor.MekaSuitArmor)
[02Oct2026 18:48:56.500] [main/WARN] [mixin/]: Error loading class: mekanism/client/render/lib/effect/BillboardingEffectRenderer (java.lang.ClassNotFoundException: mekanism.client.render.lib.effect.BillboardingEffectRenderer)
[02Oct2026 18:48:56.502] [main/WARN] [mixin/]: Error loading class: blusunrize/immersiveengineering/client/utils/IEGLShaders (java.lang.ClassNotFoundException: blusunrize.immersiveengineering.client.utils.IEGLShaders)
[02Oct2026 18:48:56.529] [main/INFO] [SuperResolution-Mixin/]: Enabled mixin io.homo.superresolution.neoforge.mixin.compat.iris.GlFramebufferMixin
[02Oct2026 18:48:56.529] [main/INFO] [SuperResolution-Mixin/]: Disabled mixin io.homo.superresolution.neoforge.mixin.compat.reesessodiumoptions.TabFrameMixin
[02Oct2026 18:48:56.530] [main/INFO] [SuperResolution-Mixin/]: Disabled mixin io.homo.superresolution.neoforge.mixin.compat.simpleclouds.DefaultPipelineMixin
[02Oct2026 18:48:56.530] [main/INFO] [SuperResolution-Mixin/]: Disabled mixin io.homo.superresolution.neoforge.mixin.compat.simpleclouds.ShaderSupportPipelineMixin
[02Oct2026 18:48:56.532] [main/INFO] [SuperResolution-Mixin/]: Enabled mixin io.homo.superresolution.neoforge.mixin.compat.sodium.SodiumOptionsGUIMixin
[02Oct2026 18:48:56.533] [main/INFO] [SuperResolution-Mixin/]: Disabled mixin io.homo.superresolution.neoforge.mixin.compat.sodiumoptionsapi.SodiumOptionsTabFrameMixin
[02Oct2026 18:48:56.533] [main/INFO] [SuperResolution-Mixin/]: Enabled mixin io.homo.superresolution.neoforge.mixin.compat.iris.DHCompatInternalMixin
[02Oct2026 18:48:56.927] [main/INFO] [MixinExtras|Service/]: Initializing MixinExtras via com.llamalad7.mixinextras.service.MixinExtrasServiceImpl(version=0.5.0).
[02Oct2026 18:48:58.239] [Datafixer Bootstrap/INFO] [com.mojang.datafixers.DataFixerBuilder/]: 229 Datafixer optimizations took 418 milliseconds
[02Oct2026 18:48:58.723] [main/WARN] [oshi.driver.windows.perfmon.PerfmonDisabled/]: Invalid registry value type detected for PerfOS counters. Should be REG_DWORD. Ignoring: HKEY_LOCAL_MACHINE\SYSTEM\CurrentControlSet\Services\PerfOS\Performance\Disable Performance Counters.
[02Oct2026 18:49:04.717] [main/WARN] [net.minecraft.commands.Commands/]: Ambiguity between arguments [teleport, location] and [teleport, destination] with inputs: [0.1 -0.5 .9, 0 0 0]
[02Oct2026 18:49:04.719] [main/WARN] [net.minecraft.commands.Commands/]: Ambiguity between arguments [teleport, location] and [teleport, targets] with inputs: [0.1 -0.5 .9, 0 0 0]
[02Oct2026 18:49:04.722] [main/WARN] [net.minecraft.commands.Commands/]: Ambiguity between arguments [teleport, destination] and [teleport, targets] with inputs: [Player, 0123, @e, dd12be42-52a9-4a91-a8a1-11c01849e498]
[02Oct2026 18:49:04.723] [main/WARN] [net.minecraft.commands.Commands/]: Ambiguity between arguments [teleport, targets] and [teleport, destination] with inputs: [Player, 0123, dd12be42-52a9-4a91-a8a1-11c01849e498]
[02Oct2026 18:49:04.725] [main/WARN] [net.minecraft.commands.Commands/]: Ambiguity between arguments [teleport, targets, location] and [teleport, targets, destination] with inputs: [0.1 -0.5 .9, 0 0 0]
[02Oct2026 18:49:05.163] [Render thread/WARN] [net.minecraft.server.packs.VanillaPackResourcesBuilder/]: Assets URL 'union:/D:/ProjectDllsss/runtime-baseline/build/moddev/artifacts/neoforge-21.1.219.jar%23172!/assets/.mcassetsroot' uses unexpected schema
[02Oct2026 18:49:05.164] [Render thread/WARN] [net.minecraft.server.packs.VanillaPackResourcesBuilder/]: Assets URL 'union:/D:/ProjectDllsss/runtime-baseline/build/moddev/artifacts/neoforge-21.1.219.jar%23172!/data/.mcassetsroot' uses unexpected schema
[02Oct2026 18:49:05.208] [Render thread/INFO] [com.mojang.authlib.yggdrasil.YggdrasilAuthenticationService/]: Environment: Environment[sessionHost=https://sessionserver.mojang.com, servicesHost=https://api.minecraftservices.com, name=PROD]
[02Oct2026 18:49:05.225] [Render thread/INFO] [net.minecraft.client.Minecraft/]: Setting user: Dev
[02Oct2026 18:49:05.429] [Render thread/INFO] [net.minecraft.client.Minecraft/]: Backend library: LWJGL version 3.3.4+7
[02Oct2026 18:49:07.105] [Render thread/INFO] [SuperResolution/GraphicsCapabilities/]: Added supported OpenGL version 4.6
[02Oct2026 18:49:07.107] [Render thread/INFO] [SuperResolution/GraphicsCapabilities/]: Highest supported OpenGL version 4.6
[02Oct2026 18:49:07.152] [ForkJoinPool.commonPool-worker-9/WARN] [Iris/]: [Iris Update Check] This version doesn't have an update index, skipping.
[02Oct2026 18:49:08.814] [Render thread/INFO] [Iris/]: Debug functionality is disabled.
[02Oct2026 18:49:08.817] [Render thread/INFO] [Iris/]: OpenGL 4.5 detected, enabling DSA.
[02Oct2026 18:49:08.897] [Render thread/INFO] [SuperResolution/]: Loading shader-pack interface configuration: superresolution.v1.json
[02Oct2026 18:49:08.939] [Render thread/INFO] [SuperResolution/]: Shader pack shaders supports super resolution
[02Oct2026 18:49:09.238] [Render thread/INFO] [Iris/]: Profile: HIGH (+0 options changed by user)
[02Oct2026 18:49:10.349] [Render thread/INFO] [Iris/]: Using shaderpack: Complementary-SuperResolution-Wisteria.zip
[02Oct2026 18:49:10.482] [modloading-worker-0/INFO] [Wisteria/]: Wisteria initializing
[02Oct2026 18:49:10.581] [modloading-worker-0/INFO] [net.neoforged.neoforge.common.NeoForgeMod/NEOFORGE-MOD]: NeoForge mod loading, version 21.1.219, for MC 1.21.1
[02Oct2026 18:49:13.282] [Render thread/INFO] [Iris/]: Hardware information:
[02Oct2026 18:49:13.283] [Render thread/INFO] [Iris/]: CPU: 12x AMD Ryzen 5 5600H with Radeon Graphics 
[02Oct2026 18:49:13.283] [Render thread/INFO] [Iris/]: GPU: NVIDIA GeForce RTX 3050 Ti Laptop GPU/PCIe/SSE2 (Supports OpenGL 4.6.0 NVIDIA 596.49)
[02Oct2026 18:49:13.284] [Render thread/INFO] [Iris/]: OS: Windows 11 (10.0)
[02Oct2026 18:49:13.539] [Render thread/INFO] [net.neoforged.neoforge.gametest.GameTestHooks/]: Enabled Gametest Namespaces: []
[02Oct2026 18:49:13.784] [Render thread/INFO] [SuperResolution/NativeLib/]: Extracting native dependencies
[02Oct2026 18:49:13.843] [Render thread/INFO] [SuperResolution/NativeLib/]: libSuperResolution+win64+release.dll already exists with a matching checksum; skipping extraction
[02Oct2026 18:49:13.843] [Render thread/WARN] [SuperResolution/NativeLib/]: Failed to extract optional dependency lib\libSuperResolutionD3D12+win64+release.dll: resource not found
[02Oct2026 18:49:13.843] [Render thread/WARN] [SuperResolution/NativeLib/]: Failed to extract optional dependency libSuperResolutionD3D12+win64+release.dll; skipping it
[02Oct2026 18:49:13.845] [Render thread/WARN] [SuperResolution/NativeLib/]: Failed to extract optional dependency lib\libSuperResolutionFSR+win64+release.dll: resource not found
[02Oct2026 18:49:13.845] [Render thread/WARN] [SuperResolution/NativeLib/]: Failed to extract optional dependency libSuperResolutionFSR+win64+release.dll; skipping it
[02Oct2026 18:49:13.846] [Render thread/WARN] [SuperResolution/NativeLib/]: Failed to extract optional dependency lib\libSuperResolutionFSR4+win64+release.dll: resource not found
[02Oct2026 18:49:13.846] [Render thread/WARN] [SuperResolution/NativeLib/]: Failed to extract optional dependency libSuperResolutionFSR4+win64+release.dll; skipping it
[02Oct2026 18:49:13.847] [Render thread/WARN] [SuperResolution/NativeLib/]: Failed to extract optional dependency lib\libSuperResolutionXeSS+win64+release.dll: resource not found
[02Oct2026 18:49:13.847] [Render thread/WARN] [SuperResolution/NativeLib/]: Failed to extract optional dependency libSuperResolutionXeSS+win64+release.dll; skipping it
[02Oct2026 18:49:13.847] [Render thread/WARN] [SuperResolution/NativeLib/]: Failed to extract optional dependency lib\libSuperResolutionNGX+win64+release.dll: resource not found
[02Oct2026 18:49:13.848] [Render thread/WARN] [SuperResolution/NativeLib/]: Failed to extract optional dependency libSuperResolutionNGX+win64+release.dll; skipping it
[02Oct2026 18:49:13.849] [Render thread/WARN] [SuperResolution/NativeLib/]: Failed to extract optional dependency lib\libSuperResolutionStreamline+win64+release.dll: resource not found
[02Oct2026 18:49:13.849] [Render thread/WARN] [SuperResolution/NativeLib/]: Failed to extract optional dependency libSuperResolutionStreamline+win64+release.dll; skipping it
[02Oct2026 18:49:13.850] [Render thread/INFO] [SuperResolution/NativeLib/]: Skipped optional dependencies: libSuperResolutionD3D12+win64+release.dll, libSuperResolutionFSR+win64+release.dll, libSuperResolutionFSR4+win64+release.dll, libSuperResolutionXeSS+win64+release.dll, libSuperResolutionNGX+win64+release.dll, libSuperResolutionStreamline+win64+release.dll
[02Oct2026 18:49:13.852] [Render thread/INFO] [SuperResolution/NativeLib/]: Native dependencies extracted to D:\ProjectDllsss\runtime-baseline\instance\.\config\super_resolution\libraries
[02Oct2026 18:49:13.854] [Render thread/INFO] [SuperResolution/NativeLib/]: Loading native dependency: D:\ProjectDllsss\runtime-baseline\instance\.\config\super_resolution\libraries\libSuperResolution+win64+release.dll
[02Oct2026 18:49:13.858] [Render thread/INFO] [SuperResolution/NativeLib/]: Loading native dependency: D:\ProjectDllsss\runtime-baseline\instance\.\config\super_resolution\libraries\libSuperResolutionD3D12+win64+release.dll
[02Oct2026 18:49:13.859] [Render thread/WARN] [SuperResolution/NativeLib/]: Failed to load optional dependency libSuperResolutionD3D12+win64+release.dll; skipping it: Can't load library: D:\ProjectDllsss\runtime-baseline\instance\.\config\super_resolution\libraries\libSuperResolutionD3D12+win64+release.dll
[02Oct2026 18:49:14.082] [Render thread/INFO] [SuperResolution/Vulkan/]: OpenGL device: NVIDIA GeForce RTX 3050 Ti Laptop GPU/PCIe/SSE2 (Device UUIDs: 01895B66D1CA454D88788DD21FDEF638, Driver UUID: 9C4136A706265B659812D559FF142597)
[02Oct2026 18:49:14.092] [Render thread/INFO] [SuperResolution/Vulkan/]: Detected 2 Vulkan physical device(s):
[02Oct2026 18:49:14.095] [Render thread/INFO] [SuperResolution/Vulkan/]: [0] NVIDIA GeForce RTX 3050 Ti Laptop GPU (Device UUIDs: 01895B66D1CA454D88788DD21FDEF638, Driver UUID: 9C4136A706265B659812D559FF142597)
[02Oct2026 18:49:14.095] [Render thread/INFO] [SuperResolution/Vulkan/]: [1] AMD Radeon(TM) Graphics (Device UUIDs: 00000000060000000000000000000000, Driver UUID: 414D442D57494E2D4452560000000000)
[02Oct2026 18:49:14.111] [Render thread/INFO] [SuperResolution/]: Vulkan presentation=2454220862656, render=2454220866160, OpenGL renderer='NVIDIA GeForce RTX 3050 Ti Laptop GPU/PCIe/SSE2', Vulkan device='NVIDIA GeForce RTX 3050 Ti Laptop GPU'
[02Oct2026 18:49:14.123] [Render thread/INFO] [Wisteria/]: Registered frame generation backends wisteria:streamline and wisteria:ngx
[02Oct2026 18:49:14.124] [Render thread/INFO] [SuperResolution/Vulkan/]: Enabling device extension: VK_KHR_external_semaphore
[02Oct2026 18:49:14.124] [Render thread/INFO] [SuperResolution/Vulkan/]: Enabling device extension: VK_EXT_mutable_descriptor_type
[02Oct2026 18:49:14.125] [Render thread/INFO] [SuperResolution/Vulkan/]: Enabling device extension: VK_KHR_shader_float16_int8
[02Oct2026 18:49:14.125] [Render thread/INFO] [SuperResolution/Vulkan/]: Enabling device extension: VK_KHR_shader_integer_dot_product
[02Oct2026 18:49:14.125] [Render thread/INFO] [SuperResolution/Vulkan/]: Enabling device extension: VK_KHR_external_memory
[02Oct2026 18:49:14.125] [Render thread/INFO] [SuperResolution/Vulkan/]: Enabling device extension: VK_KHR_dedicated_allocation
[02Oct2026 18:49:14.125] [Render thread/INFO] [SuperResolution/Vulkan/]: Enabling device extension: VK_KHR_get_memory_requirements2
[02Oct2026 18:49:14.125] [Render thread/INFO] [SuperResolution/Vulkan/]: Enabling device extension: VK_EXT_descriptor_indexing
[02Oct2026 18:49:14.125] [Render thread/INFO] [SuperResolution/Vulkan/]: Enabling device extension: VK_NVX_binary_import
[02Oct2026 18:49:14.125] [Render thread/INFO] [SuperResolution/Vulkan/]: Enabling device extension: VK_NVX_image_view_handle
[02Oct2026 18:49:14.125] [Render thread/INFO] [SuperResolution/Vulkan/]: Enabling device extension: VK_KHR_push_descriptor
[02Oct2026 18:49:14.125] [Render thread/INFO] [SuperResolution/Vulkan/]: Enabling device extension: VK_KHR_dynamic_rendering
[02Oct2026 18:49:14.125] [Render thread/INFO] [SuperResolution/Vulkan/]: Enabling device extension: VK_EXT_private_data
[02Oct2026 18:49:14.125] [Render thread/INFO] [SuperResolution/Vulkan/]: Enabling device extension: VK_NV_optical_flow
[02Oct2026 18:49:14.127] [Render thread/INFO] [SuperResolution/Vulkan/]: Enabling device extension: VK_KHR_synchronization2
[02Oct2026 18:49:14.127] [Render thread/INFO] [SuperResolution/Vulkan/]: Enabling device extension: VK_KHR_format_feature_flags2
[02Oct2026 18:49:14.127] [Render thread/INFO] [SuperResolution/Vulkan/]: Enabling device extension: VK_KHR_timeline_semaphore
[02Oct2026 18:49:14.127] [Render thread/INFO] [SuperResolution/Vulkan/]: Enabling device extension: VK_EXT_calibrated_timestamps
[02Oct2026 18:49:14.127] [Render thread/INFO] [SuperResolution/Vulkan/]: Enabling device extension: VK_KHR_external_memory_win32
[02Oct2026 18:49:14.127] [Render thread/INFO] [SuperResolution/Vulkan/]: Enabling device extension: VK_KHR_external_semaphore_win32
[02Oct2026 18:49:14.127] [Render thread/INFO] [SuperResolution/Vulkan/]: Enabling device extension: VK_KHR_swapchain
[02Oct2026 18:49:14.127] [Render thread/INFO] [SuperResolution/Vulkan/]: Enabling device extension: VK_KHR_present_id
[02Oct2026 18:49:14.128] [Render thread/INFO] [SuperResolution/Vulkan/]: Enabling device extension: VK_NV_low_latency2
[02Oct2026 18:49:14.141] [Render thread/INFO] [SuperResolution/Vulkan/]: Vulkan device feature support:
[02Oct2026 18:49:14.141] [Render thread/INFO] [SuperResolution/Vulkan/]:   mutableDescriptorType: true
[02Oct2026 18:49:14.142] [Render thread/INFO] [SuperResolution/Vulkan/]:   shaderInt8: true
[02Oct2026 18:49:14.142] [Render thread/INFO] [SuperResolution/Vulkan/]:   shaderInt16: true
[02Oct2026 18:49:14.142] [Render thread/INFO] [SuperResolution/Vulkan/]:   shaderFloat16: true
[02Oct2026 18:49:14.142] [Render thread/INFO] [SuperResolution/Vulkan/]:   shaderStorageImageWriteWithoutFormat: true
[02Oct2026 18:49:14.142] [Render thread/INFO] [SuperResolution/Vulkan/]:   shaderIntegerDotProduct: true
[02Oct2026 18:49:14.142] [Render thread/INFO] [SuperResolution/Vulkan/]:   bufferDeviceAddress: true
[02Oct2026 18:49:14.142] [Render thread/INFO] [SuperResolution/Vulkan/]:   descriptorIndexing: true
[02Oct2026 18:49:14.142] [Render thread/INFO] [SuperResolution/Vulkan/]:   dynamicRendering: true
[02Oct2026 18:49:14.143] [Render thread/INFO] [SuperResolution/Vulkan/]:   dynamicRenderingLocalRead: true
[02Oct2026 18:49:14.143] [Render thread/INFO] [SuperResolution/Vulkan/]:   privateData: true
[02Oct2026 18:49:14.143] [Render thread/INFO] [SuperResolution/Vulkan/]:   opticalFlow: true
[02Oct2026 18:49:14.143] [Render thread/INFO] [SuperResolution/Vulkan/]:   synchronization2: true
[02Oct2026 18:49:14.143] [Render thread/INFO] [SuperResolution/Vulkan/]:   timelineSemaphore: true
[02Oct2026 18:49:14.143] [Render thread/INFO] [SuperResolution/Vulkan/]:   presentId: true
[02Oct2026 18:49:14.379] [Render thread/INFO] [SuperResolution/Vulkan/]: Vulkan main queue: handle=0x23b6d41b8f0, family=0, index=0
[02Oct2026 18:49:14.380] [Render thread/INFO] [SuperResolution/Vulkan/]: Vulkan FG queue: handle=0x23b6d41a220, family=0, index=1
[02Oct2026 18:49:14.380] [Render thread/INFO] [SuperResolution/Vulkan/]: Vulkan Present queue: handle=0x23b6d41a6b0, family=0, index=2
[02Oct2026 18:49:14.382] [Render thread/INFO] [SuperResolution/Vulkan/]: VK_NV_low_latency2 is available; native Reflex can be used
[02Oct2026 18:49:14.611] [Render thread/INFO] [SuperResolution/]: Created Vulkan presentation swapchain: 854x480, images=3, presentMode=FIFO (requested=3, min=2, max=8, plannedGeneratedFrames=0)
[02Oct2026 18:49:14.620] [Render thread/INFO] [SuperResolution/Vulkan/]: Vulkan initialization completed
[02Oct2026 18:49:14.621] [Render thread/INFO] [SuperResolution/]: GPU vendor: Nvidia
[02Oct2026 18:49:14.622] [Render thread/INFO] [SuperResolution/]: OpenGL version: 4.6
[02Oct2026 18:49:14.626] [Render thread/INFO] [SuperResolution/]: DSA is supported; using GL45OrEXTDirectStateAccessImpl
[02Oct2026 18:49:14.759] [Render thread/INFO] [SuperResolution/]: SR_DIAG glTextureStorage2D texture=7 levels=1 internalFormat=8229 size=512x512 label=NanoVGImage-1
[02Oct2026 18:49:14.764] [Render thread/INFO] [SuperResolution/]: SR_DIAG glTextureStorage2D texture=8 levels=1 internalFormat=8c3a size=854x480 label=ITexture{id=8format=R11G11B10Fwidth=854height=480}
[02Oct2026 18:49:14.765] [Render thread/INFO] [SuperResolution/]: SR_DIAG glTextureStorage2D texture=10 levels=1 internalFormat=88f0 size=854x480 label=ITexture{id=10format=DEPTH24_STENCIL8width=854height=480}
[02Oct2026 18:49:15.076] [Render thread/INFO] [Wisteria/]: FSR_BRIDGE abi=1 version=SDK 1.1.4; FG provider=1.1.3; id=17726168133334470659 available=true
[02Oct2026 18:49:15.103] [Render thread/INFO] [SuperResolution/]: Loading shader-pack interface configuration: superresolution.v1.json
[02Oct2026 18:49:15.108] [Render thread/INFO] [SuperResolution/]: Shader pack shaders supports super resolution
[02Oct2026 18:49:15.184] [Render thread/INFO] [Iris/]: Profile: HIGH (+0 options changed by user)
[02Oct2026 18:49:15.655] [Render thread/INFO] [Iris/]: Using shaderpack: Complementary-SuperResolution-Wisteria.zip
[02Oct2026 18:49:15.691] [Render thread/INFO] [SuperResolution/ShaderCompiler/]: Compiling shader FSR1_EASU with the compatibility shader compiler
[02Oct2026 18:49:16.036] [Render thread/INFO] [SuperResolution/ShaderCompiler/]: Compiling shader FSR1_RCAS with the compatibility shader compiler
[02Oct2026 18:49:16.119] [Render thread/INFO] [SuperResolution/]: SR_DIAG glTextureStorage2D texture=12 levels=1 internalFormat=881a size=854x480 label=Fsr1TempTexture
[02Oct2026 18:49:16.120] [Render thread/INFO] [SuperResolution/]: SR_DIAG glTextureStorage2D texture=13 levels=1 internalFormat=881a size=854x480 label=Fsr1OutputTexture
[02Oct2026 18:49:16.126] [Render thread/INFO] [SuperResolution/ShaderCompiler/]: Compiling shader FSR1_EASU with the compatibility shader compiler
[02Oct2026 18:49:16.204] [Render thread/INFO] [SuperResolution/ShaderCompiler/]: Compiling shader FSR1_RCAS with the compatibility shader compiler
[02Oct2026 18:49:16.279] [Render thread/INFO] [SuperResolution/]: SR_DIAG glTextureStorage2D texture=12 levels=1 internalFormat=881a size=854x480 label=Fsr1TempTexture
[02Oct2026 18:49:16.280] [Render thread/INFO] [SuperResolution/]: SR_DIAG glTextureStorage2D texture=13 levels=1 internalFormat=881a size=854x480 label=Fsr1OutputTexture
[02Oct2026 18:49:16.312] [Render thread/INFO] [net.minecraft.server.packs.resources.ReloadableResourceManager/]: Reloading ResourceManager: vanilla, mod_resources, mod/sodium, mod/fabric_rendering_data_attachment_v1, mod/iris, mod/super_resolution, mod/wisteria, mod/fabric_renderer_api_v1, mod/fabric_api_base, mod/architectury, mod/neoforge, mod/fabric_block_view_api_v2
[02Oct2026 18:49:16.517] [Worker-Main-8/INFO] [net.minecraft.client.gui.font.providers.UnihexProvider/]: Found unifont_all_no_pua-15.1.05.hex, loading
[02Oct2026 18:49:16.556] [Render thread/INFO] [SuperResolution/ShaderCompiler/]: Compiling shader FSR1_EASU with the compatibility shader compiler
[02Oct2026 18:49:16.644] [Render thread/INFO] [SuperResolution/ShaderCompiler/]: Compiling shader FSR1_RCAS with the compatibility shader compiler
[02Oct2026 18:49:16.707] [FsrContextProbe/INFO] [Wisteria/]: FSR_CONTEXT_PROBE create=PASS handle=2454291309984
[02Oct2026 18:49:16.732] [Render thread/INFO] [SuperResolution/]: SR_DIAG glTextureStorage2D texture=12 levels=1 internalFormat=881a size=854x480 label=Fsr1TempTexture
[02Oct2026 18:49:16.737] [Render thread/INFO] [SuperResolution/]: SR_DIAG glTextureStorage2D texture=13 levels=1 internalFormat=881a size=854x480 label=Fsr1OutputTexture
[02Oct2026 18:49:16.787] [FsrContextProbe/INFO] [Wisteria/]: FSR_CONTEXT_PROBE destroy=PASS
[02Oct2026 18:49:16.789] [Render thread/INFO] [Wisteria/]: Registered low latency backend wisteria:reflex_streamline
[02Oct2026 18:49:16.816] [Worker-Main-7/INFO] [net.minecraft.client.gui.font.providers.UnihexProvider/]: Found unifont_jp_patch-15.1.05.hex, loading
[02Oct2026 18:49:16.818] [Render thread/INFO] [SuperResolution/]: SR_INTEROP slot=0 generation=1 frame=0 state=RECORDING fence=0 ready=[] release=[]
[02Oct2026 18:49:16.908] [Render thread/INFO] [SuperResolution/]: SR_INTEROP resource=SRPresentationFinalColor-0 sourceGL=1 sharedGL=27 VkImage=2454228544960 format=RGBA8 VkFormat=37 size=854x480 ready=2457133625344 release=2457133624736 phase=GL_WRITE_READY layout=TRANSFER_SRC_OPTIMAL usages=io.homo.superresolution.core.graphics.impl.texture.TextureUsages@39aa595
[02Oct2026 18:49:16.908] [Render thread/INFO] [SuperResolution/]: SR_INTEROP slot=0 generation=1 frame=0 state=SEALED fence=0 ready=[2457133625344] release=[2457133624736]
[02Oct2026 18:49:16.911] [Render thread/WARN] [SuperResolution/]: Frame generation provider 'wisteria:fsr' is unavailable: Vulkan async foundation was created for provider 'wisteria:ngx', not 'wisteria:fsr'
[02Oct2026 18:49:16.914] [Render thread/INFO] [SuperResolution/]: Frame generation backend negotiation: fg=null, lowLatency=null
[02Oct2026 18:49:16.939] [Render thread/INFO] [SuperResolution/]: SR_INTEROP slot=0 generation=1 frame=0 state=SUBMITTED fence=2456787410464 ready=[2457133625344] release=[2457133624736]
[02Oct2026 18:49:16.998] [Render thread/INFO] [SuperResolution/]: SR_INTEROP resource=SRPresentationFinalColor-1 sourceGL=1 sharedGL=38 VkImage=2454295467856 format=RGBA8 VkFormat=37 size=854x480 ready=2454275695232 release=2454275696144 phase=GL_WRITE_READY layout=TRANSFER_SRC_OPTIMAL usages=io.homo.superresolution.core.graphics.impl.texture.TextureUsages@1c93f349
[02Oct2026 18:49:17.074] [Render thread/INFO] [SuperResolution/]: SR_INTEROP resource=SRPresentationFinalColor-2 sourceGL=1 sharedGL=39 VkImage=2454228534544 format=RGBA8 VkFormat=37 size=854x480 ready=2457133623824 release=2457133622912 phase=GL_WRITE_READY layout=TRANSFER_SRC_OPTIMAL usages=io.homo.superresolution.core.graphics.impl.texture.TextureUsages@5b810b54
[02Oct2026 18:49:17.081] [Render thread/INFO] [SuperResolution/]: SR_INTEROP resource=SRPresentationFinalColor-0 phase=GL_RELEASE_WAIT_REUSE semaphore=2457133624736
[02Oct2026 18:49:17.082] [Render thread/INFO] [SuperResolution/]: SR_INTEROP slot=0 generation=1 frame=0 state=REUSABLE fence=0 ready=[2457133625344] release=[2457133624736]
[02Oct2026 18:49:17.082] [Render thread/INFO] [SuperResolution/]: SR_INTEROP slot=0 generation=4 frame=0 state=RECORDING fence=0 ready=[] release=[]
[02Oct2026 18:49:17.083] [Render thread/INFO] [SuperResolution/]: SR_INTEROP resource=SRPresentationFinalColor-0 sourceGL=1 sharedGL=27 VkImage=2454228544960 format=RGBA8 VkFormat=37 size=854x480 ready=2457133625344 release=2457133624736 phase=GL_WRITE_READY layout=TRANSFER_SRC_OPTIMAL usages=io.homo.superresolution.core.graphics.impl.texture.TextureUsages@39aa595
[02Oct2026 18:49:17.083] [Render thread/INFO] [SuperResolution/]: SR_INTEROP slot=0 generation=4 frame=0 state=SEALED fence=0 ready=[2457133625344] release=[2457133624736]
[02Oct2026 18:49:17.084] [Render thread/INFO] [SuperResolution/]: SR_INTEROP slot=0 generation=4 frame=0 state=SUBMITTED fence=2456787410464 ready=[2457133625344] release=[2457133624736]
[02Oct2026 18:49:17.095] [Render thread/INFO] [SuperResolution/]: SR_INTEROP resource=SRPresentationFinalColor-1 phase=GL_RELEASE_WAIT_REUSE semaphore=2454275696144
[02Oct2026 18:49:17.095] [Render thread/INFO] [SuperResolution/]: SR_INTEROP resource=SRPresentationFinalColor-1 sourceGL=1 sharedGL=38 VkImage=2454295467856 format=RGBA8 VkFormat=37 size=854x480 ready=2454275695232 release=2454275696144 phase=GL_WRITE_READY layout=TRANSFER_SRC_OPTIMAL usages=io.homo.superresolution.core.graphics.impl.texture.TextureUsages@1c93f349
[02Oct2026 18:49:17.134] [Render thread/INFO] [SuperResolution/]: SR_INTEROP resource=SRPresentationFinalColor-2 phase=GL_RELEASE_WAIT_REUSE semaphore=2457133622912
[02Oct2026 18:49:17.136] [Render thread/INFO] [SuperResolution/]: SR_INTEROP resource=SRPresentationFinalColor-2 sourceGL=1 sharedGL=39 VkImage=2454228534544 format=RGBA8 VkFormat=37 size=854x480 ready=2457133623824 release=2457133622912 phase=GL_WRITE_READY layout=TRANSFER_SRC_OPTIMAL usages=io.homo.superresolution.core.graphics.impl.texture.TextureUsages@5b810b54
[02Oct2026 18:49:17.140] [Render thread/INFO] [SuperResolution/]: SR_INTEROP resource=SRPresentationFinalColor-0 phase=GL_RELEASE_WAIT_REUSE semaphore=2457133624736
[02Oct2026 18:49:17.141] [Render thread/INFO] [SuperResolution/]: SR_INTEROP slot=0 generation=4 frame=0 state=REUSABLE fence=0 ready=[2457133625344] release=[2457133624736]
[02Oct2026 18:49:17.141] [Render thread/INFO] [SuperResolution/]: SR_INTEROP slot=0 generation=7 frame=0 state=RECORDING fence=0 ready=[] release=[]
[02Oct2026 18:49:17.142] [Render thread/INFO] [SuperResolution/]: SR_INTEROP slot=0 generation=7 frame=0 state=SEALED fence=0 ready=[2457133625344] release=[2457133624736]
[02Oct2026 18:49:17.142] [Render thread/INFO] [SuperResolution/]: SR_INTEROP slot=0 generation=7 frame=0 state=SUBMITTED fence=2456787410464 ready=[2457133625344] release=[2457133624736]
[02Oct2026 18:49:17.159] [Render thread/INFO] [SuperResolution/]: SR_INTEROP resource=SRPresentationFinalColor-1 phase=GL_RELEASE_WAIT_REUSE semaphore=2454275696144
[02Oct2026 18:49:17.197] [Render thread/INFO] [SuperResolution/]: SR_INTEROP resource=SRPresentationFinalColor-2 phase=GL_RELEASE_WAIT_REUSE semaphore=2457133622912
[02Oct2026 18:49:17.202] [Render thread/INFO] [SuperResolution/]: SR_INTEROP slot=0 generation=7 frame=0 state=REUSABLE fence=0 ready=[2457133625344] release=[2457133624736]
[02Oct2026 18:49:17.202] [Render thread/INFO] [SuperResolution/]: SR_INTEROP slot=0 generation=10 frame=0 state=RECORDING fence=0 ready=[] release=[]
[02Oct2026 18:49:17.203] [Render thread/INFO] [SuperResolution/]: SR_INTEROP slot=0 generation=10 frame=0 state=SEALED fence=0 ready=[2457133625344] release=[2457133624736]
[02Oct2026 18:49:17.204] [Render thread/INFO] [SuperResolution/]: SR_INTEROP slot=0 generation=10 frame=0 state=SUBMITTED fence=2456787410464 ready=[2457133625344] release=[2457133624736]
[02Oct2026 18:49:17.253] [Render thread/INFO] [SuperResolution/]: SR_INTEROP slot=0 generation=10 frame=0 state=REUSABLE fence=0 ready=[2457133625344] release=[2457133624736]
[02Oct2026 18:49:19.106] [Render thread/WARN] [net.minecraft.client.sounds.SoundEngine/]: Missing sound for event: minecraft:item.goat_horn.play
[02Oct2026 18:49:19.107] [Render thread/WARN] [net.minecraft.client.sounds.SoundEngine/]: Missing sound for event: minecraft:entity.goat.screaming.horn_break
[02Oct2026 18:49:19.176] [Render thread/INFO] [com.mojang.blaze3d.audio.Library/]: OpenAL initialized on device OpenAL Soft on 1 - LT-MK24220 (AMD High Definition Audio Device)
[02Oct2026 18:49:19.178] [Render thread/INFO] [net.minecraft.client.sounds.SoundEngine/SOUNDS]: Sound engine started
[02Oct2026 18:49:19.353] [Render thread/INFO] [net.minecraft.client.renderer.texture.TextureAtlas/]: Created: 1024x512x4 minecraft:textures/atlas/blocks.png-atlas
[02Oct2026 18:49:19.396] [Render thread/INFO] [net.minecraft.client.renderer.texture.TextureAtlas/]: Created: 256x256x4 minecraft:textures/atlas/signs.png-atlas
[02Oct2026 18:49:19.396] [Render thread/INFO] [net.minecraft.client.renderer.texture.TextureAtlas/]: Created: 512x512x4 minecraft:textures/atlas/shield_patterns.png-atlas
[02Oct2026 18:49:19.398] [Render thread/INFO] [net.minecraft.client.renderer.texture.TextureAtlas/]: Created: 512x512x4 minecraft:textures/atlas/banner_patterns.png-atlas
[02Oct2026 18:49:19.399] [Render thread/INFO] [net.minecraft.client.renderer.texture.TextureAtlas/]: Created: 1024x1024x4 minecraft:textures/atlas/armor_trims.png-atlas
[02Oct2026 18:49:19.411] [Render thread/INFO] [net.minecraft.client.renderer.texture.TextureAtlas/]: Created: 128x64x4 minecraft:textures/atlas/decorated_pot.png-atlas
[02Oct2026 18:49:19.412] [Render thread/INFO] [net.minecraft.client.renderer.texture.TextureAtlas/]: Created: 256x256x4 minecraft:textures/atlas/chest.png-atlas
[02Oct2026 18:49:19.412] [Render thread/INFO] [net.minecraft.client.renderer.texture.TextureAtlas/]: Created: 512x256x4 minecraft:textures/atlas/beds.png-atlas
[02Oct2026 18:49:19.414] [Render thread/INFO] [net.minecraft.client.renderer.texture.TextureAtlas/]: Created: 512x256x4 minecraft:textures/atlas/shulker_boxes.png-atlas
[02Oct2026 18:49:19.793] [Render thread/INFO] [net.minecraft.client.renderer.texture.TextureAtlas/]: Created: 512x256x0 minecraft:textures/atlas/particles.png-atlas
[02Oct2026 18:49:19.794] [Render thread/INFO] [net.minecraft.client.renderer.texture.TextureAtlas/]: Created: 512x256x0 minecraft:textures/atlas/paintings.png-atlas
[02Oct2026 18:49:19.796] [Render thread/INFO] [net.minecraft.client.renderer.texture.TextureAtlas/]: Created: 256x128x0 minecraft:textures/atlas/mob_effects.png-atlas
[02Oct2026 18:49:19.796] [Render thread/INFO] [net.minecraft.client.renderer.texture.TextureAtlas/]: Created: 64x64x0 minecraft:textures/atlas/map_decorations.png-atlas
[02Oct2026 18:49:19.796] [Render thread/INFO] [net.minecraft.client.renderer.texture.TextureAtlas/]: Created: 1024x512x0 minecraft:textures/atlas/gui.png-atlas
[02Oct2026 18:49:19.827] [Render thread/WARN] [net.minecraft.client.renderer.ShaderInstance/]: Shader rendertype_entity_translucent_emissive could not find sampler named Sampler2 in the specified shader program.
[02Oct2026 18:49:19.927] [Render thread/INFO] [net.neoforged.neoforge.client.entity.animation.json.AnimationLoader/]: Loaded 0 entity animations
[02Oct2026 18:49:19.984] [Render thread/INFO] [Iris/]: Creating pipeline for dimension minecraft:overworld
[02Oct2026 18:49:20.125] [Render thread/WARN] [Iris/]: Failed to resolve uniform inPaleGarden, reason: Unknown variable: BIOME_PALE_GARDEN ( = FunctionCall{smooth {[Number{55}, FunctionCall{if {[FunctionCall{in {[Id{biome}, Id{BIOME_PALE_GARDEN}]} }, Number{1}, Number{0}]} }, Number{15}, Number{15}]} })
java.lang.RuntimeException: Unknown variable: BIOME_PALE_GARDEN
	at TRANSFORMER/iris@1.8.8+mc1.21.1/kroppeb.stareval.resolver.ExpressionResolver.resolveExpressionInternal(ExpressionResolver.java:225) ~[iris-1.8.8+1.21.1-neoforge-neoforge,1.21.1.jar%23177!/:?]
	at TRANSFORMER/iris@1.8.8+mc1.21.1/kroppeb.stareval.resolver.ExpressionResolver.resolveCallExpressionInternal(ExpressionResolver.java:81) ~[iris-1.8.8+1.21.1-neoforge-neoforge,1.21.1.jar%23177!/:?]
	at TRANSFORMER/iris@1.8.8+mc1.21.1/kroppeb.stareval.resolver.ExpressionResolver.resolveCallExpression(ExpressionResolver.java:140) ~[iris-1.8.8+1.21.1-neoforge-neoforge,1.21.1.jar%23177!/:?]
	at TRANSFORMER/iris@1.8.8+mc1.21.1/kroppeb.stareval.resolver.ExpressionResolver.resolveExpressionInternal(ExpressionResolver.java:196) ~[iris-1.8.8+1.21.1-neoforge-neoforge,1.21.1.jar%23177!/:?]
	at TRANSFORMER/iris@1.8.8+mc1.21.1/kroppeb.stareval.resolver.ExpressionResolver.resolveCallExpressionInternal(ExpressionResolver.java:81) ~[iris-1.8.8+1.21.1-neoforge-neoforge,1.21.1.jar%23177!/:?]
	at TRANSFORMER/iris@1.8.8+mc1.21.1/kroppeb.stareval.resolver.ExpressionResolver.resolveCallExpression(ExpressionResolver.java:140) ~[iris-1.8.8+1.21.1-neoforge-neoforge,1.21.1.jar%23177!/:?]
	at TRANSFORMER/iris@1.8.8+mc1.21.1/kroppeb.stareval.resolver.ExpressionResolver.resolveCallExpression(ExpressionResolver.java:127) ~[iris-1.8.8+1.21.1-neoforge-neoforge,1.21.1.jar%23177!/:?]
	at TRANSFORMER/iris@1.8.8+mc1.21.1/kroppeb.stareval.resolver.ExpressionResolver.resolveExpressionInternal(ExpressionResolver.java:196) ~[iris-1.8.8+1.21.1-neoforge-neoforge,1.21.1.jar%23177!/:?]
	at TRANSFORMER/iris@1.8.8+mc1.21.1/kroppeb.stareval.resolver.ExpressionResolver.resolveCallExpressionInternal(ExpressionResolver.java:81) ~[iris-1.8.8+1.21.1-neoforge-neoforge,1.21.1.jar%23177!/:?]
	at TRANSFORMER/iris@1.8.8+mc1.21.1/kroppeb.stareval.resolver.ExpressionResolver.resolveCallExpression(ExpressionResolver.java:140) ~[iris-1.8.8+1.21.1-neoforge-neoforge,1.21.1.jar%23177!/:?]
	at TRANSFORMER/iris@1.8.8+mc1.21.1/kroppeb.stareval.resolver.ExpressionResolver.resolveExpressionInternal(ExpressionResolver.java:196) ~[iris-1.8.8+1.21.1-neoforge-neoforge,1.21.1.jar%23177!/:?]
	at TRANSFORMER/iris@1.8.8+mc1.21.1/kroppeb.stareval.resolver.ExpressionResolver.resolveExpression(ExpressionResolver.java:50) ~[iris-1.8.8+1.21.1-neoforge-neoforge,1.21.1.jar%23177!/:?]
	at TRANSFORMER/iris@1.8.8+mc1.21.1/net.irisshaders.iris.uniforms.custom.CustomUniforms.<init>(CustomUniforms.java:60) ~[iris-1.8.8+1.21.1-neoforge-neoforge,1.21.1.jar%23177!/:?]
	at TRANSFORMER/iris@1.8.8+mc1.21.1/net.irisshaders.iris.uniforms.custom.CustomUniforms$Builder.build(CustomUniforms.java:332) ~[iris-1.8.8+1.21.1-neoforge-neoforge,1.21.1.jar%23177!/:?]
	at TRANSFORMER/iris@1.8.8+mc1.21.1/net.irisshaders.iris.uniforms.custom.CustomUniforms$Builder.build(CustomUniforms.java:343) ~[iris-1.8.8+1.21.1-neoforge-neoforge,1.21.1.jar%23177!/:?]
	at TRANSFORMER/iris@1.8.8+mc1.21.1/net.irisshaders.iris.pipeline.IrisRenderingPipeline.<init>(IrisRenderingPipeline.java:282) ~[iris-1.8.8+1.21.1-neoforge-neoforge,1.21.1.jar%23177!/:?]
	at TRANSFORMER/iris@1.8.8+mc1.21.1/net.irisshaders.iris.Iris.createPipeline(Iris.java:616) ~[iris-1.8.8+1.21.1-neoforge-neoforge,1.21.1.jar%23177!/:?]
	at TRANSFORMER/iris@1.8.8+mc1.21.1/net.irisshaders.iris.pipeline.PipelineManager.preparePipeline(PipelineManager.java:33) ~[iris-1.8.8+1.21.1-neoforge-neoforge,1.21.1.jar%23177!/:?]
	at TRANSFORMER/iris@1.8.8+mc1.21.1/net.irisshaders.iris.Iris.onLoadingComplete(Iris.java:150) ~[iris-1.8.8+1.21.1-neoforge-neoforge,1.21.1.jar%23177!/:?]
	at TRANSFORMER/minecraft@1.21.1/net.minecraft.client.gui.screens.TitleScreen.handler$zfl000$iris$firstInit(TitleScreen.java:525) ~[neoforge-21.1.219.jar%23172!/:?]
	at TRANSFORMER/minecraft@1.21.1/net.minecraft.client.gui.screens.TitleScreen.init(TitleScreen.java:157) ~[neoforge-21.1.219.jar%23172!/:?]
	at TRANSFORMER/minecraft@1.21.1/net.minecraft.client.gui.screens.Screen.init(Screen.java:317) ~[neoforge-21.1.219.jar%23172!/:?]
	at TRANSFORMER/minecraft@1.21.1/net.minecraft.client.Minecraft.setScreen(Minecraft.java:1057) ~[neoforge-21.1.219.jar%23172!/:?]
	at TRANSFORMER/minecraft@1.21.1/net.minecraft.client.Minecraft.lambda$buildInitialScreens$9(Minecraft.java:664) ~[neoforge-21.1.219.jar%23172!/:?]
	at TRANSFORMER/minecraft@1.21.1/net.minecraft.client.Minecraft.onGameLoadFinished(Minecraft.java:650) ~[neoforge-21.1.219.jar%23172!/:?]
	at TRANSFORMER/minecraft@1.21.1/net.minecraft.client.Minecraft.onResourceLoadFinished(Minecraft.java:641) ~[neoforge-21.1.219.jar%23172!/:?]
	at TRANSFORMER/minecraft@1.21.1/net.minecraft.client.Minecraft.lambda$new$7(Minecraft.java:629) ~[neoforge-21.1.219.jar%23172!/:?]
	at TRANSFORMER/minecraft@1.21.1/net.minecraft.Util.ifElse(Util.java:513) ~[neoforge-21.1.219.jar%23172!/:?]
	at TRANSFORMER/minecraft@1.21.1/net.minecraft.client.Minecraft.lambda$new$8(Minecraft.java:623) ~[neoforge-21.1.219.jar%23172!/:?]
	at TRANSFORMER/minecraft@1.21.1/net.minecraft.client.gui.screens.LoadingOverlay.render(LoadingOverlay.java:139) ~[neoforge-21.1.219.jar%23172!/:?]
	at TRANSFORMER/minecraft@1.21.1/net.minecraft.client.renderer.GameRenderer.render(GameRenderer.java:1081) ~[neoforge-21.1.219.jar%23172!/:?]
	at TRANSFORMER/minecraft@1.21.1/net.minecraft.client.Minecraft.runTick(Minecraft.java:1195) ~[neoforge-21.1.219.jar%23172!/:?]
	at TRANSFORMER/minecraft@1.21.1/net.minecraft.client.Minecraft.run(Minecraft.java:807) ~[neoforge-21.1.219.jar%23172!/:?]
	at TRANSFORMER/minecraft@1.21.1/net.minecraft.client.main.Main.main(Main.java:230) ~[neoforge-21.1.219.jar%23172!/:?]
	at java.base/jdk.internal.reflect.DirectMethodHandleAccessor.invoke(DirectMethodHandleAccessor.java:103) ~[?:?]
	at java.base/java.lang.reflect.Method.invoke(Method.java:580) ~[?:?]
	at MC-BOOTSTRAP/fml_loader@4.0.42/net.neoforged.fml.loading.targets.CommonLaunchHandler.runTarget(CommonLaunchHandler.java:136) ~[loader-4.0.42.jar%23130!/:4.0]
	at MC-BOOTSTRAP/fml_loader@4.0.42/net.neoforged.fml.loading.targets.CommonLaunchHandler.clientService(CommonLaunchHandler.java:124) ~[loader-4.0.42.jar%23130!/:4.0]
	at MC-BOOTSTRAP/fml_loader@4.0.42/net.neoforged.fml.loading.targets.NeoForgeClientDevLaunchHandler.runService(NeoForgeClientDevLaunchHandler.java:23) ~[loader-4.0.42.jar%23130!/:4.0]
	at MC-BOOTSTRAP/fml_loader@4.0.42/net.neoforged.fml.loading.targets.CommonLaunchHandler.lambda$launchService$4(CommonLaunchHandler.java:118) ~[loader-4.0.42.jar%23130!/:4.0]
	at MC-BOOTSTRAP/cpw.mods.modlauncher@11.0.5/cpw.mods.modlauncher.LaunchServiceHandlerDecorator.launch(LaunchServiceHandlerDecorator.java:30) [modlauncher-11.0.5.jar%23112!/:?]
	at MC-BOOTSTRAP/cpw.mods.modlauncher@11.0.5/cpw.mods.modlauncher.LaunchServiceHandler.launch(LaunchServiceHandler.java:53) [modlauncher-11.0.5.jar%23112!/:?]
	at MC-BOOTSTRAP/cpw.mods.modlauncher@11.0.5/cpw.mods.modlauncher.LaunchServiceHandler.launch(LaunchServiceHandler.java:71) [modlauncher-11.0.5.jar%23112!/:?]
	at MC-BOOTSTRAP/cpw.mods.modlauncher@11.0.5/cpw.mods.modlauncher.Launcher.run(Launcher.java:103) [modlauncher-11.0.5.jar%23112!/:?]
	at MC-BOOTSTRAP/cpw.mods.modlauncher@11.0.5/cpw.mods.modlauncher.Launcher.main(Launcher.java:74) [modlauncher-11.0.5.jar%23112!/:?]
	at MC-BOOTSTRAP/cpw.mods.modlauncher@11.0.5/cpw.mods.modlauncher.BootstrapLaunchConsumer.accept(BootstrapLaunchConsumer.java:26) [modlauncher-11.0.5.jar%23112!/:?]
	at MC-BOOTSTRAP/cpw.mods.modlauncher@11.0.5/cpw.mods.modlauncher.BootstrapLaunchConsumer.accept(BootstrapLaunchConsumer.java:23) [modlauncher-11.0.5.jar%23112!/:?]
	at cpw.mods.bootstraplauncher@2.0.2/cpw.mods.bootstraplauncher.BootstrapLauncher.run(BootstrapLauncher.java:210) [bootstraplauncher-2.0.2.jar:?]
	at cpw.mods.bootstraplauncher@2.0.2/cpw.mods.bootstraplauncher.BootstrapLauncher.main(BootstrapLauncher.java:69) [bootstraplauncher-2.0.2.jar:?]
	at java.base/jdk.internal.reflect.DirectMethodHandleAccessor.invoke(DirectMethodHandleAccessor.java:103) ~[?:?]
	at java.base/java.lang.reflect.Method.invoke(Method.java:580) ~[?:?]
	at net.neoforged.devlaunch.Main.main(Main.java:57) [DevLaunch-1.0.2.jar:?]
[02Oct2026 18:49:20.134] [Render thread/WARN] [Iris/]: Failed to resolve uniform inSulfurCaves, reason: Unknown variable: BIOME_SULFUR_CAVES ( = FunctionCall{smooth {[Number{56}, FunctionCall{if {[FunctionCall{in {[Id{biome}, Id{BIOME_SULFUR_CAVES}]} }, Number{1}, Number{0}]} }, Number{15}, Number{15}]} })
java.lang.RuntimeException: Unknown variable: BIOME_SULFUR_CAVES
	at TRANSFORMER/iris@1.8.8+mc1.21.1/kroppeb.stareval.resolver.ExpressionResolver.resolveExpressionInternal(ExpressionResolver.java:225) ~[iris-1.8.8+1.21.1-neoforge-neoforge,1.21.1.jar%23177!/:?]
	at TRANSFORMER/iris@1.8.8+mc1.21.1/kroppeb.stareval.resolver.ExpressionResolver.resolveCallExpressionInternal(ExpressionResolver.java:81) ~[iris-1.8.8+1.21.1-neoforge-neoforge,1.21.1.jar%23177!/:?]
	at TRANSFORMER/iris@1.8.8+mc1.21.1/kroppeb.stareval.resolver.ExpressionResolver.resolveCallExpression(ExpressionResolver.java:140) ~[iris-1.8.8+1.21.1-neoforge-neoforge,1.21.1.jar%23177!/:?]
	at TRANSFORMER/iris@1.8.8+mc1.21.1/kroppeb.stareval.resolver.ExpressionResolver.resolveExpressionInternal(ExpressionResolver.java:196) ~[iris-1.8.8+1.21.1-neoforge-neoforge,1.21.1.jar%23177!/:?]
	at TRANSFORMER/iris@1.8.8+mc1.21.1/kroppeb.stareval.resolver.ExpressionResolver.resolveCallExpressionInternal(ExpressionResolver.java:81) ~[iris-1.8.8+1.21.1-neoforge-neoforge,1.21.1.jar%23177!/:?]
	at TRANSFORMER/iris@1.8.8+mc1.21.1/kroppeb.stareval.resolver.ExpressionResolver.resolveCallExpression(ExpressionResolver.java:140) ~[iris-1.8.8+1.21.1-neoforge-neoforge,1.21.1.jar%23177!/:?]
	at TRANSFORMER/iris@1.8.8+mc1.21.1/kroppeb.stareval.resolver.ExpressionResolver.resolveCallExpression(ExpressionResolver.java:127) ~[iris-1.8.8+1.21.1-neoforge-neoforge,1.21.1.jar%23177!/:?]
	at TRANSFORMER/iris@1.8.8+mc1.21.1/kroppeb.stareval.resolver.ExpressionResolver.resolveExpressionInternal(ExpressionResolver.java:196) ~[iris-1.8.8+1.21.1-neoforge-neoforge,1.21.1.jar%23177!/:?]
	at TRANSFORMER/iris@1.8.8+mc1.21.1/kroppeb.stareval.resolver.ExpressionResolver.resolveCallExpressionInternal(ExpressionResolver.java:81) ~[iris-1.8.8+1.21.1-neoforge-neoforge,1.21.1.jar%23177!/:?]
	at TRANSFORMER/iris@1.8.8+mc1.21.1/kroppeb.stareval.resolver.ExpressionResolver.resolveCallExpression(ExpressionResolver.java:140) ~[iris-1.8.8+1.21.1-neoforge-neoforge,1.21.1.jar%23177!/:?]
	at TRANSFORMER/iris@1.8.8+mc1.21.1/kroppeb.stareval.resolver.ExpressionResolver.resolveExpressionInternal(ExpressionResolver.java:196) ~[iris-1.8.8+1.21.1-neoforge-neoforge,1.21.1.jar%23177!/:?]
	at TRANSFORMER/iris@1.8.8+mc1.21.1/kroppeb.stareval.resolver.ExpressionResolver.resolveExpression(ExpressionResolver.java:50) ~[iris-1.8.8+1.21.1-neoforge-neoforge,1.21.1.jar%23177!/:?]
	at TRANSFORMER/iris@1.8.8+mc1.21.1/net.irisshaders.iris.uniforms.custom.CustomUniforms.<init>(CustomUniforms.java:60) ~[iris-1.8.8+1.21.1-neoforge-neoforge,1.21.1.jar%23177!/:?]
	at TRANSFORMER/iris@1.8.8+mc1.21.1/net.irisshaders.iris.uniforms.custom.CustomUniforms$Builder.build(CustomUniforms.java:332) ~[iris-1.8.8+1.21.1-neoforge-neoforge,1.21.1.jar%23177!/:?]
	at TRANSFORMER/iris@1.8.8+mc1.21.1/net.irisshaders.iris.uniforms.custom.CustomUniforms$Builder.build(CustomUniforms.java:343) ~[iris-1.8.8+1.21.1-neoforge-neoforge,1.21.1.jar%23177!/:?]
	at TRANSFORMER/iris@1.8.8+mc1.21.1/net.irisshaders.iris.pipeline.IrisRenderingPipeline.<init>(IrisRenderingPipeline.java:282) ~[iris-1.8.8+1.21.1-neoforge-neoforge,1.21.1.jar%23177!/:?]
	at TRANSFORMER/iris@1.8.8+mc1.21.1/net.irisshaders.iris.Iris.createPipeline(Iris.java:616) ~[iris-1.8.8+1.21.1-neoforge-neoforge,1.21.1.jar%23177!/:?]
	at TRANSFORMER/iris@1.8.8+mc1.21.1/net.irisshaders.iris.pipeline.PipelineManager.preparePipeline(PipelineManager.java:33) ~[iris-1.8.8+1.21.1-neoforge-neoforge,1.21.1.jar%23177!/:?]
	at TRANSFORMER/iris@1.8.8+mc1.21.1/net.irisshaders.iris.Iris.onLoadingComplete(Iris.java:150) ~[iris-1.8.8+1.21.1-neoforge-neoforge,1.21.1.jar%23177!/:?]
	at TRANSFORMER/minecraft@1.21.1/net.minecraft.client.gui.screens.TitleScreen.handler$zfl000$iris$firstInit(TitleScreen.java:525) ~[neoforge-21.1.219.jar%23172!/:?]
	at TRANSFORMER/minecraft@1.21.1/net.minecraft.client.gui.screens.TitleScreen.init(TitleScreen.java:157) ~[neoforge-21.1.219.jar%23172!/:?]
	at TRANSFORMER/minecraft@1.21.1/net.minecraft.client.gui.screens.Screen.init(Screen.java:317) ~[neoforge-21.1.219.jar%23172!/:?]
	at TRANSFORMER/minecraft@1.21.1/net.minecraft.client.Minecraft.setScreen(Minecraft.java:1057) ~[neoforge-21.1.219.jar%23172!/:?]
	at TRANSFORMER/minecraft@1.21.1/net.minecraft.client.Minecraft.lambda$buildInitialScreens$9(Minecraft.java:664) ~[neoforge-21.1.219.jar%23172!/:?]
	at TRANSFORMER/minecraft@1.21.1/net.minecraft.client.Minecraft.onGameLoadFinished(Minecraft.java:650) ~[neoforge-21.1.219.jar%23172!/:?]
	at TRANSFORMER/minecraft@1.21.1/net.minecraft.client.Minecraft.onResourceLoadFinished(Minecraft.java:641) ~[neoforge-21.1.219.jar%23172!/:?]
	at TRANSFORMER/minecraft@1.21.1/net.minecraft.client.Minecraft.lambda$new$7(Minecraft.java:629) ~[neoforge-21.1.219.jar%23172!/:?]
	at TRANSFORMER/minecraft@1.21.1/net.minecraft.Util.ifElse(Util.java:513) ~[neoforge-21.1.219.jar%23172!/:?]
	at TRANSFORMER/minecraft@1.21.1/net.minecraft.client.Minecraft.lambda$new$8(Minecraft.java:623) ~[neoforge-21.1.219.jar%23172!/:?]
	at TRANSFORMER/minecraft@1.21.1/net.minecraft.client.gui.screens.LoadingOverlay.render(LoadingOverlay.java:139) ~[neoforge-21.1.219.jar%23172!/:?]
	at TRANSFORMER/minecraft@1.21.1/net.minecraft.client.renderer.GameRenderer.render(GameRenderer.java:1081) ~[neoforge-21.1.219.jar%23172!/:?]
	at TRANSFORMER/minecraft@1.21.1/net.minecraft.client.Minecraft.runTick(Minecraft.java:1195) ~[neoforge-21.1.219.jar%23172!/:?]
	at TRANSFORMER/minecraft@1.21.1/net.minecraft.client.Minecraft.run(Minecraft.java:807) ~[neoforge-21.1.219.jar%23172!/:?]
	at TRANSFORMER/minecraft@1.21.1/net.minecraft.client.main.Main.main(Main.java:230) ~[neoforge-21.1.219.jar%23172!/:?]
	at java.base/jdk.internal.reflect.DirectMethodHandleAccessor.invoke(DirectMethodHandleAccessor.java:103) ~[?:?]
	at java.base/java.lang.reflect.Method.invoke(Method.java:580) ~[?:?]
	at MC-BOOTSTRAP/fml_loader@4.0.42/net.neoforged.fml.loading.targets.CommonLaunchHandler.runTarget(CommonLaunchHandler.java:136) ~[loader-4.0.42.jar%23130!/:4.0]
	at MC-BOOTSTRAP/fml_loader@4.0.42/net.neoforged.fml.loading.targets.CommonLaunchHandler.clientService(CommonLaunchHandler.java:124) ~[loader-4.0.42.jar%23130!/:4.0]
	at MC-BOOTSTRAP/fml_loader@4.0.42/net.neoforged.fml.loading.targets.NeoForgeClientDevLaunchHandler.runService(NeoForgeClientDevLaunchHandler.java:23) ~[loader-4.0.42.jar%23130!/:4.0]
	at MC-BOOTSTRAP/fml_loader@4.0.42/net.neoforged.fml.loading.targets.CommonLaunchHandler.lambda$launchService$4(CommonLaunchHandler.java:118) ~[loader-4.0.42.jar%23130!/:4.0]
	at MC-BOOTSTRAP/cpw.mods.modlauncher@11.0.5/cpw.mods.modlauncher.LaunchServiceHandlerDecorator.launch(LaunchServiceHandlerDecorator.java:30) [modlauncher-11.0.5.jar%23112!/:?]
	at MC-BOOTSTRAP/cpw.mods.modlauncher@11.0.5/cpw.mods.modlauncher.LaunchServiceHandler.launch(LaunchServiceHandler.java:53) [modlauncher-11.0.5.jar%23112!/:?]
	at MC-BOOTSTRAP/cpw.mods.modlauncher@11.0.5/cpw.mods.modlauncher.LaunchServiceHandler.launch(LaunchServiceHandler.java:71) [modlauncher-11.0.5.jar%23112!/:?]
	at MC-BOOTSTRAP/cpw.mods.modlauncher@11.0.5/cpw.mods.modlauncher.Launcher.run(Launcher.java:103) [modlauncher-11.0.5.jar%23112!/:?]
	at MC-BOOTSTRAP/cpw.mods.modlauncher@11.0.5/cpw.mods.modlauncher.Launcher.main(Launcher.java:74) [modlauncher-11.0.5.jar%23112!/:?]
	at MC-BOOTSTRAP/cpw.mods.modlauncher@11.0.5/cpw.mods.modlauncher.BootstrapLaunchConsumer.accept(BootstrapLaunchConsumer.java:26) [modlauncher-11.0.5.jar%23112!/:?]
	at MC-BOOTSTRAP/cpw.mods.modlauncher@11.0.5/cpw.mods.modlauncher.BootstrapLaunchConsumer.accept(BootstrapLaunchConsumer.java:23) [modlauncher-11.0.5.jar%23112!/:?]
	at cpw.mods.bootstraplauncher@2.0.2/cpw.mods.bootstraplauncher.BootstrapLauncher.run(BootstrapLauncher.java:210) [bootstraplauncher-2.0.2.jar:?]
	at cpw.mods.bootstraplauncher@2.0.2/cpw.mods.bootstraplauncher.BootstrapLauncher.main(BootstrapLauncher.java:69) [bootstraplauncher-2.0.2.jar:?]
	at java.base/jdk.internal.reflect.DirectMethodHandleAccessor.invoke(DirectMethodHandleAccessor.java:103) ~[?:?]
	at java.base/java.lang.reflect.Method.invoke(Method.java:580) ~[?:?]
	at net.neoforged.devlaunch.Main.main(Main.java:57) [DevLaunch-1.0.2.jar:?]
[02Oct2026 18:49:20.143] [Render thread/WARN] [Iris/]: Failed to resolve uniform endFlashFactor0, reason: Unknown variable: endFlashIntensity ( = BinaryExpr{ {FunctionCall{min {[Id{endFlashIntensity}, Number{0.5}]} }} multiply{0} {Number{2.0}} })
java.lang.RuntimeException: Unknown variable: endFlashIntensity
	at TRANSFORMER/iris@1.8.8+mc1.21.1/kroppeb.stareval.resolver.ExpressionResolver.resolveExpressionInternal(ExpressionResolver.java:225) ~[iris-1.8.8+1.21.1-neoforge-neoforge,1.21.1.jar%23177!/:?]
	at TRANSFORMER/iris@1.8.8+mc1.21.1/kroppeb.stareval.resolver.ExpressionResolver.resolveCallExpressionInternal(ExpressionResolver.java:81) ~[iris-1.8.8+1.21.1-neoforge-neoforge,1.21.1.jar%23177!/:?]
	at TRANSFORMER/iris@1.8.8+mc1.21.1/kroppeb.stareval.resolver.ExpressionResolver.resolveCallExpression(ExpressionResolver.java:111) ~[iris-1.8.8+1.21.1-neoforge-neoforge,1.21.1.jar%23177!/:?]
	at TRANSFORMER/iris@1.8.8+mc1.21.1/kroppeb.stareval.resolver.ExpressionResolver.resolveExpressionInternal(ExpressionResolver.java:196) ~[iris-1.8.8+1.21.1-neoforge-neoforge,1.21.1.jar%23177!/:?]
	at TRANSFORMER/iris@1.8.8+mc1.21.1/kroppeb.stareval.resolver.ExpressionResolver.resolveCallExpressionInternal(ExpressionResolver.java:81) ~[iris-1.8.8+1.21.1-neoforge-neoforge,1.21.1.jar%23177!/:?]
	at TRANSFORMER/iris@1.8.8+mc1.21.1/kroppeb.stareval.resolver.ExpressionResolver.resolveCallExpression(ExpressionResolver.java:111) ~[iris-1.8.8+1.21.1-neoforge-neoforge,1.21.1.jar%23177!/:?]
	at TRANSFORMER/iris@1.8.8+mc1.21.1/kroppeb.stareval.resolver.ExpressionResolver.resolveExpressionInternal(ExpressionResolver.java:192) ~[iris-1.8.8+1.21.1-neoforge-neoforge,1.21.1.jar%23177!/:?]
	at TRANSFORMER/iris@1.8.8+mc1.21.1/kroppeb.stareval.resolver.ExpressionResolver.resolveExpression(ExpressionResolver.java:50) ~[iris-1.8.8+1.21.1-neoforge-neoforge,1.21.1.jar%23177!/:?]
	at TRANSFORMER/iris@1.8.8+mc1.21.1/net.irisshaders.iris.uniforms.custom.CustomUniforms.<init>(CustomUniforms.java:60) ~[iris-1.8.8+1.21.1-neoforge-neoforge,1.21.1.jar%23177!/:?]
	at TRANSFORMER/iris@1.8.8+mc1.21.1/net.irisshaders.iris.uniforms.custom.CustomUniforms$Builder.build(CustomUniforms.java:332) ~[iris-1.8.8+1.21.1-neoforge-neoforge,1.21.1.jar%23177!/:?]
	at TRANSFORMER/iris@1.8.8+mc1.21.1/net.irisshaders.iris.uniforms.custom.CustomUniforms$Builder.build(CustomUniforms.java:343) ~[iris-1.8.8+1.21.1-neoforge-neoforge,1.21.1.jar%23177!/:?]
	at TRANSFORMER/iris@1.8.8+mc1.21.1/net.irisshaders.iris.pipeline.IrisRenderingPipeline.<init>(IrisRenderingPipeline.java:282) ~[iris-1.8.8+1.21.1-neoforge-neoforge,1.21.1.jar%23177!/:?]
	at TRANSFORMER/iris@1.8.8+mc1.21.1/net.irisshaders.iris.Iris.createPipeline(Iris.java:616) ~[iris-1.8.8+1.21.1-neoforge-neoforge,1.21.1.jar%23177!/:?]
	at TRANSFORMER/iris@1.8.8+mc1.21.1/net.irisshaders.iris.pipeline.PipelineManager.preparePipeline(PipelineManager.java:33) ~[iris-1.8.8+1.21.1-neoforge-neoforge,1.21.1.jar%23177!/:?]
	at TRANSFORMER/iris@1.8.8+mc1.21.1/net.irisshaders.iris.Iris.onLoadingComplete(Iris.java:150) ~[iris-1.8.8+1.21.1-neoforge-neoforge,1.21.1.jar%23177!/:?]
	at TRANSFORMER/minecraft@1.21.1/net.minecraft.client.gui.screens.TitleScreen.handler$zfl000$iris$firstInit(TitleScreen.java:525) ~[neoforge-21.1.219.jar%23172!/:?]
	at TRANSFORMER/minecraft@1.21.1/net.minecraft.client.gui.screens.TitleScreen.init(TitleScreen.java:157) ~[neoforge-21.1.219.jar%23172!/:?]
	at TRANSFORMER/minecraft@1.21.1/net.minecraft.client.gui.screens.Screen.init(Screen.java:317) ~[neoforge-21.1.219.jar%23172!/:?]
	at TRANSFORMER/minecraft@1.21.1/net.minecraft.client.Minecraft.setScreen(Minecraft.java:1057) ~[neoforge-21.1.219.jar%23172!/:?]
	at TRANSFORMER/minecraft@1.21.1/net.minecraft.client.Minecraft.lambda$buildInitialScreens$9(Minecraft.java:664) ~[neoforge-21.1.219.jar%23172!/:?]
	at TRANSFORMER/minecraft@1.21.1/net.minecraft.client.Minecraft.onGameLoadFinished(Minecraft.java:650) ~[neoforge-21.1.219.jar%23172!/:?]
	at TRANSFORMER/minecraft@1.21.1/net.minecraft.client.Minecraft.onResourceLoadFinished(Minecraft.java:641) ~[neoforge-21.1.219.jar%23172!/:?]
	at TRANSFORMER/minecraft@1.21.1/net.minecraft.client.Minecraft.lambda$new$7(Minecraft.java:629) ~[neoforge-21.1.219.jar%23172!/:?]
	at TRANSFORMER/minecraft@1.21.1/net.minecraft.Util.ifElse(Util.java:513) ~[neoforge-21.1.219.jar%23172!/:?]
	at TRANSFORMER/minecraft@1.21.1/net.minecraft.client.Minecraft.lambda$new$8(Minecraft.java:623) ~[neoforge-21.1.219.jar%23172!/:?]
	at TRANSFORMER/minecraft@1.21.1/net.minecraft.client.gui.screens.LoadingOverlay.render(LoadingOverlay.java:139) ~[neoforge-21.1.219.jar%23172!/:?]
	at TRANSFORMER/minecraft@1.21.1/net.minecraft.client.renderer.GameRenderer.render(GameRenderer.java:1081) ~[neoforge-21.1.219.jar%23172!/:?]
	at TRANSFORMER/minecraft@1.21.1/net.minecraft.client.Minecraft.runTick(Minecraft.java:1195) ~[neoforge-21.1.219.jar%23172!/:?]
	at TRANSFORMER/minecraft@1.21.1/net.minecraft.client.Minecraft.run(Minecraft.java:807) ~[neoforge-21.1.219.jar%23172!/:?]
	at TRANSFORMER/minecraft@1.21.1/net.minecraft.client.main.Main.main(Main.java:230) ~[neoforge-21.1.219.jar%23172!/:?]
	at java.base/jdk.internal.reflect.DirectMethodHandleAccessor.invoke(DirectMethodHandleAccessor.java:103) ~[?:?]
	at java.base/java.lang.reflect.Method.invoke(Method.java:580) ~[?:?]
	at MC-BOOTSTRAP/fml_loader@4.0.42/net.neoforged.fml.loading.targets.CommonLaunchHandler.runTarget(CommonLaunchHandler.java:136) ~[loader-4.0.42.jar%23130!/:4.0]
	at MC-BOOTSTRAP/fml_loader@4.0.42/net.neoforged.fml.loading.targets.CommonLaunchHandler.clientService(CommonLaunchHandler.java:124) ~[loader-4.0.42.jar%23130!/:4.0]
	at MC-BOOTSTRAP/fml_loader@4.0.42/net.neoforged.fml.loading.targets.NeoForgeClientDevLaunchHandler.runService(NeoForgeClientDevLaunchHandler.java:23) ~[loader-4.0.42.jar%23130!/:4.0]
	at MC-BOOTSTRAP/fml_loader@4.0.42/net.neoforged.fml.loading.targets.CommonLaunchHandler.lambda$launchService$4(CommonLaunchHandler.java:118) ~[loader-4.0.42.jar%23130!/:4.0]
	at MC-BOOTSTRAP/cpw.mods.modlauncher@11.0.5/cpw.mods.modlauncher.LaunchServiceHandlerDecorator.launch(LaunchServiceHandlerDecorator.java:30) [modlauncher-11.0.5.jar%23112!/:?]
	at MC-BOOTSTRAP/cpw.mods.modlauncher@11.0.5/cpw.mods.modlauncher.LaunchServiceHandler.launch(LaunchServiceHandler.java:53) [modlauncher-11.0.5.jar%23112!/:?]
	at MC-BOOTSTRAP/cpw.mods.modlauncher@11.0.5/cpw.mods.modlauncher.LaunchServiceHandler.launch(LaunchServiceHandler.java:71) [modlauncher-11.0.5.jar%23112!/:?]
	at MC-BOOTSTRAP/cpw.mods.modlauncher@11.0.5/cpw.mods.modlauncher.Launcher.run(Launcher.java:103) [modlauncher-11.0.5.jar%23112!/:?]
	at MC-BOOTSTRAP/cpw.mods.modlauncher@11.0.5/cpw.mods.modlauncher.Launcher.main(Launcher.java:74) [modlauncher-11.0.5.jar%23112!/:?]
	at MC-BOOTSTRAP/cpw.mods.modlauncher@11.0.5/cpw.mods.modlauncher.BootstrapLaunchConsumer.accept(BootstrapLaunchConsumer.java:26) [modlauncher-11.0.5.jar%23112!/:?]
	at MC-BOOTSTRAP/cpw.mods.modlauncher@11.0.5/cpw.mods.modlauncher.BootstrapLaunchConsumer.accept(BootstrapLaunchConsumer.java:23) [modlauncher-11.0.5.jar%23112!/:?]
	at cpw.mods.bootstraplauncher@2.0.2/cpw.mods.bootstraplauncher.BootstrapLauncher.run(BootstrapLauncher.java:210) [bootstraplauncher-2.0.2.jar:?]
	at cpw.mods.bootstraplauncher@2.0.2/cpw.mods.bootstraplauncher.BootstrapLauncher.main(BootstrapLauncher.java:69) [bootstraplauncher-2.0.2.jar:?]
	at java.base/jdk.internal.reflect.DirectMethodHandleAccessor.invoke(DirectMethodHandleAccessor.java:103) ~[?:?]
	at java.base/java.lang.reflect.Method.invoke(Method.java:580) ~[?:?]
	at net.neoforged.devlaunch.Main.main(Main.java:57) [DevLaunch-1.0.2.jar:?]
[02Oct2026 18:49:20.159] [Render thread/WARN] [Iris/]: The following uniforms won't work, either because they are broken, or reference a broken uniform: 
endFlashFactor1, endFlashIntensityM
[02Oct2026 18:49:23.974] [Render thread/INFO] [SuperResolution/ShaderCompiler/]: Compiling shader FSR1_EASU with the compatibility shader compiler
[02Oct2026 18:49:24.054] [Render thread/INFO] [SuperResolution/ShaderCompiler/]: Compiling shader FSR1_RCAS with the compatibility shader compiler
[02Oct2026 18:49:24.133] [Render thread/INFO] [SuperResolution/]: SR_DIAG glTextureStorage2D texture=12 levels=1 internalFormat=881a size=854x480 label=Fsr1TempTexture
[02Oct2026 18:49:24.134] [Render thread/INFO] [SuperResolution/]: SR_DIAG glTextureStorage2D texture=13 levels=1 internalFormat=881a size=854x480 label=Fsr1OutputTexture
[02Oct2026 18:49:24.140] [Render thread/INFO] [SuperResolution/ShaderCompiler/]: Compiling shader FSR1_EASU with the compatibility shader compiler
[02Oct2026 18:49:24.211] [Render thread/INFO] [SuperResolution/ShaderCompiler/]: Compiling shader FSR1_RCAS with the compatibility shader compiler
[02Oct2026 18:49:24.263] [Render thread/INFO] [SuperResolution/]: SR_DIAG glTextureStorage2D texture=87 levels=1 internalFormat=881a size=854x480 label=Fsr1TempTexture
[02Oct2026 18:49:24.263] [Render thread/INFO] [SuperResolution/]: SR_DIAG glTextureStorage2D texture=88 levels=1 internalFormat=881a size=854x480 label=Fsr1OutputTexture
[02Oct2026 18:49:24.265] [Render thread/INFO] [SuperResolution/]: Initializing algorithm AMD FidelityFX Super Resolution 1
[02Oct2026 18:49:39.837] [Render thread/WARN] [net.neoforged.neoforge.common.CommonHooks/WP]: The following mods have version differences that were not resolved:
super_resolution (version 0.9.2-alpha.1+dev.436b50a2.opengl -> 0.9.2-alpha.1+dev.2ae956e6.opengl)
Things may not work well.
[02Oct2026 18:49:40.933] [Render thread/INFO] [net.minecraft.world.item.crafting.RecipeManager/]: Loaded 1290 recipes
[02Oct2026 18:49:41.237] [Render thread/INFO] [net.minecraft.advancements.AdvancementTree/]: Loaded 1399 advancements
[02Oct2026 18:49:41.752] [Server thread/INFO] [net.minecraft.client.server.IntegratedServer/]: Starting integrated minecraft server version 1.21.1
[02Oct2026 18:49:41.752] [Server thread/INFO] [net.minecraft.server.MinecraftServer/]: Generating keypair
[02Oct2026 18:49:42.767] [Server thread/INFO] [net.minecraft.server.MinecraftServer/]: Preparing start region for dimension minecraft:overworld
[02Oct2026 18:49:43.124] [progressListener/INFO] [net.minecraft.server.level.progress.LoggerChunkProgressListener/]: Preparing spawn area: 0%
[02Oct2026 18:49:43.238] [Server thread/INFO] [net.neoforged.neoforge.server.permission.PermissionAPI/]: Successfully initialized permission handler neoforge:default_handler
[02Oct2026 18:49:43.248] [progressListener/INFO] [net.minecraft.server.level.progress.LoggerChunkProgressListener/]: Time elapsed: 462 ms
[02Oct2026 18:49:43.330] [Server thread/INFO] [net.minecraft.client.server.IntegratedServer/]: Changing view distance to 12, from 10
[02Oct2026 18:49:43.331] [Server thread/INFO] [net.minecraft.client.server.IntegratedServer/]: Changing simulation distance to 12, from 0
[02Oct2026 18:49:43.728] [Render thread/INFO] [SuperResolution/]: Created Vulkan presentation swapchain: 854x398, images=3, presentMode=FIFO (requested=3, min=2, max=8, plannedGeneratedFrames=0)
[02Oct2026 18:49:44.258] [Server thread/INFO] [net.minecraft.server.players.PlayerList/]: Dev[local:E:6a155d09] logged in with entity id 34 at (371.7619735612404, 63.0, -8.85957297072704)
[02Oct2026 18:49:44.326] [Render thread/INFO] [Iris/]: Reloading pipeline on dimension change: minecraft:overworld => minecraft:overworld
[02Oct2026 18:49:44.326] [Render thread/INFO] [Iris/]: Destroying pipeline minecraft:overworld
[02Oct2026 18:49:44.348] [Server thread/INFO] [net.minecraft.server.MinecraftServer/]: Dev joined the game
[02Oct2026 18:49:44.355] [Render thread/INFO] [Iris/]: Creating pipeline for dimension minecraft:overworld
[02Oct2026 18:49:44.364] [Render thread/WARN] [Iris/]: Failed to resolve uniform inPaleGarden, reason: Unknown variable: BIOME_PALE_GARDEN ( = FunctionCall{smooth {[Number{55}, FunctionCall{if {[FunctionCall{in {[Id{biome}, Id{BIOME_PALE_GARDEN}]} }, Number{1}, Number{0}]} }, Number{15}, Number{15}]} })
java.lang.RuntimeException: Unknown variable: BIOME_PALE_GARDEN
	at TRANSFORMER/iris@1.8.8+mc1.21.1/kroppeb.stareval.resolver.ExpressionResolver.resolveExpressionInternal(ExpressionResolver.java:225) ~[iris-1.8.8+1.21.1-neoforge-neoforge,1.21.1.jar%23177!/:?]
	at TRANSFORMER/iris@1.8.8+mc1.21.1/kroppeb.stareval.resolver.ExpressionResolver.resolveCallExpressionInternal(ExpressionResolver.java:81) ~[iris-1.8.8+1.21.1-neoforge-neoforge,1.21.1.jar%23177!/:?]
	at TRANSFORMER/iris@1.8.8+mc1.21.1/kroppeb.stareval.resolver.ExpressionResolver.resolveCallExpression(ExpressionResolver.java:140) ~[iris-1.8.8+1.21.1-neoforge-neoforge,1.21.1.jar%23177!/:?]
	at TRANSFORMER/iris@1.8.8+mc1.21.1/kroppeb.stareval.resolver.ExpressionResolver.resolveExpressionInternal(ExpressionResolver.java:196) ~[iris-1.8.8+1.21.1-neoforge-neoforge,1.21.1.jar%23177!/:?]
	at TRANSFORMER/iris@1.8.8+mc1.21.1/kroppeb.stareval.resolver.ExpressionResolver.resolveCallExpressionInternal(ExpressionResolver.java:81) ~[iris-1.8.8+1.21.1-neoforge-neoforge,1.21.1.jar%23177!/:?]
	at TRANSFORMER/iris@1.8.8+mc1.21.1/kroppeb.stareval.resolver.ExpressionResolver.resolveCallExpression(ExpressionResolver.java:140) ~[iris-1.8.8+1.21.1-neoforge-neoforge,1.21.1.jar%23177!/:?]
	at TRANSFORMER/iris@1.8.8+mc1.21.1/kroppeb.stareval.resolver.ExpressionResolver.resolveCallExpression(ExpressionResolver.java:127) ~[iris-1.8.8+1.21.1-neoforge-neoforge,1.21.1.jar%23177!/:?]
	at TRANSFORMER/iris@1.8.8+mc1.21.1/kroppeb.stareval.resolver.ExpressionResolver.resolveExpressionInternal(ExpressionResolver.java:196) ~[iris-1.8.8+1.21.1-neoforge-neoforge,1.21.1.jar%23177!/:?]
	at TRANSFORMER/iris@1.8.8+mc1.21.1/kroppeb.stareval.resolver.ExpressionResolver.resolveCallExpressionInternal(ExpressionResolver.java:81) ~[iris-1.8.8+1.21.1-neoforge-neoforge,1.21.1.jar%23177!/:?]
	at TRANSFORMER/iris@1.8.8+mc1.21.1/kroppeb.stareval.resolver.ExpressionResolver.resolveCallExpression(ExpressionResolver.java:140) ~[iris-1.8.8+1.21.1-neoforge-neoforge,1.21.1.jar%23177!/:?]
	at TRANSFORMER/iris@1.8.8+mc1.21.1/kroppeb.stareval.resolver.ExpressionResolver.resolveExpressionInternal(ExpressionResolver.java:196) ~[iris-1.8.8+1.21.1-neoforge-neoforge,1.21.1.jar%23177!/:?]
	at TRANSFORMER/iris@1.8.8+mc1.21.1/kroppeb.stareval.resolver.ExpressionResolver.resolveExpression(ExpressionResolver.java:50) ~[iris-1.8.8+1.21.1-neoforge-neoforge,1.21.1.jar%23177!/:?]
	at TRANSFORMER/iris@1.8.8+mc1.21.1/net.irisshaders.iris.uniforms.custom.CustomUniforms.<init>(CustomUniforms.java:60) ~[iris-1.8.8+1.21.1-neoforge-neoforge,1.21.1.jar%23177!/:?]
	at TRANSFORMER/iris@1.8.8+mc1.21.1/net.irisshaders.iris.uniforms.custom.CustomUniforms$Builder.build(CustomUniforms.java:332) ~[iris-1.8.8+1.21.1-neoforge-neoforge,1.21.1.jar%23177!/:?]
	at TRANSFORMER/iris@1.8.8+mc1.21.1/net.irisshaders.iris.uniforms.custom.CustomUniforms$Builder.build(CustomUniforms.java:343) ~[iris-1.8.8+1.21.1-neoforge-neoforge,1.21.1.jar%23177!/:?]
	at TRANSFORMER/iris@1.8.8+mc1.21.1/net.irisshaders.iris.pipeline.IrisRenderingPipeline.<init>(IrisRenderingPipeline.java:282) ~[iris-1.8.8+1.21.1-neoforge-neoforge,1.21.1.jar%23177!/:?]
	at TRANSFORMER/iris@1.8.8+mc1.21.1/net.irisshaders.iris.Iris.createPipeline(Iris.java:616) ~[iris-1.8.8+1.21.1-neoforge-neoforge,1.21.1.jar%23177!/:?]
	at TRANSFORMER/iris@1.8.8+mc1.21.1/net.irisshaders.iris.pipeline.PipelineManager.preparePipeline(PipelineManager.java:33) ~[iris-1.8.8+1.21.1-neoforge-neoforge,1.21.1.jar%23177!/:?]
	at TRANSFORMER/minecraft@1.21.1/net.minecraft.client.Minecraft.handler$zeo000$iris$resetPipeline(Minecraft.java:5042) ~[neoforge-21.1.219.jar%23172!/:?]
	at TRANSFORMER/minecraft@1.21.1/net.minecraft.client.Minecraft.updateLevelInEngines(Minecraft.java) ~[neoforge-21.1.219.jar%23172!/:?]
	at TRANSFORMER/minecraft@1.21.1/net.minecraft.client.Minecraft.setLevel(Minecraft.java:2117) ~[neoforge-21.1.219.jar%23172!/:?]
	at TRANSFORMER/minecraft@1.21.1/net.minecraft.client.multiplayer.ClientPacketListener.handleLogin(ClientPacketListener.java:421) ~[neoforge-21.1.219.jar%23172!/:?]
	at TRANSFORMER/minecraft@1.21.1/net.minecraft.network.protocol.game.ClientboundLoginPacket.handle(ClientboundLoginPacket.java:67) ~[neoforge-21.1.219.jar%23172!/:?]
	at TRANSFORMER/minecraft@1.21.1/net.minecraft.network.protocol.game.ClientboundLoginPacket.handle(ClientboundLoginPacket.java:14) ~[neoforge-21.1.219.jar%23172!/:?]
	at TRANSFORMER/minecraft@1.21.1/net.minecraft.network.protocol.PacketUtils.lambda$ensureRunningOnSameThread$0(PacketUtils.java:26) ~[neoforge-21.1.219.jar%23172!/:?]
	at TRANSFORMER/minecraft@1.21.1/net.minecraft.util.thread.BlockableEventLoop.doRunTask(BlockableEventLoop.java:148) ~[neoforge-21.1.219.jar%23172!/:?]
	at TRANSFORMER/minecraft@1.21.1/net.minecraft.util.thread.ReentrantBlockableEventLoop.doRunTask(ReentrantBlockableEventLoop.java:24) ~[neoforge-21.1.219.jar%23172!/:?]
	at TRANSFORMER/minecraft@1.21.1/net.minecraft.util.thread.BlockableEventLoop.pollTask(BlockableEventLoop.java:122) ~[neoforge-21.1.219.jar%23172!/:?]
	at TRANSFORMER/minecraft@1.21.1/net.minecraft.util.thread.BlockableEventLoop.runAllTasks(BlockableEventLoop.java:111) ~[neoforge-21.1.219.jar%23172!/:?]
	at TRANSFORMER/minecraft@1.21.1/net.minecraft.client.Minecraft.runTick(Minecraft.java:1155) ~[neoforge-21.1.219.jar%23172!/:?]
	at TRANSFORMER/minecraft@1.21.1/net.minecraft.client.Minecraft.run(Minecraft.java:807) ~[neoforge-21.1.219.jar%23172!/:?]
	at TRANSFORMER/minecraft@1.21.1/net.minecraft.client.main.Main.main(Main.java:230) ~[neoforge-21.1.219.jar%23172!/:?]
	at java.base/jdk.internal.reflect.DirectMethodHandleAccessor.invoke(DirectMethodHandleAccessor.java:103) ~[?:?]
	at java.base/java.lang.reflect.Method.invoke(Method.java:580) ~[?:?]
	at MC-BOOTSTRAP/fml_loader@4.0.42/net.neoforged.fml.loading.targets.CommonLaunchHandler.runTarget(CommonLaunchHandler.java:136) ~[loader-4.0.42.jar%23130!/:4.0]
	at MC-BOOTSTRAP/fml_loader@4.0.42/net.neoforged.fml.loading.targets.CommonLaunchHandler.clientService(CommonLaunchHandler.java:124) ~[loader-4.0.42.jar%23130!/:4.0]
	at MC-BOOTSTRAP/fml_loader@4.0.42/net.neoforged.fml.loading.targets.NeoForgeClientDevLaunchHandler.runService(NeoForgeClientDevLaunchHandler.java:23) ~[loader-4.0.42.jar%23130!/:4.0]
	at MC-BOOTSTRAP/fml_loader@4.0.42/net.neoforged.fml.loading.targets.CommonLaunchHandler.lambda$launchService$4(CommonLaunchHandler.java:118) ~[loader-4.0.42.jar%23130!/:4.0]
	at MC-BOOTSTRAP/cpw.mods.modlauncher@11.0.5/cpw.mods.modlauncher.LaunchServiceHandlerDecorator.launch(LaunchServiceHandlerDecorator.java:30) [modlauncher-11.0.5.jar%23112!/:?]
	at MC-BOOTSTRAP/cpw.mods.modlauncher@11.0.5/cpw.mods.modlauncher.LaunchServiceHandler.launch(LaunchServiceHandler.java:53) [modlauncher-11.0.5.jar%23112!/:?]
	at MC-BOOTSTRAP/cpw.mods.modlauncher@11.0.5/cpw.mods.modlauncher.LaunchServiceHandler.launch(LaunchServiceHandler.java:71) [modlauncher-11.0.5.jar%23112!/:?]
	at MC-BOOTSTRAP/cpw.mods.modlauncher@11.0.5/cpw.mods.modlauncher.Launcher.run(Launcher.java:103) [modlauncher-11.0.5.jar%23112!/:?]
	at MC-BOOTSTRAP/cpw.mods.modlauncher@11.0.5/cpw.mods.modlauncher.Launcher.main(Launcher.java:74) [modlauncher-11.0.5.jar%23112!/:?]
	at MC-BOOTSTRAP/cpw.mods.modlauncher@11.0.5/cpw.mods.modlauncher.BootstrapLaunchConsumer.accept(BootstrapLaunchConsumer.java:26) [modlauncher-11.0.5.jar%23112!/:?]
	at MC-BOOTSTRAP/cpw.mods.modlauncher@11.0.5/cpw.mods.modlauncher.BootstrapLaunchConsumer.accept(BootstrapLaunchConsumer.java:23) [modlauncher-11.0.5.jar%23112!/:?]
	at cpw.mods.bootstraplauncher@2.0.2/cpw.mods.bootstraplauncher.BootstrapLauncher.run(BootstrapLauncher.java:210) [bootstraplauncher-2.0.2.jar:?]
	at cpw.mods.bootstraplauncher@2.0.2/cpw.mods.bootstraplauncher.BootstrapLauncher.main(BootstrapLauncher.java:69) [bootstraplauncher-2.0.2.jar:?]
	at java.base/jdk.internal.reflect.DirectMethodHandleAccessor.invoke(DirectMethodHandleAccessor.java:103) ~[?:?]
	at java.base/java.lang.reflect.Method.invoke(Method.java:580) ~[?:?]
	at net.neoforged.devlaunch.Main.main(Main.java:57) [DevLaunch-1.0.2.jar:?]
[02Oct2026 18:49:44.372] [Render thread/WARN] [Iris/]: Failed to resolve uniform inSulfurCaves, reason: Unknown variable: BIOME_SULFUR_CAVES ( = FunctionCall{smooth {[Number{56}, FunctionCall{if {[FunctionCall{in {[Id{biome}, Id{BIOME_SULFUR_CAVES}]} }, Number{1}, Number{0}]} }, Number{15}, Number{15}]} })
java.lang.RuntimeException: Unknown variable: BIOME_SULFUR_CAVES
	at TRANSFORMER/iris@1.8.8+mc1.21.1/kroppeb.stareval.resolver.ExpressionResolver.resolveExpressionInternal(ExpressionResolver.java:225) ~[iris-1.8.8+1.21.1-neoforge-neoforge,1.21.1.jar%23177!/:?]
	at TRANSFORMER/iris@1.8.8+mc1.21.1/kroppeb.stareval.resolver.ExpressionResolver.resolveCallExpressionInternal(ExpressionResolver.java:81) ~[iris-1.8.8+1.21.1-neoforge-neoforge,1.21.1.jar%23177!/:?]
	at TRANSFORMER/iris@1.8.8+mc1.21.1/kroppeb.stareval.resolver.ExpressionResolver.resolveCallExpression(ExpressionResolver.java:140) ~[iris-1.8.8+1.21.1-neoforge-neoforge,1.21.1.jar%23177!/:?]
	at TRANSFORMER/iris@1.8.8+mc1.21.1/kroppeb.stareval.resolver.ExpressionResolver.resolveExpressionInternal(ExpressionResolver.java:196) ~[iris-1.8.8+1.21.1-neoforge-neoforge,1.21.1.jar%23177!/:?]
	at TRANSFORMER/iris@1.8.8+mc1.21.1/kroppeb.stareval.resolver.ExpressionResolver.resolveCallExpressionInternal(ExpressionResolver.java:81) ~[iris-1.8.8+1.21.1-neoforge-neoforge,1.21.1.jar%23177!/:?]
	at TRANSFORMER/iris@1.8.8+mc1.21.1/kroppeb.stareval.resolver.ExpressionResolver.resolveCallExpression(ExpressionResolver.java:140) ~[iris-1.8.8+1.21.1-neoforge-neoforge,1.21.1.jar%23177!/:?]
	at TRANSFORMER/iris@1.8.8+mc1.21.1/kroppeb.stareval.resolver.ExpressionResolver.resolveCallExpression(ExpressionResolver.java:127) ~[iris-1.8.8+1.21.1-neoforge-neoforge,1.21.1.jar%23177!/:?]
	at TRANSFORMER/iris@1.8.8+mc1.21.1/kroppeb.stareval.resolver.ExpressionResolver.resolveExpressionInternal(ExpressionResolver.java:196) ~[iris-1.8.8+1.21.1-neoforge-neoforge,1.21.1.jar%23177!/:?]
	at TRANSFORMER/iris@1.8.8+mc1.21.1/kroppeb.stareval.resolver.ExpressionResolver.resolveCallExpressionInternal(ExpressionResolver.java:81) ~[iris-1.8.8+1.21.1-neoforge-neoforge,1.21.1.jar%23177!/:?]
	at TRANSFORMER/iris@1.8.8+mc1.21.1/kroppeb.stareval.resolver.ExpressionResolver.resolveCallExpression(ExpressionResolver.java:140) ~[iris-1.8.8+1.21.1-neoforge-neoforge,1.21.1.jar%23177!/:?]
	at TRANSFORMER/iris@1.8.8+mc1.21.1/kroppeb.stareval.resolver.ExpressionResolver.resolveExpressionInternal(ExpressionResolver.java:196) ~[iris-1.8.8+1.21.1-neoforge-neoforge,1.21.1.jar%23177!/:?]
	at TRANSFORMER/iris@1.8.8+mc1.21.1/kroppeb.stareval.resolver.ExpressionResolver.resolveExpression(ExpressionResolver.java:50) ~[iris-1.8.8+1.21.1-neoforge-neoforge,1.21.1.jar%23177!/:?]
	at TRANSFORMER/iris@1.8.8+mc1.21.1/net.irisshaders.iris.uniforms.custom.CustomUniforms.<init>(CustomUniforms.java:60) ~[iris-1.8.8+1.21.1-neoforge-neoforge,1.21.1.jar%23177!/:?]
	at TRANSFORMER/iris@1.8.8+mc1.21.1/net.irisshaders.iris.uniforms.custom.CustomUniforms$Builder.build(CustomUniforms.java:332) ~[iris-1.8.8+1.21.1-neoforge-neoforge,1.21.1.jar%23177!/:?]
	at TRANSFORMER/iris@1.8.8+mc1.21.1/net.irisshaders.iris.uniforms.custom.CustomUniforms$Builder.build(CustomUniforms.java:343) ~[iris-1.8.8+1.21.1-neoforge-neoforge,1.21.1.jar%23177!/:?]
	at TRANSFORMER/iris@1.8.8+mc1.21.1/net.irisshaders.iris.pipeline.IrisRenderingPipeline.<init>(IrisRenderingPipeline.java:282) ~[iris-1.8.8+1.21.1-neoforge-neoforge,1.21.1.jar%23177!/:?]
	at TRANSFORMER/iris@1.8.8+mc1.21.1/net.irisshaders.iris.Iris.createPipeline(Iris.java:616) ~[iris-1.8.8+1.21.1-neoforge-neoforge,1.21.1.jar%23177!/:?]
	at TRANSFORMER/iris@1.8.8+mc1.21.1/net.irisshaders.iris.pipeline.PipelineManager.preparePipeline(PipelineManager.java:33) ~[iris-1.8.8+1.21.1-neoforge-neoforge,1.21.1.jar%23177!/:?]
	at TRANSFORMER/minecraft@1.21.1/net.minecraft.client.Minecraft.handler$zeo000$iris$resetPipeline(Minecraft.java:5042) ~[neoforge-21.1.219.jar%23172!/:?]
	at TRANSFORMER/minecraft@1.21.1/net.minecraft.client.Minecraft.updateLevelInEngines(Minecraft.java) ~[neoforge-21.1.219.jar%23172!/:?]
	at TRANSFORMER/minecraft@1.21.1/net.minecraft.client.Minecraft.setLevel(Minecraft.java:2117) ~[neoforge-21.1.219.jar%23172!/:?]
	at TRANSFORMER/minecraft@1.21.1/net.minecraft.client.multiplayer.ClientPacketListener.handleLogin(ClientPacketListener.java:421) ~[neoforge-21.1.219.jar%23172!/:?]
	at TRANSFORMER/minecraft@1.21.1/net.minecraft.network.protocol.game.ClientboundLoginPacket.handle(ClientboundLoginPacket.java:67) ~[neoforge-21.1.219.jar%23172!/:?]
	at TRANSFORMER/minecraft@1.21.1/net.minecraft.network.protocol.game.ClientboundLoginPacket.handle(ClientboundLoginPacket.java:14) ~[neoforge-21.1.219.jar%23172!/:?]
	at TRANSFORMER/minecraft@1.21.1/net.minecraft.network.protocol.PacketUtils.lambda$ensureRunningOnSameThread$0(PacketUtils.java:26) ~[neoforge-21.1.219.jar%23172!/:?]
	at TRANSFORMER/minecraft@1.21.1/net.minecraft.util.thread.BlockableEventLoop.doRunTask(BlockableEventLoop.java:148) ~[neoforge-21.1.219.jar%23172!/:?]
	at TRANSFORMER/minecraft@1.21.1/net.minecraft.util.thread.ReentrantBlockableEventLoop.doRunTask(ReentrantBlockableEventLoop.java:24) ~[neoforge-21.1.219.jar%23172!/:?]
	at TRANSFORMER/minecraft@1.21.1/net.minecraft.util.thread.BlockableEventLoop.pollTask(BlockableEventLoop.java:122) ~[neoforge-21.1.219.jar%23172!/:?]
	at TRANSFORMER/minecraft@1.21.1/net.minecraft.util.thread.BlockableEventLoop.runAllTasks(BlockableEventLoop.java:111) ~[neoforge-21.1.219.jar%23172!/:?]
	at TRANSFORMER/minecraft@1.21.1/net.minecraft.client.Minecraft.runTick(Minecraft.java:1155) ~[neoforge-21.1.219.jar%23172!/:?]
	at TRANSFORMER/minecraft@1.21.1/net.minecraft.client.Minecraft.run(Minecraft.java:807) ~[neoforge-21.1.219.jar%23172!/:?]
	at TRANSFORMER/minecraft@1.21.1/net.minecraft.client.main.Main.main(Main.java:230) ~[neoforge-21.1.219.jar%23172!/:?]
	at java.base/jdk.internal.reflect.DirectMethodHandleAccessor.invoke(DirectMethodHandleAccessor.java:103) ~[?:?]
	at java.base/java.lang.reflect.Method.invoke(Method.java:580) ~[?:?]
	at MC-BOOTSTRAP/fml_loader@4.0.42/net.neoforged.fml.loading.targets.CommonLaunchHandler.runTarget(CommonLaunchHandler.java:136) ~[loader-4.0.42.jar%23130!/:4.0]
	at MC-BOOTSTRAP/fml_loader@4.0.42/net.neoforged.fml.loading.targets.CommonLaunchHandler.clientService(CommonLaunchHandler.java:124) ~[loader-4.0.42.jar%23130!/:4.0]
	at MC-BOOTSTRAP/fml_loader@4.0.42/net.neoforged.fml.loading.targets.NeoForgeClientDevLaunchHandler.runService(NeoForgeClientDevLaunchHandler.java:23) ~[loader-4.0.42.jar%23130!/:4.0]
	at MC-BOOTSTRAP/fml_loader@4.0.42/net.neoforged.fml.loading.targets.CommonLaunchHandler.lambda$launchService$4(CommonLaunchHandler.java:118) ~[loader-4.0.42.jar%23130!/:4.0]
	at MC-BOOTSTRAP/cpw.mods.modlauncher@11.0.5/cpw.mods.modlauncher.LaunchServiceHandlerDecorator.launch(LaunchServiceHandlerDecorator.java:30) [modlauncher-11.0.5.jar%23112!/:?]
	at MC-BOOTSTRAP/cpw.mods.modlauncher@11.0.5/cpw.mods.modlauncher.LaunchServiceHandler.launch(LaunchServiceHandler.java:53) [modlauncher-11.0.5.jar%23112!/:?]
	at MC-BOOTSTRAP/cpw.mods.modlauncher@11.0.5/cpw.mods.modlauncher.LaunchServiceHandler.launch(LaunchServiceHandler.java:71) [modlauncher-11.0.5.jar%23112!/:?]
	at MC-BOOTSTRAP/cpw.mods.modlauncher@11.0.5/cpw.mods.modlauncher.Launcher.run(Launcher.java:103) [modlauncher-11.0.5.jar%23112!/:?]
	at MC-BOOTSTRAP/cpw.mods.modlauncher@11.0.5/cpw.mods.modlauncher.Launcher.main(Launcher.java:74) [modlauncher-11.0.5.jar%23112!/:?]
	at MC-BOOTSTRAP/cpw.mods.modlauncher@11.0.5/cpw.mods.modlauncher.BootstrapLaunchConsumer.accept(BootstrapLaunchConsumer.java:26) [modlauncher-11.0.5.jar%23112!/:?]
	at MC-BOOTSTRAP/cpw.mods.modlauncher@11.0.5/cpw.mods.modlauncher.BootstrapLaunchConsumer.accept(BootstrapLaunchConsumer.java:23) [modlauncher-11.0.5.jar%23112!/:?]
	at cpw.mods.bootstraplauncher@2.0.2/cpw.mods.bootstraplauncher.BootstrapLauncher.run(BootstrapLauncher.java:210) [bootstraplauncher-2.0.2.jar:?]
	at cpw.mods.bootstraplauncher@2.0.2/cpw.mods.bootstraplauncher.BootstrapLauncher.main(BootstrapLauncher.java:69) [bootstraplauncher-2.0.2.jar:?]
	at java.base/jdk.internal.reflect.DirectMethodHandleAccessor.invoke(DirectMethodHandleAccessor.java:103) ~[?:?]
	at java.base/java.lang.reflect.Method.invoke(Method.java:580) ~[?:?]
	at net.neoforged.devlaunch.Main.main(Main.java:57) [DevLaunch-1.0.2.jar:?]
[02Oct2026 18:49:44.379] [Render thread/WARN] [Iris/]: Failed to resolve uniform endFlashFactor0, reason: Unknown variable: endFlashIntensity ( = BinaryExpr{ {FunctionCall{min {[Id{endFlashIntensity}, Number{0.5}]} }} multiply{0} {Number{2.0}} })
java.lang.RuntimeException: Unknown variable: endFlashIntensity
	at TRANSFORMER/iris@1.8.8+mc1.21.1/kroppeb.stareval.resolver.ExpressionResolver.resolveExpressionInternal(ExpressionResolver.java:225) ~[iris-1.8.8+1.21.1-neoforge-neoforge,1.21.1.jar%23177!/:?]
	at TRANSFORMER/iris@1.8.8+mc1.21.1/kroppeb.stareval.resolver.ExpressionResolver.resolveCallExpressionInternal(ExpressionResolver.java:81) ~[iris-1.8.8+1.21.1-neoforge-neoforge,1.21.1.jar%23177!/:?]
	at TRANSFORMER/iris@1.8.8+mc1.21.1/kroppeb.stareval.resolver.ExpressionResolver.resolveCallExpression(ExpressionResolver.java:111) ~[iris-1.8.8+1.21.1-neoforge-neoforge,1.21.1.jar%23177!/:?]
	at TRANSFORMER/iris@1.8.8+mc1.21.1/kroppeb.stareval.resolver.ExpressionResolver.resolveExpressionInternal(ExpressionResolver.java:196) ~[iris-1.8.8+1.21.1-neoforge-neoforge,1.21.1.jar%23177!/:?]
	at TRANSFORMER/iris@1.8.8+mc1.21.1/kroppeb.stareval.resolver.ExpressionResolver.resolveCallExpressionInternal(ExpressionResolver.java:81) ~[iris-1.8.8+1.21.1-neoforge-neoforge,1.21.1.jar%23177!/:?]
	at TRANSFORMER/iris@1.8.8+mc1.21.1/kroppeb.stareval.resolver.ExpressionResolver.resolveCallExpression(ExpressionResolver.java:111) ~[iris-1.8.8+1.21.1-neoforge-neoforge,1.21.1.jar%23177!/:?]
	at TRANSFORMER/iris@1.8.8+mc1.21.1/kroppeb.stareval.resolver.ExpressionResolver.resolveExpressionInternal(ExpressionResolver.java:192) ~[iris-1.8.8+1.21.1-neoforge-neoforge,1.21.1.jar%23177!/:?]
	at TRANSFORMER/iris@1.8.8+mc1.21.1/kroppeb.stareval.resolver.ExpressionResolver.resolveExpression(ExpressionResolver.java:50) ~[iris-1.8.8+1.21.1-neoforge-neoforge,1.21.1.jar%23177!/:?]
	at TRANSFORMER/iris@1.8.8+mc1.21.1/net.irisshaders.iris.uniforms.custom.CustomUniforms.<init>(CustomUniforms.java:60) ~[iris-1.8.8+1.21.1-neoforge-neoforge,1.21.1.jar%23177!/:?]
	at TRANSFORMER/iris@1.8.8+mc1.21.1/net.irisshaders.iris.uniforms.custom.CustomUniforms$Builder.build(CustomUniforms.java:332) ~[iris-1.8.8+1.21.1-neoforge-neoforge,1.21.1.jar%23177!/:?]
	at TRANSFORMER/iris@1.8.8+mc1.21.1/net.irisshaders.iris.uniforms.custom.CustomUniforms$Builder.build(CustomUniforms.java:343) ~[iris-1.8.8+1.21.1-neoforge-neoforge,1.21.1.jar%23177!/:?]
	at TRANSFORMER/iris@1.8.8+mc1.21.1/net.irisshaders.iris.pipeline.IrisRenderingPipeline.<init>(IrisRenderingPipeline.java:282) ~[iris-1.8.8+1.21.1-neoforge-neoforge,1.21.1.jar%23177!/:?]
	at TRANSFORMER/iris@1.8.8+mc1.21.1/net.irisshaders.iris.Iris.createPipeline(Iris.java:616) ~[iris-1.8.8+1.21.1-neoforge-neoforge,1.21.1.jar%23177!/:?]
	at TRANSFORMER/iris@1.8.8+mc1.21.1/net.irisshaders.iris.pipeline.PipelineManager.preparePipeline(PipelineManager.java:33) ~[iris-1.8.8+1.21.1-neoforge-neoforge,1.21.1.jar%23177!/:?]
	at TRANSFORMER/minecraft@1.21.1/net.minecraft.client.Minecraft.handler$zeo000$iris$resetPipeline(Minecraft.java:5042) ~[neoforge-21.1.219.jar%23172!/:?]
	at TRANSFORMER/minecraft@1.21.1/net.minecraft.client.Minecraft.updateLevelInEngines(Minecraft.java) ~[neoforge-21.1.219.jar%23172!/:?]
	at TRANSFORMER/minecraft@1.21.1/net.minecraft.client.Minecraft.setLevel(Minecraft.java:2117) ~[neoforge-21.1.219.jar%23172!/:?]
	at TRANSFORMER/minecraft@1.21.1/net.minecraft.client.multiplayer.ClientPacketListener.handleLogin(ClientPacketListener.java:421) ~[neoforge-21.1.219.jar%23172!/:?]
	at TRANSFORMER/minecraft@1.21.1/net.minecraft.network.protocol.game.ClientboundLoginPacket.handle(ClientboundLoginPacket.java:67) ~[neoforge-21.1.219.jar%23172!/:?]
	at TRANSFORMER/minecraft@1.21.1/net.minecraft.network.protocol.game.ClientboundLoginPacket.handle(ClientboundLoginPacket.java:14) ~[neoforge-21.1.219.jar%23172!/:?]
	at TRANSFORMER/minecraft@1.21.1/net.minecraft.network.protocol.PacketUtils.lambda$ensureRunningOnSameThread$0(PacketUtils.java:26) ~[neoforge-21.1.219.jar%23172!/:?]
	at TRANSFORMER/minecraft@1.21.1/net.minecraft.util.thread.BlockableEventLoop.doRunTask(BlockableEventLoop.java:148) ~[neoforge-21.1.219.jar%23172!/:?]
	at TRANSFORMER/minecraft@1.21.1/net.minecraft.util.thread.ReentrantBlockableEventLoop.doRunTask(ReentrantBlockableEventLoop.java:24) ~[neoforge-21.1.219.jar%23172!/:?]
	at TRANSFORMER/minecraft@1.21.1/net.minecraft.util.thread.BlockableEventLoop.pollTask(BlockableEventLoop.java:122) ~[neoforge-21.1.219.jar%23172!/:?]
	at TRANSFORMER/minecraft@1.21.1/net.minecraft.util.thread.BlockableEventLoop.runAllTasks(BlockableEventLoop.java:111) ~[neoforge-21.1.219.jar%23172!/:?]
	at TRANSFORMER/minecraft@1.21.1/net.minecraft.client.Minecraft.runTick(Minecraft.java:1155) ~[neoforge-21.1.219.jar%23172!/:?]
	at TRANSFORMER/minecraft@1.21.1/net.minecraft.client.Minecraft.run(Minecraft.java:807) ~[neoforge-21.1.219.jar%23172!/:?]
	at TRANSFORMER/minecraft@1.21.1/net.minecraft.client.main.Main.main(Main.java:230) ~[neoforge-21.1.219.jar%23172!/:?]
	at java.base/jdk.internal.reflect.DirectMethodHandleAccessor.invoke(DirectMethodHandleAccessor.java:103) ~[?:?]
	at java.base/java.lang.reflect.Method.invoke(Method.java:580) ~[?:?]
	at MC-BOOTSTRAP/fml_loader@4.0.42/net.neoforged.fml.loading.targets.CommonLaunchHandler.runTarget(CommonLaunchHandler.java:136) ~[loader-4.0.42.jar%23130!/:4.0]
	at MC-BOOTSTRAP/fml_loader@4.0.42/net.neoforged.fml.loading.targets.CommonLaunchHandler.clientService(CommonLaunchHandler.java:124) ~[loader-4.0.42.jar%23130!/:4.0]
	at MC-BOOTSTRAP/fml_loader@4.0.42/net.neoforged.fml.loading.targets.NeoForgeClientDevLaunchHandler.runService(NeoForgeClientDevLaunchHandler.java:23) ~[loader-4.0.42.jar%23130!/:4.0]
	at MC-BOOTSTRAP/fml_loader@4.0.42/net.neoforged.fml.loading.targets.CommonLaunchHandler.lambda$launchService$4(CommonLaunchHandler.java:118) ~[loader-4.0.42.jar%23130!/:4.0]
	at MC-BOOTSTRAP/cpw.mods.modlauncher@11.0.5/cpw.mods.modlauncher.LaunchServiceHandlerDecorator.launch(LaunchServiceHandlerDecorator.java:30) [modlauncher-11.0.5.jar%23112!/:?]
	at MC-BOOTSTRAP/cpw.mods.modlauncher@11.0.5/cpw.mods.modlauncher.LaunchServiceHandler.launch(LaunchServiceHandler.java:53) [modlauncher-11.0.5.jar%23112!/:?]
	at MC-BOOTSTRAP/cpw.mods.modlauncher@11.0.5/cpw.mods.modlauncher.LaunchServiceHandler.launch(LaunchServiceHandler.java:71) [modlauncher-11.0.5.jar%23112!/:?]
	at MC-BOOTSTRAP/cpw.mods.modlauncher@11.0.5/cpw.mods.modlauncher.Launcher.run(Launcher.java:103) [modlauncher-11.0.5.jar%23112!/:?]
	at MC-BOOTSTRAP/cpw.mods.modlauncher@11.0.5/cpw.mods.modlauncher.Launcher.main(Launcher.java:74) [modlauncher-11.0.5.jar%23112!/:?]
	at MC-BOOTSTRAP/cpw.mods.modlauncher@11.0.5/cpw.mods.modlauncher.BootstrapLaunchConsumer.accept(BootstrapLaunchConsumer.java:26) [modlauncher-11.0.5.jar%23112!/:?]
	at MC-BOOTSTRAP/cpw.mods.modlauncher@11.0.5/cpw.mods.modlauncher.BootstrapLaunchConsumer.accept(BootstrapLaunchConsumer.java:23) [modlauncher-11.0.5.jar%23112!/:?]
	at cpw.mods.bootstraplauncher@2.0.2/cpw.mods.bootstraplauncher.BootstrapLauncher.run(BootstrapLauncher.java:210) [bootstraplauncher-2.0.2.jar:?]
	at cpw.mods.bootstraplauncher@2.0.2/cpw.mods.bootstraplauncher.BootstrapLauncher.main(BootstrapLauncher.java:69) [bootstraplauncher-2.0.2.jar:?]
	at java.base/jdk.internal.reflect.DirectMethodHandleAccessor.invoke(DirectMethodHandleAccessor.java:103) ~[?:?]
	at java.base/java.lang.reflect.Method.invoke(Method.java:580) ~[?:?]
	at net.neoforged.devlaunch.Main.main(Main.java:57) [DevLaunch-1.0.2.jar:?]
[02Oct2026 18:49:44.385] [Render thread/WARN] [Iris/]: The following uniforms won't work, either because they are broken, or reference a broken uniform: 
endFlashIntensityM, endFlashFactor1
[02Oct2026 18:49:45.094] [Render thread/INFO] [ChunkBuilder/]: Started 6 worker threads
[02Oct2026 18:49:45.267] [Render thread/INFO] [net.minecraft.advancements.AdvancementTree/]: Loaded 11 advancements
[02Oct2026 18:49:45.351] [Render thread/INFO] [SuperResolution/]: SR_DIAG glTextureStorage2D texture=90 levels=1 internalFormat=8058 size=854x398 label=ITexture{id=90format=RGBA8width=854height=398}
[02Oct2026 18:49:45.352] [Render thread/INFO] [SuperResolution/]: SR_DIAG glTextureStorage2D texture=91 levels=1 internalFormat=81a6 size=854x398 label=ITexture{id=91format=DEPTH24width=854height=398}
[02Oct2026 18:49:45.387] [Render thread/WARN] [Iris/]: Error while parsing the block ID map entry for "block.10104":
[02Oct2026 18:49:45.387] [Render thread/WARN] [Iris/]: - The block minecraft:stone_slab has no property with the name variant, ignoring!
[02Oct2026 18:49:45.434] [Render thread/INFO] [ChunkBuilder/]: Stopping worker threads
[02Oct2026 18:49:45.444] [Render thread/INFO] [ChunkBuilder/]: Started 6 worker threads
[02Oct2026 18:49:45.609] [Render thread/INFO] [SuperResolution/]: SR_DIAG BEFORE_PASS:deferred1 render=( 5.020E+2  2.340E+2) display=( 8.540E+2  3.980E+2) region-1=( 5.020E+2  2.340E+2) region-2=( 8.540E+2  3.980E+2) viewport=[0,0,854,398] scissor=[0,128,854,256]/false drawFbo=1 readFbo=6 drawBuffer=36064 readBuffer=36064 drawStatus=8cd5
[02Oct2026 18:49:45.610] [Render thread/INFO] [SuperResolution/]: SR_DIAG BEFORE_PASS:deferred1 fbo=1 attachment=8ce0 texture=1 mip=0 size=854x398 internalFormat=8058
[02Oct2026 18:49:45.610] [Render thread/INFO] [SuperResolution/]: SR_DIAG BEFORE_PASS:deferred1 fbo=1 attachment=8d00 texture=5 mip=0 size=854x398 internalFormat=1902
[02Oct2026 18:49:45.615] [Render thread/INFO] [SuperResolution/]: SR_DIAG AFTER_PASS:deferred1 render=( 5.020E+2  2.340E+2) display=( 8.540E+2  3.980E+2) region-1=( 5.020E+2  2.340E+2) region-2=( 8.540E+2  3.980E+2) viewport=[0,0,854,398] scissor=[0,128,854,256]/false drawFbo=12 readFbo=12 drawBuffer=36064 readBuffer=36064 drawStatus=8cd5
[02Oct2026 18:49:45.617] [Render thread/INFO] [SuperResolution/]: SR_DIAG AFTER_PASS:deferred1 fbo=12 attachment=8ce0 texture=56 mip=0 size=854x398 internalFormat=8c3a
[02Oct2026 18:49:45.621] [Render thread/INFO] [SuperResolution/]: SR_DIAG BEFORE_PASS:composite render=( 5.020E+2  2.340E+2) display=( 8.540E+2  3.980E+2) region-1=( 5.020E+2  2.340E+2) region-2=( 8.540E+2  3.980E+2) viewport=[0,0,854,398] scissor=[0,128,854,256]/false drawFbo=1 readFbo=1 drawBuffer=36064 readBuffer=36064 drawStatus=8cd5
[02Oct2026 18:49:45.622] [Render thread/INFO] [SuperResolution/]: SR_DIAG BEFORE_PASS:composite fbo=1 attachment=8ce0 texture=1 mip=0 size=854x398 internalFormat=8058
[02Oct2026 18:49:45.622] [Render thread/INFO] [SuperResolution/]: SR_DIAG BEFORE_PASS:composite fbo=1 attachment=8d00 texture=5 mip=0 size=854x398 internalFormat=1902
[02Oct2026 18:49:45.628] [Render thread/INFO] [SuperResolution/]: SR_DIAG AFTER_PASS:composite render=( 5.020E+2  2.340E+2) display=( 8.540E+2  3.980E+2) region-1=( 5.020E+2  2.340E+2) region-2=( 8.540E+2  3.980E+2) viewport=[0,0,427,199] scissor=[0,128,854,256]/false drawFbo=13 readFbo=13 drawBuffer=36064 readBuffer=36064 drawStatus=8cd5
[02Oct2026 18:49:45.628] [Render thread/INFO] [SuperResolution/]: SR_DIAG AFTER_PASS:composite fbo=13 attachment=8ce0 texture=80 mip=0 size=427x199 internalFormat=881a
[02Oct2026 18:49:45.629] [Render thread/INFO] [SuperResolution/]: SR_DIAG BEFORE_PASS:composite1 render=( 5.020E+2  2.340E+2) display=( 8.540E+2  3.980E+2) region-1=( 5.020E+2  2.340E+2) region-2=( 8.540E+2  3.980E+2) viewport=[0,0,427,199] scissor=[0,128,854,256]/false drawFbo=13 readFbo=13 drawBuffer=36064 readBuffer=36064 drawStatus=8cd5
[02Oct2026 18:49:45.629] [Render thread/INFO] [SuperResolution/]: SR_DIAG BEFORE_PASS:composite1 fbo=13 attachment=8ce0 texture=80 mip=0 size=427x199 internalFormat=881a
[02Oct2026 18:49:45.630] [Render thread/INFO] [SuperResolution/]: SR_DIAG AFTER_PASS:composite1 render=( 5.020E+2  2.340E+2) display=( 8.540E+2  3.980E+2) region-1=( 5.020E+2  2.340E+2) region-2=( 8.540E+2  3.980E+2) viewport=[0,0,854,398] scissor=[0,128,854,256]/false drawFbo=14 readFbo=14 drawBuffer=36064 readBuffer=36064 drawStatus=8cd5
[02Oct2026 18:49:45.630] [Render thread/INFO] [SuperResolution/]: SR_DIAG AFTER_PASS:composite1 fbo=14 attachment=8ce0 texture=55 mip=0 size=854x398 internalFormat=8c3a
[02Oct2026 18:49:45.630] [Render thread/INFO] [SuperResolution/]: SR_DIAG BEFORE_PASS:composite3 render=( 5.020E+2  2.340E+2) display=( 8.540E+2  3.980E+2) region-1=( 5.020E+2  2.340E+2) region-2=( 8.540E+2  3.980E+2) viewport=[0,0,854,398] scissor=[0,128,854,256]/false drawFbo=14 readFbo=14 drawBuffer=36064 readBuffer=36064 drawStatus=8cd5
[02Oct2026 18:49:45.631] [Render thread/INFO] [SuperResolution/]: SR_DIAG BEFORE_PASS:composite3 fbo=14 attachment=8ce0 texture=55 mip=0 size=854x398 internalFormat=8c3a
[02Oct2026 18:49:45.631] [Render thread/INFO] [SuperResolution/]: SR_DIAG AFTER_PASS:composite3 render=( 5.020E+2  2.340E+2) display=( 8.540E+2  3.980E+2) region-1=( 5.020E+2  2.340E+2) region-2=( 8.540E+2  3.980E+2) viewport=[0,0,854,398] scissor=[0,128,854,256]/false drawFbo=15 readFbo=15 drawBuffer=36064 readBuffer=36064 drawStatus=8cd5
[02Oct2026 18:49:45.632] [Render thread/INFO] [SuperResolution/]: SR_DIAG AFTER_PASS:composite3 fbo=15 attachment=8ce0 texture=56 mip=0 size=854x398 internalFormat=8c3a
[02Oct2026 18:49:45.632] [Render thread/INFO] [SuperResolution/]: SR_DIAG BEFORE_PASS:composite4 render=( 5.020E+2  2.340E+2) display=( 8.540E+2  3.980E+2) region-1=( 5.020E+2  2.340E+2) region-2=( 8.540E+2  3.980E+2) viewport=[0,0,854,398] scissor=[0,128,854,256]/false drawFbo=15 readFbo=15 drawBuffer=36064 readBuffer=36064 drawStatus=8cd5
[02Oct2026 18:49:45.632] [Render thread/INFO] [SuperResolution/]: SR_DIAG BEFORE_PASS:composite4 fbo=15 attachment=8ce0 texture=56 mip=0 size=854x398 internalFormat=8c3a
[02Oct2026 18:49:45.636] [Render thread/INFO] [SuperResolution/]: SR_DIAG AFTER_PASS:composite4 render=( 5.020E+2  2.340E+2) display=( 8.540E+2  3.980E+2) region-1=( 5.020E+2  2.340E+2) region-2=( 8.540E+2  3.980E+2) viewport=[0,0,854,398] scissor=[0,128,854,256]/false drawFbo=16 readFbo=16 drawBuffer=36064 readBuffer=36064 drawStatus=8cd5
[02Oct2026 18:49:45.636] [Render thread/INFO] [SuperResolution/]: SR_DIAG AFTER_PASS:composite4 fbo=16 attachment=8ce0 texture=64 mip=0 size=854x398 internalFormat=881a
[02Oct2026 18:49:45.637] [Render thread/INFO] [SuperResolution/]: SR_DIAG BEFORE_PASS:composite5 render=( 5.020E+2  2.340E+2) display=( 8.540E+2  3.980E+2) region-1=( 5.020E+2  2.340E+2) region-2=( 8.540E+2  3.980E+2) viewport=[0,0,854,398] scissor=[0,128,854,256]/false drawFbo=16 readFbo=16 drawBuffer=36064 readBuffer=36064 drawStatus=8cd5
[02Oct2026 18:49:45.637] [Render thread/INFO] [SuperResolution/]: SR_DIAG BEFORE_PASS:composite5 fbo=16 attachment=8ce0 texture=64 mip=0 size=854x398 internalFormat=881a
[02Oct2026 18:49:45.637] [Render thread/INFO] [SuperResolution/]: SR_DIAG AFTER_PASS:composite5 render=( 5.020E+2  2.340E+2) display=( 8.540E+2  3.980E+2) region-1=( 5.020E+2  2.340E+2) region-2=( 8.540E+2  3.980E+2) viewport=[0,0,854,398] scissor=[0,128,854,256]/false drawFbo=17 readFbo=17 drawBuffer=36064 readBuffer=36064 drawStatus=8cd5
[02Oct2026 18:49:45.637] [Render thread/INFO] [SuperResolution/]: SR_DIAG AFTER_PASS:composite5 fbo=17 attachment=8ce0 texture=63 mip=0 size=854x398 internalFormat=881a
[02Oct2026 18:49:45.638] [Render thread/INFO] [SuperResolution/]: SR_DIAG BEFORE_PASS:composite6 render=( 5.020E+2  2.340E+2) display=( 8.540E+2  3.980E+2) region-1=( 5.020E+2  2.340E+2) region-2=( 8.540E+2  3.980E+2) viewport=[0,0,854,398] scissor=[0,128,854,256]/false drawFbo=17 readFbo=17 drawBuffer=36064 readBuffer=36064 drawStatus=8cd5
[02Oct2026 18:49:45.638] [Render thread/INFO] [SuperResolution/]: SR_DIAG BEFORE_PASS:composite6 fbo=17 attachment=8ce0 texture=63 mip=0 size=854x398 internalFormat=881a
[02Oct2026 18:49:45.646] [Render thread/INFO] [SuperResolution/]: SR_DIAG AFTER_PASS:composite6 render=( 5.020E+2  2.340E+2) display=( 8.540E+2  3.980E+2) region-1=( 5.020E+2  2.340E+2) region-2=( 8.540E+2  3.980E+2) viewport=[0,0,854,398] scissor=[0,128,854,256]/false drawFbo=18 readFbo=18 drawBuffer=36064 readBuffer=36064 drawStatus=8cd5
[02Oct2026 18:49:45.646] [Render thread/INFO] [SuperResolution/]: SR_DIAG AFTER_PASS:composite6 fbo=18 attachment=8ce0 texture=64 mip=0 size=854x398 internalFormat=881a
[02Oct2026 18:49:45.646] [Render thread/INFO] [SuperResolution/]: SR_DIAG BEFORE_PASS:composite7 render=( 5.020E+2  2.340E+2) display=( 8.540E+2  3.980E+2) region-1=( 5.020E+2  2.340E+2) region-2=( 8.540E+2  3.980E+2) viewport=[0,0,854,398] scissor=[0,128,854,256]/false drawFbo=18 readFbo=18 drawBuffer=36064 readBuffer=36064 drawStatus=8cd5
[02Oct2026 18:49:45.646] [Render thread/INFO] [SuperResolution/]: SR_DIAG BEFORE_PASS:composite7 fbo=18 attachment=8ce0 texture=64 mip=0 size=854x398 internalFormat=881a
[02Oct2026 18:49:45.647] [Render thread/INFO] [SuperResolution/]: SR_DIAG BEFORE_SR render=( 5.020E+2  2.340E+2) display=( 8.540E+2  3.980E+2) region-1=( 5.020E+2  2.340E+2) region-2=( 8.540E+2  3.980E+2) viewport=[0,0,854,398] scissor=[0,128,854,256]/false drawFbo=18 readFbo=18 drawBuffer=36064 readBuffer=36064 drawStatus=8cd5
[02Oct2026 18:49:45.647] [Render thread/INFO] [SuperResolution/]: SR_DIAG BEFORE_SR fbo=18 attachment=8ce0 texture=64 mip=0 size=854x398 internalFormat=881a
[02Oct2026 18:49:45.649] [Render thread/INFO] [SuperResolution/ShaderCompiler/]: Compiling shader FSR1_EASU with the compatibility shader compiler
[02Oct2026 18:49:45.733] [Render thread/INFO] [SuperResolution/ShaderCompiler/]: Compiling shader FSR1_RCAS with the compatibility shader compiler
[02Oct2026 18:49:45.805] [Render thread/INFO] [SuperResolution/]: SR_DIAG glTextureStorage2D texture=87 levels=1 internalFormat=881a size=854x398 label=Fsr1TempTexture
[02Oct2026 18:49:45.807] [Render thread/INFO] [SuperResolution/]: SR_DIAG glTextureStorage2D texture=88 levels=1 internalFormat=881a size=854x398 label=Fsr1OutputTexture
[02Oct2026 18:49:45.816] [Render thread/INFO] [SuperResolution/]: SR_DIAG glTextureStorage2D texture=95 levels=1 internalFormat=881a size=502x234 label=SRIrisCompatInternalTexture-autotex3
[02Oct2026 18:49:45.817] [Render thread/INFO] [SuperResolution/]: SR_DIAG glTextureStorage2D texture=96 levels=1 internalFormat=81a6 size=502x234 label=SRIrisCompatInternalTexture-depthtex
[02Oct2026 18:49:45.819] [Render thread/INFO] [SuperResolution/]: SR_DIAG glTextureStorage2D texture=97 levels=1 internalFormat=881a size=502x234 label=SRIrisCompatInternalTexture-autotex2
[02Oct2026 18:49:45.820] [Render thread/INFO] [SuperResolution/]: SR_DIAG texture color id=64 size=854x398 format=RGBA16F target/type=Texture2D glInternalFormat=881a
[02Oct2026 18:49:45.821] [Render thread/INFO] [SuperResolution/]: SR_DIAG texture depth id=5 size=854x398 format=DEPTH24 target/type=Texture2D glInternalFormat=1902
[02Oct2026 18:49:45.821] [Render thread/INFO] [SuperResolution/]: SR_DIAG depth depth id=5 bits=24 componentType=8c17
[02Oct2026 18:49:45.821] [Render thread/INFO] [SuperResolution/]: SR_DIAG texture motion_vectors id=86 size=854x398 format=RGBA16F target/type=Texture2D glInternalFormat=881a
[02Oct2026 18:49:45.821] [Render thread/INFO] [SuperResolution/]: SR_DIAG texture algorithm_color id=95 size=502x234 format=RGBA16F target/type=Texture2D glInternalFormat=881a
[02Oct2026 18:49:45.822] [Render thread/INFO] [SuperResolution/]: SR_DIAG texture algorithm_depth id=96 size=502x234 format=DEPTH24 target/type=Texture2D glInternalFormat=81a6
[02Oct2026 18:49:45.822] [Render thread/INFO] [SuperResolution/]: SR_DIAG depth algorithm_depth id=96 bits=24 componentType=8c17
[02Oct2026 18:49:45.822] [Render thread/INFO] [SuperResolution/]: SR_DIAG texture algorithm_motion_vectors id=97 size=502x234 format=RGBA16F target/type=Texture2D glInternalFormat=881a
[02Oct2026 18:49:45.839] [Render thread/INFO] [SuperResolution/]: SR_INTEROP resource=SRPresentationDepth-1 sourceGL=96 sharedGL=98 VkImage=2456777840816 format=R32F VkFormat=100 size=502x234 ready=2456776050272 release=2456776033552 phase=GL_WRITE_READY layout=TRANSFER_SRC_OPTIMAL usages=io.homo.superresolution.core.graphics.impl.texture.TextureUsages@1017764d
[02Oct2026 18:49:45.860] [Render thread/INFO] [SuperResolution/]: SR_INTEROP resource=SRPresentationMotionVector-1 sourceGL=97 sharedGL=99 VkImage=2456777842304 format=RGBA16F VkFormat=97 size=502x234 ready=2456776050576 release=2456776033856 phase=GL_WRITE_READY layout=TRANSFER_SRC_OPTIMAL usages=io.homo.superresolution.core.graphics.impl.texture.TextureUsages@273bcf73
[02Oct2026 18:49:45.862] [Render thread/WARN] [SuperResolution/]: Failed to build DLSS-G constants
java.lang.IllegalArgumentException: cameraViewToClip is not invertible
	at TRANSFORMER/super_resolution@0.9.2-alpha.1+dev.2ae956e6.opengl/io.homo.superresolution.common.framegeneration.constants.FGConstantsBuilder.inverse(FGConstantsBuilder.java:120) ~[super_resolution-neoforge-1.21..1.21.1-0.9.2-alpha.1+dev.2ae956e6.opengl-fg-metadata.jar%23175!/:?]
	at TRANSFORMER/super_resolution@0.9.2-alpha.1+dev.2ae956e6.opengl/io.homo.superresolution.common.framegeneration.constants.FGConstantsBuilder.build(FGConstantsBuilder.java:45) ~[super_resolution-neoforge-1.21..1.21.1-0.9.2-alpha.1+dev.2ae956e6.opengl-fg-metadata.jar%23175!/:?]
	at TRANSFORMER/super_resolution@0.9.2-alpha.1+dev.2ae956e6.opengl/io.homo.superresolution.common.framegeneration.constants.FGConstantsFeature.onAlgorithmDispatch(FGConstantsFeature.java:160) ~[super_resolution-neoforge-1.21..1.21.1-0.9.2-alpha.1+dev.2ae956e6.opengl-fg-metadata.jar%23175!/:?]
	at MC-BOOTSTRAP/net.neoforged.bus/net.neoforged.bus.ConsumerEventHandler.invoke(ConsumerEventHandler.java:27) ~[bus-8.0.5.jar%23134!/:?]
	at MC-BOOTSTRAP/net.neoforged.bus/net.neoforged.bus.EventBus.post(EventBus.java:360) ~[bus-8.0.5.jar%23134!/:?]
	at MC-BOOTSTRAP/net.neoforged.bus/net.neoforged.bus.EventBus.post(EventBus.java:328) ~[bus-8.0.5.jar%23134!/:?]
	at TRANSFORMER/super_resolution@0.9.2-alpha.1+dev.2ae956e6.opengl/io.homo.superresolution.shadercompat.IrisShaderCompatUpscaleDispatcher.dispatchUpscale(IrisShaderCompatUpscaleDispatcher.java:541) ~[super_resolution-neoforge-1.21..1.21.1-0.9.2-alpha.1+dev.2ae956e6.opengl-fg-metadata.jar%23175!/:?]
	at TRANSFORMER/super_resolution@0.9.2-alpha.1+dev.2ae956e6.opengl/io.homo.superresolution.shadercompat.IrisShaderCompatEventHandler.onCompositeRendererRenderBefore(IrisShaderCompatEventHandler.java:132) ~[super_resolution-neoforge-1.21..1.21.1-0.9.2-alpha.1+dev.2ae956e6.opengl-fg-metadata.jar%23175!/:?]
	at MC-BOOTSTRAP/net.neoforged.bus/net.neoforged.bus.ConsumerEventHandler.invoke(ConsumerEventHandler.java:27) ~[bus-8.0.5.jar%23134!/:?]
	at MC-BOOTSTRAP/net.neoforged.bus/net.neoforged.bus.EventBus.post(EventBus.java:360) ~[bus-8.0.5.jar%23134!/:?]
	at MC-BOOTSTRAP/net.neoforged.bus/net.neoforged.bus.EventBus.post(EventBus.java:328) ~[bus-8.0.5.jar%23134!/:?]
	at TRANSFORMER/super_resolution@0.9.2-alpha.1+dev.2ae956e6.opengl/io.homo.irisapi.handlers.IrisRenderingPipelineHandler.onCompositePassDispatchBefore(IrisRenderingPipelineHandler.java:70) ~[super_resolution-neoforge-1.21..1.21.1-0.9.2-alpha.1+dev.2ae956e6.opengl-fg-metadata.jar%23175!/:?]
	at TRANSFORMER/iris@1.8.8+mc1.21.1/net.irisshaders.iris.pipeline.CompositeRenderer.superresolution$handlePassEvent(CompositeRenderer.java:2570) ~[iris-1.8.8+1.21.1-neoforge-neoforge,1.21.1.jar%23177!/:?]
	at TRANSFORMER/iris@1.8.8+mc1.21.1/net.irisshaders.iris.pipeline.CompositeRenderer.handler$zlh000$super_resolution$onBeforeRenderA(CompositeRenderer.java:2625) ~[iris-1.8.8+1.21.1-neoforge-neoforge,1.21.1.jar%23177!/:?]
	at TRANSFORMER/iris@1.8.8+mc1.21.1/net.irisshaders.iris.pipeline.CompositeRenderer.renderAll(CompositeRenderer.java:284) ~[iris-1.8.8+1.21.1-neoforge-neoforge,1.21.1.jar%23177!/:?]
	at TRANSFORMER/iris@1.8.8+mc1.21.1/net.irisshaders.iris.pipeline.IrisRenderingPipeline.finalizeLevelRendering(IrisRenderingPipeline.java:1088) ~[iris-1.8.8+1.21.1-neoforge-neoforge,1.21.1.jar%23177!/:?]
	at TRANSFORMER/minecraft@1.21.1/net.minecraft.client.renderer.LevelRenderer.handler$zeh000$iris$endLevelRender(LevelRenderer.java:7818) ~[neoforge-21.1.219.jar%23172!/:?]
	at TRANSFORMER/minecraft@1.21.1/net.minecraft.client.renderer.LevelRenderer.renderLevel(LevelRenderer.java:1240) ~[neoforge-21.1.219.jar%23172!/:?]
	at TRANSFORMER/minecraft@1.21.1/net.minecraft.client.renderer.GameRenderer.renderLevel(GameRenderer.java:1271) ~[neoforge-21.1.219.jar%23172!/:?]
	at TRANSFORMER/minecraft@1.21.1/net.minecraft.client.renderer.GameRenderer.render(GameRenderer.java:1024) ~[neoforge-21.1.219.jar%23172!/:?]
	at TRANSFORMER/minecraft@1.21.1/net.minecraft.client.Minecraft.runTick(Minecraft.java:1195) ~[neoforge-21.1.219.jar%23172!/:?]
	at TRANSFORMER/minecraft@1.21.1/net.minecraft.client.Minecraft.run(Minecraft.java:807) ~[neoforge-21.1.219.jar%23172!/:?]
	at TRANSFORMER/minecraft@1.21.1/net.minecraft.client.main.Main.main(Main.java:230) ~[neoforge-21.1.219.jar%23172!/:?]
	at java.base/jdk.internal.reflect.DirectMethodHandleAccessor.invoke(DirectMethodHandleAccessor.java:103) ~[?:?]
	at java.base/java.lang.reflect.Method.invoke(Method.java:580) ~[?:?]
	at MC-BOOTSTRAP/fml_loader@4.0.42/net.neoforged.fml.loading.targets.CommonLaunchHandler.runTarget(CommonLaunchHandler.java:136) ~[loader-4.0.42.jar%23130!/:4.0]
	at MC-BOOTSTRAP/fml_loader@4.0.42/net.neoforged.fml.loading.targets.CommonLaunchHandler.clientService(CommonLaunchHandler.java:124) ~[loader-4.0.42.jar%23130!/:4.0]
	at MC-BOOTSTRAP/fml_loader@4.0.42/net.neoforged.fml.loading.targets.NeoForgeClientDevLaunchHandler.runService(NeoForgeClientDevLaunchHandler.java:23) ~[loader-4.0.42.jar%23130!/:4.0]
	at MC-BOOTSTRAP/fml_loader@4.0.42/net.neoforged.fml.loading.targets.CommonLaunchHandler.lambda$launchService$4(CommonLaunchHandler.java:118) ~[loader-4.0.42.jar%23130!/:4.0]
	at MC-BOOTSTRAP/cpw.mods.modlauncher@11.0.5/cpw.mods.modlauncher.LaunchServiceHandlerDecorator.launch(LaunchServiceHandlerDecorator.java:30) [modlauncher-11.0.5.jar%23112!/:?]
	at MC-BOOTSTRAP/cpw.mods.modlauncher@11.0.5/cpw.mods.modlauncher.LaunchServiceHandler.launch(LaunchServiceHandler.java:53) [modlauncher-11.0.5.jar%23112!/:?]
	at MC-BOOTSTRAP/cpw.mods.modlauncher@11.0.5/cpw.mods.modlauncher.LaunchServiceHandler.launch(LaunchServiceHandler.java:71) [modlauncher-11.0.5.jar%23112!/:?]
	at MC-BOOTSTRAP/cpw.mods.modlauncher@11.0.5/cpw.mods.modlauncher.Launcher.run(Launcher.java:103) [modlauncher-11.0.5.jar%23112!/:?]
	at MC-BOOTSTRAP/cpw.mods.modlauncher@11.0.5/cpw.mods.modlauncher.Launcher.main(Launcher.java:74) [modlauncher-11.0.5.jar%23112!/:?]
	at MC-BOOTSTRAP/cpw.mods.modlauncher@11.0.5/cpw.mods.modlauncher.BootstrapLaunchConsumer.accept(BootstrapLaunchConsumer.java:26) [modlauncher-11.0.5.jar%23112!/:?]
	at MC-BOOTSTRAP/cpw.mods.modlauncher@11.0.5/cpw.mods.modlauncher.BootstrapLaunchConsumer.accept(BootstrapLaunchConsumer.java:23) [modlauncher-11.0.5.jar%23112!/:?]
	at cpw.mods.bootstraplauncher@2.0.2/cpw.mods.bootstraplauncher.BootstrapLauncher.run(BootstrapLauncher.java:210) [bootstraplauncher-2.0.2.jar:?]
	at cpw.mods.bootstraplauncher@2.0.2/cpw.mods.bootstraplauncher.BootstrapLauncher.main(BootstrapLauncher.java:69) [bootstraplauncher-2.0.2.jar:?]
	at java.base/jdk.internal.reflect.DirectMethodHandleAccessor.invoke(DirectMethodHandleAccessor.java:103) ~[?:?]
	at java.base/java.lang.reflect.Method.invoke(Method.java:580) ~[?:?]
	at net.neoforged.devlaunch.Main.main(Main.java:57) [DevLaunch-1.0.2.jar:?]
[02Oct2026 18:49:45.877] [Render thread/INFO] [SuperResolution/]: SR_DIAG texture SR_output id=88 size=854x398 format=RGBA16F target/type=Texture2D glInternalFormat=881a
[02Oct2026 18:49:45.877] [Render thread/INFO] [SuperResolution/]: SR_DIAG texture autotex3/output_target id=64 size=854x398 format=RGBA16F target/type=Texture2D glInternalFormat=881a
[02Oct2026 18:49:45.878] [Render thread/INFO] [SuperResolution/]: SR_DIAG AFTER_SR render=( 5.020E+2  2.340E+2) display=( 8.540E+2  3.980E+2) region-1=( 5.020E+2  2.340E+2) region-2=( 8.540E+2  3.980E+2) viewport=[0,0,854,398] scissor=[0,128,854,256]/false drawFbo=18 readFbo=18 drawBuffer=36064 readBuffer=36064 drawStatus=8cd5
[02Oct2026 18:49:45.878] [Render thread/INFO] [SuperResolution/]: SR_DIAG AFTER_SR fbo=18 attachment=8ce0 texture=64 mip=0 size=854x398 internalFormat=881a
[02Oct2026 18:49:45.879] [Render thread/INFO] [SuperResolution/]: SR_DIAG AFTER_PASS:composite7 render=( 5.020E+2  2.340E+2) display=( 8.540E+2  3.980E+2) region-1=( 5.020E+2  2.340E+2) region-2=( 8.540E+2  3.980E+2) viewport=[0,0,854,398] scissor=[0,128,854,256]/false drawFbo=19 readFbo=19 drawBuffer=36064 readBuffer=36064 drawStatus=8cd5
[02Oct2026 18:49:45.879] [Render thread/INFO] [SuperResolution/]: SR_DIAG AFTER_PASS:composite7 fbo=19 attachment=8ce0 texture=63 mip=0 size=854x398 internalFormat=881a
[02Oct2026 18:49:45.881] [Render thread/INFO] [SuperResolution/]: SR_DIAG FINAL_PIPELINE render=( 5.020E+2  2.340E+2) display=( 8.540E+2  3.980E+2) region-1=( 5.020E+2  2.340E+2) region-2=( 8.540E+2  3.980E+2) viewport=[0,0,854,398] scissor=[0,128,854,256]/false drawFbo=1 readFbo=1 drawBuffer=36064 readBuffer=36064 drawStatus=8cd5
[02Oct2026 18:49:45.881] [Render thread/INFO] [SuperResolution/]: SR_DIAG FINAL_PIPELINE fbo=1 attachment=8ce0 texture=1 mip=0 size=854x398 internalFormat=8058
[02Oct2026 18:49:45.881] [Render thread/INFO] [SuperResolution/]: SR_DIAG FINAL_PIPELINE fbo=1 attachment=8d00 texture=5 mip=0 size=854x398 internalFormat=1902
[02Oct2026 18:49:45.892] [Render thread/INFO] [SuperResolution/]: SR_INTEROP resource=SRPresentationHudlessColor-1 sourceGL=1 sharedGL=100 VkImage=2457161042928 format=RGBA8 VkFormat=37 size=854x398 ready=2457429901200 release=2457429884480 phase=GL_WRITE_READY layout=TRANSFER_SRC_OPTIMAL usages=io.homo.superresolution.core.graphics.impl.texture.TextureUsages@3690bdb7
[02Oct2026 18:49:46.076] [Render thread/INFO] [SuperResolution/]: SR_INTEROP resource=SRPresentationDepth-2 sourceGL=96 sharedGL=102 VkImage=2456777845280 format=R32F VkFormat=100 size=502x234 ready=2456776050880 release=2456776034160 phase=GL_WRITE_READY layout=TRANSFER_SRC_OPTIMAL usages=io.homo.superresolution.core.graphics.impl.texture.TextureUsages@28215214
[02Oct2026 18:49:46.078] [Render thread/INFO] [SuperResolution/]: SR_INTEROP resource=SRPresentationMotionVector-2 sourceGL=97 sharedGL=103 VkImage=2456777843792 format=RGBA16F VkFormat=97 size=502x234 ready=2456776051184 release=2456776034464 phase=GL_WRITE_READY layout=TRANSFER_SRC_OPTIMAL usages=io.homo.superresolution.core.graphics.impl.texture.TextureUsages@384629b
[02Oct2026 18:49:46.082] [Render thread/INFO] [SuperResolution/]: SR_FG_INPUT frame=1 timestampNs=1290392053136100 deltaMs=0.0 epoch=1 render=Size[width=502, height=234] display=Size[width=854, height=398] jitter=0.0,-0.0 cameraNear=0.05 cameraFar=768.0 fovRadians=1.219392 depthInverted=0 MV=previousMinusCurrentUV_Yflipped meters=1_MinecraftBlockConvention
[02Oct2026 18:49:46.087] [Render thread/INFO] [SuperResolution/]: SR_INTEROP resource=SRPresentationHudlessColor-2 sourceGL=1 sharedGL=104 VkImage=2457161044416 format=RGBA8 VkFormat=37 size=854x398 ready=2457429901504 release=2457429884784 phase=GL_WRITE_READY layout=TRANSFER_SRC_OPTIMAL usages=io.homo.superresolution.core.graphics.impl.texture.TextureUsages@21509a99
[02Oct2026 18:49:46.103] [Render thread/INFO] [SuperResolution/]: SR_FG_INPUT sealed metadata=RealFrameMetadata[realFrameTimestamp=1290392053136100, realFrameDeltaMs=0.0, monotonicFrameId=1, discontinuityEpoch=1, renderSize=Size[width=502, height=234], displaySize=Size[width=854, height=398], color=Color[format=RGBA8, transferFunction=UNKNOWN, minLuminance=null, maxLuminance=null, source=Iris output color space; HDR luminance unavailable], viewSpaceToMetersFactor=1.0] final=true hudless=true depth=true mv=true
[02Oct2026 18:49:46.178] [Render thread/INFO] [SuperResolution/]: SR_INTEROP resource=SRPresentationDepth-0 sourceGL=96 sharedGL=105 VkImage=2454228537520 format=R32F VkFormat=100 size=502x234 ready=2457996810704 release=2457996811008 phase=GL_WRITE_READY layout=TRANSFER_SRC_OPTIMAL usages=io.homo.superresolution.core.graphics.impl.texture.TextureUsages@27c6587d
[02Oct2026 18:49:46.180] [Render thread/INFO] [SuperResolution/]: SR_INTEROP resource=SRPresentationMotionVector-0 sourceGL=97 sharedGL=107 VkImage=2454228544960 format=RGBA16F VkFormat=97 size=502x234 ready=2457996813440 release=2457996811616 phase=GL_WRITE_READY layout=TRANSFER_SRC_OPTIMAL usages=io.homo.superresolution.core.graphics.impl.texture.TextureUsages@16ee4cb0
[02Oct2026 18:49:46.182] [Render thread/INFO] [SuperResolution/]: SR_FG_INPUT frame=2 timestampNs=1290392154201200 deltaMs=101.0651 epoch=1 render=Size[width=502, height=234] display=Size[width=854, height=398] jitter=0.0,-0.0 cameraNear=0.05 cameraFar=768.0 fovRadians=1.2215633 depthInverted=0 MV=previousMinusCurrentUV_Yflipped meters=1_MinecraftBlockConvention
[02Oct2026 18:49:46.186] [Render thread/INFO] [SuperResolution/]: SR_INTEROP resource=SRPresentationHudlessColor-0 sourceGL=1 sharedGL=108 VkImage=2454228541984 format=RGBA8 VkFormat=37 size=854x398 ready=2457996811920 release=2457996812224 phase=GL_WRITE_READY layout=TRANSFER_SRC_OPTIMAL usages=io.homo.superresolution.core.graphics.impl.texture.TextureUsages@28432be0
[02Oct2026 18:49:46.189] [Render thread/INFO] [SuperResolution/]: SR_FG_INPUT sealed metadata=RealFrameMetadata[realFrameTimestamp=1290392154201200, realFrameDeltaMs=101.0651, monotonicFrameId=2, discontinuityEpoch=1, renderSize=Size[width=502, height=234], displaySize=Size[width=854, height=398], color=Color[format=RGBA8, transferFunction=UNKNOWN, minLuminance=null, maxLuminance=null, source=Iris output color space; HDR luminance unavailable], viewSpaceToMetersFactor=1.0] final=true hudless=true depth=true mv=true
[02Oct2026 18:49:46.236] [Render thread/INFO] [SuperResolution/]: SR_INTEROP resource=SRPresentationHudlessColor-1 phase=GL_RELEASE_WAIT_REUSE semaphore=2457429884480
[02Oct2026 18:49:46.236] [Render thread/INFO] [SuperResolution/]: SR_INTEROP resource=SRPresentationDepth-1 phase=GL_RELEASE_WAIT_REUSE semaphore=2456776033552
[02Oct2026 18:49:46.236] [Render thread/INFO] [SuperResolution/]: SR_INTEROP resource=SRPresentationMotionVector-1 phase=GL_RELEASE_WAIT_REUSE semaphore=2456776033856
[02Oct2026 18:49:46.237] [Render thread/INFO] [SuperResolution/]: SR_INTEROP resource=SRPresentationDepth-1 sourceGL=96 sharedGL=98 VkImage=2456777840816 format=R32F VkFormat=100 size=502x234 ready=2456776050272 release=2456776033552 phase=GL_WRITE_READY layout=TRANSFER_SRC_OPTIMAL usages=io.homo.superresolution.core.graphics.impl.texture.TextureUsages@1017764d
[02Oct2026 18:49:46.237] [Render thread/INFO] [SuperResolution/]: SR_INTEROP resource=SRPresentationMotionVector-1 sourceGL=97 sharedGL=99 VkImage=2456777842304 format=RGBA16F VkFormat=97 size=502x234 ready=2456776050576 release=2456776033856 phase=GL_WRITE_READY layout=TRANSFER_SRC_OPTIMAL usages=io.homo.superresolution.core.graphics.impl.texture.TextureUsages@273bcf73
[02Oct2026 18:49:46.237] [Render thread/INFO] [SuperResolution/]: SR_FG_INPUT frame=3 timestampNs=1290392210303700 deltaMs=56.1025 epoch=1 render=Size[width=502, height=234] display=Size[width=854, height=398] jitter=0.0,-0.0 cameraNear=0.05 cameraFar=768.0 fovRadians=1.2216774 depthInverted=0 MV=previousMinusCurrentUV_Yflipped meters=1_MinecraftBlockConvention
[02Oct2026 18:49:46.239] [Render thread/INFO] [SuperResolution/]: SR_INTEROP resource=SRPresentationHudlessColor-1 sourceGL=1 sharedGL=100 VkImage=2457161042928 format=RGBA8 VkFormat=37 size=854x398 ready=2457429901200 release=2457429884480 phase=GL_WRITE_READY layout=TRANSFER_SRC_OPTIMAL usages=io.homo.superresolution.core.graphics.impl.texture.TextureUsages@3690bdb7
[02Oct2026 18:49:46.240] [Render thread/INFO] [SuperResolution/]: SR_FG_INPUT sealed metadata=RealFrameMetadata[realFrameTimestamp=1290392210303700, realFrameDeltaMs=56.1025, monotonicFrameId=3, discontinuityEpoch=1, renderSize=Size[width=502, height=234], displaySize=Size[width=854, height=398], color=Color[format=RGBA8, transferFunction=UNKNOWN, minLuminance=null, maxLuminance=null, source=Iris output color space; HDR luminance unavailable], viewSpaceToMetersFactor=1.0] final=true hudless=true depth=true mv=true
[02Oct2026 18:49:46.287] [Render thread/INFO] [SuperResolution/]: SR_INTEROP resource=SRPresentationHudlessColor-2 phase=GL_RELEASE_WAIT_REUSE semaphore=2457429884784
[02Oct2026 18:49:46.287] [Render thread/INFO] [SuperResolution/]: SR_INTEROP resource=SRPresentationDepth-2 phase=GL_RELEASE_WAIT_REUSE semaphore=2456776034160
[02Oct2026 18:49:46.287] [Render thread/INFO] [SuperResolution/]: SR_INTEROP resource=SRPresentationMotionVector-2 phase=GL_RELEASE_WAIT_REUSE semaphore=2456776034464
[02Oct2026 18:49:46.287] [Render thread/INFO] [SuperResolution/]: SR_INTEROP resource=SRPresentationDepth-2 sourceGL=96 sharedGL=102 VkImage=2456777845280 format=R32F VkFormat=100 size=502x234 ready=2456776050880 release=2456776034160 phase=GL_WRITE_READY layout=TRANSFER_SRC_OPTIMAL usages=io.homo.superresolution.core.graphics.impl.texture.TextureUsages@28215214
[02Oct2026 18:49:46.288] [Render thread/INFO] [SuperResolution/]: SR_INTEROP resource=SRPresentationMotionVector-2 sourceGL=97 sharedGL=103 VkImage=2456777843792 format=RGBA16F VkFormat=97 size=502x234 ready=2456776051184 release=2456776034464 phase=GL_WRITE_READY layout=TRANSFER_SRC_OPTIMAL usages=io.homo.superresolution.core.graphics.impl.texture.TextureUsages@384629b
[02Oct2026 18:49:46.288] [Render thread/INFO] [SuperResolution/]: SR_FG_INPUT frame=4 timestampNs=1290392261451000 deltaMs=51.1473 epoch=1 render=Size[width=502, height=234] display=Size[width=854, height=398] jitter=0.0,-0.0 cameraNear=0.05 cameraFar=768.0 fovRadians=1.2217044 depthInverted=0 MV=previousMinusCurrentUV_Yflipped meters=1_MinecraftBlockConvention
[02Oct2026 18:49:46.289] [Render thread/INFO] [SuperResolution/]: SR_INTEROP resource=SRPresentationHudlessColor-2 sourceGL=1 sharedGL=104 VkImage=2457161044416 format=RGBA8 VkFormat=37 size=854x398 ready=2457429901504 release=2457429884784 phase=GL_WRITE_READY layout=TRANSFER_SRC_OPTIMAL usages=io.homo.superresolution.core.graphics.impl.texture.TextureUsages@21509a99
[02Oct2026 18:49:46.290] [Render thread/INFO] [SuperResolution/]: SR_FG_INPUT sealed metadata=RealFrameMetadata[realFrameTimestamp=1290392261451000, realFrameDeltaMs=51.1473, monotonicFrameId=4, discontinuityEpoch=1, renderSize=Size[width=502, height=234], displaySize=Size[width=854, height=398], color=Color[format=RGBA8, transferFunction=UNKNOWN, minLuminance=null, maxLuminance=null, source=Iris output color space; HDR luminance unavailable], viewSpaceToMetersFactor=1.0] final=true hudless=true depth=true mv=true
[02Oct2026 18:49:46.341] [Render thread/INFO] [SuperResolution/]: SR_INTEROP resource=SRPresentationHudlessColor-0 phase=GL_RELEASE_WAIT_REUSE semaphore=2457996812224
[02Oct2026 18:49:46.342] [Render thread/INFO] [SuperResolution/]: SR_INTEROP resource=SRPresentationDepth-0 phase=GL_RELEASE_WAIT_REUSE semaphore=2457996811008
[02Oct2026 18:49:46.342] [Render thread/INFO] [SuperResolution/]: SR_INTEROP resource=SRPresentationMotionVector-0 phase=GL_RELEASE_WAIT_REUSE semaphore=2457996811616
[02Oct2026 18:49:46.342] [Render thread/INFO] [SuperResolution/]: SR_INTEROP resource=SRPresentationDepth-0 sourceGL=96 sharedGL=105 VkImage=2454228537520 format=R32F VkFormat=100 size=502x234 ready=2457996810704 release=2457996811008 phase=GL_WRITE_READY layout=TRANSFER_SRC_OPTIMAL usages=io.homo.superresolution.core.graphics.impl.texture.TextureUsages@27c6587d
[02Oct2026 18:49:46.342] [Render thread/INFO] [SuperResolution/]: SR_INTEROP resource=SRPresentationMotionVector-0 sourceGL=97 sharedGL=107 VkImage=2454228544960 format=RGBA16F VkFormat=97 size=502x234 ready=2457996813440 release=2457996811616 phase=GL_WRITE_READY layout=TRANSFER_SRC_OPTIMAL usages=io.homo.superresolution.core.graphics.impl.texture.TextureUsages@16ee4cb0
[02Oct2026 18:49:46.343] [Render thread/INFO] [SuperResolution/]: SR_FG_INPUT frame=5 timestampNs=1290392316357500 deltaMs=54.9065 epoch=1 render=Size[width=502, height=234] display=Size[width=854, height=398] jitter=0.0,-0.0 cameraNear=0.05 cameraFar=768.0 fovRadians=1.2217176 depthInverted=0 MV=previousMinusCurrentUV_Yflipped meters=1_MinecraftBlockConvention
[02Oct2026 18:49:46.345] [Render thread/INFO] [SuperResolution/]: SR_INTEROP resource=SRPresentationHudlessColor-0 sourceGL=1 sharedGL=108 VkImage=2454228541984 format=RGBA8 VkFormat=37 size=854x398 ready=2457996811920 release=2457996812224 phase=GL_WRITE_READY layout=TRANSFER_SRC_OPTIMAL usages=io.homo.superresolution.core.graphics.impl.texture.TextureUsages@28432be0
[02Oct2026 18:49:46.345] [Render thread/INFO] [SuperResolution/]: SR_FG_INPUT sealed metadata=RealFrameMetadata[realFrameTimestamp=1290392316357500, realFrameDeltaMs=54.9065, monotonicFrameId=5, discontinuityEpoch=1, renderSize=Size[width=502, height=234], displaySize=Size[width=854, height=398], color=Color[format=RGBA8, transferFunction=UNKNOWN, minLuminance=null, maxLuminance=null, source=Iris output color space; HDR luminance unavailable], viewSpaceToMetersFactor=1.0] final=true hudless=true depth=true mv=true
[02Oct2026 18:49:46.378] [Render thread/INFO] [SuperResolution/]: SR_INTEROP resource=SRPresentationHudlessColor-1 phase=GL_RELEASE_WAIT_REUSE semaphore=2457429884480
[02Oct2026 18:49:46.378] [Render thread/INFO] [SuperResolution/]: SR_INTEROP resource=SRPresentationDepth-1 phase=GL_RELEASE_WAIT_REUSE semaphore=2456776033552
[02Oct2026 18:49:46.378] [Render thread/INFO] [SuperResolution/]: SR_INTEROP resource=SRPresentationMotionVector-1 phase=GL_RELEASE_WAIT_REUSE semaphore=2456776033856
[02Oct2026 18:49:46.424] [Render thread/INFO] [SuperResolution/]: SR_INTEROP resource=SRPresentationHudlessColor-2 phase=GL_RELEASE_WAIT_REUSE semaphore=2457429884784
[02Oct2026 18:49:46.424] [Render thread/INFO] [SuperResolution/]: SR_INTEROP resource=SRPresentationDepth-2 phase=GL_RELEASE_WAIT_REUSE semaphore=2456776034160
[02Oct2026 18:49:46.424] [Render thread/INFO] [SuperResolution/]: SR_INTEROP resource=SRPresentationMotionVector-2 phase=GL_RELEASE_WAIT_REUSE semaphore=2456776034464
[02Oct2026 18:49:46.464] [Render thread/INFO] [SuperResolution/]: SR_INTEROP resource=SRPresentationHudlessColor-0 phase=GL_RELEASE_WAIT_REUSE semaphore=2457996812224
[02Oct2026 18:49:46.465] [Render thread/INFO] [SuperResolution/]: SR_INTEROP resource=SRPresentationDepth-0 phase=GL_RELEASE_WAIT_REUSE semaphore=2457996811008
[02Oct2026 18:49:46.465] [Render thread/INFO] [SuperResolution/]: SR_INTEROP resource=SRPresentationMotionVector-0 phase=GL_RELEASE_WAIT_REUSE semaphore=2457996811616
[02Oct2026 18:49:49.847] [Server thread/INFO] [net.minecraft.client.server.IntegratedServer/]: Saving and pausing game...
[02Oct2026 18:49:49.875] [Server thread/INFO] [net.minecraft.server.MinecraftServer/]: Saving chunks for level 'ServerLevel[New Worldsdfsdf]'/minecraft:overworld
[02Oct2026 18:49:49.898] [Server thread/INFO] [net.minecraft.server.MinecraftServer/]: Saving chunks for level 'ServerLevel[New Worldsdfsdf]'/minecraft:the_end
[02Oct2026 18:49:49.899] [Server thread/INFO] [net.minecraft.server.MinecraftServer/]: Saving chunks for level 'ServerLevel[New Worldsdfsdf]'/minecraft:the_nether
[02Oct2026 18:49:51.507] [Server thread/INFO] [net.minecraft.client.server.IntegratedServer/]: Saving and pausing game...
[02Oct2026 18:49:51.525] [Server thread/INFO] [net.minecraft.server.MinecraftServer/]: Saving chunks for level 'ServerLevel[New Worldsdfsdf]'/minecraft:overworld
[02Oct2026 18:49:51.869] [Server thread/INFO] [net.minecraft.server.MinecraftServer/]: Saving chunks for level 'ServerLevel[New Worldsdfsdf]'/minecraft:the_end
[02Oct2026 18:49:51.870] [Server thread/INFO] [net.minecraft.server.MinecraftServer/]: Saving chunks for level 'ServerLevel[New Worldsdfsdf]'/minecraft:the_nether
[02Oct2026 18:49:55.112] [Render thread/INFO] [SuperResolution/]: SR_DIAG glTextureStorage2D texture=90 levels=1 internalFormat=8058 size=1920x1009 label=ITexture{id=90format=RGBA8width=1920height=1009}
[02Oct2026 18:49:55.113] [Render thread/INFO] [SuperResolution/]: SR_DIAG glTextureStorage2D texture=91 levels=1 internalFormat=81a6 size=1920x1009 label=ITexture{id=91format=DEPTH24width=1920height=1009}
[02Oct2026 18:49:55.186] [Render thread/INFO] [SuperResolution/ShaderCompiler/]: Compiling shader FSR1_EASU with the compatibility shader compiler
[02Oct2026 18:49:55.238] [Render thread/INFO] [SuperResolution/ShaderCompiler/]: Compiling shader FSR1_RCAS with the compatibility shader compiler
[02Oct2026 18:49:55.287] [Render thread/INFO] [SuperResolution/]: SR_DIAG glTextureStorage2D texture=87 levels=1 internalFormat=881a size=1920x1009 label=Fsr1TempTexture
[02Oct2026 18:49:55.288] [Render thread/INFO] [SuperResolution/]: SR_DIAG glTextureStorage2D texture=88 levels=1 internalFormat=881a size=1920x1009 label=Fsr1OutputTexture
[02Oct2026 18:49:55.288] [Render thread/INFO] [SuperResolution/]: SR_DIAG glTextureStorage2D texture=95 levels=1 internalFormat=881a size=1129x593 label=SRIrisCompatInternalTexture-autotex3
[02Oct2026 18:49:55.290] [Render thread/INFO] [SuperResolution/]: SR_DIAG glTextureStorage2D texture=96 levels=1 internalFormat=81a6 size=1129x593 label=SRIrisCompatInternalTexture-depthtex
[02Oct2026 18:49:55.290] [Render thread/INFO] [SuperResolution/]: SR_DIAG glTextureStorage2D texture=97 levels=1 internalFormat=881a size=1129x593 label=SRIrisCompatInternalTexture-autotex2
[02Oct2026 18:49:55.317] [Render thread/INFO] [SuperResolution/]: Created Vulkan presentation swapchain: 1920x1009, images=3, presentMode=FIFO (requested=3, min=2, max=8, plannedGeneratedFrames=0)
[02Oct2026 18:49:55.610] [Render thread/INFO] [SuperResolution/]: SR_DIAG BEFORE_PASS:deferred1 render=( 1.129E+3  5.930E+2) display=( 1.920E+3  1.009E+3) region-1=( 1.129E+3  5.930E+2) region-2=( 1.920E+3  1.009E+3) viewport=[0,0,1920,1009] scissor=[0,128,854,256]/false drawFbo=1 readFbo=1 drawBuffer=36064 readBuffer=36064 drawStatus=8cd5
[02Oct2026 18:49:55.610] [Render thread/INFO] [SuperResolution/]: SR_DIAG BEFORE_PASS:deferred1 fbo=1 attachment=8ce0 texture=1 mip=0 size=1920x1009 internalFormat=8058
[02Oct2026 18:49:55.610] [Render thread/INFO] [SuperResolution/]: SR_DIAG BEFORE_PASS:deferred1 fbo=1 attachment=8d00 texture=5 mip=0 size=1920x1009 internalFormat=1902
[02Oct2026 18:49:55.623] [Render thread/INFO] [SuperResolution/]: SR_DIAG AFTER_PASS:deferred1 render=( 1.129E+3  5.930E+2) display=( 1.920E+3  1.009E+3) region-1=( 1.129E+3  5.930E+2) region-2=( 1.920E+3  1.009E+3) viewport=[0,0,1920,1009] scissor=[0,128,854,256]/false drawFbo=12 readFbo=12 drawBuffer=36064 readBuffer=36064 drawStatus=8cd5
[02Oct2026 18:49:55.623] [Render thread/INFO] [SuperResolution/]: SR_DIAG AFTER_PASS:deferred1 fbo=12 attachment=8ce0 texture=56 mip=0 size=1920x1009 internalFormat=8c3a
[02Oct2026 18:49:55.625] [Render thread/INFO] [SuperResolution/]: SR_DIAG BEFORE_PASS:composite render=( 1.129E+3  5.930E+2) display=( 1.920E+3  1.009E+3) region-1=( 1.129E+3  5.930E+2) region-2=( 1.920E+3  1.009E+3) viewport=[0,0,1920,1009] scissor=[0,128,854,256]/false drawFbo=1 readFbo=1 drawBuffer=36064 readBuffer=36064 drawStatus=8cd5
[02Oct2026 18:49:55.625] [Render thread/INFO] [SuperResolution/]: SR_DIAG BEFORE_PASS:composite fbo=1 attachment=8ce0 texture=1 mip=0 size=1920x1009 internalFormat=8058
[02Oct2026 18:49:55.625] [Render thread/INFO] [SuperResolution/]: SR_DIAG BEFORE_PASS:composite fbo=1 attachment=8d00 texture=5 mip=0 size=1920x1009 internalFormat=1902
[02Oct2026 18:49:55.639] [Render thread/INFO] [SuperResolution/]: SR_DIAG AFTER_PASS:composite render=( 1.129E+3  5.930E+2) display=( 1.920E+3  1.009E+3) region-1=( 1.129E+3  5.930E+2) region-2=( 1.920E+3  1.009E+3) viewport=[0,0,960,504] scissor=[0,128,854,256]/false drawFbo=13 readFbo=13 drawBuffer=36064 readBuffer=36064 drawStatus=8cd5
[02Oct2026 18:49:55.639] [Render thread/INFO] [SuperResolution/]: SR_DIAG AFTER_PASS:composite fbo=13 attachment=8ce0 texture=80 mip=0 size=960x504 internalFormat=881a
[02Oct2026 18:49:55.639] [Render thread/INFO] [SuperResolution/]: SR_DIAG BEFORE_PASS:composite1 render=( 1.129E+3  5.930E+2) display=( 1.920E+3  1.009E+3) region-1=( 1.129E+3  5.930E+2) region-2=( 1.920E+3  1.009E+3) viewport=[0,0,960,504] scissor=[0,128,854,256]/false drawFbo=13 readFbo=13 drawBuffer=36064 readBuffer=36064 drawStatus=8cd5
[02Oct2026 18:49:55.641] [Render thread/INFO] [SuperResolution/]: SR_DIAG BEFORE_PASS:composite1 fbo=13 attachment=8ce0 texture=80 mip=0 size=960x504 internalFormat=881a
[02Oct2026 18:49:55.641] [Render thread/INFO] [SuperResolution/]: SR_DIAG AFTER_PASS:composite1 render=( 1.129E+3  5.930E+2) display=( 1.920E+3  1.009E+3) region-1=( 1.129E+3  5.930E+2) region-2=( 1.920E+3  1.009E+3) viewport=[0,0,1920,1009] scissor=[0,128,854,256]/false drawFbo=14 readFbo=14 drawBuffer=36064 readBuffer=36064 drawStatus=8cd5
[02Oct2026 18:49:55.641] [Render thread/INFO] [SuperResolution/]: SR_DIAG AFTER_PASS:composite1 fbo=14 attachment=8ce0 texture=55 mip=0 size=1920x1009 internalFormat=8c3a
[02Oct2026 18:49:55.641] [Render thread/INFO] [SuperResolution/]: SR_DIAG BEFORE_PASS:composite3 render=( 1.129E+3  5.930E+2) display=( 1.920E+3  1.009E+3) region-1=( 1.129E+3  5.930E+2) region-2=( 1.920E+3  1.009E+3) viewport=[0,0,1920,1009] scissor=[0,128,854,256]/false drawFbo=14 readFbo=14 drawBuffer=36064 readBuffer=36064 drawStatus=8cd5
[02Oct2026 18:49:55.641] [Render thread/INFO] [SuperResolution/]: SR_DIAG BEFORE_PASS:composite3 fbo=14 attachment=8ce0 texture=55 mip=0 size=1920x1009 internalFormat=8c3a
[02Oct2026 18:49:55.641] [Render thread/INFO] [SuperResolution/]: SR_DIAG AFTER_PASS:composite3 render=( 1.129E+3  5.930E+2) display=( 1.920E+3  1.009E+3) region-1=( 1.129E+3  5.930E+2) region-2=( 1.920E+3  1.009E+3) viewport=[0,0,1920,1009] scissor=[0,128,854,256]/false drawFbo=15 readFbo=15 drawBuffer=36064 readBuffer=36064 drawStatus=8cd5
[02Oct2026 18:49:55.641] [Render thread/INFO] [SuperResolution/]: SR_DIAG AFTER_PASS:composite3 fbo=15 attachment=8ce0 texture=56 mip=0 size=1920x1009 internalFormat=8c3a
[02Oct2026 18:49:55.641] [Render thread/INFO] [SuperResolution/]: SR_DIAG BEFORE_PASS:composite4 render=( 1.129E+3  5.930E+2) display=( 1.920E+3  1.009E+3) region-1=( 1.129E+3  5.930E+2) region-2=( 1.920E+3  1.009E+3) viewport=[0,0,1920,1009] scissor=[0,128,854,256]/false drawFbo=15 readFbo=15 drawBuffer=36064 readBuffer=36064 drawStatus=8cd5
[02Oct2026 18:49:55.641] [Render thread/INFO] [SuperResolution/]: SR_DIAG BEFORE_PASS:composite4 fbo=15 attachment=8ce0 texture=56 mip=0 size=1920x1009 internalFormat=8c3a
[02Oct2026 18:49:55.641] [Render thread/INFO] [SuperResolution/]: SR_DIAG AFTER_PASS:composite4 render=( 1.129E+3  5.930E+2) display=( 1.920E+3  1.009E+3) region-1=( 1.129E+3  5.930E+2) region-2=( 1.920E+3  1.009E+3) viewport=[0,0,1920,1009] scissor=[0,128,854,256]/false drawFbo=16 readFbo=16 drawBuffer=36064 readBuffer=36064 drawStatus=8cd5
[02Oct2026 18:49:55.642] [Render thread/INFO] [SuperResolution/]: SR_DIAG AFTER_PASS:composite4 fbo=16 attachment=8ce0 texture=64 mip=0 size=1920x1009 internalFormat=881a
[02Oct2026 18:49:55.642] [Render thread/INFO] [SuperResolution/]: SR_DIAG BEFORE_PASS:composite5 render=( 1.129E+3  5.930E+2) display=( 1.920E+3  1.009E+3) region-1=( 1.129E+3  5.930E+2) region-2=( 1.920E+3  1.009E+3) viewport=[0,0,1920,1009] scissor=[0,128,854,256]/false drawFbo=16 readFbo=16 drawBuffer=36064 readBuffer=36064 drawStatus=8cd5
[02Oct2026 18:49:55.642] [Render thread/INFO] [SuperResolution/]: SR_DIAG BEFORE_PASS:composite5 fbo=16 attachment=8ce0 texture=64 mip=0 size=1920x1009 internalFormat=881a
[02Oct2026 18:49:55.642] [Render thread/INFO] [SuperResolution/]: SR_DIAG AFTER_PASS:composite5 render=( 1.129E+3  5.930E+2) display=( 1.920E+3  1.009E+3) region-1=( 1.129E+3  5.930E+2) region-2=( 1.920E+3  1.009E+3) viewport=[0,0,1920,1009] scissor=[0,128,854,256]/false drawFbo=17 readFbo=17 drawBuffer=36064 readBuffer=36064 drawStatus=8cd5
[02Oct2026 18:49:55.642] [Render thread/INFO] [SuperResolution/]: SR_DIAG AFTER_PASS:composite5 fbo=17 attachment=8ce0 texture=63 mip=0 size=1920x1009 internalFormat=881a
[02Oct2026 18:49:55.642] [Render thread/INFO] [SuperResolution/]: SR_DIAG BEFORE_PASS:composite6 render=( 1.129E+3  5.930E+2) display=( 1.920E+3  1.009E+3) region-1=( 1.129E+3  5.930E+2) region-2=( 1.920E+3  1.009E+3) viewport=[0,0,1920,1009] scissor=[0,128,854,256]/false drawFbo=17 readFbo=17 drawBuffer=36064 readBuffer=36064 drawStatus=8cd5
[02Oct2026 18:49:55.642] [Render thread/INFO] [SuperResolution/]: SR_DIAG BEFORE_PASS:composite6 fbo=17 attachment=8ce0 texture=63 mip=0 size=1920x1009 internalFormat=881a
[02Oct2026 18:49:55.656] [Render thread/INFO] [SuperResolution/]: SR_DIAG AFTER_PASS:composite6 render=( 1.129E+3  5.930E+2) display=( 1.920E+3  1.009E+3) region-1=( 1.129E+3  5.930E+2) region-2=( 1.920E+3  1.009E+3) viewport=[0,0,1920,1009] scissor=[0,128,854,256]/false drawFbo=18 readFbo=18 drawBuffer=36064 readBuffer=36064 drawStatus=8cd5
[02Oct2026 18:49:55.656] [Render thread/INFO] [SuperResolution/]: SR_DIAG AFTER_PASS:composite6 fbo=18 attachment=8ce0 texture=64 mip=0 size=1920x1009 internalFormat=881a
[02Oct2026 18:49:55.657] [Render thread/INFO] [SuperResolution/]: SR_DIAG BEFORE_PASS:composite7 render=( 1.129E+3  5.930E+2) display=( 1.920E+3  1.009E+3) region-1=( 1.129E+3  5.930E+2) region-2=( 1.920E+3  1.009E+3) viewport=[0,0,1920,1009] scissor=[0,128,854,256]/false drawFbo=18 readFbo=18 drawBuffer=36064 readBuffer=36064 drawStatus=8cd5
[02Oct2026 18:49:55.657] [Render thread/INFO] [SuperResolution/]: SR_DIAG BEFORE_PASS:composite7 fbo=18 attachment=8ce0 texture=64 mip=0 size=1920x1009 internalFormat=881a
[02Oct2026 18:49:55.658] [Render thread/INFO] [SuperResolution/]: SR_DIAG BEFORE_SR render=( 1.129E+3  5.930E+2) display=( 1.920E+3  1.009E+3) region-1=( 1.129E+3  5.930E+2) region-2=( 1.920E+3  1.009E+3) viewport=[0,0,1920,1009] scissor=[0,128,854,256]/false drawFbo=18 readFbo=18 drawBuffer=36064 readBuffer=36064 drawStatus=8cd5
[02Oct2026 18:49:55.658] [Render thread/INFO] [SuperResolution/]: SR_DIAG BEFORE_SR fbo=18 attachment=8ce0 texture=64 mip=0 size=1920x1009 internalFormat=881a
[02Oct2026 18:49:55.827] [Render thread/INFO] [SuperResolution/]: SR_DIAG texture color id=64 size=1920x1009 format=RGBA16F target/type=Texture2D glInternalFormat=881a
[02Oct2026 18:49:55.828] [Render thread/INFO] [SuperResolution/]: SR_DIAG texture depth id=5 size=1920x1009 format=DEPTH24 target/type=Texture2D glInternalFormat=1902
[02Oct2026 18:49:55.828] [Render thread/INFO] [SuperResolution/]: SR_DIAG depth depth id=5 bits=24 componentType=8c17
[02Oct2026 18:49:55.828] [Render thread/INFO] [SuperResolution/]: SR_DIAG texture motion_vectors id=86 size=1920x1009 format=RGBA16F target/type=Texture2D glInternalFormat=881a
[02Oct2026 18:49:55.828] [Render thread/INFO] [SuperResolution/]: SR_DIAG texture algorithm_color id=95 size=1129x593 format=RGBA16F target/type=Texture2D glInternalFormat=881a
[02Oct2026 18:49:55.828] [Render thread/INFO] [SuperResolution/]: SR_DIAG texture algorithm_depth id=96 size=1129x593 format=DEPTH24 target/type=Texture2D glInternalFormat=81a6
[02Oct2026 18:49:55.828] [Render thread/INFO] [SuperResolution/]: SR_DIAG depth algorithm_depth id=96 bits=24 componentType=8c17
[02Oct2026 18:49:55.828] [Render thread/INFO] [SuperResolution/]: SR_DIAG texture algorithm_motion_vectors id=97 size=1129x593 format=RGBA16F target/type=Texture2D glInternalFormat=881a
[02Oct2026 18:49:55.886] [Render thread/INFO] [SuperResolution/]: SR_DIAG texture SR_output id=88 size=1920x1009 format=RGBA16F target/type=Texture2D glInternalFormat=881a
[02Oct2026 18:49:55.886] [Render thread/INFO] [SuperResolution/]: SR_DIAG texture autotex3/output_target id=64 size=1920x1009 format=RGBA16F target/type=Texture2D glInternalFormat=881a
[02Oct2026 18:49:55.887] [Render thread/INFO] [SuperResolution/]: SR_DIAG AFTER_SR render=( 1.129E+3  5.930E+2) display=( 1.920E+3  1.009E+3) region-1=( 1.129E+3  5.930E+2) region-2=( 1.920E+3  1.009E+3) viewport=[0,0,1920,1009] scissor=[0,128,854,256]/false drawFbo=18 readFbo=18 drawBuffer=36064 readBuffer=36064 drawStatus=8cd5
[02Oct2026 18:49:55.887] [Render thread/INFO] [SuperResolution/]: SR_DIAG AFTER_SR fbo=18 attachment=8ce0 texture=64 mip=0 size=1920x1009 internalFormat=881a
[02Oct2026 18:49:55.887] [Render thread/INFO] [SuperResolution/]: SR_DIAG AFTER_PASS:composite7 render=( 1.129E+3  5.930E+2) display=( 1.920E+3  1.009E+3) region-1=( 1.129E+3  5.930E+2) region-2=( 1.920E+3  1.009E+3) viewport=[0,0,1920,1009] scissor=[0,128,854,256]/false drawFbo=19 readFbo=19 drawBuffer=36064 readBuffer=36064 drawStatus=8cd5
[02Oct2026 18:49:55.887] [Render thread/INFO] [SuperResolution/]: SR_DIAG AFTER_PASS:composite7 fbo=19 attachment=8ce0 texture=63 mip=0 size=1920x1009 internalFormat=881a
[02Oct2026 18:49:55.888] [Render thread/INFO] [SuperResolution/]: SR_DIAG FINAL_PIPELINE render=( 1.129E+3  5.930E+2) display=( 1.920E+3  1.009E+3) region-1=( 1.129E+3  5.930E+2) region-2=( 1.920E+3  1.009E+3) viewport=[0,0,1920,1009] scissor=[0,128,854,256]/false drawFbo=1 readFbo=1 drawBuffer=36064 readBuffer=36064 drawStatus=8cd5
[02Oct2026 18:49:55.888] [Render thread/INFO] [SuperResolution/]: SR_DIAG FINAL_PIPELINE fbo=1 attachment=8ce0 texture=1 mip=0 size=1920x1009 internalFormat=8058
[02Oct2026 18:49:55.888] [Render thread/INFO] [SuperResolution/]: SR_DIAG FINAL_PIPELINE fbo=1 attachment=8d00 texture=5 mip=0 size=1920x1009 internalFormat=1902
[02Oct2026 18:50:04.491] [Server thread/INFO] [net.minecraft.client.server.IntegratedServer/]: Saving and pausing game...
[02Oct2026 18:50:04.514] [Server thread/INFO] [net.minecraft.server.MinecraftServer/]: Saving chunks for level 'ServerLevel[New Worldsdfsdf]'/minecraft:overworld
[02Oct2026 18:50:04.527] [Server thread/INFO] [net.minecraft.server.MinecraftServer/]: Saving chunks for level 'ServerLevel[New Worldsdfsdf]'/minecraft:the_end
[02Oct2026 18:50:04.527] [Server thread/INFO] [net.minecraft.server.MinecraftServer/]: Saving chunks for level 'ServerLevel[New Worldsdfsdf]'/minecraft:the_nether
[02Oct2026 18:50:05.618] [Render thread/INFO] [SuperResolution/]: SR_DIAG BEFORE_PASS:deferred1 render=( 1.129E+3  5.930E+2) display=( 1.920E+3  1.009E+3) region-1=( 1.129E+3  5.930E+2) region-2=( 1.920E+3  1.009E+3) viewport=[0,0,1920,1009] scissor=[0,128,854,256]/false drawFbo=1 readFbo=1 drawBuffer=36064 readBuffer=36064 drawStatus=8cd5
[02Oct2026 18:50:05.619] [Render thread/INFO] [SuperResolution/]: SR_DIAG BEFORE_PASS:deferred1 fbo=1 attachment=8ce0 texture=1 mip=0 size=1920x1009 internalFormat=8058
[02Oct2026 18:50:05.619] [Render thread/INFO] [SuperResolution/]: SR_DIAG BEFORE_PASS:deferred1 fbo=1 attachment=8d00 texture=5 mip=0 size=1920x1009 internalFormat=1902
[02Oct2026 18:50:05.630] [Render thread/INFO] [SuperResolution/]: SR_DIAG AFTER_PASS:deferred1 render=( 1.129E+3  5.930E+2) display=( 1.920E+3  1.009E+3) region-1=( 1.129E+3  5.930E+2) region-2=( 1.920E+3  1.009E+3) viewport=[0,0,1920,1009] scissor=[0,128,854,256]/false drawFbo=12 readFbo=12 drawBuffer=36064 readBuffer=36064 drawStatus=8cd5
[02Oct2026 18:50:05.631] [Render thread/INFO] [SuperResolution/]: SR_DIAG AFTER_PASS:deferred1 fbo=12 attachment=8ce0 texture=56 mip=0 size=1920x1009 internalFormat=8c3a
[02Oct2026 18:50:05.631] [Render thread/INFO] [SuperResolution/]: SR_DIAG BEFORE_PASS:composite render=( 1.129E+3  5.930E+2) display=( 1.920E+3  1.009E+3) region-1=( 1.129E+3  5.930E+2) region-2=( 1.920E+3  1.009E+3) viewport=[0,0,1920,1009] scissor=[0,128,854,256]/false drawFbo=1 readFbo=1 drawBuffer=36064 readBuffer=36064 drawStatus=8cd5
[02Oct2026 18:50:05.631] [Render thread/INFO] [SuperResolution/]: SR_DIAG BEFORE_PASS:composite fbo=1 attachment=8ce0 texture=1 mip=0 size=1920x1009 internalFormat=8058
[02Oct2026 18:50:05.631] [Render thread/INFO] [SuperResolution/]: SR_DIAG BEFORE_PASS:composite fbo=1 attachment=8d00 texture=5 mip=0 size=1920x1009 internalFormat=1902
[02Oct2026 18:50:05.640] [Render thread/INFO] [SuperResolution/]: SR_DIAG AFTER_PASS:composite render=( 1.129E+3  5.930E+2) display=( 1.920E+3  1.009E+3) region-1=( 1.129E+3  5.930E+2) region-2=( 1.920E+3  1.009E+3) viewport=[0,0,960,504] scissor=[0,128,854,256]/false drawFbo=13 readFbo=13 drawBuffer=36064 readBuffer=36064 drawStatus=8cd5
[02Oct2026 18:50:05.641] [Render thread/INFO] [SuperResolution/]: SR_DIAG AFTER_PASS:composite fbo=13 attachment=8ce0 texture=80 mip=0 size=960x504 internalFormat=881a
[02Oct2026 18:50:05.641] [Render thread/INFO] [SuperResolution/]: SR_DIAG BEFORE_PASS:composite1 render=( 1.129E+3  5.930E+2) display=( 1.920E+3  1.009E+3) region-1=( 1.129E+3  5.930E+2) region-2=( 1.920E+3  1.009E+3) viewport=[0,0,960,504] scissor=[0,128,854,256]/false drawFbo=13 readFbo=13 drawBuffer=36064 readBuffer=36064 drawStatus=8cd5
[02Oct2026 18:50:05.641] [Render thread/INFO] [SuperResolution/]: SR_DIAG BEFORE_PASS:composite1 fbo=13 attachment=8ce0 texture=80 mip=0 size=960x504 internalFormat=881a
[02Oct2026 18:50:05.641] [Render thread/INFO] [SuperResolution/]: SR_DIAG AFTER_PASS:composite1 render=( 1.129E+3  5.930E+2) display=( 1.920E+3  1.009E+3) region-1=( 1.129E+3  5.930E+2) region-2=( 1.920E+3  1.009E+3) viewport=[0,0,1920,1009] scissor=[0,128,854,256]/false drawFbo=14 readFbo=14 drawBuffer=36064 readBuffer=36064 drawStatus=8cd5
[02Oct2026 18:50:05.641] [Render thread/INFO] [SuperResolution/]: SR_DIAG AFTER_PASS:composite1 fbo=14 attachment=8ce0 texture=55 mip=0 size=1920x1009 internalFormat=8c3a
[02Oct2026 18:50:05.641] [Render thread/INFO] [SuperResolution/]: SR_DIAG BEFORE_PASS:composite3 render=( 1.129E+3  5.930E+2) display=( 1.920E+3  1.009E+3) region-1=( 1.129E+3  5.930E+2) region-2=( 1.920E+3  1.009E+3) viewport=[0,0,1920,1009] scissor=[0,128,854,256]/false drawFbo=14 readFbo=14 drawBuffer=36064 readBuffer=36064 drawStatus=8cd5
[02Oct2026 18:50:05.641] [Render thread/INFO] [SuperResolution/]: SR_DIAG BEFORE_PASS:composite3 fbo=14 attachment=8ce0 texture=55 mip=0 size=1920x1009 internalFormat=8c3a
[02Oct2026 18:50:05.652] [Render thread/INFO] [SuperResolution/]: SR_DIAG AFTER_PASS:composite3 render=( 1.129E+3  5.930E+2) display=( 1.920E+3  1.009E+3) region-1=( 1.129E+3  5.930E+2) region-2=( 1.920E+3  1.009E+3) viewport=[0,0,1920,1009] scissor=[0,128,854,256]/false drawFbo=15 readFbo=15 drawBuffer=36064 readBuffer=36064 drawStatus=8cd5
[02Oct2026 18:50:05.652] [Render thread/INFO] [SuperResolution/]: SR_DIAG AFTER_PASS:composite3 fbo=15 attachment=8ce0 texture=56 mip=0 size=1920x1009 internalFormat=8c3a
[02Oct2026 18:50:05.652] [Render thread/INFO] [SuperResolution/]: SR_DIAG BEFORE_PASS:composite4 render=( 1.129E+3  5.930E+2) display=( 1.920E+3  1.009E+3) region-1=( 1.129E+3  5.930E+2) region-2=( 1.920E+3  1.009E+3) viewport=[0,0,1920,1009] scissor=[0,128,854,256]/false drawFbo=15 readFbo=15 drawBuffer=36064 readBuffer=36064 drawStatus=8cd5
[02Oct2026 18:50:05.652] [Render thread/INFO] [SuperResolution/]: SR_DIAG BEFORE_PASS:composite4 fbo=15 attachment=8ce0 texture=56 mip=0 size=1920x1009 internalFormat=8c3a
[02Oct2026 18:50:05.652] [Render thread/INFO] [SuperResolution/]: SR_DIAG AFTER_PASS:composite4 render=( 1.129E+3  5.930E+2) display=( 1.920E+3  1.009E+3) region-1=( 1.129E+3  5.930E+2) region-2=( 1.920E+3  1.009E+3) viewport=[0,0,1920,1009] scissor=[0,128,854,256]/false drawFbo=16 readFbo=16 drawBuffer=36064 readBuffer=36064 drawStatus=8cd5
[02Oct2026 18:50:05.652] [Render thread/INFO] [SuperResolution/]: SR_DIAG AFTER_PASS:composite4 fbo=16 attachment=8ce0 texture=64 mip=0 size=1920x1009 internalFormat=881a
[02Oct2026 18:50:05.653] [Render thread/INFO] [SuperResolution/]: SR_DIAG BEFORE_PASS:composite5 render=( 1.129E+3  5.930E+2) display=( 1.920E+3  1.009E+3) region-1=( 1.129E+3  5.930E+2) region-2=( 1.920E+3  1.009E+3) viewport=[0,0,1920,1009] scissor=[0,128,854,256]/false drawFbo=16 readFbo=16 drawBuffer=36064 readBuffer=36064 drawStatus=8cd5
[02Oct2026 18:50:05.653] [Render thread/INFO] [SuperResolution/]: SR_DIAG BEFORE_PASS:composite5 fbo=16 attachment=8ce0 texture=64 mip=0 size=1920x1009 internalFormat=881a
[02Oct2026 18:50:05.653] [Render thread/INFO] [SuperResolution/]: SR_DIAG AFTER_PASS:composite5 render=( 1.129E+3  5.930E+2) display=( 1.920E+3  1.009E+3) region-1=( 1.129E+3  5.930E+2) region-2=( 1.920E+3  1.009E+3) viewport=[0,0,1920,1009] scissor=[0,128,854,256]/false drawFbo=17 readFbo=17 drawBuffer=36064 readBuffer=36064 drawStatus=8cd5
[02Oct2026 18:50:05.653] [Render thread/INFO] [SuperResolution/]: SR_DIAG AFTER_PASS:composite5 fbo=17 attachment=8ce0 texture=63 mip=0 size=1920x1009 internalFormat=881a
[02Oct2026 18:50:05.653] [Render thread/INFO] [SuperResolution/]: SR_DIAG BEFORE_PASS:composite6 render=( 1.129E+3  5.930E+2) display=( 1.920E+3  1.009E+3) region-1=( 1.129E+3  5.930E+2) region-2=( 1.920E+3  1.009E+3) viewport=[0,0,1920,1009] scissor=[0,128,854,256]/false drawFbo=17 readFbo=17 drawBuffer=36064 readBuffer=36064 drawStatus=8cd5
[02Oct2026 18:50:05.654] [Render thread/INFO] [SuperResolution/]: SR_DIAG BEFORE_PASS:composite6 fbo=17 attachment=8ce0 texture=63 mip=0 size=1920x1009 internalFormat=881a
[02Oct2026 18:50:05.672] [Render thread/INFO] [SuperResolution/]: SR_DIAG AFTER_PASS:composite6 render=( 1.129E+3  5.930E+2) display=( 1.920E+3  1.009E+3) region-1=( 1.129E+3  5.930E+2) region-2=( 1.920E+3  1.009E+3) viewport=[0,0,1920,1009] scissor=[0,128,854,256]/false drawFbo=18 readFbo=18 drawBuffer=36064 readBuffer=36064 drawStatus=8cd5
[02Oct2026 18:50:05.672] [Render thread/INFO] [SuperResolution/]: SR_DIAG AFTER_PASS:composite6 fbo=18 attachment=8ce0 texture=64 mip=0 size=1920x1009 internalFormat=881a
[02Oct2026 18:50:05.672] [Render thread/INFO] [SuperResolution/]: SR_DIAG BEFORE_PASS:composite7 render=( 1.129E+3  5.930E+2) display=( 1.920E+3  1.009E+3) region-1=( 1.129E+3  5.930E+2) region-2=( 1.920E+3  1.009E+3) viewport=[0,0,1920,1009] scissor=[0,128,854,256]/false drawFbo=18 readFbo=18 drawBuffer=36064 readBuffer=36064 drawStatus=8cd5
[02Oct2026 18:50:05.673] [Render thread/INFO] [SuperResolution/]: SR_DIAG BEFORE_PASS:composite7 fbo=18 attachment=8ce0 texture=64 mip=0 size=1920x1009 internalFormat=881a
[02Oct2026 18:50:05.673] [Render thread/INFO] [SuperResolution/]: SR_DIAG BEFORE_SR render=( 1.129E+3  5.930E+2) display=( 1.920E+3  1.009E+3) region-1=( 1.129E+3  5.930E+2) region-2=( 1.920E+3  1.009E+3) viewport=[0,0,1920,1009] scissor=[0,128,854,256]/false drawFbo=18 readFbo=18 drawBuffer=36064 readBuffer=36064 drawStatus=8cd5
[02Oct2026 18:50:05.673] [Render thread/INFO] [SuperResolution/]: SR_DIAG BEFORE_SR fbo=18 attachment=8ce0 texture=64 mip=0 size=1920x1009 internalFormat=881a
[02Oct2026 18:50:05.828] [Render thread/INFO] [SuperResolution/]: SR_DIAG texture color id=64 size=1920x1009 format=RGBA16F target/type=Texture2D glInternalFormat=881a
[02Oct2026 18:50:05.829] [Render thread/INFO] [SuperResolution/]: SR_DIAG texture depth id=5 size=1920x1009 format=DEPTH24 target/type=Texture2D glInternalFormat=1902
[02Oct2026 18:50:05.829] [Render thread/INFO] [SuperResolution/]: SR_DIAG depth depth id=5 bits=24 componentType=8c17
[02Oct2026 18:50:05.829] [Render thread/INFO] [SuperResolution/]: SR_DIAG texture motion_vectors id=86 size=1920x1009 format=RGBA16F target/type=Texture2D glInternalFormat=881a
[02Oct2026 18:50:05.829] [Render thread/INFO] [SuperResolution/]: SR_DIAG texture algorithm_color id=95 size=1129x593 format=RGBA16F target/type=Texture2D glInternalFormat=881a
[02Oct2026 18:50:05.829] [Render thread/INFO] [SuperResolution/]: SR_DIAG texture algorithm_depth id=96 size=1129x593 format=DEPTH24 target/type=Texture2D glInternalFormat=81a6
[02Oct2026 18:50:05.829] [Render thread/INFO] [SuperResolution/]: SR_DIAG depth algorithm_depth id=96 bits=24 componentType=8c17
[02Oct2026 18:50:05.829] [Render thread/INFO] [SuperResolution/]: SR_DIAG texture algorithm_motion_vectors id=97 size=1129x593 format=RGBA16F target/type=Texture2D glInternalFormat=881a
[02Oct2026 18:50:05.886] [Render thread/INFO] [SuperResolution/]: SR_DIAG texture SR_output id=88 size=1920x1009 format=RGBA16F target/type=Texture2D glInternalFormat=881a
[02Oct2026 18:50:05.887] [Render thread/INFO] [SuperResolution/]: SR_DIAG texture autotex3/output_target id=64 size=1920x1009 format=RGBA16F target/type=Texture2D glInternalFormat=881a
[02Oct2026 18:50:05.887] [Render thread/INFO] [SuperResolution/]: SR_DIAG AFTER_SR render=( 1.129E+3  5.930E+2) display=( 1.920E+3  1.009E+3) region-1=( 1.129E+3  5.930E+2) region-2=( 1.920E+3  1.009E+3) viewport=[0,0,1920,1009] scissor=[0,128,854,256]/false drawFbo=18 readFbo=18 drawBuffer=36064 readBuffer=36064 drawStatus=8cd5
[02Oct2026 18:50:05.887] [Render thread/INFO] [SuperResolution/]: SR_DIAG AFTER_SR fbo=18 attachment=8ce0 texture=64 mip=0 size=1920x1009 internalFormat=881a
[02Oct2026 18:50:05.896] [Render thread/INFO] [SuperResolution/]: SR_DIAG AFTER_PASS:composite7 render=( 1.129E+3  5.930E+2) display=( 1.920E+3  1.009E+3) region-1=( 1.129E+3  5.930E+2) region-2=( 1.920E+3  1.009E+3) viewport=[0,0,1920,1009] scissor=[0,128,854,256]/false drawFbo=19 readFbo=19 drawBuffer=36064 readBuffer=36064 drawStatus=8cd5
[02Oct2026 18:50:05.896] [Render thread/INFO] [SuperResolution/]: SR_DIAG AFTER_PASS:composite7 fbo=19 attachment=8ce0 texture=63 mip=0 size=1920x1009 internalFormat=881a
[02Oct2026 18:50:05.896] [Render thread/INFO] [SuperResolution/]: SR_DIAG FINAL_PIPELINE render=( 1.129E+3  5.930E+2) display=( 1.920E+3  1.009E+3) region-1=( 1.129E+3  5.930E+2) region-2=( 1.920E+3  1.009E+3) viewport=[0,0,1920,1009] scissor=[0,128,854,256]/false drawFbo=1 readFbo=1 drawBuffer=36064 readBuffer=36064 drawStatus=8cd5
[02Oct2026 18:50:05.896] [Render thread/INFO] [SuperResolution/]: SR_DIAG FINAL_PIPELINE fbo=1 attachment=8ce0 texture=1 mip=0 size=1920x1009 internalFormat=8058
[02Oct2026 18:50:05.896] [Render thread/INFO] [SuperResolution/]: SR_DIAG FINAL_PIPELINE fbo=1 attachment=8d00 texture=5 mip=0 size=1920x1009 internalFormat=1902
[02Oct2026 18:50:15.627] [Render thread/INFO] [SuperResolution/]: SR_DIAG BEFORE_PASS:deferred1 render=( 1.129E+3  5.930E+2) display=( 1.920E+3  1.009E+3) region-1=( 1.129E+3  5.930E+2) region-2=( 1.920E+3  1.009E+3) viewport=[0,0,1920,1009] scissor=[0,213,1920,652]/false drawFbo=1 readFbo=1 drawBuffer=36064 readBuffer=36064 drawStatus=8cd5
[02Oct2026 18:50:15.627] [Render thread/INFO] [SuperResolution/]: SR_DIAG BEFORE_PASS:deferred1 fbo=1 attachment=8ce0 texture=1 mip=0 size=1920x1009 internalFormat=8058
[02Oct2026 18:50:15.627] [Render thread/INFO] [SuperResolution/]: SR_DIAG BEFORE_PASS:deferred1 fbo=1 attachment=8d00 texture=5 mip=0 size=1920x1009 internalFormat=1902
[02Oct2026 18:50:15.636] [Render thread/INFO] [SuperResolution/]: SR_DIAG AFTER_PASS:deferred1 render=( 1.129E+3  5.930E+2) display=( 1.920E+3  1.009E+3) region-1=( 1.129E+3  5.930E+2) region-2=( 1.920E+3  1.009E+3) viewport=[0,0,1920,1009] scissor=[0,213,1920,652]/false drawFbo=12 readFbo=12 drawBuffer=36064 readBuffer=36064 drawStatus=8cd5
[02Oct2026 18:50:15.636] [Render thread/INFO] [SuperResolution/]: SR_DIAG AFTER_PASS:deferred1 fbo=12 attachment=8ce0 texture=56 mip=0 size=1920x1009 internalFormat=8c3a
[02Oct2026 18:50:15.636] [Render thread/INFO] [SuperResolution/]: SR_DIAG BEFORE_PASS:composite render=( 1.129E+3  5.930E+2) display=( 1.920E+3  1.009E+3) region-1=( 1.129E+3  5.930E+2) region-2=( 1.920E+3  1.009E+3) viewport=[0,0,1920,1009] scissor=[0,213,1920,652]/false drawFbo=1 readFbo=1 drawBuffer=36064 readBuffer=36064 drawStatus=8cd5
[02Oct2026 18:50:15.636] [Render thread/INFO] [SuperResolution/]: SR_DIAG BEFORE_PASS:composite fbo=1 attachment=8ce0 texture=1 mip=0 size=1920x1009 internalFormat=8058
[02Oct2026 18:50:15.636] [Render thread/INFO] [SuperResolution/]: SR_DIAG BEFORE_PASS:composite fbo=1 attachment=8d00 texture=5 mip=0 size=1920x1009 internalFormat=1902
[02Oct2026 18:50:15.646] [Render thread/INFO] [SuperResolution/]: SR_DIAG AFTER_PASS:composite render=( 1.129E+3  5.930E+2) display=( 1.920E+3  1.009E+3) region-1=( 1.129E+3  5.930E+2) region-2=( 1.920E+3  1.009E+3) viewport=[0,0,960,504] scissor=[0,213,1920,652]/false drawFbo=13 readFbo=13 drawBuffer=36064 readBuffer=36064 drawStatus=8cd5
[02Oct2026 18:50:15.646] [Render thread/INFO] [SuperResolution/]: SR_DIAG AFTER_PASS:composite fbo=13 attachment=8ce0 texture=80 mip=0 size=960x504 internalFormat=881a
[02Oct2026 18:50:15.647] [Render thread/INFO] [SuperResolution/]: SR_DIAG BEFORE_PASS:composite1 render=( 1.129E+3  5.930E+2) display=( 1.920E+3  1.009E+3) region-1=( 1.129E+3  5.930E+2) region-2=( 1.920E+3  1.009E+3) viewport=[0,0,960,504] scissor=[0,213,1920,652]/false drawFbo=13 readFbo=13 drawBuffer=36064 readBuffer=36064 drawStatus=8cd5
[02Oct2026 18:50:15.647] [Render thread/INFO] [SuperResolution/]: SR_DIAG BEFORE_PASS:composite1 fbo=13 attachment=8ce0 texture=80 mip=0 size=960x504 internalFormat=881a
[02Oct2026 18:50:15.647] [Render thread/INFO] [SuperResolution/]: SR_DIAG AFTER_PASS:composite1 render=( 1.129E+3  5.930E+2) display=( 1.920E+3  1.009E+3) region-1=( 1.129E+3  5.930E+2) region-2=( 1.920E+3  1.009E+3) viewport=[0,0,1920,1009] scissor=[0,213,1920,652]/false drawFbo=14 readFbo=14 drawBuffer=36064 readBuffer=36064 drawStatus=8cd5
[02Oct2026 18:50:15.647] [Render thread/INFO] [SuperResolution/]: SR_DIAG AFTER_PASS:composite1 fbo=14 attachment=8ce0 texture=55 mip=0 size=1920x1009 internalFormat=8c3a
[02Oct2026 18:50:15.647] [Render thread/INFO] [SuperResolution/]: SR_DIAG BEFORE_PASS:composite3 render=( 1.129E+3  5.930E+2) display=( 1.920E+3  1.009E+3) region-1=( 1.129E+3  5.930E+2) region-2=( 1.920E+3  1.009E+3) viewport=[0,0,1920,1009] scissor=[0,213,1920,652]/false drawFbo=14 readFbo=14 drawBuffer=36064 readBuffer=36064 drawStatus=8cd5
[02Oct2026 18:50:15.647] [Render thread/INFO] [SuperResolution/]: SR_DIAG BEFORE_PASS:composite3 fbo=14 attachment=8ce0 texture=55 mip=0 size=1920x1009 internalFormat=8c3a
[02Oct2026 18:50:15.658] [Render thread/INFO] [SuperResolution/]: SR_DIAG AFTER_PASS:composite3 render=( 1.129E+3  5.930E+2) display=( 1.920E+3  1.009E+3) region-1=( 1.129E+3  5.930E+2) region-2=( 1.920E+3  1.009E+3) viewport=[0,0,1920,1009] scissor=[0,213,1920,652]/false drawFbo=15 readFbo=15 drawBuffer=36064 readBuffer=36064 drawStatus=8cd5
[02Oct2026 18:50:15.659] [Render thread/INFO] [SuperResolution/]: SR_DIAG AFTER_PASS:composite3 fbo=15 attachment=8ce0 texture=56 mip=0 size=1920x1009 internalFormat=8c3a
[02Oct2026 18:50:15.659] [Render thread/INFO] [SuperResolution/]: SR_DIAG BEFORE_PASS:composite4 render=( 1.129E+3  5.930E+2) display=( 1.920E+3  1.009E+3) region-1=( 1.129E+3  5.930E+2) region-2=( 1.920E+3  1.009E+3) viewport=[0,0,1920,1009] scissor=[0,213,1920,652]/false drawFbo=15 readFbo=15 drawBuffer=36064 readBuffer=36064 drawStatus=8cd5
[02Oct2026 18:50:15.659] [Render thread/INFO] [SuperResolution/]: SR_DIAG BEFORE_PASS:composite4 fbo=15 attachment=8ce0 texture=56 mip=0 size=1920x1009 internalFormat=8c3a
[02Oct2026 18:50:15.660] [Render thread/INFO] [SuperResolution/]: SR_DIAG AFTER_PASS:composite4 render=( 1.129E+3  5.930E+2) display=( 1.920E+3  1.009E+3) region-1=( 1.129E+3  5.930E+2) region-2=( 1.920E+3  1.009E+3) viewport=[0,0,1920,1009] scissor=[0,213,1920,652]/false drawFbo=16 readFbo=16 drawBuffer=36064 readBuffer=36064 drawStatus=8cd5
[02Oct2026 18:50:15.660] [Render thread/INFO] [SuperResolution/]: SR_DIAG AFTER_PASS:composite4 fbo=16 attachment=8ce0 texture=64 mip=0 size=1920x1009 internalFormat=881a
[02Oct2026 18:50:15.660] [Render thread/INFO] [SuperResolution/]: SR_DIAG BEFORE_PASS:composite5 render=( 1.129E+3  5.930E+2) display=( 1.920E+3  1.009E+3) region-1=( 1.129E+3  5.930E+2) region-2=( 1.920E+3  1.009E+3) viewport=[0,0,1920,1009] scissor=[0,213,1920,652]/false drawFbo=16 readFbo=16 drawBuffer=36064 readBuffer=36064 drawStatus=8cd5
[02Oct2026 18:50:15.660] [Render thread/INFO] [SuperResolution/]: SR_DIAG BEFORE_PASS:composite5 fbo=16 attachment=8ce0 texture=64 mip=0 size=1920x1009 internalFormat=881a
[02Oct2026 18:50:15.661] [Render thread/INFO] [SuperResolution/]: SR_DIAG AFTER_PASS:composite5 render=( 1.129E+3  5.930E+2) display=( 1.920E+3  1.009E+3) region-1=( 1.129E+3  5.930E+2) region-2=( 1.920E+3  1.009E+3) viewport=[0,0,1920,1009] scissor=[0,213,1920,652]/false drawFbo=17 readFbo=17 drawBuffer=36064 readBuffer=36064 drawStatus=8cd5
[02Oct2026 18:50:15.661] [Render thread/INFO] [SuperResolution/]: SR_DIAG AFTER_PASS:composite5 fbo=17 attachment=8ce0 texture=63 mip=0 size=1920x1009 internalFormat=881a
[02Oct2026 18:50:15.661] [Render thread/INFO] [SuperResolution/]: SR_DIAG BEFORE_PASS:composite6 render=( 1.129E+3  5.930E+2) display=( 1.920E+3  1.009E+3) region-1=( 1.129E+3  5.930E+2) region-2=( 1.920E+3  1.009E+3) viewport=[0,0,1920,1009] scissor=[0,213,1920,652]/false drawFbo=17 readFbo=17 drawBuffer=36064 readBuffer=36064 drawStatus=8cd5
[02Oct2026 18:50:15.661] [Render thread/INFO] [SuperResolution/]: SR_DIAG BEFORE_PASS:composite6 fbo=17 attachment=8ce0 texture=63 mip=0 size=1920x1009 internalFormat=881a
[02Oct2026 18:50:15.674] [Render thread/INFO] [SuperResolution/]: SR_DIAG AFTER_PASS:composite6 render=( 1.129E+3  5.930E+2) display=( 1.920E+3  1.009E+3) region-1=( 1.129E+3  5.930E+2) region-2=( 1.920E+3  1.009E+3) viewport=[0,0,1920,1009] scissor=[0,213,1920,652]/false drawFbo=18 readFbo=18 drawBuffer=36064 readBuffer=36064 drawStatus=8cd5
[02Oct2026 18:50:15.674] [Render thread/INFO] [SuperResolution/]: SR_DIAG AFTER_PASS:composite6 fbo=18 attachment=8ce0 texture=64 mip=0 size=1920x1009 internalFormat=881a
[02Oct2026 18:50:15.674] [Render thread/INFO] [SuperResolution/]: SR_DIAG BEFORE_PASS:composite7 render=( 1.129E+3  5.930E+2) display=( 1.920E+3  1.009E+3) region-1=( 1.129E+3  5.930E+2) region-2=( 1.920E+3  1.009E+3) viewport=[0,0,1920,1009] scissor=[0,213,1920,652]/false drawFbo=18 readFbo=18 drawBuffer=36064 readBuffer=36064 drawStatus=8cd5
[02Oct2026 18:50:15.674] [Render thread/INFO] [SuperResolution/]: SR_DIAG BEFORE_PASS:composite7 fbo=18 attachment=8ce0 texture=64 mip=0 size=1920x1009 internalFormat=881a
[02Oct2026 18:50:15.674] [Render thread/INFO] [SuperResolution/]: SR_DIAG BEFORE_SR render=( 1.129E+3  5.930E+2) display=( 1.920E+3  1.009E+3) region-1=( 1.129E+3  5.930E+2) region-2=( 1.920E+3  1.009E+3) viewport=[0,0,1920,1009] scissor=[0,213,1920,652]/false drawFbo=18 readFbo=18 drawBuffer=36064 readBuffer=36064 drawStatus=8cd5
[02Oct2026 18:50:15.674] [Render thread/INFO] [SuperResolution/]: SR_DIAG BEFORE_SR fbo=18 attachment=8ce0 texture=64 mip=0 size=1920x1009 internalFormat=881a
[02Oct2026 18:50:15.834] [Render thread/INFO] [SuperResolution/]: SR_DIAG texture color id=64 size=1920x1009 format=RGBA16F target/type=Texture2D glInternalFormat=881a
[02Oct2026 18:50:15.834] [Render thread/INFO] [SuperResolution/]: SR_DIAG texture depth id=5 size=1920x1009 format=DEPTH24 target/type=Texture2D glInternalFormat=1902
[02Oct2026 18:50:15.834] [Render thread/INFO] [SuperResolution/]: SR_DIAG depth depth id=5 bits=24 componentType=8c17
[02Oct2026 18:50:15.834] [Render thread/INFO] [SuperResolution/]: SR_DIAG texture motion_vectors id=86 size=1920x1009 format=RGBA16F target/type=Texture2D glInternalFormat=881a
[02Oct2026 18:50:15.834] [Render thread/INFO] [SuperResolution/]: SR_DIAG texture algorithm_color id=95 size=1129x593 format=RGBA16F target/type=Texture2D glInternalFormat=881a
[02Oct2026 18:50:15.834] [Render thread/INFO] [SuperResolution/]: SR_DIAG texture algorithm_depth id=96 size=1129x593 format=DEPTH24 target/type=Texture2D glInternalFormat=81a6
[02Oct2026 18:50:15.834] [Render thread/INFO] [SuperResolution/]: SR_DIAG depth algorithm_depth id=96 bits=24 componentType=8c17
[02Oct2026 18:50:15.835] [Render thread/INFO] [SuperResolution/]: SR_DIAG texture algorithm_motion_vectors id=97 size=1129x593 format=RGBA16F target/type=Texture2D glInternalFormat=881a
[02Oct2026 18:50:15.893] [Render thread/INFO] [SuperResolution/]: SR_DIAG texture SR_output id=88 size=1920x1009 format=RGBA16F target/type=Texture2D glInternalFormat=881a
[02Oct2026 18:50:15.893] [Render thread/INFO] [SuperResolution/]: SR_DIAG texture autotex3/output_target id=64 size=1920x1009 format=RGBA16F target/type=Texture2D glInternalFormat=881a
[02Oct2026 18:50:15.893] [Render thread/INFO] [SuperResolution/]: SR_DIAG AFTER_SR render=( 1.129E+3  5.930E+2) display=( 1.920E+3  1.009E+3) region-1=( 1.129E+3  5.930E+2) region-2=( 1.920E+3  1.009E+3) viewport=[0,0,1920,1009] scissor=[0,213,1920,652]/false drawFbo=18 readFbo=18 drawBuffer=36064 readBuffer=36064 drawStatus=8cd5
[02Oct2026 18:50:15.893] [Render thread/INFO] [SuperResolution/]: SR_DIAG AFTER_SR fbo=18 attachment=8ce0 texture=64 mip=0 size=1920x1009 internalFormat=881a
[02Oct2026 18:50:15.903] [Render thread/INFO] [SuperResolution/]: SR_DIAG AFTER_PASS:composite7 render=( 1.129E+3  5.930E+2) display=( 1.920E+3  1.009E+3) region-1=( 1.129E+3  5.930E+2) region-2=( 1.920E+3  1.009E+3) viewport=[0,0,1920,1009] scissor=[0,213,1920,652]/false drawFbo=19 readFbo=19 drawBuffer=36064 readBuffer=36064 drawStatus=8cd5
[02Oct2026 18:50:15.903] [Render thread/INFO] [SuperResolution/]: SR_DIAG AFTER_PASS:composite7 fbo=19 attachment=8ce0 texture=63 mip=0 size=1920x1009 internalFormat=881a
[02Oct2026 18:50:15.903] [Render thread/INFO] [SuperResolution/]: SR_DIAG FINAL_PIPELINE render=( 1.129E+3  5.930E+2) display=( 1.920E+3  1.009E+3) region-1=( 1.129E+3  5.930E+2) region-2=( 1.920E+3  1.009E+3) viewport=[0,0,1920,1009] scissor=[0,213,1920,652]/false drawFbo=1 readFbo=1 drawBuffer=36064 readBuffer=36064 drawStatus=8cd5
[02Oct2026 18:50:15.904] [Render thread/INFO] [SuperResolution/]: SR_DIAG FINAL_PIPELINE fbo=1 attachment=8ce0 texture=1 mip=0 size=1920x1009 internalFormat=8058
[02Oct2026 18:50:15.904] [Render thread/INFO] [SuperResolution/]: SR_DIAG FINAL_PIPELINE fbo=1 attachment=8d00 texture=5 mip=0 size=1920x1009 internalFormat=1902
[02Oct2026 18:50:25.636] [Render thread/INFO] [SuperResolution/]: SR_DIAG BEFORE_PASS:deferred1 render=( 1.129E+3  5.930E+2) display=( 1.920E+3  1.009E+3) region-1=( 1.129E+3  5.930E+2) region-2=( 1.920E+3  1.009E+3) viewport=[0,0,1920,1009] scissor=[0,213,1920,652]/false drawFbo=1 readFbo=1 drawBuffer=36064 readBuffer=36064 drawStatus=8cd5
[02Oct2026 18:50:25.636] [Render thread/INFO] [SuperResolution/]: SR_DIAG BEFORE_PASS:deferred1 fbo=1 attachment=8ce0 texture=1 mip=0 size=1920x1009 internalFormat=8058
[02Oct2026 18:50:25.637] [Render thread/INFO] [SuperResolution/]: SR_DIAG BEFORE_PASS:deferred1 fbo=1 attachment=8d00 texture=5 mip=0 size=1920x1009 internalFormat=1902
[02Oct2026 18:50:25.637] [Render thread/INFO] [SuperResolution/]: SR_DIAG AFTER_PASS:deferred1 render=( 1.129E+3  5.930E+2) display=( 1.920E+3  1.009E+3) region-1=( 1.129E+3  5.930E+2) region-2=( 1.920E+3  1.009E+3) viewport=[0,0,1920,1009] scissor=[0,213,1920,652]/false drawFbo=12 readFbo=12 drawBuffer=36064 readBuffer=36064 drawStatus=8cd5
[02Oct2026 18:50:25.637] [Render thread/INFO] [SuperResolution/]: SR_DIAG AFTER_PASS:deferred1 fbo=12 attachment=8ce0 texture=56 mip=0 size=1920x1009 internalFormat=8c3a
[02Oct2026 18:50:25.638] [Render thread/INFO] [SuperResolution/]: SR_DIAG BEFORE_PASS:composite render=( 1.129E+3  5.930E+2) display=( 1.920E+3  1.009E+3) region-1=( 1.129E+3  5.930E+2) region-2=( 1.920E+3  1.009E+3) viewport=[0,0,1920,1009] scissor=[0,213,1920,652]/false drawFbo=1 readFbo=1 drawBuffer=36064 readBuffer=36064 drawStatus=8cd5
[02Oct2026 18:50:25.638] [Render thread/INFO] [SuperResolution/]: SR_DIAG BEFORE_PASS:composite fbo=1 attachment=8ce0 texture=1 mip=0 size=1920x1009 internalFormat=8058
[02Oct2026 18:50:25.638] [Render thread/INFO] [SuperResolution/]: SR_DIAG BEFORE_PASS:composite fbo=1 attachment=8d00 texture=5 mip=0 size=1920x1009 internalFormat=1902
[02Oct2026 18:50:25.648] [Render thread/INFO] [SuperResolution/]: SR_DIAG AFTER_PASS:composite render=( 1.129E+3  5.930E+2) display=( 1.920E+3  1.009E+3) region-1=( 1.129E+3  5.930E+2) region-2=( 1.920E+3  1.009E+3) viewport=[0,0,960,504] scissor=[0,213,1920,652]/false drawFbo=13 readFbo=13 drawBuffer=36064 readBuffer=36064 drawStatus=8cd5
[02Oct2026 18:50:25.648] [Render thread/INFO] [SuperResolution/]: SR_DIAG AFTER_PASS:composite fbo=13 attachment=8ce0 texture=80 mip=0 size=960x504 internalFormat=881a
[02Oct2026 18:50:25.649] [Render thread/INFO] [SuperResolution/]: SR_DIAG BEFORE_PASS:composite1 render=( 1.129E+3  5.930E+2) display=( 1.920E+3  1.009E+3) region-1=( 1.129E+3  5.930E+2) region-2=( 1.920E+3  1.009E+3) viewport=[0,0,960,504] scissor=[0,213,1920,652]/false drawFbo=13 readFbo=13 drawBuffer=36064 readBuffer=36064 drawStatus=8cd5
[02Oct2026 18:50:25.649] [Render thread/INFO] [SuperResolution/]: SR_DIAG BEFORE_PASS:composite1 fbo=13 attachment=8ce0 texture=80 mip=0 size=960x504 internalFormat=881a
[02Oct2026 18:50:25.649] [Render thread/INFO] [SuperResolution/]: SR_DIAG AFTER_PASS:composite1 render=( 1.129E+3  5.930E+2) display=( 1.920E+3  1.009E+3) region-1=( 1.129E+3  5.930E+2) region-2=( 1.920E+3  1.009E+3) viewport=[0,0,1920,1009] scissor=[0,213,1920,652]/false drawFbo=14 readFbo=14 drawBuffer=36064 readBuffer=36064 drawStatus=8cd5
[02Oct2026 18:50:25.650] [Render thread/INFO] [SuperResolution/]: SR_DIAG AFTER_PASS:composite1 fbo=14 attachment=8ce0 texture=55 mip=0 size=1920x1009 internalFormat=8c3a
[02Oct2026 18:50:25.650] [Render thread/INFO] [SuperResolution/]: SR_DIAG BEFORE_PASS:composite3 render=( 1.129E+3  5.930E+2) display=( 1.920E+3  1.009E+3) region-1=( 1.129E+3  5.930E+2) region-2=( 1.920E+3  1.009E+3) viewport=[0,0,1920,1009] scissor=[0,213,1920,652]/false drawFbo=14 readFbo=14 drawBuffer=36064 readBuffer=36064 drawStatus=8cd5
[02Oct2026 18:50:25.650] [Render thread/INFO] [SuperResolution/]: SR_DIAG BEFORE_PASS:composite3 fbo=14 attachment=8ce0 texture=55 mip=0 size=1920x1009 internalFormat=8c3a
[02Oct2026 18:50:25.659] [Render thread/INFO] [SuperResolution/]: SR_DIAG AFTER_PASS:composite3 render=( 1.129E+3  5.930E+2) display=( 1.920E+3  1.009E+3) region-1=( 1.129E+3  5.930E+2) region-2=( 1.920E+3  1.009E+3) viewport=[0,0,1920,1009] scissor=[0,213,1920,652]/false drawFbo=15 readFbo=15 drawBuffer=36064 readBuffer=36064 drawStatus=8cd5
[02Oct2026 18:50:25.660] [Render thread/INFO] [SuperResolution/]: SR_DIAG AFTER_PASS:composite3 fbo=15 attachment=8ce0 texture=56 mip=0 size=1920x1009 internalFormat=8c3a
[02Oct2026 18:50:25.660] [Render thread/INFO] [SuperResolution/]: SR_DIAG BEFORE_PASS:composite4 render=( 1.129E+3  5.930E+2) display=( 1.920E+3  1.009E+3) region-1=( 1.129E+3  5.930E+2) region-2=( 1.920E+3  1.009E+3) viewport=[0,0,1920,1009] scissor=[0,213,1920,652]/false drawFbo=15 readFbo=15 drawBuffer=36064 readBuffer=36064 drawStatus=8cd5
[02Oct2026 18:50:25.660] [Render thread/INFO] [SuperResolution/]: SR_DIAG BEFORE_PASS:composite4 fbo=15 attachment=8ce0 texture=56 mip=0 size=1920x1009 internalFormat=8c3a
[02Oct2026 18:50:25.660] [Render thread/INFO] [SuperResolution/]: SR_DIAG AFTER_PASS:composite4 render=( 1.129E+3  5.930E+2) display=( 1.920E+3  1.009E+3) region-1=( 1.129E+3  5.930E+2) region-2=( 1.920E+3  1.009E+3) viewport=[0,0,1920,1009] scissor=[0,213,1920,652]/false drawFbo=16 readFbo=16 drawBuffer=36064 readBuffer=36064 drawStatus=8cd5
[02Oct2026 18:50:25.660] [Render thread/INFO] [SuperResolution/]: SR_DIAG AFTER_PASS:composite4 fbo=16 attachment=8ce0 texture=64 mip=0 size=1920x1009 internalFormat=881a
[02Oct2026 18:50:25.660] [Render thread/INFO] [SuperResolution/]: SR_DIAG BEFORE_PASS:composite5 render=( 1.129E+3  5.930E+2) display=( 1.920E+3  1.009E+3) region-1=( 1.129E+3  5.930E+2) region-2=( 1.920E+3  1.009E+3) viewport=[0,0,1920,1009] scissor=[0,213,1920,652]/false drawFbo=16 readFbo=16 drawBuffer=36064 readBuffer=36064 drawStatus=8cd5
[02Oct2026 18:50:25.660] [Render thread/INFO] [SuperResolution/]: SR_DIAG BEFORE_PASS:composite5 fbo=16 attachment=8ce0 texture=64 mip=0 size=1920x1009 internalFormat=881a
[02Oct2026 18:50:25.669] [Render thread/INFO] [SuperResolution/]: SR_DIAG AFTER_PASS:composite5 render=( 1.129E+3  5.930E+2) display=( 1.920E+3  1.009E+3) region-1=( 1.129E+3  5.930E+2) region-2=( 1.920E+3  1.009E+3) viewport=[0,0,1920,1009] scissor=[0,213,1920,652]/false drawFbo=17 readFbo=17 drawBuffer=36064 readBuffer=36064 drawStatus=8cd5
[02Oct2026 18:50:25.669] [Render thread/INFO] [SuperResolution/]: SR_DIAG AFTER_PASS:composite5 fbo=17 attachment=8ce0 texture=63 mip=0 size=1920x1009 internalFormat=881a
[02Oct2026 18:50:25.669] [Render thread/INFO] [SuperResolution/]: SR_DIAG BEFORE_PASS:composite6 render=( 1.129E+3  5.930E+2) display=( 1.920E+3  1.009E+3) region-1=( 1.129E+3  5.930E+2) region-2=( 1.920E+3  1.009E+3) viewport=[0,0,1920,1009] scissor=[0,213,1920,652]/false drawFbo=17 readFbo=17 drawBuffer=36064 readBuffer=36064 drawStatus=8cd5
[02Oct2026 18:50:25.669] [Render thread/INFO] [SuperResolution/]: SR_DIAG BEFORE_PASS:composite6 fbo=17 attachment=8ce0 texture=63 mip=0 size=1920x1009 internalFormat=881a
[02Oct2026 18:50:25.679] [Render thread/INFO] [SuperResolution/]: SR_DIAG AFTER_PASS:composite6 render=( 1.129E+3  5.930E+2) display=( 1.920E+3  1.009E+3) region-1=( 1.129E+3  5.930E+2) region-2=( 1.920E+3  1.009E+3) viewport=[0,0,1920,1009] scissor=[0,213,1920,652]/false drawFbo=18 readFbo=18 drawBuffer=36064 readBuffer=36064 drawStatus=8cd5
[02Oct2026 18:50:25.679] [Render thread/INFO] [SuperResolution/]: SR_DIAG AFTER_PASS:composite6 fbo=18 attachment=8ce0 texture=64 mip=0 size=1920x1009 internalFormat=881a
[02Oct2026 18:50:25.679] [Render thread/INFO] [SuperResolution/]: SR_DIAG BEFORE_PASS:composite7 render=( 1.129E+3  5.930E+2) display=( 1.920E+3  1.009E+3) region-1=( 1.129E+3  5.930E+2) region-2=( 1.920E+3  1.009E+3) viewport=[0,0,1920,1009] scissor=[0,213,1920,652]/false drawFbo=18 readFbo=18 drawBuffer=36064 readBuffer=36064 drawStatus=8cd5
[02Oct2026 18:50:25.679] [Render thread/INFO] [SuperResolution/]: SR_DIAG BEFORE_PASS:composite7 fbo=18 attachment=8ce0 texture=64 mip=0 size=1920x1009 internalFormat=881a
[02Oct2026 18:50:25.679] [Render thread/INFO] [SuperResolution/]: SR_DIAG BEFORE_SR render=( 1.129E+3  5.930E+2) display=( 1.920E+3  1.009E+3) region-1=( 1.129E+3  5.930E+2) region-2=( 1.920E+3  1.009E+3) viewport=[0,0,1920,1009] scissor=[0,213,1920,652]/false drawFbo=18 readFbo=18 drawBuffer=36064 readBuffer=36064 drawStatus=8cd5
[02Oct2026 18:50:25.679] [Render thread/INFO] [SuperResolution/]: SR_DIAG BEFORE_SR fbo=18 attachment=8ce0 texture=64 mip=0 size=1920x1009 internalFormat=881a
[02Oct2026 18:50:25.838] [Render thread/INFO] [SuperResolution/]: SR_DIAG texture color id=64 size=1920x1009 format=RGBA16F target/type=Texture2D glInternalFormat=881a
[02Oct2026 18:50:25.838] [Render thread/INFO] [SuperResolution/]: SR_DIAG texture depth id=5 size=1920x1009 format=DEPTH24 target/type=Texture2D glInternalFormat=1902
[02Oct2026 18:50:25.838] [Render thread/INFO] [SuperResolution/]: SR_DIAG depth depth id=5 bits=24 componentType=8c17
[02Oct2026 18:50:25.839] [Render thread/INFO] [SuperResolution/]: SR_DIAG texture motion_vectors id=86 size=1920x1009 format=RGBA16F target/type=Texture2D glInternalFormat=881a
[02Oct2026 18:50:25.839] [Render thread/INFO] [SuperResolution/]: SR_DIAG texture algorithm_color id=95 size=1129x593 format=RGBA16F target/type=Texture2D glInternalFormat=881a
[02Oct2026 18:50:25.839] [Render thread/INFO] [SuperResolution/]: SR_DIAG texture algorithm_depth id=96 size=1129x593 format=DEPTH24 target/type=Texture2D glInternalFormat=81a6
[02Oct2026 18:50:25.839] [Render thread/INFO] [SuperResolution/]: SR_DIAG depth algorithm_depth id=96 bits=24 componentType=8c17
[02Oct2026 18:50:25.839] [Render thread/INFO] [SuperResolution/]: SR_DIAG texture algorithm_motion_vectors id=97 size=1129x593 format=RGBA16F target/type=Texture2D glInternalFormat=881a
[02Oct2026 18:50:25.893] [Render thread/INFO] [SuperResolution/]: SR_DIAG texture SR_output id=88 size=1920x1009 format=RGBA16F target/type=Texture2D glInternalFormat=881a
[02Oct2026 18:50:25.894] [Render thread/INFO] [SuperResolution/]: SR_DIAG texture autotex3/output_target id=64 size=1920x1009 format=RGBA16F target/type=Texture2D glInternalFormat=881a
[02Oct2026 18:50:25.894] [Render thread/INFO] [SuperResolution/]: SR_DIAG AFTER_SR render=( 1.129E+3  5.930E+2) display=( 1.920E+3  1.009E+3) region-1=( 1.129E+3  5.930E+2) region-2=( 1.920E+3  1.009E+3) viewport=[0,0,1920,1009] scissor=[0,213,1920,652]/false drawFbo=18 readFbo=18 drawBuffer=36064 readBuffer=36064 drawStatus=8cd5
[02Oct2026 18:50:25.894] [Render thread/INFO] [SuperResolution/]: SR_DIAG AFTER_SR fbo=18 attachment=8ce0 texture=64 mip=0 size=1920x1009 internalFormat=881a
[02Oct2026 18:50:25.911] [Render thread/INFO] [SuperResolution/]: SR_DIAG AFTER_PASS:composite7 render=( 1.129E+3  5.930E+2) display=( 1.920E+3  1.009E+3) region-1=( 1.129E+3  5.930E+2) region-2=( 1.920E+3  1.009E+3) viewport=[0,0,1920,1009] scissor=[0,213,1920,652]/false drawFbo=19 readFbo=19 drawBuffer=36064 readBuffer=36064 drawStatus=8cd5
[02Oct2026 18:50:25.911] [Render thread/INFO] [SuperResolution/]: SR_DIAG AFTER_PASS:composite7 fbo=19 attachment=8ce0 texture=63 mip=0 size=1920x1009 internalFormat=881a
[02Oct2026 18:50:25.912] [Render thread/INFO] [SuperResolution/]: SR_DIAG FINAL_PIPELINE render=( 1.129E+3  5.930E+2) display=( 1.920E+3  1.009E+3) region-1=( 1.129E+3  5.930E+2) region-2=( 1.920E+3  1.009E+3) viewport=[0,0,1920,1009] scissor=[0,213,1920,652]/false drawFbo=1 readFbo=1 drawBuffer=36064 readBuffer=36064 drawStatus=8cd5
[02Oct2026 18:50:25.912] [Render thread/INFO] [SuperResolution/]: SR_DIAG FINAL_PIPELINE fbo=1 attachment=8ce0 texture=1 mip=0 size=1920x1009 internalFormat=8058
[02Oct2026 18:50:25.912] [Render thread/INFO] [SuperResolution/]: SR_DIAG FINAL_PIPELINE fbo=1 attachment=8d00 texture=5 mip=0 size=1920x1009 internalFormat=1902
[02Oct2026 18:50:35.641] [Render thread/INFO] [SuperResolution/]: SR_DIAG BEFORE_PASS:deferred1 render=( 1.129E+3  5.930E+2) display=( 1.920E+3  1.009E+3) region-1=( 1.129E+3  5.930E+2) region-2=( 1.920E+3  1.009E+3) viewport=[0,0,1920,1009] scissor=[0,213,1920,652]/false drawFbo=1 readFbo=1 drawBuffer=36064 readBuffer=36064 drawStatus=8cd5
[02Oct2026 18:50:35.642] [Render thread/INFO] [SuperResolution/]: SR_DIAG BEFORE_PASS:deferred1 fbo=1 attachment=8ce0 texture=1 mip=0 size=1920x1009 internalFormat=8058
[02Oct2026 18:50:35.642] [Render thread/INFO] [SuperResolution/]: SR_DIAG BEFORE_PASS:deferred1 fbo=1 attachment=8d00 texture=5 mip=0 size=1920x1009 internalFormat=1902
[02Oct2026 18:50:35.642] [Render thread/INFO] [SuperResolution/]: SR_DIAG AFTER_PASS:deferred1 render=( 1.129E+3  5.930E+2) display=( 1.920E+3  1.009E+3) region-1=( 1.129E+3  5.930E+2) region-2=( 1.920E+3  1.009E+3) viewport=[0,0,1920,1009] scissor=[0,213,1920,652]/false drawFbo=12 readFbo=12 drawBuffer=36064 readBuffer=36064 drawStatus=8cd5
[02Oct2026 18:50:35.642] [Render thread/INFO] [SuperResolution/]: SR_DIAG AFTER_PASS:deferred1 fbo=12 attachment=8ce0 texture=56 mip=0 size=1920x1009 internalFormat=8c3a
[02Oct2026 18:50:35.642] [Render thread/INFO] [SuperResolution/]: SR_DIAG BEFORE_PASS:composite render=( 1.129E+3  5.930E+2) display=( 1.920E+3  1.009E+3) region-1=( 1.129E+3  5.930E+2) region-2=( 1.920E+3  1.009E+3) viewport=[0,0,1920,1009] scissor=[0,213,1920,652]/false drawFbo=1 readFbo=1 drawBuffer=36064 readBuffer=36064 drawStatus=8cd5
[02Oct2026 18:50:35.642] [Render thread/INFO] [SuperResolution/]: SR_DIAG BEFORE_PASS:composite fbo=1 attachment=8ce0 texture=1 mip=0 size=1920x1009 internalFormat=8058
[02Oct2026 18:50:35.643] [Render thread/INFO] [SuperResolution/]: SR_DIAG BEFORE_PASS:composite fbo=1 attachment=8d00 texture=5 mip=0 size=1920x1009 internalFormat=1902
[02Oct2026 18:50:35.652] [Render thread/INFO] [SuperResolution/]: SR_DIAG AFTER_PASS:composite render=( 1.129E+3  5.930E+2) display=( 1.920E+3  1.009E+3) region-1=( 1.129E+3  5.930E+2) region-2=( 1.920E+3  1.009E+3) viewport=[0,0,960,504] scissor=[0,213,1920,652]/false drawFbo=13 readFbo=13 drawBuffer=36064 readBuffer=36064 drawStatus=8cd5
[02Oct2026 18:50:35.652] [Render thread/INFO] [SuperResolution/]: SR_DIAG AFTER_PASS:composite fbo=13 attachment=8ce0 texture=80 mip=0 size=960x504 internalFormat=881a
[02Oct2026 18:50:35.652] [Render thread/INFO] [SuperResolution/]: SR_DIAG BEFORE_PASS:composite1 render=( 1.129E+3  5.930E+2) display=( 1.920E+3  1.009E+3) region-1=( 1.129E+3  5.930E+2) region-2=( 1.920E+3  1.009E+3) viewport=[0,0,960,504] scissor=[0,213,1920,652]/false drawFbo=13 readFbo=13 drawBuffer=36064 readBuffer=36064 drawStatus=8cd5
[02Oct2026 18:50:35.652] [Render thread/INFO] [SuperResolution/]: SR_DIAG BEFORE_PASS:composite1 fbo=13 attachment=8ce0 texture=80 mip=0 size=960x504 internalFormat=881a
[02Oct2026 18:50:35.652] [Render thread/INFO] [SuperResolution/]: SR_DIAG AFTER_PASS:composite1 render=( 1.129E+3  5.930E+2) display=( 1.920E+3  1.009E+3) region-1=( 1.129E+3  5.930E+2) region-2=( 1.920E+3  1.009E+3) viewport=[0,0,1920,1009] scissor=[0,213,1920,652]/false drawFbo=14 readFbo=14 drawBuffer=36064 readBuffer=36064 drawStatus=8cd5
[02Oct2026 18:50:35.652] [Render thread/INFO] [SuperResolution/]: SR_DIAG AFTER_PASS:composite1 fbo=14 attachment=8ce0 texture=55 mip=0 size=1920x1009 internalFormat=8c3a
[02Oct2026 18:50:35.652] [Render thread/INFO] [SuperResolution/]: SR_DIAG BEFORE_PASS:composite3 render=( 1.129E+3  5.930E+2) display=( 1.920E+3  1.009E+3) region-1=( 1.129E+3  5.930E+2) region-2=( 1.920E+3  1.009E+3) viewport=[0,0,1920,1009] scissor=[0,213,1920,652]/false drawFbo=14 readFbo=14 drawBuffer=36064 readBuffer=36064 drawStatus=8cd5
[02Oct2026 18:50:35.652] [Render thread/INFO] [SuperResolution/]: SR_DIAG BEFORE_PASS:composite3 fbo=14 attachment=8ce0 texture=55 mip=0 size=1920x1009 internalFormat=8c3a
[02Oct2026 18:50:35.662] [Render thread/INFO] [SuperResolution/]: SR_DIAG AFTER_PASS:composite3 render=( 1.129E+3  5.930E+2) display=( 1.920E+3  1.009E+3) region-1=( 1.129E+3  5.930E+2) region-2=( 1.920E+3  1.009E+3) viewport=[0,0,1920,1009] scissor=[0,213,1920,652]/false drawFbo=15 readFbo=15 drawBuffer=36064 readBuffer=36064 drawStatus=8cd5
[02Oct2026 18:50:35.663] [Render thread/INFO] [SuperResolution/]: SR_DIAG AFTER_PASS:composite3 fbo=15 attachment=8ce0 texture=56 mip=0 size=1920x1009 internalFormat=8c3a
[02Oct2026 18:50:35.663] [Render thread/INFO] [SuperResolution/]: SR_DIAG BEFORE_PASS:composite4 render=( 1.129E+3  5.930E+2) display=( 1.920E+3  1.009E+3) region-1=( 1.129E+3  5.930E+2) region-2=( 1.920E+3  1.009E+3) viewport=[0,0,1920,1009] scissor=[0,213,1920,652]/false drawFbo=15 readFbo=15 drawBuffer=36064 readBuffer=36064 drawStatus=8cd5
[02Oct2026 18:50:35.663] [Render thread/INFO] [SuperResolution/]: SR_DIAG BEFORE_PASS:composite4 fbo=15 attachment=8ce0 texture=56 mip=0 size=1920x1009 internalFormat=8c3a
[02Oct2026 18:50:35.663] [Render thread/INFO] [SuperResolution/]: SR_DIAG AFTER_PASS:composite4 render=( 1.129E+3  5.930E+2) display=( 1.920E+3  1.009E+3) region-1=( 1.129E+3  5.930E+2) region-2=( 1.920E+3  1.009E+3) viewport=[0,0,1920,1009] scissor=[0,213,1920,652]/false drawFbo=16 readFbo=16 drawBuffer=36064 readBuffer=36064 drawStatus=8cd5
[02Oct2026 18:50:35.663] [Render thread/INFO] [SuperResolution/]: SR_DIAG AFTER_PASS:composite4 fbo=16 attachment=8ce0 texture=64 mip=0 size=1920x1009 internalFormat=881a
[02Oct2026 18:50:35.663] [Render thread/INFO] [SuperResolution/]: SR_DIAG BEFORE_PASS:composite5 render=( 1.129E+3  5.930E+2) display=( 1.920E+3  1.009E+3) region-1=( 1.129E+3  5.930E+2) region-2=( 1.920E+3  1.009E+3) viewport=[0,0,1920,1009] scissor=[0,213,1920,652]/false drawFbo=16 readFbo=16 drawBuffer=36064 readBuffer=36064 drawStatus=8cd5
[02Oct2026 18:50:35.663] [Render thread/INFO] [SuperResolution/]: SR_DIAG BEFORE_PASS:composite5 fbo=16 attachment=8ce0 texture=64 mip=0 size=1920x1009 internalFormat=881a
[02Oct2026 18:50:35.670] [Render thread/INFO] [SuperResolution/]: SR_DIAG AFTER_PASS:composite5 render=( 1.129E+3  5.930E+2) display=( 1.920E+3  1.009E+3) region-1=( 1.129E+3  5.930E+2) region-2=( 1.920E+3  1.009E+3) viewport=[0,0,1920,1009] scissor=[0,213,1920,652]/false drawFbo=17 readFbo=17 drawBuffer=36064 readBuffer=36064 drawStatus=8cd5
[02Oct2026 18:50:35.671] [Render thread/INFO] [SuperResolution/]: SR_DIAG AFTER_PASS:composite5 fbo=17 attachment=8ce0 texture=63 mip=0 size=1920x1009 internalFormat=881a
[02Oct2026 18:50:35.671] [Render thread/INFO] [SuperResolution/]: SR_DIAG BEFORE_PASS:composite6 render=( 1.129E+3  5.930E+2) display=( 1.920E+3  1.009E+3) region-1=( 1.129E+3  5.930E+2) region-2=( 1.920E+3  1.009E+3) viewport=[0,0,1920,1009] scissor=[0,213,1920,652]/false drawFbo=17 readFbo=17 drawBuffer=36064 readBuffer=36064 drawStatus=8cd5
[02Oct2026 18:50:35.671] [Render thread/INFO] [SuperResolution/]: SR_DIAG BEFORE_PASS:composite6 fbo=17 attachment=8ce0 texture=63 mip=0 size=1920x1009 internalFormat=881a
[02Oct2026 18:50:35.679] [Render thread/INFO] [SuperResolution/]: SR_DIAG AFTER_PASS:composite6 render=( 1.129E+3  5.930E+2) display=( 1.920E+3  1.009E+3) region-1=( 1.129E+3  5.930E+2) region-2=( 1.920E+3  1.009E+3) viewport=[0,0,1920,1009] scissor=[0,213,1920,652]/false drawFbo=18 readFbo=18 drawBuffer=36064 readBuffer=36064 drawStatus=8cd5
[02Oct2026 18:50:35.681] [Render thread/INFO] [SuperResolution/]: SR_DIAG AFTER_PASS:composite6 fbo=18 attachment=8ce0 texture=64 mip=0 size=1920x1009 internalFormat=881a
[02Oct2026 18:50:35.681] [Render thread/INFO] [SuperResolution/]: SR_DIAG BEFORE_PASS:composite7 render=( 1.129E+3  5.930E+2) display=( 1.920E+3  1.009E+3) region-1=( 1.129E+3  5.930E+2) region-2=( 1.920E+3  1.009E+3) viewport=[0,0,1920,1009] scissor=[0,213,1920,652]/false drawFbo=18 readFbo=18 drawBuffer=36064 readBuffer=36064 drawStatus=8cd5
[02Oct2026 18:50:35.681] [Render thread/INFO] [SuperResolution/]: SR_DIAG BEFORE_PASS:composite7 fbo=18 attachment=8ce0 texture=64 mip=0 size=1920x1009 internalFormat=881a
[02Oct2026 18:50:35.681] [Render thread/INFO] [SuperResolution/]: SR_DIAG BEFORE_SR render=( 1.129E+3  5.930E+2) display=( 1.920E+3  1.009E+3) region-1=( 1.129E+3  5.930E+2) region-2=( 1.920E+3  1.009E+3) viewport=[0,0,1920,1009] scissor=[0,213,1920,652]/false drawFbo=18 readFbo=18 drawBuffer=36064 readBuffer=36064 drawStatus=8cd5
[02Oct2026 18:50:35.681] [Render thread/INFO] [SuperResolution/]: SR_DIAG BEFORE_SR fbo=18 attachment=8ce0 texture=64 mip=0 size=1920x1009 internalFormat=881a
[02Oct2026 18:50:35.842] [Render thread/INFO] [SuperResolution/]: SR_DIAG texture color id=64 size=1920x1009 format=RGBA16F target/type=Texture2D glInternalFormat=881a
[02Oct2026 18:50:35.842] [Render thread/INFO] [SuperResolution/]: SR_DIAG texture depth id=5 size=1920x1009 format=DEPTH24 target/type=Texture2D glInternalFormat=1902
[02Oct2026 18:50:35.842] [Render thread/INFO] [SuperResolution/]: SR_DIAG depth depth id=5 bits=24 componentType=8c17
[02Oct2026 18:50:35.842] [Render thread/INFO] [SuperResolution/]: SR_DIAG texture motion_vectors id=86 size=1920x1009 format=RGBA16F target/type=Texture2D glInternalFormat=881a
[02Oct2026 18:50:35.842] [Render thread/INFO] [SuperResolution/]: SR_DIAG texture algorithm_color id=95 size=1129x593 format=RGBA16F target/type=Texture2D glInternalFormat=881a
[02Oct2026 18:50:35.842] [Render thread/INFO] [SuperResolution/]: SR_DIAG texture algorithm_depth id=96 size=1129x593 format=DEPTH24 target/type=Texture2D glInternalFormat=81a6
[02Oct2026 18:50:35.842] [Render thread/INFO] [SuperResolution/]: SR_DIAG depth algorithm_depth id=96 bits=24 componentType=8c17
[02Oct2026 18:50:35.842] [Render thread/INFO] [SuperResolution/]: SR_DIAG texture algorithm_motion_vectors id=97 size=1129x593 format=RGBA16F target/type=Texture2D glInternalFormat=881a
[02Oct2026 18:50:35.901] [Render thread/INFO] [SuperResolution/]: SR_DIAG texture SR_output id=88 size=1920x1009 format=RGBA16F target/type=Texture2D glInternalFormat=881a
[02Oct2026 18:50:35.901] [Render thread/INFO] [SuperResolution/]: SR_DIAG texture autotex3/output_target id=64 size=1920x1009 format=RGBA16F target/type=Texture2D glInternalFormat=881a
[02Oct2026 18:50:35.901] [Render thread/INFO] [SuperResolution/]: SR_DIAG AFTER_SR render=( 1.129E+3  5.930E+2) display=( 1.920E+3  1.009E+3) region-1=( 1.129E+3  5.930E+2) region-2=( 1.920E+3  1.009E+3) viewport=[0,0,1920,1009] scissor=[0,213,1920,652]/false drawFbo=18 readFbo=18 drawBuffer=36064 readBuffer=36064 drawStatus=8cd5
[02Oct2026 18:50:35.901] [Render thread/INFO] [SuperResolution/]: SR_DIAG AFTER_SR fbo=18 attachment=8ce0 texture=64 mip=0 size=1920x1009 internalFormat=881a
[02Oct2026 18:50:35.919] [Render thread/INFO] [SuperResolution/]: SR_DIAG AFTER_PASS:composite7 render=( 1.129E+3  5.930E+2) display=( 1.920E+3  1.009E+3) region-1=( 1.129E+3  5.930E+2) region-2=( 1.920E+3  1.009E+3) viewport=[0,0,1920,1009] scissor=[0,213,1920,652]/false drawFbo=19 readFbo=19 drawBuffer=36064 readBuffer=36064 drawStatus=8cd5
[02Oct2026 18:50:35.919] [Render thread/INFO] [SuperResolution/]: SR_DIAG AFTER_PASS:composite7 fbo=19 attachment=8ce0 texture=63 mip=0 size=1920x1009 internalFormat=881a
[02Oct2026 18:50:35.919] [Render thread/INFO] [SuperResolution/]: SR_DIAG FINAL_PIPELINE render=( 1.129E+3  5.930E+2) display=( 1.920E+3  1.009E+3) region-1=( 1.129E+3  5.930E+2) region-2=( 1.920E+3  1.009E+3) viewport=[0,0,1920,1009] scissor=[0,213,1920,652]/false drawFbo=1 readFbo=1 drawBuffer=36064 readBuffer=36064 drawStatus=8cd5
[02Oct2026 18:50:35.919] [Render thread/INFO] [SuperResolution/]: SR_DIAG FINAL_PIPELINE fbo=1 attachment=8ce0 texture=1 mip=0 size=1920x1009 internalFormat=8058
[02Oct2026 18:50:35.919] [Render thread/INFO] [SuperResolution/]: SR_DIAG FINAL_PIPELINE fbo=1 attachment=8d00 texture=5 mip=0 size=1920x1009 internalFormat=1902
[02Oct2026 18:50:45.656] [Render thread/INFO] [SuperResolution/]: SR_DIAG BEFORE_PASS:deferred1 render=( 1.129E+3  5.930E+2) display=( 1.920E+3  1.009E+3) region-1=( 1.129E+3  5.930E+2) region-2=( 1.920E+3  1.009E+3) viewport=[0,0,1920,1009] scissor=[0,213,1920,652]/false drawFbo=1 readFbo=1 drawBuffer=36064 readBuffer=36064 drawStatus=8cd5
[02Oct2026 18:50:45.656] [Render thread/INFO] [SuperResolution/]: SR_DIAG BEFORE_PASS:deferred1 fbo=1 attachment=8ce0 texture=1 mip=0 size=1920x1009 internalFormat=8058
[02Oct2026 18:50:45.656] [Render thread/INFO] [SuperResolution/]: SR_DIAG BEFORE_PASS:deferred1 fbo=1 attachment=8d00 texture=5 mip=0 size=1920x1009 internalFormat=1902
[02Oct2026 18:50:45.657] [Render thread/INFO] [SuperResolution/]: SR_DIAG AFTER_PASS:deferred1 render=( 1.129E+3  5.930E+2) display=( 1.920E+3  1.009E+3) region-1=( 1.129E+3  5.930E+2) region-2=( 1.920E+3  1.009E+3) viewport=[0,0,1920,1009] scissor=[0,213,1920,652]/false drawFbo=12 readFbo=12 drawBuffer=36064 readBuffer=36064 drawStatus=8cd5
[02Oct2026 18:50:45.657] [Render thread/INFO] [SuperResolution/]: SR_DIAG AFTER_PASS:deferred1 fbo=12 attachment=8ce0 texture=56 mip=0 size=1920x1009 internalFormat=8c3a
[02Oct2026 18:50:45.658] [Render thread/INFO] [SuperResolution/]: SR_DIAG BEFORE_PASS:composite render=( 1.129E+3  5.930E+2) display=( 1.920E+3  1.009E+3) region-1=( 1.129E+3  5.930E+2) region-2=( 1.920E+3  1.009E+3) viewport=[0,0,1920,1009] scissor=[0,213,1920,652]/false drawFbo=1 readFbo=1 drawBuffer=36064 readBuffer=36064 drawStatus=8cd5
[02Oct2026 18:50:45.659] [Render thread/INFO] [SuperResolution/]: SR_DIAG BEFORE_PASS:composite fbo=1 attachment=8ce0 texture=1 mip=0 size=1920x1009 internalFormat=8058
[02Oct2026 18:50:45.659] [Render thread/INFO] [SuperResolution/]: SR_DIAG BEFORE_PASS:composite fbo=1 attachment=8d00 texture=5 mip=0 size=1920x1009 internalFormat=1902
[02Oct2026 18:50:45.659] [Render thread/INFO] [SuperResolution/]: SR_DIAG AFTER_PASS:composite render=( 1.129E+3  5.930E+2) display=( 1.920E+3  1.009E+3) region-1=( 1.129E+3  5.930E+2) region-2=( 1.920E+3  1.009E+3) viewport=[0,0,960,504] scissor=[0,213,1920,652]/false drawFbo=13 readFbo=13 drawBuffer=36064 readBuffer=36064 drawStatus=8cd5
[02Oct2026 18:50:45.659] [Render thread/INFO] [SuperResolution/]: SR_DIAG AFTER_PASS:composite fbo=13 attachment=8ce0 texture=80 mip=0 size=960x504 internalFormat=881a
[02Oct2026 18:50:45.659] [Render thread/INFO] [SuperResolution/]: SR_DIAG BEFORE_PASS:composite1 render=( 1.129E+3  5.930E+2) display=( 1.920E+3  1.009E+3) region-1=( 1.129E+3  5.930E+2) region-2=( 1.920E+3  1.009E+3) viewport=[0,0,960,504] scissor=[0,213,1920,652]/false drawFbo=13 readFbo=13 drawBuffer=36064 readBuffer=36064 drawStatus=8cd5
[02Oct2026 18:50:45.659] [Render thread/INFO] [SuperResolution/]: SR_DIAG BEFORE_PASS:composite1 fbo=13 attachment=8ce0 texture=80 mip=0 size=960x504 internalFormat=881a
[02Oct2026 18:50:45.659] [Render thread/INFO] [SuperResolution/]: SR_DIAG AFTER_PASS:composite1 render=( 1.129E+3  5.930E+2) display=( 1.920E+3  1.009E+3) region-1=( 1.129E+3  5.930E+2) region-2=( 1.920E+3  1.009E+3) viewport=[0,0,1920,1009] scissor=[0,213,1920,652]/false drawFbo=14 readFbo=14 drawBuffer=36064 readBuffer=36064 drawStatus=8cd5
[02Oct2026 18:50:45.659] [Render thread/INFO] [SuperResolution/]: SR_DIAG AFTER_PASS:composite1 fbo=14 attachment=8ce0 texture=55 mip=0 size=1920x1009 internalFormat=8c3a
[02Oct2026 18:50:45.659] [Render thread/INFO] [SuperResolution/]: SR_DIAG BEFORE_PASS:composite3 render=( 1.129E+3  5.930E+2) display=( 1.920E+3  1.009E+3) region-1=( 1.129E+3  5.930E+2) region-2=( 1.920E+3  1.009E+3) viewport=[0,0,1920,1009] scissor=[0,213,1920,652]/false drawFbo=14 readFbo=14 drawBuffer=36064 readBuffer=36064 drawStatus=8cd5
[02Oct2026 18:50:45.659] [Render thread/INFO] [SuperResolution/]: SR_DIAG BEFORE_PASS:composite3 fbo=14 attachment=8ce0 texture=55 mip=0 size=1920x1009 internalFormat=8c3a
[02Oct2026 18:50:45.674] [Render thread/INFO] [SuperResolution/]: SR_DIAG AFTER_PASS:composite3 render=( 1.129E+3  5.930E+2) display=( 1.920E+3  1.009E+3) region-1=( 1.129E+3  5.930E+2) region-2=( 1.920E+3  1.009E+3) viewport=[0,0,1920,1009] scissor=[0,213,1920,652]/false drawFbo=15 readFbo=15 drawBuffer=36064 readBuffer=36064 drawStatus=8cd5
[02Oct2026 18:50:45.674] [Render thread/INFO] [SuperResolution/]: SR_DIAG AFTER_PASS:composite3 fbo=15 attachment=8ce0 texture=56 mip=0 size=1920x1009 internalFormat=8c3a
[02Oct2026 18:50:45.675] [Render thread/INFO] [SuperResolution/]: SR_DIAG BEFORE_PASS:composite4 render=( 1.129E+3  5.930E+2) display=( 1.920E+3  1.009E+3) region-1=( 1.129E+3  5.930E+2) region-2=( 1.920E+3  1.009E+3) viewport=[0,0,1920,1009] scissor=[0,213,1920,652]/false drawFbo=15 readFbo=15 drawBuffer=36064 readBuffer=36064 drawStatus=8cd5
[02Oct2026 18:50:45.675] [Render thread/INFO] [SuperResolution/]: SR_DIAG BEFORE_PASS:composite4 fbo=15 attachment=8ce0 texture=56 mip=0 size=1920x1009 internalFormat=8c3a
[02Oct2026 18:50:45.675] [Render thread/INFO] [SuperResolution/]: SR_DIAG AFTER_PASS:composite4 render=( 1.129E+3  5.930E+2) display=( 1.920E+3  1.009E+3) region-1=( 1.129E+3  5.930E+2) region-2=( 1.920E+3  1.009E+3) viewport=[0,0,1920,1009] scissor=[0,213,1920,652]/false drawFbo=16 readFbo=16 drawBuffer=36064 readBuffer=36064 drawStatus=8cd5
[02Oct2026 18:50:45.676] [Render thread/INFO] [SuperResolution/]: SR_DIAG AFTER_PASS:composite4 fbo=16 attachment=8ce0 texture=64 mip=0 size=1920x1009 internalFormat=881a
[02Oct2026 18:50:45.676] [Render thread/INFO] [SuperResolution/]: SR_DIAG BEFORE_PASS:composite5 render=( 1.129E+3  5.930E+2) display=( 1.920E+3  1.009E+3) region-1=( 1.129E+3  5.930E+2) region-2=( 1.920E+3  1.009E+3) viewport=[0,0,1920,1009] scissor=[0,213,1920,652]/false drawFbo=16 readFbo=16 drawBuffer=36064 readBuffer=36064 drawStatus=8cd5
[02Oct2026 18:50:45.676] [Render thread/INFO] [SuperResolution/]: SR_DIAG BEFORE_PASS:composite5 fbo=16 attachment=8ce0 texture=64 mip=0 size=1920x1009 internalFormat=881a
[02Oct2026 18:50:45.676] [Render thread/INFO] [SuperResolution/]: SR_DIAG AFTER_PASS:composite5 render=( 1.129E+3  5.930E+2) display=( 1.920E+3  1.009E+3) region-1=( 1.129E+3  5.930E+2) region-2=( 1.920E+3  1.009E+3) viewport=[0,0,1920,1009] scissor=[0,213,1920,652]/false drawFbo=17 readFbo=17 drawBuffer=36064 readBuffer=36064 drawStatus=8cd5
[02Oct2026 18:50:45.676] [Render thread/INFO] [SuperResolution/]: SR_DIAG AFTER_PASS:composite5 fbo=17 attachment=8ce0 texture=63 mip=0 size=1920x1009 internalFormat=881a
[02Oct2026 18:50:45.677] [Render thread/INFO] [SuperResolution/]: SR_DIAG BEFORE_PASS:composite6 render=( 1.129E+3  5.930E+2) display=( 1.920E+3  1.009E+3) region-1=( 1.129E+3  5.930E+2) region-2=( 1.920E+3  1.009E+3) viewport=[0,0,1920,1009] scissor=[0,213,1920,652]/false drawFbo=17 readFbo=17 drawBuffer=36064 readBuffer=36064 drawStatus=8cd5
[02Oct2026 18:50:45.677] [Render thread/INFO] [SuperResolution/]: SR_DIAG BEFORE_PASS:composite6 fbo=17 attachment=8ce0 texture=63 mip=0 size=1920x1009 internalFormat=881a
[02Oct2026 18:50:45.693] [Render thread/INFO] [SuperResolution/]: SR_DIAG AFTER_PASS:composite6 render=( 1.129E+3  5.930E+2) display=( 1.920E+3  1.009E+3) region-1=( 1.129E+3  5.930E+2) region-2=( 1.920E+3  1.009E+3) viewport=[0,0,1920,1009] scissor=[0,213,1920,652]/false drawFbo=18 readFbo=18 drawBuffer=36064 readBuffer=36064 drawStatus=8cd5
[02Oct2026 18:50:45.693] [Render thread/INFO] [SuperResolution/]: SR_DIAG AFTER_PASS:composite6 fbo=18 attachment=8ce0 texture=64 mip=0 size=1920x1009 internalFormat=881a
[02Oct2026 18:50:45.693] [Render thread/INFO] [SuperResolution/]: SR_DIAG BEFORE_PASS:composite7 render=( 1.129E+3  5.930E+2) display=( 1.920E+3  1.009E+3) region-1=( 1.129E+3  5.930E+2) region-2=( 1.920E+3  1.009E+3) viewport=[0,0,1920,1009] scissor=[0,213,1920,652]/false drawFbo=18 readFbo=18 drawBuffer=36064 readBuffer=36064 drawStatus=8cd5
[02Oct2026 18:50:45.694] [Render thread/INFO] [SuperResolution/]: SR_DIAG BEFORE_PASS:composite7 fbo=18 attachment=8ce0 texture=64 mip=0 size=1920x1009 internalFormat=881a
[02Oct2026 18:50:45.694] [Render thread/INFO] [SuperResolution/]: SR_DIAG BEFORE_SR render=( 1.129E+3  5.930E+2) display=( 1.920E+3  1.009E+3) region-1=( 1.129E+3  5.930E+2) region-2=( 1.920E+3  1.009E+3) viewport=[0,0,1920,1009] scissor=[0,213,1920,652]/false drawFbo=18 readFbo=18 drawBuffer=36064 readBuffer=36064 drawStatus=8cd5
[02Oct2026 18:50:45.694] [Render thread/INFO] [SuperResolution/]: SR_DIAG BEFORE_SR fbo=18 attachment=8ce0 texture=64 mip=0 size=1920x1009 internalFormat=881a
[02Oct2026 18:50:45.842] [Render thread/INFO] [SuperResolution/]: SR_DIAG texture color id=64 size=1920x1009 format=RGBA16F target/type=Texture2D glInternalFormat=881a
[02Oct2026 18:50:45.843] [Render thread/INFO] [SuperResolution/]: SR_DIAG texture depth id=5 size=1920x1009 format=DEPTH24 target/type=Texture2D glInternalFormat=1902
[02Oct2026 18:50:45.843] [Render thread/INFO] [SuperResolution/]: SR_DIAG depth depth id=5 bits=24 componentType=8c17
[02Oct2026 18:50:45.843] [Render thread/INFO] [SuperResolution/]: SR_DIAG texture motion_vectors id=86 size=1920x1009 format=RGBA16F target/type=Texture2D glInternalFormat=881a
[02Oct2026 18:50:45.843] [Render thread/INFO] [SuperResolution/]: SR_DIAG texture algorithm_color id=95 size=1129x593 format=RGBA16F target/type=Texture2D glInternalFormat=881a
[02Oct2026 18:50:45.843] [Render thread/INFO] [SuperResolution/]: SR_DIAG texture algorithm_depth id=96 size=1129x593 format=DEPTH24 target/type=Texture2D glInternalFormat=81a6
[02Oct2026 18:50:45.843] [Render thread/INFO] [SuperResolution/]: SR_DIAG depth algorithm_depth id=96 bits=24 componentType=8c17
[02Oct2026 18:50:45.843] [Render thread/INFO] [SuperResolution/]: SR_DIAG texture algorithm_motion_vectors id=97 size=1129x593 format=RGBA16F target/type=Texture2D glInternalFormat=881a
[02Oct2026 18:50:45.913] [Render thread/INFO] [SuperResolution/]: SR_DIAG texture SR_output id=88 size=1920x1009 format=RGBA16F target/type=Texture2D glInternalFormat=881a
[02Oct2026 18:50:45.914] [Render thread/INFO] [SuperResolution/]: SR_DIAG texture autotex3/output_target id=64 size=1920x1009 format=RGBA16F target/type=Texture2D glInternalFormat=881a
[02Oct2026 18:50:45.914] [Render thread/INFO] [SuperResolution/]: SR_DIAG AFTER_SR render=( 1.129E+3  5.930E+2) display=( 1.920E+3  1.009E+3) region-1=( 1.129E+3  5.930E+2) region-2=( 1.920E+3  1.009E+3) viewport=[0,0,1920,1009] scissor=[0,213,1920,652]/false drawFbo=18 readFbo=18 drawBuffer=36064 readBuffer=36064 drawStatus=8cd5
[02Oct2026 18:50:45.914] [Render thread/INFO] [SuperResolution/]: SR_DIAG AFTER_SR fbo=18 attachment=8ce0 texture=64 mip=0 size=1920x1009 internalFormat=881a
[02Oct2026 18:50:45.927] [Render thread/INFO] [SuperResolution/]: SR_DIAG AFTER_PASS:composite7 render=( 1.129E+3  5.930E+2) display=( 1.920E+3  1.009E+3) region-1=( 1.129E+3  5.930E+2) region-2=( 1.920E+3  1.009E+3) viewport=[0,0,1920,1009] scissor=[0,213,1920,652]/false drawFbo=19 readFbo=19 drawBuffer=36064 readBuffer=36064 drawStatus=8cd5
[02Oct2026 18:50:45.927] [Render thread/INFO] [SuperResolution/]: SR_DIAG AFTER_PASS:composite7 fbo=19 attachment=8ce0 texture=63 mip=0 size=1920x1009 internalFormat=881a
[02Oct2026 18:50:45.927] [Render thread/INFO] [SuperResolution/]: SR_DIAG FINAL_PIPELINE render=( 1.129E+3  5.930E+2) display=( 1.920E+3  1.009E+3) region-1=( 1.129E+3  5.930E+2) region-2=( 1.920E+3  1.009E+3) viewport=[0,0,1920,1009] scissor=[0,213,1920,652]/false drawFbo=1 readFbo=1 drawBuffer=36064 readBuffer=36064 drawStatus=8cd5
[02Oct2026 18:50:45.928] [Render thread/INFO] [SuperResolution/]: SR_DIAG FINAL_PIPELINE fbo=1 attachment=8ce0 texture=1 mip=0 size=1920x1009 internalFormat=8058
[02Oct2026 18:50:45.928] [Render thread/INFO] [SuperResolution/]: SR_DIAG FINAL_PIPELINE fbo=1 attachment=8d00 texture=5 mip=0 size=1920x1009 internalFormat=1902
[02Oct2026 18:50:55.665] [Render thread/INFO] [SuperResolution/]: SR_DIAG BEFORE_PASS:deferred1 render=( 1.129E+3  5.930E+2) display=( 1.920E+3  1.009E+3) region-1=( 1.129E+3  5.930E+2) region-2=( 1.920E+3  1.009E+3) viewport=[0,0,1920,1009] scissor=[0,213,1920,652]/false drawFbo=1 readFbo=1 drawBuffer=36064 readBuffer=36064 drawStatus=8cd5
[02Oct2026 18:50:55.665] [Render thread/INFO] [SuperResolution/]: SR_DIAG BEFORE_PASS:deferred1 fbo=1 attachment=8ce0 texture=1 mip=0 size=1920x1009 internalFormat=8058
[02Oct2026 18:50:55.665] [Render thread/INFO] [SuperResolution/]: SR_DIAG BEFORE_PASS:deferred1 fbo=1 attachment=8d00 texture=5 mip=0 size=1920x1009 internalFormat=1902
[02Oct2026 18:50:55.665] [Render thread/INFO] [SuperResolution/]: SR_DIAG AFTER_PASS:deferred1 render=( 1.129E+3  5.930E+2) display=( 1.920E+3  1.009E+3) region-1=( 1.129E+3  5.930E+2) region-2=( 1.920E+3  1.009E+3) viewport=[0,0,1920,1009] scissor=[0,213,1920,652]/false drawFbo=12 readFbo=12 drawBuffer=36064 readBuffer=36064 drawStatus=8cd5
[02Oct2026 18:50:55.667] [Render thread/INFO] [SuperResolution/]: SR_DIAG AFTER_PASS:deferred1 fbo=12 attachment=8ce0 texture=56 mip=0 size=1920x1009 internalFormat=8c3a
[02Oct2026 18:50:55.667] [Render thread/INFO] [SuperResolution/]: SR_DIAG BEFORE_PASS:composite render=( 1.129E+3  5.930E+2) display=( 1.920E+3  1.009E+3) region-1=( 1.129E+3  5.930E+2) region-2=( 1.920E+3  1.009E+3) viewport=[0,0,1920,1009] scissor=[0,213,1920,652]/false drawFbo=1 readFbo=1 drawBuffer=36064 readBuffer=36064 drawStatus=8cd5
[02Oct2026 18:50:55.667] [Render thread/INFO] [SuperResolution/]: SR_DIAG BEFORE_PASS:composite fbo=1 attachment=8ce0 texture=1 mip=0 size=1920x1009 internalFormat=8058
[02Oct2026 18:50:55.667] [Render thread/INFO] [SuperResolution/]: SR_DIAG BEFORE_PASS:composite fbo=1 attachment=8d00 texture=5 mip=0 size=1920x1009 internalFormat=1902
[02Oct2026 18:50:55.667] [Render thread/INFO] [SuperResolution/]: SR_DIAG AFTER_PASS:composite render=( 1.129E+3  5.930E+2) display=( 1.920E+3  1.009E+3) region-1=( 1.129E+3  5.930E+2) region-2=( 1.920E+3  1.009E+3) viewport=[0,0,960,504] scissor=[0,213,1920,652]/false drawFbo=13 readFbo=13 drawBuffer=36064 readBuffer=36064 drawStatus=8cd5
[02Oct2026 18:50:55.668] [Render thread/INFO] [SuperResolution/]: SR_DIAG AFTER_PASS:composite fbo=13 attachment=8ce0 texture=80 mip=0 size=960x504 internalFormat=881a
[02Oct2026 18:50:55.668] [Render thread/INFO] [SuperResolution/]: SR_DIAG BEFORE_PASS:composite1 render=( 1.129E+3  5.930E+2) display=( 1.920E+3  1.009E+3) region-1=( 1.129E+3  5.930E+2) region-2=( 1.920E+3  1.009E+3) viewport=[0,0,960,504] scissor=[0,213,1920,652]/false drawFbo=13 readFbo=13 drawBuffer=36064 readBuffer=36064 drawStatus=8cd5
[02Oct2026 18:50:55.668] [Render thread/INFO] [SuperResolution/]: SR_DIAG BEFORE_PASS:composite1 fbo=13 attachment=8ce0 texture=80 mip=0 size=960x504 internalFormat=881a
[02Oct2026 18:50:55.668] [Render thread/INFO] [SuperResolution/]: SR_DIAG AFTER_PASS:composite1 render=( 1.129E+3  5.930E+2) display=( 1.920E+3  1.009E+3) region-1=( 1.129E+3  5.930E+2) region-2=( 1.920E+3  1.009E+3) viewport=[0,0,1920,1009] scissor=[0,213,1920,652]/false drawFbo=14 readFbo=14 drawBuffer=36064 readBuffer=36064 drawStatus=8cd5
[02Oct2026 18:50:55.668] [Render thread/INFO] [SuperResolution/]: SR_DIAG AFTER_PASS:composite1 fbo=14 attachment=8ce0 texture=55 mip=0 size=1920x1009 internalFormat=8c3a
[02Oct2026 18:50:55.668] [Render thread/INFO] [SuperResolution/]: SR_DIAG BEFORE_PASS:composite3 render=( 1.129E+3  5.930E+2) display=( 1.920E+3  1.009E+3) region-1=( 1.129E+3  5.930E+2) region-2=( 1.920E+3  1.009E+3) viewport=[0,0,1920,1009] scissor=[0,213,1920,652]/false drawFbo=14 readFbo=14 drawBuffer=36064 readBuffer=36064 drawStatus=8cd5
[02Oct2026 18:50:55.668] [Render thread/INFO] [SuperResolution/]: SR_DIAG BEFORE_PASS:composite3 fbo=14 attachment=8ce0 texture=55 mip=0 size=1920x1009 internalFormat=8c3a
[02Oct2026 18:50:55.684] [Render thread/INFO] [SuperResolution/]: SR_DIAG AFTER_PASS:composite3 render=( 1.129E+3  5.930E+2) display=( 1.920E+3  1.009E+3) region-1=( 1.129E+3  5.930E+2) region-2=( 1.920E+3  1.009E+3) viewport=[0,0,1920,1009] scissor=[0,213,1920,652]/false drawFbo=15 readFbo=15 drawBuffer=36064 readBuffer=36064 drawStatus=8cd5
[02Oct2026 18:50:55.685] [Render thread/INFO] [SuperResolution/]: SR_DIAG AFTER_PASS:composite3 fbo=15 attachment=8ce0 texture=56 mip=0 size=1920x1009 internalFormat=8c3a
[02Oct2026 18:50:55.685] [Render thread/INFO] [SuperResolution/]: SR_DIAG BEFORE_PASS:composite4 render=( 1.129E+3  5.930E+2) display=( 1.920E+3  1.009E+3) region-1=( 1.129E+3  5.930E+2) region-2=( 1.920E+3  1.009E+3) viewport=[0,0,1920,1009] scissor=[0,213,1920,652]/false drawFbo=15 readFbo=15 drawBuffer=36064 readBuffer=36064 drawStatus=8cd5
[02Oct2026 18:50:55.685] [Render thread/INFO] [SuperResolution/]: SR_DIAG BEFORE_PASS:composite4 fbo=15 attachment=8ce0 texture=56 mip=0 size=1920x1009 internalFormat=8c3a
[02Oct2026 18:50:55.685] [Render thread/INFO] [SuperResolution/]: SR_DIAG AFTER_PASS:composite4 render=( 1.129E+3  5.930E+2) display=( 1.920E+3  1.009E+3) region-1=( 1.129E+3  5.930E+2) region-2=( 1.920E+3  1.009E+3) viewport=[0,0,1920,1009] scissor=[0,213,1920,652]/false drawFbo=16 readFbo=16 drawBuffer=36064 readBuffer=36064 drawStatus=8cd5
[02Oct2026 18:50:55.685] [Render thread/INFO] [SuperResolution/]: SR_DIAG AFTER_PASS:composite4 fbo=16 attachment=8ce0 texture=64 mip=0 size=1920x1009 internalFormat=881a
[02Oct2026 18:50:55.685] [Render thread/INFO] [SuperResolution/]: SR_DIAG BEFORE_PASS:composite5 render=( 1.129E+3  5.930E+2) display=( 1.920E+3  1.009E+3) region-1=( 1.129E+3  5.930E+2) region-2=( 1.920E+3  1.009E+3) viewport=[0,0,1920,1009] scissor=[0,213,1920,652]/false drawFbo=16 readFbo=16 drawBuffer=36064 readBuffer=36064 drawStatus=8cd5
[02Oct2026 18:50:55.687] [Render thread/INFO] [SuperResolution/]: SR_DIAG BEFORE_PASS:composite5 fbo=16 attachment=8ce0 texture=64 mip=0 size=1920x1009 internalFormat=881a
[02Oct2026 18:50:55.687] [Render thread/INFO] [SuperResolution/]: SR_DIAG AFTER_PASS:composite5 render=( 1.129E+3  5.930E+2) display=( 1.920E+3  1.009E+3) region-1=( 1.129E+3  5.930E+2) region-2=( 1.920E+3  1.009E+3) viewport=[0,0,1920,1009] scissor=[0,213,1920,652]/false drawFbo=17 readFbo=17 drawBuffer=36064 readBuffer=36064 drawStatus=8cd5
[02Oct2026 18:50:55.687] [Render thread/INFO] [SuperResolution/]: SR_DIAG AFTER_PASS:composite5 fbo=17 attachment=8ce0 texture=63 mip=0 size=1920x1009 internalFormat=881a
[02Oct2026 18:50:55.687] [Render thread/INFO] [SuperResolution/]: SR_DIAG BEFORE_PASS:composite6 render=( 1.129E+3  5.930E+2) display=( 1.920E+3  1.009E+3) region-1=( 1.129E+3  5.930E+2) region-2=( 1.920E+3  1.009E+3) viewport=[0,0,1920,1009] scissor=[0,213,1920,652]/false drawFbo=17 readFbo=17 drawBuffer=36064 readBuffer=36064 drawStatus=8cd5
[02Oct2026 18:50:55.687] [Render thread/INFO] [SuperResolution/]: SR_DIAG BEFORE_PASS:composite6 fbo=17 attachment=8ce0 texture=63 mip=0 size=1920x1009 internalFormat=881a
[02Oct2026 18:50:55.699] [Render thread/INFO] [SuperResolution/]: SR_DIAG AFTER_PASS:composite6 render=( 1.129E+3  5.930E+2) display=( 1.920E+3  1.009E+3) region-1=( 1.129E+3  5.930E+2) region-2=( 1.920E+3  1.009E+3) viewport=[0,0,1920,1009] scissor=[0,213,1920,652]/false drawFbo=18 readFbo=18 drawBuffer=36064 readBuffer=36064 drawStatus=8cd5
[02Oct2026 18:50:55.700] [Render thread/INFO] [SuperResolution/]: SR_DIAG AFTER_PASS:composite6 fbo=18 attachment=8ce0 texture=64 mip=0 size=1920x1009 internalFormat=881a
[02Oct2026 18:50:55.700] [Render thread/INFO] [SuperResolution/]: SR_DIAG BEFORE_PASS:composite7 render=( 1.129E+3  5.930E+2) display=( 1.920E+3  1.009E+3) region-1=( 1.129E+3  5.930E+2) region-2=( 1.920E+3  1.009E+3) viewport=[0,0,1920,1009] scissor=[0,213,1920,652]/false drawFbo=18 readFbo=18 drawBuffer=36064 readBuffer=36064 drawStatus=8cd5
[02Oct2026 18:50:55.700] [Render thread/INFO] [SuperResolution/]: SR_DIAG BEFORE_PASS:composite7 fbo=18 attachment=8ce0 texture=64 mip=0 size=1920x1009 internalFormat=881a
[02Oct2026 18:50:55.700] [Render thread/INFO] [SuperResolution/]: SR_DIAG BEFORE_SR render=( 1.129E+3  5.930E+2) display=( 1.920E+3  1.009E+3) region-1=( 1.129E+3  5.930E+2) region-2=( 1.920E+3  1.009E+3) viewport=[0,0,1920,1009] scissor=[0,213,1920,652]/false drawFbo=18 readFbo=18 drawBuffer=36064 readBuffer=36064 drawStatus=8cd5
[02Oct2026 18:50:55.700] [Render thread/INFO] [SuperResolution/]: SR_DIAG BEFORE_SR fbo=18 attachment=8ce0 texture=64 mip=0 size=1920x1009 internalFormat=881a
[02Oct2026 18:50:55.852] [Render thread/INFO] [SuperResolution/]: SR_DIAG texture color id=64 size=1920x1009 format=RGBA16F target/type=Texture2D glInternalFormat=881a
[02Oct2026 18:50:55.852] [Render thread/INFO] [SuperResolution/]: SR_DIAG texture depth id=5 size=1920x1009 format=DEPTH24 target/type=Texture2D glInternalFormat=1902
[02Oct2026 18:50:55.852] [Render thread/INFO] [SuperResolution/]: SR_DIAG depth depth id=5 bits=24 componentType=8c17
[02Oct2026 18:50:55.852] [Render thread/INFO] [SuperResolution/]: SR_DIAG texture motion_vectors id=86 size=1920x1009 format=RGBA16F target/type=Texture2D glInternalFormat=881a
[02Oct2026 18:50:55.852] [Render thread/INFO] [SuperResolution/]: SR_DIAG texture algorithm_color id=95 size=1129x593 format=RGBA16F target/type=Texture2D glInternalFormat=881a
[02Oct2026 18:50:55.852] [Render thread/INFO] [SuperResolution/]: SR_DIAG texture algorithm_depth id=96 size=1129x593 format=DEPTH24 target/type=Texture2D glInternalFormat=81a6
[02Oct2026 18:50:55.852] [Render thread/INFO] [SuperResolution/]: SR_DIAG depth algorithm_depth id=96 bits=24 componentType=8c17
[02Oct2026 18:50:55.852] [Render thread/INFO] [SuperResolution/]: SR_DIAG texture algorithm_motion_vectors id=97 size=1129x593 format=RGBA16F target/type=Texture2D glInternalFormat=881a
[02Oct2026 18:50:55.920] [Render thread/INFO] [SuperResolution/]: SR_DIAG texture SR_output id=88 size=1920x1009 format=RGBA16F target/type=Texture2D glInternalFormat=881a
[02Oct2026 18:50:55.921] [Render thread/INFO] [SuperResolution/]: SR_DIAG texture autotex3/output_target id=64 size=1920x1009 format=RGBA16F target/type=Texture2D glInternalFormat=881a
[02Oct2026 18:50:55.921] [Render thread/INFO] [SuperResolution/]: SR_DIAG AFTER_SR render=( 1.129E+3  5.930E+2) display=( 1.920E+3  1.009E+3) region-1=( 1.129E+3  5.930E+2) region-2=( 1.920E+3  1.009E+3) viewport=[0,0,1920,1009] scissor=[0,213,1920,652]/false drawFbo=18 readFbo=18 drawBuffer=36064 readBuffer=36064 drawStatus=8cd5
[02Oct2026 18:50:55.921] [Render thread/INFO] [SuperResolution/]: SR_DIAG AFTER_SR fbo=18 attachment=8ce0 texture=64 mip=0 size=1920x1009 internalFormat=881a
[02Oct2026 18:50:55.930] [Render thread/INFO] [SuperResolution/]: SR_DIAG AFTER_PASS:composite7 render=( 1.129E+3  5.930E+2) display=( 1.920E+3  1.009E+3) region-1=( 1.129E+3  5.930E+2) region-2=( 1.920E+3  1.009E+3) viewport=[0,0,1920,1009] scissor=[0,213,1920,652]/false drawFbo=19 readFbo=19 drawBuffer=36064 readBuffer=36064 drawStatus=8cd5
[02Oct2026 18:50:55.932] [Render thread/INFO] [SuperResolution/]: SR_DIAG AFTER_PASS:composite7 fbo=19 attachment=8ce0 texture=63 mip=0 size=1920x1009 internalFormat=881a
[02Oct2026 18:50:55.932] [Render thread/INFO] [SuperResolution/]: SR_DIAG FINAL_PIPELINE render=( 1.129E+3  5.930E+2) display=( 1.920E+3  1.009E+3) region-1=( 1.129E+3  5.930E+2) region-2=( 1.920E+3  1.009E+3) viewport=[0,0,1920,1009] scissor=[0,213,1920,652]/false drawFbo=1 readFbo=1 drawBuffer=36064 readBuffer=36064 drawStatus=8cd5
[02Oct2026 18:50:55.932] [Render thread/INFO] [SuperResolution/]: SR_DIAG FINAL_PIPELINE fbo=1 attachment=8ce0 texture=1 mip=0 size=1920x1009 internalFormat=8058
[02Oct2026 18:50:55.932] [Render thread/INFO] [SuperResolution/]: SR_DIAG FINAL_PIPELINE fbo=1 attachment=8d00 texture=5 mip=0 size=1920x1009 internalFormat=1902
[02Oct2026 18:51:05.669] [Render thread/INFO] [SuperResolution/]: SR_DIAG BEFORE_PASS:deferred1 render=( 1.129E+3  5.930E+2) display=( 1.920E+3  1.009E+3) region-1=( 1.129E+3  5.930E+2) region-2=( 1.920E+3  1.009E+3) viewport=[0,0,1920,1009] scissor=[0,213,1920,652]/false drawFbo=1 readFbo=1 drawBuffer=36064 readBuffer=36064 drawStatus=8cd5
[02Oct2026 18:51:05.669] [Render thread/INFO] [SuperResolution/]: SR_DIAG BEFORE_PASS:deferred1 fbo=1 attachment=8ce0 texture=1 mip=0 size=1920x1009 internalFormat=8058
[02Oct2026 18:51:05.669] [Render thread/INFO] [SuperResolution/]: SR_DIAG BEFORE_PASS:deferred1 fbo=1 attachment=8d00 texture=5 mip=0 size=1920x1009 internalFormat=1902
[02Oct2026 18:51:05.669] [Render thread/INFO] [SuperResolution/]: SR_DIAG AFTER_PASS:deferred1 render=( 1.129E+3  5.930E+2) display=( 1.920E+3  1.009E+3) region-1=( 1.129E+3  5.930E+2) region-2=( 1.920E+3  1.009E+3) viewport=[0,0,1920,1009] scissor=[0,213,1920,652]/false drawFbo=12 readFbo=12 drawBuffer=36064 readBuffer=36064 drawStatus=8cd5
[02Oct2026 18:51:05.669] [Render thread/INFO] [SuperResolution/]: SR_DIAG AFTER_PASS:deferred1 fbo=12 attachment=8ce0 texture=56 mip=0 size=1920x1009 internalFormat=8c3a
[02Oct2026 18:51:05.670] [Render thread/INFO] [SuperResolution/]: SR_DIAG BEFORE_PASS:composite render=( 1.129E+3  5.930E+2) display=( 1.920E+3  1.009E+3) region-1=( 1.129E+3  5.930E+2) region-2=( 1.920E+3  1.009E+3) viewport=[0,0,1920,1009] scissor=[0,213,1920,652]/false drawFbo=1 readFbo=1 drawBuffer=36064 readBuffer=36064 drawStatus=8cd5
[02Oct2026 18:51:05.670] [Render thread/INFO] [SuperResolution/]: SR_DIAG BEFORE_PASS:composite fbo=1 attachment=8ce0 texture=1 mip=0 size=1920x1009 internalFormat=8058
[02Oct2026 18:51:05.670] [Render thread/INFO] [SuperResolution/]: SR_DIAG BEFORE_PASS:composite fbo=1 attachment=8d00 texture=5 mip=0 size=1920x1009 internalFormat=1902
[02Oct2026 18:51:05.671] [Render thread/INFO] [SuperResolution/]: SR_DIAG AFTER_PASS:composite render=( 1.129E+3  5.930E+2) display=( 1.920E+3  1.009E+3) region-1=( 1.129E+3  5.930E+2) region-2=( 1.920E+3  1.009E+3) viewport=[0,0,960,504] scissor=[0,213,1920,652]/false drawFbo=13 readFbo=13 drawBuffer=36064 readBuffer=36064 drawStatus=8cd5
[02Oct2026 18:51:05.671] [Render thread/INFO] [SuperResolution/]: SR_DIAG AFTER_PASS:composite fbo=13 attachment=8ce0 texture=80 mip=0 size=960x504 internalFormat=881a
[02Oct2026 18:51:05.671] [Render thread/INFO] [SuperResolution/]: SR_DIAG BEFORE_PASS:composite1 render=( 1.129E+3  5.930E+2) display=( 1.920E+3  1.009E+3) region-1=( 1.129E+3  5.930E+2) region-2=( 1.920E+3  1.009E+3) viewport=[0,0,960,504] scissor=[0,213,1920,652]/false drawFbo=13 readFbo=13 drawBuffer=36064 readBuffer=36064 drawStatus=8cd5
[02Oct2026 18:51:05.671] [Render thread/INFO] [SuperResolution/]: SR_DIAG BEFORE_PASS:composite1 fbo=13 attachment=8ce0 texture=80 mip=0 size=960x504 internalFormat=881a
[02Oct2026 18:51:05.671] [Render thread/INFO] [SuperResolution/]: SR_DIAG AFTER_PASS:composite1 render=( 1.129E+3  5.930E+2) display=( 1.920E+3  1.009E+3) region-1=( 1.129E+3  5.930E+2) region-2=( 1.920E+3  1.009E+3) viewport=[0,0,1920,1009] scissor=[0,213,1920,652]/false drawFbo=14 readFbo=14 drawBuffer=36064 readBuffer=36064 drawStatus=8cd5
[02Oct2026 18:51:05.671] [Render thread/INFO] [SuperResolution/]: SR_DIAG AFTER_PASS:composite1 fbo=14 attachment=8ce0 texture=55 mip=0 size=1920x1009 internalFormat=8c3a
[02Oct2026 18:51:05.671] [Render thread/INFO] [SuperResolution/]: SR_DIAG BEFORE_PASS:composite3 render=( 1.129E+3  5.930E+2) display=( 1.920E+3  1.009E+3) region-1=( 1.129E+3  5.930E+2) region-2=( 1.920E+3  1.009E+3) viewport=[0,0,1920,1009] scissor=[0,213,1920,652]/false drawFbo=14 readFbo=14 drawBuffer=36064 readBuffer=36064 drawStatus=8cd5
[02Oct2026 18:51:05.671] [Render thread/INFO] [SuperResolution/]: SR_DIAG BEFORE_PASS:composite3 fbo=14 attachment=8ce0 texture=55 mip=0 size=1920x1009 internalFormat=8c3a
[02Oct2026 18:51:05.693] [Render thread/INFO] [SuperResolution/]: SR_DIAG AFTER_PASS:composite3 render=( 1.129E+3  5.930E+2) display=( 1.920E+3  1.009E+3) region-1=( 1.129E+3  5.930E+2) region-2=( 1.920E+3  1.009E+3) viewport=[0,0,1920,1009] scissor=[0,213,1920,652]/false drawFbo=15 readFbo=15 drawBuffer=36064 readBuffer=36064 drawStatus=8cd5
[02Oct2026 18:51:05.693] [Render thread/INFO] [SuperResolution/]: SR_DIAG AFTER_PASS:composite3 fbo=15 attachment=8ce0 texture=56 mip=0 size=1920x1009 internalFormat=8c3a
[02Oct2026 18:51:05.693] [Render thread/INFO] [SuperResolution/]: SR_DIAG BEFORE_PASS:composite4 render=( 1.129E+3  5.930E+2) display=( 1.920E+3  1.009E+3) region-1=( 1.129E+3  5.930E+2) region-2=( 1.920E+3  1.009E+3) viewport=[0,0,1920,1009] scissor=[0,213,1920,652]/false drawFbo=15 readFbo=15 drawBuffer=36064 readBuffer=36064 drawStatus=8cd5
[02Oct2026 18:51:05.693] [Render thread/INFO] [SuperResolution/]: SR_DIAG BEFORE_PASS:composite4 fbo=15 attachment=8ce0 texture=56 mip=0 size=1920x1009 internalFormat=8c3a
[02Oct2026 18:51:05.693] [Render thread/INFO] [SuperResolution/]: SR_DIAG AFTER_PASS:composite4 render=( 1.129E+3  5.930E+2) display=( 1.920E+3  1.009E+3) region-1=( 1.129E+3  5.930E+2) region-2=( 1.920E+3  1.009E+3) viewport=[0,0,1920,1009] scissor=[0,213,1920,652]/false drawFbo=16 readFbo=16 drawBuffer=36064 readBuffer=36064 drawStatus=8cd5
[02Oct2026 18:51:05.694] [Render thread/INFO] [SuperResolution/]: SR_DIAG AFTER_PASS:composite4 fbo=16 attachment=8ce0 texture=64 mip=0 size=1920x1009 internalFormat=881a
[02Oct2026 18:51:05.694] [Render thread/INFO] [SuperResolution/]: SR_DIAG BEFORE_PASS:composite5 render=( 1.129E+3  5.930E+2) display=( 1.920E+3  1.009E+3) region-1=( 1.129E+3  5.930E+2) region-2=( 1.920E+3  1.009E+3) viewport=[0,0,1920,1009] scissor=[0,213,1920,652]/false drawFbo=16 readFbo=16 drawBuffer=36064 readBuffer=36064 drawStatus=8cd5
[02Oct2026 18:51:05.694] [Render thread/INFO] [SuperResolution/]: SR_DIAG BEFORE_PASS:composite5 fbo=16 attachment=8ce0 texture=64 mip=0 size=1920x1009 internalFormat=881a
[02Oct2026 18:51:05.694] [Render thread/INFO] [SuperResolution/]: SR_DIAG AFTER_PASS:composite5 render=( 1.129E+3  5.930E+2) display=( 1.920E+3  1.009E+3) region-1=( 1.129E+3  5.930E+2) region-2=( 1.920E+3  1.009E+3) viewport=[0,0,1920,1009] scissor=[0,213,1920,652]/false drawFbo=17 readFbo=17 drawBuffer=36064 readBuffer=36064 drawStatus=8cd5
[02Oct2026 18:51:05.694] [Render thread/INFO] [SuperResolution/]: SR_DIAG AFTER_PASS:composite5 fbo=17 attachment=8ce0 texture=63 mip=0 size=1920x1009 internalFormat=881a
[02Oct2026 18:51:05.694] [Render thread/INFO] [SuperResolution/]: SR_DIAG BEFORE_PASS:composite6 render=( 1.129E+3  5.930E+2) display=( 1.920E+3  1.009E+3) region-1=( 1.129E+3  5.930E+2) region-2=( 1.920E+3  1.009E+3) viewport=[0,0,1920,1009] scissor=[0,213,1920,652]/false drawFbo=17 readFbo=17 drawBuffer=36064 readBuffer=36064 drawStatus=8cd5
[02Oct2026 18:51:05.694] [Render thread/INFO] [SuperResolution/]: SR_DIAG BEFORE_PASS:composite6 fbo=17 attachment=8ce0 texture=63 mip=0 size=1920x1009 internalFormat=881a
[02Oct2026 18:51:05.707] [Render thread/INFO] [SuperResolution/]: SR_DIAG AFTER_PASS:composite6 render=( 1.129E+3  5.930E+2) display=( 1.920E+3  1.009E+3) region-1=( 1.129E+3  5.930E+2) region-2=( 1.920E+3  1.009E+3) viewport=[0,0,1920,1009] scissor=[0,213,1920,652]/false drawFbo=18 readFbo=18 drawBuffer=36064 readBuffer=36064 drawStatus=8cd5
[02Oct2026 18:51:05.707] [Render thread/INFO] [SuperResolution/]: SR_DIAG AFTER_PASS:composite6 fbo=18 attachment=8ce0 texture=64 mip=0 size=1920x1009 internalFormat=881a
[02Oct2026 18:51:05.707] [Render thread/INFO] [SuperResolution/]: SR_DIAG BEFORE_PASS:composite7 render=( 1.129E+3  5.930E+2) display=( 1.920E+3  1.009E+3) region-1=( 1.129E+3  5.930E+2) region-2=( 1.920E+3  1.009E+3) viewport=[0,0,1920,1009] scissor=[0,213,1920,652]/false drawFbo=18 readFbo=18 drawBuffer=36064 readBuffer=36064 drawStatus=8cd5
[02Oct2026 18:51:05.707] [Render thread/INFO] [SuperResolution/]: SR_DIAG BEFORE_PASS:composite7 fbo=18 attachment=8ce0 texture=64 mip=0 size=1920x1009 internalFormat=881a
[02Oct2026 18:51:05.707] [Render thread/INFO] [SuperResolution/]: SR_DIAG BEFORE_SR render=( 1.129E+3  5.930E+2) display=( 1.920E+3  1.009E+3) region-1=( 1.129E+3  5.930E+2) region-2=( 1.920E+3  1.009E+3) viewport=[0,0,1920,1009] scissor=[0,213,1920,652]/false drawFbo=18 readFbo=18 drawBuffer=36064 readBuffer=36064 drawStatus=8cd5
[02Oct2026 18:51:05.707] [Render thread/INFO] [SuperResolution/]: SR_DIAG BEFORE_SR fbo=18 attachment=8ce0 texture=64 mip=0 size=1920x1009 internalFormat=881a
[02Oct2026 18:51:05.855] [Render thread/INFO] [SuperResolution/]: SR_DIAG texture color id=64 size=1920x1009 format=RGBA16F target/type=Texture2D glInternalFormat=881a
[02Oct2026 18:51:05.855] [Render thread/INFO] [SuperResolution/]: SR_DIAG texture depth id=5 size=1920x1009 format=DEPTH24 target/type=Texture2D glInternalFormat=1902
[02Oct2026 18:51:05.855] [Render thread/INFO] [SuperResolution/]: SR_DIAG depth depth id=5 bits=24 componentType=8c17
[02Oct2026 18:51:05.855] [Render thread/INFO] [SuperResolution/]: SR_DIAG texture motion_vectors id=86 size=1920x1009 format=RGBA16F target/type=Texture2D glInternalFormat=881a
[02Oct2026 18:51:05.855] [Render thread/INFO] [SuperResolution/]: SR_DIAG texture algorithm_color id=95 size=1129x593 format=RGBA16F target/type=Texture2D glInternalFormat=881a
[02Oct2026 18:51:05.855] [Render thread/INFO] [SuperResolution/]: SR_DIAG texture algorithm_depth id=96 size=1129x593 format=DEPTH24 target/type=Texture2D glInternalFormat=81a6
[02Oct2026 18:51:05.855] [Render thread/INFO] [SuperResolution/]: SR_DIAG depth algorithm_depth id=96 bits=24 componentType=8c17
[02Oct2026 18:51:05.855] [Render thread/INFO] [SuperResolution/]: SR_DIAG texture algorithm_motion_vectors id=97 size=1129x593 format=RGBA16F target/type=Texture2D glInternalFormat=881a
[02Oct2026 18:51:05.924] [Render thread/INFO] [SuperResolution/]: SR_DIAG texture SR_output id=88 size=1920x1009 format=RGBA16F target/type=Texture2D glInternalFormat=881a
[02Oct2026 18:51:05.924] [Render thread/INFO] [SuperResolution/]: SR_DIAG texture autotex3/output_target id=64 size=1920x1009 format=RGBA16F target/type=Texture2D glInternalFormat=881a
[02Oct2026 18:51:05.924] [Render thread/INFO] [SuperResolution/]: SR_DIAG AFTER_SR render=( 1.129E+3  5.930E+2) display=( 1.920E+3  1.009E+3) region-1=( 1.129E+3  5.930E+2) region-2=( 1.920E+3  1.009E+3) viewport=[0,0,1920,1009] scissor=[0,213,1920,652]/false drawFbo=18 readFbo=18 drawBuffer=36064 readBuffer=36064 drawStatus=8cd5
[02Oct2026 18:51:05.925] [Render thread/INFO] [SuperResolution/]: SR_DIAG AFTER_SR fbo=18 attachment=8ce0 texture=64 mip=0 size=1920x1009 internalFormat=881a
[02Oct2026 18:51:05.934] [Render thread/INFO] [SuperResolution/]: SR_DIAG AFTER_PASS:composite7 render=( 1.129E+3  5.930E+2) display=( 1.920E+3  1.009E+3) region-1=( 1.129E+3  5.930E+2) region-2=( 1.920E+3  1.009E+3) viewport=[0,0,1920,1009] scissor=[0,213,1920,652]/false drawFbo=19 readFbo=19 drawBuffer=36064 readBuffer=36064 drawStatus=8cd5
[02Oct2026 18:51:05.934] [Render thread/INFO] [SuperResolution/]: SR_DIAG AFTER_PASS:composite7 fbo=19 attachment=8ce0 texture=63 mip=0 size=1920x1009 internalFormat=881a
[02Oct2026 18:51:05.934] [Render thread/INFO] [SuperResolution/]: SR_DIAG FINAL_PIPELINE render=( 1.129E+3  5.930E+2) display=( 1.920E+3  1.009E+3) region-1=( 1.129E+3  5.930E+2) region-2=( 1.920E+3  1.009E+3) viewport=[0,0,1920,1009] scissor=[0,213,1920,652]/false drawFbo=1 readFbo=1 drawBuffer=36064 readBuffer=36064 drawStatus=8cd5
[02Oct2026 18:51:05.934] [Render thread/INFO] [SuperResolution/]: SR_DIAG FINAL_PIPELINE fbo=1 attachment=8ce0 texture=1 mip=0 size=1920x1009 internalFormat=8058
[02Oct2026 18:51:05.934] [Render thread/INFO] [SuperResolution/]: SR_DIAG FINAL_PIPELINE fbo=1 attachment=8d00 texture=5 mip=0 size=1920x1009 internalFormat=1902
[02Oct2026 18:51:15.670] [Render thread/INFO] [SuperResolution/]: SR_DIAG BEFORE_PASS:deferred1 render=( 1.129E+3  5.930E+2) display=( 1.920E+3  1.009E+3) region-1=( 1.129E+3  5.930E+2) region-2=( 1.920E+3  1.009E+3) viewport=[0,0,1920,1009] scissor=[0,213,1920,652]/false drawFbo=1 readFbo=1 drawBuffer=36064 readBuffer=36064 drawStatus=8cd5
[02Oct2026 18:51:15.670] [Render thread/INFO] [SuperResolution/]: SR_DIAG BEFORE_PASS:deferred1 fbo=1 attachment=8ce0 texture=1 mip=0 size=1920x1009 internalFormat=8058
[02Oct2026 18:51:15.670] [Render thread/INFO] [SuperResolution/]: SR_DIAG BEFORE_PASS:deferred1 fbo=1 attachment=8d00 texture=5 mip=0 size=1920x1009 internalFormat=1902
[02Oct2026 18:51:15.670] [Render thread/INFO] [SuperResolution/]: SR_DIAG AFTER_PASS:deferred1 render=( 1.129E+3  5.930E+2) display=( 1.920E+3  1.009E+3) region-1=( 1.129E+3  5.930E+2) region-2=( 1.920E+3  1.009E+3) viewport=[0,0,1920,1009] scissor=[0,213,1920,652]/false drawFbo=12 readFbo=12 drawBuffer=36064 readBuffer=36064 drawStatus=8cd5
[02Oct2026 18:51:15.670] [Render thread/INFO] [SuperResolution/]: SR_DIAG AFTER_PASS:deferred1 fbo=12 attachment=8ce0 texture=56 mip=0 size=1920x1009 internalFormat=8c3a
[02Oct2026 18:51:15.671] [Render thread/INFO] [SuperResolution/]: SR_DIAG BEFORE_PASS:composite render=( 1.129E+3  5.930E+2) display=( 1.920E+3  1.009E+3) region-1=( 1.129E+3  5.930E+2) region-2=( 1.920E+3  1.009E+3) viewport=[0,0,1920,1009] scissor=[0,213,1920,652]/false drawFbo=1 readFbo=1 drawBuffer=36064 readBuffer=36064 drawStatus=8cd5
[02Oct2026 18:51:15.671] [Render thread/INFO] [SuperResolution/]: SR_DIAG BEFORE_PASS:composite fbo=1 attachment=8ce0 texture=1 mip=0 size=1920x1009 internalFormat=8058
[02Oct2026 18:51:15.671] [Render thread/INFO] [SuperResolution/]: SR_DIAG BEFORE_PASS:composite fbo=1 attachment=8d00 texture=5 mip=0 size=1920x1009 internalFormat=1902
[02Oct2026 18:51:15.671] [Render thread/INFO] [SuperResolution/]: SR_DIAG AFTER_PASS:composite render=( 1.129E+3  5.930E+2) display=( 1.920E+3  1.009E+3) region-1=( 1.129E+3  5.930E+2) region-2=( 1.920E+3  1.009E+3) viewport=[0,0,960,504] scissor=[0,213,1920,652]/false drawFbo=13 readFbo=13 drawBuffer=36064 readBuffer=36064 drawStatus=8cd5
[02Oct2026 18:51:15.671] [Render thread/INFO] [SuperResolution/]: SR_DIAG AFTER_PASS:composite fbo=13 attachment=8ce0 texture=80 mip=0 size=960x504 internalFormat=881a
[02Oct2026 18:51:15.671] [Render thread/INFO] [SuperResolution/]: SR_DIAG BEFORE_PASS:composite1 render=( 1.129E+3  5.930E+2) display=( 1.920E+3  1.009E+3) region-1=( 1.129E+3  5.930E+2) region-2=( 1.920E+3  1.009E+3) viewport=[0,0,960,504] scissor=[0,213,1920,652]/false drawFbo=13 readFbo=13 drawBuffer=36064 readBuffer=36064 drawStatus=8cd5
[02Oct2026 18:51:15.671] [Render thread/INFO] [SuperResolution/]: SR_DIAG BEFORE_PASS:composite1 fbo=13 attachment=8ce0 texture=80 mip=0 size=960x504 internalFormat=881a
[02Oct2026 18:51:15.672] [Render thread/INFO] [SuperResolution/]: SR_DIAG AFTER_PASS:composite1 render=( 1.129E+3  5.930E+2) display=( 1.920E+3  1.009E+3) region-1=( 1.129E+3  5.930E+2) region-2=( 1.920E+3  1.009E+3) viewport=[0,0,1920,1009] scissor=[0,213,1920,652]/false drawFbo=14 readFbo=14 drawBuffer=36064 readBuffer=36064 drawStatus=8cd5
[02Oct2026 18:51:15.672] [Render thread/INFO] [SuperResolution/]: SR_DIAG AFTER_PASS:composite1 fbo=14 attachment=8ce0 texture=55 mip=0 size=1920x1009 internalFormat=8c3a
[02Oct2026 18:51:15.672] [Render thread/INFO] [SuperResolution/]: SR_DIAG BEFORE_PASS:composite3 render=( 1.129E+3  5.930E+2) display=( 1.920E+3  1.009E+3) region-1=( 1.129E+3  5.930E+2) region-2=( 1.920E+3  1.009E+3) viewport=[0,0,1920,1009] scissor=[0,213,1920,652]/false drawFbo=14 readFbo=14 drawBuffer=36064 readBuffer=36064 drawStatus=8cd5
[02Oct2026 18:51:15.672] [Render thread/INFO] [SuperResolution/]: SR_DIAG BEFORE_PASS:composite3 fbo=14 attachment=8ce0 texture=55 mip=0 size=1920x1009 internalFormat=8c3a
[02Oct2026 18:51:15.695] [Render thread/INFO] [SuperResolution/]: SR_DIAG AFTER_PASS:composite3 render=( 1.129E+3  5.930E+2) display=( 1.920E+3  1.009E+3) region-1=( 1.129E+3  5.930E+2) region-2=( 1.920E+3  1.009E+3) viewport=[0,0,1920,1009] scissor=[0,213,1920,652]/false drawFbo=15 readFbo=15 drawBuffer=36064 readBuffer=36064 drawStatus=8cd5
[02Oct2026 18:51:15.695] [Render thread/INFO] [SuperResolution/]: SR_DIAG AFTER_PASS:composite3 fbo=15 attachment=8ce0 texture=56 mip=0 size=1920x1009 internalFormat=8c3a
[02Oct2026 18:51:15.695] [Render thread/INFO] [SuperResolution/]: SR_DIAG BEFORE_PASS:composite4 render=( 1.129E+3  5.930E+2) display=( 1.920E+3  1.009E+3) region-1=( 1.129E+3  5.930E+2) region-2=( 1.920E+3  1.009E+3) viewport=[0,0,1920,1009] scissor=[0,213,1920,652]/false drawFbo=15 readFbo=15 drawBuffer=36064 readBuffer=36064 drawStatus=8cd5
[02Oct2026 18:51:15.695] [Render thread/INFO] [SuperResolution/]: SR_DIAG BEFORE_PASS:composite4 fbo=15 attachment=8ce0 texture=56 mip=0 size=1920x1009 internalFormat=8c3a
[02Oct2026 18:51:15.695] [Render thread/INFO] [SuperResolution/]: SR_DIAG AFTER_PASS:composite4 render=( 1.129E+3  5.930E+2) display=( 1.920E+3  1.009E+3) region-1=( 1.129E+3  5.930E+2) region-2=( 1.920E+3  1.009E+3) viewport=[0,0,1920,1009] scissor=[0,213,1920,652]/false drawFbo=16 readFbo=16 drawBuffer=36064 readBuffer=36064 drawStatus=8cd5
[02Oct2026 18:51:15.695] [Render thread/INFO] [SuperResolution/]: SR_DIAG AFTER_PASS:composite4 fbo=16 attachment=8ce0 texture=64 mip=0 size=1920x1009 internalFormat=881a
[02Oct2026 18:51:15.695] [Render thread/INFO] [SuperResolution/]: SR_DIAG BEFORE_PASS:composite5 render=( 1.129E+3  5.930E+2) display=( 1.920E+3  1.009E+3) region-1=( 1.129E+3  5.930E+2) region-2=( 1.920E+3  1.009E+3) viewport=[0,0,1920,1009] scissor=[0,213,1920,652]/false drawFbo=16 readFbo=16 drawBuffer=36064 readBuffer=36064 drawStatus=8cd5
[02Oct2026 18:51:15.695] [Render thread/INFO] [SuperResolution/]: SR_DIAG BEFORE_PASS:composite5 fbo=16 attachment=8ce0 texture=64 mip=0 size=1920x1009 internalFormat=881a
[02Oct2026 18:51:15.697] [Render thread/INFO] [SuperResolution/]: SR_DIAG AFTER_PASS:composite5 render=( 1.129E+3  5.930E+2) display=( 1.920E+3  1.009E+3) region-1=( 1.129E+3  5.930E+2) region-2=( 1.920E+3  1.009E+3) viewport=[0,0,1920,1009] scissor=[0,213,1920,652]/false drawFbo=17 readFbo=17 drawBuffer=36064 readBuffer=36064 drawStatus=8cd5
[02Oct2026 18:51:15.697] [Render thread/INFO] [SuperResolution/]: SR_DIAG AFTER_PASS:composite5 fbo=17 attachment=8ce0 texture=63 mip=0 size=1920x1009 internalFormat=881a
[02Oct2026 18:51:15.697] [Render thread/INFO] [SuperResolution/]: SR_DIAG BEFORE_PASS:composite6 render=( 1.129E+3  5.930E+2) display=( 1.920E+3  1.009E+3) region-1=( 1.129E+3  5.930E+2) region-2=( 1.920E+3  1.009E+3) viewport=[0,0,1920,1009] scissor=[0,213,1920,652]/false drawFbo=17 readFbo=17 drawBuffer=36064 readBuffer=36064 drawStatus=8cd5
[02Oct2026 18:51:15.697] [Render thread/INFO] [SuperResolution/]: SR_DIAG BEFORE_PASS:composite6 fbo=17 attachment=8ce0 texture=63 mip=0 size=1920x1009 internalFormat=881a
[02Oct2026 18:51:15.708] [Render thread/INFO] [SuperResolution/]: SR_DIAG AFTER_PASS:composite6 render=( 1.129E+3  5.930E+2) display=( 1.920E+3  1.009E+3) region-1=( 1.129E+3  5.930E+2) region-2=( 1.920E+3  1.009E+3) viewport=[0,0,1920,1009] scissor=[0,213,1920,652]/false drawFbo=18 readFbo=18 drawBuffer=36064 readBuffer=36064 drawStatus=8cd5
[02Oct2026 18:51:15.708] [Render thread/INFO] [SuperResolution/]: SR_DIAG AFTER_PASS:composite6 fbo=18 attachment=8ce0 texture=64 mip=0 size=1920x1009 internalFormat=881a
[02Oct2026 18:51:15.708] [Render thread/INFO] [SuperResolution/]: SR_DIAG BEFORE_PASS:composite7 render=( 1.129E+3  5.930E+2) display=( 1.920E+3  1.009E+3) region-1=( 1.129E+3  5.930E+2) region-2=( 1.920E+3  1.009E+3) viewport=[0,0,1920,1009] scissor=[0,213,1920,652]/false drawFbo=18 readFbo=18 drawBuffer=36064 readBuffer=36064 drawStatus=8cd5
[02Oct2026 18:51:15.708] [Render thread/INFO] [SuperResolution/]: SR_DIAG BEFORE_PASS:composite7 fbo=18 attachment=8ce0 texture=64 mip=0 size=1920x1009 internalFormat=881a
[02Oct2026 18:51:15.709] [Render thread/INFO] [SuperResolution/]: SR_DIAG BEFORE_SR render=( 1.129E+3  5.930E+2) display=( 1.920E+3  1.009E+3) region-1=( 1.129E+3  5.930E+2) region-2=( 1.920E+3  1.009E+3) viewport=[0,0,1920,1009] scissor=[0,213,1920,652]/false drawFbo=18 readFbo=18 drawBuffer=36064 readBuffer=36064 drawStatus=8cd5
[02Oct2026 18:51:15.709] [Render thread/INFO] [SuperResolution/]: SR_DIAG BEFORE_SR fbo=18 attachment=8ce0 texture=64 mip=0 size=1920x1009 internalFormat=881a
[02Oct2026 18:51:15.856] [Render thread/INFO] [SuperResolution/]: SR_DIAG texture color id=64 size=1920x1009 format=RGBA16F target/type=Texture2D glInternalFormat=881a
[02Oct2026 18:51:15.856] [Render thread/INFO] [SuperResolution/]: SR_DIAG texture depth id=5 size=1920x1009 format=DEPTH24 target/type=Texture2D glInternalFormat=1902
[02Oct2026 18:51:15.856] [Render thread/INFO] [SuperResolution/]: SR_DIAG depth depth id=5 bits=24 componentType=8c17
[02Oct2026 18:51:15.858] [Render thread/INFO] [SuperResolution/]: SR_DIAG texture motion_vectors id=86 size=1920x1009 format=RGBA16F target/type=Texture2D glInternalFormat=881a
[02Oct2026 18:51:15.858] [Render thread/INFO] [SuperResolution/]: SR_DIAG texture algorithm_color id=95 size=1129x593 format=RGBA16F target/type=Texture2D glInternalFormat=881a
[02Oct2026 18:51:15.858] [Render thread/INFO] [SuperResolution/]: SR_DIAG texture algorithm_depth id=96 size=1129x593 format=DEPTH24 target/type=Texture2D glInternalFormat=81a6
[02Oct2026 18:51:15.858] [Render thread/INFO] [SuperResolution/]: SR_DIAG depth algorithm_depth id=96 bits=24 componentType=8c17
[02Oct2026 18:51:15.858] [Render thread/INFO] [SuperResolution/]: SR_DIAG texture algorithm_motion_vectors id=97 size=1129x593 format=RGBA16F target/type=Texture2D glInternalFormat=881a
[02Oct2026 18:51:15.932] [Render thread/INFO] [SuperResolution/]: SR_DIAG texture SR_output id=88 size=1920x1009 format=RGBA16F target/type=Texture2D glInternalFormat=881a
[02Oct2026 18:51:15.933] [Render thread/INFO] [SuperResolution/]: SR_DIAG texture autotex3/output_target id=64 size=1920x1009 format=RGBA16F target/type=Texture2D glInternalFormat=881a
[02Oct2026 18:51:15.933] [Render thread/INFO] [SuperResolution/]: SR_DIAG AFTER_SR render=( 1.129E+3  5.930E+2) display=( 1.920E+3  1.009E+3) region-1=( 1.129E+3  5.930E+2) region-2=( 1.920E+3  1.009E+3) viewport=[0,0,1920,1009] scissor=[0,213,1920,652]/false drawFbo=18 readFbo=18 drawBuffer=36064 readBuffer=36064 drawStatus=8cd5
[02Oct2026 18:51:15.933] [Render thread/INFO] [SuperResolution/]: SR_DIAG AFTER_SR fbo=18 attachment=8ce0 texture=64 mip=0 size=1920x1009 internalFormat=881a
[02Oct2026 18:51:15.943] [Render thread/INFO] [SuperResolution/]: SR_DIAG AFTER_PASS:composite7 render=( 1.129E+3  5.930E+2) display=( 1.920E+3  1.009E+3) region-1=( 1.129E+3  5.930E+2) region-2=( 1.920E+3  1.009E+3) viewport=[0,0,1920,1009] scissor=[0,213,1920,652]/false drawFbo=19 readFbo=19 drawBuffer=36064 readBuffer=36064 drawStatus=8cd5
[02Oct2026 18:51:15.943] [Render thread/INFO] [SuperResolution/]: SR_DIAG AFTER_PASS:composite7 fbo=19 attachment=8ce0 texture=63 mip=0 size=1920x1009 internalFormat=881a
[02Oct2026 18:51:15.943] [Render thread/INFO] [SuperResolution/]: SR_DIAG FINAL_PIPELINE render=( 1.129E+3  5.930E+2) display=( 1.920E+3  1.009E+3) region-1=( 1.129E+3  5.930E+2) region-2=( 1.920E+3  1.009E+3) viewport=[0,0,1920,1009] scissor=[0,213,1920,652]/false drawFbo=1 readFbo=1 drawBuffer=36064 readBuffer=36064 drawStatus=8cd5
[02Oct2026 18:51:15.943] [Render thread/INFO] [SuperResolution/]: SR_DIAG FINAL_PIPELINE fbo=1 attachment=8ce0 texture=1 mip=0 size=1920x1009 internalFormat=8058
[02Oct2026 18:51:15.943] [Render thread/INFO] [SuperResolution/]: SR_DIAG FINAL_PIPELINE fbo=1 attachment=8d00 texture=5 mip=0 size=1920x1009 internalFormat=1902
[02Oct2026 18:51:25.676] [Render thread/INFO] [SuperResolution/]: SR_DIAG BEFORE_PASS:deferred1 render=( 1.129E+3  5.930E+2) display=( 1.920E+3  1.009E+3) region-1=( 1.129E+3  5.930E+2) region-2=( 1.920E+3  1.009E+3) viewport=[0,0,1920,1009] scissor=[0,213,1920,652]/false drawFbo=1 readFbo=1 drawBuffer=36064 readBuffer=36064 drawStatus=8cd5
[02Oct2026 18:51:25.676] [Render thread/INFO] [SuperResolution/]: SR_DIAG BEFORE_PASS:deferred1 fbo=1 attachment=8ce0 texture=1 mip=0 size=1920x1009 internalFormat=8058
[02Oct2026 18:51:25.676] [Render thread/INFO] [SuperResolution/]: SR_DIAG BEFORE_PASS:deferred1 fbo=1 attachment=8d00 texture=5 mip=0 size=1920x1009 internalFormat=1902
[02Oct2026 18:51:25.676] [Render thread/INFO] [SuperResolution/]: SR_DIAG AFTER_PASS:deferred1 render=( 1.129E+3  5.930E+2) display=( 1.920E+3  1.009E+3) region-1=( 1.129E+3  5.930E+2) region-2=( 1.920E+3  1.009E+3) viewport=[0,0,1920,1009] scissor=[0,213,1920,652]/false drawFbo=12 readFbo=12 drawBuffer=36064 readBuffer=36064 drawStatus=8cd5
[02Oct2026 18:51:25.676] [Render thread/INFO] [SuperResolution/]: SR_DIAG AFTER_PASS:deferred1 fbo=12 attachment=8ce0 texture=56 mip=0 size=1920x1009 internalFormat=8c3a
[02Oct2026 18:51:25.676] [Render thread/INFO] [SuperResolution/]: SR_DIAG BEFORE_PASS:composite render=( 1.129E+3  5.930E+2) display=( 1.920E+3  1.009E+3) region-1=( 1.129E+3  5.930E+2) region-2=( 1.920E+3  1.009E+3) viewport=[0,0,1920,1009] scissor=[0,213,1920,652]/false drawFbo=1 readFbo=1 drawBuffer=36064 readBuffer=36064 drawStatus=8cd5
[02Oct2026 18:51:25.676] [Render thread/INFO] [SuperResolution/]: SR_DIAG BEFORE_PASS:composite fbo=1 attachment=8ce0 texture=1 mip=0 size=1920x1009 internalFormat=8058
[02Oct2026 18:51:25.677] [Render thread/INFO] [SuperResolution/]: SR_DIAG BEFORE_PASS:composite fbo=1 attachment=8d00 texture=5 mip=0 size=1920x1009 internalFormat=1902
[02Oct2026 18:51:25.677] [Render thread/INFO] [SuperResolution/]: SR_DIAG AFTER_PASS:composite render=( 1.129E+3  5.930E+2) display=( 1.920E+3  1.009E+3) region-1=( 1.129E+3  5.930E+2) region-2=( 1.920E+3  1.009E+3) viewport=[0,0,960,504] scissor=[0,213,1920,652]/false drawFbo=13 readFbo=13 drawBuffer=36064 readBuffer=36064 drawStatus=8cd5
[02Oct2026 18:51:25.677] [Render thread/INFO] [SuperResolution/]: SR_DIAG AFTER_PASS:composite fbo=13 attachment=8ce0 texture=80 mip=0 size=960x504 internalFormat=881a
[02Oct2026 18:51:25.677] [Render thread/INFO] [SuperResolution/]: SR_DIAG BEFORE_PASS:composite1 render=( 1.129E+3  5.930E+2) display=( 1.920E+3  1.009E+3) region-1=( 1.129E+3  5.930E+2) region-2=( 1.920E+3  1.009E+3) viewport=[0,0,960,504] scissor=[0,213,1920,652]/false drawFbo=13 readFbo=13 drawBuffer=36064 readBuffer=36064 drawStatus=8cd5
[02Oct2026 18:51:25.677] [Render thread/INFO] [SuperResolution/]: SR_DIAG BEFORE_PASS:composite1 fbo=13 attachment=8ce0 texture=80 mip=0 size=960x504 internalFormat=881a
[02Oct2026 18:51:25.677] [Render thread/INFO] [SuperResolution/]: SR_DIAG AFTER_PASS:composite1 render=( 1.129E+3  5.930E+2) display=( 1.920E+3  1.009E+3) region-1=( 1.129E+3  5.930E+2) region-2=( 1.920E+3  1.009E+3) viewport=[0,0,1920,1009] scissor=[0,213,1920,652]/false drawFbo=14 readFbo=14 drawBuffer=36064 readBuffer=36064 drawStatus=8cd5
[02Oct2026 18:51:25.677] [Render thread/INFO] [SuperResolution/]: SR_DIAG AFTER_PASS:composite1 fbo=14 attachment=8ce0 texture=55 mip=0 size=1920x1009 internalFormat=8c3a
[02Oct2026 18:51:25.677] [Render thread/INFO] [SuperResolution/]: SR_DIAG BEFORE_PASS:composite3 render=( 1.129E+3  5.930E+2) display=( 1.920E+3  1.009E+3) region-1=( 1.129E+3  5.930E+2) region-2=( 1.920E+3  1.009E+3) viewport=[0,0,1920,1009] scissor=[0,213,1920,652]/false drawFbo=14 readFbo=14 drawBuffer=36064 readBuffer=36064 drawStatus=8cd5
[02Oct2026 18:51:25.677] [Render thread/INFO] [SuperResolution/]: SR_DIAG BEFORE_PASS:composite3 fbo=14 attachment=8ce0 texture=55 mip=0 size=1920x1009 internalFormat=8c3a
[02Oct2026 18:51:25.706] [Render thread/INFO] [SuperResolution/]: SR_DIAG AFTER_PASS:composite3 render=( 1.129E+3  5.930E+2) display=( 1.920E+3  1.009E+3) region-1=( 1.129E+3  5.930E+2) region-2=( 1.920E+3  1.009E+3) viewport=[0,0,1920,1009] scissor=[0,213,1920,652]/false drawFbo=15 readFbo=15 drawBuffer=36064 readBuffer=36064 drawStatus=8cd5
[02Oct2026 18:51:25.706] [Render thread/INFO] [SuperResolution/]: SR_DIAG AFTER_PASS:composite3 fbo=15 attachment=8ce0 texture=56 mip=0 size=1920x1009 internalFormat=8c3a
[02Oct2026 18:51:25.706] [Render thread/INFO] [SuperResolution/]: SR_DIAG BEFORE_PASS:composite4 render=( 1.129E+3  5.930E+2) display=( 1.920E+3  1.009E+3) region-1=( 1.129E+3  5.930E+2) region-2=( 1.920E+3  1.009E+3) viewport=[0,0,1920,1009] scissor=[0,213,1920,652]/false drawFbo=15 readFbo=15 drawBuffer=36064 readBuffer=36064 drawStatus=8cd5
[02Oct2026 18:51:25.706] [Render thread/INFO] [SuperResolution/]: SR_DIAG BEFORE_PASS:composite4 fbo=15 attachment=8ce0 texture=56 mip=0 size=1920x1009 internalFormat=8c3a
[02Oct2026 18:51:25.707] [Render thread/INFO] [SuperResolution/]: SR_DIAG AFTER_PASS:composite4 render=( 1.129E+3  5.930E+2) display=( 1.920E+3  1.009E+3) region-1=( 1.129E+3  5.930E+2) region-2=( 1.920E+3  1.009E+3) viewport=[0,0,1920,1009] scissor=[0,213,1920,652]/false drawFbo=16 readFbo=16 drawBuffer=36064 readBuffer=36064 drawStatus=8cd5
[02Oct2026 18:51:25.707] [Render thread/INFO] [SuperResolution/]: SR_DIAG AFTER_PASS:composite4 fbo=16 attachment=8ce0 texture=64 mip=0 size=1920x1009 internalFormat=881a
[02Oct2026 18:51:25.707] [Render thread/INFO] [SuperResolution/]: SR_DIAG BEFORE_PASS:composite5 render=( 1.129E+3  5.930E+2) display=( 1.920E+3  1.009E+3) region-1=( 1.129E+3  5.930E+2) region-2=( 1.920E+3  1.009E+3) viewport=[0,0,1920,1009] scissor=[0,213,1920,652]/false drawFbo=16 readFbo=16 drawBuffer=36064 readBuffer=36064 drawStatus=8cd5
[02Oct2026 18:51:25.707] [Render thread/INFO] [SuperResolution/]: SR_DIAG BEFORE_PASS:composite5 fbo=16 attachment=8ce0 texture=64 mip=0 size=1920x1009 internalFormat=881a
[02Oct2026 18:51:25.708] [Render thread/INFO] [SuperResolution/]: SR_DIAG AFTER_PASS:composite5 render=( 1.129E+3  5.930E+2) display=( 1.920E+3  1.009E+3) region-1=( 1.129E+3  5.930E+2) region-2=( 1.920E+3  1.009E+3) viewport=[0,0,1920,1009] scissor=[0,213,1920,652]/false drawFbo=17 readFbo=17 drawBuffer=36064 readBuffer=36064 drawStatus=8cd5
[02Oct2026 18:51:25.708] [Render thread/INFO] [SuperResolution/]: SR_DIAG AFTER_PASS:composite5 fbo=17 attachment=8ce0 texture=63 mip=0 size=1920x1009 internalFormat=881a
[02Oct2026 18:51:25.708] [Render thread/INFO] [SuperResolution/]: SR_DIAG BEFORE_PASS:composite6 render=( 1.129E+3  5.930E+2) display=( 1.920E+3  1.009E+3) region-1=( 1.129E+3  5.930E+2) region-2=( 1.920E+3  1.009E+3) viewport=[0,0,1920,1009] scissor=[0,213,1920,652]/false drawFbo=17 readFbo=17 drawBuffer=36064 readBuffer=36064 drawStatus=8cd5
[02Oct2026 18:51:25.708] [Render thread/INFO] [SuperResolution/]: SR_DIAG BEFORE_PASS:composite6 fbo=17 attachment=8ce0 texture=63 mip=0 size=1920x1009 internalFormat=881a
[02Oct2026 18:51:25.719] [Render thread/INFO] [SuperResolution/]: SR_DIAG AFTER_PASS:composite6 render=( 1.129E+3  5.930E+2) display=( 1.920E+3  1.009E+3) region-1=( 1.129E+3  5.930E+2) region-2=( 1.920E+3  1.009E+3) viewport=[0,0,1920,1009] scissor=[0,213,1920,652]/false drawFbo=18 readFbo=18 drawBuffer=36064 readBuffer=36064 drawStatus=8cd5
[02Oct2026 18:51:25.719] [Render thread/INFO] [SuperResolution/]: SR_DIAG AFTER_PASS:composite6 fbo=18 attachment=8ce0 texture=64 mip=0 size=1920x1009 internalFormat=881a
[02Oct2026 18:51:25.719] [Render thread/INFO] [SuperResolution/]: SR_DIAG BEFORE_PASS:composite7 render=( 1.129E+3  5.930E+2) display=( 1.920E+3  1.009E+3) region-1=( 1.129E+3  5.930E+2) region-2=( 1.920E+3  1.009E+3) viewport=[0,0,1920,1009] scissor=[0,213,1920,652]/false drawFbo=18 readFbo=18 drawBuffer=36064 readBuffer=36064 drawStatus=8cd5
[02Oct2026 18:51:25.719] [Render thread/INFO] [SuperResolution/]: SR_DIAG BEFORE_PASS:composite7 fbo=18 attachment=8ce0 texture=64 mip=0 size=1920x1009 internalFormat=881a
[02Oct2026 18:51:25.719] [Render thread/INFO] [SuperResolution/]: SR_DIAG BEFORE_SR render=( 1.129E+3  5.930E+2) display=( 1.920E+3  1.009E+3) region-1=( 1.129E+3  5.930E+2) region-2=( 1.920E+3  1.009E+3) viewport=[0,0,1920,1009] scissor=[0,213,1920,652]/false drawFbo=18 readFbo=18 drawBuffer=36064 readBuffer=36064 drawStatus=8cd5
[02Oct2026 18:51:25.719] [Render thread/INFO] [SuperResolution/]: SR_DIAG BEFORE_SR fbo=18 attachment=8ce0 texture=64 mip=0 size=1920x1009 internalFormat=881a
[02Oct2026 18:51:25.861] [Render thread/INFO] [SuperResolution/]: SR_DIAG texture color id=64 size=1920x1009 format=RGBA16F target/type=Texture2D glInternalFormat=881a
[02Oct2026 18:51:25.861] [Render thread/INFO] [SuperResolution/]: SR_DIAG texture depth id=5 size=1920x1009 format=DEPTH24 target/type=Texture2D glInternalFormat=1902
[02Oct2026 18:51:25.861] [Render thread/INFO] [SuperResolution/]: SR_DIAG depth depth id=5 bits=24 componentType=8c17
[02Oct2026 18:51:25.861] [Render thread/INFO] [SuperResolution/]: SR_DIAG texture motion_vectors id=86 size=1920x1009 format=RGBA16F target/type=Texture2D glInternalFormat=881a
[02Oct2026 18:51:25.861] [Render thread/INFO] [SuperResolution/]: SR_DIAG texture algorithm_color id=95 size=1129x593 format=RGBA16F target/type=Texture2D glInternalFormat=881a
[02Oct2026 18:51:25.861] [Render thread/INFO] [SuperResolution/]: SR_DIAG texture algorithm_depth id=96 size=1129x593 format=DEPTH24 target/type=Texture2D glInternalFormat=81a6
[02Oct2026 18:51:25.861] [Render thread/INFO] [SuperResolution/]: SR_DIAG depth algorithm_depth id=96 bits=24 componentType=8c17
[02Oct2026 18:51:25.861] [Render thread/INFO] [SuperResolution/]: SR_DIAG texture algorithm_motion_vectors id=97 size=1129x593 format=RGBA16F target/type=Texture2D glInternalFormat=881a
[02Oct2026 18:51:25.935] [Render thread/INFO] [SuperResolution/]: SR_DIAG texture SR_output id=88 size=1920x1009 format=RGBA16F target/type=Texture2D glInternalFormat=881a
[02Oct2026 18:51:25.935] [Render thread/INFO] [SuperResolution/]: SR_DIAG texture autotex3/output_target id=64 size=1920x1009 format=RGBA16F target/type=Texture2D glInternalFormat=881a
[02Oct2026 18:51:25.936] [Render thread/INFO] [SuperResolution/]: SR_DIAG AFTER_SR render=( 1.129E+3  5.930E+2) display=( 1.920E+3  1.009E+3) region-1=( 1.129E+3  5.930E+2) region-2=( 1.920E+3  1.009E+3) viewport=[0,0,1920,1009] scissor=[0,213,1920,652]/false drawFbo=18 readFbo=18 drawBuffer=36064 readBuffer=36064 drawStatus=8cd5
[02Oct2026 18:51:25.936] [Render thread/INFO] [SuperResolution/]: SR_DIAG AFTER_SR fbo=18 attachment=8ce0 texture=64 mip=0 size=1920x1009 internalFormat=881a
[02Oct2026 18:51:25.945] [Render thread/INFO] [SuperResolution/]: SR_DIAG AFTER_PASS:composite7 render=( 1.129E+3  5.930E+2) display=( 1.920E+3  1.009E+3) region-1=( 1.129E+3  5.930E+2) region-2=( 1.920E+3  1.009E+3) viewport=[0,0,1920,1009] scissor=[0,213,1920,652]/false drawFbo=19 readFbo=19 drawBuffer=36064 readBuffer=36064 drawStatus=8cd5
[02Oct2026 18:51:25.945] [Render thread/INFO] [SuperResolution/]: SR_DIAG AFTER_PASS:composite7 fbo=19 attachment=8ce0 texture=63 mip=0 size=1920x1009 internalFormat=881a
[02Oct2026 18:51:25.945] [Render thread/INFO] [SuperResolution/]: SR_DIAG FINAL_PIPELINE render=( 1.129E+3  5.930E+2) display=( 1.920E+3  1.009E+3) region-1=( 1.129E+3  5.930E+2) region-2=( 1.920E+3  1.009E+3) viewport=[0,0,1920,1009] scissor=[0,213,1920,652]/false drawFbo=1 readFbo=1 drawBuffer=36064 readBuffer=36064 drawStatus=8cd5
[02Oct2026 18:51:25.945] [Render thread/INFO] [SuperResolution/]: SR_DIAG FINAL_PIPELINE fbo=1 attachment=8ce0 texture=1 mip=0 size=1920x1009 internalFormat=8058
[02Oct2026 18:51:25.945] [Render thread/INFO] [SuperResolution/]: SR_DIAG FINAL_PIPELINE fbo=1 attachment=8d00 texture=5 mip=0 size=1920x1009 internalFormat=1902
[02Oct2026 18:51:35.567] [Render thread/INFO] [SuperResolution/]: SR_DIAG glTextureStorage2D texture=8 levels=1 internalFormat=8c3a size=1920x1009 label=ITexture{id=8format=R11G11B10Fwidth=1920height=1009}
[02Oct2026 18:51:35.568] [Render thread/INFO] [SuperResolution/]: SR_DIAG glTextureStorage2D texture=10 levels=1 internalFormat=88f0 size=1920x1009 label=ITexture{id=10format=DEPTH24_STENCIL8width=1920height=1009}
[02Oct2026 18:51:35.789] [Render thread/INFO] [SuperResolution/]: SR_DIAG glTextureStorage2D texture=115 levels=1 internalFormat=8058 size=1x1 label=NanoVgDummy
[02Oct2026 18:51:35.836] [Render thread/INFO] [SuperResolution/]: SR_DIAG BEFORE_PASS:deferred1 render=( 1.129E+3  5.930E+2) display=( 1.920E+3  1.009E+3) region-1=( 1.129E+3  5.930E+2) region-2=( 1.920E+3  1.009E+3) viewport=[0,0,1920,1009] scissor=[0,213,1920,652]/false drawFbo=1 readFbo=1 drawBuffer=36064 readBuffer=36064 drawStatus=8cd5
[02Oct2026 18:51:35.837] [Render thread/INFO] [SuperResolution/]: SR_DIAG BEFORE_PASS:deferred1 fbo=1 attachment=8ce0 texture=1 mip=0 size=1920x1009 internalFormat=8058
[02Oct2026 18:51:35.837] [Render thread/INFO] [SuperResolution/]: SR_DIAG BEFORE_PASS:deferred1 fbo=1 attachment=8d00 texture=5 mip=0 size=1920x1009 internalFormat=1902
[02Oct2026 18:51:35.837] [Render thread/INFO] [SuperResolution/]: SR_DIAG AFTER_PASS:deferred1 render=( 1.129E+3  5.930E+2) display=( 1.920E+3  1.009E+3) region-1=( 1.129E+3  5.930E+2) region-2=( 1.920E+3  1.009E+3) viewport=[0,0,1920,1009] scissor=[0,213,1920,652]/false drawFbo=12 readFbo=12 drawBuffer=36064 readBuffer=36064 drawStatus=8cd5
[02Oct2026 18:51:35.837] [Render thread/INFO] [SuperResolution/]: SR_DIAG AFTER_PASS:deferred1 fbo=12 attachment=8ce0 texture=56 mip=0 size=1920x1009 internalFormat=8c3a
[02Oct2026 18:51:35.837] [Render thread/INFO] [SuperResolution/]: SR_DIAG BEFORE_PASS:composite render=( 1.129E+3  5.930E+2) display=( 1.920E+3  1.009E+3) region-1=( 1.129E+3  5.930E+2) region-2=( 1.920E+3  1.009E+3) viewport=[0,0,1920,1009] scissor=[0,213,1920,652]/false drawFbo=1 readFbo=1 drawBuffer=36064 readBuffer=36064 drawStatus=8cd5
[02Oct2026 18:51:35.837] [Render thread/INFO] [SuperResolution/]: SR_DIAG BEFORE_PASS:composite fbo=1 attachment=8ce0 texture=1 mip=0 size=1920x1009 internalFormat=8058
[02Oct2026 18:51:35.837] [Render thread/INFO] [SuperResolution/]: SR_DIAG BEFORE_PASS:composite fbo=1 attachment=8d00 texture=5 mip=0 size=1920x1009 internalFormat=1902
[02Oct2026 18:51:35.837] [Render thread/INFO] [SuperResolution/]: SR_DIAG AFTER_PASS:composite render=( 1.129E+3  5.930E+2) display=( 1.920E+3  1.009E+3) region-1=( 1.129E+3  5.930E+2) region-2=( 1.920E+3  1.009E+3) viewport=[0,0,960,504] scissor=[0,213,1920,652]/false drawFbo=13 readFbo=13 drawBuffer=36064 readBuffer=36064 drawStatus=8cd5
[02Oct2026 18:51:35.837] [Render thread/INFO] [SuperResolution/]: SR_DIAG AFTER_PASS:composite fbo=13 attachment=8ce0 texture=80 mip=0 size=960x504 internalFormat=881a
[02Oct2026 18:51:35.838] [Render thread/INFO] [SuperResolution/]: SR_DIAG BEFORE_PASS:composite1 render=( 1.129E+3  5.930E+2) display=( 1.920E+3  1.009E+3) region-1=( 1.129E+3  5.930E+2) region-2=( 1.920E+3  1.009E+3) viewport=[0,0,960,504] scissor=[0,213,1920,652]/false drawFbo=13 readFbo=13 drawBuffer=36064 readBuffer=36064 drawStatus=8cd5
[02Oct2026 18:51:35.838] [Render thread/INFO] [SuperResolution/]: SR_DIAG BEFORE_PASS:composite1 fbo=13 attachment=8ce0 texture=80 mip=0 size=960x504 internalFormat=881a
[02Oct2026 18:51:35.838] [Render thread/INFO] [SuperResolution/]: SR_DIAG AFTER_PASS:composite1 render=( 1.129E+3  5.930E+2) display=( 1.920E+3  1.009E+3) region-1=( 1.129E+3  5.930E+2) region-2=( 1.920E+3  1.009E+3) viewport=[0,0,1920,1009] scissor=[0,213,1920,652]/false drawFbo=14 readFbo=14 drawBuffer=36064 readBuffer=36064 drawStatus=8cd5
[02Oct2026 18:51:35.838] [Render thread/INFO] [SuperResolution/]: SR_DIAG AFTER_PASS:composite1 fbo=14 attachment=8ce0 texture=55 mip=0 size=1920x1009 internalFormat=8c3a
[02Oct2026 18:51:35.838] [Render thread/INFO] [SuperResolution/]: SR_DIAG BEFORE_PASS:composite3 render=( 1.129E+3  5.930E+2) display=( 1.920E+3  1.009E+3) region-1=( 1.129E+3  5.930E+2) region-2=( 1.920E+3  1.009E+3) viewport=[0,0,1920,1009] scissor=[0,213,1920,652]/false drawFbo=14 readFbo=14 drawBuffer=36064 readBuffer=36064 drawStatus=8cd5
[02Oct2026 18:51:35.838] [Render thread/INFO] [SuperResolution/]: SR_DIAG BEFORE_PASS:composite3 fbo=14 attachment=8ce0 texture=55 mip=0 size=1920x1009 internalFormat=8c3a
[02Oct2026 18:51:35.838] [Render thread/INFO] [SuperResolution/]: SR_DIAG AFTER_PASS:composite3 render=( 1.129E+3  5.930E+2) display=( 1.920E+3  1.009E+3) region-1=( 1.129E+3  5.930E+2) region-2=( 1.920E+3  1.009E+3) viewport=[0,0,1920,1009] scissor=[0,213,1920,652]/false drawFbo=15 readFbo=15 drawBuffer=36064 readBuffer=36064 drawStatus=8cd5
[02Oct2026 18:51:35.838] [Render thread/INFO] [SuperResolution/]: SR_DIAG AFTER_PASS:composite3 fbo=15 attachment=8ce0 texture=56 mip=0 size=1920x1009 internalFormat=8c3a
[02Oct2026 18:51:35.838] [Render thread/INFO] [SuperResolution/]: SR_DIAG BEFORE_PASS:composite4 render=( 1.129E+3  5.930E+2) display=( 1.920E+3  1.009E+3) region-1=( 1.129E+3  5.930E+2) region-2=( 1.920E+3  1.009E+3) viewport=[0,0,1920,1009] scissor=[0,213,1920,652]/false drawFbo=15 readFbo=15 drawBuffer=36064 readBuffer=36064 drawStatus=8cd5
[02Oct2026 18:51:35.838] [Render thread/INFO] [SuperResolution/]: SR_DIAG BEFORE_PASS:composite4 fbo=15 attachment=8ce0 texture=56 mip=0 size=1920x1009 internalFormat=8c3a
[02Oct2026 18:51:35.838] [Render thread/INFO] [SuperResolution/]: SR_DIAG AFTER_PASS:composite4 render=( 1.129E+3  5.930E+2) display=( 1.920E+3  1.009E+3) region-1=( 1.129E+3  5.930E+2) region-2=( 1.920E+3  1.009E+3) viewport=[0,0,1920,1009] scissor=[0,213,1920,652]/false drawFbo=16 readFbo=16 drawBuffer=36064 readBuffer=36064 drawStatus=8cd5
[02Oct2026 18:51:35.838] [Render thread/INFO] [SuperResolution/]: SR_DIAG AFTER_PASS:composite4 fbo=16 attachment=8ce0 texture=64 mip=0 size=1920x1009 internalFormat=881a
[02Oct2026 18:51:35.838] [Render thread/INFO] [SuperResolution/]: SR_DIAG BEFORE_PASS:composite5 render=( 1.129E+3  5.930E+2) display=( 1.920E+3  1.009E+3) region-1=( 1.129E+3  5.930E+2) region-2=( 1.920E+3  1.009E+3) viewport=[0,0,1920,1009] scissor=[0,213,1920,652]/false drawFbo=16 readFbo=16 drawBuffer=36064 readBuffer=36064 drawStatus=8cd5
[02Oct2026 18:51:35.838] [Render thread/INFO] [SuperResolution/]: SR_DIAG BEFORE_PASS:composite5 fbo=16 attachment=8ce0 texture=64 mip=0 size=1920x1009 internalFormat=881a
[02Oct2026 18:51:35.838] [Render thread/INFO] [SuperResolution/]: SR_DIAG AFTER_PASS:composite5 render=( 1.129E+3  5.930E+2) display=( 1.920E+3  1.009E+3) region-1=( 1.129E+3  5.930E+2) region-2=( 1.920E+3  1.009E+3) viewport=[0,0,1920,1009] scissor=[0,213,1920,652]/false drawFbo=17 readFbo=17 drawBuffer=36064 readBuffer=36064 drawStatus=8cd5
[02Oct2026 18:51:35.838] [Render thread/INFO] [SuperResolution/]: SR_DIAG AFTER_PASS:composite5 fbo=17 attachment=8ce0 texture=63 mip=0 size=1920x1009 internalFormat=881a
[02Oct2026 18:51:35.838] [Render thread/INFO] [SuperResolution/]: SR_DIAG BEFORE_PASS:composite6 render=( 1.129E+3  5.930E+2) display=( 1.920E+3  1.009E+3) region-1=( 1.129E+3  5.930E+2) region-2=( 1.920E+3  1.009E+3) viewport=[0,0,1920,1009] scissor=[0,213,1920,652]/false drawFbo=17 readFbo=17 drawBuffer=36064 readBuffer=36064 drawStatus=8cd5
[02Oct2026 18:51:35.838] [Render thread/INFO] [SuperResolution/]: SR_DIAG BEFORE_PASS:composite6 fbo=17 attachment=8ce0 texture=63 mip=0 size=1920x1009 internalFormat=881a
[02Oct2026 18:51:35.838] [Render thread/INFO] [SuperResolution/]: SR_DIAG AFTER_PASS:composite6 render=( 1.129E+3  5.930E+2) display=( 1.920E+3  1.009E+3) region-1=( 1.129E+3  5.930E+2) region-2=( 1.920E+3  1.009E+3) viewport=[0,0,1920,1009] scissor=[0,213,1920,652]/false drawFbo=18 readFbo=18 drawBuffer=36064 readBuffer=36064 drawStatus=8cd5
[02Oct2026 18:51:35.838] [Render thread/INFO] [SuperResolution/]: SR_DIAG AFTER_PASS:composite6 fbo=18 attachment=8ce0 texture=64 mip=0 size=1920x1009 internalFormat=881a
[02Oct2026 18:51:35.838] [Render thread/INFO] [SuperResolution/]: SR_DIAG BEFORE_PASS:composite7 render=( 1.129E+3  5.930E+2) display=( 1.920E+3  1.009E+3) region-1=( 1.129E+3  5.930E+2) region-2=( 1.920E+3  1.009E+3) viewport=[0,0,1920,1009] scissor=[0,213,1920,652]/false drawFbo=18 readFbo=18 drawBuffer=36064 readBuffer=36064 drawStatus=8cd5
[02Oct2026 18:51:35.838] [Render thread/INFO] [SuperResolution/]: SR_DIAG BEFORE_PASS:composite7 fbo=18 attachment=8ce0 texture=64 mip=0 size=1920x1009 internalFormat=881a
[02Oct2026 18:51:35.838] [Render thread/INFO] [SuperResolution/]: SR_DIAG BEFORE_SR render=( 1.129E+3  5.930E+2) display=( 1.920E+3  1.009E+3) region-1=( 1.129E+3  5.930E+2) region-2=( 1.920E+3  1.009E+3) viewport=[0,0,1920,1009] scissor=[0,213,1920,652]/false drawFbo=18 readFbo=18 drawBuffer=36064 readBuffer=36064 drawStatus=8cd5
[02Oct2026 18:51:35.838] [Render thread/INFO] [SuperResolution/]: SR_DIAG BEFORE_SR fbo=18 attachment=8ce0 texture=64 mip=0 size=1920x1009 internalFormat=881a
[02Oct2026 18:51:35.875] [Render thread/INFO] [SuperResolution/]: SR_DIAG texture color id=64 size=1920x1009 format=RGBA16F target/type=Texture2D glInternalFormat=881a
[02Oct2026 18:51:35.876] [Render thread/INFO] [SuperResolution/]: SR_DIAG texture depth id=5 size=1920x1009 format=DEPTH24 target/type=Texture2D glInternalFormat=1902
[02Oct2026 18:51:35.876] [Render thread/INFO] [SuperResolution/]: SR_DIAG depth depth id=5 bits=24 componentType=8c17
[02Oct2026 18:51:35.876] [Render thread/INFO] [SuperResolution/]: SR_DIAG texture motion_vectors id=86 size=1920x1009 format=RGBA16F target/type=Texture2D glInternalFormat=881a
[02Oct2026 18:51:35.876] [Render thread/INFO] [SuperResolution/]: SR_DIAG texture algorithm_color id=95 size=1129x593 format=RGBA16F target/type=Texture2D glInternalFormat=881a
[02Oct2026 18:51:35.876] [Render thread/INFO] [SuperResolution/]: SR_DIAG texture algorithm_depth id=96 size=1129x593 format=DEPTH24 target/type=Texture2D glInternalFormat=81a6
[02Oct2026 18:51:35.876] [Render thread/INFO] [SuperResolution/]: SR_DIAG depth algorithm_depth id=96 bits=24 componentType=8c17
[02Oct2026 18:51:35.876] [Render thread/INFO] [SuperResolution/]: SR_DIAG texture algorithm_motion_vectors id=97 size=1129x593 format=RGBA16F target/type=Texture2D glInternalFormat=881a
[02Oct2026 18:51:35.959] [Render thread/INFO] [SuperResolution/]: SR_DIAG texture SR_output id=88 size=1920x1009 format=RGBA16F target/type=Texture2D glInternalFormat=881a
[02Oct2026 18:51:35.959] [Render thread/INFO] [SuperResolution/]: SR_DIAG texture autotex3/output_target id=64 size=1920x1009 format=RGBA16F target/type=Texture2D glInternalFormat=881a
[02Oct2026 18:51:35.961] [Render thread/INFO] [SuperResolution/]: SR_DIAG AFTER_SR render=( 1.129E+3  5.930E+2) display=( 1.920E+3  1.009E+3) region-1=( 1.129E+3  5.930E+2) region-2=( 1.920E+3  1.009E+3) viewport=[0,0,1920,1009] scissor=[0,213,1920,652]/false drawFbo=18 readFbo=18 drawBuffer=36064 readBuffer=36064 drawStatus=8cd5
[02Oct2026 18:51:35.961] [Render thread/INFO] [SuperResolution/]: SR_DIAG AFTER_SR fbo=18 attachment=8ce0 texture=64 mip=0 size=1920x1009 internalFormat=881a
[02Oct2026 18:51:35.961] [Render thread/INFO] [SuperResolution/]: SR_DIAG AFTER_PASS:composite7 render=( 1.129E+3  5.930E+2) display=( 1.920E+3  1.009E+3) region-1=( 1.129E+3  5.930E+2) region-2=( 1.920E+3  1.009E+3) viewport=[0,0,1920,1009] scissor=[0,213,1920,652]/false drawFbo=19 readFbo=19 drawBuffer=36064 readBuffer=36064 drawStatus=8cd5
[02Oct2026 18:51:35.961] [Render thread/INFO] [SuperResolution/]: SR_DIAG AFTER_PASS:composite7 fbo=19 attachment=8ce0 texture=63 mip=0 size=1920x1009 internalFormat=881a
[02Oct2026 18:51:35.961] [Render thread/INFO] [SuperResolution/]: SR_DIAG FINAL_PIPELINE render=( 1.129E+3  5.930E+2) display=( 1.920E+3  1.009E+3) region-1=( 1.129E+3  5.930E+2) region-2=( 1.920E+3  1.009E+3) viewport=[0,0,1920,1009] scissor=[0,213,1920,652]/false drawFbo=1 readFbo=1 drawBuffer=36064 readBuffer=36064 drawStatus=8cd5
[02Oct2026 18:51:35.961] [Render thread/INFO] [SuperResolution/]: SR_DIAG FINAL_PIPELINE fbo=1 attachment=8ce0 texture=1 mip=0 size=1920x1009 internalFormat=8058
[02Oct2026 18:51:35.961] [Render thread/INFO] [SuperResolution/]: SR_DIAG FINAL_PIPELINE fbo=1 attachment=8d00 texture=5 mip=0 size=1920x1009 internalFormat=1902
[02Oct2026 18:51:43.605] [Render thread/INFO] [SuperResolution/]: SR_DIAG glTextureStorage2D texture=54 levels=1 internalFormat=8058 size=1920x1080 label=ITexture{id=54format=RGBA8width=1920height=1080}
[02Oct2026 18:51:43.605] [Render thread/INFO] [SuperResolution/]: SR_DIAG glTextureStorage2D texture=90 levels=1 internalFormat=81a6 size=1920x1080 label=ITexture{id=90format=DEPTH24width=1920height=1080}
[02Oct2026 18:51:43.678] [Render thread/INFO] [SuperResolution/ShaderCompiler/]: Compiling shader FSR1_EASU with the compatibility shader compiler
[02Oct2026 18:51:43.742] [Render thread/INFO] [SuperResolution/ShaderCompiler/]: Compiling shader FSR1_RCAS with the compatibility shader compiler
[02Oct2026 18:51:43.788] [Render thread/INFO] [SuperResolution/]: SR_DIAG glTextureStorage2D texture=87 levels=1 internalFormat=881a size=1920x1080 label=Fsr1TempTexture
[02Oct2026 18:51:43.789] [Render thread/INFO] [SuperResolution/]: SR_DIAG glTextureStorage2D texture=88 levels=1 internalFormat=881a size=1920x1080 label=Fsr1OutputTexture
[02Oct2026 18:51:43.790] [Render thread/INFO] [SuperResolution/]: SR_DIAG glTextureStorage2D texture=91 levels=1 internalFormat=881a size=1129x635 label=SRIrisCompatInternalTexture-autotex3
[02Oct2026 18:51:43.790] [Render thread/INFO] [SuperResolution/]: SR_DIAG glTextureStorage2D texture=95 levels=1 internalFormat=81a6 size=1129x635 label=SRIrisCompatInternalTexture-depthtex
[02Oct2026 18:51:43.790] [Render thread/INFO] [SuperResolution/]: SR_DIAG glTextureStorage2D texture=96 levels=1 internalFormat=881a size=1129x635 label=SRIrisCompatInternalTexture-autotex2
[02Oct2026 18:51:43.802] [Render thread/INFO] [SuperResolution/]: SR_DIAG glTextureStorage2D texture=8 levels=1 internalFormat=8c3a size=1920x1080 label=ITexture{id=8format=R11G11B10Fwidth=1920height=1080}
[02Oct2026 18:51:43.804] [Render thread/INFO] [SuperResolution/]: SR_DIAG glTextureStorage2D texture=10 levels=1 internalFormat=88f0 size=1920x1080 label=ITexture{id=10format=DEPTH24_STENCIL8width=1920height=1080}
[02Oct2026 18:51:43.871] [Render thread/INFO] [SuperResolution/]: Created Vulkan presentation swapchain: 1920x1080, images=3, presentMode=IMMEDIATE (requested=3, min=2, max=8, plannedGeneratedFrames=0)
[02Oct2026 18:51:45.839] [Render thread/INFO] [SuperResolution/]: SR_DIAG BEFORE_PASS:deferred1 render=( 1.129E+3  6.350E+2) display=( 1.920E+3  1.080E+3) region-1=( 1.129E+3  6.350E+2) region-2=( 1.920E+3  1.080E+3) viewport=[0,0,1920,1080] scissor=[0,213,1920,652]/false drawFbo=1 readFbo=1 drawBuffer=36064 readBuffer=36064 drawStatus=8cd5
[02Oct2026 18:51:45.839] [Render thread/INFO] [SuperResolution/]: SR_DIAG BEFORE_PASS:deferred1 fbo=1 attachment=8ce0 texture=1 mip=0 size=1920x1080 internalFormat=8058
[02Oct2026 18:51:45.839] [Render thread/INFO] [SuperResolution/]: SR_DIAG BEFORE_PASS:deferred1 fbo=1 attachment=8d00 texture=5 mip=0 size=1920x1080 internalFormat=1902
[02Oct2026 18:51:45.840] [Render thread/INFO] [SuperResolution/]: SR_DIAG AFTER_PASS:deferred1 render=( 1.129E+3  6.350E+2) display=( 1.920E+3  1.080E+3) region-1=( 1.129E+3  6.350E+2) region-2=( 1.920E+3  1.080E+3) viewport=[0,0,1920,1080] scissor=[0,213,1920,652]/false drawFbo=12 readFbo=12 drawBuffer=36064 readBuffer=36064 drawStatus=8cd5
[02Oct2026 18:51:45.840] [Render thread/INFO] [SuperResolution/]: SR_DIAG AFTER_PASS:deferred1 fbo=12 attachment=8ce0 texture=56 mip=0 size=1920x1080 internalFormat=8c3a
[02Oct2026 18:51:45.841] [Render thread/INFO] [SuperResolution/]: SR_DIAG BEFORE_PASS:composite render=( 1.129E+3  6.350E+2) display=( 1.920E+3  1.080E+3) region-1=( 1.129E+3  6.350E+2) region-2=( 1.920E+3  1.080E+3) viewport=[0,0,1920,1080] scissor=[0,213,1920,652]/false drawFbo=1 readFbo=1 drawBuffer=36064 readBuffer=36064 drawStatus=8cd5
[02Oct2026 18:51:45.841] [Render thread/INFO] [SuperResolution/]: SR_DIAG BEFORE_PASS:composite fbo=1 attachment=8ce0 texture=1 mip=0 size=1920x1080 internalFormat=8058
[02Oct2026 18:51:45.841] [Render thread/INFO] [SuperResolution/]: SR_DIAG BEFORE_PASS:composite fbo=1 attachment=8d00 texture=5 mip=0 size=1920x1080 internalFormat=1902
[02Oct2026 18:51:45.841] [Render thread/INFO] [SuperResolution/]: SR_DIAG AFTER_PASS:composite render=( 1.129E+3  6.350E+2) display=( 1.920E+3  1.080E+3) region-1=( 1.129E+3  6.350E+2) region-2=( 1.920E+3  1.080E+3) viewport=[0,0,960,540] scissor=[0,213,1920,652]/false drawFbo=13 readFbo=13 drawBuffer=36064 readBuffer=36064 drawStatus=8cd5
[02Oct2026 18:51:45.841] [Render thread/INFO] [SuperResolution/]: SR_DIAG AFTER_PASS:composite fbo=13 attachment=8ce0 texture=80 mip=0 size=960x540 internalFormat=881a
[02Oct2026 18:51:45.841] [Render thread/INFO] [SuperResolution/]: SR_DIAG BEFORE_PASS:composite1 render=( 1.129E+3  6.350E+2) display=( 1.920E+3  1.080E+3) region-1=( 1.129E+3  6.350E+2) region-2=( 1.920E+3  1.080E+3) viewport=[0,0,960,540] scissor=[0,213,1920,652]/false drawFbo=13 readFbo=13 drawBuffer=36064 readBuffer=36064 drawStatus=8cd5
[02Oct2026 18:51:45.841] [Render thread/INFO] [SuperResolution/]: SR_DIAG BEFORE_PASS:composite1 fbo=13 attachment=8ce0 texture=80 mip=0 size=960x540 internalFormat=881a
[02Oct2026 18:51:45.841] [Render thread/INFO] [SuperResolution/]: SR_DIAG AFTER_PASS:composite1 render=( 1.129E+3  6.350E+2) display=( 1.920E+3  1.080E+3) region-1=( 1.129E+3  6.350E+2) region-2=( 1.920E+3  1.080E+3) viewport=[0,0,1920,1080] scissor=[0,213,1920,652]/false drawFbo=14 readFbo=14 drawBuffer=36064 readBuffer=36064 drawStatus=8cd5
[02Oct2026 18:51:45.842] [Render thread/INFO] [SuperResolution/]: SR_DIAG AFTER_PASS:composite1 fbo=14 attachment=8ce0 texture=55 mip=0 size=1920x1080 internalFormat=8c3a
[02Oct2026 18:51:45.842] [Render thread/INFO] [SuperResolution/]: SR_DIAG BEFORE_PASS:composite3 render=( 1.129E+3  6.350E+2) display=( 1.920E+3  1.080E+3) region-1=( 1.129E+3  6.350E+2) region-2=( 1.920E+3  1.080E+3) viewport=[0,0,1920,1080] scissor=[0,213,1920,652]/false drawFbo=14 readFbo=14 drawBuffer=36064 readBuffer=36064 drawStatus=8cd5
[02Oct2026 18:51:45.842] [Render thread/INFO] [SuperResolution/]: SR_DIAG BEFORE_PASS:composite3 fbo=14 attachment=8ce0 texture=55 mip=0 size=1920x1080 internalFormat=8c3a
[02Oct2026 18:51:45.842] [Render thread/INFO] [SuperResolution/]: SR_DIAG AFTER_PASS:composite3 render=( 1.129E+3  6.350E+2) display=( 1.920E+3  1.080E+3) region-1=( 1.129E+3  6.350E+2) region-2=( 1.920E+3  1.080E+3) viewport=[0,0,1920,1080] scissor=[0,213,1920,652]/false drawFbo=15 readFbo=15 drawBuffer=36064 readBuffer=36064 drawStatus=8cd5
[02Oct2026 18:51:45.842] [Render thread/INFO] [SuperResolution/]: SR_DIAG AFTER_PASS:composite3 fbo=15 attachment=8ce0 texture=56 mip=0 size=1920x1080 internalFormat=8c3a
[02Oct2026 18:51:45.842] [Render thread/INFO] [SuperResolution/]: SR_DIAG BEFORE_PASS:composite4 render=( 1.129E+3  6.350E+2) display=( 1.920E+3  1.080E+3) region-1=( 1.129E+3  6.350E+2) region-2=( 1.920E+3  1.080E+3) viewport=[0,0,1920,1080] scissor=[0,213,1920,652]/false drawFbo=15 readFbo=15 drawBuffer=36064 readBuffer=36064 drawStatus=8cd5
[02Oct2026 18:51:45.842] [Render thread/INFO] [SuperResolution/]: SR_DIAG BEFORE_PASS:composite4 fbo=15 attachment=8ce0 texture=56 mip=0 size=1920x1080 internalFormat=8c3a
[02Oct2026 18:51:45.842] [Render thread/INFO] [SuperResolution/]: SR_DIAG AFTER_PASS:composite4 render=( 1.129E+3  6.350E+2) display=( 1.920E+3  1.080E+3) region-1=( 1.129E+3  6.350E+2) region-2=( 1.920E+3  1.080E+3) viewport=[0,0,1920,1080] scissor=[0,213,1920,652]/false drawFbo=16 readFbo=16 drawBuffer=36064 readBuffer=36064 drawStatus=8cd5
[02Oct2026 18:51:45.842] [Render thread/INFO] [SuperResolution/]: SR_DIAG AFTER_PASS:composite4 fbo=16 attachment=8ce0 texture=64 mip=0 size=1920x1080 internalFormat=881a
[02Oct2026 18:51:45.842] [Render thread/INFO] [SuperResolution/]: SR_DIAG BEFORE_PASS:composite5 render=( 1.129E+3  6.350E+2) display=( 1.920E+3  1.080E+3) region-1=( 1.129E+3  6.350E+2) region-2=( 1.920E+3  1.080E+3) viewport=[0,0,1920,1080] scissor=[0,213,1920,652]/false drawFbo=16 readFbo=16 drawBuffer=36064 readBuffer=36064 drawStatus=8cd5
[02Oct2026 18:51:45.842] [Render thread/INFO] [SuperResolution/]: SR_DIAG BEFORE_PASS:composite5 fbo=16 attachment=8ce0 texture=64 mip=0 size=1920x1080 internalFormat=881a
[02Oct2026 18:51:45.843] [Render thread/INFO] [SuperResolution/]: SR_DIAG AFTER_PASS:composite5 render=( 1.129E+3  6.350E+2) display=( 1.920E+3  1.080E+3) region-1=( 1.129E+3  6.350E+2) region-2=( 1.920E+3  1.080E+3) viewport=[0,0,1920,1080] scissor=[0,213,1920,652]/false drawFbo=17 readFbo=17 drawBuffer=36064 readBuffer=36064 drawStatus=8cd5
[02Oct2026 18:51:45.843] [Render thread/INFO] [SuperResolution/]: SR_DIAG AFTER_PASS:composite5 fbo=17 attachment=8ce0 texture=63 mip=0 size=1920x1080 internalFormat=881a
[02Oct2026 18:51:45.843] [Render thread/INFO] [SuperResolution/]: SR_DIAG BEFORE_PASS:composite6 render=( 1.129E+3  6.350E+2) display=( 1.920E+3  1.080E+3) region-1=( 1.129E+3  6.350E+2) region-2=( 1.920E+3  1.080E+3) viewport=[0,0,1920,1080] scissor=[0,213,1920,652]/false drawFbo=17 readFbo=17 drawBuffer=36064 readBuffer=36064 drawStatus=8cd5
[02Oct2026 18:51:45.843] [Render thread/INFO] [SuperResolution/]: SR_DIAG BEFORE_PASS:composite6 fbo=17 attachment=8ce0 texture=63 mip=0 size=1920x1080 internalFormat=881a
[02Oct2026 18:51:45.843] [Render thread/INFO] [SuperResolution/]: SR_DIAG AFTER_PASS:composite6 render=( 1.129E+3  6.350E+2) display=( 1.920E+3  1.080E+3) region-1=( 1.129E+3  6.350E+2) region-2=( 1.920E+3  1.080E+3) viewport=[0,0,1920,1080] scissor=[0,213,1920,652]/false drawFbo=18 readFbo=18 drawBuffer=36064 readBuffer=36064 drawStatus=8cd5
[02Oct2026 18:51:45.843] [Render thread/INFO] [SuperResolution/]: SR_DIAG AFTER_PASS:composite6 fbo=18 attachment=8ce0 texture=64 mip=0 size=1920x1080 internalFormat=881a
[02Oct2026 18:51:45.843] [Render thread/INFO] [SuperResolution/]: SR_DIAG BEFORE_PASS:composite7 render=( 1.129E+3  6.350E+2) display=( 1.920E+3  1.080E+3) region-1=( 1.129E+3  6.350E+2) region-2=( 1.920E+3  1.080E+3) viewport=[0,0,1920,1080] scissor=[0,213,1920,652]/false drawFbo=18 readFbo=18 drawBuffer=36064 readBuffer=36064 drawStatus=8cd5
[02Oct2026 18:51:45.843] [Render thread/INFO] [SuperResolution/]: SR_DIAG BEFORE_PASS:composite7 fbo=18 attachment=8ce0 texture=64 mip=0 size=1920x1080 internalFormat=881a
[02Oct2026 18:51:45.843] [Render thread/INFO] [SuperResolution/]: SR_DIAG BEFORE_SR render=( 1.129E+3  6.350E+2) display=( 1.920E+3  1.080E+3) region-1=( 1.129E+3  6.350E+2) region-2=( 1.920E+3  1.080E+3) viewport=[0,0,1920,1080] scissor=[0,213,1920,652]/false drawFbo=18 readFbo=18 drawBuffer=36064 readBuffer=36064 drawStatus=8cd5
[02Oct2026 18:51:45.843] [Render thread/INFO] [SuperResolution/]: SR_DIAG BEFORE_SR fbo=18 attachment=8ce0 texture=64 mip=0 size=1920x1080 internalFormat=881a
[02Oct2026 18:51:45.881] [Render thread/INFO] [SuperResolution/]: SR_DIAG texture color id=64 size=1920x1080 format=RGBA16F target/type=Texture2D glInternalFormat=881a
[02Oct2026 18:51:45.882] [Render thread/INFO] [SuperResolution/]: SR_DIAG texture depth id=5 size=1920x1080 format=DEPTH24 target/type=Texture2D glInternalFormat=1902
[02Oct2026 18:51:45.882] [Render thread/INFO] [SuperResolution/]: SR_DIAG depth depth id=5 bits=24 componentType=8c17
[02Oct2026 18:51:45.882] [Render thread/INFO] [SuperResolution/]: SR_DIAG texture motion_vectors id=86 size=1920x1080 format=RGBA16F target/type=Texture2D glInternalFormat=881a
[02Oct2026 18:51:45.882] [Render thread/INFO] [SuperResolution/]: SR_DIAG texture algorithm_color id=91 size=1129x635 format=RGBA16F target/type=Texture2D glInternalFormat=881a
[02Oct2026 18:51:45.882] [Render thread/INFO] [SuperResolution/]: SR_DIAG texture algorithm_depth id=95 size=1129x635 format=DEPTH24 target/type=Texture2D glInternalFormat=81a6
[02Oct2026 18:51:45.882] [Render thread/INFO] [SuperResolution/]: SR_DIAG depth algorithm_depth id=95 bits=24 componentType=8c17
[02Oct2026 18:51:45.882] [Render thread/INFO] [SuperResolution/]: SR_DIAG texture algorithm_motion_vectors id=96 size=1129x635 format=RGBA16F target/type=Texture2D glInternalFormat=881a
[02Oct2026 18:51:45.975] [Render thread/INFO] [SuperResolution/]: SR_DIAG texture SR_output id=88 size=1920x1080 format=RGBA16F target/type=Texture2D glInternalFormat=881a
[02Oct2026 18:51:45.975] [Render thread/INFO] [SuperResolution/]: SR_DIAG texture autotex3/output_target id=64 size=1920x1080 format=RGBA16F target/type=Texture2D glInternalFormat=881a
[02Oct2026 18:51:45.975] [Render thread/INFO] [SuperResolution/]: SR_DIAG AFTER_SR render=( 1.129E+3  6.350E+2) display=( 1.920E+3  1.080E+3) region-1=( 1.129E+3  6.350E+2) region-2=( 1.920E+3  1.080E+3) viewport=[0,0,1920,1080] scissor=[0,213,1920,652]/false drawFbo=18 readFbo=18 drawBuffer=36064 readBuffer=36064 drawStatus=8cd5
[02Oct2026 18:51:45.975] [Render thread/INFO] [SuperResolution/]: SR_DIAG AFTER_SR fbo=18 attachment=8ce0 texture=64 mip=0 size=1920x1080 internalFormat=881a
[02Oct2026 18:51:45.977] [Render thread/INFO] [SuperResolution/]: SR_DIAG AFTER_PASS:composite7 render=( 1.129E+3  6.350E+2) display=( 1.920E+3  1.080E+3) region-1=( 1.129E+3  6.350E+2) region-2=( 1.920E+3  1.080E+3) viewport=[0,0,1920,1080] scissor=[0,213,1920,652]/false drawFbo=19 readFbo=19 drawBuffer=36064 readBuffer=36064 drawStatus=8cd5
[02Oct2026 18:51:45.977] [Render thread/INFO] [SuperResolution/]: SR_DIAG AFTER_PASS:composite7 fbo=19 attachment=8ce0 texture=63 mip=0 size=1920x1080 internalFormat=881a
[02Oct2026 18:51:45.977] [Render thread/INFO] [SuperResolution/]: SR_DIAG FINAL_PIPELINE render=( 1.129E+3  6.350E+2) display=( 1.920E+3  1.080E+3) region-1=( 1.129E+3  6.350E+2) region-2=( 1.920E+3  1.080E+3) viewport=[0,0,1920,1080] scissor=[0,213,1920,652]/false drawFbo=1 readFbo=1 drawBuffer=36064 readBuffer=36064 drawStatus=8cd5
[02Oct2026 18:51:45.977] [Render thread/INFO] [SuperResolution/]: SR_DIAG FINAL_PIPELINE fbo=1 attachment=8ce0 texture=1 mip=0 size=1920x1080 internalFormat=8058
[02Oct2026 18:51:45.977] [Render thread/INFO] [SuperResolution/]: SR_DIAG FINAL_PIPELINE fbo=1 attachment=8d00 texture=5 mip=0 size=1920x1080 internalFormat=1902
[02Oct2026 18:51:50.441] [Server thread/INFO] [net.minecraft.client.server.IntegratedServer/]: Saving and pausing game...
[02Oct2026 18:51:50.459] [Server thread/INFO] [net.minecraft.server.MinecraftServer/]: Saving chunks for level 'ServerLevel[New Worldsdfsdf]'/minecraft:overworld
[02Oct2026 18:51:50.474] [Server thread/INFO] [net.minecraft.server.MinecraftServer/]: Saving chunks for level 'ServerLevel[New Worldsdfsdf]'/minecraft:the_end
[02Oct2026 18:51:50.474] [Server thread/INFO] [net.minecraft.server.MinecraftServer/]: Saving chunks for level 'ServerLevel[New Worldsdfsdf]'/minecraft:the_nether
[02Oct2026 18:51:55.844] [Render thread/INFO] [SuperResolution/]: SR_DIAG BEFORE_PASS:deferred1 render=( 1.129E+3  6.350E+2) display=( 1.920E+3  1.080E+3) region-1=( 1.129E+3  6.350E+2) region-2=( 1.920E+3  1.080E+3) viewport=[0,0,1920,1080] scissor=[0,213,1920,652]/false drawFbo=1 readFbo=1 drawBuffer=36064 readBuffer=36064 drawStatus=8cd5
[02Oct2026 18:51:55.844] [Render thread/INFO] [SuperResolution/]: SR_DIAG BEFORE_PASS:deferred1 fbo=1 attachment=8ce0 texture=1 mip=0 size=1920x1080 internalFormat=8058
[02Oct2026 18:51:55.844] [Render thread/INFO] [SuperResolution/]: SR_DIAG BEFORE_PASS:deferred1 fbo=1 attachment=8d00 texture=5 mip=0 size=1920x1080 internalFormat=1902
[02Oct2026 18:51:55.845] [Render thread/INFO] [SuperResolution/]: SR_DIAG AFTER_PASS:deferred1 render=( 1.129E+3  6.350E+2) display=( 1.920E+3  1.080E+3) region-1=( 1.129E+3  6.350E+2) region-2=( 1.920E+3  1.080E+3) viewport=[0,0,1920,1080] scissor=[0,213,1920,652]/false drawFbo=12 readFbo=12 drawBuffer=36064 readBuffer=36064 drawStatus=8cd5
[02Oct2026 18:51:55.845] [Render thread/INFO] [SuperResolution/]: SR_DIAG AFTER_PASS:deferred1 fbo=12 attachment=8ce0 texture=56 mip=0 size=1920x1080 internalFormat=8c3a
[02Oct2026 18:51:55.847] [Render thread/INFO] [SuperResolution/]: SR_DIAG BEFORE_PASS:composite render=( 1.129E+3  6.350E+2) display=( 1.920E+3  1.080E+3) region-1=( 1.129E+3  6.350E+2) region-2=( 1.920E+3  1.080E+3) viewport=[0,0,1920,1080] scissor=[0,213,1920,652]/false drawFbo=1 readFbo=1 drawBuffer=36064 readBuffer=36064 drawStatus=8cd5
[02Oct2026 18:51:55.847] [Render thread/INFO] [SuperResolution/]: SR_DIAG BEFORE_PASS:composite fbo=1 attachment=8ce0 texture=1 mip=0 size=1920x1080 internalFormat=8058
[02Oct2026 18:51:55.847] [Render thread/INFO] [SuperResolution/]: SR_DIAG BEFORE_PASS:composite fbo=1 attachment=8d00 texture=5 mip=0 size=1920x1080 internalFormat=1902
[02Oct2026 18:51:55.847] [Render thread/INFO] [SuperResolution/]: SR_DIAG AFTER_PASS:composite render=( 1.129E+3  6.350E+2) display=( 1.920E+3  1.080E+3) region-1=( 1.129E+3  6.350E+2) region-2=( 1.920E+3  1.080E+3) viewport=[0,0,960,540] scissor=[0,213,1920,652]/false drawFbo=13 readFbo=13 drawBuffer=36064 readBuffer=36064 drawStatus=8cd5
[02Oct2026 18:51:55.847] [Render thread/INFO] [SuperResolution/]: SR_DIAG AFTER_PASS:composite fbo=13 attachment=8ce0 texture=80 mip=0 size=960x540 internalFormat=881a
[02Oct2026 18:51:55.847] [Render thread/INFO] [SuperResolution/]: SR_DIAG BEFORE_PASS:composite1 render=( 1.129E+3  6.350E+2) display=( 1.920E+3  1.080E+3) region-1=( 1.129E+3  6.350E+2) region-2=( 1.920E+3  1.080E+3) viewport=[0,0,960,540] scissor=[0,213,1920,652]/false drawFbo=13 readFbo=13 drawBuffer=36064 readBuffer=36064 drawStatus=8cd5
[02Oct2026 18:51:55.847] [Render thread/INFO] [SuperResolution/]: SR_DIAG BEFORE_PASS:composite1 fbo=13 attachment=8ce0 texture=80 mip=0 size=960x540 internalFormat=881a
[02Oct2026 18:51:55.847] [Render thread/INFO] [SuperResolution/]: SR_DIAG AFTER_PASS:composite1 render=( 1.129E+3  6.350E+2) display=( 1.920E+3  1.080E+3) region-1=( 1.129E+3  6.350E+2) region-2=( 1.920E+3  1.080E+3) viewport=[0,0,1920,1080] scissor=[0,213,1920,652]/false drawFbo=14 readFbo=14 drawBuffer=36064 readBuffer=36064 drawStatus=8cd5
[02Oct2026 18:51:55.847] [Render thread/INFO] [SuperResolution/]: SR_DIAG AFTER_PASS:composite1 fbo=14 attachment=8ce0 texture=55 mip=0 size=1920x1080 internalFormat=8c3a
[02Oct2026 18:51:55.847] [Render thread/INFO] [SuperResolution/]: SR_DIAG BEFORE_PASS:composite3 render=( 1.129E+3  6.350E+2) display=( 1.920E+3  1.080E+3) region-1=( 1.129E+3  6.350E+2) region-2=( 1.920E+3  1.080E+3) viewport=[0,0,1920,1080] scissor=[0,213,1920,652]/false drawFbo=14 readFbo=14 drawBuffer=36064 readBuffer=36064 drawStatus=8cd5
[02Oct2026 18:51:55.847] [Render thread/INFO] [SuperResolution/]: SR_DIAG BEFORE_PASS:composite3 fbo=14 attachment=8ce0 texture=55 mip=0 size=1920x1080 internalFormat=8c3a
[02Oct2026 18:51:55.847] [Render thread/INFO] [SuperResolution/]: SR_DIAG AFTER_PASS:composite3 render=( 1.129E+3  6.350E+2) display=( 1.920E+3  1.080E+3) region-1=( 1.129E+3  6.350E+2) region-2=( 1.920E+3  1.080E+3) viewport=[0,0,1920,1080] scissor=[0,213,1920,652]/false drawFbo=15 readFbo=15 drawBuffer=36064 readBuffer=36064 drawStatus=8cd5
[02Oct2026 18:51:55.848] [Render thread/INFO] [SuperResolution/]: SR_DIAG AFTER_PASS:composite3 fbo=15 attachment=8ce0 texture=56 mip=0 size=1920x1080 internalFormat=8c3a
[02Oct2026 18:51:55.848] [Render thread/INFO] [SuperResolution/]: SR_DIAG BEFORE_PASS:composite4 render=( 1.129E+3  6.350E+2) display=( 1.920E+3  1.080E+3) region-1=( 1.129E+3  6.350E+2) region-2=( 1.920E+3  1.080E+3) viewport=[0,0,1920,1080] scissor=[0,213,1920,652]/false drawFbo=15 readFbo=15 drawBuffer=36064 readBuffer=36064 drawStatus=8cd5
[02Oct2026 18:51:55.848] [Render thread/INFO] [SuperResolution/]: SR_DIAG BEFORE_PASS:composite4 fbo=15 attachment=8ce0 texture=56 mip=0 size=1920x1080 internalFormat=8c3a
[02Oct2026 18:51:55.849] [Render thread/INFO] [SuperResolution/]: SR_DIAG AFTER_PASS:composite4 render=( 1.129E+3  6.350E+2) display=( 1.920E+3  1.080E+3) region-1=( 1.129E+3  6.350E+2) region-2=( 1.920E+3  1.080E+3) viewport=[0,0,1920,1080] scissor=[0,213,1920,652]/false drawFbo=16 readFbo=16 drawBuffer=36064 readBuffer=36064 drawStatus=8cd5
[02Oct2026 18:51:55.849] [Render thread/INFO] [SuperResolution/]: SR_DIAG AFTER_PASS:composite4 fbo=16 attachment=8ce0 texture=64 mip=0 size=1920x1080 internalFormat=881a
[02Oct2026 18:51:55.849] [Render thread/INFO] [SuperResolution/]: SR_DIAG BEFORE_PASS:composite5 render=( 1.129E+3  6.350E+2) display=( 1.920E+3  1.080E+3) region-1=( 1.129E+3  6.350E+2) region-2=( 1.920E+3  1.080E+3) viewport=[0,0,1920,1080] scissor=[0,213,1920,652]/false drawFbo=16 readFbo=16 drawBuffer=36064 readBuffer=36064 drawStatus=8cd5
[02Oct2026 18:51:55.849] [Render thread/INFO] [SuperResolution/]: SR_DIAG BEFORE_PASS:composite5 fbo=16 attachment=8ce0 texture=64 mip=0 size=1920x1080 internalFormat=881a
[02Oct2026 18:51:55.849] [Render thread/INFO] [SuperResolution/]: SR_DIAG AFTER_PASS:composite5 render=( 1.129E+3  6.350E+2) display=( 1.920E+3  1.080E+3) region-1=( 1.129E+3  6.350E+2) region-2=( 1.920E+3  1.080E+3) viewport=[0,0,1920,1080] scissor=[0,213,1920,652]/false drawFbo=17 readFbo=17 drawBuffer=36064 readBuffer=36064 drawStatus=8cd5
[02Oct2026 18:51:55.849] [Render thread/INFO] [SuperResolution/]: SR_DIAG AFTER_PASS:composite5 fbo=17 attachment=8ce0 texture=63 mip=0 size=1920x1080 internalFormat=881a
[02Oct2026 18:51:55.849] [Render thread/INFO] [SuperResolution/]: SR_DIAG BEFORE_PASS:composite6 render=( 1.129E+3  6.350E+2) display=( 1.920E+3  1.080E+3) region-1=( 1.129E+3  6.350E+2) region-2=( 1.920E+3  1.080E+3) viewport=[0,0,1920,1080] scissor=[0,213,1920,652]/false drawFbo=17 readFbo=17 drawBuffer=36064 readBuffer=36064 drawStatus=8cd5
[02Oct2026 18:51:55.849] [Render thread/INFO] [SuperResolution/]: SR_DIAG BEFORE_PASS:composite6 fbo=17 attachment=8ce0 texture=63 mip=0 size=1920x1080 internalFormat=881a
[02Oct2026 18:51:55.849] [Render thread/INFO] [SuperResolution/]: SR_DIAG AFTER_PASS:composite6 render=( 1.129E+3  6.350E+2) display=( 1.920E+3  1.080E+3) region-1=( 1.129E+3  6.350E+2) region-2=( 1.920E+3  1.080E+3) viewport=[0,0,1920,1080] scissor=[0,213,1920,652]/false drawFbo=18 readFbo=18 drawBuffer=36064 readBuffer=36064 drawStatus=8cd5
[02Oct2026 18:51:55.849] [Render thread/INFO] [SuperResolution/]: SR_DIAG AFTER_PASS:composite6 fbo=18 attachment=8ce0 texture=64 mip=0 size=1920x1080 internalFormat=881a
[02Oct2026 18:51:55.849] [Render thread/INFO] [SuperResolution/]: SR_DIAG BEFORE_PASS:composite7 render=( 1.129E+3  6.350E+2) display=( 1.920E+3  1.080E+3) region-1=( 1.129E+3  6.350E+2) region-2=( 1.920E+3  1.080E+3) viewport=[0,0,1920,1080] scissor=[0,213,1920,652]/false drawFbo=18 readFbo=18 drawBuffer=36064 readBuffer=36064 drawStatus=8cd5
[02Oct2026 18:51:55.849] [Render thread/INFO] [SuperResolution/]: SR_DIAG BEFORE_PASS:composite7 fbo=18 attachment=8ce0 texture=64 mip=0 size=1920x1080 internalFormat=881a
[02Oct2026 18:51:55.849] [Render thread/INFO] [SuperResolution/]: SR_DIAG BEFORE_SR render=( 1.129E+3  6.350E+2) display=( 1.920E+3  1.080E+3) region-1=( 1.129E+3  6.350E+2) region-2=( 1.920E+3  1.080E+3) viewport=[0,0,1920,1080] scissor=[0,213,1920,652]/false drawFbo=18 readFbo=18 drawBuffer=36064 readBuffer=36064 drawStatus=8cd5
[02Oct2026 18:51:55.849] [Render thread/INFO] [SuperResolution/]: SR_DIAG BEFORE_SR fbo=18 attachment=8ce0 texture=64 mip=0 size=1920x1080 internalFormat=881a
[02Oct2026 18:51:55.883] [Render thread/INFO] [SuperResolution/]: SR_DIAG texture color id=64 size=1920x1080 format=RGBA16F target/type=Texture2D glInternalFormat=881a
[02Oct2026 18:51:55.883] [Render thread/INFO] [SuperResolution/]: SR_DIAG texture depth id=5 size=1920x1080 format=DEPTH24 target/type=Texture2D glInternalFormat=1902
[02Oct2026 18:51:55.883] [Render thread/INFO] [SuperResolution/]: SR_DIAG depth depth id=5 bits=24 componentType=8c17
[02Oct2026 18:51:55.883] [Render thread/INFO] [SuperResolution/]: SR_DIAG texture motion_vectors id=86 size=1920x1080 format=RGBA16F target/type=Texture2D glInternalFormat=881a
[02Oct2026 18:51:55.883] [Render thread/INFO] [SuperResolution/]: SR_DIAG texture algorithm_color id=91 size=1129x635 format=RGBA16F target/type=Texture2D glInternalFormat=881a
[02Oct2026 18:51:55.883] [Render thread/INFO] [SuperResolution/]: SR_DIAG texture algorithm_depth id=95 size=1129x635 format=DEPTH24 target/type=Texture2D glInternalFormat=81a6
[02Oct2026 18:51:55.883] [Render thread/INFO] [SuperResolution/]: SR_DIAG depth algorithm_depth id=95 bits=24 componentType=8c17
[02Oct2026 18:51:55.883] [Render thread/INFO] [SuperResolution/]: SR_DIAG texture algorithm_motion_vectors id=96 size=1129x635 format=RGBA16F target/type=Texture2D glInternalFormat=881a
[02Oct2026 18:51:55.989] [Render thread/INFO] [SuperResolution/]: SR_DIAG texture SR_output id=88 size=1920x1080 format=RGBA16F target/type=Texture2D glInternalFormat=881a
[02Oct2026 18:51:55.990] [Render thread/INFO] [SuperResolution/]: SR_DIAG texture autotex3/output_target id=64 size=1920x1080 format=RGBA16F target/type=Texture2D glInternalFormat=881a
[02Oct2026 18:51:55.990] [Render thread/INFO] [SuperResolution/]: SR_DIAG AFTER_SR render=( 1.129E+3  6.350E+2) display=( 1.920E+3  1.080E+3) region-1=( 1.129E+3  6.350E+2) region-2=( 1.920E+3  1.080E+3) viewport=[0,0,1920,1080] scissor=[0,213,1920,652]/false drawFbo=18 readFbo=18 drawBuffer=36064 readBuffer=36064 drawStatus=8cd5
[02Oct2026 18:51:55.990] [Render thread/INFO] [SuperResolution/]: SR_DIAG AFTER_SR fbo=18 attachment=8ce0 texture=64 mip=0 size=1920x1080 internalFormat=881a
[02Oct2026 18:51:55.990] [Render thread/INFO] [SuperResolution/]: SR_DIAG AFTER_PASS:composite7 render=( 1.129E+3  6.350E+2) display=( 1.920E+3  1.080E+3) region-1=( 1.129E+3  6.350E+2) region-2=( 1.920E+3  1.080E+3) viewport=[0,0,1920,1080] scissor=[0,213,1920,652]/false drawFbo=19 readFbo=19 drawBuffer=36064 readBuffer=36064 drawStatus=8cd5
[02Oct2026 18:51:55.990] [Render thread/INFO] [SuperResolution/]: SR_DIAG AFTER_PASS:composite7 fbo=19 attachment=8ce0 texture=63 mip=0 size=1920x1080 internalFormat=881a
[02Oct2026 18:51:55.990] [Render thread/INFO] [SuperResolution/]: SR_DIAG FINAL_PIPELINE render=( 1.129E+3  6.350E+2) display=( 1.920E+3  1.080E+3) region-1=( 1.129E+3  6.350E+2) region-2=( 1.920E+3  1.080E+3) viewport=[0,0,1920,1080] scissor=[0,213,1920,652]/false drawFbo=1 readFbo=1 drawBuffer=36064 readBuffer=36064 drawStatus=8cd5
[02Oct2026 18:51:55.990] [Render thread/INFO] [SuperResolution/]: SR_DIAG FINAL_PIPELINE fbo=1 attachment=8ce0 texture=1 mip=0 size=1920x1080 internalFormat=8058
[02Oct2026 18:51:55.990] [Render thread/INFO] [SuperResolution/]: SR_DIAG FINAL_PIPELINE fbo=1 attachment=8d00 texture=5 mip=0 size=1920x1080 internalFormat=1902
[02Oct2026 18:52:05.845] [Render thread/INFO] [SuperResolution/]: SR_DIAG BEFORE_PASS:deferred1 render=( 1.129E+3  6.350E+2) display=( 1.920E+3  1.080E+3) region-1=( 1.129E+3  6.350E+2) region-2=( 1.920E+3  1.080E+3) viewport=[0,0,1920,1080] scissor=[0,213,1920,652]/false drawFbo=1 readFbo=1 drawBuffer=36064 readBuffer=36064 drawStatus=8cd5
[02Oct2026 18:52:05.845] [Render thread/INFO] [SuperResolution/]: SR_DIAG BEFORE_PASS:deferred1 fbo=1 attachment=8ce0 texture=1 mip=0 size=1920x1080 internalFormat=8058
[02Oct2026 18:52:05.845] [Render thread/INFO] [SuperResolution/]: SR_DIAG BEFORE_PASS:deferred1 fbo=1 attachment=8d00 texture=5 mip=0 size=1920x1080 internalFormat=1902
[02Oct2026 18:52:05.845] [Render thread/INFO] [SuperResolution/]: SR_DIAG AFTER_PASS:deferred1 render=( 1.129E+3  6.350E+2) display=( 1.920E+3  1.080E+3) region-1=( 1.129E+3  6.350E+2) region-2=( 1.920E+3  1.080E+3) viewport=[0,0,1920,1080] scissor=[0,213,1920,652]/false drawFbo=12 readFbo=12 drawBuffer=36064 readBuffer=36064 drawStatus=8cd5
[02Oct2026 18:52:05.845] [Render thread/INFO] [SuperResolution/]: SR_DIAG AFTER_PASS:deferred1 fbo=12 attachment=8ce0 texture=56 mip=0 size=1920x1080 internalFormat=8c3a
[02Oct2026 18:52:05.853] [Render thread/INFO] [SuperResolution/]: SR_DIAG BEFORE_PASS:composite render=( 1.129E+3  6.350E+2) display=( 1.920E+3  1.080E+3) region-1=( 1.129E+3  6.350E+2) region-2=( 1.920E+3  1.080E+3) viewport=[0,0,1920,1080] scissor=[0,213,1920,652]/false drawFbo=1 readFbo=1 drawBuffer=36064 readBuffer=36064 drawStatus=8cd5
[02Oct2026 18:52:05.853] [Render thread/INFO] [SuperResolution/]: SR_DIAG BEFORE_PASS:composite fbo=1 attachment=8ce0 texture=1 mip=0 size=1920x1080 internalFormat=8058
[02Oct2026 18:52:05.853] [Render thread/INFO] [SuperResolution/]: SR_DIAG BEFORE_PASS:composite fbo=1 attachment=8d00 texture=5 mip=0 size=1920x1080 internalFormat=1902
[02Oct2026 18:52:05.854] [Render thread/INFO] [SuperResolution/]: SR_DIAG AFTER_PASS:composite render=( 1.129E+3  6.350E+2) display=( 1.920E+3  1.080E+3) region-1=( 1.129E+3  6.350E+2) region-2=( 1.920E+3  1.080E+3) viewport=[0,0,960,540] scissor=[0,213,1920,652]/false drawFbo=13 readFbo=13 drawBuffer=36064 readBuffer=36064 drawStatus=8cd5
[02Oct2026 18:52:05.854] [Render thread/INFO] [SuperResolution/]: SR_DIAG AFTER_PASS:composite fbo=13 attachment=8ce0 texture=80 mip=0 size=960x540 internalFormat=881a
[02Oct2026 18:52:05.854] [Render thread/INFO] [SuperResolution/]: SR_DIAG BEFORE_PASS:composite1 render=( 1.129E+3  6.350E+2) display=( 1.920E+3  1.080E+3) region-1=( 1.129E+3  6.350E+2) region-2=( 1.920E+3  1.080E+3) viewport=[0,0,960,540] scissor=[0,213,1920,652]/false drawFbo=13 readFbo=13 drawBuffer=36064 readBuffer=36064 drawStatus=8cd5
[02Oct2026 18:52:05.854] [Render thread/INFO] [SuperResolution/]: SR_DIAG BEFORE_PASS:composite1 fbo=13 attachment=8ce0 texture=80 mip=0 size=960x540 internalFormat=881a
[02Oct2026 18:52:05.854] [Render thread/INFO] [SuperResolution/]: SR_DIAG AFTER_PASS:composite1 render=( 1.129E+3  6.350E+2) display=( 1.920E+3  1.080E+3) region-1=( 1.129E+3  6.350E+2) region-2=( 1.920E+3  1.080E+3) viewport=[0,0,1920,1080] scissor=[0,213,1920,652]/false drawFbo=14 readFbo=14 drawBuffer=36064 readBuffer=36064 drawStatus=8cd5
[02Oct2026 18:52:05.854] [Render thread/INFO] [SuperResolution/]: SR_DIAG AFTER_PASS:composite1 fbo=14 attachment=8ce0 texture=55 mip=0 size=1920x1080 internalFormat=8c3a
[02Oct2026 18:52:05.854] [Render thread/INFO] [SuperResolution/]: SR_DIAG BEFORE_PASS:composite3 render=( 1.129E+3  6.350E+2) display=( 1.920E+3  1.080E+3) region-1=( 1.129E+3  6.350E+2) region-2=( 1.920E+3  1.080E+3) viewport=[0,0,1920,1080] scissor=[0,213,1920,652]/false drawFbo=14 readFbo=14 drawBuffer=36064 readBuffer=36064 drawStatus=8cd5
[02Oct2026 18:52:05.854] [Render thread/INFO] [SuperResolution/]: SR_DIAG BEFORE_PASS:composite3 fbo=14 attachment=8ce0 texture=55 mip=0 size=1920x1080 internalFormat=8c3a
[02Oct2026 18:52:05.854] [Render thread/INFO] [SuperResolution/]: SR_DIAG AFTER_PASS:composite3 render=( 1.129E+3  6.350E+2) display=( 1.920E+3  1.080E+3) region-1=( 1.129E+3  6.350E+2) region-2=( 1.920E+3  1.080E+3) viewport=[0,0,1920,1080] scissor=[0,213,1920,652]/false drawFbo=15 readFbo=15 drawBuffer=36064 readBuffer=36064 drawStatus=8cd5
[02Oct2026 18:52:05.854] [Render thread/INFO] [SuperResolution/]: SR_DIAG AFTER_PASS:composite3 fbo=15 attachment=8ce0 texture=56 mip=0 size=1920x1080 internalFormat=8c3a
[02Oct2026 18:52:05.854] [Render thread/INFO] [SuperResolution/]: SR_DIAG BEFORE_PASS:composite4 render=( 1.129E+3  6.350E+2) display=( 1.920E+3  1.080E+3) region-1=( 1.129E+3  6.350E+2) region-2=( 1.920E+3  1.080E+3) viewport=[0,0,1920,1080] scissor=[0,213,1920,652]/false drawFbo=15 readFbo=15 drawBuffer=36064 readBuffer=36064 drawStatus=8cd5
[02Oct2026 18:52:05.854] [Render thread/INFO] [SuperResolution/]: SR_DIAG BEFORE_PASS:composite4 fbo=15 attachment=8ce0 texture=56 mip=0 size=1920x1080 internalFormat=8c3a
[02Oct2026 18:52:05.854] [Render thread/INFO] [SuperResolution/]: SR_DIAG AFTER_PASS:composite4 render=( 1.129E+3  6.350E+2) display=( 1.920E+3  1.080E+3) region-1=( 1.129E+3  6.350E+2) region-2=( 1.920E+3  1.080E+3) viewport=[0,0,1920,1080] scissor=[0,213,1920,652]/false drawFbo=16 readFbo=16 drawBuffer=36064 readBuffer=36064 drawStatus=8cd5
[02Oct2026 18:52:05.854] [Render thread/INFO] [SuperResolution/]: SR_DIAG AFTER_PASS:composite4 fbo=16 attachment=8ce0 texture=64 mip=0 size=1920x1080 internalFormat=881a
[02Oct2026 18:52:05.854] [Render thread/INFO] [SuperResolution/]: SR_DIAG BEFORE_PASS:composite5 render=( 1.129E+3  6.350E+2) display=( 1.920E+3  1.080E+3) region-1=( 1.129E+3  6.350E+2) region-2=( 1.920E+3  1.080E+3) viewport=[0,0,1920,1080] scissor=[0,213,1920,652]/false drawFbo=16 readFbo=16 drawBuffer=36064 readBuffer=36064 drawStatus=8cd5
[02Oct2026 18:52:05.854] [Render thread/INFO] [SuperResolution/]: SR_DIAG BEFORE_PASS:composite5 fbo=16 attachment=8ce0 texture=64 mip=0 size=1920x1080 internalFormat=881a
[02Oct2026 18:52:05.854] [Render thread/INFO] [SuperResolution/]: SR_DIAG AFTER_PASS:composite5 render=( 1.129E+3  6.350E+2) display=( 1.920E+3  1.080E+3) region-1=( 1.129E+3  6.350E+2) region-2=( 1.920E+3  1.080E+3) viewport=[0,0,1920,1080] scissor=[0,213,1920,652]/false drawFbo=17 readFbo=17 drawBuffer=36064 readBuffer=36064 drawStatus=8cd5
[02Oct2026 18:52:05.855] [Render thread/INFO] [SuperResolution/]: SR_DIAG AFTER_PASS:composite5 fbo=17 attachment=8ce0 texture=63 mip=0 size=1920x1080 internalFormat=881a
[02Oct2026 18:52:05.855] [Render thread/INFO] [SuperResolution/]: SR_DIAG BEFORE_PASS:composite6 render=( 1.129E+3  6.350E+2) display=( 1.920E+3  1.080E+3) region-1=( 1.129E+3  6.350E+2) region-2=( 1.920E+3  1.080E+3) viewport=[0,0,1920,1080] scissor=[0,213,1920,652]/false drawFbo=17 readFbo=17 drawBuffer=36064 readBuffer=36064 drawStatus=8cd5
[02Oct2026 18:52:05.855] [Render thread/INFO] [SuperResolution/]: SR_DIAG BEFORE_PASS:composite6 fbo=17 attachment=8ce0 texture=63 mip=0 size=1920x1080 internalFormat=881a
[02Oct2026 18:52:05.855] [Render thread/INFO] [SuperResolution/]: SR_DIAG AFTER_PASS:composite6 render=( 1.129E+3  6.350E+2) display=( 1.920E+3  1.080E+3) region-1=( 1.129E+3  6.350E+2) region-2=( 1.920E+3  1.080E+3) viewport=[0,0,1920,1080] scissor=[0,213,1920,652]/false drawFbo=18 readFbo=18 drawBuffer=36064 readBuffer=36064 drawStatus=8cd5
[02Oct2026 18:52:05.855] [Render thread/INFO] [SuperResolution/]: SR_DIAG AFTER_PASS:composite6 fbo=18 attachment=8ce0 texture=64 mip=0 size=1920x1080 internalFormat=881a
[02Oct2026 18:52:05.855] [Render thread/INFO] [SuperResolution/]: SR_DIAG BEFORE_PASS:composite7 render=( 1.129E+3  6.350E+2) display=( 1.920E+3  1.080E+3) region-1=( 1.129E+3  6.350E+2) region-2=( 1.920E+3  1.080E+3) viewport=[0,0,1920,1080] scissor=[0,213,1920,652]/false drawFbo=18 readFbo=18 drawBuffer=36064 readBuffer=36064 drawStatus=8cd5
[02Oct2026 18:52:05.855] [Render thread/INFO] [SuperResolution/]: SR_DIAG BEFORE_PASS:composite7 fbo=18 attachment=8ce0 texture=64 mip=0 size=1920x1080 internalFormat=881a
[02Oct2026 18:52:05.855] [Render thread/INFO] [SuperResolution/]: SR_DIAG BEFORE_SR render=( 1.129E+3  6.350E+2) display=( 1.920E+3  1.080E+3) region-1=( 1.129E+3  6.350E+2) region-2=( 1.920E+3  1.080E+3) viewport=[0,0,1920,1080] scissor=[0,213,1920,652]/false drawFbo=18 readFbo=18 drawBuffer=36064 readBuffer=36064 drawStatus=8cd5
[02Oct2026 18:52:05.855] [Render thread/INFO] [SuperResolution/]: SR_DIAG BEFORE_SR fbo=18 attachment=8ce0 texture=64 mip=0 size=1920x1080 internalFormat=881a
[02Oct2026 18:52:05.888] [Render thread/INFO] [SuperResolution/]: SR_DIAG texture color id=64 size=1920x1080 format=RGBA16F target/type=Texture2D glInternalFormat=881a
[02Oct2026 18:52:05.888] [Render thread/INFO] [SuperResolution/]: SR_DIAG texture depth id=5 size=1920x1080 format=DEPTH24 target/type=Texture2D glInternalFormat=1902
[02Oct2026 18:52:05.888] [Render thread/INFO] [SuperResolution/]: SR_DIAG depth depth id=5 bits=24 componentType=8c17
[02Oct2026 18:52:05.888] [Render thread/INFO] [SuperResolution/]: SR_DIAG texture motion_vectors id=86 size=1920x1080 format=RGBA16F target/type=Texture2D glInternalFormat=881a
[02Oct2026 18:52:05.888] [Render thread/INFO] [SuperResolution/]: SR_DIAG texture algorithm_color id=91 size=1129x635 format=RGBA16F target/type=Texture2D glInternalFormat=881a
[02Oct2026 18:52:05.888] [Render thread/INFO] [SuperResolution/]: SR_DIAG texture algorithm_depth id=95 size=1129x635 format=DEPTH24 target/type=Texture2D glInternalFormat=81a6
[02Oct2026 18:52:05.888] [Render thread/INFO] [SuperResolution/]: SR_DIAG depth algorithm_depth id=95 bits=24 componentType=8c17
[02Oct2026 18:52:05.888] [Render thread/INFO] [SuperResolution/]: SR_DIAG texture algorithm_motion_vectors id=96 size=1129x635 format=RGBA16F target/type=Texture2D glInternalFormat=881a
[02Oct2026 18:52:06.032] [Render thread/INFO] [SuperResolution/]: SR_DIAG texture SR_output id=88 size=1920x1080 format=RGBA16F target/type=Texture2D glInternalFormat=881a
[02Oct2026 18:52:06.032] [Render thread/INFO] [SuperResolution/]: SR_DIAG texture autotex3/output_target id=64 size=1920x1080 format=RGBA16F target/type=Texture2D glInternalFormat=881a
[02Oct2026 18:52:06.032] [Render thread/INFO] [SuperResolution/]: SR_DIAG AFTER_SR render=( 1.129E+3  6.350E+2) display=( 1.920E+3  1.080E+3) region-1=( 1.129E+3  6.350E+2) region-2=( 1.920E+3  1.080E+3) viewport=[0,0,1920,1080] scissor=[0,213,1920,652]/false drawFbo=18 readFbo=18 drawBuffer=36064 readBuffer=36064 drawStatus=8cd5
[02Oct2026 18:52:06.033] [Render thread/INFO] [SuperResolution/]: SR_DIAG AFTER_SR fbo=18 attachment=8ce0 texture=64 mip=0 size=1920x1080 internalFormat=881a
[02Oct2026 18:52:06.033] [Render thread/INFO] [SuperResolution/]: SR_DIAG AFTER_PASS:composite7 render=( 1.129E+3  6.350E+2) display=( 1.920E+3  1.080E+3) region-1=( 1.129E+3  6.350E+2) region-2=( 1.920E+3  1.080E+3) viewport=[0,0,1920,1080] scissor=[0,213,1920,652]/false drawFbo=19 readFbo=19 drawBuffer=36064 readBuffer=36064 drawStatus=8cd5
[02Oct2026 18:52:06.033] [Render thread/INFO] [SuperResolution/]: SR_DIAG AFTER_PASS:composite7 fbo=19 attachment=8ce0 texture=63 mip=0 size=1920x1080 internalFormat=881a
[02Oct2026 18:52:06.034] [Render thread/INFO] [SuperResolution/]: SR_DIAG FINAL_PIPELINE render=( 1.129E+3  6.350E+2) display=( 1.920E+3  1.080E+3) region-1=( 1.129E+3  6.350E+2) region-2=( 1.920E+3  1.080E+3) viewport=[0,0,1920,1080] scissor=[0,213,1920,652]/false drawFbo=1 readFbo=1 drawBuffer=36064 readBuffer=36064 drawStatus=8cd5
[02Oct2026 18:52:06.034] [Render thread/INFO] [SuperResolution/]: SR_DIAG FINAL_PIPELINE fbo=1 attachment=8ce0 texture=1 mip=0 size=1920x1080 internalFormat=8058
[02Oct2026 18:52:06.034] [Render thread/INFO] [SuperResolution/]: SR_DIAG FINAL_PIPELINE fbo=1 attachment=8d00 texture=5 mip=0 size=1920x1080 internalFormat=1902
[02Oct2026 18:52:06.676] [Render thread/INFO] [SuperResolution/]: Created Vulkan presentation swapchain: 1920x1080, images=3, presentMode=IMMEDIATE (requested=3, min=2, max=8, plannedGeneratedFrames=0)
[02Oct2026 18:52:15.846] [Render thread/INFO] [SuperResolution/]: SR_DIAG BEFORE_PASS:deferred1 render=( 1.129E+3  6.350E+2) display=( 1.920E+3  1.080E+3) region-1=( 1.129E+3  6.350E+2) region-2=( 1.920E+3  1.080E+3) viewport=[0,0,1920,1080] scissor=[0,213,1920,652]/false drawFbo=1 readFbo=1 drawBuffer=36064 readBuffer=36064 drawStatus=8cd5
[02Oct2026 18:52:15.847] [Render thread/INFO] [SuperResolution/]: SR_DIAG BEFORE_PASS:deferred1 fbo=1 attachment=8ce0 texture=1 mip=0 size=1920x1080 internalFormat=8058
[02Oct2026 18:52:15.847] [Render thread/INFO] [SuperResolution/]: SR_DIAG BEFORE_PASS:deferred1 fbo=1 attachment=8d00 texture=5 mip=0 size=1920x1080 internalFormat=1902
[02Oct2026 18:52:15.847] [Render thread/INFO] [SuperResolution/]: SR_DIAG AFTER_PASS:deferred1 render=( 1.129E+3  6.350E+2) display=( 1.920E+3  1.080E+3) region-1=( 1.129E+3  6.350E+2) region-2=( 1.920E+3  1.080E+3) viewport=[0,0,1920,1080] scissor=[0,213,1920,652]/false drawFbo=12 readFbo=12 drawBuffer=36064 readBuffer=36064 drawStatus=8cd5
[02Oct2026 18:52:15.847] [Render thread/INFO] [SuperResolution/]: SR_DIAG AFTER_PASS:deferred1 fbo=12 attachment=8ce0 texture=56 mip=0 size=1920x1080 internalFormat=8c3a
[02Oct2026 18:52:15.866] [Render thread/INFO] [SuperResolution/]: SR_DIAG BEFORE_PASS:composite render=( 1.129E+3  6.350E+2) display=( 1.920E+3  1.080E+3) region-1=( 1.129E+3  6.350E+2) region-2=( 1.920E+3  1.080E+3) viewport=[0,0,1920,1080] scissor=[0,213,1920,652]/false drawFbo=1 readFbo=1 drawBuffer=36064 readBuffer=36064 drawStatus=8cd5
[02Oct2026 18:52:15.866] [Render thread/INFO] [SuperResolution/]: SR_DIAG BEFORE_PASS:composite fbo=1 attachment=8ce0 texture=1 mip=0 size=1920x1080 internalFormat=8058
[02Oct2026 18:52:15.866] [Render thread/INFO] [SuperResolution/]: SR_DIAG BEFORE_PASS:composite fbo=1 attachment=8d00 texture=5 mip=0 size=1920x1080 internalFormat=1902
[02Oct2026 18:52:15.866] [Render thread/INFO] [SuperResolution/]: SR_DIAG AFTER_PASS:composite render=( 1.129E+3  6.350E+2) display=( 1.920E+3  1.080E+3) region-1=( 1.129E+3  6.350E+2) region-2=( 1.920E+3  1.080E+3) viewport=[0,0,960,540] scissor=[0,213,1920,652]/false drawFbo=13 readFbo=13 drawBuffer=36064 readBuffer=36064 drawStatus=8cd5
[02Oct2026 18:52:15.866] [Render thread/INFO] [SuperResolution/]: SR_DIAG AFTER_PASS:composite fbo=13 attachment=8ce0 texture=80 mip=0 size=960x540 internalFormat=881a
[02Oct2026 18:52:15.866] [Render thread/INFO] [SuperResolution/]: SR_DIAG BEFORE_PASS:composite1 render=( 1.129E+3  6.350E+2) display=( 1.920E+3  1.080E+3) region-1=( 1.129E+3  6.350E+2) region-2=( 1.920E+3  1.080E+3) viewport=[0,0,960,540] scissor=[0,213,1920,652]/false drawFbo=13 readFbo=13 drawBuffer=36064 readBuffer=36064 drawStatus=8cd5
[02Oct2026 18:52:15.866] [Render thread/INFO] [SuperResolution/]: SR_DIAG BEFORE_PASS:composite1 fbo=13 attachment=8ce0 texture=80 mip=0 size=960x540 internalFormat=881a
[02Oct2026 18:52:15.867] [Render thread/INFO] [SuperResolution/]: SR_DIAG AFTER_PASS:composite1 render=( 1.129E+3  6.350E+2) display=( 1.920E+3  1.080E+3) region-1=( 1.129E+3  6.350E+2) region-2=( 1.920E+3  1.080E+3) viewport=[0,0,1920,1080] scissor=[0,213,1920,652]/false drawFbo=14 readFbo=14 drawBuffer=36064 readBuffer=36064 drawStatus=8cd5
[02Oct2026 18:52:15.867] [Render thread/INFO] [SuperResolution/]: SR_DIAG AFTER_PASS:composite1 fbo=14 attachment=8ce0 texture=55 mip=0 size=1920x1080 internalFormat=8c3a
[02Oct2026 18:52:15.867] [Render thread/INFO] [SuperResolution/]: SR_DIAG BEFORE_PASS:composite3 render=( 1.129E+3  6.350E+2) display=( 1.920E+3  1.080E+3) region-1=( 1.129E+3  6.350E+2) region-2=( 1.920E+3  1.080E+3) viewport=[0,0,1920,1080] scissor=[0,213,1920,652]/false drawFbo=14 readFbo=14 drawBuffer=36064 readBuffer=36064 drawStatus=8cd5
[02Oct2026 18:52:15.867] [Render thread/INFO] [SuperResolution/]: SR_DIAG BEFORE_PASS:composite3 fbo=14 attachment=8ce0 texture=55 mip=0 size=1920x1080 internalFormat=8c3a
[02Oct2026 18:52:15.867] [Render thread/INFO] [SuperResolution/]: SR_DIAG AFTER_PASS:composite3 render=( 1.129E+3  6.350E+2) display=( 1.920E+3  1.080E+3) region-1=( 1.129E+3  6.350E+2) region-2=( 1.920E+3  1.080E+3) viewport=[0,0,1920,1080] scissor=[0,213,1920,652]/false drawFbo=15 readFbo=15 drawBuffer=36064 readBuffer=36064 drawStatus=8cd5
[02Oct2026 18:52:15.867] [Render thread/INFO] [SuperResolution/]: SR_DIAG AFTER_PASS:composite3 fbo=15 attachment=8ce0 texture=56 mip=0 size=1920x1080 internalFormat=8c3a
[02Oct2026 18:52:15.867] [Render thread/INFO] [SuperResolution/]: SR_DIAG BEFORE_PASS:composite4 render=( 1.129E+3  6.350E+2) display=( 1.920E+3  1.080E+3) region-1=( 1.129E+3  6.350E+2) region-2=( 1.920E+3  1.080E+3) viewport=[0,0,1920,1080] scissor=[0,213,1920,652]/false drawFbo=15 readFbo=15 drawBuffer=36064 readBuffer=36064 drawStatus=8cd5
[02Oct2026 18:52:15.867] [Render thread/INFO] [SuperResolution/]: SR_DIAG BEFORE_PASS:composite4 fbo=15 attachment=8ce0 texture=56 mip=0 size=1920x1080 internalFormat=8c3a
[02Oct2026 18:52:15.867] [Render thread/INFO] [SuperResolution/]: SR_DIAG AFTER_PASS:composite4 render=( 1.129E+3  6.350E+2) display=( 1.920E+3  1.080E+3) region-1=( 1.129E+3  6.350E+2) region-2=( 1.920E+3  1.080E+3) viewport=[0,0,1920,1080] scissor=[0,213,1920,652]/false drawFbo=16 readFbo=16 drawBuffer=36064 readBuffer=36064 drawStatus=8cd5
[02Oct2026 18:52:15.867] [Render thread/INFO] [SuperResolution/]: SR_DIAG AFTER_PASS:composite4 fbo=16 attachment=8ce0 texture=64 mip=0 size=1920x1080 internalFormat=881a
[02Oct2026 18:52:15.867] [Render thread/INFO] [SuperResolution/]: SR_DIAG BEFORE_PASS:composite5 render=( 1.129E+3  6.350E+2) display=( 1.920E+3  1.080E+3) region-1=( 1.129E+3  6.350E+2) region-2=( 1.920E+3  1.080E+3) viewport=[0,0,1920,1080] scissor=[0,213,1920,652]/false drawFbo=16 readFbo=16 drawBuffer=36064 readBuffer=36064 drawStatus=8cd5
[02Oct2026 18:52:15.867] [Render thread/INFO] [SuperResolution/]: SR_DIAG BEFORE_PASS:composite5 fbo=16 attachment=8ce0 texture=64 mip=0 size=1920x1080 internalFormat=881a
[02Oct2026 18:52:15.867] [Render thread/INFO] [SuperResolution/]: SR_DIAG AFTER_PASS:composite5 render=( 1.129E+3  6.350E+2) display=( 1.920E+3  1.080E+3) region-1=( 1.129E+3  6.350E+2) region-2=( 1.920E+3  1.080E+3) viewport=[0,0,1920,1080] scissor=[0,213,1920,652]/false drawFbo=17 readFbo=17 drawBuffer=36064 readBuffer=36064 drawStatus=8cd5
[02Oct2026 18:52:15.867] [Render thread/INFO] [SuperResolution/]: SR_DIAG AFTER_PASS:composite5 fbo=17 attachment=8ce0 texture=63 mip=0 size=1920x1080 internalFormat=881a
[02Oct2026 18:52:15.867] [Render thread/INFO] [SuperResolution/]: SR_DIAG BEFORE_PASS:composite6 render=( 1.129E+3  6.350E+2) display=( 1.920E+3  1.080E+3) region-1=( 1.129E+3  6.350E+2) region-2=( 1.920E+3  1.080E+3) viewport=[0,0,1920,1080] scissor=[0,213,1920,652]/false drawFbo=17 readFbo=17 drawBuffer=36064 readBuffer=36064 drawStatus=8cd5
[02Oct2026 18:52:15.868] [Render thread/INFO] [SuperResolution/]: SR_DIAG BEFORE_PASS:composite6 fbo=17 attachment=8ce0 texture=63 mip=0 size=1920x1080 internalFormat=881a
[02Oct2026 18:52:15.868] [Render thread/INFO] [SuperResolution/]: SR_DIAG AFTER_PASS:composite6 render=( 1.129E+3  6.350E+2) display=( 1.920E+3  1.080E+3) region-1=( 1.129E+3  6.350E+2) region-2=( 1.920E+3  1.080E+3) viewport=[0,0,1920,1080] scissor=[0,213,1920,652]/false drawFbo=18 readFbo=18 drawBuffer=36064 readBuffer=36064 drawStatus=8cd5
[02Oct2026 18:52:15.868] [Render thread/INFO] [SuperResolution/]: SR_DIAG AFTER_PASS:composite6 fbo=18 attachment=8ce0 texture=64 mip=0 size=1920x1080 internalFormat=881a
[02Oct2026 18:52:15.868] [Render thread/INFO] [SuperResolution/]: SR_DIAG BEFORE_PASS:composite7 render=( 1.129E+3  6.350E+2) display=( 1.920E+3  1.080E+3) region-1=( 1.129E+3  6.350E+2) region-2=( 1.920E+3  1.080E+3) viewport=[0,0,1920,1080] scissor=[0,213,1920,652]/false drawFbo=18 readFbo=18 drawBuffer=36064 readBuffer=36064 drawStatus=8cd5
[02Oct2026 18:52:15.868] [Render thread/INFO] [SuperResolution/]: SR_DIAG BEFORE_PASS:composite7 fbo=18 attachment=8ce0 texture=64 mip=0 size=1920x1080 internalFormat=881a
[02Oct2026 18:52:15.868] [Render thread/INFO] [SuperResolution/]: SR_DIAG BEFORE_SR render=( 1.129E+3  6.350E+2) display=( 1.920E+3  1.080E+3) region-1=( 1.129E+3  6.350E+2) region-2=( 1.920E+3  1.080E+3) viewport=[0,0,1920,1080] scissor=[0,213,1920,652]/false drawFbo=18 readFbo=18 drawBuffer=36064 readBuffer=36064 drawStatus=8cd5
[02Oct2026 18:52:15.868] [Render thread/INFO] [SuperResolution/]: SR_DIAG BEFORE_SR fbo=18 attachment=8ce0 texture=64 mip=0 size=1920x1080 internalFormat=881a
[02Oct2026 18:52:15.902] [Render thread/INFO] [SuperResolution/]: SR_DIAG texture color id=64 size=1920x1080 format=RGBA16F target/type=Texture2D glInternalFormat=881a
[02Oct2026 18:52:15.902] [Render thread/INFO] [SuperResolution/]: SR_DIAG texture depth id=5 size=1920x1080 format=DEPTH24 target/type=Texture2D glInternalFormat=1902
[02Oct2026 18:52:15.902] [Render thread/INFO] [SuperResolution/]: SR_DIAG depth depth id=5 bits=24 componentType=8c17
[02Oct2026 18:52:15.902] [Render thread/INFO] [SuperResolution/]: SR_DIAG texture motion_vectors id=86 size=1920x1080 format=RGBA16F target/type=Texture2D glInternalFormat=881a
[02Oct2026 18:52:15.902] [Render thread/INFO] [SuperResolution/]: SR_DIAG texture algorithm_color id=91 size=1129x635 format=RGBA16F target/type=Texture2D glInternalFormat=881a
[02Oct2026 18:52:15.902] [Render thread/INFO] [SuperResolution/]: SR_DIAG texture algorithm_depth id=95 size=1129x635 format=DEPTH24 target/type=Texture2D glInternalFormat=81a6
[02Oct2026 18:52:15.902] [Render thread/INFO] [SuperResolution/]: SR_DIAG depth algorithm_depth id=95 bits=24 componentType=8c17
[02Oct2026 18:52:15.902] [Render thread/INFO] [SuperResolution/]: SR_DIAG texture algorithm_motion_vectors id=96 size=1129x635 format=RGBA16F target/type=Texture2D glInternalFormat=881a
[02Oct2026 18:52:16.035] [Render thread/INFO] [SuperResolution/]: SR_DIAG texture SR_output id=88 size=1920x1080 format=RGBA16F target/type=Texture2D glInternalFormat=881a
[02Oct2026 18:52:16.036] [Render thread/INFO] [SuperResolution/]: SR_DIAG texture autotex3/output_target id=64 size=1920x1080 format=RGBA16F target/type=Texture2D glInternalFormat=881a
[02Oct2026 18:52:16.036] [Render thread/INFO] [SuperResolution/]: SR_DIAG AFTER_SR render=( 1.129E+3  6.350E+2) display=( 1.920E+3  1.080E+3) region-1=( 1.129E+3  6.350E+2) region-2=( 1.920E+3  1.080E+3) viewport=[0,0,1920,1080] scissor=[0,213,1920,652]/false drawFbo=18 readFbo=18 drawBuffer=36064 readBuffer=36064 drawStatus=8cd5
[02Oct2026 18:52:16.036] [Render thread/INFO] [SuperResolution/]: SR_DIAG AFTER_SR fbo=18 attachment=8ce0 texture=64 mip=0 size=1920x1080 internalFormat=881a
[02Oct2026 18:52:16.036] [Render thread/INFO] [SuperResolution/]: SR_DIAG AFTER_PASS:composite7 render=( 1.129E+3  6.350E+2) display=( 1.920E+3  1.080E+3) region-1=( 1.129E+3  6.350E+2) region-2=( 1.920E+3  1.080E+3) viewport=[0,0,1920,1080] scissor=[0,213,1920,652]/false drawFbo=19 readFbo=19 drawBuffer=36064 readBuffer=36064 drawStatus=8cd5
[02Oct2026 18:52:16.036] [Render thread/INFO] [SuperResolution/]: SR_DIAG AFTER_PASS:composite7 fbo=19 attachment=8ce0 texture=63 mip=0 size=1920x1080 internalFormat=881a
[02Oct2026 18:52:16.036] [Render thread/INFO] [SuperResolution/]: SR_DIAG FINAL_PIPELINE render=( 1.129E+3  6.350E+2) display=( 1.920E+3  1.080E+3) region-1=( 1.129E+3  6.350E+2) region-2=( 1.920E+3  1.080E+3) viewport=[0,0,1920,1080] scissor=[0,213,1920,652]/false drawFbo=1 readFbo=1 drawBuffer=36064 readBuffer=36064 drawStatus=8cd5
[02Oct2026 18:52:16.036] [Render thread/INFO] [SuperResolution/]: SR_DIAG FINAL_PIPELINE fbo=1 attachment=8ce0 texture=1 mip=0 size=1920x1080 internalFormat=8058
[02Oct2026 18:52:16.036] [Render thread/INFO] [SuperResolution/]: SR_DIAG FINAL_PIPELINE fbo=1 attachment=8d00 texture=5 mip=0 size=1920x1080 internalFormat=1902
[02Oct2026 18:52:25.886] [Render thread/INFO] [SuperResolution/]: SR_DIAG BEFORE_PASS:deferred1 render=( 1.129E+3  6.350E+2) display=( 1.920E+3  1.080E+3) region-1=( 1.129E+3  6.350E+2) region-2=( 1.920E+3  1.080E+3) viewport=[0,0,1920,1080] scissor=[0,213,1920,652]/false drawFbo=1 readFbo=1 drawBuffer=36064 readBuffer=36064 drawStatus=8cd5
[02Oct2026 18:52:25.886] [Render thread/INFO] [SuperResolution/]: SR_DIAG BEFORE_PASS:deferred1 fbo=1 attachment=8ce0 texture=1 mip=0 size=1920x1080 internalFormat=8058
[02Oct2026 18:52:25.886] [Render thread/INFO] [SuperResolution/]: SR_DIAG BEFORE_PASS:deferred1 fbo=1 attachment=8d00 texture=5 mip=0 size=1920x1080 internalFormat=1902
[02Oct2026 18:52:25.886] [Render thread/INFO] [SuperResolution/]: SR_DIAG AFTER_PASS:deferred1 render=( 1.129E+3  6.350E+2) display=( 1.920E+3  1.080E+3) region-1=( 1.129E+3  6.350E+2) region-2=( 1.920E+3  1.080E+3) viewport=[0,0,1920,1080] scissor=[0,213,1920,652]/false drawFbo=12 readFbo=12 drawBuffer=36064 readBuffer=36064 drawStatus=8cd5
[02Oct2026 18:52:25.886] [Render thread/INFO] [SuperResolution/]: SR_DIAG AFTER_PASS:deferred1 fbo=12 attachment=8ce0 texture=56 mip=0 size=1920x1080 internalFormat=8c3a
[02Oct2026 18:52:25.887] [Render thread/INFO] [SuperResolution/]: SR_DIAG BEFORE_PASS:composite render=( 1.129E+3  6.350E+2) display=( 1.920E+3  1.080E+3) region-1=( 1.129E+3  6.350E+2) region-2=( 1.920E+3  1.080E+3) viewport=[0,0,1920,1080] scissor=[0,213,1920,652]/false drawFbo=1 readFbo=1 drawBuffer=36064 readBuffer=36064 drawStatus=8cd5
[02Oct2026 18:52:25.887] [Render thread/INFO] [SuperResolution/]: SR_DIAG BEFORE_PASS:composite fbo=1 attachment=8ce0 texture=1 mip=0 size=1920x1080 internalFormat=8058
[02Oct2026 18:52:25.887] [Render thread/INFO] [SuperResolution/]: SR_DIAG BEFORE_PASS:composite fbo=1 attachment=8d00 texture=5 mip=0 size=1920x1080 internalFormat=1902
[02Oct2026 18:52:25.887] [Render thread/INFO] [SuperResolution/]: SR_DIAG AFTER_PASS:composite render=( 1.129E+3  6.350E+2) display=( 1.920E+3  1.080E+3) region-1=( 1.129E+3  6.350E+2) region-2=( 1.920E+3  1.080E+3) viewport=[0,0,960,540] scissor=[0,213,1920,652]/false drawFbo=13 readFbo=13 drawBuffer=36064 readBuffer=36064 drawStatus=8cd5
[02Oct2026 18:52:25.887] [Render thread/INFO] [SuperResolution/]: SR_DIAG AFTER_PASS:composite fbo=13 attachment=8ce0 texture=80 mip=0 size=960x540 internalFormat=881a
[02Oct2026 18:52:25.887] [Render thread/INFO] [SuperResolution/]: SR_DIAG BEFORE_PASS:composite1 render=( 1.129E+3  6.350E+2) display=( 1.920E+3  1.080E+3) region-1=( 1.129E+3  6.350E+2) region-2=( 1.920E+3  1.080E+3) viewport=[0,0,960,540] scissor=[0,213,1920,652]/false drawFbo=13 readFbo=13 drawBuffer=36064 readBuffer=36064 drawStatus=8cd5
[02Oct2026 18:52:25.887] [Render thread/INFO] [SuperResolution/]: SR_DIAG BEFORE_PASS:composite1 fbo=13 attachment=8ce0 texture=80 mip=0 size=960x540 internalFormat=881a
[02Oct2026 18:52:25.887] [Render thread/INFO] [SuperResolution/]: SR_DIAG AFTER_PASS:composite1 render=( 1.129E+3  6.350E+2) display=( 1.920E+3  1.080E+3) region-1=( 1.129E+3  6.350E+2) region-2=( 1.920E+3  1.080E+3) viewport=[0,0,1920,1080] scissor=[0,213,1920,652]/false drawFbo=14 readFbo=14 drawBuffer=36064 readBuffer=36064 drawStatus=8cd5
[02Oct2026 18:52:25.887] [Render thread/INFO] [SuperResolution/]: SR_DIAG AFTER_PASS:composite1 fbo=14 attachment=8ce0 texture=55 mip=0 size=1920x1080 internalFormat=8c3a
[02Oct2026 18:52:25.888] [Render thread/INFO] [SuperResolution/]: SR_DIAG BEFORE_PASS:composite3 render=( 1.129E+3  6.350E+2) display=( 1.920E+3  1.080E+3) region-1=( 1.129E+3  6.350E+2) region-2=( 1.920E+3  1.080E+3) viewport=[0,0,1920,1080] scissor=[0,213,1920,652]/false drawFbo=14 readFbo=14 drawBuffer=36064 readBuffer=36064 drawStatus=8cd5
[02Oct2026 18:52:25.888] [Render thread/INFO] [SuperResolution/]: SR_DIAG BEFORE_PASS:composite3 fbo=14 attachment=8ce0 texture=55 mip=0 size=1920x1080 internalFormat=8c3a
[02Oct2026 18:52:25.888] [Render thread/INFO] [SuperResolution/]: SR_DIAG AFTER_PASS:composite3 render=( 1.129E+3  6.350E+2) display=( 1.920E+3  1.080E+3) region-1=( 1.129E+3  6.350E+2) region-2=( 1.920E+3  1.080E+3) viewport=[0,0,1920,1080] scissor=[0,213,1920,652]/false drawFbo=15 readFbo=15 drawBuffer=36064 readBuffer=36064 drawStatus=8cd5
[02Oct2026 18:52:25.888] [Render thread/INFO] [SuperResolution/]: SR_DIAG AFTER_PASS:composite3 fbo=15 attachment=8ce0 texture=56 mip=0 size=1920x1080 internalFormat=8c3a
[02Oct2026 18:52:25.888] [Render thread/INFO] [SuperResolution/]: SR_DIAG BEFORE_PASS:composite4 render=( 1.129E+3  6.350E+2) display=( 1.920E+3  1.080E+3) region-1=( 1.129E+3  6.350E+2) region-2=( 1.920E+3  1.080E+3) viewport=[0,0,1920,1080] scissor=[0,213,1920,652]/false drawFbo=15 readFbo=15 drawBuffer=36064 readBuffer=36064 drawStatus=8cd5
[02Oct2026 18:52:25.888] [Render thread/INFO] [SuperResolution/]: SR_DIAG BEFORE_PASS:composite4 fbo=15 attachment=8ce0 texture=56 mip=0 size=1920x1080 internalFormat=8c3a
[02Oct2026 18:52:25.888] [Render thread/INFO] [SuperResolution/]: SR_DIAG AFTER_PASS:composite4 render=( 1.129E+3  6.350E+2) display=( 1.920E+3  1.080E+3) region-1=( 1.129E+3  6.350E+2) region-2=( 1.920E+3  1.080E+3) viewport=[0,0,1920,1080] scissor=[0,213,1920,652]/false drawFbo=16 readFbo=16 drawBuffer=36064 readBuffer=36064 drawStatus=8cd5
[02Oct2026 18:52:25.888] [Render thread/INFO] [SuperResolution/]: SR_DIAG AFTER_PASS:composite4 fbo=16 attachment=8ce0 texture=64 mip=0 size=1920x1080 internalFormat=881a
[02Oct2026 18:52:25.888] [Render thread/INFO] [SuperResolution/]: SR_DIAG BEFORE_PASS:composite5 render=( 1.129E+3  6.350E+2) display=( 1.920E+3  1.080E+3) region-1=( 1.129E+3  6.350E+2) region-2=( 1.920E+3  1.080E+3) viewport=[0,0,1920,1080] scissor=[0,213,1920,652]/false drawFbo=16 readFbo=16 drawBuffer=36064 readBuffer=36064 drawStatus=8cd5
[02Oct2026 18:52:25.888] [Render thread/INFO] [SuperResolution/]: SR_DIAG BEFORE_PASS:composite5 fbo=16 attachment=8ce0 texture=64 mip=0 size=1920x1080 internalFormat=881a
[02Oct2026 18:52:25.888] [Render thread/INFO] [SuperResolution/]: SR_DIAG AFTER_PASS:composite5 render=( 1.129E+3  6.350E+2) display=( 1.920E+3  1.080E+3) region-1=( 1.129E+3  6.350E+2) region-2=( 1.920E+3  1.080E+3) viewport=[0,0,1920,1080] scissor=[0,213,1920,652]/false drawFbo=17 readFbo=17 drawBuffer=36064 readBuffer=36064 drawStatus=8cd5
[02Oct2026 18:52:25.888] [Render thread/INFO] [SuperResolution/]: SR_DIAG AFTER_PASS:composite5 fbo=17 attachment=8ce0 texture=63 mip=0 size=1920x1080 internalFormat=881a
[02Oct2026 18:52:25.888] [Render thread/INFO] [SuperResolution/]: SR_DIAG BEFORE_PASS:composite6 render=( 1.129E+3  6.350E+2) display=( 1.920E+3  1.080E+3) region-1=( 1.129E+3  6.350E+2) region-2=( 1.920E+3  1.080E+3) viewport=[0,0,1920,1080] scissor=[0,213,1920,652]/false drawFbo=17 readFbo=17 drawBuffer=36064 readBuffer=36064 drawStatus=8cd5
[02Oct2026 18:52:25.888] [Render thread/INFO] [SuperResolution/]: SR_DIAG BEFORE_PASS:composite6 fbo=17 attachment=8ce0 texture=63 mip=0 size=1920x1080 internalFormat=881a
[02Oct2026 18:52:25.888] [Render thread/INFO] [SuperResolution/]: SR_DIAG AFTER_PASS:composite6 render=( 1.129E+3  6.350E+2) display=( 1.920E+3  1.080E+3) region-1=( 1.129E+3  6.350E+2) region-2=( 1.920E+3  1.080E+3) viewport=[0,0,1920,1080] scissor=[0,213,1920,652]/false drawFbo=18 readFbo=18 drawBuffer=36064 readBuffer=36064 drawStatus=8cd5
[02Oct2026 18:52:25.888] [Render thread/INFO] [SuperResolution/]: SR_DIAG AFTER_PASS:composite6 fbo=18 attachment=8ce0 texture=64 mip=0 size=1920x1080 internalFormat=881a
[02Oct2026 18:52:25.888] [Render thread/INFO] [SuperResolution/]: SR_DIAG BEFORE_PASS:composite7 render=( 1.129E+3  6.350E+2) display=( 1.920E+3  1.080E+3) region-1=( 1.129E+3  6.350E+2) region-2=( 1.920E+3  1.080E+3) viewport=[0,0,1920,1080] scissor=[0,213,1920,652]/false drawFbo=18 readFbo=18 drawBuffer=36064 readBuffer=36064 drawStatus=8cd5
[02Oct2026 18:52:25.888] [Render thread/INFO] [SuperResolution/]: SR_DIAG BEFORE_PASS:composite7 fbo=18 attachment=8ce0 texture=64 mip=0 size=1920x1080 internalFormat=881a
[02Oct2026 18:52:25.888] [Render thread/INFO] [SuperResolution/]: SR_DIAG BEFORE_SR render=( 1.129E+3  6.350E+2) display=( 1.920E+3  1.080E+3) region-1=( 1.129E+3  6.350E+2) region-2=( 1.920E+3  1.080E+3) viewport=[0,0,1920,1080] scissor=[0,213,1920,652]/false drawFbo=18 readFbo=18 drawBuffer=36064 readBuffer=36064 drawStatus=8cd5
[02Oct2026 18:52:25.888] [Render thread/INFO] [SuperResolution/]: SR_DIAG BEFORE_SR fbo=18 attachment=8ce0 texture=64 mip=0 size=1920x1080 internalFormat=881a
[02Oct2026 18:52:25.907] [Render thread/INFO] [SuperResolution/]: SR_DIAG texture color id=64 size=1920x1080 format=RGBA16F target/type=Texture2D glInternalFormat=881a
[02Oct2026 18:52:25.908] [Render thread/INFO] [SuperResolution/]: SR_DIAG texture depth id=5 size=1920x1080 format=DEPTH24 target/type=Texture2D glInternalFormat=1902
[02Oct2026 18:52:25.908] [Render thread/INFO] [SuperResolution/]: SR_DIAG depth depth id=5 bits=24 componentType=8c17
[02Oct2026 18:52:25.908] [Render thread/INFO] [SuperResolution/]: SR_DIAG texture motion_vectors id=86 size=1920x1080 format=RGBA16F target/type=Texture2D glInternalFormat=881a
[02Oct2026 18:52:25.908] [Render thread/INFO] [SuperResolution/]: SR_DIAG texture algorithm_color id=91 size=1129x635 format=RGBA16F target/type=Texture2D glInternalFormat=881a
[02Oct2026 18:52:25.908] [Render thread/INFO] [SuperResolution/]: SR_DIAG texture algorithm_depth id=95 size=1129x635 format=DEPTH24 target/type=Texture2D glInternalFormat=81a6
[02Oct2026 18:52:25.908] [Render thread/INFO] [SuperResolution/]: SR_DIAG depth algorithm_depth id=95 bits=24 componentType=8c17
[02Oct2026 18:52:25.908] [Render thread/INFO] [SuperResolution/]: SR_DIAG texture algorithm_motion_vectors id=96 size=1129x635 format=RGBA16F target/type=Texture2D glInternalFormat=881a
[02Oct2026 18:52:26.042] [Render thread/INFO] [SuperResolution/]: SR_DIAG texture SR_output id=88 size=1920x1080 format=RGBA16F target/type=Texture2D glInternalFormat=881a
[02Oct2026 18:52:26.042] [Render thread/INFO] [SuperResolution/]: SR_DIAG texture autotex3/output_target id=64 size=1920x1080 format=RGBA16F target/type=Texture2D glInternalFormat=881a
[02Oct2026 18:52:26.043] [Render thread/INFO] [SuperResolution/]: SR_DIAG AFTER_SR render=( 1.129E+3  6.350E+2) display=( 1.920E+3  1.080E+3) region-1=( 1.129E+3  6.350E+2) region-2=( 1.920E+3  1.080E+3) viewport=[0,0,1920,1080] scissor=[0,213,1920,652]/false drawFbo=18 readFbo=18 drawBuffer=36064 readBuffer=36064 drawStatus=8cd5
[02Oct2026 18:52:26.043] [Render thread/INFO] [SuperResolution/]: SR_DIAG AFTER_SR fbo=18 attachment=8ce0 texture=64 mip=0 size=1920x1080 internalFormat=881a
[02Oct2026 18:52:26.043] [Render thread/INFO] [SuperResolution/]: SR_DIAG AFTER_PASS:composite7 render=( 1.129E+3  6.350E+2) display=( 1.920E+3  1.080E+3) region-1=( 1.129E+3  6.350E+2) region-2=( 1.920E+3  1.080E+3) viewport=[0,0,1920,1080] scissor=[0,213,1920,652]/false drawFbo=19 readFbo=19 drawBuffer=36064 readBuffer=36064 drawStatus=8cd5
[02Oct2026 18:52:26.043] [Render thread/INFO] [SuperResolution/]: SR_DIAG AFTER_PASS:composite7 fbo=19 attachment=8ce0 texture=63 mip=0 size=1920x1080 internalFormat=881a
[02Oct2026 18:52:26.043] [Render thread/INFO] [SuperResolution/]: SR_DIAG FINAL_PIPELINE render=( 1.129E+3  6.350E+2) display=( 1.920E+3  1.080E+3) region-1=( 1.129E+3  6.350E+2) region-2=( 1.920E+3  1.080E+3) viewport=[0,0,1920,1080] scissor=[0,213,1920,652]/false drawFbo=1 readFbo=1 drawBuffer=36064 readBuffer=36064 drawStatus=8cd5
[02Oct2026 18:52:26.043] [Render thread/INFO] [SuperResolution/]: SR_DIAG FINAL_PIPELINE fbo=1 attachment=8ce0 texture=1 mip=0 size=1920x1080 internalFormat=8058
[02Oct2026 18:52:26.043] [Render thread/INFO] [SuperResolution/]: SR_DIAG FINAL_PIPELINE fbo=1 attachment=8d00 texture=5 mip=0 size=1920x1080 internalFormat=1902
[02Oct2026 18:52:33.744] [Render thread/INFO] [SuperResolution/]: Created Vulkan presentation swapchain: 1920x1080, images=3, presentMode=IMMEDIATE (requested=3, min=2, max=8, plannedGeneratedFrames=0)
[02Oct2026 18:52:35.895] [Render thread/INFO] [SuperResolution/]: SR_DIAG BEFORE_PASS:deferred1 render=( 1.129E+3  6.350E+2) display=( 1.920E+3  1.080E+3) region-1=( 1.129E+3  6.350E+2) region-2=( 1.920E+3  1.080E+3) viewport=[0,0,1920,1080] scissor=[0,213,1920,652]/false drawFbo=1 readFbo=1 drawBuffer=36064 readBuffer=36064 drawStatus=8cd5
[02Oct2026 18:52:35.895] [Render thread/INFO] [SuperResolution/]: SR_DIAG BEFORE_PASS:deferred1 fbo=1 attachment=8ce0 texture=1 mip=0 size=1920x1080 internalFormat=8058
[02Oct2026 18:52:35.895] [Render thread/INFO] [SuperResolution/]: SR_DIAG BEFORE_PASS:deferred1 fbo=1 attachment=8d00 texture=5 mip=0 size=1920x1080 internalFormat=1902
[02Oct2026 18:52:35.895] [Render thread/INFO] [SuperResolution/]: SR_DIAG AFTER_PASS:deferred1 render=( 1.129E+3  6.350E+2) display=( 1.920E+3  1.080E+3) region-1=( 1.129E+3  6.350E+2) region-2=( 1.920E+3  1.080E+3) viewport=[0,0,1920,1080] scissor=[0,213,1920,652]/false drawFbo=12 readFbo=12 drawBuffer=36064 readBuffer=36064 drawStatus=8cd5
[02Oct2026 18:52:35.895] [Render thread/INFO] [SuperResolution/]: SR_DIAG AFTER_PASS:deferred1 fbo=12 attachment=8ce0 texture=56 mip=0 size=1920x1080 internalFormat=8c3a
[02Oct2026 18:52:35.895] [Render thread/INFO] [SuperResolution/]: SR_DIAG BEFORE_PASS:composite render=( 1.129E+3  6.350E+2) display=( 1.920E+3  1.080E+3) region-1=( 1.129E+3  6.350E+2) region-2=( 1.920E+3  1.080E+3) viewport=[0,0,1920,1080] scissor=[0,213,1920,652]/false drawFbo=1 readFbo=1 drawBuffer=36064 readBuffer=36064 drawStatus=8cd5
[02Oct2026 18:52:35.895] [Render thread/INFO] [SuperResolution/]: SR_DIAG BEFORE_PASS:composite fbo=1 attachment=8ce0 texture=1 mip=0 size=1920x1080 internalFormat=8058
[02Oct2026 18:52:35.896] [Render thread/INFO] [SuperResolution/]: SR_DIAG BEFORE_PASS:composite fbo=1 attachment=8d00 texture=5 mip=0 size=1920x1080 internalFormat=1902
[02Oct2026 18:52:35.896] [Render thread/INFO] [SuperResolution/]: SR_DIAG AFTER_PASS:composite render=( 1.129E+3  6.350E+2) display=( 1.920E+3  1.080E+3) region-1=( 1.129E+3  6.350E+2) region-2=( 1.920E+3  1.080E+3) viewport=[0,0,960,540] scissor=[0,213,1920,652]/false drawFbo=13 readFbo=13 drawBuffer=36064 readBuffer=36064 drawStatus=8cd5
[02Oct2026 18:52:35.896] [Render thread/INFO] [SuperResolution/]: SR_DIAG AFTER_PASS:composite fbo=13 attachment=8ce0 texture=80 mip=0 size=960x540 internalFormat=881a
[02Oct2026 18:52:35.896] [Render thread/INFO] [SuperResolution/]: SR_DIAG BEFORE_PASS:composite1 render=( 1.129E+3  6.350E+2) display=( 1.920E+3  1.080E+3) region-1=( 1.129E+3  6.350E+2) region-2=( 1.920E+3  1.080E+3) viewport=[0,0,960,540] scissor=[0,213,1920,652]/false drawFbo=13 readFbo=13 drawBuffer=36064 readBuffer=36064 drawStatus=8cd5
[02Oct2026 18:52:35.896] [Render thread/INFO] [SuperResolution/]: SR_DIAG BEFORE_PASS:composite1 fbo=13 attachment=8ce0 texture=80 mip=0 size=960x540 internalFormat=881a
[02Oct2026 18:52:35.897] [Render thread/INFO] [SuperResolution/]: SR_DIAG AFTER_PASS:composite1 render=( 1.129E+3  6.350E+2) display=( 1.920E+3  1.080E+3) region-1=( 1.129E+3  6.350E+2) region-2=( 1.920E+3  1.080E+3) viewport=[0,0,1920,1080] scissor=[0,213,1920,652]/false drawFbo=14 readFbo=14 drawBuffer=36064 readBuffer=36064 drawStatus=8cd5
[02Oct2026 18:52:35.897] [Render thread/INFO] [SuperResolution/]: SR_DIAG AFTER_PASS:composite1 fbo=14 attachment=8ce0 texture=55 mip=0 size=1920x1080 internalFormat=8c3a
[02Oct2026 18:52:35.897] [Render thread/INFO] [SuperResolution/]: SR_DIAG BEFORE_PASS:composite3 render=( 1.129E+3  6.350E+2) display=( 1.920E+3  1.080E+3) region-1=( 1.129E+3  6.350E+2) region-2=( 1.920E+3  1.080E+3) viewport=[0,0,1920,1080] scissor=[0,213,1920,652]/false drawFbo=14 readFbo=14 drawBuffer=36064 readBuffer=36064 drawStatus=8cd5
[02Oct2026 18:52:35.897] [Render thread/INFO] [SuperResolution/]: SR_DIAG BEFORE_PASS:composite3 fbo=14 attachment=8ce0 texture=55 mip=0 size=1920x1080 internalFormat=8c3a
[02Oct2026 18:52:35.897] [Render thread/INFO] [SuperResolution/]: SR_DIAG AFTER_PASS:composite3 render=( 1.129E+3  6.350E+2) display=( 1.920E+3  1.080E+3) region-1=( 1.129E+3  6.350E+2) region-2=( 1.920E+3  1.080E+3) viewport=[0,0,1920,1080] scissor=[0,213,1920,652]/false drawFbo=15 readFbo=15 drawBuffer=36064 readBuffer=36064 drawStatus=8cd5
[02Oct2026 18:52:35.897] [Render thread/INFO] [SuperResolution/]: SR_DIAG AFTER_PASS:composite3 fbo=15 attachment=8ce0 texture=56 mip=0 size=1920x1080 internalFormat=8c3a
[02Oct2026 18:52:35.897] [Render thread/INFO] [SuperResolution/]: SR_DIAG BEFORE_PASS:composite4 render=( 1.129E+3  6.350E+2) display=( 1.920E+3  1.080E+3) region-1=( 1.129E+3  6.350E+2) region-2=( 1.920E+3  1.080E+3) viewport=[0,0,1920,1080] scissor=[0,213,1920,652]/false drawFbo=15 readFbo=15 drawBuffer=36064 readBuffer=36064 drawStatus=8cd5
[02Oct2026 18:52:35.897] [Render thread/INFO] [SuperResolution/]: SR_DIAG BEFORE_PASS:composite4 fbo=15 attachment=8ce0 texture=56 mip=0 size=1920x1080 internalFormat=8c3a
[02Oct2026 18:52:35.897] [Render thread/INFO] [SuperResolution/]: SR_DIAG AFTER_PASS:composite4 render=( 1.129E+3  6.350E+2) display=( 1.920E+3  1.080E+3) region-1=( 1.129E+3  6.350E+2) region-2=( 1.920E+3  1.080E+3) viewport=[0,0,1920,1080] scissor=[0,213,1920,652]/false drawFbo=16 readFbo=16 drawBuffer=36064 readBuffer=36064 drawStatus=8cd5
[02Oct2026 18:52:35.897] [Render thread/INFO] [SuperResolution/]: SR_DIAG AFTER_PASS:composite4 fbo=16 attachment=8ce0 texture=64 mip=0 size=1920x1080 internalFormat=881a
[02Oct2026 18:52:35.897] [Render thread/INFO] [SuperResolution/]: SR_DIAG BEFORE_PASS:composite5 render=( 1.129E+3  6.350E+2) display=( 1.920E+3  1.080E+3) region-1=( 1.129E+3  6.350E+2) region-2=( 1.920E+3  1.080E+3) viewport=[0,0,1920,1080] scissor=[0,213,1920,652]/false drawFbo=16 readFbo=16 drawBuffer=36064 readBuffer=36064 drawStatus=8cd5
[02Oct2026 18:52:35.897] [Render thread/INFO] [SuperResolution/]: SR_DIAG BEFORE_PASS:composite5 fbo=16 attachment=8ce0 texture=64 mip=0 size=1920x1080 internalFormat=881a
[02Oct2026 18:52:35.897] [Render thread/INFO] [SuperResolution/]: SR_DIAG AFTER_PASS:composite5 render=( 1.129E+3  6.350E+2) display=( 1.920E+3  1.080E+3) region-1=( 1.129E+3  6.350E+2) region-2=( 1.920E+3  1.080E+3) viewport=[0,0,1920,1080] scissor=[0,213,1920,652]/false drawFbo=17 readFbo=17 drawBuffer=36064 readBuffer=36064 drawStatus=8cd5
[02Oct2026 18:52:35.897] [Render thread/INFO] [SuperResolution/]: SR_DIAG AFTER_PASS:composite5 fbo=17 attachment=8ce0 texture=63 mip=0 size=1920x1080 internalFormat=881a
[02Oct2026 18:52:35.897] [Render thread/INFO] [SuperResolution/]: SR_DIAG BEFORE_PASS:composite6 render=( 1.129E+3  6.350E+2) display=( 1.920E+3  1.080E+3) region-1=( 1.129E+3  6.350E+2) region-2=( 1.920E+3  1.080E+3) viewport=[0,0,1920,1080] scissor=[0,213,1920,652]/false drawFbo=17 readFbo=17 drawBuffer=36064 readBuffer=36064 drawStatus=8cd5
[02Oct2026 18:52:35.897] [Render thread/INFO] [SuperResolution/]: SR_DIAG BEFORE_PASS:composite6 fbo=17 attachment=8ce0 texture=63 mip=0 size=1920x1080 internalFormat=881a
[02Oct2026 18:52:35.898] [Render thread/INFO] [SuperResolution/]: SR_DIAG AFTER_PASS:composite6 render=( 1.129E+3  6.350E+2) display=( 1.920E+3  1.080E+3) region-1=( 1.129E+3  6.350E+2) region-2=( 1.920E+3  1.080E+3) viewport=[0,0,1920,1080] scissor=[0,213,1920,652]/false drawFbo=18 readFbo=18 drawBuffer=36064 readBuffer=36064 drawStatus=8cd5
[02Oct2026 18:52:35.898] [Render thread/INFO] [SuperResolution/]: SR_DIAG AFTER_PASS:composite6 fbo=18 attachment=8ce0 texture=64 mip=0 size=1920x1080 internalFormat=881a
[02Oct2026 18:52:35.898] [Render thread/INFO] [SuperResolution/]: SR_DIAG BEFORE_PASS:composite7 render=( 1.129E+3  6.350E+2) display=( 1.920E+3  1.080E+3) region-1=( 1.129E+3  6.350E+2) region-2=( 1.920E+3  1.080E+3) viewport=[0,0,1920,1080] scissor=[0,213,1920,652]/false drawFbo=18 readFbo=18 drawBuffer=36064 readBuffer=36064 drawStatus=8cd5
[02Oct2026 18:52:35.898] [Render thread/INFO] [SuperResolution/]: SR_DIAG BEFORE_PASS:composite7 fbo=18 attachment=8ce0 texture=64 mip=0 size=1920x1080 internalFormat=881a
[02Oct2026 18:52:35.898] [Render thread/INFO] [SuperResolution/]: SR_DIAG BEFORE_SR render=( 1.129E+3  6.350E+2) display=( 1.920E+3  1.080E+3) region-1=( 1.129E+3  6.350E+2) region-2=( 1.920E+3  1.080E+3) viewport=[0,0,1920,1080] scissor=[0,213,1920,652]/false drawFbo=18 readFbo=18 drawBuffer=36064 readBuffer=36064 drawStatus=8cd5
[02Oct2026 18:52:35.898] [Render thread/INFO] [SuperResolution/]: SR_DIAG BEFORE_SR fbo=18 attachment=8ce0 texture=64 mip=0 size=1920x1080 internalFormat=881a
[02Oct2026 18:52:35.914] [Render thread/INFO] [SuperResolution/]: SR_DIAG texture color id=64 size=1920x1080 format=RGBA16F target/type=Texture2D glInternalFormat=881a
[02Oct2026 18:52:35.914] [Render thread/INFO] [SuperResolution/]: SR_DIAG texture depth id=5 size=1920x1080 format=DEPTH24 target/type=Texture2D glInternalFormat=1902
[02Oct2026 18:52:35.914] [Render thread/INFO] [SuperResolution/]: SR_DIAG depth depth id=5 bits=24 componentType=8c17
[02Oct2026 18:52:35.914] [Render thread/INFO] [SuperResolution/]: SR_DIAG texture motion_vectors id=86 size=1920x1080 format=RGBA16F target/type=Texture2D glInternalFormat=881a
[02Oct2026 18:52:35.914] [Render thread/INFO] [SuperResolution/]: SR_DIAG texture algorithm_color id=91 size=1129x635 format=RGBA16F target/type=Texture2D glInternalFormat=881a
[02Oct2026 18:52:35.914] [Render thread/INFO] [SuperResolution/]: SR_DIAG texture algorithm_depth id=95 size=1129x635 format=DEPTH24 target/type=Texture2D glInternalFormat=81a6
[02Oct2026 18:52:35.914] [Render thread/INFO] [SuperResolution/]: SR_DIAG depth algorithm_depth id=95 bits=24 componentType=8c17
[02Oct2026 18:52:35.914] [Render thread/INFO] [SuperResolution/]: SR_DIAG texture algorithm_motion_vectors id=96 size=1129x635 format=RGBA16F target/type=Texture2D glInternalFormat=881a
[02Oct2026 18:52:36.052] [Render thread/INFO] [SuperResolution/]: SR_DIAG texture SR_output id=88 size=1920x1080 format=RGBA16F target/type=Texture2D glInternalFormat=881a
[02Oct2026 18:52:36.054] [Render thread/INFO] [SuperResolution/]: SR_DIAG texture autotex3/output_target id=64 size=1920x1080 format=RGBA16F target/type=Texture2D glInternalFormat=881a
[02Oct2026 18:52:36.054] [Render thread/INFO] [SuperResolution/]: SR_DIAG AFTER_SR render=( 1.129E+3  6.350E+2) display=( 1.920E+3  1.080E+3) region-1=( 1.129E+3  6.350E+2) region-2=( 1.920E+3  1.080E+3) viewport=[0,0,1920,1080] scissor=[0,213,1920,652]/false drawFbo=18 readFbo=18 drawBuffer=36064 readBuffer=36064 drawStatus=8cd5
[02Oct2026 18:52:36.054] [Render thread/INFO] [SuperResolution/]: SR_DIAG AFTER_SR fbo=18 attachment=8ce0 texture=64 mip=0 size=1920x1080 internalFormat=881a
[02Oct2026 18:52:36.054] [Render thread/INFO] [SuperResolution/]: SR_DIAG AFTER_PASS:composite7 render=( 1.129E+3  6.350E+2) display=( 1.920E+3  1.080E+3) region-1=( 1.129E+3  6.350E+2) region-2=( 1.920E+3  1.080E+3) viewport=[0,0,1920,1080] scissor=[0,213,1920,652]/false drawFbo=19 readFbo=19 drawBuffer=36064 readBuffer=36064 drawStatus=8cd5
[02Oct2026 18:52:36.054] [Render thread/INFO] [SuperResolution/]: SR_DIAG AFTER_PASS:composite7 fbo=19 attachment=8ce0 texture=63 mip=0 size=1920x1080 internalFormat=881a
[02Oct2026 18:52:36.055] [Render thread/INFO] [SuperResolution/]: SR_DIAG FINAL_PIPELINE render=( 1.129E+3  6.350E+2) display=( 1.920E+3  1.080E+3) region-1=( 1.129E+3  6.350E+2) region-2=( 1.920E+3  1.080E+3) viewport=[0,0,1920,1080] scissor=[0,213,1920,652]/false drawFbo=1 readFbo=1 drawBuffer=36064 readBuffer=36064 drawStatus=8cd5
[02Oct2026 18:52:36.055] [Render thread/INFO] [SuperResolution/]: SR_DIAG FINAL_PIPELINE fbo=1 attachment=8ce0 texture=1 mip=0 size=1920x1080 internalFormat=8058
[02Oct2026 18:52:36.055] [Render thread/INFO] [SuperResolution/]: SR_DIAG FINAL_PIPELINE fbo=1 attachment=8d00 texture=5 mip=0 size=1920x1080 internalFormat=1902
[02Oct2026 18:52:36.595] [Render thread/INFO] [SuperResolution/]: SR_DIAG glTextureStorage2D texture=54 levels=1 internalFormat=8058 size=1920x1009 label=ITexture{id=54format=RGBA8width=1920height=1009}
[02Oct2026 18:52:36.595] [Render thread/INFO] [SuperResolution/]: SR_DIAG glTextureStorage2D texture=90 levels=1 internalFormat=81a6 size=1920x1009 label=ITexture{id=90format=DEPTH24width=1920height=1009}
[02Oct2026 18:52:36.658] [Render thread/INFO] [SuperResolution/ShaderCompiler/]: Compiling shader FSR1_EASU with the compatibility shader compiler
[02Oct2026 18:52:36.709] [Render thread/INFO] [SuperResolution/ShaderCompiler/]: Compiling shader FSR1_RCAS with the compatibility shader compiler
[02Oct2026 18:52:36.759] [Render thread/INFO] [SuperResolution/]: SR_DIAG glTextureStorage2D texture=87 levels=1 internalFormat=881a size=1920x1009 label=Fsr1TempTexture
[02Oct2026 18:52:36.759] [Render thread/INFO] [SuperResolution/]: SR_DIAG glTextureStorage2D texture=88 levels=1 internalFormat=881a size=1920x1009 label=Fsr1OutputTexture
[02Oct2026 18:52:36.760] [Render thread/INFO] [SuperResolution/]: SR_DIAG glTextureStorage2D texture=91 levels=1 internalFormat=881a size=1129x593 label=SRIrisCompatInternalTexture-autotex3
[02Oct2026 18:52:36.760] [Render thread/INFO] [SuperResolution/]: SR_DIAG glTextureStorage2D texture=95 levels=1 internalFormat=81a6 size=1129x593 label=SRIrisCompatInternalTexture-depthtex
[02Oct2026 18:52:36.761] [Render thread/INFO] [SuperResolution/]: SR_DIAG glTextureStorage2D texture=96 levels=1 internalFormat=881a size=1129x593 label=SRIrisCompatInternalTexture-autotex2
[02Oct2026 18:52:36.768] [Render thread/INFO] [SuperResolution/]: SR_DIAG glTextureStorage2D texture=8 levels=1 internalFormat=8c3a size=1920x1009 label=ITexture{id=8format=R11G11B10Fwidth=1920height=1009}
[02Oct2026 18:52:36.769] [Render thread/INFO] [SuperResolution/]: SR_DIAG glTextureStorage2D texture=10 levels=1 internalFormat=88f0 size=1920x1009 label=ITexture{id=10format=DEPTH24_STENCIL8width=1920height=1009}
[02Oct2026 18:52:36.790] [Render thread/INFO] [SuperResolution/]: Created Vulkan presentation swapchain: 1920x1009, images=3, presentMode=IMMEDIATE (requested=3, min=2, max=8, plannedGeneratedFrames=0)
[02Oct2026 18:52:45.908] [Render thread/INFO] [SuperResolution/]: SR_DIAG BEFORE_PASS:deferred1 render=( 1.129E+3  5.930E+2) display=( 1.920E+3  1.009E+3) region-1=( 1.129E+3  5.930E+2) region-2=( 1.920E+3  1.009E+3) viewport=[0,0,1920,1009] scissor=[0,213,1920,652]/false drawFbo=1 readFbo=1 drawBuffer=36064 readBuffer=36064 drawStatus=8cd5
[02Oct2026 18:52:45.908] [Render thread/INFO] [SuperResolution/]: SR_DIAG BEFORE_PASS:deferred1 fbo=1 attachment=8ce0 texture=1 mip=0 size=1920x1009 internalFormat=8058
[02Oct2026 18:52:45.908] [Render thread/INFO] [SuperResolution/]: SR_DIAG BEFORE_PASS:deferred1 fbo=1 attachment=8d00 texture=5 mip=0 size=1920x1009 internalFormat=1902
[02Oct2026 18:52:45.908] [Render thread/INFO] [SuperResolution/]: SR_DIAG AFTER_PASS:deferred1 render=( 1.129E+3  5.930E+2) display=( 1.920E+3  1.009E+3) region-1=( 1.129E+3  5.930E+2) region-2=( 1.920E+3  1.009E+3) viewport=[0,0,1920,1009] scissor=[0,213,1920,652]/false drawFbo=12 readFbo=12 drawBuffer=36064 readBuffer=36064 drawStatus=8cd5
[02Oct2026 18:52:45.908] [Render thread/INFO] [SuperResolution/]: SR_DIAG AFTER_PASS:deferred1 fbo=12 attachment=8ce0 texture=56 mip=0 size=1920x1009 internalFormat=8c3a
[02Oct2026 18:52:45.908] [Render thread/INFO] [SuperResolution/]: SR_DIAG BEFORE_PASS:composite render=( 1.129E+3  5.930E+2) display=( 1.920E+3  1.009E+3) region-1=( 1.129E+3  5.930E+2) region-2=( 1.920E+3  1.009E+3) viewport=[0,0,1920,1009] scissor=[0,213,1920,652]/false drawFbo=1 readFbo=1 drawBuffer=36064 readBuffer=36064 drawStatus=8cd5
[02Oct2026 18:52:45.908] [Render thread/INFO] [SuperResolution/]: SR_DIAG BEFORE_PASS:composite fbo=1 attachment=8ce0 texture=1 mip=0 size=1920x1009 internalFormat=8058
[02Oct2026 18:52:45.908] [Render thread/INFO] [SuperResolution/]: SR_DIAG BEFORE_PASS:composite fbo=1 attachment=8d00 texture=5 mip=0 size=1920x1009 internalFormat=1902
[02Oct2026 18:52:45.909] [Render thread/INFO] [SuperResolution/]: SR_DIAG AFTER_PASS:composite render=( 1.129E+3  5.930E+2) display=( 1.920E+3  1.009E+3) region-1=( 1.129E+3  5.930E+2) region-2=( 1.920E+3  1.009E+3) viewport=[0,0,960,504] scissor=[0,213,1920,652]/false drawFbo=13 readFbo=13 drawBuffer=36064 readBuffer=36064 drawStatus=8cd5
[02Oct2026 18:52:45.909] [Render thread/INFO] [SuperResolution/]: SR_DIAG AFTER_PASS:composite fbo=13 attachment=8ce0 texture=80 mip=0 size=960x504 internalFormat=881a
[02Oct2026 18:52:45.909] [Render thread/INFO] [SuperResolution/]: SR_DIAG BEFORE_PASS:composite1 render=( 1.129E+3  5.930E+2) display=( 1.920E+3  1.009E+3) region-1=( 1.129E+3  5.930E+2) region-2=( 1.920E+3  1.009E+3) viewport=[0,0,960,504] scissor=[0,213,1920,652]/false drawFbo=13 readFbo=13 drawBuffer=36064 readBuffer=36064 drawStatus=8cd5
[02Oct2026 18:52:45.909] [Render thread/INFO] [SuperResolution/]: SR_DIAG BEFORE_PASS:composite1 fbo=13 attachment=8ce0 texture=80 mip=0 size=960x504 internalFormat=881a
[02Oct2026 18:52:45.909] [Render thread/INFO] [SuperResolution/]: SR_DIAG AFTER_PASS:composite1 render=( 1.129E+3  5.930E+2) display=( 1.920E+3  1.009E+3) region-1=( 1.129E+3  5.930E+2) region-2=( 1.920E+3  1.009E+3) viewport=[0,0,1920,1009] scissor=[0,213,1920,652]/false drawFbo=14 readFbo=14 drawBuffer=36064 readBuffer=36064 drawStatus=8cd5
[02Oct2026 18:52:45.909] [Render thread/INFO] [SuperResolution/]: SR_DIAG AFTER_PASS:composite1 fbo=14 attachment=8ce0 texture=55 mip=0 size=1920x1009 internalFormat=8c3a
[02Oct2026 18:52:45.909] [Render thread/INFO] [SuperResolution/]: SR_DIAG BEFORE_PASS:composite3 render=( 1.129E+3  5.930E+2) display=( 1.920E+3  1.009E+3) region-1=( 1.129E+3  5.930E+2) region-2=( 1.920E+3  1.009E+3) viewport=[0,0,1920,1009] scissor=[0,213,1920,652]/false drawFbo=14 readFbo=14 drawBuffer=36064 readBuffer=36064 drawStatus=8cd5
[02Oct2026 18:52:45.909] [Render thread/INFO] [SuperResolution/]: SR_DIAG BEFORE_PASS:composite3 fbo=14 attachment=8ce0 texture=55 mip=0 size=1920x1009 internalFormat=8c3a
[02Oct2026 18:52:45.909] [Render thread/INFO] [SuperResolution/]: SR_DIAG AFTER_PASS:composite3 render=( 1.129E+3  5.930E+2) display=( 1.920E+3  1.009E+3) region-1=( 1.129E+3  5.930E+2) region-2=( 1.920E+3  1.009E+3) viewport=[0,0,1920,1009] scissor=[0,213,1920,652]/false drawFbo=15 readFbo=15 drawBuffer=36064 readBuffer=36064 drawStatus=8cd5
[02Oct2026 18:52:45.909] [Render thread/INFO] [SuperResolution/]: SR_DIAG AFTER_PASS:composite3 fbo=15 attachment=8ce0 texture=56 mip=0 size=1920x1009 internalFormat=8c3a
[02Oct2026 18:52:45.909] [Render thread/INFO] [SuperResolution/]: SR_DIAG BEFORE_PASS:composite4 render=( 1.129E+3  5.930E+2) display=( 1.920E+3  1.009E+3) region-1=( 1.129E+3  5.930E+2) region-2=( 1.920E+3  1.009E+3) viewport=[0,0,1920,1009] scissor=[0,213,1920,652]/false drawFbo=15 readFbo=15 drawBuffer=36064 readBuffer=36064 drawStatus=8cd5
[02Oct2026 18:52:45.909] [Render thread/INFO] [SuperResolution/]: SR_DIAG BEFORE_PASS:composite4 fbo=15 attachment=8ce0 texture=56 mip=0 size=1920x1009 internalFormat=8c3a
[02Oct2026 18:52:45.909] [Render thread/INFO] [SuperResolution/]: SR_DIAG AFTER_PASS:composite4 render=( 1.129E+3  5.930E+2) display=( 1.920E+3  1.009E+3) region-1=( 1.129E+3  5.930E+2) region-2=( 1.920E+3  1.009E+3) viewport=[0,0,1920,1009] scissor=[0,213,1920,652]/false drawFbo=16 readFbo=16 drawBuffer=36064 readBuffer=36064 drawStatus=8cd5
[02Oct2026 18:52:45.909] [Render thread/INFO] [SuperResolution/]: SR_DIAG AFTER_PASS:composite4 fbo=16 attachment=8ce0 texture=64 mip=0 size=1920x1009 internalFormat=881a
[02Oct2026 18:52:45.909] [Render thread/INFO] [SuperResolution/]: SR_DIAG BEFORE_PASS:composite5 render=( 1.129E+3  5.930E+2) display=( 1.920E+3  1.009E+3) region-1=( 1.129E+3  5.930E+2) region-2=( 1.920E+3  1.009E+3) viewport=[0,0,1920,1009] scissor=[0,213,1920,652]/false drawFbo=16 readFbo=16 drawBuffer=36064 readBuffer=36064 drawStatus=8cd5
[02Oct2026 18:52:45.909] [Render thread/INFO] [SuperResolution/]: SR_DIAG BEFORE_PASS:composite5 fbo=16 attachment=8ce0 texture=64 mip=0 size=1920x1009 internalFormat=881a
[02Oct2026 18:52:45.909] [Render thread/INFO] [SuperResolution/]: SR_DIAG AFTER_PASS:composite5 render=( 1.129E+3  5.930E+2) display=( 1.920E+3  1.009E+3) region-1=( 1.129E+3  5.930E+2) region-2=( 1.920E+3  1.009E+3) viewport=[0,0,1920,1009] scissor=[0,213,1920,652]/false drawFbo=17 readFbo=17 drawBuffer=36064 readBuffer=36064 drawStatus=8cd5
[02Oct2026 18:52:45.909] [Render thread/INFO] [SuperResolution/]: SR_DIAG AFTER_PASS:composite5 fbo=17 attachment=8ce0 texture=63 mip=0 size=1920x1009 internalFormat=881a
[02Oct2026 18:52:45.909] [Render thread/INFO] [SuperResolution/]: SR_DIAG BEFORE_PASS:composite6 render=( 1.129E+3  5.930E+2) display=( 1.920E+3  1.009E+3) region-1=( 1.129E+3  5.930E+2) region-2=( 1.920E+3  1.009E+3) viewport=[0,0,1920,1009] scissor=[0,213,1920,652]/false drawFbo=17 readFbo=17 drawBuffer=36064 readBuffer=36064 drawStatus=8cd5
[02Oct2026 18:52:45.909] [Render thread/INFO] [SuperResolution/]: SR_DIAG BEFORE_PASS:composite6 fbo=17 attachment=8ce0 texture=63 mip=0 size=1920x1009 internalFormat=881a
[02Oct2026 18:52:45.909] [Render thread/INFO] [SuperResolution/]: SR_DIAG AFTER_PASS:composite6 render=( 1.129E+3  5.930E+2) display=( 1.920E+3  1.009E+3) region-1=( 1.129E+3  5.930E+2) region-2=( 1.920E+3  1.009E+3) viewport=[0,0,1920,1009] scissor=[0,213,1920,652]/false drawFbo=18 readFbo=18 drawBuffer=36064 readBuffer=36064 drawStatus=8cd5
[02Oct2026 18:52:45.909] [Render thread/INFO] [SuperResolution/]: SR_DIAG AFTER_PASS:composite6 fbo=18 attachment=8ce0 texture=64 mip=0 size=1920x1009 internalFormat=881a
[02Oct2026 18:52:45.909] [Render thread/INFO] [SuperResolution/]: SR_DIAG BEFORE_PASS:composite7 render=( 1.129E+3  5.930E+2) display=( 1.920E+3  1.009E+3) region-1=( 1.129E+3  5.930E+2) region-2=( 1.920E+3  1.009E+3) viewport=[0,0,1920,1009] scissor=[0,213,1920,652]/false drawFbo=18 readFbo=18 drawBuffer=36064 readBuffer=36064 drawStatus=8cd5
[02Oct2026 18:52:45.909] [Render thread/INFO] [SuperResolution/]: SR_DIAG BEFORE_PASS:composite7 fbo=18 attachment=8ce0 texture=64 mip=0 size=1920x1009 internalFormat=881a
[02Oct2026 18:52:45.909] [Render thread/INFO] [SuperResolution/]: SR_DIAG BEFORE_SR render=( 1.129E+3  5.930E+2) display=( 1.920E+3  1.009E+3) region-1=( 1.129E+3  5.930E+2) region-2=( 1.920E+3  1.009E+3) viewport=[0,0,1920,1009] scissor=[0,213,1920,652]/false drawFbo=18 readFbo=18 drawBuffer=36064 readBuffer=36064 drawStatus=8cd5
[02Oct2026 18:52:45.909] [Render thread/INFO] [SuperResolution/]: SR_DIAG BEFORE_SR fbo=18 attachment=8ce0 texture=64 mip=0 size=1920x1009 internalFormat=881a
[02Oct2026 18:52:45.930] [Render thread/INFO] [SuperResolution/]: SR_DIAG texture color id=64 size=1920x1009 format=RGBA16F target/type=Texture2D glInternalFormat=881a
[02Oct2026 18:52:45.930] [Render thread/INFO] [SuperResolution/]: SR_DIAG texture depth id=5 size=1920x1009 format=DEPTH24 target/type=Texture2D glInternalFormat=1902
[02Oct2026 18:52:45.930] [Render thread/INFO] [SuperResolution/]: SR_DIAG depth depth id=5 bits=24 componentType=8c17
[02Oct2026 18:52:45.930] [Render thread/INFO] [SuperResolution/]: SR_DIAG texture motion_vectors id=86 size=1920x1009 format=RGBA16F target/type=Texture2D glInternalFormat=881a
[02Oct2026 18:52:45.930] [Render thread/INFO] [SuperResolution/]: SR_DIAG texture algorithm_color id=91 size=1129x593 format=RGBA16F target/type=Texture2D glInternalFormat=881a
[02Oct2026 18:52:45.930] [Render thread/INFO] [SuperResolution/]: SR_DIAG texture algorithm_depth id=95 size=1129x593 format=DEPTH24 target/type=Texture2D glInternalFormat=81a6
[02Oct2026 18:52:45.930] [Render thread/INFO] [SuperResolution/]: SR_DIAG depth algorithm_depth id=95 bits=24 componentType=8c17
[02Oct2026 18:52:45.930] [Render thread/INFO] [SuperResolution/]: SR_DIAG texture algorithm_motion_vectors id=96 size=1129x593 format=RGBA16F target/type=Texture2D glInternalFormat=881a
[02Oct2026 18:52:46.071] [Render thread/INFO] [SuperResolution/]: SR_DIAG texture SR_output id=88 size=1920x1009 format=RGBA16F target/type=Texture2D glInternalFormat=881a
[02Oct2026 18:52:46.071] [Render thread/INFO] [SuperResolution/]: SR_DIAG texture autotex3/output_target id=64 size=1920x1009 format=RGBA16F target/type=Texture2D glInternalFormat=881a
[02Oct2026 18:52:46.071] [Render thread/INFO] [SuperResolution/]: SR_DIAG AFTER_SR render=( 1.129E+3  5.930E+2) display=( 1.920E+3  1.009E+3) region-1=( 1.129E+3  5.930E+2) region-2=( 1.920E+3  1.009E+3) viewport=[0,0,1920,1009] scissor=[0,213,1920,652]/false drawFbo=18 readFbo=18 drawBuffer=36064 readBuffer=36064 drawStatus=8cd5
[02Oct2026 18:52:46.071] [Render thread/INFO] [SuperResolution/]: SR_DIAG AFTER_SR fbo=18 attachment=8ce0 texture=64 mip=0 size=1920x1009 internalFormat=881a
[02Oct2026 18:52:46.071] [Render thread/INFO] [SuperResolution/]: SR_DIAG AFTER_PASS:composite7 render=( 1.129E+3  5.930E+2) display=( 1.920E+3  1.009E+3) region-1=( 1.129E+3  5.930E+2) region-2=( 1.920E+3  1.009E+3) viewport=[0,0,1920,1009] scissor=[0,213,1920,652]/false drawFbo=19 readFbo=19 drawBuffer=36064 readBuffer=36064 drawStatus=8cd5
[02Oct2026 18:52:46.071] [Render thread/INFO] [SuperResolution/]: SR_DIAG AFTER_PASS:composite7 fbo=19 attachment=8ce0 texture=63 mip=0 size=1920x1009 internalFormat=881a
[02Oct2026 18:52:46.071] [Render thread/INFO] [SuperResolution/]: SR_DIAG FINAL_PIPELINE render=( 1.129E+3  5.930E+2) display=( 1.920E+3  1.009E+3) region-1=( 1.129E+3  5.930E+2) region-2=( 1.920E+3  1.009E+3) viewport=[0,0,1920,1009] scissor=[0,213,1920,652]/false drawFbo=1 readFbo=1 drawBuffer=36064 readBuffer=36064 drawStatus=8cd5
[02Oct2026 18:52:46.071] [Render thread/INFO] [SuperResolution/]: SR_DIAG FINAL_PIPELINE fbo=1 attachment=8ce0 texture=1 mip=0 size=1920x1009 internalFormat=8058
[02Oct2026 18:52:46.071] [Render thread/INFO] [SuperResolution/]: SR_DIAG FINAL_PIPELINE fbo=1 attachment=8d00 texture=5 mip=0 size=1920x1009 internalFormat=1902
[02Oct2026 18:52:55.914] [Render thread/INFO] [SuperResolution/]: SR_DIAG BEFORE_PASS:deferred1 render=( 1.129E+3  5.930E+2) display=( 1.920E+3  1.009E+3) region-1=( 1.129E+3  5.930E+2) region-2=( 1.920E+3  1.009E+3) viewport=[0,0,1920,1009] scissor=[0,213,1920,652]/false drawFbo=1 readFbo=1 drawBuffer=36064 readBuffer=36064 drawStatus=8cd5
[02Oct2026 18:52:55.915] [Render thread/INFO] [SuperResolution/]: SR_DIAG BEFORE_PASS:deferred1 fbo=1 attachment=8ce0 texture=1 mip=0 size=1920x1009 internalFormat=8058
[02Oct2026 18:52:55.915] [Render thread/INFO] [SuperResolution/]: SR_DIAG BEFORE_PASS:deferred1 fbo=1 attachment=8d00 texture=5 mip=0 size=1920x1009 internalFormat=1902
[02Oct2026 18:52:55.915] [Render thread/INFO] [SuperResolution/]: SR_DIAG AFTER_PASS:deferred1 render=( 1.129E+3  5.930E+2) display=( 1.920E+3  1.009E+3) region-1=( 1.129E+3  5.930E+2) region-2=( 1.920E+3  1.009E+3) viewport=[0,0,1920,1009] scissor=[0,213,1920,652]/false drawFbo=12 readFbo=12 drawBuffer=36064 readBuffer=36064 drawStatus=8cd5
[02Oct2026 18:52:55.915] [Render thread/INFO] [SuperResolution/]: SR_DIAG AFTER_PASS:deferred1 fbo=12 attachment=8ce0 texture=56 mip=0 size=1920x1009 internalFormat=8c3a
[02Oct2026 18:52:55.916] [Render thread/INFO] [SuperResolution/]: SR_DIAG BEFORE_PASS:composite render=( 1.129E+3  5.930E+2) display=( 1.920E+3  1.009E+3) region-1=( 1.129E+3  5.930E+2) region-2=( 1.920E+3  1.009E+3) viewport=[0,0,1920,1009] scissor=[0,213,1920,652]/false drawFbo=1 readFbo=1 drawBuffer=36064 readBuffer=36064 drawStatus=8cd5
[02Oct2026 18:52:55.916] [Render thread/INFO] [SuperResolution/]: SR_DIAG BEFORE_PASS:composite fbo=1 attachment=8ce0 texture=1 mip=0 size=1920x1009 internalFormat=8058
[02Oct2026 18:52:55.916] [Render thread/INFO] [SuperResolution/]: SR_DIAG BEFORE_PASS:composite fbo=1 attachment=8d00 texture=5 mip=0 size=1920x1009 internalFormat=1902
[02Oct2026 18:52:55.916] [Render thread/INFO] [SuperResolution/]: SR_DIAG AFTER_PASS:composite render=( 1.129E+3  5.930E+2) display=( 1.920E+3  1.009E+3) region-1=( 1.129E+3  5.930E+2) region-2=( 1.920E+3  1.009E+3) viewport=[0,0,960,504] scissor=[0,213,1920,652]/false drawFbo=13 readFbo=13 drawBuffer=36064 readBuffer=36064 drawStatus=8cd5
[02Oct2026 18:52:55.916] [Render thread/INFO] [SuperResolution/]: SR_DIAG AFTER_PASS:composite fbo=13 attachment=8ce0 texture=80 mip=0 size=960x504 internalFormat=881a
[02Oct2026 18:52:55.916] [Render thread/INFO] [SuperResolution/]: SR_DIAG BEFORE_PASS:composite1 render=( 1.129E+3  5.930E+2) display=( 1.920E+3  1.009E+3) region-1=( 1.129E+3  5.930E+2) region-2=( 1.920E+3  1.009E+3) viewport=[0,0,960,504] scissor=[0,213,1920,652]/false drawFbo=13 readFbo=13 drawBuffer=36064 readBuffer=36064 drawStatus=8cd5
[02Oct2026 18:52:55.917] [Render thread/INFO] [SuperResolution/]: SR_DIAG BEFORE_PASS:composite1 fbo=13 attachment=8ce0 texture=80 mip=0 size=960x504 internalFormat=881a
[02Oct2026 18:52:55.917] [Render thread/INFO] [SuperResolution/]: SR_DIAG AFTER_PASS:composite1 render=( 1.129E+3  5.930E+2) display=( 1.920E+3  1.009E+3) region-1=( 1.129E+3  5.930E+2) region-2=( 1.920E+3  1.009E+3) viewport=[0,0,1920,1009] scissor=[0,213,1920,652]/false drawFbo=14 readFbo=14 drawBuffer=36064 readBuffer=36064 drawStatus=8cd5
[02Oct2026 18:52:55.917] [Render thread/INFO] [SuperResolution/]: SR_DIAG AFTER_PASS:composite1 fbo=14 attachment=8ce0 texture=55 mip=0 size=1920x1009 internalFormat=8c3a
[02Oct2026 18:52:55.917] [Render thread/INFO] [SuperResolution/]: SR_DIAG BEFORE_PASS:composite3 render=( 1.129E+3  5.930E+2) display=( 1.920E+3  1.009E+3) region-1=( 1.129E+3  5.930E+2) region-2=( 1.920E+3  1.009E+3) viewport=[0,0,1920,1009] scissor=[0,213,1920,652]/false drawFbo=14 readFbo=14 drawBuffer=36064 readBuffer=36064 drawStatus=8cd5
[02Oct2026 18:52:55.918] [Render thread/INFO] [SuperResolution/]: SR_DIAG BEFORE_PASS:composite3 fbo=14 attachment=8ce0 texture=55 mip=0 size=1920x1009 internalFormat=8c3a
[02Oct2026 18:52:55.918] [Render thread/INFO] [SuperResolution/]: SR_DIAG AFTER_PASS:composite3 render=( 1.129E+3  5.930E+2) display=( 1.920E+3  1.009E+3) region-1=( 1.129E+3  5.930E+2) region-2=( 1.920E+3  1.009E+3) viewport=[0,0,1920,1009] scissor=[0,213,1920,652]/false drawFbo=15 readFbo=15 drawBuffer=36064 readBuffer=36064 drawStatus=8cd5
[02Oct2026 18:52:55.918] [Render thread/INFO] [SuperResolution/]: SR_DIAG AFTER_PASS:composite3 fbo=15 attachment=8ce0 texture=56 mip=0 size=1920x1009 internalFormat=8c3a
[02Oct2026 18:52:55.918] [Render thread/INFO] [SuperResolution/]: SR_DIAG BEFORE_PASS:composite4 render=( 1.129E+3  5.930E+2) display=( 1.920E+3  1.009E+3) region-1=( 1.129E+3  5.930E+2) region-2=( 1.920E+3  1.009E+3) viewport=[0,0,1920,1009] scissor=[0,213,1920,652]/false drawFbo=15 readFbo=15 drawBuffer=36064 readBuffer=36064 drawStatus=8cd5
[02Oct2026 18:52:55.918] [Render thread/INFO] [SuperResolution/]: SR_DIAG BEFORE_PASS:composite4 fbo=15 attachment=8ce0 texture=56 mip=0 size=1920x1009 internalFormat=8c3a
[02Oct2026 18:52:55.918] [Render thread/INFO] [SuperResolution/]: SR_DIAG AFTER_PASS:composite4 render=( 1.129E+3  5.930E+2) display=( 1.920E+3  1.009E+3) region-1=( 1.129E+3  5.930E+2) region-2=( 1.920E+3  1.009E+3) viewport=[0,0,1920,1009] scissor=[0,213,1920,652]/false drawFbo=16 readFbo=16 drawBuffer=36064 readBuffer=36064 drawStatus=8cd5
[02Oct2026 18:52:55.918] [Render thread/INFO] [SuperResolution/]: SR_DIAG AFTER_PASS:composite4 fbo=16 attachment=8ce0 texture=64 mip=0 size=1920x1009 internalFormat=881a
[02Oct2026 18:52:55.918] [Render thread/INFO] [SuperResolution/]: SR_DIAG BEFORE_PASS:composite5 render=( 1.129E+3  5.930E+2) display=( 1.920E+3  1.009E+3) region-1=( 1.129E+3  5.930E+2) region-2=( 1.920E+3  1.009E+3) viewport=[0,0,1920,1009] scissor=[0,213,1920,652]/false drawFbo=16 readFbo=16 drawBuffer=36064 readBuffer=36064 drawStatus=8cd5
[02Oct2026 18:52:55.918] [Render thread/INFO] [SuperResolution/]: SR_DIAG BEFORE_PASS:composite5 fbo=16 attachment=8ce0 texture=64 mip=0 size=1920x1009 internalFormat=881a
[02Oct2026 18:52:55.918] [Render thread/INFO] [SuperResolution/]: SR_DIAG AFTER_PASS:composite5 render=( 1.129E+3  5.930E+2) display=( 1.920E+3  1.009E+3) region-1=( 1.129E+3  5.930E+2) region-2=( 1.920E+3  1.009E+3) viewport=[0,0,1920,1009] scissor=[0,213,1920,652]/false drawFbo=17 readFbo=17 drawBuffer=36064 readBuffer=36064 drawStatus=8cd5
[02Oct2026 18:52:55.918] [Render thread/INFO] [SuperResolution/]: SR_DIAG AFTER_PASS:composite5 fbo=17 attachment=8ce0 texture=63 mip=0 size=1920x1009 internalFormat=881a
[02Oct2026 18:52:55.919] [Render thread/INFO] [SuperResolution/]: SR_DIAG BEFORE_PASS:composite6 render=( 1.129E+3  5.930E+2) display=( 1.920E+3  1.009E+3) region-1=( 1.129E+3  5.930E+2) region-2=( 1.920E+3  1.009E+3) viewport=[0,0,1920,1009] scissor=[0,213,1920,652]/false drawFbo=17 readFbo=17 drawBuffer=36064 readBuffer=36064 drawStatus=8cd5
[02Oct2026 18:52:55.919] [Render thread/INFO] [SuperResolution/]: SR_DIAG BEFORE_PASS:composite6 fbo=17 attachment=8ce0 texture=63 mip=0 size=1920x1009 internalFormat=881a
[02Oct2026 18:52:55.919] [Render thread/INFO] [SuperResolution/]: SR_DIAG AFTER_PASS:composite6 render=( 1.129E+3  5.930E+2) display=( 1.920E+3  1.009E+3) region-1=( 1.129E+3  5.930E+2) region-2=( 1.920E+3  1.009E+3) viewport=[0,0,1920,1009] scissor=[0,213,1920,652]/false drawFbo=18 readFbo=18 drawBuffer=36064 readBuffer=36064 drawStatus=8cd5
[02Oct2026 18:52:55.919] [Render thread/INFO] [SuperResolution/]: SR_DIAG AFTER_PASS:composite6 fbo=18 attachment=8ce0 texture=64 mip=0 size=1920x1009 internalFormat=881a
[02Oct2026 18:52:55.919] [Render thread/INFO] [SuperResolution/]: SR_DIAG BEFORE_PASS:composite7 render=( 1.129E+3  5.930E+2) display=( 1.920E+3  1.009E+3) region-1=( 1.129E+3  5.930E+2) region-2=( 1.920E+3  1.009E+3) viewport=[0,0,1920,1009] scissor=[0,213,1920,652]/false drawFbo=18 readFbo=18 drawBuffer=36064 readBuffer=36064 drawStatus=8cd5
[02Oct2026 18:52:55.919] [Render thread/INFO] [SuperResolution/]: SR_DIAG BEFORE_PASS:composite7 fbo=18 attachment=8ce0 texture=64 mip=0 size=1920x1009 internalFormat=881a
[02Oct2026 18:52:55.919] [Render thread/INFO] [SuperResolution/]: SR_DIAG BEFORE_SR render=( 1.129E+3  5.930E+2) display=( 1.920E+3  1.009E+3) region-1=( 1.129E+3  5.930E+2) region-2=( 1.920E+3  1.009E+3) viewport=[0,0,1920,1009] scissor=[0,213,1920,652]/false drawFbo=18 readFbo=18 drawBuffer=36064 readBuffer=36064 drawStatus=8cd5
[02Oct2026 18:52:55.919] [Render thread/INFO] [SuperResolution/]: SR_DIAG BEFORE_SR fbo=18 attachment=8ce0 texture=64 mip=0 size=1920x1009 internalFormat=881a
[02Oct2026 18:52:55.947] [Render thread/INFO] [SuperResolution/]: SR_DIAG texture color id=64 size=1920x1009 format=RGBA16F target/type=Texture2D glInternalFormat=881a
[02Oct2026 18:52:55.947] [Render thread/INFO] [SuperResolution/]: SR_DIAG texture depth id=5 size=1920x1009 format=DEPTH24 target/type=Texture2D glInternalFormat=1902
[02Oct2026 18:52:55.947] [Render thread/INFO] [SuperResolution/]: SR_DIAG depth depth id=5 bits=24 componentType=8c17
[02Oct2026 18:52:55.947] [Render thread/INFO] [SuperResolution/]: SR_DIAG texture motion_vectors id=86 size=1920x1009 format=RGBA16F target/type=Texture2D glInternalFormat=881a
[02Oct2026 18:52:55.947] [Render thread/INFO] [SuperResolution/]: SR_DIAG texture algorithm_color id=91 size=1129x593 format=RGBA16F target/type=Texture2D glInternalFormat=881a
[02Oct2026 18:52:55.947] [Render thread/INFO] [SuperResolution/]: SR_DIAG texture algorithm_depth id=95 size=1129x593 format=DEPTH24 target/type=Texture2D glInternalFormat=81a6
[02Oct2026 18:52:55.947] [Render thread/INFO] [SuperResolution/]: SR_DIAG depth algorithm_depth id=95 bits=24 componentType=8c17
[02Oct2026 18:52:55.947] [Render thread/INFO] [SuperResolution/]: SR_DIAG texture algorithm_motion_vectors id=96 size=1129x593 format=RGBA16F target/type=Texture2D glInternalFormat=881a
[02Oct2026 18:52:56.128] [Render thread/INFO] [SuperResolution/]: SR_DIAG texture SR_output id=88 size=1920x1009 format=RGBA16F target/type=Texture2D glInternalFormat=881a
[02Oct2026 18:52:56.128] [Render thread/INFO] [SuperResolution/]: SR_DIAG texture autotex3/output_target id=64 size=1920x1009 format=RGBA16F target/type=Texture2D glInternalFormat=881a
[02Oct2026 18:52:56.128] [Render thread/INFO] [SuperResolution/]: SR_DIAG AFTER_SR render=( 1.129E+3  5.930E+2) display=( 1.920E+3  1.009E+3) region-1=( 1.129E+3  5.930E+2) region-2=( 1.920E+3  1.009E+3) viewport=[0,0,1920,1009] scissor=[0,213,1920,652]/false drawFbo=18 readFbo=18 drawBuffer=36064 readBuffer=36064 drawStatus=8cd5
[02Oct2026 18:52:56.129] [Render thread/INFO] [SuperResolution/]: SR_DIAG AFTER_SR fbo=18 attachment=8ce0 texture=64 mip=0 size=1920x1009 internalFormat=881a
[02Oct2026 18:52:56.129] [Render thread/INFO] [SuperResolution/]: SR_DIAG AFTER_PASS:composite7 render=( 1.129E+3  5.930E+2) display=( 1.920E+3  1.009E+3) region-1=( 1.129E+3  5.930E+2) region-2=( 1.920E+3  1.009E+3) viewport=[0,0,1920,1009] scissor=[0,213,1920,652]/false drawFbo=19 readFbo=19 drawBuffer=36064 readBuffer=36064 drawStatus=8cd5
[02Oct2026 18:52:56.129] [Render thread/INFO] [SuperResolution/]: SR_DIAG AFTER_PASS:composite7 fbo=19 attachment=8ce0 texture=63 mip=0 size=1920x1009 internalFormat=881a
[02Oct2026 18:52:56.130] [Render thread/INFO] [SuperResolution/]: SR_DIAG FINAL_PIPELINE render=( 1.129E+3  5.930E+2) display=( 1.920E+3  1.009E+3) region-1=( 1.129E+3  5.930E+2) region-2=( 1.920E+3  1.009E+3) viewport=[0,0,1920,1009] scissor=[0,213,1920,652]/false drawFbo=1 readFbo=1 drawBuffer=36064 readBuffer=36064 drawStatus=8cd5
[02Oct2026 18:52:56.130] [Render thread/INFO] [SuperResolution/]: SR_DIAG FINAL_PIPELINE fbo=1 attachment=8ce0 texture=1 mip=0 size=1920x1009 internalFormat=8058
[02Oct2026 18:52:56.130] [Render thread/INFO] [SuperResolution/]: SR_DIAG FINAL_PIPELINE fbo=1 attachment=8d00 texture=5 mip=0 size=1920x1009 internalFormat=1902
[02Oct2026 18:53:05.916] [Render thread/INFO] [SuperResolution/]: SR_DIAG BEFORE_PASS:deferred1 render=( 1.129E+3  5.930E+2) display=( 1.920E+3  1.009E+3) region-1=( 1.129E+3  5.930E+2) region-2=( 1.920E+3  1.009E+3) viewport=[0,0,1920,1009] scissor=[0,213,1920,652]/false drawFbo=1 readFbo=1 drawBuffer=36064 readBuffer=36064 drawStatus=8cd5
[02Oct2026 18:53:05.916] [Render thread/INFO] [SuperResolution/]: SR_DIAG BEFORE_PASS:deferred1 fbo=1 attachment=8ce0 texture=1 mip=0 size=1920x1009 internalFormat=8058
[02Oct2026 18:53:05.916] [Render thread/INFO] [SuperResolution/]: SR_DIAG BEFORE_PASS:deferred1 fbo=1 attachment=8d00 texture=5 mip=0 size=1920x1009 internalFormat=1902
[02Oct2026 18:53:05.917] [Render thread/INFO] [SuperResolution/]: SR_DIAG AFTER_PASS:deferred1 render=( 1.129E+3  5.930E+2) display=( 1.920E+3  1.009E+3) region-1=( 1.129E+3  5.930E+2) region-2=( 1.920E+3  1.009E+3) viewport=[0,0,1920,1009] scissor=[0,213,1920,652]/false drawFbo=12 readFbo=12 drawBuffer=36064 readBuffer=36064 drawStatus=8cd5
[02Oct2026 18:53:05.917] [Render thread/INFO] [SuperResolution/]: SR_DIAG AFTER_PASS:deferred1 fbo=12 attachment=8ce0 texture=56 mip=0 size=1920x1009 internalFormat=8c3a
[02Oct2026 18:53:05.917] [Render thread/INFO] [SuperResolution/]: SR_DIAG BEFORE_PASS:composite render=( 1.129E+3  5.930E+2) display=( 1.920E+3  1.009E+3) region-1=( 1.129E+3  5.930E+2) region-2=( 1.920E+3  1.009E+3) viewport=[0,0,1920,1009] scissor=[0,213,1920,652]/false drawFbo=1 readFbo=1 drawBuffer=36064 readBuffer=36064 drawStatus=8cd5
[02Oct2026 18:53:05.917] [Render thread/INFO] [SuperResolution/]: SR_DIAG BEFORE_PASS:composite fbo=1 attachment=8ce0 texture=1 mip=0 size=1920x1009 internalFormat=8058
[02Oct2026 18:53:05.917] [Render thread/INFO] [SuperResolution/]: SR_DIAG BEFORE_PASS:composite fbo=1 attachment=8d00 texture=5 mip=0 size=1920x1009 internalFormat=1902
[02Oct2026 18:53:05.918] [Render thread/INFO] [SuperResolution/]: SR_DIAG AFTER_PASS:composite render=( 1.129E+3  5.930E+2) display=( 1.920E+3  1.009E+3) region-1=( 1.129E+3  5.930E+2) region-2=( 1.920E+3  1.009E+3) viewport=[0,0,960,504] scissor=[0,213,1920,652]/false drawFbo=13 readFbo=13 drawBuffer=36064 readBuffer=36064 drawStatus=8cd5
[02Oct2026 18:53:05.918] [Render thread/INFO] [SuperResolution/]: SR_DIAG AFTER_PASS:composite fbo=13 attachment=8ce0 texture=80 mip=0 size=960x504 internalFormat=881a
[02Oct2026 18:53:05.918] [Render thread/INFO] [SuperResolution/]: SR_DIAG BEFORE_PASS:composite1 render=( 1.129E+3  5.930E+2) display=( 1.920E+3  1.009E+3) region-1=( 1.129E+3  5.930E+2) region-2=( 1.920E+3  1.009E+3) viewport=[0,0,960,504] scissor=[0,213,1920,652]/false drawFbo=13 readFbo=13 drawBuffer=36064 readBuffer=36064 drawStatus=8cd5
[02Oct2026 18:53:05.918] [Render thread/INFO] [SuperResolution/]: SR_DIAG BEFORE_PASS:composite1 fbo=13 attachment=8ce0 texture=80 mip=0 size=960x504 internalFormat=881a
[02Oct2026 18:53:05.918] [Render thread/INFO] [SuperResolution/]: SR_DIAG AFTER_PASS:composite1 render=( 1.129E+3  5.930E+2) display=( 1.920E+3  1.009E+3) region-1=( 1.129E+3  5.930E+2) region-2=( 1.920E+3  1.009E+3) viewport=[0,0,1920,1009] scissor=[0,213,1920,652]/false drawFbo=14 readFbo=14 drawBuffer=36064 readBuffer=36064 drawStatus=8cd5
[02Oct2026 18:53:05.918] [Render thread/INFO] [SuperResolution/]: SR_DIAG AFTER_PASS:composite1 fbo=14 attachment=8ce0 texture=55 mip=0 size=1920x1009 internalFormat=8c3a
[02Oct2026 18:53:05.918] [Render thread/INFO] [SuperResolution/]: SR_DIAG BEFORE_PASS:composite3 render=( 1.129E+3  5.930E+2) display=( 1.920E+3  1.009E+3) region-1=( 1.129E+3  5.930E+2) region-2=( 1.920E+3  1.009E+3) viewport=[0,0,1920,1009] scissor=[0,213,1920,652]/false drawFbo=14 readFbo=14 drawBuffer=36064 readBuffer=36064 drawStatus=8cd5
[02Oct2026 18:53:05.918] [Render thread/INFO] [SuperResolution/]: SR_DIAG BEFORE_PASS:composite3 fbo=14 attachment=8ce0 texture=55 mip=0 size=1920x1009 internalFormat=8c3a
[02Oct2026 18:53:05.918] [Render thread/INFO] [SuperResolution/]: SR_DIAG AFTER_PASS:composite3 render=( 1.129E+3  5.930E+2) display=( 1.920E+3  1.009E+3) region-1=( 1.129E+3  5.930E+2) region-2=( 1.920E+3  1.009E+3) viewport=[0,0,1920,1009] scissor=[0,213,1920,652]/false drawFbo=15 readFbo=15 drawBuffer=36064 readBuffer=36064 drawStatus=8cd5
[02Oct2026 18:53:05.918] [Render thread/INFO] [SuperResolution/]: SR_DIAG AFTER_PASS:composite3 fbo=15 attachment=8ce0 texture=56 mip=0 size=1920x1009 internalFormat=8c3a
[02Oct2026 18:53:05.918] [Render thread/INFO] [SuperResolution/]: SR_DIAG BEFORE_PASS:composite4 render=( 1.129E+3  5.930E+2) display=( 1.920E+3  1.009E+3) region-1=( 1.129E+3  5.930E+2) region-2=( 1.920E+3  1.009E+3) viewport=[0,0,1920,1009] scissor=[0,213,1920,652]/false drawFbo=15 readFbo=15 drawBuffer=36064 readBuffer=36064 drawStatus=8cd5
[02Oct2026 18:53:05.918] [Render thread/INFO] [SuperResolution/]: SR_DIAG BEFORE_PASS:composite4 fbo=15 attachment=8ce0 texture=56 mip=0 size=1920x1009 internalFormat=8c3a
[02Oct2026 18:53:05.920] [Render thread/INFO] [SuperResolution/]: SR_DIAG AFTER_PASS:composite4 render=( 1.129E+3  5.930E+2) display=( 1.920E+3  1.009E+3) region-1=( 1.129E+3  5.930E+2) region-2=( 1.920E+3  1.009E+3) viewport=[0,0,1920,1009] scissor=[0,213,1920,652]/false drawFbo=16 readFbo=16 drawBuffer=36064 readBuffer=36064 drawStatus=8cd5
[02Oct2026 18:53:05.920] [Render thread/INFO] [SuperResolution/]: SR_DIAG AFTER_PASS:composite4 fbo=16 attachment=8ce0 texture=64 mip=0 size=1920x1009 internalFormat=881a
[02Oct2026 18:53:05.920] [Render thread/INFO] [SuperResolution/]: SR_DIAG BEFORE_PASS:composite5 render=( 1.129E+3  5.930E+2) display=( 1.920E+3  1.009E+3) region-1=( 1.129E+3  5.930E+2) region-2=( 1.920E+3  1.009E+3) viewport=[0,0,1920,1009] scissor=[0,213,1920,652]/false drawFbo=16 readFbo=16 drawBuffer=36064 readBuffer=36064 drawStatus=8cd5
[02Oct2026 18:53:05.920] [Render thread/INFO] [SuperResolution/]: SR_DIAG BEFORE_PASS:composite5 fbo=16 attachment=8ce0 texture=64 mip=0 size=1920x1009 internalFormat=881a
[02Oct2026 18:53:05.920] [Render thread/INFO] [SuperResolution/]: SR_DIAG AFTER_PASS:composite5 render=( 1.129E+3  5.930E+2) display=( 1.920E+3  1.009E+3) region-1=( 1.129E+3  5.930E+2) region-2=( 1.920E+3  1.009E+3) viewport=[0,0,1920,1009] scissor=[0,213,1920,652]/false drawFbo=17 readFbo=17 drawBuffer=36064 readBuffer=36064 drawStatus=8cd5
[02Oct2026 18:53:05.920] [Render thread/INFO] [SuperResolution/]: SR_DIAG AFTER_PASS:composite5 fbo=17 attachment=8ce0 texture=63 mip=0 size=1920x1009 internalFormat=881a
[02Oct2026 18:53:05.920] [Render thread/INFO] [SuperResolution/]: SR_DIAG BEFORE_PASS:composite6 render=( 1.129E+3  5.930E+2) display=( 1.920E+3  1.009E+3) region-1=( 1.129E+3  5.930E+2) region-2=( 1.920E+3  1.009E+3) viewport=[0,0,1920,1009] scissor=[0,213,1920,652]/false drawFbo=17 readFbo=17 drawBuffer=36064 readBuffer=36064 drawStatus=8cd5
[02Oct2026 18:53:05.920] [Render thread/INFO] [SuperResolution/]: SR_DIAG BEFORE_PASS:composite6 fbo=17 attachment=8ce0 texture=63 mip=0 size=1920x1009 internalFormat=881a
[02Oct2026 18:53:05.921] [Render thread/INFO] [SuperResolution/]: SR_DIAG AFTER_PASS:composite6 render=( 1.129E+3  5.930E+2) display=( 1.920E+3  1.009E+3) region-1=( 1.129E+3  5.930E+2) region-2=( 1.920E+3  1.009E+3) viewport=[0,0,1920,1009] scissor=[0,213,1920,652]/false drawFbo=18 readFbo=18 drawBuffer=36064 readBuffer=36064 drawStatus=8cd5
[02Oct2026 18:53:05.921] [Render thread/INFO] [SuperResolution/]: SR_DIAG AFTER_PASS:composite6 fbo=18 attachment=8ce0 texture=64 mip=0 size=1920x1009 internalFormat=881a
[02Oct2026 18:53:05.921] [Render thread/INFO] [SuperResolution/]: SR_DIAG BEFORE_PASS:composite7 render=( 1.129E+3  5.930E+2) display=( 1.920E+3  1.009E+3) region-1=( 1.129E+3  5.930E+2) region-2=( 1.920E+3  1.009E+3) viewport=[0,0,1920,1009] scissor=[0,213,1920,652]/false drawFbo=18 readFbo=18 drawBuffer=36064 readBuffer=36064 drawStatus=8cd5
[02Oct2026 18:53:05.921] [Render thread/INFO] [SuperResolution/]: SR_DIAG BEFORE_PASS:composite7 fbo=18 attachment=8ce0 texture=64 mip=0 size=1920x1009 internalFormat=881a
[02Oct2026 18:53:05.921] [Render thread/INFO] [SuperResolution/]: SR_DIAG BEFORE_SR render=( 1.129E+3  5.930E+2) display=( 1.920E+3  1.009E+3) region-1=( 1.129E+3  5.930E+2) region-2=( 1.920E+3  1.009E+3) viewport=[0,0,1920,1009] scissor=[0,213,1920,652]/false drawFbo=18 readFbo=18 drawBuffer=36064 readBuffer=36064 drawStatus=8cd5
[02Oct2026 18:53:05.921] [Render thread/INFO] [SuperResolution/]: SR_DIAG BEFORE_SR fbo=18 attachment=8ce0 texture=64 mip=0 size=1920x1009 internalFormat=881a
[02Oct2026 18:53:05.962] [Render thread/INFO] [SuperResolution/]: SR_DIAG texture color id=64 size=1920x1009 format=RGBA16F target/type=Texture2D glInternalFormat=881a
[02Oct2026 18:53:05.963] [Render thread/INFO] [SuperResolution/]: SR_DIAG texture depth id=5 size=1920x1009 format=DEPTH24 target/type=Texture2D glInternalFormat=1902
[02Oct2026 18:53:05.963] [Render thread/INFO] [SuperResolution/]: SR_DIAG depth depth id=5 bits=24 componentType=8c17
[02Oct2026 18:53:05.963] [Render thread/INFO] [SuperResolution/]: SR_DIAG texture motion_vectors id=86 size=1920x1009 format=RGBA16F target/type=Texture2D glInternalFormat=881a
[02Oct2026 18:53:05.963] [Render thread/INFO] [SuperResolution/]: SR_DIAG texture algorithm_color id=91 size=1129x593 format=RGBA16F target/type=Texture2D glInternalFormat=881a
[02Oct2026 18:53:05.963] [Render thread/INFO] [SuperResolution/]: SR_DIAG texture algorithm_depth id=95 size=1129x593 format=DEPTH24 target/type=Texture2D glInternalFormat=81a6
[02Oct2026 18:53:05.963] [Render thread/INFO] [SuperResolution/]: SR_DIAG depth algorithm_depth id=95 bits=24 componentType=8c17
[02Oct2026 18:53:05.963] [Render thread/INFO] [SuperResolution/]: SR_DIAG texture algorithm_motion_vectors id=96 size=1129x593 format=RGBA16F target/type=Texture2D glInternalFormat=881a
[02Oct2026 18:53:06.133] [Render thread/INFO] [SuperResolution/]: SR_DIAG texture SR_output id=88 size=1920x1009 format=RGBA16F target/type=Texture2D glInternalFormat=881a
[02Oct2026 18:53:06.133] [Render thread/INFO] [SuperResolution/]: SR_DIAG texture autotex3/output_target id=64 size=1920x1009 format=RGBA16F target/type=Texture2D glInternalFormat=881a
[02Oct2026 18:53:06.133] [Render thread/INFO] [SuperResolution/]: SR_DIAG AFTER_SR render=( 1.129E+3  5.930E+2) display=( 1.920E+3  1.009E+3) region-1=( 1.129E+3  5.930E+2) region-2=( 1.920E+3  1.009E+3) viewport=[0,0,1920,1009] scissor=[0,213,1920,652]/false drawFbo=18 readFbo=18 drawBuffer=36064 readBuffer=36064 drawStatus=8cd5
[02Oct2026 18:53:06.134] [Render thread/INFO] [SuperResolution/]: SR_DIAG AFTER_SR fbo=18 attachment=8ce0 texture=64 mip=0 size=1920x1009 internalFormat=881a
[02Oct2026 18:53:06.134] [Render thread/INFO] [SuperResolution/]: SR_DIAG AFTER_PASS:composite7 render=( 1.129E+3  5.930E+2) display=( 1.920E+3  1.009E+3) region-1=( 1.129E+3  5.930E+2) region-2=( 1.920E+3  1.009E+3) viewport=[0,0,1920,1009] scissor=[0,213,1920,652]/false drawFbo=19 readFbo=19 drawBuffer=36064 readBuffer=36064 drawStatus=8cd5
[02Oct2026 18:53:06.134] [Render thread/INFO] [SuperResolution/]: SR_DIAG AFTER_PASS:composite7 fbo=19 attachment=8ce0 texture=63 mip=0 size=1920x1009 internalFormat=881a
[02Oct2026 18:53:06.134] [Render thread/INFO] [SuperResolution/]: SR_DIAG FINAL_PIPELINE render=( 1.129E+3  5.930E+2) display=( 1.920E+3  1.009E+3) region-1=( 1.129E+3  5.930E+2) region-2=( 1.920E+3  1.009E+3) viewport=[0,0,1920,1009] scissor=[0,213,1920,652]/false drawFbo=1 readFbo=1 drawBuffer=36064 readBuffer=36064 drawStatus=8cd5
[02Oct2026 18:53:06.134] [Render thread/INFO] [SuperResolution/]: SR_DIAG FINAL_PIPELINE fbo=1 attachment=8ce0 texture=1 mip=0 size=1920x1009 internalFormat=8058
[02Oct2026 18:53:06.134] [Render thread/INFO] [SuperResolution/]: SR_DIAG FINAL_PIPELINE fbo=1 attachment=8d00 texture=5 mip=0 size=1920x1009 internalFormat=1902
[02Oct2026 18:53:15.924] [Render thread/INFO] [SuperResolution/]: SR_DIAG BEFORE_PASS:deferred1 render=( 1.129E+3  5.930E+2) display=( 1.920E+3  1.009E+3) region-1=( 1.129E+3  5.930E+2) region-2=( 1.920E+3  1.009E+3) viewport=[0,0,1920,1009] scissor=[0,213,1920,652]/false drawFbo=1 readFbo=1 drawBuffer=36064 readBuffer=36064 drawStatus=8cd5
[02Oct2026 18:53:15.925] [Render thread/INFO] [SuperResolution/]: SR_DIAG BEFORE_PASS:deferred1 fbo=1 attachment=8ce0 texture=1 mip=0 size=1920x1009 internalFormat=8058
[02Oct2026 18:53:15.925] [Render thread/INFO] [SuperResolution/]: SR_DIAG BEFORE_PASS:deferred1 fbo=1 attachment=8d00 texture=5 mip=0 size=1920x1009 internalFormat=1902
[02Oct2026 18:53:15.926] [Render thread/INFO] [SuperResolution/]: SR_DIAG AFTER_PASS:deferred1 render=( 1.129E+3  5.930E+2) display=( 1.920E+3  1.009E+3) region-1=( 1.129E+3  5.930E+2) region-2=( 1.920E+3  1.009E+3) viewport=[0,0,1920,1009] scissor=[0,213,1920,652]/false drawFbo=12 readFbo=12 drawBuffer=36064 readBuffer=36064 drawStatus=8cd5
[02Oct2026 18:53:15.926] [Render thread/INFO] [SuperResolution/]: SR_DIAG AFTER_PASS:deferred1 fbo=12 attachment=8ce0 texture=56 mip=0 size=1920x1009 internalFormat=8c3a
[02Oct2026 18:53:15.926] [Render thread/INFO] [SuperResolution/]: SR_DIAG BEFORE_PASS:composite render=( 1.129E+3  5.930E+2) display=( 1.920E+3  1.009E+3) region-1=( 1.129E+3  5.930E+2) region-2=( 1.920E+3  1.009E+3) viewport=[0,0,1920,1009] scissor=[0,213,1920,652]/false drawFbo=1 readFbo=1 drawBuffer=36064 readBuffer=36064 drawStatus=8cd5
[02Oct2026 18:53:15.927] [Render thread/INFO] [SuperResolution/]: SR_DIAG BEFORE_PASS:composite fbo=1 attachment=8ce0 texture=1 mip=0 size=1920x1009 internalFormat=8058
[02Oct2026 18:53:15.927] [Render thread/INFO] [SuperResolution/]: SR_DIAG BEFORE_PASS:composite fbo=1 attachment=8d00 texture=5 mip=0 size=1920x1009 internalFormat=1902
[02Oct2026 18:53:15.927] [Render thread/INFO] [SuperResolution/]: SR_DIAG AFTER_PASS:composite render=( 1.129E+3  5.930E+2) display=( 1.920E+3  1.009E+3) region-1=( 1.129E+3  5.930E+2) region-2=( 1.920E+3  1.009E+3) viewport=[0,0,960,504] scissor=[0,213,1920,652]/false drawFbo=13 readFbo=13 drawBuffer=36064 readBuffer=36064 drawStatus=8cd5
[02Oct2026 18:53:15.927] [Render thread/INFO] [SuperResolution/]: SR_DIAG AFTER_PASS:composite fbo=13 attachment=8ce0 texture=80 mip=0 size=960x504 internalFormat=881a
[02Oct2026 18:53:15.927] [Render thread/INFO] [SuperResolution/]: SR_DIAG BEFORE_PASS:composite1 render=( 1.129E+3  5.930E+2) display=( 1.920E+3  1.009E+3) region-1=( 1.129E+3  5.930E+2) region-2=( 1.920E+3  1.009E+3) viewport=[0,0,960,504] scissor=[0,213,1920,652]/false drawFbo=13 readFbo=13 drawBuffer=36064 readBuffer=36064 drawStatus=8cd5
[02Oct2026 18:53:15.927] [Render thread/INFO] [SuperResolution/]: SR_DIAG BEFORE_PASS:composite1 fbo=13 attachment=8ce0 texture=80 mip=0 size=960x504 internalFormat=881a
[02Oct2026 18:53:15.927] [Render thread/INFO] [SuperResolution/]: SR_DIAG AFTER_PASS:composite1 render=( 1.129E+3  5.930E+2) display=( 1.920E+3  1.009E+3) region-1=( 1.129E+3  5.930E+2) region-2=( 1.920E+3  1.009E+3) viewport=[0,0,1920,1009] scissor=[0,213,1920,652]/false drawFbo=14 readFbo=14 drawBuffer=36064 readBuffer=36064 drawStatus=8cd5
[02Oct2026 18:53:15.927] [Render thread/INFO] [SuperResolution/]: SR_DIAG AFTER_PASS:composite1 fbo=14 attachment=8ce0 texture=55 mip=0 size=1920x1009 internalFormat=8c3a
[02Oct2026 18:53:15.927] [Render thread/INFO] [SuperResolution/]: SR_DIAG BEFORE_PASS:composite3 render=( 1.129E+3  5.930E+2) display=( 1.920E+3  1.009E+3) region-1=( 1.129E+3  5.930E+2) region-2=( 1.920E+3  1.009E+3) viewport=[0,0,1920,1009] scissor=[0,213,1920,652]/false drawFbo=14 readFbo=14 drawBuffer=36064 readBuffer=36064 drawStatus=8cd5
[02Oct2026 18:53:15.928] [Render thread/INFO] [SuperResolution/]: SR_DIAG BEFORE_PASS:composite3 fbo=14 attachment=8ce0 texture=55 mip=0 size=1920x1009 internalFormat=8c3a
[02Oct2026 18:53:15.928] [Render thread/INFO] [SuperResolution/]: SR_DIAG AFTER_PASS:composite3 render=( 1.129E+3  5.930E+2) display=( 1.920E+3  1.009E+3) region-1=( 1.129E+3  5.930E+2) region-2=( 1.920E+3  1.009E+3) viewport=[0,0,1920,1009] scissor=[0,213,1920,652]/false drawFbo=15 readFbo=15 drawBuffer=36064 readBuffer=36064 drawStatus=8cd5
[02Oct2026 18:53:15.928] [Render thread/INFO] [SuperResolution/]: SR_DIAG AFTER_PASS:composite3 fbo=15 attachment=8ce0 texture=56 mip=0 size=1920x1009 internalFormat=8c3a
[02Oct2026 18:53:15.928] [Render thread/INFO] [SuperResolution/]: SR_DIAG BEFORE_PASS:composite4 render=( 1.129E+3  5.930E+2) display=( 1.920E+3  1.009E+3) region-1=( 1.129E+3  5.930E+2) region-2=( 1.920E+3  1.009E+3) viewport=[0,0,1920,1009] scissor=[0,213,1920,652]/false drawFbo=15 readFbo=15 drawBuffer=36064 readBuffer=36064 drawStatus=8cd5
[02Oct2026 18:53:15.928] [Render thread/INFO] [SuperResolution/]: SR_DIAG BEFORE_PASS:composite4 fbo=15 attachment=8ce0 texture=56 mip=0 size=1920x1009 internalFormat=8c3a
[02Oct2026 18:53:15.928] [Render thread/INFO] [SuperResolution/]: SR_DIAG AFTER_PASS:composite4 render=( 1.129E+3  5.930E+2) display=( 1.920E+3  1.009E+3) region-1=( 1.129E+3  5.930E+2) region-2=( 1.920E+3  1.009E+3) viewport=[0,0,1920,1009] scissor=[0,213,1920,652]/false drawFbo=16 readFbo=16 drawBuffer=36064 readBuffer=36064 drawStatus=8cd5
[02Oct2026 18:53:15.928] [Render thread/INFO] [SuperResolution/]: SR_DIAG AFTER_PASS:composite4 fbo=16 attachment=8ce0 texture=64 mip=0 size=1920x1009 internalFormat=881a
[02Oct2026 18:53:15.928] [Render thread/INFO] [SuperResolution/]: SR_DIAG BEFORE_PASS:composite5 render=( 1.129E+3  5.930E+2) display=( 1.920E+3  1.009E+3) region-1=( 1.129E+3  5.930E+2) region-2=( 1.920E+3  1.009E+3) viewport=[0,0,1920,1009] scissor=[0,213,1920,652]/false drawFbo=16 readFbo=16 drawBuffer=36064 readBuffer=36064 drawStatus=8cd5
[02Oct2026 18:53:15.928] [Render thread/INFO] [SuperResolution/]: SR_DIAG BEFORE_PASS:composite5 fbo=16 attachment=8ce0 texture=64 mip=0 size=1920x1009 internalFormat=881a
[02Oct2026 18:53:15.928] [Render thread/INFO] [SuperResolution/]: SR_DIAG AFTER_PASS:composite5 render=( 1.129E+3  5.930E+2) display=( 1.920E+3  1.009E+3) region-1=( 1.129E+3  5.930E+2) region-2=( 1.920E+3  1.009E+3) viewport=[0,0,1920,1009] scissor=[0,213,1920,652]/false drawFbo=17 readFbo=17 drawBuffer=36064 readBuffer=36064 drawStatus=8cd5
[02Oct2026 18:53:15.928] [Render thread/INFO] [SuperResolution/]: SR_DIAG AFTER_PASS:composite5 fbo=17 attachment=8ce0 texture=63 mip=0 size=1920x1009 internalFormat=881a
[02Oct2026 18:53:15.928] [Render thread/INFO] [SuperResolution/]: SR_DIAG BEFORE_PASS:composite6 render=( 1.129E+3  5.930E+2) display=( 1.920E+3  1.009E+3) region-1=( 1.129E+3  5.930E+2) region-2=( 1.920E+3  1.009E+3) viewport=[0,0,1920,1009] scissor=[0,213,1920,652]/false drawFbo=17 readFbo=17 drawBuffer=36064 readBuffer=36064 drawStatus=8cd5
[02Oct2026 18:53:15.928] [Render thread/INFO] [SuperResolution/]: SR_DIAG BEFORE_PASS:composite6 fbo=17 attachment=8ce0 texture=63 mip=0 size=1920x1009 internalFormat=881a
[02Oct2026 18:53:15.928] [Render thread/INFO] [SuperResolution/]: SR_DIAG AFTER_PASS:composite6 render=( 1.129E+3  5.930E+2) display=( 1.920E+3  1.009E+3) region-1=( 1.129E+3  5.930E+2) region-2=( 1.920E+3  1.009E+3) viewport=[0,0,1920,1009] scissor=[0,213,1920,652]/false drawFbo=18 readFbo=18 drawBuffer=36064 readBuffer=36064 drawStatus=8cd5
[02Oct2026 18:53:15.928] [Render thread/INFO] [SuperResolution/]: SR_DIAG AFTER_PASS:composite6 fbo=18 attachment=8ce0 texture=64 mip=0 size=1920x1009 internalFormat=881a
[02Oct2026 18:53:15.928] [Render thread/INFO] [SuperResolution/]: SR_DIAG BEFORE_PASS:composite7 render=( 1.129E+3  5.930E+2) display=( 1.920E+3  1.009E+3) region-1=( 1.129E+3  5.930E+2) region-2=( 1.920E+3  1.009E+3) viewport=[0,0,1920,1009] scissor=[0,213,1920,652]/false drawFbo=18 readFbo=18 drawBuffer=36064 readBuffer=36064 drawStatus=8cd5
[02Oct2026 18:53:15.928] [Render thread/INFO] [SuperResolution/]: SR_DIAG BEFORE_PASS:composite7 fbo=18 attachment=8ce0 texture=64 mip=0 size=1920x1009 internalFormat=881a
[02Oct2026 18:53:15.928] [Render thread/INFO] [SuperResolution/]: SR_DIAG BEFORE_SR render=( 1.129E+3  5.930E+2) display=( 1.920E+3  1.009E+3) region-1=( 1.129E+3  5.930E+2) region-2=( 1.920E+3  1.009E+3) viewport=[0,0,1920,1009] scissor=[0,213,1920,652]/false drawFbo=18 readFbo=18 drawBuffer=36064 readBuffer=36064 drawStatus=8cd5
[02Oct2026 18:53:15.928] [Render thread/INFO] [SuperResolution/]: SR_DIAG BEFORE_SR fbo=18 attachment=8ce0 texture=64 mip=0 size=1920x1009 internalFormat=881a
[02Oct2026 18:53:15.975] [Render thread/INFO] [SuperResolution/]: SR_DIAG texture color id=64 size=1920x1009 format=RGBA16F target/type=Texture2D glInternalFormat=881a
[02Oct2026 18:53:15.975] [Render thread/INFO] [SuperResolution/]: SR_DIAG texture depth id=5 size=1920x1009 format=DEPTH24 target/type=Texture2D glInternalFormat=1902
[02Oct2026 18:53:15.975] [Render thread/INFO] [SuperResolution/]: SR_DIAG depth depth id=5 bits=24 componentType=8c17
[02Oct2026 18:53:15.975] [Render thread/INFO] [SuperResolution/]: SR_DIAG texture motion_vectors id=86 size=1920x1009 format=RGBA16F target/type=Texture2D glInternalFormat=881a
[02Oct2026 18:53:15.975] [Render thread/INFO] [SuperResolution/]: SR_DIAG texture algorithm_color id=91 size=1129x593 format=RGBA16F target/type=Texture2D glInternalFormat=881a
[02Oct2026 18:53:15.976] [Render thread/INFO] [SuperResolution/]: SR_DIAG texture algorithm_depth id=95 size=1129x593 format=DEPTH24 target/type=Texture2D glInternalFormat=81a6
[02Oct2026 18:53:15.976] [Render thread/INFO] [SuperResolution/]: SR_DIAG depth algorithm_depth id=95 bits=24 componentType=8c17
[02Oct2026 18:53:15.976] [Render thread/INFO] [SuperResolution/]: SR_DIAG texture algorithm_motion_vectors id=96 size=1129x593 format=RGBA16F target/type=Texture2D glInternalFormat=881a
[02Oct2026 18:53:16.138] [Render thread/INFO] [SuperResolution/]: SR_DIAG texture SR_output id=88 size=1920x1009 format=RGBA16F target/type=Texture2D glInternalFormat=881a
[02Oct2026 18:53:16.138] [Render thread/INFO] [SuperResolution/]: SR_DIAG texture autotex3/output_target id=64 size=1920x1009 format=RGBA16F target/type=Texture2D glInternalFormat=881a
[02Oct2026 18:53:16.138] [Render thread/INFO] [SuperResolution/]: SR_DIAG AFTER_SR render=( 1.129E+3  5.930E+2) display=( 1.920E+3  1.009E+3) region-1=( 1.129E+3  5.930E+2) region-2=( 1.920E+3  1.009E+3) viewport=[0,0,1920,1009] scissor=[0,213,1920,652]/false drawFbo=18 readFbo=18 drawBuffer=36064 readBuffer=36064 drawStatus=8cd5
[02Oct2026 18:53:16.138] [Render thread/INFO] [SuperResolution/]: SR_DIAG AFTER_SR fbo=18 attachment=8ce0 texture=64 mip=0 size=1920x1009 internalFormat=881a
[02Oct2026 18:53:16.139] [Render thread/INFO] [SuperResolution/]: SR_DIAG AFTER_PASS:composite7 render=( 1.129E+3  5.930E+2) display=( 1.920E+3  1.009E+3) region-1=( 1.129E+3  5.930E+2) region-2=( 1.920E+3  1.009E+3) viewport=[0,0,1920,1009] scissor=[0,213,1920,652]/false drawFbo=19 readFbo=19 drawBuffer=36064 readBuffer=36064 drawStatus=8cd5
[02Oct2026 18:53:16.139] [Render thread/INFO] [SuperResolution/]: SR_DIAG AFTER_PASS:composite7 fbo=19 attachment=8ce0 texture=63 mip=0 size=1920x1009 internalFormat=881a
[02Oct2026 18:53:16.139] [Render thread/INFO] [SuperResolution/]: SR_DIAG FINAL_PIPELINE render=( 1.129E+3  5.930E+2) display=( 1.920E+3  1.009E+3) region-1=( 1.129E+3  5.930E+2) region-2=( 1.920E+3  1.009E+3) viewport=[0,0,1920,1009] scissor=[0,213,1920,652]/false drawFbo=1 readFbo=1 drawBuffer=36064 readBuffer=36064 drawStatus=8cd5
[02Oct2026 18:53:16.139] [Render thread/INFO] [SuperResolution/]: SR_DIAG FINAL_PIPELINE fbo=1 attachment=8ce0 texture=1 mip=0 size=1920x1009 internalFormat=8058
[02Oct2026 18:53:16.139] [Render thread/INFO] [SuperResolution/]: SR_DIAG FINAL_PIPELINE fbo=1 attachment=8d00 texture=5 mip=0 size=1920x1009 internalFormat=1902
[02Oct2026 18:53:25.939] [Render thread/INFO] [SuperResolution/]: SR_DIAG BEFORE_PASS:deferred1 render=( 1.129E+3  5.930E+2) display=( 1.920E+3  1.009E+3) region-1=( 1.129E+3  5.930E+2) region-2=( 1.920E+3  1.009E+3) viewport=[0,0,1920,1009] scissor=[0,213,1920,652]/false drawFbo=1 readFbo=1 drawBuffer=36064 readBuffer=36064 drawStatus=8cd5
[02Oct2026 18:53:25.939] [Render thread/INFO] [SuperResolution/]: SR_DIAG BEFORE_PASS:deferred1 fbo=1 attachment=8ce0 texture=1 mip=0 size=1920x1009 internalFormat=8058
[02Oct2026 18:53:25.939] [Render thread/INFO] [SuperResolution/]: SR_DIAG BEFORE_PASS:deferred1 fbo=1 attachment=8d00 texture=5 mip=0 size=1920x1009 internalFormat=1902
[02Oct2026 18:53:25.940] [Render thread/INFO] [SuperResolution/]: SR_DIAG AFTER_PASS:deferred1 render=( 1.129E+3  5.930E+2) display=( 1.920E+3  1.009E+3) region-1=( 1.129E+3  5.930E+2) region-2=( 1.920E+3  1.009E+3) viewport=[0,0,1920,1009] scissor=[0,213,1920,652]/false drawFbo=12 readFbo=12 drawBuffer=36064 readBuffer=36064 drawStatus=8cd5
[02Oct2026 18:53:25.940] [Render thread/INFO] [SuperResolution/]: SR_DIAG AFTER_PASS:deferred1 fbo=12 attachment=8ce0 texture=56 mip=0 size=1920x1009 internalFormat=8c3a
[02Oct2026 18:53:25.940] [Render thread/INFO] [SuperResolution/]: SR_DIAG BEFORE_PASS:composite render=( 1.129E+3  5.930E+2) display=( 1.920E+3  1.009E+3) region-1=( 1.129E+3  5.930E+2) region-2=( 1.920E+3  1.009E+3) viewport=[0,0,1920,1009] scissor=[0,213,1920,652]/false drawFbo=1 readFbo=1 drawBuffer=36064 readBuffer=36064 drawStatus=8cd5
[02Oct2026 18:53:25.940] [Render thread/INFO] [SuperResolution/]: SR_DIAG BEFORE_PASS:composite fbo=1 attachment=8ce0 texture=1 mip=0 size=1920x1009 internalFormat=8058
[02Oct2026 18:53:25.940] [Render thread/INFO] [SuperResolution/]: SR_DIAG BEFORE_PASS:composite fbo=1 attachment=8d00 texture=5 mip=0 size=1920x1009 internalFormat=1902
[02Oct2026 18:53:25.940] [Render thread/INFO] [SuperResolution/]: SR_DIAG AFTER_PASS:composite render=( 1.129E+3  5.930E+2) display=( 1.920E+3  1.009E+3) region-1=( 1.129E+3  5.930E+2) region-2=( 1.920E+3  1.009E+3) viewport=[0,0,960,504] scissor=[0,213,1920,652]/false drawFbo=13 readFbo=13 drawBuffer=36064 readBuffer=36064 drawStatus=8cd5
[02Oct2026 18:53:25.940] [Render thread/INFO] [SuperResolution/]: SR_DIAG AFTER_PASS:composite fbo=13 attachment=8ce0 texture=80 mip=0 size=960x504 internalFormat=881a
[02Oct2026 18:53:25.941] [Render thread/INFO] [SuperResolution/]: SR_DIAG BEFORE_PASS:composite1 render=( 1.129E+3  5.930E+2) display=( 1.920E+3  1.009E+3) region-1=( 1.129E+3  5.930E+2) region-2=( 1.920E+3  1.009E+3) viewport=[0,0,960,504] scissor=[0,213,1920,652]/false drawFbo=13 readFbo=13 drawBuffer=36064 readBuffer=36064 drawStatus=8cd5
[02Oct2026 18:53:25.941] [Render thread/INFO] [SuperResolution/]: SR_DIAG BEFORE_PASS:composite1 fbo=13 attachment=8ce0 texture=80 mip=0 size=960x504 internalFormat=881a
[02Oct2026 18:53:25.941] [Render thread/INFO] [SuperResolution/]: SR_DIAG AFTER_PASS:composite1 render=( 1.129E+3  5.930E+2) display=( 1.920E+3  1.009E+3) region-1=( 1.129E+3  5.930E+2) region-2=( 1.920E+3  1.009E+3) viewport=[0,0,1920,1009] scissor=[0,213,1920,652]/false drawFbo=14 readFbo=14 drawBuffer=36064 readBuffer=36064 drawStatus=8cd5
[02Oct2026 18:53:25.941] [Render thread/INFO] [SuperResolution/]: SR_DIAG AFTER_PASS:composite1 fbo=14 attachment=8ce0 texture=55 mip=0 size=1920x1009 internalFormat=8c3a
[02Oct2026 18:53:25.941] [Render thread/INFO] [SuperResolution/]: SR_DIAG BEFORE_PASS:composite3 render=( 1.129E+3  5.930E+2) display=( 1.920E+3  1.009E+3) region-1=( 1.129E+3  5.930E+2) region-2=( 1.920E+3  1.009E+3) viewport=[0,0,1920,1009] scissor=[0,213,1920,652]/false drawFbo=14 readFbo=14 drawBuffer=36064 readBuffer=36064 drawStatus=8cd5
[02Oct2026 18:53:25.941] [Render thread/INFO] [SuperResolution/]: SR_DIAG BEFORE_PASS:composite3 fbo=14 attachment=8ce0 texture=55 mip=0 size=1920x1009 internalFormat=8c3a
[02Oct2026 18:53:25.941] [Render thread/INFO] [SuperResolution/]: SR_DIAG AFTER_PASS:composite3 render=( 1.129E+3  5.930E+2) display=( 1.920E+3  1.009E+3) region-1=( 1.129E+3  5.930E+2) region-2=( 1.920E+3  1.009E+3) viewport=[0,0,1920,1009] scissor=[0,213,1920,652]/false drawFbo=15 readFbo=15 drawBuffer=36064 readBuffer=36064 drawStatus=8cd5
[02Oct2026 18:53:25.941] [Render thread/INFO] [SuperResolution/]: SR_DIAG AFTER_PASS:composite3 fbo=15 attachment=8ce0 texture=56 mip=0 size=1920x1009 internalFormat=8c3a
[02Oct2026 18:53:25.941] [Render thread/INFO] [SuperResolution/]: SR_DIAG BEFORE_PASS:composite4 render=( 1.129E+3  5.930E+2) display=( 1.920E+3  1.009E+3) region-1=( 1.129E+3  5.930E+2) region-2=( 1.920E+3  1.009E+3) viewport=[0,0,1920,1009] scissor=[0,213,1920,652]/false drawFbo=15 readFbo=15 drawBuffer=36064 readBuffer=36064 drawStatus=8cd5
[02Oct2026 18:53:25.941] [Render thread/INFO] [SuperResolution/]: SR_DIAG BEFORE_PASS:composite4 fbo=15 attachment=8ce0 texture=56 mip=0 size=1920x1009 internalFormat=8c3a
[02Oct2026 18:53:25.941] [Render thread/INFO] [SuperResolution/]: SR_DIAG AFTER_PASS:composite4 render=( 1.129E+3  5.930E+2) display=( 1.920E+3  1.009E+3) region-1=( 1.129E+3  5.930E+2) region-2=( 1.920E+3  1.009E+3) viewport=[0,0,1920,1009] scissor=[0,213,1920,652]/false drawFbo=16 readFbo=16 drawBuffer=36064 readBuffer=36064 drawStatus=8cd5
[02Oct2026 18:53:25.941] [Render thread/INFO] [SuperResolution/]: SR_DIAG AFTER_PASS:composite4 fbo=16 attachment=8ce0 texture=64 mip=0 size=1920x1009 internalFormat=881a
[02Oct2026 18:53:25.941] [Render thread/INFO] [SuperResolution/]: SR_DIAG BEFORE_PASS:composite5 render=( 1.129E+3  5.930E+2) display=( 1.920E+3  1.009E+3) region-1=( 1.129E+3  5.930E+2) region-2=( 1.920E+3  1.009E+3) viewport=[0,0,1920,1009] scissor=[0,213,1920,652]/false drawFbo=16 readFbo=16 drawBuffer=36064 readBuffer=36064 drawStatus=8cd5
[02Oct2026 18:53:25.941] [Render thread/INFO] [SuperResolution/]: SR_DIAG BEFORE_PASS:composite5 fbo=16 attachment=8ce0 texture=64 mip=0 size=1920x1009 internalFormat=881a
[02Oct2026 18:53:25.941] [Render thread/INFO] [SuperResolution/]: SR_DIAG AFTER_PASS:composite5 render=( 1.129E+3  5.930E+2) display=( 1.920E+3  1.009E+3) region-1=( 1.129E+3  5.930E+2) region-2=( 1.920E+3  1.009E+3) viewport=[0,0,1920,1009] scissor=[0,213,1920,652]/false drawFbo=17 readFbo=17 drawBuffer=36064 readBuffer=36064 drawStatus=8cd5
[02Oct2026 18:53:25.941] [Render thread/INFO] [SuperResolution/]: SR_DIAG AFTER_PASS:composite5 fbo=17 attachment=8ce0 texture=63 mip=0 size=1920x1009 internalFormat=881a
[02Oct2026 18:53:25.941] [Render thread/INFO] [SuperResolution/]: SR_DIAG BEFORE_PASS:composite6 render=( 1.129E+3  5.930E+2) display=( 1.920E+3  1.009E+3) region-1=( 1.129E+3  5.930E+2) region-2=( 1.920E+3  1.009E+3) viewport=[0,0,1920,1009] scissor=[0,213,1920,652]/false drawFbo=17 readFbo=17 drawBuffer=36064 readBuffer=36064 drawStatus=8cd5
[02Oct2026 18:53:25.941] [Render thread/INFO] [SuperResolution/]: SR_DIAG BEFORE_PASS:composite6 fbo=17 attachment=8ce0 texture=63 mip=0 size=1920x1009 internalFormat=881a
[02Oct2026 18:53:25.941] [Render thread/INFO] [SuperResolution/]: SR_DIAG AFTER_PASS:composite6 render=( 1.129E+3  5.930E+2) display=( 1.920E+3  1.009E+3) region-1=( 1.129E+3  5.930E+2) region-2=( 1.920E+3  1.009E+3) viewport=[0,0,1920,1009] scissor=[0,213,1920,652]/false drawFbo=18 readFbo=18 drawBuffer=36064 readBuffer=36064 drawStatus=8cd5
[02Oct2026 18:53:25.941] [Render thread/INFO] [SuperResolution/]: SR_DIAG AFTER_PASS:composite6 fbo=18 attachment=8ce0 texture=64 mip=0 size=1920x1009 internalFormat=881a
[02Oct2026 18:53:25.941] [Render thread/INFO] [SuperResolution/]: SR_DIAG BEFORE_PASS:composite7 render=( 1.129E+3  5.930E+2) display=( 1.920E+3  1.009E+3) region-1=( 1.129E+3  5.930E+2) region-2=( 1.920E+3  1.009E+3) viewport=[0,0,1920,1009] scissor=[0,213,1920,652]/false drawFbo=18 readFbo=18 drawBuffer=36064 readBuffer=36064 drawStatus=8cd5
[02Oct2026 18:53:25.941] [Render thread/INFO] [SuperResolution/]: SR_DIAG BEFORE_PASS:composite7 fbo=18 attachment=8ce0 texture=64 mip=0 size=1920x1009 internalFormat=881a
[02Oct2026 18:53:25.941] [Render thread/INFO] [SuperResolution/]: SR_DIAG BEFORE_SR render=( 1.129E+3  5.930E+2) display=( 1.920E+3  1.009E+3) region-1=( 1.129E+3  5.930E+2) region-2=( 1.920E+3  1.009E+3) viewport=[0,0,1920,1009] scissor=[0,213,1920,652]/false drawFbo=18 readFbo=18 drawBuffer=36064 readBuffer=36064 drawStatus=8cd5
[02Oct2026 18:53:25.941] [Render thread/INFO] [SuperResolution/]: SR_DIAG BEFORE_SR fbo=18 attachment=8ce0 texture=64 mip=0 size=1920x1009 internalFormat=881a
[02Oct2026 18:53:26.010] [Render thread/INFO] [SuperResolution/]: SR_DIAG texture color id=64 size=1920x1009 format=RGBA16F target/type=Texture2D glInternalFormat=881a
[02Oct2026 18:53:26.010] [Render thread/INFO] [SuperResolution/]: SR_DIAG texture depth id=5 size=1920x1009 format=DEPTH24 target/type=Texture2D glInternalFormat=1902
[02Oct2026 18:53:26.010] [Render thread/INFO] [SuperResolution/]: SR_DIAG depth depth id=5 bits=24 componentType=8c17
[02Oct2026 18:53:26.010] [Render thread/INFO] [SuperResolution/]: SR_DIAG texture motion_vectors id=86 size=1920x1009 format=RGBA16F target/type=Texture2D glInternalFormat=881a
[02Oct2026 18:53:26.010] [Render thread/INFO] [SuperResolution/]: SR_DIAG texture algorithm_color id=91 size=1129x593 format=RGBA16F target/type=Texture2D glInternalFormat=881a
[02Oct2026 18:53:26.010] [Render thread/INFO] [SuperResolution/]: SR_DIAG texture algorithm_depth id=95 size=1129x593 format=DEPTH24 target/type=Texture2D glInternalFormat=81a6
[02Oct2026 18:53:26.010] [Render thread/INFO] [SuperResolution/]: SR_DIAG depth algorithm_depth id=95 bits=24 componentType=8c17
[02Oct2026 18:53:26.010] [Render thread/INFO] [SuperResolution/]: SR_DIAG texture algorithm_motion_vectors id=96 size=1129x593 format=RGBA16F target/type=Texture2D glInternalFormat=881a
[02Oct2026 18:53:26.154] [Render thread/INFO] [SuperResolution/]: SR_DIAG texture SR_output id=88 size=1920x1009 format=RGBA16F target/type=Texture2D glInternalFormat=881a
[02Oct2026 18:53:26.154] [Render thread/INFO] [SuperResolution/]: SR_DIAG texture autotex3/output_target id=64 size=1920x1009 format=RGBA16F target/type=Texture2D glInternalFormat=881a
[02Oct2026 18:53:26.156] [Render thread/INFO] [SuperResolution/]: SR_DIAG AFTER_SR render=( 1.129E+3  5.930E+2) display=( 1.920E+3  1.009E+3) region-1=( 1.129E+3  5.930E+2) region-2=( 1.920E+3  1.009E+3) viewport=[0,0,1920,1009] scissor=[0,213,1920,652]/false drawFbo=18 readFbo=18 drawBuffer=36064 readBuffer=36064 drawStatus=8cd5
[02Oct2026 18:53:26.156] [Render thread/INFO] [SuperResolution/]: SR_DIAG AFTER_SR fbo=18 attachment=8ce0 texture=64 mip=0 size=1920x1009 internalFormat=881a
[02Oct2026 18:53:26.156] [Render thread/INFO] [SuperResolution/]: SR_DIAG AFTER_PASS:composite7 render=( 1.129E+3  5.930E+2) display=( 1.920E+3  1.009E+3) region-1=( 1.129E+3  5.930E+2) region-2=( 1.920E+3  1.009E+3) viewport=[0,0,1920,1009] scissor=[0,213,1920,652]/false drawFbo=19 readFbo=19 drawBuffer=36064 readBuffer=36064 drawStatus=8cd5
[02Oct2026 18:53:26.156] [Render thread/INFO] [SuperResolution/]: SR_DIAG AFTER_PASS:composite7 fbo=19 attachment=8ce0 texture=63 mip=0 size=1920x1009 internalFormat=881a
[02Oct2026 18:53:26.156] [Render thread/INFO] [SuperResolution/]: SR_DIAG FINAL_PIPELINE render=( 1.129E+3  5.930E+2) display=( 1.920E+3  1.009E+3) region-1=( 1.129E+3  5.930E+2) region-2=( 1.920E+3  1.009E+3) viewport=[0,0,1920,1009] scissor=[0,213,1920,652]/false drawFbo=1 readFbo=1 drawBuffer=36064 readBuffer=36064 drawStatus=8cd5
[02Oct2026 18:53:26.156] [Render thread/INFO] [SuperResolution/]: SR_DIAG FINAL_PIPELINE fbo=1 attachment=8ce0 texture=1 mip=0 size=1920x1009 internalFormat=8058
[02Oct2026 18:53:26.156] [Render thread/INFO] [SuperResolution/]: SR_DIAG FINAL_PIPELINE fbo=1 attachment=8d00 texture=5 mip=0 size=1920x1009 internalFormat=1902
[02Oct2026 18:53:35.977] [Render thread/INFO] [SuperResolution/]: SR_DIAG BEFORE_PASS:deferred1 render=( 1.129E+3  5.930E+2) display=( 1.920E+3  1.009E+3) region-1=( 1.129E+3  5.930E+2) region-2=( 1.920E+3  1.009E+3) viewport=[0,0,1920,1009] scissor=[0,213,1920,652]/false drawFbo=1 readFbo=1 drawBuffer=36064 readBuffer=36064 drawStatus=8cd5
[02Oct2026 18:53:35.978] [Render thread/INFO] [SuperResolution/]: SR_DIAG BEFORE_PASS:deferred1 fbo=1 attachment=8ce0 texture=1 mip=0 size=1920x1009 internalFormat=8058
[02Oct2026 18:53:35.978] [Render thread/INFO] [SuperResolution/]: SR_DIAG BEFORE_PASS:deferred1 fbo=1 attachment=8d00 texture=5 mip=0 size=1920x1009 internalFormat=1902
[02Oct2026 18:53:35.978] [Render thread/INFO] [SuperResolution/]: SR_DIAG AFTER_PASS:deferred1 render=( 1.129E+3  5.930E+2) display=( 1.920E+3  1.009E+3) region-1=( 1.129E+3  5.930E+2) region-2=( 1.920E+3  1.009E+3) viewport=[0,0,1920,1009] scissor=[0,213,1920,652]/false drawFbo=12 readFbo=12 drawBuffer=36064 readBuffer=36064 drawStatus=8cd5
[02Oct2026 18:53:35.978] [Render thread/INFO] [SuperResolution/]: SR_DIAG AFTER_PASS:deferred1 fbo=12 attachment=8ce0 texture=56 mip=0 size=1920x1009 internalFormat=8c3a
[02Oct2026 18:53:35.978] [Render thread/INFO] [SuperResolution/]: SR_DIAG BEFORE_PASS:composite render=( 1.129E+3  5.930E+2) display=( 1.920E+3  1.009E+3) region-1=( 1.129E+3  5.930E+2) region-2=( 1.920E+3  1.009E+3) viewport=[0,0,1920,1009] scissor=[0,213,1920,652]/false drawFbo=1 readFbo=1 drawBuffer=36064 readBuffer=36064 drawStatus=8cd5
[02Oct2026 18:53:35.979] [Render thread/INFO] [SuperResolution/]: SR_DIAG BEFORE_PASS:composite fbo=1 attachment=8ce0 texture=1 mip=0 size=1920x1009 internalFormat=8058
[02Oct2026 18:53:35.979] [Render thread/INFO] [SuperResolution/]: SR_DIAG BEFORE_PASS:composite fbo=1 attachment=8d00 texture=5 mip=0 size=1920x1009 internalFormat=1902
[02Oct2026 18:53:35.979] [Render thread/INFO] [SuperResolution/]: SR_DIAG AFTER_PASS:composite render=( 1.129E+3  5.930E+2) display=( 1.920E+3  1.009E+3) region-1=( 1.129E+3  5.930E+2) region-2=( 1.920E+3  1.009E+3) viewport=[0,0,960,504] scissor=[0,213,1920,652]/false drawFbo=13 readFbo=13 drawBuffer=36064 readBuffer=36064 drawStatus=8cd5
[02Oct2026 18:53:35.979] [Render thread/INFO] [SuperResolution/]: SR_DIAG AFTER_PASS:composite fbo=13 attachment=8ce0 texture=80 mip=0 size=960x504 internalFormat=881a
[02Oct2026 18:53:35.979] [Render thread/INFO] [SuperResolution/]: SR_DIAG BEFORE_PASS:composite1 render=( 1.129E+3  5.930E+2) display=( 1.920E+3  1.009E+3) region-1=( 1.129E+3  5.930E+2) region-2=( 1.920E+3  1.009E+3) viewport=[0,0,960,504] scissor=[0,213,1920,652]/false drawFbo=13 readFbo=13 drawBuffer=36064 readBuffer=36064 drawStatus=8cd5
[02Oct2026 18:53:35.979] [Render thread/INFO] [SuperResolution/]: SR_DIAG BEFORE_PASS:composite1 fbo=13 attachment=8ce0 texture=80 mip=0 size=960x504 internalFormat=881a
[02Oct2026 18:53:35.979] [Render thread/INFO] [SuperResolution/]: SR_DIAG AFTER_PASS:composite1 render=( 1.129E+3  5.930E+2) display=( 1.920E+3  1.009E+3) region-1=( 1.129E+3  5.930E+2) region-2=( 1.920E+3  1.009E+3) viewport=[0,0,1920,1009] scissor=[0,213,1920,652]/false drawFbo=14 readFbo=14 drawBuffer=36064 readBuffer=36064 drawStatus=8cd5
[02Oct2026 18:53:35.979] [Render thread/INFO] [SuperResolution/]: SR_DIAG AFTER_PASS:composite1 fbo=14 attachment=8ce0 texture=55 mip=0 size=1920x1009 internalFormat=8c3a
[02Oct2026 18:53:35.979] [Render thread/INFO] [SuperResolution/]: SR_DIAG BEFORE_PASS:composite3 render=( 1.129E+3  5.930E+2) display=( 1.920E+3  1.009E+3) region-1=( 1.129E+3  5.930E+2) region-2=( 1.920E+3  1.009E+3) viewport=[0,0,1920,1009] scissor=[0,213,1920,652]/false drawFbo=14 readFbo=14 drawBuffer=36064 readBuffer=36064 drawStatus=8cd5
[02Oct2026 18:53:35.979] [Render thread/INFO] [SuperResolution/]: SR_DIAG BEFORE_PASS:composite3 fbo=14 attachment=8ce0 texture=55 mip=0 size=1920x1009 internalFormat=8c3a
[02Oct2026 18:53:35.979] [Render thread/INFO] [SuperResolution/]: SR_DIAG AFTER_PASS:composite3 render=( 1.129E+3  5.930E+2) display=( 1.920E+3  1.009E+3) region-1=( 1.129E+3  5.930E+2) region-2=( 1.920E+3  1.009E+3) viewport=[0,0,1920,1009] scissor=[0,213,1920,652]/false drawFbo=15 readFbo=15 drawBuffer=36064 readBuffer=36064 drawStatus=8cd5
[02Oct2026 18:53:35.979] [Render thread/INFO] [SuperResolution/]: SR_DIAG AFTER_PASS:composite3 fbo=15 attachment=8ce0 texture=56 mip=0 size=1920x1009 internalFormat=8c3a
[02Oct2026 18:53:35.979] [Render thread/INFO] [SuperResolution/]: SR_DIAG BEFORE_PASS:composite4 render=( 1.129E+3  5.930E+2) display=( 1.920E+3  1.009E+3) region-1=( 1.129E+3  5.930E+2) region-2=( 1.920E+3  1.009E+3) viewport=[0,0,1920,1009] scissor=[0,213,1920,652]/false drawFbo=15 readFbo=15 drawBuffer=36064 readBuffer=36064 drawStatus=8cd5
[02Oct2026 18:53:35.979] [Render thread/INFO] [SuperResolution/]: SR_DIAG BEFORE_PASS:composite4 fbo=15 attachment=8ce0 texture=56 mip=0 size=1920x1009 internalFormat=8c3a
[02Oct2026 18:53:35.979] [Render thread/INFO] [SuperResolution/]: SR_DIAG AFTER_PASS:composite4 render=( 1.129E+3  5.930E+2) display=( 1.920E+3  1.009E+3) region-1=( 1.129E+3  5.930E+2) region-2=( 1.920E+3  1.009E+3) viewport=[0,0,1920,1009] scissor=[0,213,1920,652]/false drawFbo=16 readFbo=16 drawBuffer=36064 readBuffer=36064 drawStatus=8cd5
[02Oct2026 18:53:35.979] [Render thread/INFO] [SuperResolution/]: SR_DIAG AFTER_PASS:composite4 fbo=16 attachment=8ce0 texture=64 mip=0 size=1920x1009 internalFormat=881a
[02Oct2026 18:53:35.979] [Render thread/INFO] [SuperResolution/]: SR_DIAG BEFORE_PASS:composite5 render=( 1.129E+3  5.930E+2) display=( 1.920E+3  1.009E+3) region-1=( 1.129E+3  5.930E+2) region-2=( 1.920E+3  1.009E+3) viewport=[0,0,1920,1009] scissor=[0,213,1920,652]/false drawFbo=16 readFbo=16 drawBuffer=36064 readBuffer=36064 drawStatus=8cd5
[02Oct2026 18:53:35.979] [Render thread/INFO] [SuperResolution/]: SR_DIAG BEFORE_PASS:composite5 fbo=16 attachment=8ce0 texture=64 mip=0 size=1920x1009 internalFormat=881a
[02Oct2026 18:53:35.979] [Render thread/INFO] [SuperResolution/]: SR_DIAG AFTER_PASS:composite5 render=( 1.129E+3  5.930E+2) display=( 1.920E+3  1.009E+3) region-1=( 1.129E+3  5.930E+2) region-2=( 1.920E+3  1.009E+3) viewport=[0,0,1920,1009] scissor=[0,213,1920,652]/false drawFbo=17 readFbo=17 drawBuffer=36064 readBuffer=36064 drawStatus=8cd5
[02Oct2026 18:53:35.979] [Render thread/INFO] [SuperResolution/]: SR_DIAG AFTER_PASS:composite5 fbo=17 attachment=8ce0 texture=63 mip=0 size=1920x1009 internalFormat=881a
[02Oct2026 18:53:35.979] [Render thread/INFO] [SuperResolution/]: SR_DIAG BEFORE_PASS:composite6 render=( 1.129E+3  5.930E+2) display=( 1.920E+3  1.009E+3) region-1=( 1.129E+3  5.930E+2) region-2=( 1.920E+3  1.009E+3) viewport=[0,0,1920,1009] scissor=[0,213,1920,652]/false drawFbo=17 readFbo=17 drawBuffer=36064 readBuffer=36064 drawStatus=8cd5
[02Oct2026 18:53:35.979] [Render thread/INFO] [SuperResolution/]: SR_DIAG BEFORE_PASS:composite6 fbo=17 attachment=8ce0 texture=63 mip=0 size=1920x1009 internalFormat=881a
[02Oct2026 18:53:35.980] [Render thread/INFO] [SuperResolution/]: SR_DIAG AFTER_PASS:composite6 render=( 1.129E+3  5.930E+2) display=( 1.920E+3  1.009E+3) region-1=( 1.129E+3  5.930E+2) region-2=( 1.920E+3  1.009E+3) viewport=[0,0,1920,1009] scissor=[0,213,1920,652]/false drawFbo=18 readFbo=18 drawBuffer=36064 readBuffer=36064 drawStatus=8cd5
[02Oct2026 18:53:35.980] [Render thread/INFO] [SuperResolution/]: SR_DIAG AFTER_PASS:composite6 fbo=18 attachment=8ce0 texture=64 mip=0 size=1920x1009 internalFormat=881a
[02Oct2026 18:53:35.980] [Render thread/INFO] [SuperResolution/]: SR_DIAG BEFORE_PASS:composite7 render=( 1.129E+3  5.930E+2) display=( 1.920E+3  1.009E+3) region-1=( 1.129E+3  5.930E+2) region-2=( 1.920E+3  1.009E+3) viewport=[0,0,1920,1009] scissor=[0,213,1920,652]/false drawFbo=18 readFbo=18 drawBuffer=36064 readBuffer=36064 drawStatus=8cd5
[02Oct2026 18:53:35.980] [Render thread/INFO] [SuperResolution/]: SR_DIAG BEFORE_PASS:composite7 fbo=18 attachment=8ce0 texture=64 mip=0 size=1920x1009 internalFormat=881a
[02Oct2026 18:53:35.980] [Render thread/INFO] [SuperResolution/]: SR_DIAG BEFORE_SR render=( 1.129E+3  5.930E+2) display=( 1.920E+3  1.009E+3) region-1=( 1.129E+3  5.930E+2) region-2=( 1.920E+3  1.009E+3) viewport=[0,0,1920,1009] scissor=[0,213,1920,652]/false drawFbo=18 readFbo=18 drawBuffer=36064 readBuffer=36064 drawStatus=8cd5
[02Oct2026 18:53:35.980] [Render thread/INFO] [SuperResolution/]: SR_DIAG BEFORE_SR fbo=18 attachment=8ce0 texture=64 mip=0 size=1920x1009 internalFormat=881a
[02Oct2026 18:53:36.021] [Render thread/INFO] [SuperResolution/]: SR_DIAG texture color id=64 size=1920x1009 format=RGBA16F target/type=Texture2D glInternalFormat=881a
[02Oct2026 18:53:36.021] [Render thread/INFO] [SuperResolution/]: SR_DIAG texture depth id=5 size=1920x1009 format=DEPTH24 target/type=Texture2D glInternalFormat=1902
[02Oct2026 18:53:36.021] [Render thread/INFO] [SuperResolution/]: SR_DIAG depth depth id=5 bits=24 componentType=8c17
[02Oct2026 18:53:36.021] [Render thread/INFO] [SuperResolution/]: SR_DIAG texture motion_vectors id=86 size=1920x1009 format=RGBA16F target/type=Texture2D glInternalFormat=881a
[02Oct2026 18:53:36.021] [Render thread/INFO] [SuperResolution/]: SR_DIAG texture algorithm_color id=91 size=1129x593 format=RGBA16F target/type=Texture2D glInternalFormat=881a
[02Oct2026 18:53:36.021] [Render thread/INFO] [SuperResolution/]: SR_DIAG texture algorithm_depth id=95 size=1129x593 format=DEPTH24 target/type=Texture2D glInternalFormat=81a6
[02Oct2026 18:53:36.021] [Render thread/INFO] [SuperResolution/]: SR_DIAG depth algorithm_depth id=95 bits=24 componentType=8c17
[02Oct2026 18:53:36.021] [Render thread/INFO] [SuperResolution/]: SR_DIAG texture algorithm_motion_vectors id=96 size=1129x593 format=RGBA16F target/type=Texture2D glInternalFormat=881a
[02Oct2026 18:53:36.160] [Render thread/INFO] [SuperResolution/]: SR_DIAG texture SR_output id=88 size=1920x1009 format=RGBA16F target/type=Texture2D glInternalFormat=881a
[02Oct2026 18:53:36.160] [Render thread/INFO] [SuperResolution/]: SR_DIAG texture autotex3/output_target id=64 size=1920x1009 format=RGBA16F target/type=Texture2D glInternalFormat=881a
[02Oct2026 18:53:36.160] [Render thread/INFO] [SuperResolution/]: SR_DIAG AFTER_SR render=( 1.129E+3  5.930E+2) display=( 1.920E+3  1.009E+3) region-1=( 1.129E+3  5.930E+2) region-2=( 1.920E+3  1.009E+3) viewport=[0,0,1920,1009] scissor=[0,213,1920,652]/false drawFbo=18 readFbo=18 drawBuffer=36064 readBuffer=36064 drawStatus=8cd5
[02Oct2026 18:53:36.160] [Render thread/INFO] [SuperResolution/]: SR_DIAG AFTER_SR fbo=18 attachment=8ce0 texture=64 mip=0 size=1920x1009 internalFormat=881a
[02Oct2026 18:53:36.161] [Render thread/INFO] [SuperResolution/]: SR_DIAG AFTER_PASS:composite7 render=( 1.129E+3  5.930E+2) display=( 1.920E+3  1.009E+3) region-1=( 1.129E+3  5.930E+2) region-2=( 1.920E+3  1.009E+3) viewport=[0,0,1920,1009] scissor=[0,213,1920,652]/false drawFbo=19 readFbo=19 drawBuffer=36064 readBuffer=36064 drawStatus=8cd5
[02Oct2026 18:53:36.161] [Render thread/INFO] [SuperResolution/]: SR_DIAG AFTER_PASS:composite7 fbo=19 attachment=8ce0 texture=63 mip=0 size=1920x1009 internalFormat=881a
[02Oct2026 18:53:36.161] [Render thread/INFO] [SuperResolution/]: SR_DIAG FINAL_PIPELINE render=( 1.129E+3  5.930E+2) display=( 1.920E+3  1.009E+3) region-1=( 1.129E+3  5.930E+2) region-2=( 1.920E+3  1.009E+3) viewport=[0,0,1920,1009] scissor=[0,213,1920,652]/false drawFbo=1 readFbo=1 drawBuffer=36064 readBuffer=36064 drawStatus=8cd5
[02Oct2026 18:53:36.161] [Render thread/INFO] [SuperResolution/]: SR_DIAG FINAL_PIPELINE fbo=1 attachment=8ce0 texture=1 mip=0 size=1920x1009 internalFormat=8058
[02Oct2026 18:53:36.161] [Render thread/INFO] [SuperResolution/]: SR_DIAG FINAL_PIPELINE fbo=1 attachment=8d00 texture=5 mip=0 size=1920x1009 internalFormat=1902
[02Oct2026 18:53:45.977] [Render thread/INFO] [SuperResolution/]: SR_DIAG BEFORE_PASS:deferred1 render=( 1.129E+3  5.930E+2) display=( 1.920E+3  1.009E+3) region-1=( 1.129E+3  5.930E+2) region-2=( 1.920E+3  1.009E+3) viewport=[0,0,1920,1009] scissor=[0,213,1920,652]/false drawFbo=1 readFbo=1 drawBuffer=36064 readBuffer=36064 drawStatus=8cd5
[02Oct2026 18:53:45.978] [Render thread/INFO] [SuperResolution/]: SR_DIAG BEFORE_PASS:deferred1 fbo=1 attachment=8ce0 texture=1 mip=0 size=1920x1009 internalFormat=8058
[02Oct2026 18:53:45.978] [Render thread/INFO] [SuperResolution/]: SR_DIAG BEFORE_PASS:deferred1 fbo=1 attachment=8d00 texture=5 mip=0 size=1920x1009 internalFormat=1902
[02Oct2026 18:53:45.978] [Render thread/INFO] [SuperResolution/]: SR_DIAG AFTER_PASS:deferred1 render=( 1.129E+3  5.930E+2) display=( 1.920E+3  1.009E+3) region-1=( 1.129E+3  5.930E+2) region-2=( 1.920E+3  1.009E+3) viewport=[0,0,1920,1009] scissor=[0,213,1920,652]/false drawFbo=12 readFbo=12 drawBuffer=36064 readBuffer=36064 drawStatus=8cd5
[02Oct2026 18:53:45.978] [Render thread/INFO] [SuperResolution/]: SR_DIAG AFTER_PASS:deferred1 fbo=12 attachment=8ce0 texture=56 mip=0 size=1920x1009 internalFormat=8c3a
[02Oct2026 18:53:45.979] [Render thread/INFO] [SuperResolution/]: SR_DIAG BEFORE_PASS:composite render=( 1.129E+3  5.930E+2) display=( 1.920E+3  1.009E+3) region-1=( 1.129E+3  5.930E+2) region-2=( 1.920E+3  1.009E+3) viewport=[0,0,1920,1009] scissor=[0,213,1920,652]/false drawFbo=1 readFbo=1 drawBuffer=36064 readBuffer=36064 drawStatus=8cd5
[02Oct2026 18:53:45.979] [Render thread/INFO] [SuperResolution/]: SR_DIAG BEFORE_PASS:composite fbo=1 attachment=8ce0 texture=1 mip=0 size=1920x1009 internalFormat=8058
[02Oct2026 18:53:45.979] [Render thread/INFO] [SuperResolution/]: SR_DIAG BEFORE_PASS:composite fbo=1 attachment=8d00 texture=5 mip=0 size=1920x1009 internalFormat=1902
[02Oct2026 18:53:45.979] [Render thread/INFO] [SuperResolution/]: SR_DIAG AFTER_PASS:composite render=( 1.129E+3  5.930E+2) display=( 1.920E+3  1.009E+3) region-1=( 1.129E+3  5.930E+2) region-2=( 1.920E+3  1.009E+3) viewport=[0,0,960,504] scissor=[0,213,1920,652]/false drawFbo=13 readFbo=13 drawBuffer=36064 readBuffer=36064 drawStatus=8cd5
[02Oct2026 18:53:45.979] [Render thread/INFO] [SuperResolution/]: SR_DIAG AFTER_PASS:composite fbo=13 attachment=8ce0 texture=80 mip=0 size=960x504 internalFormat=881a
[02Oct2026 18:53:45.980] [Render thread/INFO] [SuperResolution/]: SR_DIAG BEFORE_PASS:composite1 render=( 1.129E+3  5.930E+2) display=( 1.920E+3  1.009E+3) region-1=( 1.129E+3  5.930E+2) region-2=( 1.920E+3  1.009E+3) viewport=[0,0,960,504] scissor=[0,213,1920,652]/false drawFbo=13 readFbo=13 drawBuffer=36064 readBuffer=36064 drawStatus=8cd5
[02Oct2026 18:53:45.980] [Render thread/INFO] [SuperResolution/]: SR_DIAG BEFORE_PASS:composite1 fbo=13 attachment=8ce0 texture=80 mip=0 size=960x504 internalFormat=881a
[02Oct2026 18:53:45.980] [Render thread/INFO] [SuperResolution/]: SR_DIAG AFTER_PASS:composite1 render=( 1.129E+3  5.930E+2) display=( 1.920E+3  1.009E+3) region-1=( 1.129E+3  5.930E+2) region-2=( 1.920E+3  1.009E+3) viewport=[0,0,1920,1009] scissor=[0,213,1920,652]/false drawFbo=14 readFbo=14 drawBuffer=36064 readBuffer=36064 drawStatus=8cd5
[02Oct2026 18:53:45.980] [Render thread/INFO] [SuperResolution/]: SR_DIAG AFTER_PASS:composite1 fbo=14 attachment=8ce0 texture=55 mip=0 size=1920x1009 internalFormat=8c3a
[02Oct2026 18:53:45.980] [Render thread/INFO] [SuperResolution/]: SR_DIAG BEFORE_PASS:composite3 render=( 1.129E+3  5.930E+2) display=( 1.920E+3  1.009E+3) region-1=( 1.129E+3  5.930E+2) region-2=( 1.920E+3  1.009E+3) viewport=[0,0,1920,1009] scissor=[0,213,1920,652]/false drawFbo=14 readFbo=14 drawBuffer=36064 readBuffer=36064 drawStatus=8cd5
[02Oct2026 18:53:45.980] [Render thread/INFO] [SuperResolution/]: SR_DIAG BEFORE_PASS:composite3 fbo=14 attachment=8ce0 texture=55 mip=0 size=1920x1009 internalFormat=8c3a
[02Oct2026 18:53:45.980] [Render thread/INFO] [SuperResolution/]: SR_DIAG AFTER_PASS:composite3 render=( 1.129E+3  5.930E+2) display=( 1.920E+3  1.009E+3) region-1=( 1.129E+3  5.930E+2) region-2=( 1.920E+3  1.009E+3) viewport=[0,0,1920,1009] scissor=[0,213,1920,652]/false drawFbo=15 readFbo=15 drawBuffer=36064 readBuffer=36064 drawStatus=8cd5
[02Oct2026 18:53:45.980] [Render thread/INFO] [SuperResolution/]: SR_DIAG AFTER_PASS:composite3 fbo=15 attachment=8ce0 texture=56 mip=0 size=1920x1009 internalFormat=8c3a
[02Oct2026 18:53:45.980] [Render thread/INFO] [SuperResolution/]: SR_DIAG BEFORE_PASS:composite4 render=( 1.129E+3  5.930E+2) display=( 1.920E+3  1.009E+3) region-1=( 1.129E+3  5.930E+2) region-2=( 1.920E+3  1.009E+3) viewport=[0,0,1920,1009] scissor=[0,213,1920,652]/false drawFbo=15 readFbo=15 drawBuffer=36064 readBuffer=36064 drawStatus=8cd5
[02Oct2026 18:53:45.980] [Render thread/INFO] [SuperResolution/]: SR_DIAG BEFORE_PASS:composite4 fbo=15 attachment=8ce0 texture=56 mip=0 size=1920x1009 internalFormat=8c3a
[02Oct2026 18:53:45.980] [Render thread/INFO] [SuperResolution/]: SR_DIAG AFTER_PASS:composite4 render=( 1.129E+3  5.930E+2) display=( 1.920E+3  1.009E+3) region-1=( 1.129E+3  5.930E+2) region-2=( 1.920E+3  1.009E+3) viewport=[0,0,1920,1009] scissor=[0,213,1920,652]/false drawFbo=16 readFbo=16 drawBuffer=36064 readBuffer=36064 drawStatus=8cd5
[02Oct2026 18:53:45.980] [Render thread/INFO] [SuperResolution/]: SR_DIAG AFTER_PASS:composite4 fbo=16 attachment=8ce0 texture=64 mip=0 size=1920x1009 internalFormat=881a
[02Oct2026 18:53:45.980] [Render thread/INFO] [SuperResolution/]: SR_DIAG BEFORE_PASS:composite5 render=( 1.129E+3  5.930E+2) display=( 1.920E+3  1.009E+3) region-1=( 1.129E+3  5.930E+2) region-2=( 1.920E+3  1.009E+3) viewport=[0,0,1920,1009] scissor=[0,213,1920,652]/false drawFbo=16 readFbo=16 drawBuffer=36064 readBuffer=36064 drawStatus=8cd5
[02Oct2026 18:53:45.980] [Render thread/INFO] [SuperResolution/]: SR_DIAG BEFORE_PASS:composite5 fbo=16 attachment=8ce0 texture=64 mip=0 size=1920x1009 internalFormat=881a
[02Oct2026 18:53:45.980] [Render thread/INFO] [SuperResolution/]: SR_DIAG AFTER_PASS:composite5 render=( 1.129E+3  5.930E+2) display=( 1.920E+3  1.009E+3) region-1=( 1.129E+3  5.930E+2) region-2=( 1.920E+3  1.009E+3) viewport=[0,0,1920,1009] scissor=[0,213,1920,652]/false drawFbo=17 readFbo=17 drawBuffer=36064 readBuffer=36064 drawStatus=8cd5
[02Oct2026 18:53:45.980] [Render thread/INFO] [SuperResolution/]: SR_DIAG AFTER_PASS:composite5 fbo=17 attachment=8ce0 texture=63 mip=0 size=1920x1009 internalFormat=881a
[02Oct2026 18:53:45.980] [Render thread/INFO] [SuperResolution/]: SR_DIAG BEFORE_PASS:composite6 render=( 1.129E+3  5.930E+2) display=( 1.920E+3  1.009E+3) region-1=( 1.129E+3  5.930E+2) region-2=( 1.920E+3  1.009E+3) viewport=[0,0,1920,1009] scissor=[0,213,1920,652]/false drawFbo=17 readFbo=17 drawBuffer=36064 readBuffer=36064 drawStatus=8cd5
[02Oct2026 18:53:45.980] [Render thread/INFO] [SuperResolution/]: SR_DIAG BEFORE_PASS:composite6 fbo=17 attachment=8ce0 texture=63 mip=0 size=1920x1009 internalFormat=881a
[02Oct2026 18:53:45.981] [Render thread/INFO] [SuperResolution/]: SR_DIAG AFTER_PASS:composite6 render=( 1.129E+3  5.930E+2) display=( 1.920E+3  1.009E+3) region-1=( 1.129E+3  5.930E+2) region-2=( 1.920E+3  1.009E+3) viewport=[0,0,1920,1009] scissor=[0,213,1920,652]/false drawFbo=18 readFbo=18 drawBuffer=36064 readBuffer=36064 drawStatus=8cd5
[02Oct2026 18:53:45.981] [Render thread/INFO] [SuperResolution/]: SR_DIAG AFTER_PASS:composite6 fbo=18 attachment=8ce0 texture=64 mip=0 size=1920x1009 internalFormat=881a
[02Oct2026 18:53:45.981] [Render thread/INFO] [SuperResolution/]: SR_DIAG BEFORE_PASS:composite7 render=( 1.129E+3  5.930E+2) display=( 1.920E+3  1.009E+3) region-1=( 1.129E+3  5.930E+2) region-2=( 1.920E+3  1.009E+3) viewport=[0,0,1920,1009] scissor=[0,213,1920,652]/false drawFbo=18 readFbo=18 drawBuffer=36064 readBuffer=36064 drawStatus=8cd5
[02Oct2026 18:53:45.981] [Render thread/INFO] [SuperResolution/]: SR_DIAG BEFORE_PASS:composite7 fbo=18 attachment=8ce0 texture=64 mip=0 size=1920x1009 internalFormat=881a
[02Oct2026 18:53:45.981] [Render thread/INFO] [SuperResolution/]: SR_DIAG BEFORE_SR render=( 1.129E+3  5.930E+2) display=( 1.920E+3  1.009E+3) region-1=( 1.129E+3  5.930E+2) region-2=( 1.920E+3  1.009E+3) viewport=[0,0,1920,1009] scissor=[0,213,1920,652]/false drawFbo=18 readFbo=18 drawBuffer=36064 readBuffer=36064 drawStatus=8cd5
[02Oct2026 18:53:45.981] [Render thread/INFO] [SuperResolution/]: SR_DIAG BEFORE_SR fbo=18 attachment=8ce0 texture=64 mip=0 size=1920x1009 internalFormat=881a
[02Oct2026 18:53:46.031] [Render thread/INFO] [SuperResolution/]: SR_DIAG texture color id=64 size=1920x1009 format=RGBA16F target/type=Texture2D glInternalFormat=881a
[02Oct2026 18:53:46.032] [Render thread/INFO] [SuperResolution/]: SR_DIAG texture depth id=5 size=1920x1009 format=DEPTH24 target/type=Texture2D glInternalFormat=1902
[02Oct2026 18:53:46.032] [Render thread/INFO] [SuperResolution/]: SR_DIAG depth depth id=5 bits=24 componentType=8c17
[02Oct2026 18:53:46.032] [Render thread/INFO] [SuperResolution/]: SR_DIAG texture motion_vectors id=86 size=1920x1009 format=RGBA16F target/type=Texture2D glInternalFormat=881a
[02Oct2026 18:53:46.032] [Render thread/INFO] [SuperResolution/]: SR_DIAG texture algorithm_color id=91 size=1129x593 format=RGBA16F target/type=Texture2D glInternalFormat=881a
[02Oct2026 18:53:46.032] [Render thread/INFO] [SuperResolution/]: SR_DIAG texture algorithm_depth id=95 size=1129x593 format=DEPTH24 target/type=Texture2D glInternalFormat=81a6
[02Oct2026 18:53:46.032] [Render thread/INFO] [SuperResolution/]: SR_DIAG depth algorithm_depth id=95 bits=24 componentType=8c17
[02Oct2026 18:53:46.032] [Render thread/INFO] [SuperResolution/]: SR_DIAG texture algorithm_motion_vectors id=96 size=1129x593 format=RGBA16F target/type=Texture2D glInternalFormat=881a
[02Oct2026 18:53:46.164] [Render thread/INFO] [SuperResolution/]: SR_DIAG texture SR_output id=88 size=1920x1009 format=RGBA16F target/type=Texture2D glInternalFormat=881a
[02Oct2026 18:53:46.164] [Render thread/INFO] [SuperResolution/]: SR_DIAG texture autotex3/output_target id=64 size=1920x1009 format=RGBA16F target/type=Texture2D glInternalFormat=881a
[02Oct2026 18:53:46.164] [Render thread/INFO] [SuperResolution/]: SR_DIAG AFTER_SR render=( 1.129E+3  5.930E+2) display=( 1.920E+3  1.009E+3) region-1=( 1.129E+3  5.930E+2) region-2=( 1.920E+3  1.009E+3) viewport=[0,0,1920,1009] scissor=[0,213,1920,652]/false drawFbo=18 readFbo=18 drawBuffer=36064 readBuffer=36064 drawStatus=8cd5
[02Oct2026 18:53:46.164] [Render thread/INFO] [SuperResolution/]: SR_DIAG AFTER_SR fbo=18 attachment=8ce0 texture=64 mip=0 size=1920x1009 internalFormat=881a
[02Oct2026 18:53:46.165] [Render thread/INFO] [SuperResolution/]: SR_DIAG AFTER_PASS:composite7 render=( 1.129E+3  5.930E+2) display=( 1.920E+3  1.009E+3) region-1=( 1.129E+3  5.930E+2) region-2=( 1.920E+3  1.009E+3) viewport=[0,0,1920,1009] scissor=[0,213,1920,652]/false drawFbo=19 readFbo=19 drawBuffer=36064 readBuffer=36064 drawStatus=8cd5
[02Oct2026 18:53:46.165] [Render thread/INFO] [SuperResolution/]: SR_DIAG AFTER_PASS:composite7 fbo=19 attachment=8ce0 texture=63 mip=0 size=1920x1009 internalFormat=881a
[02Oct2026 18:53:46.165] [Render thread/INFO] [SuperResolution/]: SR_DIAG FINAL_PIPELINE render=( 1.129E+3  5.930E+2) display=( 1.920E+3  1.009E+3) region-1=( 1.129E+3  5.930E+2) region-2=( 1.920E+3  1.009E+3) viewport=[0,0,1920,1009] scissor=[0,213,1920,652]/false drawFbo=1 readFbo=1 drawBuffer=36064 readBuffer=36064 drawStatus=8cd5
[02Oct2026 18:53:46.165] [Render thread/INFO] [SuperResolution/]: SR_DIAG FINAL_PIPELINE fbo=1 attachment=8ce0 texture=1 mip=0 size=1920x1009 internalFormat=8058
[02Oct2026 18:53:46.165] [Render thread/INFO] [SuperResolution/]: SR_DIAG FINAL_PIPELINE fbo=1 attachment=8d00 texture=5 mip=0 size=1920x1009 internalFormat=1902
[02Oct2026 18:53:47.174] [Render thread/INFO] [SuperResolution/]: SR_DIAG glTextureStorage2D texture=117 levels=1 internalFormat=8229 size=1024x512 label=NanoVGImage-2
[02Oct2026 18:53:55.983] [Render thread/INFO] [SuperResolution/]: SR_DIAG BEFORE_PASS:deferred1 render=( 1.129E+3  5.930E+2) display=( 1.920E+3  1.009E+3) region-1=( 1.129E+3  5.930E+2) region-2=( 1.920E+3  1.009E+3) viewport=[0,0,1920,1009] scissor=[0,213,1920,652]/false drawFbo=1 readFbo=1 drawBuffer=36064 readBuffer=36064 drawStatus=8cd5
[02Oct2026 18:53:55.983] [Render thread/INFO] [SuperResolution/]: SR_DIAG BEFORE_PASS:deferred1 fbo=1 attachment=8ce0 texture=1 mip=0 size=1920x1009 internalFormat=8058
[02Oct2026 18:53:55.983] [Render thread/INFO] [SuperResolution/]: SR_DIAG BEFORE_PASS:deferred1 fbo=1 attachment=8d00 texture=5 mip=0 size=1920x1009 internalFormat=1902
[02Oct2026 18:53:55.983] [Render thread/INFO] [SuperResolution/]: SR_DIAG AFTER_PASS:deferred1 render=( 1.129E+3  5.930E+2) display=( 1.920E+3  1.009E+3) region-1=( 1.129E+3  5.930E+2) region-2=( 1.920E+3  1.009E+3) viewport=[0,0,1920,1009] scissor=[0,213,1920,652]/false drawFbo=12 readFbo=12 drawBuffer=36064 readBuffer=36064 drawStatus=8cd5
[02Oct2026 18:53:55.983] [Render thread/INFO] [SuperResolution/]: SR_DIAG AFTER_PASS:deferred1 fbo=12 attachment=8ce0 texture=56 mip=0 size=1920x1009 internalFormat=8c3a
[02Oct2026 18:53:55.984] [Render thread/INFO] [SuperResolution/]: SR_DIAG BEFORE_PASS:composite render=( 1.129E+3  5.930E+2) display=( 1.920E+3  1.009E+3) region-1=( 1.129E+3  5.930E+2) region-2=( 1.920E+3  1.009E+3) viewport=[0,0,1920,1009] scissor=[0,213,1920,652]/false drawFbo=1 readFbo=1 drawBuffer=36064 readBuffer=36064 drawStatus=8cd5
[02Oct2026 18:53:55.984] [Render thread/INFO] [SuperResolution/]: SR_DIAG BEFORE_PASS:composite fbo=1 attachment=8ce0 texture=1 mip=0 size=1920x1009 internalFormat=8058
[02Oct2026 18:53:55.984] [Render thread/INFO] [SuperResolution/]: SR_DIAG BEFORE_PASS:composite fbo=1 attachment=8d00 texture=5 mip=0 size=1920x1009 internalFormat=1902
[02Oct2026 18:53:55.984] [Render thread/INFO] [SuperResolution/]: SR_DIAG AFTER_PASS:composite render=( 1.129E+3  5.930E+2) display=( 1.920E+3  1.009E+3) region-1=( 1.129E+3  5.930E+2) region-2=( 1.920E+3  1.009E+3) viewport=[0,0,960,504] scissor=[0,213,1920,652]/false drawFbo=13 readFbo=13 drawBuffer=36064 readBuffer=36064 drawStatus=8cd5
[02Oct2026 18:53:55.984] [Render thread/INFO] [SuperResolution/]: SR_DIAG AFTER_PASS:composite fbo=13 attachment=8ce0 texture=80 mip=0 size=960x504 internalFormat=881a
[02Oct2026 18:53:55.984] [Render thread/INFO] [SuperResolution/]: SR_DIAG BEFORE_PASS:composite1 render=( 1.129E+3  5.930E+2) display=( 1.920E+3  1.009E+3) region-1=( 1.129E+3  5.930E+2) region-2=( 1.920E+3  1.009E+3) viewport=[0,0,960,504] scissor=[0,213,1920,652]/false drawFbo=13 readFbo=13 drawBuffer=36064 readBuffer=36064 drawStatus=8cd5
[02Oct2026 18:53:55.984] [Render thread/INFO] [SuperResolution/]: SR_DIAG BEFORE_PASS:composite1 fbo=13 attachment=8ce0 texture=80 mip=0 size=960x504 internalFormat=881a
[02Oct2026 18:53:55.984] [Render thread/INFO] [SuperResolution/]: SR_DIAG AFTER_PASS:composite1 render=( 1.129E+3  5.930E+2) display=( 1.920E+3  1.009E+3) region-1=( 1.129E+3  5.930E+2) region-2=( 1.920E+3  1.009E+3) viewport=[0,0,1920,1009] scissor=[0,213,1920,652]/false drawFbo=14 readFbo=14 drawBuffer=36064 readBuffer=36064 drawStatus=8cd5
[02Oct2026 18:53:55.984] [Render thread/INFO] [SuperResolution/]: SR_DIAG AFTER_PASS:composite1 fbo=14 attachment=8ce0 texture=55 mip=0 size=1920x1009 internalFormat=8c3a
[02Oct2026 18:53:55.984] [Render thread/INFO] [SuperResolution/]: SR_DIAG BEFORE_PASS:composite3 render=( 1.129E+3  5.930E+2) display=( 1.920E+3  1.009E+3) region-1=( 1.129E+3  5.930E+2) region-2=( 1.920E+3  1.009E+3) viewport=[0,0,1920,1009] scissor=[0,213,1920,652]/false drawFbo=14 readFbo=14 drawBuffer=36064 readBuffer=36064 drawStatus=8cd5
[02Oct2026 18:53:55.984] [Render thread/INFO] [SuperResolution/]: SR_DIAG BEFORE_PASS:composite3 fbo=14 attachment=8ce0 texture=55 mip=0 size=1920x1009 internalFormat=8c3a
[02Oct2026 18:53:55.984] [Render thread/INFO] [SuperResolution/]: SR_DIAG AFTER_PASS:composite3 render=( 1.129E+3  5.930E+2) display=( 1.920E+3  1.009E+3) region-1=( 1.129E+3  5.930E+2) region-2=( 1.920E+3  1.009E+3) viewport=[0,0,1920,1009] scissor=[0,213,1920,652]/false drawFbo=15 readFbo=15 drawBuffer=36064 readBuffer=36064 drawStatus=8cd5
[02Oct2026 18:53:55.984] [Render thread/INFO] [SuperResolution/]: SR_DIAG AFTER_PASS:composite3 fbo=15 attachment=8ce0 texture=56 mip=0 size=1920x1009 internalFormat=8c3a
[02Oct2026 18:53:55.984] [Render thread/INFO] [SuperResolution/]: SR_DIAG BEFORE_PASS:composite4 render=( 1.129E+3  5.930E+2) display=( 1.920E+3  1.009E+3) region-1=( 1.129E+3  5.930E+2) region-2=( 1.920E+3  1.009E+3) viewport=[0,0,1920,1009] scissor=[0,213,1920,652]/false drawFbo=15 readFbo=15 drawBuffer=36064 readBuffer=36064 drawStatus=8cd5
[02Oct2026 18:53:55.984] [Render thread/INFO] [SuperResolution/]: SR_DIAG BEFORE_PASS:composite4 fbo=15 attachment=8ce0 texture=56 mip=0 size=1920x1009 internalFormat=8c3a
[02Oct2026 18:53:55.984] [Render thread/INFO] [SuperResolution/]: SR_DIAG AFTER_PASS:composite4 render=( 1.129E+3  5.930E+2) display=( 1.920E+3  1.009E+3) region-1=( 1.129E+3  5.930E+2) region-2=( 1.920E+3  1.009E+3) viewport=[0,0,1920,1009] scissor=[0,213,1920,652]/false drawFbo=16 readFbo=16 drawBuffer=36064 readBuffer=36064 drawStatus=8cd5
[02Oct2026 18:53:55.984] [Render thread/INFO] [SuperResolution/]: SR_DIAG AFTER_PASS:composite4 fbo=16 attachment=8ce0 texture=64 mip=0 size=1920x1009 internalFormat=881a
[02Oct2026 18:53:55.984] [Render thread/INFO] [SuperResolution/]: SR_DIAG BEFORE_PASS:composite5 render=( 1.129E+3  5.930E+2) display=( 1.920E+3  1.009E+3) region-1=( 1.129E+3  5.930E+2) region-2=( 1.920E+3  1.009E+3) viewport=[0,0,1920,1009] scissor=[0,213,1920,652]/false drawFbo=16 readFbo=16 drawBuffer=36064 readBuffer=36064 drawStatus=8cd5
[02Oct2026 18:53:55.984] [Render thread/INFO] [SuperResolution/]: SR_DIAG BEFORE_PASS:composite5 fbo=16 attachment=8ce0 texture=64 mip=0 size=1920x1009 internalFormat=881a
[02Oct2026 18:53:55.985] [Render thread/INFO] [SuperResolution/]: SR_DIAG AFTER_PASS:composite5 render=( 1.129E+3  5.930E+2) display=( 1.920E+3  1.009E+3) region-1=( 1.129E+3  5.930E+2) region-2=( 1.920E+3  1.009E+3) viewport=[0,0,1920,1009] scissor=[0,213,1920,652]/false drawFbo=17 readFbo=17 drawBuffer=36064 readBuffer=36064 drawStatus=8cd5
[02Oct2026 18:53:55.985] [Render thread/INFO] [SuperResolution/]: SR_DIAG AFTER_PASS:composite5 fbo=17 attachment=8ce0 texture=63 mip=0 size=1920x1009 internalFormat=881a
[02Oct2026 18:53:55.985] [Render thread/INFO] [SuperResolution/]: SR_DIAG BEFORE_PASS:composite6 render=( 1.129E+3  5.930E+2) display=( 1.920E+3  1.009E+3) region-1=( 1.129E+3  5.930E+2) region-2=( 1.920E+3  1.009E+3) viewport=[0,0,1920,1009] scissor=[0,213,1920,652]/false drawFbo=17 readFbo=17 drawBuffer=36064 readBuffer=36064 drawStatus=8cd5
[02Oct2026 18:53:55.985] [Render thread/INFO] [SuperResolution/]: SR_DIAG BEFORE_PASS:composite6 fbo=17 attachment=8ce0 texture=63 mip=0 size=1920x1009 internalFormat=881a
[02Oct2026 18:53:55.985] [Render thread/INFO] [SuperResolution/]: SR_DIAG AFTER_PASS:composite6 render=( 1.129E+3  5.930E+2) display=( 1.920E+3  1.009E+3) region-1=( 1.129E+3  5.930E+2) region-2=( 1.920E+3  1.009E+3) viewport=[0,0,1920,1009] scissor=[0,213,1920,652]/false drawFbo=18 readFbo=18 drawBuffer=36064 readBuffer=36064 drawStatus=8cd5
[02Oct2026 18:53:55.985] [Render thread/INFO] [SuperResolution/]: SR_DIAG AFTER_PASS:composite6 fbo=18 attachment=8ce0 texture=64 mip=0 size=1920x1009 internalFormat=881a
[02Oct2026 18:53:55.985] [Render thread/INFO] [SuperResolution/]: SR_DIAG BEFORE_PASS:composite7 render=( 1.129E+3  5.930E+2) display=( 1.920E+3  1.009E+3) region-1=( 1.129E+3  5.930E+2) region-2=( 1.920E+3  1.009E+3) viewport=[0,0,1920,1009] scissor=[0,213,1920,652]/false drawFbo=18 readFbo=18 drawBuffer=36064 readBuffer=36064 drawStatus=8cd5
[02Oct2026 18:53:55.985] [Render thread/INFO] [SuperResolution/]: SR_DIAG BEFORE_PASS:composite7 fbo=18 attachment=8ce0 texture=64 mip=0 size=1920x1009 internalFormat=881a
[02Oct2026 18:53:55.985] [Render thread/INFO] [SuperResolution/]: SR_DIAG BEFORE_SR render=( 1.129E+3  5.930E+2) display=( 1.920E+3  1.009E+3) region-1=( 1.129E+3  5.930E+2) region-2=( 1.920E+3  1.009E+3) viewport=[0,0,1920,1009] scissor=[0,213,1920,652]/false drawFbo=18 readFbo=18 drawBuffer=36064 readBuffer=36064 drawStatus=8cd5
[02Oct2026 18:53:55.985] [Render thread/INFO] [SuperResolution/]: SR_DIAG BEFORE_SR fbo=18 attachment=8ce0 texture=64 mip=0 size=1920x1009 internalFormat=881a
[02Oct2026 18:53:56.035] [Render thread/INFO] [SuperResolution/]: SR_DIAG texture color id=64 size=1920x1009 format=RGBA16F target/type=Texture2D glInternalFormat=881a
[02Oct2026 18:53:56.035] [Render thread/INFO] [SuperResolution/]: SR_DIAG texture depth id=5 size=1920x1009 format=DEPTH24 target/type=Texture2D glInternalFormat=1902
[02Oct2026 18:53:56.035] [Render thread/INFO] [SuperResolution/]: SR_DIAG depth depth id=5 bits=24 componentType=8c17
[02Oct2026 18:53:56.035] [Render thread/INFO] [SuperResolution/]: SR_DIAG texture motion_vectors id=86 size=1920x1009 format=RGBA16F target/type=Texture2D glInternalFormat=881a
[02Oct2026 18:53:56.035] [Render thread/INFO] [SuperResolution/]: SR_DIAG texture algorithm_color id=91 size=1129x593 format=RGBA16F target/type=Texture2D glInternalFormat=881a
[02Oct2026 18:53:56.035] [Render thread/INFO] [SuperResolution/]: SR_DIAG texture algorithm_depth id=95 size=1129x593 format=DEPTH24 target/type=Texture2D glInternalFormat=81a6
[02Oct2026 18:53:56.035] [Render thread/INFO] [SuperResolution/]: SR_DIAG depth algorithm_depth id=95 bits=24 componentType=8c17
[02Oct2026 18:53:56.035] [Render thread/INFO] [SuperResolution/]: SR_DIAG texture algorithm_motion_vectors id=96 size=1129x593 format=RGBA16F target/type=Texture2D glInternalFormat=881a
[02Oct2026 18:53:56.203] [Render thread/INFO] [SuperResolution/]: SR_DIAG texture SR_output id=88 size=1920x1009 format=RGBA16F target/type=Texture2D glInternalFormat=881a
[02Oct2026 18:53:56.204] [Render thread/INFO] [SuperResolution/]: SR_DIAG texture autotex3/output_target id=64 size=1920x1009 format=RGBA16F target/type=Texture2D glInternalFormat=881a
[02Oct2026 18:53:56.204] [Render thread/INFO] [SuperResolution/]: SR_DIAG AFTER_SR render=( 1.129E+3  5.930E+2) display=( 1.920E+3  1.009E+3) region-1=( 1.129E+3  5.930E+2) region-2=( 1.920E+3  1.009E+3) viewport=[0,0,1920,1009] scissor=[0,213,1920,652]/false drawFbo=18 readFbo=18 drawBuffer=36064 readBuffer=36064 drawStatus=8cd5
[02Oct2026 18:53:56.204] [Render thread/INFO] [SuperResolution/]: SR_DIAG AFTER_SR fbo=18 attachment=8ce0 texture=64 mip=0 size=1920x1009 internalFormat=881a
[02Oct2026 18:53:56.204] [Render thread/INFO] [SuperResolution/]: SR_DIAG AFTER_PASS:composite7 render=( 1.129E+3  5.930E+2) display=( 1.920E+3  1.009E+3) region-1=( 1.129E+3  5.930E+2) region-2=( 1.920E+3  1.009E+3) viewport=[0,0,1920,1009] scissor=[0,213,1920,652]/false drawFbo=19 readFbo=19 drawBuffer=36064 readBuffer=36064 drawStatus=8cd5
[02Oct2026 18:53:56.204] [Render thread/INFO] [SuperResolution/]: SR_DIAG AFTER_PASS:composite7 fbo=19 attachment=8ce0 texture=63 mip=0 size=1920x1009 internalFormat=881a
[02Oct2026 18:53:56.204] [Render thread/INFO] [SuperResolution/]: SR_DIAG FINAL_PIPELINE render=( 1.129E+3  5.930E+2) display=( 1.920E+3  1.009E+3) region-1=( 1.129E+3  5.930E+2) region-2=( 1.920E+3  1.009E+3) viewport=[0,0,1920,1009] scissor=[0,213,1920,652]/false drawFbo=1 readFbo=1 drawBuffer=36064 readBuffer=36064 drawStatus=8cd5
[02Oct2026 18:53:56.204] [Render thread/INFO] [SuperResolution/]: SR_DIAG FINAL_PIPELINE fbo=1 attachment=8ce0 texture=1 mip=0 size=1920x1009 internalFormat=8058
[02Oct2026 18:53:56.204] [Render thread/INFO] [SuperResolution/]: SR_DIAG FINAL_PIPELINE fbo=1 attachment=8d00 texture=5 mip=0 size=1920x1009 internalFormat=1902
[02Oct2026 18:54:05.998] [Render thread/INFO] [SuperResolution/]: SR_DIAG BEFORE_PASS:deferred1 render=( 1.129E+3  5.930E+2) display=( 1.920E+3  1.009E+3) region-1=( 1.129E+3  5.930E+2) region-2=( 1.920E+3  1.009E+3) viewport=[0,0,1920,1009] scissor=[0,213,1920,652]/false drawFbo=1 readFbo=1 drawBuffer=36064 readBuffer=36064 drawStatus=8cd5
[02Oct2026 18:54:05.998] [Render thread/INFO] [SuperResolution/]: SR_DIAG BEFORE_PASS:deferred1 fbo=1 attachment=8ce0 texture=1 mip=0 size=1920x1009 internalFormat=8058
[02Oct2026 18:54:05.998] [Render thread/INFO] [SuperResolution/]: SR_DIAG BEFORE_PASS:deferred1 fbo=1 attachment=8d00 texture=5 mip=0 size=1920x1009 internalFormat=1902
[02Oct2026 18:54:05.998] [Render thread/INFO] [SuperResolution/]: SR_DIAG AFTER_PASS:deferred1 render=( 1.129E+3  5.930E+2) display=( 1.920E+3  1.009E+3) region-1=( 1.129E+3  5.930E+2) region-2=( 1.920E+3  1.009E+3) viewport=[0,0,1920,1009] scissor=[0,213,1920,652]/false drawFbo=12 readFbo=12 drawBuffer=36064 readBuffer=36064 drawStatus=8cd5
[02Oct2026 18:54:05.998] [Render thread/INFO] [SuperResolution/]: SR_DIAG AFTER_PASS:deferred1 fbo=12 attachment=8ce0 texture=56 mip=0 size=1920x1009 internalFormat=8c3a
[02Oct2026 18:54:05.999] [Render thread/INFO] [SuperResolution/]: SR_DIAG BEFORE_PASS:composite render=( 1.129E+3  5.930E+2) display=( 1.920E+3  1.009E+3) region-1=( 1.129E+3  5.930E+2) region-2=( 1.920E+3  1.009E+3) viewport=[0,0,1920,1009] scissor=[0,213,1920,652]/false drawFbo=1 readFbo=1 drawBuffer=36064 readBuffer=36064 drawStatus=8cd5
[02Oct2026 18:54:05.999] [Render thread/INFO] [SuperResolution/]: SR_DIAG BEFORE_PASS:composite fbo=1 attachment=8ce0 texture=1 mip=0 size=1920x1009 internalFormat=8058
[02Oct2026 18:54:05.999] [Render thread/INFO] [SuperResolution/]: SR_DIAG BEFORE_PASS:composite fbo=1 attachment=8d00 texture=5 mip=0 size=1920x1009 internalFormat=1902
[02Oct2026 18:54:05.999] [Render thread/INFO] [SuperResolution/]: SR_DIAG AFTER_PASS:composite render=( 1.129E+3  5.930E+2) display=( 1.920E+3  1.009E+3) region-1=( 1.129E+3  5.930E+2) region-2=( 1.920E+3  1.009E+3) viewport=[0,0,960,504] scissor=[0,213,1920,652]/false drawFbo=13 readFbo=13 drawBuffer=36064 readBuffer=36064 drawStatus=8cd5
[02Oct2026 18:54:05.999] [Render thread/INFO] [SuperResolution/]: SR_DIAG AFTER_PASS:composite fbo=13 attachment=8ce0 texture=80 mip=0 size=960x504 internalFormat=881a
[02Oct2026 18:54:05.999] [Render thread/INFO] [SuperResolution/]: SR_DIAG BEFORE_PASS:composite1 render=( 1.129E+3  5.930E+2) display=( 1.920E+3  1.009E+3) region-1=( 1.129E+3  5.930E+2) region-2=( 1.920E+3  1.009E+3) viewport=[0,0,960,504] scissor=[0,213,1920,652]/false drawFbo=13 readFbo=13 drawBuffer=36064 readBuffer=36064 drawStatus=8cd5
[02Oct2026 18:54:05.999] [Render thread/INFO] [SuperResolution/]: SR_DIAG BEFORE_PASS:composite1 fbo=13 attachment=8ce0 texture=80 mip=0 size=960x504 internalFormat=881a
[02Oct2026 18:54:05.999] [Render thread/INFO] [SuperResolution/]: SR_DIAG AFTER_PASS:composite1 render=( 1.129E+3  5.930E+2) display=( 1.920E+3  1.009E+3) region-1=( 1.129E+3  5.930E+2) region-2=( 1.920E+3  1.009E+3) viewport=[0,0,1920,1009] scissor=[0,213,1920,652]/false drawFbo=14 readFbo=14 drawBuffer=36064 readBuffer=36064 drawStatus=8cd5
[02Oct2026 18:54:05.999] [Render thread/INFO] [SuperResolution/]: SR_DIAG AFTER_PASS:composite1 fbo=14 attachment=8ce0 texture=55 mip=0 size=1920x1009 internalFormat=8c3a
[02Oct2026 18:54:05.999] [Render thread/INFO] [SuperResolution/]: SR_DIAG BEFORE_PASS:composite3 render=( 1.129E+3  5.930E+2) display=( 1.920E+3  1.009E+3) region-1=( 1.129E+3  5.930E+2) region-2=( 1.920E+3  1.009E+3) viewport=[0,0,1920,1009] scissor=[0,213,1920,652]/false drawFbo=14 readFbo=14 drawBuffer=36064 readBuffer=36064 drawStatus=8cd5
[02Oct2026 18:54:05.999] [Render thread/INFO] [SuperResolution/]: SR_DIAG BEFORE_PASS:composite3 fbo=14 attachment=8ce0 texture=55 mip=0 size=1920x1009 internalFormat=8c3a
[02Oct2026 18:54:05.999] [Render thread/INFO] [SuperResolution/]: SR_DIAG AFTER_PASS:composite3 render=( 1.129E+3  5.930E+2) display=( 1.920E+3  1.009E+3) region-1=( 1.129E+3  5.930E+2) region-2=( 1.920E+3  1.009E+3) viewport=[0,0,1920,1009] scissor=[0,213,1920,652]/false drawFbo=15 readFbo=15 drawBuffer=36064 readBuffer=36064 drawStatus=8cd5
[02Oct2026 18:54:05.999] [Render thread/INFO] [SuperResolution/]: SR_DIAG AFTER_PASS:composite3 fbo=15 attachment=8ce0 texture=56 mip=0 size=1920x1009 internalFormat=8c3a
[02Oct2026 18:54:05.999] [Render thread/INFO] [SuperResolution/]: SR_DIAG BEFORE_PASS:composite4 render=( 1.129E+3  5.930E+2) display=( 1.920E+3  1.009E+3) region-1=( 1.129E+3  5.930E+2) region-2=( 1.920E+3  1.009E+3) viewport=[0,0,1920,1009] scissor=[0,213,1920,652]/false drawFbo=15 readFbo=15 drawBuffer=36064 readBuffer=36064 drawStatus=8cd5
[02Oct2026 18:54:05.999] [Render thread/INFO] [SuperResolution/]: SR_DIAG BEFORE_PASS:composite4 fbo=15 attachment=8ce0 texture=56 mip=0 size=1920x1009 internalFormat=8c3a
[02Oct2026 18:54:05.999] [Render thread/INFO] [SuperResolution/]: SR_DIAG AFTER_PASS:composite4 render=( 1.129E+3  5.930E+2) display=( 1.920E+3  1.009E+3) region-1=( 1.129E+3  5.930E+2) region-2=( 1.920E+3  1.009E+3) viewport=[0,0,1920,1009] scissor=[0,213,1920,652]/false drawFbo=16 readFbo=16 drawBuffer=36064 readBuffer=36064 drawStatus=8cd5
[02Oct2026 18:54:05.999] [Render thread/INFO] [SuperResolution/]: SR_DIAG AFTER_PASS:composite4 fbo=16 attachment=8ce0 texture=64 mip=0 size=1920x1009 internalFormat=881a
[02Oct2026 18:54:05.999] [Render thread/INFO] [SuperResolution/]: SR_DIAG BEFORE_PASS:composite5 render=( 1.129E+3  5.930E+2) display=( 1.920E+3  1.009E+3) region-1=( 1.129E+3  5.930E+2) region-2=( 1.920E+3  1.009E+3) viewport=[0,0,1920,1009] scissor=[0,213,1920,652]/false drawFbo=16 readFbo=16 drawBuffer=36064 readBuffer=36064 drawStatus=8cd5
[02Oct2026 18:54:05.999] [Render thread/INFO] [SuperResolution/]: SR_DIAG BEFORE_PASS:composite5 fbo=16 attachment=8ce0 texture=64 mip=0 size=1920x1009 internalFormat=881a
[02Oct2026 18:54:06.000] [Render thread/INFO] [SuperResolution/]: SR_DIAG AFTER_PASS:composite5 render=( 1.129E+3  5.930E+2) display=( 1.920E+3  1.009E+3) region-1=( 1.129E+3  5.930E+2) region-2=( 1.920E+3  1.009E+3) viewport=[0,0,1920,1009] scissor=[0,213,1920,652]/false drawFbo=17 readFbo=17 drawBuffer=36064 readBuffer=36064 drawStatus=8cd5
[02Oct2026 18:54:06.000] [Render thread/INFO] [SuperResolution/]: SR_DIAG AFTER_PASS:composite5 fbo=17 attachment=8ce0 texture=63 mip=0 size=1920x1009 internalFormat=881a
[02Oct2026 18:54:06.000] [Render thread/INFO] [SuperResolution/]: SR_DIAG BEFORE_PASS:composite6 render=( 1.129E+3  5.930E+2) display=( 1.920E+3  1.009E+3) region-1=( 1.129E+3  5.930E+2) region-2=( 1.920E+3  1.009E+3) viewport=[0,0,1920,1009] scissor=[0,213,1920,652]/false drawFbo=17 readFbo=17 drawBuffer=36064 readBuffer=36064 drawStatus=8cd5
[02Oct2026 18:54:06.000] [Render thread/INFO] [SuperResolution/]: SR_DIAG BEFORE_PASS:composite6 fbo=17 attachment=8ce0 texture=63 mip=0 size=1920x1009 internalFormat=881a
[02Oct2026 18:54:06.000] [Render thread/INFO] [SuperResolution/]: SR_DIAG AFTER_PASS:composite6 render=( 1.129E+3  5.930E+2) display=( 1.920E+3  1.009E+3) region-1=( 1.129E+3  5.930E+2) region-2=( 1.920E+3  1.009E+3) viewport=[0,0,1920,1009] scissor=[0,213,1920,652]/false drawFbo=18 readFbo=18 drawBuffer=36064 readBuffer=36064 drawStatus=8cd5
[02Oct2026 18:54:06.000] [Render thread/INFO] [SuperResolution/]: SR_DIAG AFTER_PASS:composite6 fbo=18 attachment=8ce0 texture=64 mip=0 size=1920x1009 internalFormat=881a
[02Oct2026 18:54:06.000] [Render thread/INFO] [SuperResolution/]: SR_DIAG BEFORE_PASS:composite7 render=( 1.129E+3  5.930E+2) display=( 1.920E+3  1.009E+3) region-1=( 1.129E+3  5.930E+2) region-2=( 1.920E+3  1.009E+3) viewport=[0,0,1920,1009] scissor=[0,213,1920,652]/false drawFbo=18 readFbo=18 drawBuffer=36064 readBuffer=36064 drawStatus=8cd5
[02Oct2026 18:54:06.000] [Render thread/INFO] [SuperResolution/]: SR_DIAG BEFORE_PASS:composite7 fbo=18 attachment=8ce0 texture=64 mip=0 size=1920x1009 internalFormat=881a
[02Oct2026 18:54:06.000] [Render thread/INFO] [SuperResolution/]: SR_DIAG BEFORE_SR render=( 1.129E+3  5.930E+2) display=( 1.920E+3  1.009E+3) region-1=( 1.129E+3  5.930E+2) region-2=( 1.920E+3  1.009E+3) viewport=[0,0,1920,1009] scissor=[0,213,1920,652]/false drawFbo=18 readFbo=18 drawBuffer=36064 readBuffer=36064 drawStatus=8cd5
[02Oct2026 18:54:06.000] [Render thread/INFO] [SuperResolution/]: SR_DIAG BEFORE_SR fbo=18 attachment=8ce0 texture=64 mip=0 size=1920x1009 internalFormat=881a
[02Oct2026 18:54:06.047] [Render thread/INFO] [SuperResolution/]: SR_DIAG texture color id=64 size=1920x1009 format=RGBA16F target/type=Texture2D glInternalFormat=881a
[02Oct2026 18:54:06.049] [Render thread/INFO] [SuperResolution/]: SR_DIAG texture depth id=5 size=1920x1009 format=DEPTH24 target/type=Texture2D glInternalFormat=1902
[02Oct2026 18:54:06.049] [Render thread/INFO] [SuperResolution/]: SR_DIAG depth depth id=5 bits=24 componentType=8c17
[02Oct2026 18:54:06.049] [Render thread/INFO] [SuperResolution/]: SR_DIAG texture motion_vectors id=86 size=1920x1009 format=RGBA16F target/type=Texture2D glInternalFormat=881a
[02Oct2026 18:54:06.049] [Render thread/INFO] [SuperResolution/]: SR_DIAG texture algorithm_color id=91 size=1129x593 format=RGBA16F target/type=Texture2D glInternalFormat=881a
[02Oct2026 18:54:06.049] [Render thread/INFO] [SuperResolution/]: SR_DIAG texture algorithm_depth id=95 size=1129x593 format=DEPTH24 target/type=Texture2D glInternalFormat=81a6
[02Oct2026 18:54:06.049] [Render thread/INFO] [SuperResolution/]: SR_DIAG depth algorithm_depth id=95 bits=24 componentType=8c17
[02Oct2026 18:54:06.049] [Render thread/INFO] [SuperResolution/]: SR_DIAG texture algorithm_motion_vectors id=96 size=1129x593 format=RGBA16F target/type=Texture2D glInternalFormat=881a
[02Oct2026 18:54:06.209] [Render thread/INFO] [SuperResolution/]: SR_DIAG texture SR_output id=88 size=1920x1009 format=RGBA16F target/type=Texture2D glInternalFormat=881a
[02Oct2026 18:54:06.209] [Render thread/INFO] [SuperResolution/]: SR_DIAG texture autotex3/output_target id=64 size=1920x1009 format=RGBA16F target/type=Texture2D glInternalFormat=881a
[02Oct2026 18:54:06.209] [Render thread/INFO] [SuperResolution/]: SR_DIAG AFTER_SR render=( 1.129E+3  5.930E+2) display=( 1.920E+3  1.009E+3) region-1=( 1.129E+3  5.930E+2) region-2=( 1.920E+3  1.009E+3) viewport=[0,0,1920,1009] scissor=[0,213,1920,652]/false drawFbo=18 readFbo=18 drawBuffer=36064 readBuffer=36064 drawStatus=8cd5
[02Oct2026 18:54:06.209] [Render thread/INFO] [SuperResolution/]: SR_DIAG AFTER_SR fbo=18 attachment=8ce0 texture=64 mip=0 size=1920x1009 internalFormat=881a
[02Oct2026 18:54:06.209] [Render thread/INFO] [SuperResolution/]: SR_DIAG AFTER_PASS:composite7 render=( 1.129E+3  5.930E+2) display=( 1.920E+3  1.009E+3) region-1=( 1.129E+3  5.930E+2) region-2=( 1.920E+3  1.009E+3) viewport=[0,0,1920,1009] scissor=[0,213,1920,652]/false drawFbo=19 readFbo=19 drawBuffer=36064 readBuffer=36064 drawStatus=8cd5
[02Oct2026 18:54:06.210] [Render thread/INFO] [SuperResolution/]: SR_DIAG AFTER_PASS:composite7 fbo=19 attachment=8ce0 texture=63 mip=0 size=1920x1009 internalFormat=881a
[02Oct2026 18:54:06.210] [Render thread/INFO] [SuperResolution/]: SR_DIAG FINAL_PIPELINE render=( 1.129E+3  5.930E+2) display=( 1.920E+3  1.009E+3) region-1=( 1.129E+3  5.930E+2) region-2=( 1.920E+3  1.009E+3) viewport=[0,0,1920,1009] scissor=[0,213,1920,652]/false drawFbo=1 readFbo=1 drawBuffer=36064 readBuffer=36064 drawStatus=8cd5
[02Oct2026 18:54:06.210] [Render thread/INFO] [SuperResolution/]: SR_DIAG FINAL_PIPELINE fbo=1 attachment=8ce0 texture=1 mip=0 size=1920x1009 internalFormat=8058
[02Oct2026 18:54:06.210] [Render thread/INFO] [SuperResolution/]: SR_DIAG FINAL_PIPELINE fbo=1 attachment=8d00 texture=5 mip=0 size=1920x1009 internalFormat=1902
[02Oct2026 18:54:16.032] [Render thread/INFO] [SuperResolution/]: SR_DIAG BEFORE_PASS:deferred1 render=( 1.129E+3  5.930E+2) display=( 1.920E+3  1.009E+3) region-1=( 1.129E+3  5.930E+2) region-2=( 1.920E+3  1.009E+3) viewport=[0,0,1920,1009] scissor=[0,213,1920,652]/false drawFbo=1 readFbo=1 drawBuffer=36064 readBuffer=36064 drawStatus=8cd5
[02Oct2026 18:54:16.032] [Render thread/INFO] [SuperResolution/]: SR_DIAG BEFORE_PASS:deferred1 fbo=1 attachment=8ce0 texture=1 mip=0 size=1920x1009 internalFormat=8058
[02Oct2026 18:54:16.032] [Render thread/INFO] [SuperResolution/]: SR_DIAG BEFORE_PASS:deferred1 fbo=1 attachment=8d00 texture=5 mip=0 size=1920x1009 internalFormat=1902
[02Oct2026 18:54:16.032] [Render thread/INFO] [SuperResolution/]: SR_DIAG AFTER_PASS:deferred1 render=( 1.129E+3  5.930E+2) display=( 1.920E+3  1.009E+3) region-1=( 1.129E+3  5.930E+2) region-2=( 1.920E+3  1.009E+3) viewport=[0,0,1920,1009] scissor=[0,213,1920,652]/false drawFbo=12 readFbo=12 drawBuffer=36064 readBuffer=36064 drawStatus=8cd5
[02Oct2026 18:54:16.032] [Render thread/INFO] [SuperResolution/]: SR_DIAG AFTER_PASS:deferred1 fbo=12 attachment=8ce0 texture=56 mip=0 size=1920x1009 internalFormat=8c3a
[02Oct2026 18:54:16.033] [Render thread/INFO] [SuperResolution/]: SR_DIAG BEFORE_PASS:composite render=( 1.129E+3  5.930E+2) display=( 1.920E+3  1.009E+3) region-1=( 1.129E+3  5.930E+2) region-2=( 1.920E+3  1.009E+3) viewport=[0,0,1920,1009] scissor=[0,213,1920,652]/false drawFbo=1 readFbo=1 drawBuffer=36064 readBuffer=36064 drawStatus=8cd5
[02Oct2026 18:54:16.033] [Render thread/INFO] [SuperResolution/]: SR_DIAG BEFORE_PASS:composite fbo=1 attachment=8ce0 texture=1 mip=0 size=1920x1009 internalFormat=8058
[02Oct2026 18:54:16.033] [Render thread/INFO] [SuperResolution/]: SR_DIAG BEFORE_PASS:composite fbo=1 attachment=8d00 texture=5 mip=0 size=1920x1009 internalFormat=1902
[02Oct2026 18:54:16.033] [Render thread/INFO] [SuperResolution/]: SR_DIAG AFTER_PASS:composite render=( 1.129E+3  5.930E+2) display=( 1.920E+3  1.009E+3) region-1=( 1.129E+3  5.930E+2) region-2=( 1.920E+3  1.009E+3) viewport=[0,0,960,504] scissor=[0,213,1920,652]/false drawFbo=13 readFbo=13 drawBuffer=36064 readBuffer=36064 drawStatus=8cd5
[02Oct2026 18:54:16.033] [Render thread/INFO] [SuperResolution/]: SR_DIAG AFTER_PASS:composite fbo=13 attachment=8ce0 texture=80 mip=0 size=960x504 internalFormat=881a
[02Oct2026 18:54:16.033] [Render thread/INFO] [SuperResolution/]: SR_DIAG BEFORE_PASS:composite1 render=( 1.129E+3  5.930E+2) display=( 1.920E+3  1.009E+3) region-1=( 1.129E+3  5.930E+2) region-2=( 1.920E+3  1.009E+3) viewport=[0,0,960,504] scissor=[0,213,1920,652]/false drawFbo=13 readFbo=13 drawBuffer=36064 readBuffer=36064 drawStatus=8cd5
[02Oct2026 18:54:16.033] [Render thread/INFO] [SuperResolution/]: SR_DIAG BEFORE_PASS:composite1 fbo=13 attachment=8ce0 texture=80 mip=0 size=960x504 internalFormat=881a
[02Oct2026 18:54:16.033] [Render thread/INFO] [SuperResolution/]: SR_DIAG AFTER_PASS:composite1 render=( 1.129E+3  5.930E+2) display=( 1.920E+3  1.009E+3) region-1=( 1.129E+3  5.930E+2) region-2=( 1.920E+3  1.009E+3) viewport=[0,0,1920,1009] scissor=[0,213,1920,652]/false drawFbo=14 readFbo=14 drawBuffer=36064 readBuffer=36064 drawStatus=8cd5
[02Oct2026 18:54:16.033] [Render thread/INFO] [SuperResolution/]: SR_DIAG AFTER_PASS:composite1 fbo=14 attachment=8ce0 texture=55 mip=0 size=1920x1009 internalFormat=8c3a
[02Oct2026 18:54:16.033] [Render thread/INFO] [SuperResolution/]: SR_DIAG BEFORE_PASS:composite3 render=( 1.129E+3  5.930E+2) display=( 1.920E+3  1.009E+3) region-1=( 1.129E+3  5.930E+2) region-2=( 1.920E+3  1.009E+3) viewport=[0,0,1920,1009] scissor=[0,213,1920,652]/false drawFbo=14 readFbo=14 drawBuffer=36064 readBuffer=36064 drawStatus=8cd5
[02Oct2026 18:54:16.033] [Render thread/INFO] [SuperResolution/]: SR_DIAG BEFORE_PASS:composite3 fbo=14 attachment=8ce0 texture=55 mip=0 size=1920x1009 internalFormat=8c3a
[02Oct2026 18:54:16.033] [Render thread/INFO] [SuperResolution/]: SR_DIAG AFTER_PASS:composite3 render=( 1.129E+3  5.930E+2) display=( 1.920E+3  1.009E+3) region-1=( 1.129E+3  5.930E+2) region-2=( 1.920E+3  1.009E+3) viewport=[0,0,1920,1009] scissor=[0,213,1920,652]/false drawFbo=15 readFbo=15 drawBuffer=36064 readBuffer=36064 drawStatus=8cd5
[02Oct2026 18:54:16.033] [Render thread/INFO] [SuperResolution/]: SR_DIAG AFTER_PASS:composite3 fbo=15 attachment=8ce0 texture=56 mip=0 size=1920x1009 internalFormat=8c3a
[02Oct2026 18:54:16.034] [Render thread/INFO] [SuperResolution/]: SR_DIAG BEFORE_PASS:composite4 render=( 1.129E+3  5.930E+2) display=( 1.920E+3  1.009E+3) region-1=( 1.129E+3  5.930E+2) region-2=( 1.920E+3  1.009E+3) viewport=[0,0,1920,1009] scissor=[0,213,1920,652]/false drawFbo=15 readFbo=15 drawBuffer=36064 readBuffer=36064 drawStatus=8cd5
[02Oct2026 18:54:16.034] [Render thread/INFO] [SuperResolution/]: SR_DIAG BEFORE_PASS:composite4 fbo=15 attachment=8ce0 texture=56 mip=0 size=1920x1009 internalFormat=8c3a
[02Oct2026 18:54:16.034] [Render thread/INFO] [SuperResolution/]: SR_DIAG AFTER_PASS:composite4 render=( 1.129E+3  5.930E+2) display=( 1.920E+3  1.009E+3) region-1=( 1.129E+3  5.930E+2) region-2=( 1.920E+3  1.009E+3) viewport=[0,0,1920,1009] scissor=[0,213,1920,652]/false drawFbo=16 readFbo=16 drawBuffer=36064 readBuffer=36064 drawStatus=8cd5
[02Oct2026 18:54:16.034] [Render thread/INFO] [SuperResolution/]: SR_DIAG AFTER_PASS:composite4 fbo=16 attachment=8ce0 texture=64 mip=0 size=1920x1009 internalFormat=881a
[02Oct2026 18:54:16.034] [Render thread/INFO] [SuperResolution/]: SR_DIAG BEFORE_PASS:composite5 render=( 1.129E+3  5.930E+2) display=( 1.920E+3  1.009E+3) region-1=( 1.129E+3  5.930E+2) region-2=( 1.920E+3  1.009E+3) viewport=[0,0,1920,1009] scissor=[0,213,1920,652]/false drawFbo=16 readFbo=16 drawBuffer=36064 readBuffer=36064 drawStatus=8cd5
[02Oct2026 18:54:16.034] [Render thread/INFO] [SuperResolution/]: SR_DIAG BEFORE_PASS:composite5 fbo=16 attachment=8ce0 texture=64 mip=0 size=1920x1009 internalFormat=881a
[02Oct2026 18:54:16.034] [Render thread/INFO] [SuperResolution/]: SR_DIAG AFTER_PASS:composite5 render=( 1.129E+3  5.930E+2) display=( 1.920E+3  1.009E+3) region-1=( 1.129E+3  5.930E+2) region-2=( 1.920E+3  1.009E+3) viewport=[0,0,1920,1009] scissor=[0,213,1920,652]/false drawFbo=17 readFbo=17 drawBuffer=36064 readBuffer=36064 drawStatus=8cd5
[02Oct2026 18:54:16.034] [Render thread/INFO] [SuperResolution/]: SR_DIAG AFTER_PASS:composite5 fbo=17 attachment=8ce0 texture=63 mip=0 size=1920x1009 internalFormat=881a
[02Oct2026 18:54:16.034] [Render thread/INFO] [SuperResolution/]: SR_DIAG BEFORE_PASS:composite6 render=( 1.129E+3  5.930E+2) display=( 1.920E+3  1.009E+3) region-1=( 1.129E+3  5.930E+2) region-2=( 1.920E+3  1.009E+3) viewport=[0,0,1920,1009] scissor=[0,213,1920,652]/false drawFbo=17 readFbo=17 drawBuffer=36064 readBuffer=36064 drawStatus=8cd5
[02Oct2026 18:54:16.034] [Render thread/INFO] [SuperResolution/]: SR_DIAG BEFORE_PASS:composite6 fbo=17 attachment=8ce0 texture=63 mip=0 size=1920x1009 internalFormat=881a
[02Oct2026 18:54:16.034] [Render thread/INFO] [SuperResolution/]: SR_DIAG AFTER_PASS:composite6 render=( 1.129E+3  5.930E+2) display=( 1.920E+3  1.009E+3) region-1=( 1.129E+3  5.930E+2) region-2=( 1.920E+3  1.009E+3) viewport=[0,0,1920,1009] scissor=[0,213,1920,652]/false drawFbo=18 readFbo=18 drawBuffer=36064 readBuffer=36064 drawStatus=8cd5
[02Oct2026 18:54:16.035] [Render thread/INFO] [SuperResolution/]: SR_DIAG AFTER_PASS:composite6 fbo=18 attachment=8ce0 texture=64 mip=0 size=1920x1009 internalFormat=881a
[02Oct2026 18:54:16.035] [Render thread/INFO] [SuperResolution/]: SR_DIAG BEFORE_PASS:composite7 render=( 1.129E+3  5.930E+2) display=( 1.920E+3  1.009E+3) region-1=( 1.129E+3  5.930E+2) region-2=( 1.920E+3  1.009E+3) viewport=[0,0,1920,1009] scissor=[0,213,1920,652]/false drawFbo=18 readFbo=18 drawBuffer=36064 readBuffer=36064 drawStatus=8cd5
[02Oct2026 18:54:16.035] [Render thread/INFO] [SuperResolution/]: SR_DIAG BEFORE_PASS:composite7 fbo=18 attachment=8ce0 texture=64 mip=0 size=1920x1009 internalFormat=881a
[02Oct2026 18:54:16.035] [Render thread/INFO] [SuperResolution/]: SR_DIAG BEFORE_SR render=( 1.129E+3  5.930E+2) display=( 1.920E+3  1.009E+3) region-1=( 1.129E+3  5.930E+2) region-2=( 1.920E+3  1.009E+3) viewport=[0,0,1920,1009] scissor=[0,213,1920,652]/false drawFbo=18 readFbo=18 drawBuffer=36064 readBuffer=36064 drawStatus=8cd5
[02Oct2026 18:54:16.035] [Render thread/INFO] [SuperResolution/]: SR_DIAG BEFORE_SR fbo=18 attachment=8ce0 texture=64 mip=0 size=1920x1009 internalFormat=881a
[02Oct2026 18:54:16.050] [Render thread/INFO] [SuperResolution/]: SR_DIAG texture color id=64 size=1920x1009 format=RGBA16F target/type=Texture2D glInternalFormat=881a
[02Oct2026 18:54:16.050] [Render thread/INFO] [SuperResolution/]: SR_DIAG texture depth id=5 size=1920x1009 format=DEPTH24 target/type=Texture2D glInternalFormat=1902
[02Oct2026 18:54:16.050] [Render thread/INFO] [SuperResolution/]: SR_DIAG depth depth id=5 bits=24 componentType=8c17
[02Oct2026 18:54:16.050] [Render thread/INFO] [SuperResolution/]: SR_DIAG texture motion_vectors id=86 size=1920x1009 format=RGBA16F target/type=Texture2D glInternalFormat=881a
[02Oct2026 18:54:16.050] [Render thread/INFO] [SuperResolution/]: SR_DIAG texture algorithm_color id=91 size=1129x593 format=RGBA16F target/type=Texture2D glInternalFormat=881a
[02Oct2026 18:54:16.050] [Render thread/INFO] [SuperResolution/]: SR_DIAG texture algorithm_depth id=95 size=1129x593 format=DEPTH24 target/type=Texture2D glInternalFormat=81a6
[02Oct2026 18:54:16.050] [Render thread/INFO] [SuperResolution/]: SR_DIAG depth algorithm_depth id=95 bits=24 componentType=8c17
[02Oct2026 18:54:16.050] [Render thread/INFO] [SuperResolution/]: SR_DIAG texture algorithm_motion_vectors id=96 size=1129x593 format=RGBA16F target/type=Texture2D glInternalFormat=881a
[02Oct2026 18:54:16.218] [Render thread/INFO] [SuperResolution/]: SR_DIAG texture SR_output id=88 size=1920x1009 format=RGBA16F target/type=Texture2D glInternalFormat=881a
[02Oct2026 18:54:16.219] [Render thread/INFO] [SuperResolution/]: SR_DIAG texture autotex3/output_target id=64 size=1920x1009 format=RGBA16F target/type=Texture2D glInternalFormat=881a
[02Oct2026 18:54:16.219] [Render thread/INFO] [SuperResolution/]: SR_DIAG AFTER_SR render=( 1.129E+3  5.930E+2) display=( 1.920E+3  1.009E+3) region-1=( 1.129E+3  5.930E+2) region-2=( 1.920E+3  1.009E+3) viewport=[0,0,1920,1009] scissor=[0,213,1920,652]/false drawFbo=18 readFbo=18 drawBuffer=36064 readBuffer=36064 drawStatus=8cd5
[02Oct2026 18:54:16.219] [Render thread/INFO] [SuperResolution/]: SR_DIAG AFTER_SR fbo=18 attachment=8ce0 texture=64 mip=0 size=1920x1009 internalFormat=881a
[02Oct2026 18:54:16.219] [Render thread/INFO] [SuperResolution/]: SR_DIAG AFTER_PASS:composite7 render=( 1.129E+3  5.930E+2) display=( 1.920E+3  1.009E+3) region-1=( 1.129E+3  5.930E+2) region-2=( 1.920E+3  1.009E+3) viewport=[0,0,1920,1009] scissor=[0,213,1920,652]/false drawFbo=19 readFbo=19 drawBuffer=36064 readBuffer=36064 drawStatus=8cd5
[02Oct2026 18:54:16.219] [Render thread/INFO] [SuperResolution/]: SR_DIAG AFTER_PASS:composite7 fbo=19 attachment=8ce0 texture=63 mip=0 size=1920x1009 internalFormat=881a
[02Oct2026 18:54:16.219] [Render thread/INFO] [SuperResolution/]: SR_DIAG FINAL_PIPELINE render=( 1.129E+3  5.930E+2) display=( 1.920E+3  1.009E+3) region-1=( 1.129E+3  5.930E+2) region-2=( 1.920E+3  1.009E+3) viewport=[0,0,1920,1009] scissor=[0,213,1920,652]/false drawFbo=1 readFbo=1 drawBuffer=36064 readBuffer=36064 drawStatus=8cd5
[02Oct2026 18:54:16.219] [Render thread/INFO] [SuperResolution/]: SR_DIAG FINAL_PIPELINE fbo=1 attachment=8ce0 texture=1 mip=0 size=1920x1009 internalFormat=8058
[02Oct2026 18:54:16.220] [Render thread/INFO] [SuperResolution/]: SR_DIAG FINAL_PIPELINE fbo=1 attachment=8d00 texture=5 mip=0 size=1920x1009 internalFormat=1902
[02Oct2026 18:54:26.033] [Render thread/INFO] [SuperResolution/]: SR_DIAG BEFORE_PASS:deferred1 render=( 1.129E+3  5.930E+2) display=( 1.920E+3  1.009E+3) region-1=( 1.129E+3  5.930E+2) region-2=( 1.920E+3  1.009E+3) viewport=[0,0,1920,1009] scissor=[0,213,1920,652]/false drawFbo=1 readFbo=1 drawBuffer=36064 readBuffer=36064 drawStatus=8cd5
[02Oct2026 18:54:26.033] [Render thread/INFO] [SuperResolution/]: SR_DIAG BEFORE_PASS:deferred1 fbo=1 attachment=8ce0 texture=1 mip=0 size=1920x1009 internalFormat=8058
[02Oct2026 18:54:26.033] [Render thread/INFO] [SuperResolution/]: SR_DIAG BEFORE_PASS:deferred1 fbo=1 attachment=8d00 texture=5 mip=0 size=1920x1009 internalFormat=1902
[02Oct2026 18:54:26.033] [Render thread/INFO] [SuperResolution/]: SR_DIAG AFTER_PASS:deferred1 render=( 1.129E+3  5.930E+2) display=( 1.920E+3  1.009E+3) region-1=( 1.129E+3  5.930E+2) region-2=( 1.920E+3  1.009E+3) viewport=[0,0,1920,1009] scissor=[0,213,1920,652]/false drawFbo=12 readFbo=12 drawBuffer=36064 readBuffer=36064 drawStatus=8cd5
[02Oct2026 18:54:26.033] [Render thread/INFO] [SuperResolution/]: SR_DIAG AFTER_PASS:deferred1 fbo=12 attachment=8ce0 texture=56 mip=0 size=1920x1009 internalFormat=8c3a
[02Oct2026 18:54:26.034] [Render thread/INFO] [SuperResolution/]: SR_DIAG BEFORE_PASS:composite render=( 1.129E+3  5.930E+2) display=( 1.920E+3  1.009E+3) region-1=( 1.129E+3  5.930E+2) region-2=( 1.920E+3  1.009E+3) viewport=[0,0,1920,1009] scissor=[0,213,1920,652]/false drawFbo=1 readFbo=1 drawBuffer=36064 readBuffer=36064 drawStatus=8cd5
[02Oct2026 18:54:26.034] [Render thread/INFO] [SuperResolution/]: SR_DIAG BEFORE_PASS:composite fbo=1 attachment=8ce0 texture=1 mip=0 size=1920x1009 internalFormat=8058
[02Oct2026 18:54:26.034] [Render thread/INFO] [SuperResolution/]: SR_DIAG BEFORE_PASS:composite fbo=1 attachment=8d00 texture=5 mip=0 size=1920x1009 internalFormat=1902
[02Oct2026 18:54:26.034] [Render thread/INFO] [SuperResolution/]: SR_DIAG AFTER_PASS:composite render=( 1.129E+3  5.930E+2) display=( 1.920E+3  1.009E+3) region-1=( 1.129E+3  5.930E+2) region-2=( 1.920E+3  1.009E+3) viewport=[0,0,960,504] scissor=[0,213,1920,652]/false drawFbo=13 readFbo=13 drawBuffer=36064 readBuffer=36064 drawStatus=8cd5
[02Oct2026 18:54:26.034] [Render thread/INFO] [SuperResolution/]: SR_DIAG AFTER_PASS:composite fbo=13 attachment=8ce0 texture=80 mip=0 size=960x504 internalFormat=881a
[02Oct2026 18:54:26.034] [Render thread/INFO] [SuperResolution/]: SR_DIAG BEFORE_PASS:composite1 render=( 1.129E+3  5.930E+2) display=( 1.920E+3  1.009E+3) region-1=( 1.129E+3  5.930E+2) region-2=( 1.920E+3  1.009E+3) viewport=[0,0,960,504] scissor=[0,213,1920,652]/false drawFbo=13 readFbo=13 drawBuffer=36064 readBuffer=36064 drawStatus=8cd5
[02Oct2026 18:54:26.034] [Render thread/INFO] [SuperResolution/]: SR_DIAG BEFORE_PASS:composite1 fbo=13 attachment=8ce0 texture=80 mip=0 size=960x504 internalFormat=881a
[02Oct2026 18:54:26.034] [Render thread/INFO] [SuperResolution/]: SR_DIAG AFTER_PASS:composite1 render=( 1.129E+3  5.930E+2) display=( 1.920E+3  1.009E+3) region-1=( 1.129E+3  5.930E+2) region-2=( 1.920E+3  1.009E+3) viewport=[0,0,1920,1009] scissor=[0,213,1920,652]/false drawFbo=14 readFbo=14 drawBuffer=36064 readBuffer=36064 drawStatus=8cd5
[02Oct2026 18:54:26.034] [Render thread/INFO] [SuperResolution/]: SR_DIAG AFTER_PASS:composite1 fbo=14 attachment=8ce0 texture=55 mip=0 size=1920x1009 internalFormat=8c3a
[02Oct2026 18:54:26.034] [Render thread/INFO] [SuperResolution/]: SR_DIAG BEFORE_PASS:composite3 render=( 1.129E+3  5.930E+2) display=( 1.920E+3  1.009E+3) region-1=( 1.129E+3  5.930E+2) region-2=( 1.920E+3  1.009E+3) viewport=[0,0,1920,1009] scissor=[0,213,1920,652]/false drawFbo=14 readFbo=14 drawBuffer=36064 readBuffer=36064 drawStatus=8cd5
[02Oct2026 18:54:26.034] [Render thread/INFO] [SuperResolution/]: SR_DIAG BEFORE_PASS:composite3 fbo=14 attachment=8ce0 texture=55 mip=0 size=1920x1009 internalFormat=8c3a
[02Oct2026 18:54:26.035] [Render thread/INFO] [SuperResolution/]: SR_DIAG AFTER_PASS:composite3 render=( 1.129E+3  5.930E+2) display=( 1.920E+3  1.009E+3) region-1=( 1.129E+3  5.930E+2) region-2=( 1.920E+3  1.009E+3) viewport=[0,0,1920,1009] scissor=[0,213,1920,652]/false drawFbo=15 readFbo=15 drawBuffer=36064 readBuffer=36064 drawStatus=8cd5
[02Oct2026 18:54:26.035] [Render thread/INFO] [SuperResolution/]: SR_DIAG AFTER_PASS:composite3 fbo=15 attachment=8ce0 texture=56 mip=0 size=1920x1009 internalFormat=8c3a
[02Oct2026 18:54:26.035] [Render thread/INFO] [SuperResolution/]: SR_DIAG BEFORE_PASS:composite4 render=( 1.129E+3  5.930E+2) display=( 1.920E+3  1.009E+3) region-1=( 1.129E+3  5.930E+2) region-2=( 1.920E+3  1.009E+3) viewport=[0,0,1920,1009] scissor=[0,213,1920,652]/false drawFbo=15 readFbo=15 drawBuffer=36064 readBuffer=36064 drawStatus=8cd5
[02Oct2026 18:54:26.035] [Render thread/INFO] [SuperResolution/]: SR_DIAG BEFORE_PASS:composite4 fbo=15 attachment=8ce0 texture=56 mip=0 size=1920x1009 internalFormat=8c3a
[02Oct2026 18:54:26.035] [Render thread/INFO] [SuperResolution/]: SR_DIAG AFTER_PASS:composite4 render=( 1.129E+3  5.930E+2) display=( 1.920E+3  1.009E+3) region-1=( 1.129E+3  5.930E+2) region-2=( 1.920E+3  1.009E+3) viewport=[0,0,1920,1009] scissor=[0,213,1920,652]/false drawFbo=16 readFbo=16 drawBuffer=36064 readBuffer=36064 drawStatus=8cd5
[02Oct2026 18:54:26.035] [Render thread/INFO] [SuperResolution/]: SR_DIAG AFTER_PASS:composite4 fbo=16 attachment=8ce0 texture=64 mip=0 size=1920x1009 internalFormat=881a
[02Oct2026 18:54:26.035] [Render thread/INFO] [SuperResolution/]: SR_DIAG BEFORE_PASS:composite5 render=( 1.129E+3  5.930E+2) display=( 1.920E+3  1.009E+3) region-1=( 1.129E+3  5.930E+2) region-2=( 1.920E+3  1.009E+3) viewport=[0,0,1920,1009] scissor=[0,213,1920,652]/false drawFbo=16 readFbo=16 drawBuffer=36064 readBuffer=36064 drawStatus=8cd5
[02Oct2026 18:54:26.035] [Render thread/INFO] [SuperResolution/]: SR_DIAG BEFORE_PASS:composite5 fbo=16 attachment=8ce0 texture=64 mip=0 size=1920x1009 internalFormat=881a
[02Oct2026 18:54:26.035] [Render thread/INFO] [SuperResolution/]: SR_DIAG AFTER_PASS:composite5 render=( 1.129E+3  5.930E+2) display=( 1.920E+3  1.009E+3) region-1=( 1.129E+3  5.930E+2) region-2=( 1.920E+3  1.009E+3) viewport=[0,0,1920,1009] scissor=[0,213,1920,652]/false drawFbo=17 readFbo=17 drawBuffer=36064 readBuffer=36064 drawStatus=8cd5
[02Oct2026 18:54:26.035] [Render thread/INFO] [SuperResolution/]: SR_DIAG AFTER_PASS:composite5 fbo=17 attachment=8ce0 texture=63 mip=0 size=1920x1009 internalFormat=881a
[02Oct2026 18:54:26.035] [Render thread/INFO] [SuperResolution/]: SR_DIAG BEFORE_PASS:composite6 render=( 1.129E+3  5.930E+2) display=( 1.920E+3  1.009E+3) region-1=( 1.129E+3  5.930E+2) region-2=( 1.920E+3  1.009E+3) viewport=[0,0,1920,1009] scissor=[0,213,1920,652]/false drawFbo=17 readFbo=17 drawBuffer=36064 readBuffer=36064 drawStatus=8cd5
[02Oct2026 18:54:26.035] [Render thread/INFO] [SuperResolution/]: SR_DIAG BEFORE_PASS:composite6 fbo=17 attachment=8ce0 texture=63 mip=0 size=1920x1009 internalFormat=881a
[02Oct2026 18:54:26.035] [Render thread/INFO] [SuperResolution/]: SR_DIAG AFTER_PASS:composite6 render=( 1.129E+3  5.930E+2) display=( 1.920E+3  1.009E+3) region-1=( 1.129E+3  5.930E+2) region-2=( 1.920E+3  1.009E+3) viewport=[0,0,1920,1009] scissor=[0,213,1920,652]/false drawFbo=18 readFbo=18 drawBuffer=36064 readBuffer=36064 drawStatus=8cd5
[02Oct2026 18:54:26.035] [Render thread/INFO] [SuperResolution/]: SR_DIAG AFTER_PASS:composite6 fbo=18 attachment=8ce0 texture=64 mip=0 size=1920x1009 internalFormat=881a
[02Oct2026 18:54:26.035] [Render thread/INFO] [SuperResolution/]: SR_DIAG BEFORE_PASS:composite7 render=( 1.129E+3  5.930E+2) display=( 1.920E+3  1.009E+3) region-1=( 1.129E+3  5.930E+2) region-2=( 1.920E+3  1.009E+3) viewport=[0,0,1920,1009] scissor=[0,213,1920,652]/false drawFbo=18 readFbo=18 drawBuffer=36064 readBuffer=36064 drawStatus=8cd5
[02Oct2026 18:54:26.035] [Render thread/INFO] [SuperResolution/]: SR_DIAG BEFORE_PASS:composite7 fbo=18 attachment=8ce0 texture=64 mip=0 size=1920x1009 internalFormat=881a
[02Oct2026 18:54:26.035] [Render thread/INFO] [SuperResolution/]: SR_DIAG BEFORE_SR render=( 1.129E+3  5.930E+2) display=( 1.920E+3  1.009E+3) region-1=( 1.129E+3  5.930E+2) region-2=( 1.920E+3  1.009E+3) viewport=[0,0,1920,1009] scissor=[0,213,1920,652]/false drawFbo=18 readFbo=18 drawBuffer=36064 readBuffer=36064 drawStatus=8cd5
[02Oct2026 18:54:26.035] [Render thread/INFO] [SuperResolution/]: SR_DIAG BEFORE_SR fbo=18 attachment=8ce0 texture=64 mip=0 size=1920x1009 internalFormat=881a
[02Oct2026 18:54:26.051] [Render thread/INFO] [SuperResolution/]: SR_DIAG texture color id=64 size=1920x1009 format=RGBA16F target/type=Texture2D glInternalFormat=881a
[02Oct2026 18:54:26.051] [Render thread/INFO] [SuperResolution/]: SR_DIAG texture depth id=5 size=1920x1009 format=DEPTH24 target/type=Texture2D glInternalFormat=1902
[02Oct2026 18:54:26.051] [Render thread/INFO] [SuperResolution/]: SR_DIAG depth depth id=5 bits=24 componentType=8c17
[02Oct2026 18:54:26.051] [Render thread/INFO] [SuperResolution/]: SR_DIAG texture motion_vectors id=86 size=1920x1009 format=RGBA16F target/type=Texture2D glInternalFormat=881a
[02Oct2026 18:54:26.051] [Render thread/INFO] [SuperResolution/]: SR_DIAG texture algorithm_color id=91 size=1129x593 format=RGBA16F target/type=Texture2D glInternalFormat=881a
[02Oct2026 18:54:26.051] [Render thread/INFO] [SuperResolution/]: SR_DIAG texture algorithm_depth id=95 size=1129x593 format=DEPTH24 target/type=Texture2D glInternalFormat=81a6
[02Oct2026 18:54:26.051] [Render thread/INFO] [SuperResolution/]: SR_DIAG depth algorithm_depth id=95 bits=24 componentType=8c17
[02Oct2026 18:54:26.051] [Render thread/INFO] [SuperResolution/]: SR_DIAG texture algorithm_motion_vectors id=96 size=1129x593 format=RGBA16F target/type=Texture2D glInternalFormat=881a
[02Oct2026 18:54:26.234] [Render thread/INFO] [SuperResolution/]: SR_DIAG texture SR_output id=88 size=1920x1009 format=RGBA16F target/type=Texture2D glInternalFormat=881a
[02Oct2026 18:54:26.234] [Render thread/INFO] [SuperResolution/]: SR_DIAG texture autotex3/output_target id=64 size=1920x1009 format=RGBA16F target/type=Texture2D glInternalFormat=881a
[02Oct2026 18:54:26.234] [Render thread/INFO] [SuperResolution/]: SR_DIAG AFTER_SR render=( 1.129E+3  5.930E+2) display=( 1.920E+3  1.009E+3) region-1=( 1.129E+3  5.930E+2) region-2=( 1.920E+3  1.009E+3) viewport=[0,0,1920,1009] scissor=[0,213,1920,652]/false drawFbo=18 readFbo=18 drawBuffer=36064 readBuffer=36064 drawStatus=8cd5
[02Oct2026 18:54:26.234] [Render thread/INFO] [SuperResolution/]: SR_DIAG AFTER_SR fbo=18 attachment=8ce0 texture=64 mip=0 size=1920x1009 internalFormat=881a
[02Oct2026 18:54:26.234] [Render thread/INFO] [SuperResolution/]: SR_DIAG AFTER_PASS:composite7 render=( 1.129E+3  5.930E+2) display=( 1.920E+3  1.009E+3) region-1=( 1.129E+3  5.930E+2) region-2=( 1.920E+3  1.009E+3) viewport=[0,0,1920,1009] scissor=[0,213,1920,652]/false drawFbo=19 readFbo=19 drawBuffer=36064 readBuffer=36064 drawStatus=8cd5
[02Oct2026 18:54:26.234] [Render thread/INFO] [SuperResolution/]: SR_DIAG AFTER_PASS:composite7 fbo=19 attachment=8ce0 texture=63 mip=0 size=1920x1009 internalFormat=881a
[02Oct2026 18:54:26.234] [Render thread/INFO] [SuperResolution/]: SR_DIAG FINAL_PIPELINE render=( 1.129E+3  5.930E+2) display=( 1.920E+3  1.009E+3) region-1=( 1.129E+3  5.930E+2) region-2=( 1.920E+3  1.009E+3) viewport=[0,0,1920,1009] scissor=[0,213,1920,652]/false drawFbo=1 readFbo=1 drawBuffer=36064 readBuffer=36064 drawStatus=8cd5
[02Oct2026 18:54:26.236] [Render thread/INFO] [SuperResolution/]: SR_DIAG FINAL_PIPELINE fbo=1 attachment=8ce0 texture=1 mip=0 size=1920x1009 internalFormat=8058
[02Oct2026 18:54:26.236] [Render thread/INFO] [SuperResolution/]: SR_DIAG FINAL_PIPELINE fbo=1 attachment=8d00 texture=5 mip=0 size=1920x1009 internalFormat=1902
[02Oct2026 18:54:36.050] [Render thread/INFO] [SuperResolution/]: SR_DIAG BEFORE_PASS:deferred1 render=( 1.129E+3  5.930E+2) display=( 1.920E+3  1.009E+3) region-1=( 1.129E+3  5.930E+2) region-2=( 1.920E+3  1.009E+3) viewport=[0,0,1920,1009] scissor=[0,213,1920,652]/false drawFbo=1 readFbo=1 drawBuffer=36064 readBuffer=36064 drawStatus=8cd5
[02Oct2026 18:54:36.050] [Render thread/INFO] [SuperResolution/]: SR_DIAG BEFORE_PASS:deferred1 fbo=1 attachment=8ce0 texture=1 mip=0 size=1920x1009 internalFormat=8058
[02Oct2026 18:54:36.050] [Render thread/INFO] [SuperResolution/]: SR_DIAG BEFORE_PASS:deferred1 fbo=1 attachment=8d00 texture=5 mip=0 size=1920x1009 internalFormat=1902
[02Oct2026 18:54:36.050] [Render thread/INFO] [SuperResolution/]: SR_DIAG AFTER_PASS:deferred1 render=( 1.129E+3  5.930E+2) display=( 1.920E+3  1.009E+3) region-1=( 1.129E+3  5.930E+2) region-2=( 1.920E+3  1.009E+3) viewport=[0,0,1920,1009] scissor=[0,213,1920,652]/false drawFbo=12 readFbo=12 drawBuffer=36064 readBuffer=36064 drawStatus=8cd5
[02Oct2026 18:54:36.050] [Render thread/INFO] [SuperResolution/]: SR_DIAG AFTER_PASS:deferred1 fbo=12 attachment=8ce0 texture=56 mip=0 size=1920x1009 internalFormat=8c3a
[02Oct2026 18:54:36.050] [Render thread/INFO] [SuperResolution/]: SR_DIAG BEFORE_PASS:composite render=( 1.129E+3  5.930E+2) display=( 1.920E+3  1.009E+3) region-1=( 1.129E+3  5.930E+2) region-2=( 1.920E+3  1.009E+3) viewport=[0,0,1920,1009] scissor=[0,213,1920,652]/false drawFbo=1 readFbo=1 drawBuffer=36064 readBuffer=36064 drawStatus=8cd5
[02Oct2026 18:54:36.050] [Render thread/INFO] [SuperResolution/]: SR_DIAG BEFORE_PASS:composite fbo=1 attachment=8ce0 texture=1 mip=0 size=1920x1009 internalFormat=8058
[02Oct2026 18:54:36.050] [Render thread/INFO] [SuperResolution/]: SR_DIAG BEFORE_PASS:composite fbo=1 attachment=8d00 texture=5 mip=0 size=1920x1009 internalFormat=1902
[02Oct2026 18:54:36.051] [Render thread/INFO] [SuperResolution/]: SR_DIAG AFTER_PASS:composite render=( 1.129E+3  5.930E+2) display=( 1.920E+3  1.009E+3) region-1=( 1.129E+3  5.930E+2) region-2=( 1.920E+3  1.009E+3) viewport=[0,0,960,504] scissor=[0,213,1920,652]/false drawFbo=13 readFbo=13 drawBuffer=36064 readBuffer=36064 drawStatus=8cd5
[02Oct2026 18:54:36.051] [Render thread/INFO] [SuperResolution/]: SR_DIAG AFTER_PASS:composite fbo=13 attachment=8ce0 texture=80 mip=0 size=960x504 internalFormat=881a
[02Oct2026 18:54:36.051] [Render thread/INFO] [SuperResolution/]: SR_DIAG BEFORE_PASS:composite1 render=( 1.129E+3  5.930E+2) display=( 1.920E+3  1.009E+3) region-1=( 1.129E+3  5.930E+2) region-2=( 1.920E+3  1.009E+3) viewport=[0,0,960,504] scissor=[0,213,1920,652]/false drawFbo=13 readFbo=13 drawBuffer=36064 readBuffer=36064 drawStatus=8cd5
[02Oct2026 18:54:36.051] [Render thread/INFO] [SuperResolution/]: SR_DIAG BEFORE_PASS:composite1 fbo=13 attachment=8ce0 texture=80 mip=0 size=960x504 internalFormat=881a
[02Oct2026 18:54:36.051] [Render thread/INFO] [SuperResolution/]: SR_DIAG AFTER_PASS:composite1 render=( 1.129E+3  5.930E+2) display=( 1.920E+3  1.009E+3) region-1=( 1.129E+3  5.930E+2) region-2=( 1.920E+3  1.009E+3) viewport=[0,0,1920,1009] scissor=[0,213,1920,652]/false drawFbo=14 readFbo=14 drawBuffer=36064 readBuffer=36064 drawStatus=8cd5
[02Oct2026 18:54:36.051] [Render thread/INFO] [SuperResolution/]: SR_DIAG AFTER_PASS:composite1 fbo=14 attachment=8ce0 texture=55 mip=0 size=1920x1009 internalFormat=8c3a
[02Oct2026 18:54:36.051] [Render thread/INFO] [SuperResolution/]: SR_DIAG BEFORE_PASS:composite3 render=( 1.129E+3  5.930E+2) display=( 1.920E+3  1.009E+3) region-1=( 1.129E+3  5.930E+2) region-2=( 1.920E+3  1.009E+3) viewport=[0,0,1920,1009] scissor=[0,213,1920,652]/false drawFbo=14 readFbo=14 drawBuffer=36064 readBuffer=36064 drawStatus=8cd5
[02Oct2026 18:54:36.051] [Render thread/INFO] [SuperResolution/]: SR_DIAG BEFORE_PASS:composite3 fbo=14 attachment=8ce0 texture=55 mip=0 size=1920x1009 internalFormat=8c3a
[02Oct2026 18:54:36.051] [Render thread/INFO] [SuperResolution/]: SR_DIAG AFTER_PASS:composite3 render=( 1.129E+3  5.930E+2) display=( 1.920E+3  1.009E+3) region-1=( 1.129E+3  5.930E+2) region-2=( 1.920E+3  1.009E+3) viewport=[0,0,1920,1009] scissor=[0,213,1920,652]/false drawFbo=15 readFbo=15 drawBuffer=36064 readBuffer=36064 drawStatus=8cd5
[02Oct2026 18:54:36.051] [Render thread/INFO] [SuperResolution/]: SR_DIAG AFTER_PASS:composite3 fbo=15 attachment=8ce0 texture=56 mip=0 size=1920x1009 internalFormat=8c3a
[02Oct2026 18:54:36.051] [Render thread/INFO] [SuperResolution/]: SR_DIAG BEFORE_PASS:composite4 render=( 1.129E+3  5.930E+2) display=( 1.920E+3  1.009E+3) region-1=( 1.129E+3  5.930E+2) region-2=( 1.920E+3  1.009E+3) viewport=[0,0,1920,1009] scissor=[0,213,1920,652]/false drawFbo=15 readFbo=15 drawBuffer=36064 readBuffer=36064 drawStatus=8cd5
[02Oct2026 18:54:36.051] [Render thread/INFO] [SuperResolution/]: SR_DIAG BEFORE_PASS:composite4 fbo=15 attachment=8ce0 texture=56 mip=0 size=1920x1009 internalFormat=8c3a
[02Oct2026 18:54:36.051] [Render thread/INFO] [SuperResolution/]: SR_DIAG AFTER_PASS:composite4 render=( 1.129E+3  5.930E+2) display=( 1.920E+3  1.009E+3) region-1=( 1.129E+3  5.930E+2) region-2=( 1.920E+3  1.009E+3) viewport=[0,0,1920,1009] scissor=[0,213,1920,652]/false drawFbo=16 readFbo=16 drawBuffer=36064 readBuffer=36064 drawStatus=8cd5
[02Oct2026 18:54:36.051] [Render thread/INFO] [SuperResolution/]: SR_DIAG AFTER_PASS:composite4 fbo=16 attachment=8ce0 texture=64 mip=0 size=1920x1009 internalFormat=881a
[02Oct2026 18:54:36.051] [Render thread/INFO] [SuperResolution/]: SR_DIAG BEFORE_PASS:composite5 render=( 1.129E+3  5.930E+2) display=( 1.920E+3  1.009E+3) region-1=( 1.129E+3  5.930E+2) region-2=( 1.920E+3  1.009E+3) viewport=[0,0,1920,1009] scissor=[0,213,1920,652]/false drawFbo=16 readFbo=16 drawBuffer=36064 readBuffer=36064 drawStatus=8cd5
[02Oct2026 18:54:36.051] [Render thread/INFO] [SuperResolution/]: SR_DIAG BEFORE_PASS:composite5 fbo=16 attachment=8ce0 texture=64 mip=0 size=1920x1009 internalFormat=881a
[02Oct2026 18:54:36.051] [Render thread/INFO] [SuperResolution/]: SR_DIAG AFTER_PASS:composite5 render=( 1.129E+3  5.930E+2) display=( 1.920E+3  1.009E+3) region-1=( 1.129E+3  5.930E+2) region-2=( 1.920E+3  1.009E+3) viewport=[0,0,1920,1009] scissor=[0,213,1920,652]/false drawFbo=17 readFbo=17 drawBuffer=36064 readBuffer=36064 drawStatus=8cd5
[02Oct2026 18:54:36.051] [Render thread/INFO] [SuperResolution/]: SR_DIAG AFTER_PASS:composite5 fbo=17 attachment=8ce0 texture=63 mip=0 size=1920x1009 internalFormat=881a
[02Oct2026 18:54:36.053] [Render thread/INFO] [SuperResolution/]: SR_DIAG BEFORE_PASS:composite6 render=( 1.129E+3  5.930E+2) display=( 1.920E+3  1.009E+3) region-1=( 1.129E+3  5.930E+2) region-2=( 1.920E+3  1.009E+3) viewport=[0,0,1920,1009] scissor=[0,213,1920,652]/false drawFbo=17 readFbo=17 drawBuffer=36064 readBuffer=36064 drawStatus=8cd5
[02Oct2026 18:54:36.053] [Render thread/INFO] [SuperResolution/]: SR_DIAG BEFORE_PASS:composite6 fbo=17 attachment=8ce0 texture=63 mip=0 size=1920x1009 internalFormat=881a
[02Oct2026 18:54:36.053] [Render thread/INFO] [SuperResolution/]: SR_DIAG AFTER_PASS:composite6 render=( 1.129E+3  5.930E+2) display=( 1.920E+3  1.009E+3) region-1=( 1.129E+3  5.930E+2) region-2=( 1.920E+3  1.009E+3) viewport=[0,0,1920,1009] scissor=[0,213,1920,652]/false drawFbo=18 readFbo=18 drawBuffer=36064 readBuffer=36064 drawStatus=8cd5
[02Oct2026 18:54:36.053] [Render thread/INFO] [SuperResolution/]: SR_DIAG AFTER_PASS:composite6 fbo=18 attachment=8ce0 texture=64 mip=0 size=1920x1009 internalFormat=881a
[02Oct2026 18:54:36.053] [Render thread/INFO] [SuperResolution/]: SR_DIAG BEFORE_PASS:composite7 render=( 1.129E+3  5.930E+2) display=( 1.920E+3  1.009E+3) region-1=( 1.129E+3  5.930E+2) region-2=( 1.920E+3  1.009E+3) viewport=[0,0,1920,1009] scissor=[0,213,1920,652]/false drawFbo=18 readFbo=18 drawBuffer=36064 readBuffer=36064 drawStatus=8cd5
[02Oct2026 18:54:36.053] [Render thread/INFO] [SuperResolution/]: SR_DIAG BEFORE_PASS:composite7 fbo=18 attachment=8ce0 texture=64 mip=0 size=1920x1009 internalFormat=881a
[02Oct2026 18:54:36.053] [Render thread/INFO] [SuperResolution/]: SR_DIAG BEFORE_SR render=( 1.129E+3  5.930E+2) display=( 1.920E+3  1.009E+3) region-1=( 1.129E+3  5.930E+2) region-2=( 1.920E+3  1.009E+3) viewport=[0,0,1920,1009] scissor=[0,213,1920,652]/false drawFbo=18 readFbo=18 drawBuffer=36064 readBuffer=36064 drawStatus=8cd5
[02Oct2026 18:54:36.053] [Render thread/INFO] [SuperResolution/]: SR_DIAG BEFORE_SR fbo=18 attachment=8ce0 texture=64 mip=0 size=1920x1009 internalFormat=881a
[02Oct2026 18:54:36.053] [Render thread/INFO] [SuperResolution/]: SR_DIAG texture color id=64 size=1920x1009 format=RGBA16F target/type=Texture2D glInternalFormat=881a
[02Oct2026 18:54:36.053] [Render thread/INFO] [SuperResolution/]: SR_DIAG texture depth id=5 size=1920x1009 format=DEPTH24 target/type=Texture2D glInternalFormat=1902
[02Oct2026 18:54:36.053] [Render thread/INFO] [SuperResolution/]: SR_DIAG depth depth id=5 bits=24 componentType=8c17
[02Oct2026 18:54:36.053] [Render thread/INFO] [SuperResolution/]: SR_DIAG texture motion_vectors id=86 size=1920x1009 format=RGBA16F target/type=Texture2D glInternalFormat=881a
[02Oct2026 18:54:36.053] [Render thread/INFO] [SuperResolution/]: SR_DIAG texture algorithm_color id=91 size=1129x593 format=RGBA16F target/type=Texture2D glInternalFormat=881a
[02Oct2026 18:54:36.053] [Render thread/INFO] [SuperResolution/]: SR_DIAG texture algorithm_depth id=95 size=1129x593 format=DEPTH24 target/type=Texture2D glInternalFormat=81a6
[02Oct2026 18:54:36.053] [Render thread/INFO] [SuperResolution/]: SR_DIAG depth algorithm_depth id=95 bits=24 componentType=8c17
[02Oct2026 18:54:36.053] [Render thread/INFO] [SuperResolution/]: SR_DIAG texture algorithm_motion_vectors id=96 size=1129x593 format=RGBA16F target/type=Texture2D glInternalFormat=881a
[02Oct2026 18:54:36.242] [Render thread/INFO] [SuperResolution/]: SR_DIAG texture SR_output id=88 size=1920x1009 format=RGBA16F target/type=Texture2D glInternalFormat=881a
[02Oct2026 18:54:36.242] [Render thread/INFO] [SuperResolution/]: SR_DIAG texture autotex3/output_target id=64 size=1920x1009 format=RGBA16F target/type=Texture2D glInternalFormat=881a
[02Oct2026 18:54:36.242] [Render thread/INFO] [SuperResolution/]: SR_DIAG AFTER_SR render=( 1.129E+3  5.930E+2) display=( 1.920E+3  1.009E+3) region-1=( 1.129E+3  5.930E+2) region-2=( 1.920E+3  1.009E+3) viewport=[0,0,1920,1009] scissor=[0,213,1920,652]/false drawFbo=18 readFbo=18 drawBuffer=36064 readBuffer=36064 drawStatus=8cd5
[02Oct2026 18:54:36.243] [Render thread/INFO] [SuperResolution/]: SR_DIAG AFTER_SR fbo=18 attachment=8ce0 texture=64 mip=0 size=1920x1009 internalFormat=881a
[02Oct2026 18:54:36.243] [Render thread/INFO] [SuperResolution/]: SR_DIAG AFTER_PASS:composite7 render=( 1.129E+3  5.930E+2) display=( 1.920E+3  1.009E+3) region-1=( 1.129E+3  5.930E+2) region-2=( 1.920E+3  1.009E+3) viewport=[0,0,1920,1009] scissor=[0,213,1920,652]/false drawFbo=19 readFbo=19 drawBuffer=36064 readBuffer=36064 drawStatus=8cd5
[02Oct2026 18:54:36.243] [Render thread/INFO] [SuperResolution/]: SR_DIAG AFTER_PASS:composite7 fbo=19 attachment=8ce0 texture=63 mip=0 size=1920x1009 internalFormat=881a
[02Oct2026 18:54:36.243] [Render thread/INFO] [SuperResolution/]: SR_DIAG FINAL_PIPELINE render=( 1.129E+3  5.930E+2) display=( 1.920E+3  1.009E+3) region-1=( 1.129E+3  5.930E+2) region-2=( 1.920E+3  1.009E+3) viewport=[0,0,1920,1009] scissor=[0,213,1920,652]/false drawFbo=1 readFbo=1 drawBuffer=36064 readBuffer=36064 drawStatus=8cd5
[02Oct2026 18:54:36.243] [Render thread/INFO] [SuperResolution/]: SR_DIAG FINAL_PIPELINE fbo=1 attachment=8ce0 texture=1 mip=0 size=1920x1009 internalFormat=8058
[02Oct2026 18:54:36.243] [Render thread/INFO] [SuperResolution/]: SR_DIAG FINAL_PIPELINE fbo=1 attachment=8d00 texture=5 mip=0 size=1920x1009 internalFormat=1902
[02Oct2026 18:54:46.092] [Render thread/INFO] [SuperResolution/]: SR_DIAG BEFORE_PASS:deferred1 render=( 1.129E+3  5.930E+2) display=( 1.920E+3  1.009E+3) region-1=( 1.129E+3  5.930E+2) region-2=( 1.920E+3  1.009E+3) viewport=[0,0,1920,1009] scissor=[0,213,1920,652]/false drawFbo=1 readFbo=1 drawBuffer=36064 readBuffer=36064 drawStatus=8cd5
[02Oct2026 18:54:46.093] [Render thread/INFO] [SuperResolution/]: SR_DIAG BEFORE_PASS:deferred1 fbo=1 attachment=8ce0 texture=1 mip=0 size=1920x1009 internalFormat=8058
[02Oct2026 18:54:46.093] [Render thread/INFO] [SuperResolution/]: SR_DIAG BEFORE_PASS:deferred1 fbo=1 attachment=8d00 texture=5 mip=0 size=1920x1009 internalFormat=1902
[02Oct2026 18:54:46.093] [Render thread/INFO] [SuperResolution/]: SR_DIAG AFTER_PASS:deferred1 render=( 1.129E+3  5.930E+2) display=( 1.920E+3  1.009E+3) region-1=( 1.129E+3  5.930E+2) region-2=( 1.920E+3  1.009E+3) viewport=[0,0,1920,1009] scissor=[0,213,1920,652]/false drawFbo=12 readFbo=12 drawBuffer=36064 readBuffer=36064 drawStatus=8cd5
[02Oct2026 18:54:46.093] [Render thread/INFO] [SuperResolution/]: SR_DIAG AFTER_PASS:deferred1 fbo=12 attachment=8ce0 texture=56 mip=0 size=1920x1009 internalFormat=8c3a
[02Oct2026 18:54:46.093] [Render thread/INFO] [SuperResolution/]: SR_DIAG BEFORE_PASS:composite render=( 1.129E+3  5.930E+2) display=( 1.920E+3  1.009E+3) region-1=( 1.129E+3  5.930E+2) region-2=( 1.920E+3  1.009E+3) viewport=[0,0,1920,1009] scissor=[0,213,1920,652]/false drawFbo=1 readFbo=1 drawBuffer=36064 readBuffer=36064 drawStatus=8cd5
[02Oct2026 18:54:46.093] [Render thread/INFO] [SuperResolution/]: SR_DIAG BEFORE_PASS:composite fbo=1 attachment=8ce0 texture=1 mip=0 size=1920x1009 internalFormat=8058
[02Oct2026 18:54:46.093] [Render thread/INFO] [SuperResolution/]: SR_DIAG BEFORE_PASS:composite fbo=1 attachment=8d00 texture=5 mip=0 size=1920x1009 internalFormat=1902
[02Oct2026 18:54:46.093] [Render thread/INFO] [SuperResolution/]: SR_DIAG AFTER_PASS:composite render=( 1.129E+3  5.930E+2) display=( 1.920E+3  1.009E+3) region-1=( 1.129E+3  5.930E+2) region-2=( 1.920E+3  1.009E+3) viewport=[0,0,960,504] scissor=[0,213,1920,652]/false drawFbo=13 readFbo=13 drawBuffer=36064 readBuffer=36064 drawStatus=8cd5
[02Oct2026 18:54:46.093] [Render thread/INFO] [SuperResolution/]: SR_DIAG AFTER_PASS:composite fbo=13 attachment=8ce0 texture=80 mip=0 size=960x504 internalFormat=881a
[02Oct2026 18:54:46.094] [Render thread/INFO] [SuperResolution/]: SR_DIAG BEFORE_PASS:composite1 render=( 1.129E+3  5.930E+2) display=( 1.920E+3  1.009E+3) region-1=( 1.129E+3  5.930E+2) region-2=( 1.920E+3  1.009E+3) viewport=[0,0,960,504] scissor=[0,213,1920,652]/false drawFbo=13 readFbo=13 drawBuffer=36064 readBuffer=36064 drawStatus=8cd5
[02Oct2026 18:54:46.094] [Render thread/INFO] [SuperResolution/]: SR_DIAG BEFORE_PASS:composite1 fbo=13 attachment=8ce0 texture=80 mip=0 size=960x504 internalFormat=881a
[02Oct2026 18:54:46.094] [Render thread/INFO] [SuperResolution/]: SR_DIAG AFTER_PASS:composite1 render=( 1.129E+3  5.930E+2) display=( 1.920E+3  1.009E+3) region-1=( 1.129E+3  5.930E+2) region-2=( 1.920E+3  1.009E+3) viewport=[0,0,1920,1009] scissor=[0,213,1920,652]/false drawFbo=14 readFbo=14 drawBuffer=36064 readBuffer=36064 drawStatus=8cd5
[02Oct2026 18:54:46.094] [Render thread/INFO] [SuperResolution/]: SR_DIAG AFTER_PASS:composite1 fbo=14 attachment=8ce0 texture=55 mip=0 size=1920x1009 internalFormat=8c3a
[02Oct2026 18:54:46.094] [Render thread/INFO] [SuperResolution/]: SR_DIAG BEFORE_PASS:composite3 render=( 1.129E+3  5.930E+2) display=( 1.920E+3  1.009E+3) region-1=( 1.129E+3  5.930E+2) region-2=( 1.920E+3  1.009E+3) viewport=[0,0,1920,1009] scissor=[0,213,1920,652]/false drawFbo=14 readFbo=14 drawBuffer=36064 readBuffer=36064 drawStatus=8cd5
[02Oct2026 18:54:46.094] [Render thread/INFO] [SuperResolution/]: SR_DIAG BEFORE_PASS:composite3 fbo=14 attachment=8ce0 texture=55 mip=0 size=1920x1009 internalFormat=8c3a
[02Oct2026 18:54:46.094] [Render thread/INFO] [SuperResolution/]: SR_DIAG AFTER_PASS:composite3 render=( 1.129E+3  5.930E+2) display=( 1.920E+3  1.009E+3) region-1=( 1.129E+3  5.930E+2) region-2=( 1.920E+3  1.009E+3) viewport=[0,0,1920,1009] scissor=[0,213,1920,652]/false drawFbo=15 readFbo=15 drawBuffer=36064 readBuffer=36064 drawStatus=8cd5
[02Oct2026 18:54:46.094] [Render thread/INFO] [SuperResolution/]: SR_DIAG AFTER_PASS:composite3 fbo=15 attachment=8ce0 texture=56 mip=0 size=1920x1009 internalFormat=8c3a
[02Oct2026 18:54:46.094] [Render thread/INFO] [SuperResolution/]: SR_DIAG BEFORE_PASS:composite4 render=( 1.129E+3  5.930E+2) display=( 1.920E+3  1.009E+3) region-1=( 1.129E+3  5.930E+2) region-2=( 1.920E+3  1.009E+3) viewport=[0,0,1920,1009] scissor=[0,213,1920,652]/false drawFbo=15 readFbo=15 drawBuffer=36064 readBuffer=36064 drawStatus=8cd5
[02Oct2026 18:54:46.094] [Render thread/INFO] [SuperResolution/]: SR_DIAG BEFORE_PASS:composite4 fbo=15 attachment=8ce0 texture=56 mip=0 size=1920x1009 internalFormat=8c3a
[02Oct2026 18:54:46.094] [Render thread/INFO] [SuperResolution/]: SR_DIAG AFTER_PASS:composite4 render=( 1.129E+3  5.930E+2) display=( 1.920E+3  1.009E+3) region-1=( 1.129E+3  5.930E+2) region-2=( 1.920E+3  1.009E+3) viewport=[0,0,1920,1009] scissor=[0,213,1920,652]/false drawFbo=16 readFbo=16 drawBuffer=36064 readBuffer=36064 drawStatus=8cd5
[02Oct2026 18:54:46.094] [Render thread/INFO] [SuperResolution/]: SR_DIAG AFTER_PASS:composite4 fbo=16 attachment=8ce0 texture=64 mip=0 size=1920x1009 internalFormat=881a
[02Oct2026 18:54:46.094] [Render thread/INFO] [SuperResolution/]: SR_DIAG BEFORE_PASS:composite5 render=( 1.129E+3  5.930E+2) display=( 1.920E+3  1.009E+3) region-1=( 1.129E+3  5.930E+2) region-2=( 1.920E+3  1.009E+3) viewport=[0,0,1920,1009] scissor=[0,213,1920,652]/false drawFbo=16 readFbo=16 drawBuffer=36064 readBuffer=36064 drawStatus=8cd5
[02Oct2026 18:54:46.094] [Render thread/INFO] [SuperResolution/]: SR_DIAG BEFORE_PASS:composite5 fbo=16 attachment=8ce0 texture=64 mip=0 size=1920x1009 internalFormat=881a
[02Oct2026 18:54:46.095] [Render thread/INFO] [SuperResolution/]: SR_DIAG AFTER_PASS:composite5 render=( 1.129E+3  5.930E+2) display=( 1.920E+3  1.009E+3) region-1=( 1.129E+3  5.930E+2) region-2=( 1.920E+3  1.009E+3) viewport=[0,0,1920,1009] scissor=[0,213,1920,652]/false drawFbo=17 readFbo=17 drawBuffer=36064 readBuffer=36064 drawStatus=8cd5
[02Oct2026 18:54:46.095] [Render thread/INFO] [SuperResolution/]: SR_DIAG AFTER_PASS:composite5 fbo=17 attachment=8ce0 texture=63 mip=0 size=1920x1009 internalFormat=881a
[02Oct2026 18:54:46.095] [Render thread/INFO] [SuperResolution/]: SR_DIAG BEFORE_PASS:composite6 render=( 1.129E+3  5.930E+2) display=( 1.920E+3  1.009E+3) region-1=( 1.129E+3  5.930E+2) region-2=( 1.920E+3  1.009E+3) viewport=[0,0,1920,1009] scissor=[0,213,1920,652]/false drawFbo=17 readFbo=17 drawBuffer=36064 readBuffer=36064 drawStatus=8cd5
[02Oct2026 18:54:46.095] [Render thread/INFO] [SuperResolution/]: SR_DIAG BEFORE_PASS:composite6 fbo=17 attachment=8ce0 texture=63 mip=0 size=1920x1009 internalFormat=881a
[02Oct2026 18:54:46.095] [Render thread/INFO] [SuperResolution/]: SR_DIAG AFTER_PASS:composite6 render=( 1.129E+3  5.930E+2) display=( 1.920E+3  1.009E+3) region-1=( 1.129E+3  5.930E+2) region-2=( 1.920E+3  1.009E+3) viewport=[0,0,1920,1009] scissor=[0,213,1920,652]/false drawFbo=18 readFbo=18 drawBuffer=36064 readBuffer=36064 drawStatus=8cd5
[02Oct2026 18:54:46.095] [Render thread/INFO] [SuperResolution/]: SR_DIAG AFTER_PASS:composite6 fbo=18 attachment=8ce0 texture=64 mip=0 size=1920x1009 internalFormat=881a
[02Oct2026 18:54:46.095] [Render thread/INFO] [SuperResolution/]: SR_DIAG BEFORE_PASS:composite7 render=( 1.129E+3  5.930E+2) display=( 1.920E+3  1.009E+3) region-1=( 1.129E+3  5.930E+2) region-2=( 1.920E+3  1.009E+3) viewport=[0,0,1920,1009] scissor=[0,213,1920,652]/false drawFbo=18 readFbo=18 drawBuffer=36064 readBuffer=36064 drawStatus=8cd5
[02Oct2026 18:54:46.095] [Render thread/INFO] [SuperResolution/]: SR_DIAG BEFORE_PASS:composite7 fbo=18 attachment=8ce0 texture=64 mip=0 size=1920x1009 internalFormat=881a
[02Oct2026 18:54:46.095] [Render thread/INFO] [SuperResolution/]: SR_DIAG BEFORE_SR render=( 1.129E+3  5.930E+2) display=( 1.920E+3  1.009E+3) region-1=( 1.129E+3  5.930E+2) region-2=( 1.920E+3  1.009E+3) viewport=[0,0,1920,1009] scissor=[0,213,1920,652]/false drawFbo=18 readFbo=18 drawBuffer=36064 readBuffer=36064 drawStatus=8cd5
[02Oct2026 18:54:46.095] [Render thread/INFO] [SuperResolution/]: SR_DIAG BEFORE_SR fbo=18 attachment=8ce0 texture=64 mip=0 size=1920x1009 internalFormat=881a
[02Oct2026 18:54:46.095] [Render thread/INFO] [SuperResolution/]: SR_DIAG texture color id=64 size=1920x1009 format=RGBA16F target/type=Texture2D glInternalFormat=881a
[02Oct2026 18:54:46.095] [Render thread/INFO] [SuperResolution/]: SR_DIAG texture depth id=5 size=1920x1009 format=DEPTH24 target/type=Texture2D glInternalFormat=1902
[02Oct2026 18:54:46.095] [Render thread/INFO] [SuperResolution/]: SR_DIAG depth depth id=5 bits=24 componentType=8c17
[02Oct2026 18:54:46.095] [Render thread/INFO] [SuperResolution/]: SR_DIAG texture motion_vectors id=86 size=1920x1009 format=RGBA16F target/type=Texture2D glInternalFormat=881a
[02Oct2026 18:54:46.095] [Render thread/INFO] [SuperResolution/]: SR_DIAG texture algorithm_color id=91 size=1129x593 format=RGBA16F target/type=Texture2D glInternalFormat=881a
[02Oct2026 18:54:46.095] [Render thread/INFO] [SuperResolution/]: SR_DIAG texture algorithm_depth id=95 size=1129x593 format=DEPTH24 target/type=Texture2D glInternalFormat=81a6
[02Oct2026 18:54:46.095] [Render thread/INFO] [SuperResolution/]: SR_DIAG depth algorithm_depth id=95 bits=24 componentType=8c17
[02Oct2026 18:54:46.095] [Render thread/INFO] [SuperResolution/]: SR_DIAG texture algorithm_motion_vectors id=96 size=1129x593 format=RGBA16F target/type=Texture2D glInternalFormat=881a
[02Oct2026 18:54:46.244] [Render thread/INFO] [SuperResolution/]: SR_DIAG texture SR_output id=88 size=1920x1009 format=RGBA16F target/type=Texture2D glInternalFormat=881a
[02Oct2026 18:54:46.246] [Render thread/INFO] [SuperResolution/]: SR_DIAG texture autotex3/output_target id=64 size=1920x1009 format=RGBA16F target/type=Texture2D glInternalFormat=881a
[02Oct2026 18:54:46.246] [Render thread/INFO] [SuperResolution/]: SR_DIAG AFTER_SR render=( 1.129E+3  5.930E+2) display=( 1.920E+3  1.009E+3) region-1=( 1.129E+3  5.930E+2) region-2=( 1.920E+3  1.009E+3) viewport=[0,0,1920,1009] scissor=[0,213,1920,652]/false drawFbo=18 readFbo=18 drawBuffer=36064 readBuffer=36064 drawStatus=8cd5
[02Oct2026 18:54:46.246] [Render thread/INFO] [SuperResolution/]: SR_DIAG AFTER_SR fbo=18 attachment=8ce0 texture=64 mip=0 size=1920x1009 internalFormat=881a
[02Oct2026 18:54:46.246] [Render thread/INFO] [SuperResolution/]: SR_DIAG AFTER_PASS:composite7 render=( 1.129E+3  5.930E+2) display=( 1.920E+3  1.009E+3) region-1=( 1.129E+3  5.930E+2) region-2=( 1.920E+3  1.009E+3) viewport=[0,0,1920,1009] scissor=[0,213,1920,652]/false drawFbo=19 readFbo=19 drawBuffer=36064 readBuffer=36064 drawStatus=8cd5
[02Oct2026 18:54:46.246] [Render thread/INFO] [SuperResolution/]: SR_DIAG AFTER_PASS:composite7 fbo=19 attachment=8ce0 texture=63 mip=0 size=1920x1009 internalFormat=881a
[02Oct2026 18:54:46.246] [Render thread/INFO] [SuperResolution/]: SR_DIAG FINAL_PIPELINE render=( 1.129E+3  5.930E+2) display=( 1.920E+3  1.009E+3) region-1=( 1.129E+3  5.930E+2) region-2=( 1.920E+3  1.009E+3) viewport=[0,0,1920,1009] scissor=[0,213,1920,652]/false drawFbo=1 readFbo=1 drawBuffer=36064 readBuffer=36064 drawStatus=8cd5
[02Oct2026 18:54:46.246] [Render thread/INFO] [SuperResolution/]: SR_DIAG FINAL_PIPELINE fbo=1 attachment=8ce0 texture=1 mip=0 size=1920x1009 internalFormat=8058
[02Oct2026 18:54:46.246] [Render thread/INFO] [SuperResolution/]: SR_DIAG FINAL_PIPELINE fbo=1 attachment=8d00 texture=5 mip=0 size=1920x1009 internalFormat=1902
[02Oct2026 18:54:56.103] [Render thread/INFO] [SuperResolution/]: SR_DIAG BEFORE_PASS:deferred1 render=( 1.129E+3  5.930E+2) display=( 1.920E+3  1.009E+3) region-1=( 1.129E+3  5.930E+2) region-2=( 1.920E+3  1.009E+3) viewport=[0,0,1920,1009] scissor=[0,213,1920,652]/false drawFbo=1 readFbo=1 drawBuffer=36064 readBuffer=36064 drawStatus=8cd5
[02Oct2026 18:54:56.103] [Render thread/INFO] [SuperResolution/]: SR_DIAG BEFORE_PASS:deferred1 fbo=1 attachment=8ce0 texture=1 mip=0 size=1920x1009 internalFormat=8058
[02Oct2026 18:54:56.103] [Render thread/INFO] [SuperResolution/]: SR_DIAG BEFORE_PASS:deferred1 fbo=1 attachment=8d00 texture=5 mip=0 size=1920x1009 internalFormat=1902
[02Oct2026 18:54:56.103] [Render thread/INFO] [SuperResolution/]: SR_DIAG AFTER_PASS:deferred1 render=( 1.129E+3  5.930E+2) display=( 1.920E+3  1.009E+3) region-1=( 1.129E+3  5.930E+2) region-2=( 1.920E+3  1.009E+3) viewport=[0,0,1920,1009] scissor=[0,213,1920,652]/false drawFbo=12 readFbo=12 drawBuffer=36064 readBuffer=36064 drawStatus=8cd5
[02Oct2026 18:54:56.103] [Render thread/INFO] [SuperResolution/]: SR_DIAG AFTER_PASS:deferred1 fbo=12 attachment=8ce0 texture=56 mip=0 size=1920x1009 internalFormat=8c3a
[02Oct2026 18:54:56.104] [Render thread/INFO] [SuperResolution/]: SR_DIAG BEFORE_PASS:composite render=( 1.129E+3  5.930E+2) display=( 1.920E+3  1.009E+3) region-1=( 1.129E+3  5.930E+2) region-2=( 1.920E+3  1.009E+3) viewport=[0,0,1920,1009] scissor=[0,213,1920,652]/false drawFbo=1 readFbo=1 drawBuffer=36064 readBuffer=36064 drawStatus=8cd5
[02Oct2026 18:54:56.104] [Render thread/INFO] [SuperResolution/]: SR_DIAG BEFORE_PASS:composite fbo=1 attachment=8ce0 texture=1 mip=0 size=1920x1009 internalFormat=8058
[02Oct2026 18:54:56.104] [Render thread/INFO] [SuperResolution/]: SR_DIAG BEFORE_PASS:composite fbo=1 attachment=8d00 texture=5 mip=0 size=1920x1009 internalFormat=1902
[02Oct2026 18:54:56.104] [Render thread/INFO] [SuperResolution/]: SR_DIAG AFTER_PASS:composite render=( 1.129E+3  5.930E+2) display=( 1.920E+3  1.009E+3) region-1=( 1.129E+3  5.930E+2) region-2=( 1.920E+3  1.009E+3) viewport=[0,0,960,504] scissor=[0,213,1920,652]/false drawFbo=13 readFbo=13 drawBuffer=36064 readBuffer=36064 drawStatus=8cd5
[02Oct2026 18:54:56.104] [Render thread/INFO] [SuperResolution/]: SR_DIAG AFTER_PASS:composite fbo=13 attachment=8ce0 texture=80 mip=0 size=960x504 internalFormat=881a
[02Oct2026 18:54:56.104] [Render thread/INFO] [SuperResolution/]: SR_DIAG BEFORE_PASS:composite1 render=( 1.129E+3  5.930E+2) display=( 1.920E+3  1.009E+3) region-1=( 1.129E+3  5.930E+2) region-2=( 1.920E+3  1.009E+3) viewport=[0,0,960,504] scissor=[0,213,1920,652]/false drawFbo=13 readFbo=13 drawBuffer=36064 readBuffer=36064 drawStatus=8cd5
[02Oct2026 18:54:56.104] [Render thread/INFO] [SuperResolution/]: SR_DIAG BEFORE_PASS:composite1 fbo=13 attachment=8ce0 texture=80 mip=0 size=960x504 internalFormat=881a
[02Oct2026 18:54:56.104] [Render thread/INFO] [SuperResolution/]: SR_DIAG AFTER_PASS:composite1 render=( 1.129E+3  5.930E+2) display=( 1.920E+3  1.009E+3) region-1=( 1.129E+3  5.930E+2) region-2=( 1.920E+3  1.009E+3) viewport=[0,0,1920,1009] scissor=[0,213,1920,652]/false drawFbo=14 readFbo=14 drawBuffer=36064 readBuffer=36064 drawStatus=8cd5
[02Oct2026 18:54:56.104] [Render thread/INFO] [SuperResolution/]: SR_DIAG AFTER_PASS:composite1 fbo=14 attachment=8ce0 texture=55 mip=0 size=1920x1009 internalFormat=8c3a
[02Oct2026 18:54:56.104] [Render thread/INFO] [SuperResolution/]: SR_DIAG BEFORE_PASS:composite3 render=( 1.129E+3  5.930E+2) display=( 1.920E+3  1.009E+3) region-1=( 1.129E+3  5.930E+2) region-2=( 1.920E+3  1.009E+3) viewport=[0,0,1920,1009] scissor=[0,213,1920,652]/false drawFbo=14 readFbo=14 drawBuffer=36064 readBuffer=36064 drawStatus=8cd5
[02Oct2026 18:54:56.104] [Render thread/INFO] [SuperResolution/]: SR_DIAG BEFORE_PASS:composite3 fbo=14 attachment=8ce0 texture=55 mip=0 size=1920x1009 internalFormat=8c3a
[02Oct2026 18:54:56.104] [Render thread/INFO] [SuperResolution/]: SR_DIAG AFTER_PASS:composite3 render=( 1.129E+3  5.930E+2) display=( 1.920E+3  1.009E+3) region-1=( 1.129E+3  5.930E+2) region-2=( 1.920E+3  1.009E+3) viewport=[0,0,1920,1009] scissor=[0,213,1920,652]/false drawFbo=15 readFbo=15 drawBuffer=36064 readBuffer=36064 drawStatus=8cd5
[02Oct2026 18:54:56.104] [Render thread/INFO] [SuperResolution/]: SR_DIAG AFTER_PASS:composite3 fbo=15 attachment=8ce0 texture=56 mip=0 size=1920x1009 internalFormat=8c3a
[02Oct2026 18:54:56.104] [Render thread/INFO] [SuperResolution/]: SR_DIAG BEFORE_PASS:composite4 render=( 1.129E+3  5.930E+2) display=( 1.920E+3  1.009E+3) region-1=( 1.129E+3  5.930E+2) region-2=( 1.920E+3  1.009E+3) viewport=[0,0,1920,1009] scissor=[0,213,1920,652]/false drawFbo=15 readFbo=15 drawBuffer=36064 readBuffer=36064 drawStatus=8cd5
[02Oct2026 18:54:56.104] [Render thread/INFO] [SuperResolution/]: SR_DIAG BEFORE_PASS:composite4 fbo=15 attachment=8ce0 texture=56 mip=0 size=1920x1009 internalFormat=8c3a
[02Oct2026 18:54:56.104] [Render thread/INFO] [SuperResolution/]: SR_DIAG AFTER_PASS:composite4 render=( 1.129E+3  5.930E+2) display=( 1.920E+3  1.009E+3) region-1=( 1.129E+3  5.930E+2) region-2=( 1.920E+3  1.009E+3) viewport=[0,0,1920,1009] scissor=[0,213,1920,652]/false drawFbo=16 readFbo=16 drawBuffer=36064 readBuffer=36064 drawStatus=8cd5
[02Oct2026 18:54:56.104] [Render thread/INFO] [SuperResolution/]: SR_DIAG AFTER_PASS:composite4 fbo=16 attachment=8ce0 texture=64 mip=0 size=1920x1009 internalFormat=881a
[02Oct2026 18:54:56.104] [Render thread/INFO] [SuperResolution/]: SR_DIAG BEFORE_PASS:composite5 render=( 1.129E+3  5.930E+2) display=( 1.920E+3  1.009E+3) region-1=( 1.129E+3  5.930E+2) region-2=( 1.920E+3  1.009E+3) viewport=[0,0,1920,1009] scissor=[0,213,1920,652]/false drawFbo=16 readFbo=16 drawBuffer=36064 readBuffer=36064 drawStatus=8cd5
[02Oct2026 18:54:56.105] [Render thread/INFO] [SuperResolution/]: SR_DIAG BEFORE_PASS:composite5 fbo=16 attachment=8ce0 texture=64 mip=0 size=1920x1009 internalFormat=881a
[02Oct2026 18:54:56.105] [Render thread/INFO] [SuperResolution/]: SR_DIAG AFTER_PASS:composite5 render=( 1.129E+3  5.930E+2) display=( 1.920E+3  1.009E+3) region-1=( 1.129E+3  5.930E+2) region-2=( 1.920E+3  1.009E+3) viewport=[0,0,1920,1009] scissor=[0,213,1920,652]/false drawFbo=17 readFbo=17 drawBuffer=36064 readBuffer=36064 drawStatus=8cd5
[02Oct2026 18:54:56.105] [Render thread/INFO] [SuperResolution/]: SR_DIAG AFTER_PASS:composite5 fbo=17 attachment=8ce0 texture=63 mip=0 size=1920x1009 internalFormat=881a
[02Oct2026 18:54:56.105] [Render thread/INFO] [SuperResolution/]: SR_DIAG BEFORE_PASS:composite6 render=( 1.129E+3  5.930E+2) display=( 1.920E+3  1.009E+3) region-1=( 1.129E+3  5.930E+2) region-2=( 1.920E+3  1.009E+3) viewport=[0,0,1920,1009] scissor=[0,213,1920,652]/false drawFbo=17 readFbo=17 drawBuffer=36064 readBuffer=36064 drawStatus=8cd5
[02Oct2026 18:54:56.105] [Render thread/INFO] [SuperResolution/]: SR_DIAG BEFORE_PASS:composite6 fbo=17 attachment=8ce0 texture=63 mip=0 size=1920x1009 internalFormat=881a
[02Oct2026 18:54:56.105] [Render thread/INFO] [SuperResolution/]: SR_DIAG AFTER_PASS:composite6 render=( 1.129E+3  5.930E+2) display=( 1.920E+3  1.009E+3) region-1=( 1.129E+3  5.930E+2) region-2=( 1.920E+3  1.009E+3) viewport=[0,0,1920,1009] scissor=[0,213,1920,652]/false drawFbo=18 readFbo=18 drawBuffer=36064 readBuffer=36064 drawStatus=8cd5
[02Oct2026 18:54:56.105] [Render thread/INFO] [SuperResolution/]: SR_DIAG AFTER_PASS:composite6 fbo=18 attachment=8ce0 texture=64 mip=0 size=1920x1009 internalFormat=881a
[02Oct2026 18:54:56.105] [Render thread/INFO] [SuperResolution/]: SR_DIAG BEFORE_PASS:composite7 render=( 1.129E+3  5.930E+2) display=( 1.920E+3  1.009E+3) region-1=( 1.129E+3  5.930E+2) region-2=( 1.920E+3  1.009E+3) viewport=[0,0,1920,1009] scissor=[0,213,1920,652]/false drawFbo=18 readFbo=18 drawBuffer=36064 readBuffer=36064 drawStatus=8cd5
[02Oct2026 18:54:56.105] [Render thread/INFO] [SuperResolution/]: SR_DIAG BEFORE_PASS:composite7 fbo=18 attachment=8ce0 texture=64 mip=0 size=1920x1009 internalFormat=881a
[02Oct2026 18:54:56.105] [Render thread/INFO] [SuperResolution/]: SR_DIAG BEFORE_SR render=( 1.129E+3  5.930E+2) display=( 1.920E+3  1.009E+3) region-1=( 1.129E+3  5.930E+2) region-2=( 1.920E+3  1.009E+3) viewport=[0,0,1920,1009] scissor=[0,213,1920,652]/false drawFbo=18 readFbo=18 drawBuffer=36064 readBuffer=36064 drawStatus=8cd5
[02Oct2026 18:54:56.105] [Render thread/INFO] [SuperResolution/]: SR_DIAG BEFORE_SR fbo=18 attachment=8ce0 texture=64 mip=0 size=1920x1009 internalFormat=881a
[02Oct2026 18:54:56.105] [Render thread/INFO] [SuperResolution/]: SR_DIAG texture color id=64 size=1920x1009 format=RGBA16F target/type=Texture2D glInternalFormat=881a
[02Oct2026 18:54:56.105] [Render thread/INFO] [SuperResolution/]: SR_DIAG texture depth id=5 size=1920x1009 format=DEPTH24 target/type=Texture2D glInternalFormat=1902
[02Oct2026 18:54:56.105] [Render thread/INFO] [SuperResolution/]: SR_DIAG depth depth id=5 bits=24 componentType=8c17
[02Oct2026 18:54:56.105] [Render thread/INFO] [SuperResolution/]: SR_DIAG texture motion_vectors id=86 size=1920x1009 format=RGBA16F target/type=Texture2D glInternalFormat=881a
[02Oct2026 18:54:56.105] [Render thread/INFO] [SuperResolution/]: SR_DIAG texture algorithm_color id=91 size=1129x593 format=RGBA16F target/type=Texture2D glInternalFormat=881a
[02Oct2026 18:54:56.105] [Render thread/INFO] [SuperResolution/]: SR_DIAG texture algorithm_depth id=95 size=1129x593 format=DEPTH24 target/type=Texture2D glInternalFormat=81a6
[02Oct2026 18:54:56.105] [Render thread/INFO] [SuperResolution/]: SR_DIAG depth algorithm_depth id=95 bits=24 componentType=8c17
[02Oct2026 18:54:56.105] [Render thread/INFO] [SuperResolution/]: SR_DIAG texture algorithm_motion_vectors id=96 size=1129x593 format=RGBA16F target/type=Texture2D glInternalFormat=881a
[02Oct2026 18:54:56.309] [Render thread/INFO] [SuperResolution/]: SR_DIAG texture SR_output id=88 size=1920x1009 format=RGBA16F target/type=Texture2D glInternalFormat=881a
[02Oct2026 18:54:56.309] [Render thread/INFO] [SuperResolution/]: SR_DIAG texture autotex3/output_target id=64 size=1920x1009 format=RGBA16F target/type=Texture2D glInternalFormat=881a
[02Oct2026 18:54:56.309] [Render thread/INFO] [SuperResolution/]: SR_DIAG AFTER_SR render=( 1.129E+3  5.930E+2) display=( 1.920E+3  1.009E+3) region-1=( 1.129E+3  5.930E+2) region-2=( 1.920E+3  1.009E+3) viewport=[0,0,1920,1009] scissor=[0,213,1920,652]/false drawFbo=18 readFbo=18 drawBuffer=36064 readBuffer=36064 drawStatus=8cd5
[02Oct2026 18:54:56.309] [Render thread/INFO] [SuperResolution/]: SR_DIAG AFTER_SR fbo=18 attachment=8ce0 texture=64 mip=0 size=1920x1009 internalFormat=881a
[02Oct2026 18:54:56.309] [Render thread/INFO] [SuperResolution/]: SR_DIAG AFTER_PASS:composite7 render=( 1.129E+3  5.930E+2) display=( 1.920E+3  1.009E+3) region-1=( 1.129E+3  5.930E+2) region-2=( 1.920E+3  1.009E+3) viewport=[0,0,1920,1009] scissor=[0,213,1920,652]/false drawFbo=19 readFbo=19 drawBuffer=36064 readBuffer=36064 drawStatus=8cd5
[02Oct2026 18:54:56.309] [Render thread/INFO] [SuperResolution/]: SR_DIAG AFTER_PASS:composite7 fbo=19 attachment=8ce0 texture=63 mip=0 size=1920x1009 internalFormat=881a
[02Oct2026 18:54:56.309] [Render thread/INFO] [SuperResolution/]: SR_DIAG FINAL_PIPELINE render=( 1.129E+3  5.930E+2) display=( 1.920E+3  1.009E+3) region-1=( 1.129E+3  5.930E+2) region-2=( 1.920E+3  1.009E+3) viewport=[0,0,1920,1009] scissor=[0,213,1920,652]/false drawFbo=1 readFbo=1 drawBuffer=36064 readBuffer=36064 drawStatus=8cd5
[02Oct2026 18:54:56.309] [Render thread/INFO] [SuperResolution/]: SR_DIAG FINAL_PIPELINE fbo=1 attachment=8ce0 texture=1 mip=0 size=1920x1009 internalFormat=8058
[02Oct2026 18:54:56.310] [Render thread/INFO] [SuperResolution/]: SR_DIAG FINAL_PIPELINE fbo=1 attachment=8d00 texture=5 mip=0 size=1920x1009 internalFormat=1902
[02Oct2026 18:55:06.109] [Render thread/INFO] [SuperResolution/]: SR_DIAG BEFORE_PASS:deferred1 render=( 1.129E+3  5.930E+2) display=( 1.920E+3  1.009E+3) region-1=( 1.129E+3  5.930E+2) region-2=( 1.920E+3  1.009E+3) viewport=[0,0,1920,1009] scissor=[0,213,1920,652]/false drawFbo=1 readFbo=1 drawBuffer=36064 readBuffer=36064 drawStatus=8cd5
[02Oct2026 18:55:06.110] [Render thread/INFO] [SuperResolution/]: SR_DIAG BEFORE_PASS:deferred1 fbo=1 attachment=8ce0 texture=1 mip=0 size=1920x1009 internalFormat=8058
[02Oct2026 18:55:06.110] [Render thread/INFO] [SuperResolution/]: SR_DIAG BEFORE_PASS:deferred1 fbo=1 attachment=8d00 texture=5 mip=0 size=1920x1009 internalFormat=1902
[02Oct2026 18:55:06.110] [Render thread/INFO] [SuperResolution/]: SR_DIAG AFTER_PASS:deferred1 render=( 1.129E+3  5.930E+2) display=( 1.920E+3  1.009E+3) region-1=( 1.129E+3  5.930E+2) region-2=( 1.920E+3  1.009E+3) viewport=[0,0,1920,1009] scissor=[0,213,1920,652]/false drawFbo=12 readFbo=12 drawBuffer=36064 readBuffer=36064 drawStatus=8cd5
[02Oct2026 18:55:06.110] [Render thread/INFO] [SuperResolution/]: SR_DIAG AFTER_PASS:deferred1 fbo=12 attachment=8ce0 texture=56 mip=0 size=1920x1009 internalFormat=8c3a
[02Oct2026 18:55:06.111] [Render thread/INFO] [SuperResolution/]: SR_DIAG BEFORE_PASS:composite render=( 1.129E+3  5.930E+2) display=( 1.920E+3  1.009E+3) region-1=( 1.129E+3  5.930E+2) region-2=( 1.920E+3  1.009E+3) viewport=[0,0,1920,1009] scissor=[0,213,1920,652]/false drawFbo=1 readFbo=1 drawBuffer=36064 readBuffer=36064 drawStatus=8cd5
[02Oct2026 18:55:06.111] [Render thread/INFO] [SuperResolution/]: SR_DIAG BEFORE_PASS:composite fbo=1 attachment=8ce0 texture=1 mip=0 size=1920x1009 internalFormat=8058
[02Oct2026 18:55:06.111] [Render thread/INFO] [SuperResolution/]: SR_DIAG BEFORE_PASS:composite fbo=1 attachment=8d00 texture=5 mip=0 size=1920x1009 internalFormat=1902
[02Oct2026 18:55:06.111] [Render thread/INFO] [SuperResolution/]: SR_DIAG AFTER_PASS:composite render=( 1.129E+3  5.930E+2) display=( 1.920E+3  1.009E+3) region-1=( 1.129E+3  5.930E+2) region-2=( 1.920E+3  1.009E+3) viewport=[0,0,960,504] scissor=[0,213,1920,652]/false drawFbo=13 readFbo=13 drawBuffer=36064 readBuffer=36064 drawStatus=8cd5
[02Oct2026 18:55:06.111] [Render thread/INFO] [SuperResolution/]: SR_DIAG AFTER_PASS:composite fbo=13 attachment=8ce0 texture=80 mip=0 size=960x504 internalFormat=881a
[02Oct2026 18:55:06.111] [Render thread/INFO] [SuperResolution/]: SR_DIAG BEFORE_PASS:composite1 render=( 1.129E+3  5.930E+2) display=( 1.920E+3  1.009E+3) region-1=( 1.129E+3  5.930E+2) region-2=( 1.920E+3  1.009E+3) viewport=[0,0,960,504] scissor=[0,213,1920,652]/false drawFbo=13 readFbo=13 drawBuffer=36064 readBuffer=36064 drawStatus=8cd5
[02Oct2026 18:55:06.111] [Render thread/INFO] [SuperResolution/]: SR_DIAG BEFORE_PASS:composite1 fbo=13 attachment=8ce0 texture=80 mip=0 size=960x504 internalFormat=881a
[02Oct2026 18:55:06.111] [Render thread/INFO] [SuperResolution/]: SR_DIAG AFTER_PASS:composite1 render=( 1.129E+3  5.930E+2) display=( 1.920E+3  1.009E+3) region-1=( 1.129E+3  5.930E+2) region-2=( 1.920E+3  1.009E+3) viewport=[0,0,1920,1009] scissor=[0,213,1920,652]/false drawFbo=14 readFbo=14 drawBuffer=36064 readBuffer=36064 drawStatus=8cd5
[02Oct2026 18:55:06.111] [Render thread/INFO] [SuperResolution/]: SR_DIAG AFTER_PASS:composite1 fbo=14 attachment=8ce0 texture=55 mip=0 size=1920x1009 internalFormat=8c3a
[02Oct2026 18:55:06.111] [Render thread/INFO] [SuperResolution/]: SR_DIAG BEFORE_PASS:composite3 render=( 1.129E+3  5.930E+2) display=( 1.920E+3  1.009E+3) region-1=( 1.129E+3  5.930E+2) region-2=( 1.920E+3  1.009E+3) viewport=[0,0,1920,1009] scissor=[0,213,1920,652]/false drawFbo=14 readFbo=14 drawBuffer=36064 readBuffer=36064 drawStatus=8cd5
[02Oct2026 18:55:06.111] [Render thread/INFO] [SuperResolution/]: SR_DIAG BEFORE_PASS:composite3 fbo=14 attachment=8ce0 texture=55 mip=0 size=1920x1009 internalFormat=8c3a
[02Oct2026 18:55:06.111] [Render thread/INFO] [SuperResolution/]: SR_DIAG AFTER_PASS:composite3 render=( 1.129E+3  5.930E+2) display=( 1.920E+3  1.009E+3) region-1=( 1.129E+3  5.930E+2) region-2=( 1.920E+3  1.009E+3) viewport=[0,0,1920,1009] scissor=[0,213,1920,652]/false drawFbo=15 readFbo=15 drawBuffer=36064 readBuffer=36064 drawStatus=8cd5
[02Oct2026 18:55:06.111] [Render thread/INFO] [SuperResolution/]: SR_DIAG AFTER_PASS:composite3 fbo=15 attachment=8ce0 texture=56 mip=0 size=1920x1009 internalFormat=8c3a
[02Oct2026 18:55:06.112] [Render thread/INFO] [SuperResolution/]: SR_DIAG BEFORE_PASS:composite4 render=( 1.129E+3  5.930E+2) display=( 1.920E+3  1.009E+3) region-1=( 1.129E+3  5.930E+2) region-2=( 1.920E+3  1.009E+3) viewport=[0,0,1920,1009] scissor=[0,213,1920,652]/false drawFbo=15 readFbo=15 drawBuffer=36064 readBuffer=36064 drawStatus=8cd5
[02Oct2026 18:55:06.112] [Render thread/INFO] [SuperResolution/]: SR_DIAG BEFORE_PASS:composite4 fbo=15 attachment=8ce0 texture=56 mip=0 size=1920x1009 internalFormat=8c3a
[02Oct2026 18:55:06.112] [Render thread/INFO] [SuperResolution/]: SR_DIAG AFTER_PASS:composite4 render=( 1.129E+3  5.930E+2) display=( 1.920E+3  1.009E+3) region-1=( 1.129E+3  5.930E+2) region-2=( 1.920E+3  1.009E+3) viewport=[0,0,1920,1009] scissor=[0,213,1920,652]/false drawFbo=16 readFbo=16 drawBuffer=36064 readBuffer=36064 drawStatus=8cd5
[02Oct2026 18:55:06.112] [Render thread/INFO] [SuperResolution/]: SR_DIAG AFTER_PASS:composite4 fbo=16 attachment=8ce0 texture=64 mip=0 size=1920x1009 internalFormat=881a
[02Oct2026 18:55:06.112] [Render thread/INFO] [SuperResolution/]: SR_DIAG BEFORE_PASS:composite5 render=( 1.129E+3  5.930E+2) display=( 1.920E+3  1.009E+3) region-1=( 1.129E+3  5.930E+2) region-2=( 1.920E+3  1.009E+3) viewport=[0,0,1920,1009] scissor=[0,213,1920,652]/false drawFbo=16 readFbo=16 drawBuffer=36064 readBuffer=36064 drawStatus=8cd5
[02Oct2026 18:55:06.112] [Render thread/INFO] [SuperResolution/]: SR_DIAG BEFORE_PASS:composite5 fbo=16 attachment=8ce0 texture=64 mip=0 size=1920x1009 internalFormat=881a
[02Oct2026 18:55:06.112] [Render thread/INFO] [SuperResolution/]: SR_DIAG AFTER_PASS:composite5 render=( 1.129E+3  5.930E+2) display=( 1.920E+3  1.009E+3) region-1=( 1.129E+3  5.930E+2) region-2=( 1.920E+3  1.009E+3) viewport=[0,0,1920,1009] scissor=[0,213,1920,652]/false drawFbo=17 readFbo=17 drawBuffer=36064 readBuffer=36064 drawStatus=8cd5
[02Oct2026 18:55:06.112] [Render thread/INFO] [SuperResolution/]: SR_DIAG AFTER_PASS:composite5 fbo=17 attachment=8ce0 texture=63 mip=0 size=1920x1009 internalFormat=881a
[02Oct2026 18:55:06.112] [Render thread/INFO] [SuperResolution/]: SR_DIAG BEFORE_PASS:composite6 render=( 1.129E+3  5.930E+2) display=( 1.920E+3  1.009E+3) region-1=( 1.129E+3  5.930E+2) region-2=( 1.920E+3  1.009E+3) viewport=[0,0,1920,1009] scissor=[0,213,1920,652]/false drawFbo=17 readFbo=17 drawBuffer=36064 readBuffer=36064 drawStatus=8cd5
[02Oct2026 18:55:06.112] [Render thread/INFO] [SuperResolution/]: SR_DIAG BEFORE_PASS:composite6 fbo=17 attachment=8ce0 texture=63 mip=0 size=1920x1009 internalFormat=881a
[02Oct2026 18:55:06.113] [Render thread/INFO] [SuperResolution/]: SR_DIAG AFTER_PASS:composite6 render=( 1.129E+3  5.930E+2) display=( 1.920E+3  1.009E+3) region-1=( 1.129E+3  5.930E+2) region-2=( 1.920E+3  1.009E+3) viewport=[0,0,1920,1009] scissor=[0,213,1920,652]/false drawFbo=18 readFbo=18 drawBuffer=36064 readBuffer=36064 drawStatus=8cd5
[02Oct2026 18:55:06.113] [Render thread/INFO] [SuperResolution/]: SR_DIAG AFTER_PASS:composite6 fbo=18 attachment=8ce0 texture=64 mip=0 size=1920x1009 internalFormat=881a
[02Oct2026 18:55:06.113] [Render thread/INFO] [SuperResolution/]: SR_DIAG BEFORE_PASS:composite7 render=( 1.129E+3  5.930E+2) display=( 1.920E+3  1.009E+3) region-1=( 1.129E+3  5.930E+2) region-2=( 1.920E+3  1.009E+3) viewport=[0,0,1920,1009] scissor=[0,213,1920,652]/false drawFbo=18 readFbo=18 drawBuffer=36064 readBuffer=36064 drawStatus=8cd5
[02Oct2026 18:55:06.113] [Render thread/INFO] [SuperResolution/]: SR_DIAG BEFORE_PASS:composite7 fbo=18 attachment=8ce0 texture=64 mip=0 size=1920x1009 internalFormat=881a
[02Oct2026 18:55:06.113] [Render thread/INFO] [SuperResolution/]: SR_DIAG BEFORE_SR render=( 1.129E+3  5.930E+2) display=( 1.920E+3  1.009E+3) region-1=( 1.129E+3  5.930E+2) region-2=( 1.920E+3  1.009E+3) viewport=[0,0,1920,1009] scissor=[0,213,1920,652]/false drawFbo=18 readFbo=18 drawBuffer=36064 readBuffer=36064 drawStatus=8cd5
[02Oct2026 18:55:06.113] [Render thread/INFO] [SuperResolution/]: SR_DIAG BEFORE_SR fbo=18 attachment=8ce0 texture=64 mip=0 size=1920x1009 internalFormat=881a
[02Oct2026 18:55:06.113] [Render thread/INFO] [SuperResolution/]: SR_DIAG texture color id=64 size=1920x1009 format=RGBA16F target/type=Texture2D glInternalFormat=881a
[02Oct2026 18:55:06.113] [Render thread/INFO] [SuperResolution/]: SR_DIAG texture depth id=5 size=1920x1009 format=DEPTH24 target/type=Texture2D glInternalFormat=1902
[02Oct2026 18:55:06.113] [Render thread/INFO] [SuperResolution/]: SR_DIAG depth depth id=5 bits=24 componentType=8c17
[02Oct2026 18:55:06.113] [Render thread/INFO] [SuperResolution/]: SR_DIAG texture motion_vectors id=86 size=1920x1009 format=RGBA16F target/type=Texture2D glInternalFormat=881a
[02Oct2026 18:55:06.113] [Render thread/INFO] [SuperResolution/]: SR_DIAG texture algorithm_color id=91 size=1129x593 format=RGBA16F target/type=Texture2D glInternalFormat=881a
[02Oct2026 18:55:06.113] [Render thread/INFO] [SuperResolution/]: SR_DIAG texture algorithm_depth id=95 size=1129x593 format=DEPTH24 target/type=Texture2D glInternalFormat=81a6
[02Oct2026 18:55:06.114] [Render thread/INFO] [SuperResolution/]: SR_DIAG depth algorithm_depth id=95 bits=24 componentType=8c17
[02Oct2026 18:55:06.114] [Render thread/INFO] [SuperResolution/]: SR_DIAG texture algorithm_motion_vectors id=96 size=1129x593 format=RGBA16F target/type=Texture2D glInternalFormat=881a
[02Oct2026 18:55:06.321] [Render thread/INFO] [SuperResolution/]: SR_DIAG texture SR_output id=88 size=1920x1009 format=RGBA16F target/type=Texture2D glInternalFormat=881a
[02Oct2026 18:55:06.321] [Render thread/INFO] [SuperResolution/]: SR_DIAG texture autotex3/output_target id=64 size=1920x1009 format=RGBA16F target/type=Texture2D glInternalFormat=881a
[02Oct2026 18:55:06.321] [Render thread/INFO] [SuperResolution/]: SR_DIAG AFTER_SR render=( 1.129E+3  5.930E+2) display=( 1.920E+3  1.009E+3) region-1=( 1.129E+3  5.930E+2) region-2=( 1.920E+3  1.009E+3) viewport=[0,0,1920,1009] scissor=[0,213,1920,652]/false drawFbo=18 readFbo=18 drawBuffer=36064 readBuffer=36064 drawStatus=8cd5
[02Oct2026 18:55:06.321] [Render thread/INFO] [SuperResolution/]: SR_DIAG AFTER_SR fbo=18 attachment=8ce0 texture=64 mip=0 size=1920x1009 internalFormat=881a
[02Oct2026 18:55:06.321] [Render thread/INFO] [SuperResolution/]: SR_DIAG AFTER_PASS:composite7 render=( 1.129E+3  5.930E+2) display=( 1.920E+3  1.009E+3) region-1=( 1.129E+3  5.930E+2) region-2=( 1.920E+3  1.009E+3) viewport=[0,0,1920,1009] scissor=[0,213,1920,652]/false drawFbo=19 readFbo=19 drawBuffer=36064 readBuffer=36064 drawStatus=8cd5
[02Oct2026 18:55:06.321] [Render thread/INFO] [SuperResolution/]: SR_DIAG AFTER_PASS:composite7 fbo=19 attachment=8ce0 texture=63 mip=0 size=1920x1009 internalFormat=881a
[02Oct2026 18:55:06.321] [Render thread/INFO] [SuperResolution/]: SR_DIAG FINAL_PIPELINE render=( 1.129E+3  5.930E+2) display=( 1.920E+3  1.009E+3) region-1=( 1.129E+3  5.930E+2) region-2=( 1.920E+3  1.009E+3) viewport=[0,0,1920,1009] scissor=[0,213,1920,652]/false drawFbo=1 readFbo=1 drawBuffer=36064 readBuffer=36064 drawStatus=8cd5
[02Oct2026 18:55:06.321] [Render thread/INFO] [SuperResolution/]: SR_DIAG FINAL_PIPELINE fbo=1 attachment=8ce0 texture=1 mip=0 size=1920x1009 internalFormat=8058
[02Oct2026 18:55:06.321] [Render thread/INFO] [SuperResolution/]: SR_DIAG FINAL_PIPELINE fbo=1 attachment=8d00 texture=5 mip=0 size=1920x1009 internalFormat=1902
[02Oct2026 18:55:16.119] [Render thread/INFO] [SuperResolution/]: SR_DIAG BEFORE_PASS:deferred1 render=( 1.129E+3  5.930E+2) display=( 1.920E+3  1.009E+3) region-1=( 1.129E+3  5.930E+2) region-2=( 1.920E+3  1.009E+3) viewport=[0,0,1920,1009] scissor=[0,213,1920,652]/false drawFbo=1 readFbo=1 drawBuffer=36064 readBuffer=36064 drawStatus=8cd5
[02Oct2026 18:55:16.119] [Render thread/INFO] [SuperResolution/]: SR_DIAG BEFORE_PASS:deferred1 fbo=1 attachment=8ce0 texture=1 mip=0 size=1920x1009 internalFormat=8058
[02Oct2026 18:55:16.119] [Render thread/INFO] [SuperResolution/]: SR_DIAG BEFORE_PASS:deferred1 fbo=1 attachment=8d00 texture=5 mip=0 size=1920x1009 internalFormat=1902
[02Oct2026 18:55:16.119] [Render thread/INFO] [SuperResolution/]: SR_DIAG AFTER_PASS:deferred1 render=( 1.129E+3  5.930E+2) display=( 1.920E+3  1.009E+3) region-1=( 1.129E+3  5.930E+2) region-2=( 1.920E+3  1.009E+3) viewport=[0,0,1920,1009] scissor=[0,213,1920,652]/false drawFbo=12 readFbo=12 drawBuffer=36064 readBuffer=36064 drawStatus=8cd5
[02Oct2026 18:55:16.120] [Render thread/INFO] [SuperResolution/]: SR_DIAG AFTER_PASS:deferred1 fbo=12 attachment=8ce0 texture=56 mip=0 size=1920x1009 internalFormat=8c3a
[02Oct2026 18:55:16.120] [Render thread/INFO] [SuperResolution/]: SR_DIAG BEFORE_PASS:composite render=( 1.129E+3  5.930E+2) display=( 1.920E+3  1.009E+3) region-1=( 1.129E+3  5.930E+2) region-2=( 1.920E+3  1.009E+3) viewport=[0,0,1920,1009] scissor=[0,213,1920,652]/false drawFbo=1 readFbo=1 drawBuffer=36064 readBuffer=36064 drawStatus=8cd5
[02Oct2026 18:55:16.120] [Render thread/INFO] [SuperResolution/]: SR_DIAG BEFORE_PASS:composite fbo=1 attachment=8ce0 texture=1 mip=0 size=1920x1009 internalFormat=8058
[02Oct2026 18:55:16.120] [Render thread/INFO] [SuperResolution/]: SR_DIAG BEFORE_PASS:composite fbo=1 attachment=8d00 texture=5 mip=0 size=1920x1009 internalFormat=1902
[02Oct2026 18:55:16.120] [Render thread/INFO] [SuperResolution/]: SR_DIAG AFTER_PASS:composite render=( 1.129E+3  5.930E+2) display=( 1.920E+3  1.009E+3) region-1=( 1.129E+3  5.930E+2) region-2=( 1.920E+3  1.009E+3) viewport=[0,0,960,504] scissor=[0,213,1920,652]/false drawFbo=13 readFbo=13 drawBuffer=36064 readBuffer=36064 drawStatus=8cd5
[02Oct2026 18:55:16.120] [Render thread/INFO] [SuperResolution/]: SR_DIAG AFTER_PASS:composite fbo=13 attachment=8ce0 texture=80 mip=0 size=960x504 internalFormat=881a
[02Oct2026 18:55:16.120] [Render thread/INFO] [SuperResolution/]: SR_DIAG BEFORE_PASS:composite1 render=( 1.129E+3  5.930E+2) display=( 1.920E+3  1.009E+3) region-1=( 1.129E+3  5.930E+2) region-2=( 1.920E+3  1.009E+3) viewport=[0,0,960,504] scissor=[0,213,1920,652]/false drawFbo=13 readFbo=13 drawBuffer=36064 readBuffer=36064 drawStatus=8cd5
[02Oct2026 18:55:16.120] [Render thread/INFO] [SuperResolution/]: SR_DIAG BEFORE_PASS:composite1 fbo=13 attachment=8ce0 texture=80 mip=0 size=960x504 internalFormat=881a
[02Oct2026 18:55:16.120] [Render thread/INFO] [SuperResolution/]: SR_DIAG AFTER_PASS:composite1 render=( 1.129E+3  5.930E+2) display=( 1.920E+3  1.009E+3) region-1=( 1.129E+3  5.930E+2) region-2=( 1.920E+3  1.009E+3) viewport=[0,0,1920,1009] scissor=[0,213,1920,652]/false drawFbo=14 readFbo=14 drawBuffer=36064 readBuffer=36064 drawStatus=8cd5
[02Oct2026 18:55:16.120] [Render thread/INFO] [SuperResolution/]: SR_DIAG AFTER_PASS:composite1 fbo=14 attachment=8ce0 texture=55 mip=0 size=1920x1009 internalFormat=8c3a
[02Oct2026 18:55:16.120] [Render thread/INFO] [SuperResolution/]: SR_DIAG BEFORE_PASS:composite3 render=( 1.129E+3  5.930E+2) display=( 1.920E+3  1.009E+3) region-1=( 1.129E+3  5.930E+2) region-2=( 1.920E+3  1.009E+3) viewport=[0,0,1920,1009] scissor=[0,213,1920,652]/false drawFbo=14 readFbo=14 drawBuffer=36064 readBuffer=36064 drawStatus=8cd5
[02Oct2026 18:55:16.120] [Render thread/INFO] [SuperResolution/]: SR_DIAG BEFORE_PASS:composite3 fbo=14 attachment=8ce0 texture=55 mip=0 size=1920x1009 internalFormat=8c3a
[02Oct2026 18:55:16.120] [Render thread/INFO] [SuperResolution/]: SR_DIAG AFTER_PASS:composite3 render=( 1.129E+3  5.930E+2) display=( 1.920E+3  1.009E+3) region-1=( 1.129E+3  5.930E+2) region-2=( 1.920E+3  1.009E+3) viewport=[0,0,1920,1009] scissor=[0,213,1920,652]/false drawFbo=15 readFbo=15 drawBuffer=36064 readBuffer=36064 drawStatus=8cd5
[02Oct2026 18:55:16.121] [Render thread/INFO] [SuperResolution/]: SR_DIAG AFTER_PASS:composite3 fbo=15 attachment=8ce0 texture=56 mip=0 size=1920x1009 internalFormat=8c3a
[02Oct2026 18:55:16.121] [Render thread/INFO] [SuperResolution/]: SR_DIAG BEFORE_PASS:composite4 render=( 1.129E+3  5.930E+2) display=( 1.920E+3  1.009E+3) region-1=( 1.129E+3  5.930E+2) region-2=( 1.920E+3  1.009E+3) viewport=[0,0,1920,1009] scissor=[0,213,1920,652]/false drawFbo=15 readFbo=15 drawBuffer=36064 readBuffer=36064 drawStatus=8cd5
[02Oct2026 18:55:16.121] [Render thread/INFO] [SuperResolution/]: SR_DIAG BEFORE_PASS:composite4 fbo=15 attachment=8ce0 texture=56 mip=0 size=1920x1009 internalFormat=8c3a
[02Oct2026 18:55:16.121] [Render thread/INFO] [SuperResolution/]: SR_DIAG AFTER_PASS:composite4 render=( 1.129E+3  5.930E+2) display=( 1.920E+3  1.009E+3) region-1=( 1.129E+3  5.930E+2) region-2=( 1.920E+3  1.009E+3) viewport=[0,0,1920,1009] scissor=[0,213,1920,652]/false drawFbo=16 readFbo=16 drawBuffer=36064 readBuffer=36064 drawStatus=8cd5
[02Oct2026 18:55:16.121] [Render thread/INFO] [SuperResolution/]: SR_DIAG AFTER_PASS:composite4 fbo=16 attachment=8ce0 texture=64 mip=0 size=1920x1009 internalFormat=881a
[02Oct2026 18:55:16.121] [Render thread/INFO] [SuperResolution/]: SR_DIAG BEFORE_PASS:composite5 render=( 1.129E+3  5.930E+2) display=( 1.920E+3  1.009E+3) region-1=( 1.129E+3  5.930E+2) region-2=( 1.920E+3  1.009E+3) viewport=[0,0,1920,1009] scissor=[0,213,1920,652]/false drawFbo=16 readFbo=16 drawBuffer=36064 readBuffer=36064 drawStatus=8cd5
[02Oct2026 18:55:16.121] [Render thread/INFO] [SuperResolution/]: SR_DIAG BEFORE_PASS:composite5 fbo=16 attachment=8ce0 texture=64 mip=0 size=1920x1009 internalFormat=881a
[02Oct2026 18:55:16.121] [Render thread/INFO] [SuperResolution/]: SR_DIAG AFTER_PASS:composite5 render=( 1.129E+3  5.930E+2) display=( 1.920E+3  1.009E+3) region-1=( 1.129E+3  5.930E+2) region-2=( 1.920E+3  1.009E+3) viewport=[0,0,1920,1009] scissor=[0,213,1920,652]/false drawFbo=17 readFbo=17 drawBuffer=36064 readBuffer=36064 drawStatus=8cd5
[02Oct2026 18:55:16.121] [Render thread/INFO] [SuperResolution/]: SR_DIAG AFTER_PASS:composite5 fbo=17 attachment=8ce0 texture=63 mip=0 size=1920x1009 internalFormat=881a
[02Oct2026 18:55:16.121] [Render thread/INFO] [SuperResolution/]: SR_DIAG BEFORE_PASS:composite6 render=( 1.129E+3  5.930E+2) display=( 1.920E+3  1.009E+3) region-1=( 1.129E+3  5.930E+2) region-2=( 1.920E+3  1.009E+3) viewport=[0,0,1920,1009] scissor=[0,213,1920,652]/false drawFbo=17 readFbo=17 drawBuffer=36064 readBuffer=36064 drawStatus=8cd5
[02Oct2026 18:55:16.121] [Render thread/INFO] [SuperResolution/]: SR_DIAG BEFORE_PASS:composite6 fbo=17 attachment=8ce0 texture=63 mip=0 size=1920x1009 internalFormat=881a
[02Oct2026 18:55:16.121] [Render thread/INFO] [SuperResolution/]: SR_DIAG AFTER_PASS:composite6 render=( 1.129E+3  5.930E+2) display=( 1.920E+3  1.009E+3) region-1=( 1.129E+3  5.930E+2) region-2=( 1.920E+3  1.009E+3) viewport=[0,0,1920,1009] scissor=[0,213,1920,652]/false drawFbo=18 readFbo=18 drawBuffer=36064 readBuffer=36064 drawStatus=8cd5
[02Oct2026 18:55:16.121] [Render thread/INFO] [SuperResolution/]: SR_DIAG AFTER_PASS:composite6 fbo=18 attachment=8ce0 texture=64 mip=0 size=1920x1009 internalFormat=881a
[02Oct2026 18:55:16.121] [Render thread/INFO] [SuperResolution/]: SR_DIAG BEFORE_PASS:composite7 render=( 1.129E+3  5.930E+2) display=( 1.920E+3  1.009E+3) region-1=( 1.129E+3  5.930E+2) region-2=( 1.920E+3  1.009E+3) viewport=[0,0,1920,1009] scissor=[0,213,1920,652]/false drawFbo=18 readFbo=18 drawBuffer=36064 readBuffer=36064 drawStatus=8cd5
[02Oct2026 18:55:16.121] [Render thread/INFO] [SuperResolution/]: SR_DIAG BEFORE_PASS:composite7 fbo=18 attachment=8ce0 texture=64 mip=0 size=1920x1009 internalFormat=881a
[02Oct2026 18:55:16.121] [Render thread/INFO] [SuperResolution/]: SR_DIAG BEFORE_SR render=( 1.129E+3  5.930E+2) display=( 1.920E+3  1.009E+3) region-1=( 1.129E+3  5.930E+2) region-2=( 1.920E+3  1.009E+3) viewport=[0,0,1920,1009] scissor=[0,213,1920,652]/false drawFbo=18 readFbo=18 drawBuffer=36064 readBuffer=36064 drawStatus=8cd5
[02Oct2026 18:55:16.121] [Render thread/INFO] [SuperResolution/]: SR_DIAG BEFORE_SR fbo=18 attachment=8ce0 texture=64 mip=0 size=1920x1009 internalFormat=881a
[02Oct2026 18:55:16.121] [Render thread/INFO] [SuperResolution/]: SR_DIAG texture color id=64 size=1920x1009 format=RGBA16F target/type=Texture2D glInternalFormat=881a
[02Oct2026 18:55:16.121] [Render thread/INFO] [SuperResolution/]: SR_DIAG texture depth id=5 size=1920x1009 format=DEPTH24 target/type=Texture2D glInternalFormat=1902
[02Oct2026 18:55:16.121] [Render thread/INFO] [SuperResolution/]: SR_DIAG depth depth id=5 bits=24 componentType=8c17
[02Oct2026 18:55:16.121] [Render thread/INFO] [SuperResolution/]: SR_DIAG texture motion_vectors id=86 size=1920x1009 format=RGBA16F target/type=Texture2D glInternalFormat=881a
[02Oct2026 18:55:16.121] [Render thread/INFO] [SuperResolution/]: SR_DIAG texture algorithm_color id=91 size=1129x593 format=RGBA16F target/type=Texture2D glInternalFormat=881a
[02Oct2026 18:55:16.121] [Render thread/INFO] [SuperResolution/]: SR_DIAG texture algorithm_depth id=95 size=1129x593 format=DEPTH24 target/type=Texture2D glInternalFormat=81a6
[02Oct2026 18:55:16.121] [Render thread/INFO] [SuperResolution/]: SR_DIAG depth algorithm_depth id=95 bits=24 componentType=8c17
[02Oct2026 18:55:16.121] [Render thread/INFO] [SuperResolution/]: SR_DIAG texture algorithm_motion_vectors id=96 size=1129x593 format=RGBA16F target/type=Texture2D glInternalFormat=881a
[02Oct2026 18:55:16.324] [Render thread/INFO] [SuperResolution/]: SR_DIAG texture SR_output id=88 size=1920x1009 format=RGBA16F target/type=Texture2D glInternalFormat=881a
[02Oct2026 18:55:16.324] [Render thread/INFO] [SuperResolution/]: SR_DIAG texture autotex3/output_target id=64 size=1920x1009 format=RGBA16F target/type=Texture2D glInternalFormat=881a
[02Oct2026 18:55:16.324] [Render thread/INFO] [SuperResolution/]: SR_DIAG AFTER_SR render=( 1.129E+3  5.930E+2) display=( 1.920E+3  1.009E+3) region-1=( 1.129E+3  5.930E+2) region-2=( 1.920E+3  1.009E+3) viewport=[0,0,1920,1009] scissor=[0,213,1920,652]/false drawFbo=18 readFbo=18 drawBuffer=36064 readBuffer=36064 drawStatus=8cd5
[02Oct2026 18:55:16.324] [Render thread/INFO] [SuperResolution/]: SR_DIAG AFTER_SR fbo=18 attachment=8ce0 texture=64 mip=0 size=1920x1009 internalFormat=881a
[02Oct2026 18:55:16.324] [Render thread/INFO] [SuperResolution/]: SR_DIAG AFTER_PASS:composite7 render=( 1.129E+3  5.930E+2) display=( 1.920E+3  1.009E+3) region-1=( 1.129E+3  5.930E+2) region-2=( 1.920E+3  1.009E+3) viewport=[0,0,1920,1009] scissor=[0,213,1920,652]/false drawFbo=19 readFbo=19 drawBuffer=36064 readBuffer=36064 drawStatus=8cd5
[02Oct2026 18:55:16.324] [Render thread/INFO] [SuperResolution/]: SR_DIAG AFTER_PASS:composite7 fbo=19 attachment=8ce0 texture=63 mip=0 size=1920x1009 internalFormat=881a
[02Oct2026 18:55:16.324] [Render thread/INFO] [SuperResolution/]: SR_DIAG FINAL_PIPELINE render=( 1.129E+3  5.930E+2) display=( 1.920E+3  1.009E+3) region-1=( 1.129E+3  5.930E+2) region-2=( 1.920E+3  1.009E+3) viewport=[0,0,1920,1009] scissor=[0,213,1920,652]/false drawFbo=1 readFbo=1 drawBuffer=36064 readBuffer=36064 drawStatus=8cd5
[02Oct2026 18:55:16.324] [Render thread/INFO] [SuperResolution/]: SR_DIAG FINAL_PIPELINE fbo=1 attachment=8ce0 texture=1 mip=0 size=1920x1009 internalFormat=8058
[02Oct2026 18:55:16.324] [Render thread/INFO] [SuperResolution/]: SR_DIAG FINAL_PIPELINE fbo=1 attachment=8d00 texture=5 mip=0 size=1920x1009 internalFormat=1902
[02Oct2026 18:55:26.142] [Render thread/INFO] [SuperResolution/]: SR_DIAG BEFORE_PASS:deferred1 render=( 1.129E+3  5.930E+2) display=( 1.920E+3  1.009E+3) region-1=( 1.129E+3  5.930E+2) region-2=( 1.920E+3  1.009E+3) viewport=[0,0,1920,1009] scissor=[0,213,1920,652]/false drawFbo=1 readFbo=1 drawBuffer=36064 readBuffer=36064 drawStatus=8cd5
[02Oct2026 18:55:26.143] [Render thread/INFO] [SuperResolution/]: SR_DIAG BEFORE_PASS:deferred1 fbo=1 attachment=8ce0 texture=1 mip=0 size=1920x1009 internalFormat=8058
[02Oct2026 18:55:26.143] [Render thread/INFO] [SuperResolution/]: SR_DIAG BEFORE_PASS:deferred1 fbo=1 attachment=8d00 texture=5 mip=0 size=1920x1009 internalFormat=1902
[02Oct2026 18:55:26.143] [Render thread/INFO] [SuperResolution/]: SR_DIAG AFTER_PASS:deferred1 render=( 1.129E+3  5.930E+2) display=( 1.920E+3  1.009E+3) region-1=( 1.129E+3  5.930E+2) region-2=( 1.920E+3  1.009E+3) viewport=[0,0,1920,1009] scissor=[0,213,1920,652]/false drawFbo=12 readFbo=12 drawBuffer=36064 readBuffer=36064 drawStatus=8cd5
[02Oct2026 18:55:26.143] [Render thread/INFO] [SuperResolution/]: SR_DIAG AFTER_PASS:deferred1 fbo=12 attachment=8ce0 texture=56 mip=0 size=1920x1009 internalFormat=8c3a
[02Oct2026 18:55:26.144] [Render thread/INFO] [SuperResolution/]: SR_DIAG BEFORE_PASS:composite render=( 1.129E+3  5.930E+2) display=( 1.920E+3  1.009E+3) region-1=( 1.129E+3  5.930E+2) region-2=( 1.920E+3  1.009E+3) viewport=[0,0,1920,1009] scissor=[0,213,1920,652]/false drawFbo=1 readFbo=1 drawBuffer=36064 readBuffer=36064 drawStatus=8cd5
[02Oct2026 18:55:26.144] [Render thread/INFO] [SuperResolution/]: SR_DIAG BEFORE_PASS:composite fbo=1 attachment=8ce0 texture=1 mip=0 size=1920x1009 internalFormat=8058
[02Oct2026 18:55:26.144] [Render thread/INFO] [SuperResolution/]: SR_DIAG BEFORE_PASS:composite fbo=1 attachment=8d00 texture=5 mip=0 size=1920x1009 internalFormat=1902
[02Oct2026 18:55:26.144] [Render thread/INFO] [SuperResolution/]: SR_DIAG AFTER_PASS:composite render=( 1.129E+3  5.930E+2) display=( 1.920E+3  1.009E+3) region-1=( 1.129E+3  5.930E+2) region-2=( 1.920E+3  1.009E+3) viewport=[0,0,960,504] scissor=[0,213,1920,652]/false drawFbo=13 readFbo=13 drawBuffer=36064 readBuffer=36064 drawStatus=8cd5
[02Oct2026 18:55:26.144] [Render thread/INFO] [SuperResolution/]: SR_DIAG AFTER_PASS:composite fbo=13 attachment=8ce0 texture=80 mip=0 size=960x504 internalFormat=881a
[02Oct2026 18:55:26.144] [Render thread/INFO] [SuperResolution/]: SR_DIAG BEFORE_PASS:composite1 render=( 1.129E+3  5.930E+2) display=( 1.920E+3  1.009E+3) region-1=( 1.129E+3  5.930E+2) region-2=( 1.920E+3  1.009E+3) viewport=[0,0,960,504] scissor=[0,213,1920,652]/false drawFbo=13 readFbo=13 drawBuffer=36064 readBuffer=36064 drawStatus=8cd5
[02Oct2026 18:55:26.144] [Render thread/INFO] [SuperResolution/]: SR_DIAG BEFORE_PASS:composite1 fbo=13 attachment=8ce0 texture=80 mip=0 size=960x504 internalFormat=881a
[02Oct2026 18:55:26.145] [Render thread/INFO] [SuperResolution/]: SR_DIAG AFTER_PASS:composite1 render=( 1.129E+3  5.930E+2) display=( 1.920E+3  1.009E+3) region-1=( 1.129E+3  5.930E+2) region-2=( 1.920E+3  1.009E+3) viewport=[0,0,1920,1009] scissor=[0,213,1920,652]/false drawFbo=14 readFbo=14 drawBuffer=36064 readBuffer=36064 drawStatus=8cd5
[02Oct2026 18:55:26.145] [Render thread/INFO] [SuperResolution/]: SR_DIAG AFTER_PASS:composite1 fbo=14 attachment=8ce0 texture=55 mip=0 size=1920x1009 internalFormat=8c3a
[02Oct2026 18:55:26.145] [Render thread/INFO] [SuperResolution/]: SR_DIAG BEFORE_PASS:composite3 render=( 1.129E+3  5.930E+2) display=( 1.920E+3  1.009E+3) region-1=( 1.129E+3  5.930E+2) region-2=( 1.920E+3  1.009E+3) viewport=[0,0,1920,1009] scissor=[0,213,1920,652]/false drawFbo=14 readFbo=14 drawBuffer=36064 readBuffer=36064 drawStatus=8cd5
[02Oct2026 18:55:26.145] [Render thread/INFO] [SuperResolution/]: SR_DIAG BEFORE_PASS:composite3 fbo=14 attachment=8ce0 texture=55 mip=0 size=1920x1009 internalFormat=8c3a
[02Oct2026 18:55:26.145] [Render thread/INFO] [SuperResolution/]: SR_DIAG AFTER_PASS:composite3 render=( 1.129E+3  5.930E+2) display=( 1.920E+3  1.009E+3) region-1=( 1.129E+3  5.930E+2) region-2=( 1.920E+3  1.009E+3) viewport=[0,0,1920,1009] scissor=[0,213,1920,652]/false drawFbo=15 readFbo=15 drawBuffer=36064 readBuffer=36064 drawStatus=8cd5
[02Oct2026 18:55:26.145] [Render thread/INFO] [SuperResolution/]: SR_DIAG AFTER_PASS:composite3 fbo=15 attachment=8ce0 texture=56 mip=0 size=1920x1009 internalFormat=8c3a
[02Oct2026 18:55:26.146] [Render thread/INFO] [SuperResolution/]: SR_DIAG BEFORE_PASS:composite4 render=( 1.129E+3  5.930E+2) display=( 1.920E+3  1.009E+3) region-1=( 1.129E+3  5.930E+2) region-2=( 1.920E+3  1.009E+3) viewport=[0,0,1920,1009] scissor=[0,213,1920,652]/false drawFbo=15 readFbo=15 drawBuffer=36064 readBuffer=36064 drawStatus=8cd5
[02Oct2026 18:55:26.146] [Render thread/INFO] [SuperResolution/]: SR_DIAG BEFORE_PASS:composite4 fbo=15 attachment=8ce0 texture=56 mip=0 size=1920x1009 internalFormat=8c3a
[02Oct2026 18:55:26.146] [Render thread/INFO] [SuperResolution/]: SR_DIAG AFTER_PASS:composite4 render=( 1.129E+3  5.930E+2) display=( 1.920E+3  1.009E+3) region-1=( 1.129E+3  5.930E+2) region-2=( 1.920E+3  1.009E+3) viewport=[0,0,1920,1009] scissor=[0,213,1920,652]/false drawFbo=16 readFbo=16 drawBuffer=36064 readBuffer=36064 drawStatus=8cd5
[02Oct2026 18:55:26.146] [Render thread/INFO] [SuperResolution/]: SR_DIAG AFTER_PASS:composite4 fbo=16 attachment=8ce0 texture=64 mip=0 size=1920x1009 internalFormat=881a
[02Oct2026 18:55:26.146] [Render thread/INFO] [SuperResolution/]: SR_DIAG BEFORE_PASS:composite5 render=( 1.129E+3  5.930E+2) display=( 1.920E+3  1.009E+3) region-1=( 1.129E+3  5.930E+2) region-2=( 1.920E+3  1.009E+3) viewport=[0,0,1920,1009] scissor=[0,213,1920,652]/false drawFbo=16 readFbo=16 drawBuffer=36064 readBuffer=36064 drawStatus=8cd5
[02Oct2026 18:55:26.146] [Render thread/INFO] [SuperResolution/]: SR_DIAG BEFORE_PASS:composite5 fbo=16 attachment=8ce0 texture=64 mip=0 size=1920x1009 internalFormat=881a
[02Oct2026 18:55:26.146] [Render thread/INFO] [SuperResolution/]: SR_DIAG AFTER_PASS:composite5 render=( 1.129E+3  5.930E+2) display=( 1.920E+3  1.009E+3) region-1=( 1.129E+3  5.930E+2) region-2=( 1.920E+3  1.009E+3) viewport=[0,0,1920,1009] scissor=[0,213,1920,652]/false drawFbo=17 readFbo=17 drawBuffer=36064 readBuffer=36064 drawStatus=8cd5
[02Oct2026 18:55:26.146] [Render thread/INFO] [SuperResolution/]: SR_DIAG AFTER_PASS:composite5 fbo=17 attachment=8ce0 texture=63 mip=0 size=1920x1009 internalFormat=881a
[02Oct2026 18:55:26.146] [Render thread/INFO] [SuperResolution/]: SR_DIAG BEFORE_PASS:composite6 render=( 1.129E+3  5.930E+2) display=( 1.920E+3  1.009E+3) region-1=( 1.129E+3  5.930E+2) region-2=( 1.920E+3  1.009E+3) viewport=[0,0,1920,1009] scissor=[0,213,1920,652]/false drawFbo=17 readFbo=17 drawBuffer=36064 readBuffer=36064 drawStatus=8cd5
[02Oct2026 18:55:26.146] [Render thread/INFO] [SuperResolution/]: SR_DIAG BEFORE_PASS:composite6 fbo=17 attachment=8ce0 texture=63 mip=0 size=1920x1009 internalFormat=881a
[02Oct2026 18:55:26.146] [Render thread/INFO] [SuperResolution/]: SR_DIAG AFTER_PASS:composite6 render=( 1.129E+3  5.930E+2) display=( 1.920E+3  1.009E+3) region-1=( 1.129E+3  5.930E+2) region-2=( 1.920E+3  1.009E+3) viewport=[0,0,1920,1009] scissor=[0,213,1920,652]/false drawFbo=18 readFbo=18 drawBuffer=36064 readBuffer=36064 drawStatus=8cd5
[02Oct2026 18:55:26.147] [Render thread/INFO] [SuperResolution/]: SR_DIAG AFTER_PASS:composite6 fbo=18 attachment=8ce0 texture=64 mip=0 size=1920x1009 internalFormat=881a
[02Oct2026 18:55:26.147] [Render thread/INFO] [SuperResolution/]: SR_DIAG BEFORE_PASS:composite7 render=( 1.129E+3  5.930E+2) display=( 1.920E+3  1.009E+3) region-1=( 1.129E+3  5.930E+2) region-2=( 1.920E+3  1.009E+3) viewport=[0,0,1920,1009] scissor=[0,213,1920,652]/false drawFbo=18 readFbo=18 drawBuffer=36064 readBuffer=36064 drawStatus=8cd5
[02Oct2026 18:55:26.147] [Render thread/INFO] [SuperResolution/]: SR_DIAG BEFORE_PASS:composite7 fbo=18 attachment=8ce0 texture=64 mip=0 size=1920x1009 internalFormat=881a
[02Oct2026 18:55:26.147] [Render thread/INFO] [SuperResolution/]: SR_DIAG BEFORE_SR render=( 1.129E+3  5.930E+2) display=( 1.920E+3  1.009E+3) region-1=( 1.129E+3  5.930E+2) region-2=( 1.920E+3  1.009E+3) viewport=[0,0,1920,1009] scissor=[0,213,1920,652]/false drawFbo=18 readFbo=18 drawBuffer=36064 readBuffer=36064 drawStatus=8cd5
[02Oct2026 18:55:26.147] [Render thread/INFO] [SuperResolution/]: SR_DIAG BEFORE_SR fbo=18 attachment=8ce0 texture=64 mip=0 size=1920x1009 internalFormat=881a
[02Oct2026 18:55:26.147] [Render thread/INFO] [SuperResolution/]: SR_DIAG texture color id=64 size=1920x1009 format=RGBA16F target/type=Texture2D glInternalFormat=881a
[02Oct2026 18:55:26.147] [Render thread/INFO] [SuperResolution/]: SR_DIAG texture depth id=5 size=1920x1009 format=DEPTH24 target/type=Texture2D glInternalFormat=1902
[02Oct2026 18:55:26.147] [Render thread/INFO] [SuperResolution/]: SR_DIAG depth depth id=5 bits=24 componentType=8c17
[02Oct2026 18:55:26.147] [Render thread/INFO] [SuperResolution/]: SR_DIAG texture motion_vectors id=86 size=1920x1009 format=RGBA16F target/type=Texture2D glInternalFormat=881a
[02Oct2026 18:55:26.147] [Render thread/INFO] [SuperResolution/]: SR_DIAG texture algorithm_color id=91 size=1129x593 format=RGBA16F target/type=Texture2D glInternalFormat=881a
[02Oct2026 18:55:26.147] [Render thread/INFO] [SuperResolution/]: SR_DIAG texture algorithm_depth id=95 size=1129x593 format=DEPTH24 target/type=Texture2D glInternalFormat=81a6
[02Oct2026 18:55:26.147] [Render thread/INFO] [SuperResolution/]: SR_DIAG depth algorithm_depth id=95 bits=24 componentType=8c17
[02Oct2026 18:55:26.147] [Render thread/INFO] [SuperResolution/]: SR_DIAG texture algorithm_motion_vectors id=96 size=1129x593 format=RGBA16F target/type=Texture2D glInternalFormat=881a
[02Oct2026 18:55:26.327] [Render thread/INFO] [SuperResolution/]: SR_DIAG texture SR_output id=88 size=1920x1009 format=RGBA16F target/type=Texture2D glInternalFormat=881a
[02Oct2026 18:55:26.328] [Render thread/INFO] [SuperResolution/]: SR_DIAG texture autotex3/output_target id=64 size=1920x1009 format=RGBA16F target/type=Texture2D glInternalFormat=881a
[02Oct2026 18:55:26.328] [Render thread/INFO] [SuperResolution/]: SR_DIAG AFTER_SR render=( 1.129E+3  5.930E+2) display=( 1.920E+3  1.009E+3) region-1=( 1.129E+3  5.930E+2) region-2=( 1.920E+3  1.009E+3) viewport=[0,0,1920,1009] scissor=[0,213,1920,652]/false drawFbo=18 readFbo=18 drawBuffer=36064 readBuffer=36064 drawStatus=8cd5
[02Oct2026 18:55:26.328] [Render thread/INFO] [SuperResolution/]: SR_DIAG AFTER_SR fbo=18 attachment=8ce0 texture=64 mip=0 size=1920x1009 internalFormat=881a
[02Oct2026 18:55:26.328] [Render thread/INFO] [SuperResolution/]: SR_DIAG AFTER_PASS:composite7 render=( 1.129E+3  5.930E+2) display=( 1.920E+3  1.009E+3) region-1=( 1.129E+3  5.930E+2) region-2=( 1.920E+3  1.009E+3) viewport=[0,0,1920,1009] scissor=[0,213,1920,652]/false drawFbo=19 readFbo=19 drawBuffer=36064 readBuffer=36064 drawStatus=8cd5
[02Oct2026 18:55:26.328] [Render thread/INFO] [SuperResolution/]: SR_DIAG AFTER_PASS:composite7 fbo=19 attachment=8ce0 texture=63 mip=0 size=1920x1009 internalFormat=881a
[02Oct2026 18:55:26.328] [Render thread/INFO] [SuperResolution/]: SR_DIAG FINAL_PIPELINE render=( 1.129E+3  5.930E+2) display=( 1.920E+3  1.009E+3) region-1=( 1.129E+3  5.930E+2) region-2=( 1.920E+3  1.009E+3) viewport=[0,0,1920,1009] scissor=[0,213,1920,652]/false drawFbo=1 readFbo=1 drawBuffer=36064 readBuffer=36064 drawStatus=8cd5
[02Oct2026 18:55:26.328] [Render thread/INFO] [SuperResolution/]: SR_DIAG FINAL_PIPELINE fbo=1 attachment=8ce0 texture=1 mip=0 size=1920x1009 internalFormat=8058
[02Oct2026 18:55:26.328] [Render thread/INFO] [SuperResolution/]: SR_DIAG FINAL_PIPELINE fbo=1 attachment=8d00 texture=5 mip=0 size=1920x1009 internalFormat=1902
[02Oct2026 18:55:36.144] [Render thread/INFO] [SuperResolution/]: SR_DIAG BEFORE_PASS:deferred1 render=( 1.129E+3  5.930E+2) display=( 1.920E+3  1.009E+3) region-1=( 1.129E+3  5.930E+2) region-2=( 1.920E+3  1.009E+3) viewport=[0,0,1920,1009] scissor=[0,213,1920,652]/false drawFbo=1 readFbo=1 drawBuffer=36064 readBuffer=36064 drawStatus=8cd5
[02Oct2026 18:55:36.144] [Render thread/INFO] [SuperResolution/]: SR_DIAG BEFORE_PASS:deferred1 fbo=1 attachment=8ce0 texture=1 mip=0 size=1920x1009 internalFormat=8058
[02Oct2026 18:55:36.144] [Render thread/INFO] [SuperResolution/]: SR_DIAG BEFORE_PASS:deferred1 fbo=1 attachment=8d00 texture=5 mip=0 size=1920x1009 internalFormat=1902
[02Oct2026 18:55:36.145] [Render thread/INFO] [SuperResolution/]: SR_DIAG AFTER_PASS:deferred1 render=( 1.129E+3  5.930E+2) display=( 1.920E+3  1.009E+3) region-1=( 1.129E+3  5.930E+2) region-2=( 1.920E+3  1.009E+3) viewport=[0,0,1920,1009] scissor=[0,213,1920,652]/false drawFbo=12 readFbo=12 drawBuffer=36064 readBuffer=36064 drawStatus=8cd5
[02Oct2026 18:55:36.145] [Render thread/INFO] [SuperResolution/]: SR_DIAG AFTER_PASS:deferred1 fbo=12 attachment=8ce0 texture=56 mip=0 size=1920x1009 internalFormat=8c3a
[02Oct2026 18:55:36.145] [Render thread/INFO] [SuperResolution/]: SR_DIAG BEFORE_PASS:composite render=( 1.129E+3  5.930E+2) display=( 1.920E+3  1.009E+3) region-1=( 1.129E+3  5.930E+2) region-2=( 1.920E+3  1.009E+3) viewport=[0,0,1920,1009] scissor=[0,213,1920,652]/false drawFbo=1 readFbo=1 drawBuffer=36064 readBuffer=36064 drawStatus=8cd5
[02Oct2026 18:55:36.145] [Render thread/INFO] [SuperResolution/]: SR_DIAG BEFORE_PASS:composite fbo=1 attachment=8ce0 texture=1 mip=0 size=1920x1009 internalFormat=8058
[02Oct2026 18:55:36.145] [Render thread/INFO] [SuperResolution/]: SR_DIAG BEFORE_PASS:composite fbo=1 attachment=8d00 texture=5 mip=0 size=1920x1009 internalFormat=1902
[02Oct2026 18:55:36.145] [Render thread/INFO] [SuperResolution/]: SR_DIAG AFTER_PASS:composite render=( 1.129E+3  5.930E+2) display=( 1.920E+3  1.009E+3) region-1=( 1.129E+3  5.930E+2) region-2=( 1.920E+3  1.009E+3) viewport=[0,0,960,504] scissor=[0,213,1920,652]/false drawFbo=13 readFbo=13 drawBuffer=36064 readBuffer=36064 drawStatus=8cd5
[02Oct2026 18:55:36.145] [Render thread/INFO] [SuperResolution/]: SR_DIAG AFTER_PASS:composite fbo=13 attachment=8ce0 texture=80 mip=0 size=960x504 internalFormat=881a
[02Oct2026 18:55:36.145] [Render thread/INFO] [SuperResolution/]: SR_DIAG BEFORE_PASS:composite1 render=( 1.129E+3  5.930E+2) display=( 1.920E+3  1.009E+3) region-1=( 1.129E+3  5.930E+2) region-2=( 1.920E+3  1.009E+3) viewport=[0,0,960,504] scissor=[0,213,1920,652]/false drawFbo=13 readFbo=13 drawBuffer=36064 readBuffer=36064 drawStatus=8cd5
[02Oct2026 18:55:36.145] [Render thread/INFO] [SuperResolution/]: SR_DIAG BEFORE_PASS:composite1 fbo=13 attachment=8ce0 texture=80 mip=0 size=960x504 internalFormat=881a
[02Oct2026 18:55:36.161] [Render thread/INFO] [SuperResolution/]: SR_DIAG AFTER_PASS:composite1 render=( 1.129E+3  5.930E+2) display=( 1.920E+3  1.009E+3) region-1=( 1.129E+3  5.930E+2) region-2=( 1.920E+3  1.009E+3) viewport=[0,0,1920,1009] scissor=[0,213,1920,652]/false drawFbo=14 readFbo=14 drawBuffer=36064 readBuffer=36064 drawStatus=8cd5
[02Oct2026 18:55:36.161] [Render thread/INFO] [SuperResolution/]: SR_DIAG AFTER_PASS:composite1 fbo=14 attachment=8ce0 texture=55 mip=0 size=1920x1009 internalFormat=8c3a
[02Oct2026 18:55:36.161] [Render thread/INFO] [SuperResolution/]: SR_DIAG BEFORE_PASS:composite3 render=( 1.129E+3  5.930E+2) display=( 1.920E+3  1.009E+3) region-1=( 1.129E+3  5.930E+2) region-2=( 1.920E+3  1.009E+3) viewport=[0,0,1920,1009] scissor=[0,213,1920,652]/false drawFbo=14 readFbo=14 drawBuffer=36064 readBuffer=36064 drawStatus=8cd5
[02Oct2026 18:55:36.161] [Render thread/INFO] [SuperResolution/]: SR_DIAG BEFORE_PASS:composite3 fbo=14 attachment=8ce0 texture=55 mip=0 size=1920x1009 internalFormat=8c3a
[02Oct2026 18:55:36.161] [Render thread/INFO] [SuperResolution/]: SR_DIAG AFTER_PASS:composite3 render=( 1.129E+3  5.930E+2) display=( 1.920E+3  1.009E+3) region-1=( 1.129E+3  5.930E+2) region-2=( 1.920E+3  1.009E+3) viewport=[0,0,1920,1009] scissor=[0,213,1920,652]/false drawFbo=15 readFbo=15 drawBuffer=36064 readBuffer=36064 drawStatus=8cd5
[02Oct2026 18:55:36.161] [Render thread/INFO] [SuperResolution/]: SR_DIAG AFTER_PASS:composite3 fbo=15 attachment=8ce0 texture=56 mip=0 size=1920x1009 internalFormat=8c3a
[02Oct2026 18:55:36.161] [Render thread/INFO] [SuperResolution/]: SR_DIAG BEFORE_PASS:composite4 render=( 1.129E+3  5.930E+2) display=( 1.920E+3  1.009E+3) region-1=( 1.129E+3  5.930E+2) region-2=( 1.920E+3  1.009E+3) viewport=[0,0,1920,1009] scissor=[0,213,1920,652]/false drawFbo=15 readFbo=15 drawBuffer=36064 readBuffer=36064 drawStatus=8cd5
[02Oct2026 18:55:36.161] [Render thread/INFO] [SuperResolution/]: SR_DIAG BEFORE_PASS:composite4 fbo=15 attachment=8ce0 texture=56 mip=0 size=1920x1009 internalFormat=8c3a
[02Oct2026 18:55:36.161] [Render thread/INFO] [SuperResolution/]: SR_DIAG AFTER_PASS:composite4 render=( 1.129E+3  5.930E+2) display=( 1.920E+3  1.009E+3) region-1=( 1.129E+3  5.930E+2) region-2=( 1.920E+3  1.009E+3) viewport=[0,0,1920,1009] scissor=[0,213,1920,652]/false drawFbo=16 readFbo=16 drawBuffer=36064 readBuffer=36064 drawStatus=8cd5
[02Oct2026 18:55:36.161] [Render thread/INFO] [SuperResolution/]: SR_DIAG AFTER_PASS:composite4 fbo=16 attachment=8ce0 texture=64 mip=0 size=1920x1009 internalFormat=881a
[02Oct2026 18:55:36.161] [Render thread/INFO] [SuperResolution/]: SR_DIAG BEFORE_PASS:composite5 render=( 1.129E+3  5.930E+2) display=( 1.920E+3  1.009E+3) region-1=( 1.129E+3  5.930E+2) region-2=( 1.920E+3  1.009E+3) viewport=[0,0,1920,1009] scissor=[0,213,1920,652]/false drawFbo=16 readFbo=16 drawBuffer=36064 readBuffer=36064 drawStatus=8cd5
[02Oct2026 18:55:36.161] [Render thread/INFO] [SuperResolution/]: SR_DIAG BEFORE_PASS:composite5 fbo=16 attachment=8ce0 texture=64 mip=0 size=1920x1009 internalFormat=881a
[02Oct2026 18:55:36.162] [Render thread/INFO] [SuperResolution/]: SR_DIAG AFTER_PASS:composite5 render=( 1.129E+3  5.930E+2) display=( 1.920E+3  1.009E+3) region-1=( 1.129E+3  5.930E+2) region-2=( 1.920E+3  1.009E+3) viewport=[0,0,1920,1009] scissor=[0,213,1920,652]/false drawFbo=17 readFbo=17 drawBuffer=36064 readBuffer=36064 drawStatus=8cd5
[02Oct2026 18:55:36.162] [Render thread/INFO] [SuperResolution/]: SR_DIAG AFTER_PASS:composite5 fbo=17 attachment=8ce0 texture=63 mip=0 size=1920x1009 internalFormat=881a
[02Oct2026 18:55:36.162] [Render thread/INFO] [SuperResolution/]: SR_DIAG BEFORE_PASS:composite6 render=( 1.129E+3  5.930E+2) display=( 1.920E+3  1.009E+3) region-1=( 1.129E+3  5.930E+2) region-2=( 1.920E+3  1.009E+3) viewport=[0,0,1920,1009] scissor=[0,213,1920,652]/false drawFbo=17 readFbo=17 drawBuffer=36064 readBuffer=36064 drawStatus=8cd5
[02Oct2026 18:55:36.162] [Render thread/INFO] [SuperResolution/]: SR_DIAG BEFORE_PASS:composite6 fbo=17 attachment=8ce0 texture=63 mip=0 size=1920x1009 internalFormat=881a
[02Oct2026 18:55:36.162] [Render thread/INFO] [SuperResolution/]: SR_DIAG AFTER_PASS:composite6 render=( 1.129E+3  5.930E+2) display=( 1.920E+3  1.009E+3) region-1=( 1.129E+3  5.930E+2) region-2=( 1.920E+3  1.009E+3) viewport=[0,0,1920,1009] scissor=[0,213,1920,652]/false drawFbo=18 readFbo=18 drawBuffer=36064 readBuffer=36064 drawStatus=8cd5
[02Oct2026 18:55:36.162] [Render thread/INFO] [SuperResolution/]: SR_DIAG AFTER_PASS:composite6 fbo=18 attachment=8ce0 texture=64 mip=0 size=1920x1009 internalFormat=881a
[02Oct2026 18:55:36.162] [Render thread/INFO] [SuperResolution/]: SR_DIAG BEFORE_PASS:composite7 render=( 1.129E+3  5.930E+2) display=( 1.920E+3  1.009E+3) region-1=( 1.129E+3  5.930E+2) region-2=( 1.920E+3  1.009E+3) viewport=[0,0,1920,1009] scissor=[0,213,1920,652]/false drawFbo=18 readFbo=18 drawBuffer=36064 readBuffer=36064 drawStatus=8cd5
[02Oct2026 18:55:36.162] [Render thread/INFO] [SuperResolution/]: SR_DIAG BEFORE_PASS:composite7 fbo=18 attachment=8ce0 texture=64 mip=0 size=1920x1009 internalFormat=881a
[02Oct2026 18:55:36.162] [Render thread/INFO] [SuperResolution/]: SR_DIAG BEFORE_SR render=( 1.129E+3  5.930E+2) display=( 1.920E+3  1.009E+3) region-1=( 1.129E+3  5.930E+2) region-2=( 1.920E+3  1.009E+3) viewport=[0,0,1920,1009] scissor=[0,213,1920,652]/false drawFbo=18 readFbo=18 drawBuffer=36064 readBuffer=36064 drawStatus=8cd5
[02Oct2026 18:55:36.162] [Render thread/INFO] [SuperResolution/]: SR_DIAG BEFORE_SR fbo=18 attachment=8ce0 texture=64 mip=0 size=1920x1009 internalFormat=881a
[02Oct2026 18:55:36.162] [Render thread/INFO] [SuperResolution/]: SR_DIAG texture color id=64 size=1920x1009 format=RGBA16F target/type=Texture2D glInternalFormat=881a
[02Oct2026 18:55:36.162] [Render thread/INFO] [SuperResolution/]: SR_DIAG texture depth id=5 size=1920x1009 format=DEPTH24 target/type=Texture2D glInternalFormat=1902
[02Oct2026 18:55:36.162] [Render thread/INFO] [SuperResolution/]: SR_DIAG depth depth id=5 bits=24 componentType=8c17
[02Oct2026 18:55:36.162] [Render thread/INFO] [SuperResolution/]: SR_DIAG texture motion_vectors id=86 size=1920x1009 format=RGBA16F target/type=Texture2D glInternalFormat=881a
[02Oct2026 18:55:36.162] [Render thread/INFO] [SuperResolution/]: SR_DIAG texture algorithm_color id=91 size=1129x593 format=RGBA16F target/type=Texture2D glInternalFormat=881a
[02Oct2026 18:55:36.162] [Render thread/INFO] [SuperResolution/]: SR_DIAG texture algorithm_depth id=95 size=1129x593 format=DEPTH24 target/type=Texture2D glInternalFormat=81a6
[02Oct2026 18:55:36.162] [Render thread/INFO] [SuperResolution/]: SR_DIAG depth algorithm_depth id=95 bits=24 componentType=8c17
[02Oct2026 18:55:36.162] [Render thread/INFO] [SuperResolution/]: SR_DIAG texture algorithm_motion_vectors id=96 size=1129x593 format=RGBA16F target/type=Texture2D glInternalFormat=881a
[02Oct2026 18:55:36.363] [Render thread/INFO] [SuperResolution/]: SR_DIAG texture SR_output id=88 size=1920x1009 format=RGBA16F target/type=Texture2D glInternalFormat=881a
[02Oct2026 18:55:36.363] [Render thread/INFO] [SuperResolution/]: SR_DIAG texture autotex3/output_target id=64 size=1920x1009 format=RGBA16F target/type=Texture2D glInternalFormat=881a
[02Oct2026 18:55:36.363] [Render thread/INFO] [SuperResolution/]: SR_DIAG AFTER_SR render=( 1.129E+3  5.930E+2) display=( 1.920E+3  1.009E+3) region-1=( 1.129E+3  5.930E+2) region-2=( 1.920E+3  1.009E+3) viewport=[0,0,1920,1009] scissor=[0,213,1920,652]/false drawFbo=18 readFbo=18 drawBuffer=36064 readBuffer=36064 drawStatus=8cd5
[02Oct2026 18:55:36.363] [Render thread/INFO] [SuperResolution/]: SR_DIAG AFTER_SR fbo=18 attachment=8ce0 texture=64 mip=0 size=1920x1009 internalFormat=881a
[02Oct2026 18:55:36.363] [Render thread/INFO] [SuperResolution/]: SR_DIAG AFTER_PASS:composite7 render=( 1.129E+3  5.930E+2) display=( 1.920E+3  1.009E+3) region-1=( 1.129E+3  5.930E+2) region-2=( 1.920E+3  1.009E+3) viewport=[0,0,1920,1009] scissor=[0,213,1920,652]/false drawFbo=19 readFbo=19 drawBuffer=36064 readBuffer=36064 drawStatus=8cd5
[02Oct2026 18:55:36.363] [Render thread/INFO] [SuperResolution/]: SR_DIAG AFTER_PASS:composite7 fbo=19 attachment=8ce0 texture=63 mip=0 size=1920x1009 internalFormat=881a
[02Oct2026 18:55:36.363] [Render thread/INFO] [SuperResolution/]: SR_DIAG FINAL_PIPELINE render=( 1.129E+3  5.930E+2) display=( 1.920E+3  1.009E+3) region-1=( 1.129E+3  5.930E+2) region-2=( 1.920E+3  1.009E+3) viewport=[0,0,1920,1009] scissor=[0,213,1920,652]/false drawFbo=1 readFbo=1 drawBuffer=36064 readBuffer=36064 drawStatus=8cd5
[02Oct2026 18:55:36.363] [Render thread/INFO] [SuperResolution/]: SR_DIAG FINAL_PIPELINE fbo=1 attachment=8ce0 texture=1 mip=0 size=1920x1009 internalFormat=8058
[02Oct2026 18:55:36.363] [Render thread/INFO] [SuperResolution/]: SR_DIAG FINAL_PIPELINE fbo=1 attachment=8d00 texture=5 mip=0 size=1920x1009 internalFormat=1902
[02Oct2026 18:55:38.745] [SR-ExtraResource-Getter-nvngx_dlss.dll/INFO] [io.homo.superresolution.common.upscale.algo.dlss.NgxDlssLatestProvider/]: Resolved latest dlss object from NGX: app_E658700 = 310.9.0, https://ngx.download.nvidia.com/dev-models/org/nvidia/team/ngx/models/dlss/versions/20318464/files/160_E658700.bin
[02Oct2026 18:55:46.164] [Render thread/INFO] [SuperResolution/]: SR_DIAG BEFORE_PASS:deferred1 render=( 1.129E+3  5.930E+2) display=( 1.920E+3  1.009E+3) region-1=( 1.129E+3  5.930E+2) region-2=( 1.920E+3  1.009E+3) viewport=[0,0,1920,1009] scissor=[0,213,1920,652]/false drawFbo=1 readFbo=1 drawBuffer=36064 readBuffer=36064 drawStatus=8cd5
[02Oct2026 18:55:46.165] [Render thread/INFO] [SuperResolution/]: SR_DIAG BEFORE_PASS:deferred1 fbo=1 attachment=8ce0 texture=1 mip=0 size=1920x1009 internalFormat=8058
[02Oct2026 18:55:46.165] [Render thread/INFO] [SuperResolution/]: SR_DIAG BEFORE_PASS:deferred1 fbo=1 attachment=8d00 texture=5 mip=0 size=1920x1009 internalFormat=1902
[02Oct2026 18:55:46.165] [Render thread/INFO] [SuperResolution/]: SR_DIAG AFTER_PASS:deferred1 render=( 1.129E+3  5.930E+2) display=( 1.920E+3  1.009E+3) region-1=( 1.129E+3  5.930E+2) region-2=( 1.920E+3  1.009E+3) viewport=[0,0,1920,1009] scissor=[0,213,1920,652]/false drawFbo=12 readFbo=12 drawBuffer=36064 readBuffer=36064 drawStatus=8cd5
[02Oct2026 18:55:46.165] [Render thread/INFO] [SuperResolution/]: SR_DIAG AFTER_PASS:deferred1 fbo=12 attachment=8ce0 texture=56 mip=0 size=1920x1009 internalFormat=8c3a
[02Oct2026 18:55:46.165] [Render thread/INFO] [SuperResolution/]: SR_DIAG BEFORE_PASS:composite render=( 1.129E+3  5.930E+2) display=( 1.920E+3  1.009E+3) region-1=( 1.129E+3  5.930E+2) region-2=( 1.920E+3  1.009E+3) viewport=[0,0,1920,1009] scissor=[0,213,1920,652]/false drawFbo=1 readFbo=1 drawBuffer=36064 readBuffer=36064 drawStatus=8cd5
[02Oct2026 18:55:46.165] [Render thread/INFO] [SuperResolution/]: SR_DIAG BEFORE_PASS:composite fbo=1 attachment=8ce0 texture=1 mip=0 size=1920x1009 internalFormat=8058
[02Oct2026 18:55:46.165] [Render thread/INFO] [SuperResolution/]: SR_DIAG BEFORE_PASS:composite fbo=1 attachment=8d00 texture=5 mip=0 size=1920x1009 internalFormat=1902
[02Oct2026 18:55:46.165] [Render thread/INFO] [SuperResolution/]: SR_DIAG AFTER_PASS:composite render=( 1.129E+3  5.930E+2) display=( 1.920E+3  1.009E+3) region-1=( 1.129E+3  5.930E+2) region-2=( 1.920E+3  1.009E+3) viewport=[0,0,960,504] scissor=[0,213,1920,652]/false drawFbo=13 readFbo=13 drawBuffer=36064 readBuffer=36064 drawStatus=8cd5
[02Oct2026 18:55:46.166] [Render thread/INFO] [SuperResolution/]: SR_DIAG AFTER_PASS:composite fbo=13 attachment=8ce0 texture=80 mip=0 size=960x504 internalFormat=881a
[02Oct2026 18:55:46.166] [Render thread/INFO] [SuperResolution/]: SR_DIAG BEFORE_PASS:composite1 render=( 1.129E+3  5.930E+2) display=( 1.920E+3  1.009E+3) region-1=( 1.129E+3  5.930E+2) region-2=( 1.920E+3  1.009E+3) viewport=[0,0,960,504] scissor=[0,213,1920,652]/false drawFbo=13 readFbo=13 drawBuffer=36064 readBuffer=36064 drawStatus=8cd5
[02Oct2026 18:55:46.166] [Render thread/INFO] [SuperResolution/]: SR_DIAG BEFORE_PASS:composite1 fbo=13 attachment=8ce0 texture=80 mip=0 size=960x504 internalFormat=881a
[02Oct2026 18:55:46.166] [Render thread/INFO] [SuperResolution/]: SR_DIAG AFTER_PASS:composite1 render=( 1.129E+3  5.930E+2) display=( 1.920E+3  1.009E+3) region-1=( 1.129E+3  5.930E+2) region-2=( 1.920E+3  1.009E+3) viewport=[0,0,1920,1009] scissor=[0,213,1920,652]/false drawFbo=14 readFbo=14 drawBuffer=36064 readBuffer=36064 drawStatus=8cd5
[02Oct2026 18:55:46.166] [Render thread/INFO] [SuperResolution/]: SR_DIAG AFTER_PASS:composite1 fbo=14 attachment=8ce0 texture=55 mip=0 size=1920x1009 internalFormat=8c3a
[02Oct2026 18:55:46.166] [Render thread/INFO] [SuperResolution/]: SR_DIAG BEFORE_PASS:composite3 render=( 1.129E+3  5.930E+2) display=( 1.920E+3  1.009E+3) region-1=( 1.129E+3  5.930E+2) region-2=( 1.920E+3  1.009E+3) viewport=[0,0,1920,1009] scissor=[0,213,1920,652]/false drawFbo=14 readFbo=14 drawBuffer=36064 readBuffer=36064 drawStatus=8cd5
[02Oct2026 18:55:46.166] [Render thread/INFO] [SuperResolution/]: SR_DIAG BEFORE_PASS:composite3 fbo=14 attachment=8ce0 texture=55 mip=0 size=1920x1009 internalFormat=8c3a
[02Oct2026 18:55:46.166] [Render thread/INFO] [SuperResolution/]: SR_DIAG AFTER_PASS:composite3 render=( 1.129E+3  5.930E+2) display=( 1.920E+3  1.009E+3) region-1=( 1.129E+3  5.930E+2) region-2=( 1.920E+3  1.009E+3) viewport=[0,0,1920,1009] scissor=[0,213,1920,652]/false drawFbo=15 readFbo=15 drawBuffer=36064 readBuffer=36064 drawStatus=8cd5
[02Oct2026 18:55:46.166] [Render thread/INFO] [SuperResolution/]: SR_DIAG AFTER_PASS:composite3 fbo=15 attachment=8ce0 texture=56 mip=0 size=1920x1009 internalFormat=8c3a
[02Oct2026 18:55:46.166] [Render thread/INFO] [SuperResolution/]: SR_DIAG BEFORE_PASS:composite4 render=( 1.129E+3  5.930E+2) display=( 1.920E+3  1.009E+3) region-1=( 1.129E+3  5.930E+2) region-2=( 1.920E+3  1.009E+3) viewport=[0,0,1920,1009] scissor=[0,213,1920,652]/false drawFbo=15 readFbo=15 drawBuffer=36064 readBuffer=36064 drawStatus=8cd5
[02Oct2026 18:55:46.166] [Render thread/INFO] [SuperResolution/]: SR_DIAG BEFORE_PASS:composite4 fbo=15 attachment=8ce0 texture=56 mip=0 size=1920x1009 internalFormat=8c3a
[02Oct2026 18:55:46.166] [Render thread/INFO] [SuperResolution/]: SR_DIAG AFTER_PASS:composite4 render=( 1.129E+3  5.930E+2) display=( 1.920E+3  1.009E+3) region-1=( 1.129E+3  5.930E+2) region-2=( 1.920E+3  1.009E+3) viewport=[0,0,1920,1009] scissor=[0,213,1920,652]/false drawFbo=16 readFbo=16 drawBuffer=36064 readBuffer=36064 drawStatus=8cd5
[02Oct2026 18:55:46.167] [Render thread/INFO] [SuperResolution/]: SR_DIAG AFTER_PASS:composite4 fbo=16 attachment=8ce0 texture=64 mip=0 size=1920x1009 internalFormat=881a
[02Oct2026 18:55:46.167] [Render thread/INFO] [SuperResolution/]: SR_DIAG BEFORE_PASS:composite5 render=( 1.129E+3  5.930E+2) display=( 1.920E+3  1.009E+3) region-1=( 1.129E+3  5.930E+2) region-2=( 1.920E+3  1.009E+3) viewport=[0,0,1920,1009] scissor=[0,213,1920,652]/false drawFbo=16 readFbo=16 drawBuffer=36064 readBuffer=36064 drawStatus=8cd5
[02Oct2026 18:55:46.167] [Render thread/INFO] [SuperResolution/]: SR_DIAG BEFORE_PASS:composite5 fbo=16 attachment=8ce0 texture=64 mip=0 size=1920x1009 internalFormat=881a
[02Oct2026 18:55:46.167] [Render thread/INFO] [SuperResolution/]: SR_DIAG AFTER_PASS:composite5 render=( 1.129E+3  5.930E+2) display=( 1.920E+3  1.009E+3) region-1=( 1.129E+3  5.930E+2) region-2=( 1.920E+3  1.009E+3) viewport=[0,0,1920,1009] scissor=[0,213,1920,652]/false drawFbo=17 readFbo=17 drawBuffer=36064 readBuffer=36064 drawStatus=8cd5
[02Oct2026 18:55:46.167] [Render thread/INFO] [SuperResolution/]: SR_DIAG AFTER_PASS:composite5 fbo=17 attachment=8ce0 texture=63 mip=0 size=1920x1009 internalFormat=881a
[02Oct2026 18:55:46.167] [Render thread/INFO] [SuperResolution/]: SR_DIAG BEFORE_PASS:composite6 render=( 1.129E+3  5.930E+2) display=( 1.920E+3  1.009E+3) region-1=( 1.129E+3  5.930E+2) region-2=( 1.920E+3  1.009E+3) viewport=[0,0,1920,1009] scissor=[0,213,1920,652]/false drawFbo=17 readFbo=17 drawBuffer=36064 readBuffer=36064 drawStatus=8cd5
[02Oct2026 18:55:46.167] [Render thread/INFO] [SuperResolution/]: SR_DIAG BEFORE_PASS:composite6 fbo=17 attachment=8ce0 texture=63 mip=0 size=1920x1009 internalFormat=881a
[02Oct2026 18:55:46.168] [Render thread/INFO] [SuperResolution/]: SR_DIAG AFTER_PASS:composite6 render=( 1.129E+3  5.930E+2) display=( 1.920E+3  1.009E+3) region-1=( 1.129E+3  5.930E+2) region-2=( 1.920E+3  1.009E+3) viewport=[0,0,1920,1009] scissor=[0,213,1920,652]/false drawFbo=18 readFbo=18 drawBuffer=36064 readBuffer=36064 drawStatus=8cd5
[02Oct2026 18:55:46.168] [Render thread/INFO] [SuperResolution/]: SR_DIAG AFTER_PASS:composite6 fbo=18 attachment=8ce0 texture=64 mip=0 size=1920x1009 internalFormat=881a
[02Oct2026 18:55:46.168] [Render thread/INFO] [SuperResolution/]: SR_DIAG BEFORE_PASS:composite7 render=( 1.129E+3  5.930E+2) display=( 1.920E+3  1.009E+3) region-1=( 1.129E+3  5.930E+2) region-2=( 1.920E+3  1.009E+3) viewport=[0,0,1920,1009] scissor=[0,213,1920,652]/false drawFbo=18 readFbo=18 drawBuffer=36064 readBuffer=36064 drawStatus=8cd5
[02Oct2026 18:55:46.168] [Render thread/INFO] [SuperResolution/]: SR_DIAG BEFORE_PASS:composite7 fbo=18 attachment=8ce0 texture=64 mip=0 size=1920x1009 internalFormat=881a
[02Oct2026 18:55:46.168] [Render thread/INFO] [SuperResolution/]: SR_DIAG BEFORE_SR render=( 1.129E+3  5.930E+2) display=( 1.920E+3  1.009E+3) region-1=( 1.129E+3  5.930E+2) region-2=( 1.920E+3  1.009E+3) viewport=[0,0,1920,1009] scissor=[0,213,1920,652]/false drawFbo=18 readFbo=18 drawBuffer=36064 readBuffer=36064 drawStatus=8cd5
[02Oct2026 18:55:46.168] [Render thread/INFO] [SuperResolution/]: SR_DIAG BEFORE_SR fbo=18 attachment=8ce0 texture=64 mip=0 size=1920x1009 internalFormat=881a
[02Oct2026 18:55:46.168] [Render thread/INFO] [SuperResolution/]: SR_DIAG texture color id=64 size=1920x1009 format=RGBA16F target/type=Texture2D glInternalFormat=881a
[02Oct2026 18:55:46.168] [Render thread/INFO] [SuperResolution/]: SR_DIAG texture depth id=5 size=1920x1009 format=DEPTH24 target/type=Texture2D glInternalFormat=1902
[02Oct2026 18:55:46.168] [Render thread/INFO] [SuperResolution/]: SR_DIAG depth depth id=5 bits=24 componentType=8c17
[02Oct2026 18:55:46.168] [Render thread/INFO] [SuperResolution/]: SR_DIAG texture motion_vectors id=86 size=1920x1009 format=RGBA16F target/type=Texture2D glInternalFormat=881a
[02Oct2026 18:55:46.168] [Render thread/INFO] [SuperResolution/]: SR_DIAG texture algorithm_color id=91 size=1129x593 format=RGBA16F target/type=Texture2D glInternalFormat=881a
[02Oct2026 18:55:46.168] [Render thread/INFO] [SuperResolution/]: SR_DIAG texture algorithm_depth id=95 size=1129x593 format=DEPTH24 target/type=Texture2D glInternalFormat=81a6
[02Oct2026 18:55:46.168] [Render thread/INFO] [SuperResolution/]: SR_DIAG depth algorithm_depth id=95 bits=24 componentType=8c17
[02Oct2026 18:55:46.168] [Render thread/INFO] [SuperResolution/]: SR_DIAG texture algorithm_motion_vectors id=96 size=1129x593 format=RGBA16F target/type=Texture2D glInternalFormat=881a
[02Oct2026 18:55:46.373] [Render thread/INFO] [SuperResolution/]: SR_DIAG texture SR_output id=88 size=1920x1009 format=RGBA16F target/type=Texture2D glInternalFormat=881a
[02Oct2026 18:55:46.373] [Render thread/INFO] [SuperResolution/]: SR_DIAG texture autotex3/output_target id=64 size=1920x1009 format=RGBA16F target/type=Texture2D glInternalFormat=881a
[02Oct2026 18:55:46.373] [Render thread/INFO] [SuperResolution/]: SR_DIAG AFTER_SR render=( 1.129E+3  5.930E+2) display=( 1.920E+3  1.009E+3) region-1=( 1.129E+3  5.930E+2) region-2=( 1.920E+3  1.009E+3) viewport=[0,0,1920,1009] scissor=[0,213,1920,652]/false drawFbo=18 readFbo=18 drawBuffer=36064 readBuffer=36064 drawStatus=8cd5
[02Oct2026 18:55:46.373] [Render thread/INFO] [SuperResolution/]: SR_DIAG AFTER_SR fbo=18 attachment=8ce0 texture=64 mip=0 size=1920x1009 internalFormat=881a
[02Oct2026 18:55:46.373] [Render thread/INFO] [SuperResolution/]: SR_DIAG AFTER_PASS:composite7 render=( 1.129E+3  5.930E+2) display=( 1.920E+3  1.009E+3) region-1=( 1.129E+3  5.930E+2) region-2=( 1.920E+3  1.009E+3) viewport=[0,0,1920,1009] scissor=[0,213,1920,652]/false drawFbo=19 readFbo=19 drawBuffer=36064 readBuffer=36064 drawStatus=8cd5
[02Oct2026 18:55:46.374] [Render thread/INFO] [SuperResolution/]: SR_DIAG AFTER_PASS:composite7 fbo=19 attachment=8ce0 texture=63 mip=0 size=1920x1009 internalFormat=881a
[02Oct2026 18:55:46.374] [Render thread/INFO] [SuperResolution/]: SR_DIAG FINAL_PIPELINE render=( 1.129E+3  5.930E+2) display=( 1.920E+3  1.009E+3) region-1=( 1.129E+3  5.930E+2) region-2=( 1.920E+3  1.009E+3) viewport=[0,0,1920,1009] scissor=[0,213,1920,652]/false drawFbo=1 readFbo=1 drawBuffer=36064 readBuffer=36064 drawStatus=8cd5
[02Oct2026 18:55:46.374] [Render thread/INFO] [SuperResolution/]: SR_DIAG FINAL_PIPELINE fbo=1 attachment=8ce0 texture=1 mip=0 size=1920x1009 internalFormat=8058
[02Oct2026 18:55:46.374] [Render thread/INFO] [SuperResolution/]: SR_DIAG FINAL_PIPELINE fbo=1 attachment=8d00 texture=5 mip=0 size=1920x1009 internalFormat=1902
[02Oct2026 18:55:56.167] [Render thread/INFO] [SuperResolution/]: SR_DIAG BEFORE_PASS:deferred1 render=( 1.129E+3  5.930E+2) display=( 1.920E+3  1.009E+3) region-1=( 1.129E+3  5.930E+2) region-2=( 1.920E+3  1.009E+3) viewport=[0,0,1920,1009] scissor=[0,213,1920,652]/false drawFbo=1 readFbo=1 drawBuffer=36064 readBuffer=36064 drawStatus=8cd5
[02Oct2026 18:55:56.167] [Render thread/INFO] [SuperResolution/]: SR_DIAG BEFORE_PASS:deferred1 fbo=1 attachment=8ce0 texture=1 mip=0 size=1920x1009 internalFormat=8058
[02Oct2026 18:55:56.167] [Render thread/INFO] [SuperResolution/]: SR_DIAG BEFORE_PASS:deferred1 fbo=1 attachment=8d00 texture=5 mip=0 size=1920x1009 internalFormat=1902
[02Oct2026 18:55:56.167] [Render thread/INFO] [SuperResolution/]: SR_DIAG AFTER_PASS:deferred1 render=( 1.129E+3  5.930E+2) display=( 1.920E+3  1.009E+3) region-1=( 1.129E+3  5.930E+2) region-2=( 1.920E+3  1.009E+3) viewport=[0,0,1920,1009] scissor=[0,213,1920,652]/false drawFbo=12 readFbo=12 drawBuffer=36064 readBuffer=36064 drawStatus=8cd5
[02Oct2026 18:55:56.167] [Render thread/INFO] [SuperResolution/]: SR_DIAG AFTER_PASS:deferred1 fbo=12 attachment=8ce0 texture=56 mip=0 size=1920x1009 internalFormat=8c3a
[02Oct2026 18:55:56.167] [Render thread/INFO] [SuperResolution/]: SR_DIAG BEFORE_PASS:composite render=( 1.129E+3  5.930E+2) display=( 1.920E+3  1.009E+3) region-1=( 1.129E+3  5.930E+2) region-2=( 1.920E+3  1.009E+3) viewport=[0,0,1920,1009] scissor=[0,213,1920,652]/false drawFbo=1 readFbo=1 drawBuffer=36064 readBuffer=36064 drawStatus=8cd5
[02Oct2026 18:55:56.167] [Render thread/INFO] [SuperResolution/]: SR_DIAG BEFORE_PASS:composite fbo=1 attachment=8ce0 texture=1 mip=0 size=1920x1009 internalFormat=8058
[02Oct2026 18:55:56.167] [Render thread/INFO] [SuperResolution/]: SR_DIAG BEFORE_PASS:composite fbo=1 attachment=8d00 texture=5 mip=0 size=1920x1009 internalFormat=1902
[02Oct2026 18:55:56.167] [Render thread/INFO] [SuperResolution/]: SR_DIAG AFTER_PASS:composite render=( 1.129E+3  5.930E+2) display=( 1.920E+3  1.009E+3) region-1=( 1.129E+3  5.930E+2) region-2=( 1.920E+3  1.009E+3) viewport=[0,0,960,504] scissor=[0,213,1920,652]/false drawFbo=13 readFbo=13 drawBuffer=36064 readBuffer=36064 drawStatus=8cd5
[02Oct2026 18:55:56.167] [Render thread/INFO] [SuperResolution/]: SR_DIAG AFTER_PASS:composite fbo=13 attachment=8ce0 texture=80 mip=0 size=960x504 internalFormat=881a
[02Oct2026 18:55:56.167] [Render thread/INFO] [SuperResolution/]: SR_DIAG BEFORE_PASS:composite1 render=( 1.129E+3  5.930E+2) display=( 1.920E+3  1.009E+3) region-1=( 1.129E+3  5.930E+2) region-2=( 1.920E+3  1.009E+3) viewport=[0,0,960,504] scissor=[0,213,1920,652]/false drawFbo=13 readFbo=13 drawBuffer=36064 readBuffer=36064 drawStatus=8cd5
[02Oct2026 18:55:56.167] [Render thread/INFO] [SuperResolution/]: SR_DIAG BEFORE_PASS:composite1 fbo=13 attachment=8ce0 texture=80 mip=0 size=960x504 internalFormat=881a
[02Oct2026 18:55:56.167] [Render thread/INFO] [SuperResolution/]: SR_DIAG AFTER_PASS:composite1 render=( 1.129E+3  5.930E+2) display=( 1.920E+3  1.009E+3) region-1=( 1.129E+3  5.930E+2) region-2=( 1.920E+3  1.009E+3) viewport=[0,0,1920,1009] scissor=[0,213,1920,652]/false drawFbo=14 readFbo=14 drawBuffer=36064 readBuffer=36064 drawStatus=8cd5
[02Oct2026 18:55:56.167] [Render thread/INFO] [SuperResolution/]: SR_DIAG AFTER_PASS:composite1 fbo=14 attachment=8ce0 texture=55 mip=0 size=1920x1009 internalFormat=8c3a
[02Oct2026 18:55:56.167] [Render thread/INFO] [SuperResolution/]: SR_DIAG BEFORE_PASS:composite3 render=( 1.129E+3  5.930E+2) display=( 1.920E+3  1.009E+3) region-1=( 1.129E+3  5.930E+2) region-2=( 1.920E+3  1.009E+3) viewport=[0,0,1920,1009] scissor=[0,213,1920,652]/false drawFbo=14 readFbo=14 drawBuffer=36064 readBuffer=36064 drawStatus=8cd5
[02Oct2026 18:55:56.167] [Render thread/INFO] [SuperResolution/]: SR_DIAG BEFORE_PASS:composite3 fbo=14 attachment=8ce0 texture=55 mip=0 size=1920x1009 internalFormat=8c3a
[02Oct2026 18:55:56.169] [Render thread/INFO] [SuperResolution/]: SR_DIAG AFTER_PASS:composite3 render=( 1.129E+3  5.930E+2) display=( 1.920E+3  1.009E+3) region-1=( 1.129E+3  5.930E+2) region-2=( 1.920E+3  1.009E+3) viewport=[0,0,1920,1009] scissor=[0,213,1920,652]/false drawFbo=15 readFbo=15 drawBuffer=36064 readBuffer=36064 drawStatus=8cd5
[02Oct2026 18:55:56.169] [Render thread/INFO] [SuperResolution/]: SR_DIAG AFTER_PASS:composite3 fbo=15 attachment=8ce0 texture=56 mip=0 size=1920x1009 internalFormat=8c3a
[02Oct2026 18:55:56.169] [Render thread/INFO] [SuperResolution/]: SR_DIAG BEFORE_PASS:composite4 render=( 1.129E+3  5.930E+2) display=( 1.920E+3  1.009E+3) region-1=( 1.129E+3  5.930E+2) region-2=( 1.920E+3  1.009E+3) viewport=[0,0,1920,1009] scissor=[0,213,1920,652]/false drawFbo=15 readFbo=15 drawBuffer=36064 readBuffer=36064 drawStatus=8cd5
[02Oct2026 18:55:56.169] [Render thread/INFO] [SuperResolution/]: SR_DIAG BEFORE_PASS:composite4 fbo=15 attachment=8ce0 texture=56 mip=0 size=1920x1009 internalFormat=8c3a
[02Oct2026 18:55:56.169] [Render thread/INFO] [SuperResolution/]: SR_DIAG AFTER_PASS:composite4 render=( 1.129E+3  5.930E+2) display=( 1.920E+3  1.009E+3) region-1=( 1.129E+3  5.930E+2) region-2=( 1.920E+3  1.009E+3) viewport=[0,0,1920,1009] scissor=[0,213,1920,652]/false drawFbo=16 readFbo=16 drawBuffer=36064 readBuffer=36064 drawStatus=8cd5
[02Oct2026 18:55:56.169] [Render thread/INFO] [SuperResolution/]: SR_DIAG AFTER_PASS:composite4 fbo=16 attachment=8ce0 texture=64 mip=0 size=1920x1009 internalFormat=881a
[02Oct2026 18:55:56.169] [Render thread/INFO] [SuperResolution/]: SR_DIAG BEFORE_PASS:composite5 render=( 1.129E+3  5.930E+2) display=( 1.920E+3  1.009E+3) region-1=( 1.129E+3  5.930E+2) region-2=( 1.920E+3  1.009E+3) viewport=[0,0,1920,1009] scissor=[0,213,1920,652]/false drawFbo=16 readFbo=16 drawBuffer=36064 readBuffer=36064 drawStatus=8cd5
[02Oct2026 18:55:56.169] [Render thread/INFO] [SuperResolution/]: SR_DIAG BEFORE_PASS:composite5 fbo=16 attachment=8ce0 texture=64 mip=0 size=1920x1009 internalFormat=881a
[02Oct2026 18:55:56.169] [Render thread/INFO] [SuperResolution/]: SR_DIAG AFTER_PASS:composite5 render=( 1.129E+3  5.930E+2) display=( 1.920E+3  1.009E+3) region-1=( 1.129E+3  5.930E+2) region-2=( 1.920E+3  1.009E+3) viewport=[0,0,1920,1009] scissor=[0,213,1920,652]/false drawFbo=17 readFbo=17 drawBuffer=36064 readBuffer=36064 drawStatus=8cd5
[02Oct2026 18:55:56.169] [Render thread/INFO] [SuperResolution/]: SR_DIAG AFTER_PASS:composite5 fbo=17 attachment=8ce0 texture=63 mip=0 size=1920x1009 internalFormat=881a
[02Oct2026 18:55:56.169] [Render thread/INFO] [SuperResolution/]: SR_DIAG BEFORE_PASS:composite6 render=( 1.129E+3  5.930E+2) display=( 1.920E+3  1.009E+3) region-1=( 1.129E+3  5.930E+2) region-2=( 1.920E+3  1.009E+3) viewport=[0,0,1920,1009] scissor=[0,213,1920,652]/false drawFbo=17 readFbo=17 drawBuffer=36064 readBuffer=36064 drawStatus=8cd5
[02Oct2026 18:55:56.169] [Render thread/INFO] [SuperResolution/]: SR_DIAG BEFORE_PASS:composite6 fbo=17 attachment=8ce0 texture=63 mip=0 size=1920x1009 internalFormat=881a
[02Oct2026 18:55:56.169] [Render thread/INFO] [SuperResolution/]: SR_DIAG AFTER_PASS:composite6 render=( 1.129E+3  5.930E+2) display=( 1.920E+3  1.009E+3) region-1=( 1.129E+3  5.930E+2) region-2=( 1.920E+3  1.009E+3) viewport=[0,0,1920,1009] scissor=[0,213,1920,652]/false drawFbo=18 readFbo=18 drawBuffer=36064 readBuffer=36064 drawStatus=8cd5
[02Oct2026 18:55:56.169] [Render thread/INFO] [SuperResolution/]: SR_DIAG AFTER_PASS:composite6 fbo=18 attachment=8ce0 texture=64 mip=0 size=1920x1009 internalFormat=881a
[02Oct2026 18:55:56.169] [Render thread/INFO] [SuperResolution/]: SR_DIAG BEFORE_PASS:composite7 render=( 1.129E+3  5.930E+2) display=( 1.920E+3  1.009E+3) region-1=( 1.129E+3  5.930E+2) region-2=( 1.920E+3  1.009E+3) viewport=[0,0,1920,1009] scissor=[0,213,1920,652]/false drawFbo=18 readFbo=18 drawBuffer=36064 readBuffer=36064 drawStatus=8cd5
[02Oct2026 18:55:56.169] [Render thread/INFO] [SuperResolution/]: SR_DIAG BEFORE_PASS:composite7 fbo=18 attachment=8ce0 texture=64 mip=0 size=1920x1009 internalFormat=881a
[02Oct2026 18:55:56.169] [Render thread/INFO] [SuperResolution/]: SR_DIAG BEFORE_SR render=( 1.129E+3  5.930E+2) display=( 1.920E+3  1.009E+3) region-1=( 1.129E+3  5.930E+2) region-2=( 1.920E+3  1.009E+3) viewport=[0,0,1920,1009] scissor=[0,213,1920,652]/false drawFbo=18 readFbo=18 drawBuffer=36064 readBuffer=36064 drawStatus=8cd5
[02Oct2026 18:55:56.169] [Render thread/INFO] [SuperResolution/]: SR_DIAG BEFORE_SR fbo=18 attachment=8ce0 texture=64 mip=0 size=1920x1009 internalFormat=881a
[02Oct2026 18:55:56.169] [Render thread/INFO] [SuperResolution/]: SR_DIAG texture color id=64 size=1920x1009 format=RGBA16F target/type=Texture2D glInternalFormat=881a
[02Oct2026 18:55:56.169] [Render thread/INFO] [SuperResolution/]: SR_DIAG texture depth id=5 size=1920x1009 format=DEPTH24 target/type=Texture2D glInternalFormat=1902
[02Oct2026 18:55:56.169] [Render thread/INFO] [SuperResolution/]: SR_DIAG depth depth id=5 bits=24 componentType=8c17
[02Oct2026 18:55:56.169] [Render thread/INFO] [SuperResolution/]: SR_DIAG texture motion_vectors id=86 size=1920x1009 format=RGBA16F target/type=Texture2D glInternalFormat=881a
[02Oct2026 18:55:56.169] [Render thread/INFO] [SuperResolution/]: SR_DIAG texture algorithm_color id=91 size=1129x593 format=RGBA16F target/type=Texture2D glInternalFormat=881a
[02Oct2026 18:55:56.169] [Render thread/INFO] [SuperResolution/]: SR_DIAG texture algorithm_depth id=95 size=1129x593 format=DEPTH24 target/type=Texture2D glInternalFormat=81a6
[02Oct2026 18:55:56.169] [Render thread/INFO] [SuperResolution/]: SR_DIAG depth algorithm_depth id=95 bits=24 componentType=8c17
[02Oct2026 18:55:56.169] [Render thread/INFO] [SuperResolution/]: SR_DIAG texture algorithm_motion_vectors id=96 size=1129x593 format=RGBA16F target/type=Texture2D glInternalFormat=881a
[02Oct2026 18:55:56.382] [Render thread/INFO] [SuperResolution/]: SR_DIAG texture SR_output id=88 size=1920x1009 format=RGBA16F target/type=Texture2D glInternalFormat=881a
[02Oct2026 18:55:56.382] [Render thread/INFO] [SuperResolution/]: SR_DIAG texture autotex3/output_target id=64 size=1920x1009 format=RGBA16F target/type=Texture2D glInternalFormat=881a
[02Oct2026 18:55:56.382] [Render thread/INFO] [SuperResolution/]: SR_DIAG AFTER_SR render=( 1.129E+3  5.930E+2) display=( 1.920E+3  1.009E+3) region-1=( 1.129E+3  5.930E+2) region-2=( 1.920E+3  1.009E+3) viewport=[0,0,1920,1009] scissor=[0,213,1920,652]/false drawFbo=18 readFbo=18 drawBuffer=36064 readBuffer=36064 drawStatus=8cd5
[02Oct2026 18:55:56.382] [Render thread/INFO] [SuperResolution/]: SR_DIAG AFTER_SR fbo=18 attachment=8ce0 texture=64 mip=0 size=1920x1009 internalFormat=881a
[02Oct2026 18:55:56.382] [Render thread/INFO] [SuperResolution/]: SR_DIAG AFTER_PASS:composite7 render=( 1.129E+3  5.930E+2) display=( 1.920E+3  1.009E+3) region-1=( 1.129E+3  5.930E+2) region-2=( 1.920E+3  1.009E+3) viewport=[0,0,1920,1009] scissor=[0,213,1920,652]/false drawFbo=19 readFbo=19 drawBuffer=36064 readBuffer=36064 drawStatus=8cd5
[02Oct2026 18:55:56.382] [Render thread/INFO] [SuperResolution/]: SR_DIAG AFTER_PASS:composite7 fbo=19 attachment=8ce0 texture=63 mip=0 size=1920x1009 internalFormat=881a
[02Oct2026 18:55:56.383] [Render thread/INFO] [SuperResolution/]: SR_DIAG FINAL_PIPELINE render=( 1.129E+3  5.930E+2) display=( 1.920E+3  1.009E+3) region-1=( 1.129E+3  5.930E+2) region-2=( 1.920E+3  1.009E+3) viewport=[0,0,1920,1009] scissor=[0,213,1920,652]/false drawFbo=1 readFbo=1 drawBuffer=36064 readBuffer=36064 drawStatus=8cd5
[02Oct2026 18:55:56.383] [Render thread/INFO] [SuperResolution/]: SR_DIAG FINAL_PIPELINE fbo=1 attachment=8ce0 texture=1 mip=0 size=1920x1009 internalFormat=8058
[02Oct2026 18:55:56.383] [Render thread/INFO] [SuperResolution/]: SR_DIAG FINAL_PIPELINE fbo=1 attachment=8d00 texture=5 mip=0 size=1920x1009 internalFormat=1902
[02Oct2026 18:55:58.002] [Render thread/INFO] [SuperResolution/]: Failed to initialize algorithm NVIDIA DLSS:
[02Oct2026 18:55:58.002] [Render thread/ERROR] [SuperResolution/]: Algorithm initialization failure details
java.lang.IllegalStateException: NGX is unavailable for the current GPU
	at TRANSFORMER/super_resolution@0.9.2-alpha.1+dev.2ae956e6.opengl/io.homo.superresolution.common.upscale.algo.dlss.DLSS.recreateNgxContext(DLSS.java:88) ~[super_resolution-neoforge-1.21..1.21.1-0.9.2-alpha.1+dev.2ae956e6.opengl-fg-metadata.jar%23175!/:?]
	at TRANSFORMER/super_resolution@0.9.2-alpha.1+dev.2ae956e6.opengl/io.homo.superresolution.common.upscale.algo.dlss.DLSS.onInteropResourcesCreated(DLSS.java:73) ~[super_resolution-neoforge-1.21..1.21.1-0.9.2-alpha.1+dev.2ae956e6.opengl-fg-metadata.jar%23175!/:?]
	at TRANSFORMER/super_resolution@0.9.2-alpha.1+dev.2ae956e6.opengl/io.homo.superresolution.common.upscale.interoplayer.GlVulkanInteropAlgorithm.initialize(GlVulkanInteropAlgorithm.java:196) ~[super_resolution-neoforge-1.21..1.21.1-0.9.2-alpha.1+dev.2ae956e6.opengl-fg-metadata.jar%23175!/:?]
	at TRANSFORMER/super_resolution@0.9.2-alpha.1+dev.2ae956e6.opengl/io.homo.superresolution.common.SuperResolution.createAlgorithm(SuperResolution.java:387) ~[super_resolution-neoforge-1.21..1.21.1-0.9.2-alpha.1+dev.2ae956e6.opengl-fg-metadata.jar%23175!/:?]
	at TRANSFORMER/super_resolution@0.9.2-alpha.1+dev.2ae956e6.opengl/io.homo.superresolution.common.SuperResolution.createAlgorithm(SuperResolution.java:327) ~[super_resolution-neoforge-1.21..1.21.1-0.9.2-alpha.1+dev.2ae956e6.opengl-fg-metadata.jar%23175!/:?]
	at TRANSFORMER/super_resolution@0.9.2-alpha.1+dev.2ae956e6.opengl/io.homo.superresolution.common.config.SuperResolutionConfig.setUpscaleAlgorithm(SuperResolutionConfig.java:502) ~[super_resolution-neoforge-1.21..1.21.1-0.9.2-alpha.1+dev.2ae956e6.opengl-fg-metadata.jar%23175!/:?]
	at TRANSFORMER/super_resolution@0.9.2-alpha.1+dev.2ae956e6.opengl/io.homo.superresolution.common.gui.config.pages.GeneralPage.lambda$build$8(GeneralPage.java:157) ~[super_resolution-neoforge-1.21..1.21.1-0.9.2-alpha.1+dev.2ae956e6.opengl-fg-metadata.jar%23175!/:?]
	at TRANSFORMER/super_resolution@0.9.2-alpha.1+dev.2ae956e6.opengl/io.homo.superresolution.common.gui.options.SelectionListOptionEntry.lambda$initWidget$1(SelectionListOptionEntry.java:172) ~[super_resolution-neoforge-1.21..1.21.1-0.9.2-alpha.1+dev.2ae956e6.opengl-fg-metadata.jar%23175!/:?]
	at MC-BOOTSTRAP/net.neoforged.bus/net.neoforged.bus.ConsumerEventHandler.invoke(ConsumerEventHandler.java:27) ~[bus-8.0.5.jar%23134!/:?]
	at MC-BOOTSTRAP/net.neoforged.bus/net.neoforged.bus.EventBus.post(EventBus.java:360) ~[bus-8.0.5.jar%23134!/:?]
	at MC-BOOTSTRAP/net.neoforged.bus/net.neoforged.bus.EventBus.post(EventBus.java:328) ~[bus-8.0.5.jar%23134!/:?]
	at TRANSFORMER/super_resolution@0.9.2-alpha.1+dev.2ae956e6.opengl/io.homo.superresolution.core.gui.widgets.select.MaterialSelect.handleSelection(MaterialSelect.java:497) ~[super_resolution-neoforge-1.21..1.21.1-0.9.2-alpha.1+dev.2ae956e6.opengl-fg-metadata.jar%23175!/:?]
	at TRANSFORMER/super_resolution@0.9.2-alpha.1+dev.2ae956e6.opengl/io.homo.superresolution.core.gui.widgets.select.MaterialSelect.lambda$addOption$2(MaterialSelect.java:446) ~[super_resolution-neoforge-1.21..1.21.1-0.9.2-alpha.1+dev.2ae956e6.opengl-fg-metadata.jar%23175!/:?]
	at TRANSFORMER/super_resolution@0.9.2-alpha.1+dev.2ae956e6.opengl/io.homo.superresolution.core.gui.widgets.menu.MaterialMenuItem.setSelectedInternal(MaterialMenuItem.java:331) ~[super_resolution-neoforge-1.21..1.21.1-0.9.2-alpha.1+dev.2ae956e6.opengl-fg-metadata.jar%23175!/:?]
	at TRANSFORMER/super_resolution@0.9.2-alpha.1+dev.2ae956e6.opengl/io.homo.superresolution.core.gui.widgets.menu.MaterialMenu.handleItemSelection(MaterialMenu.java:410) ~[super_resolution-neoforge-1.21..1.21.1-0.9.2-alpha.1+dev.2ae956e6.opengl-fg-metadata.jar%23175!/:?]
	at TRANSFORMER/super_resolution@0.9.2-alpha.1+dev.2ae956e6.opengl/io.homo.superresolution.core.gui.widgets.menu.MaterialMenu.handleItemSelection(MaterialMenu.java:372) ~[super_resolution-neoforge-1.21..1.21.1-0.9.2-alpha.1+dev.2ae956e6.opengl-fg-metadata.jar%23175!/:?]
	at TRANSFORMER/super_resolution@0.9.2-alpha.1+dev.2ae956e6.opengl/io.homo.superresolution.core.gui.widgets.menu.MaterialMenuItem.handleSelectionClick(MaterialMenuItem.java:283) ~[super_resolution-neoforge-1.21..1.21.1-0.9.2-alpha.1+dev.2ae956e6.opengl-fg-metadata.jar%23175!/:?]
	at TRANSFORMER/super_resolution@0.9.2-alpha.1+dev.2ae956e6.opengl/io.homo.superresolution.core.gui.widgets.menu.MaterialMenuItem._onClick(MaterialMenuItem.java:143) ~[super_resolution-neoforge-1.21..1.21.1-0.9.2-alpha.1+dev.2ae956e6.opengl-fg-metadata.jar%23175!/:?]
	at MC-BOOTSTRAP/net.neoforged.bus/net.neoforged.bus.ConsumerEventHandler.invoke(ConsumerEventHandler.java:27) ~[bus-8.0.5.jar%23134!/:?]
	at MC-BOOTSTRAP/net.neoforged.bus/net.neoforged.bus.EventBus.post(EventBus.java:360) ~[bus-8.0.5.jar%23134!/:?]
	at MC-BOOTSTRAP/net.neoforged.bus/net.neoforged.bus.EventBus.post(EventBus.java:328) ~[bus-8.0.5.jar%23134!/:?]
	at TRANSFORMER/super_resolution@0.9.2-alpha.1+dev.2ae956e6.opengl/io.homo.superresolution.core.gui.widgets.menu.MaterialMenuItem.onPress(MaterialMenuItem.java:133) ~[super_resolution-neoforge-1.21..1.21.1-0.9.2-alpha.1+dev.2ae956e6.opengl-fg-metadata.jar%23175!/:?]
	at MC-BOOTSTRAP/net.neoforged.bus/net.neoforged.bus.ConsumerEventHandler.invoke(ConsumerEventHandler.java:27) ~[bus-8.0.5.jar%23134!/:?]
	at MC-BOOTSTRAP/net.neoforged.bus/net.neoforged.bus.EventBus.post(EventBus.java:360) ~[bus-8.0.5.jar%23134!/:?]
	at MC-BOOTSTRAP/net.neoforged.bus/net.neoforged.bus.EventBus.post(EventBus.java:328) ~[bus-8.0.5.jar%23134!/:?]
	at TRANSFORMER/super_resolution@0.9.2-alpha.1+dev.2ae956e6.opengl/io.homo.superresolution.core.gui.core.AbstractWidget.mousePress(AbstractWidget.java:114) ~[super_resolution-neoforge-1.21..1.21.1-0.9.2-alpha.1+dev.2ae956e6.opengl-fg-metadata.jar%23175!/:?]
	at TRANSFORMER/super_resolution@0.9.2-alpha.1+dev.2ae956e6.opengl/io.homo.superresolution.core.gui.core.frame.Frame.dispatchMousePress(Frame.java:262) ~[super_resolution-neoforge-1.21..1.21.1-0.9.2-alpha.1+dev.2ae956e6.opengl-fg-metadata.jar%23175!/:?]
	at TRANSFORMER/super_resolution@0.9.2-alpha.1+dev.2ae956e6.opengl/io.homo.superresolution.core.gui.core.frame.ScrollableFrame.dispatchMousePress(ScrollableFrame.java:234) ~[super_resolution-neoforge-1.21..1.21.1-0.9.2-alpha.1+dev.2ae956e6.opengl-fg-metadata.jar%23175!/:?]
	at TRANSFORMER/super_resolution@0.9.2-alpha.1+dev.2ae956e6.opengl/io.homo.superresolution.core.gui.core.frame.ScrollableFrameWithScrollBar.dispatchMousePress(ScrollableFrameWithScrollBar.java:196) ~[super_resolution-neoforge-1.21..1.21.1-0.9.2-alpha.1+dev.2ae956e6.opengl-fg-metadata.jar%23175!/:?]
	at TRANSFORMER/super_resolution@0.9.2-alpha.1+dev.2ae956e6.opengl/io.homo.superresolution.core.gui.core.view.View.dispatchMousePress(View.java:255) ~[super_resolution-neoforge-1.21..1.21.1-0.9.2-alpha.1+dev.2ae956e6.opengl-fg-metadata.jar%23175!/:?]
	at TRANSFORMER/super_resolution@0.9.2-alpha.1+dev.2ae956e6.opengl/io.homo.superresolution.core.gui.WidgetEventScreen.dispatchMousePressToFrame(WidgetEventScreen.java:71) ~[super_resolution-neoforge-1.21..1.21.1-0.9.2-alpha.1+dev.2ae956e6.opengl-fg-metadata.jar%23175!/:?]
	at TRANSFORMER/super_resolution@0.9.2-alpha.1+dev.2ae956e6.opengl/io.homo.superresolution.core.gui.WidgetEventScreen.mouseClicked(WidgetEventScreen.java:183) ~[super_resolution-neoforge-1.21..1.21.1-0.9.2-alpha.1+dev.2ae956e6.opengl-fg-metadata.jar%23175!/:?]
	at TRANSFORMER/minecraft@1.21.1/net.minecraft.client.MouseHandler.lambda$onPress$0(MouseHandler.java:98) ~[neoforge-21.1.219.jar%23172!/:?]
	at TRANSFORMER/minecraft@1.21.1/net.minecraft.client.gui.screens.Screen.wrapScreenError(Screen.java:451) ~[neoforge-21.1.219.jar%23172!/:?]
	at TRANSFORMER/minecraft@1.21.1/net.minecraft.client.MouseHandler.onPress(MouseHandler.java:95) ~[neoforge-21.1.219.jar%23172!/:?]
	at TRANSFORMER/minecraft@1.21.1/net.minecraft.client.MouseHandler.lambda$setup$4(MouseHandler.java:202) ~[neoforge-21.1.219.jar%23172!/:?]
	at TRANSFORMER/minecraft@1.21.1/net.minecraft.util.thread.BlockableEventLoop.execute(BlockableEventLoop.java:98) ~[neoforge-21.1.219.jar%23172!/:?]
	at TRANSFORMER/minecraft@1.21.1/net.minecraft.client.MouseHandler.lambda$setup$5(MouseHandler.java:202) ~[neoforge-21.1.219.jar%23172!/:?]
	at MC-BOOTSTRAP/org.lwjgl.glfw@3.3.4+7/org.lwjgl.glfw.GLFWMouseButtonCallbackI.callback(GLFWMouseButtonCallbackI.java:43) ~[lwjgl-glfw-3.3.4.jar%23156!/:build 7]
	at MC-BOOTSTRAP/org.lwjgl@3.3.4+7/org.lwjgl.system.JNI.invokeV(Native Method) ~[lwjgl-3.3.4.jar%23167!/:build 7]
	at MC-BOOTSTRAP/org.lwjgl.glfw@3.3.4+7/org.lwjgl.glfw.GLFW.glfwPollEvents(GLFW.java:3501) ~[lwjgl-glfw-3.3.4.jar%23156!/:build 7]
	at TRANSFORMER/minecraft@1.21.1/com.mojang.blaze3d.systems.RenderSystem.pollEvents(RenderSystem.java:134) ~[neoforge-21.1.219.jar%23172!/:?]
	at TRANSFORMER/minecraft@1.21.1/com.mojang.blaze3d.systems.RenderSystem.invokePollEvents$super_resolution_$md$b40c84$2(RenderSystem.java) ~[neoforge-21.1.219.jar%23172!/:?]
	at TRANSFORMER/super_resolution@0.9.2-alpha.1+dev.2ae956e6.opengl/io.homo.superresolution.common.mixin.lowlatency.v1_21_1.RenderSystemAccessor.invokePollEvents(RenderSystemAccessor.java) ~[super_resolution-neoforge-1.21..1.21.1-0.9.2-alpha.1+dev.2ae956e6.opengl-fg-metadata.jar%23175!/:?]
	at TRANSFORMER/minecraft@1.21.1/net.minecraft.client.Minecraft.handler$zkp000$super_resolution$pollEvents(Minecraft.java:23551) ~[neoforge-21.1.219.jar%23172!/:?]
	at TRANSFORMER/minecraft@1.21.1/net.minecraft.client.Minecraft.run(Minecraft.java:806) ~[neoforge-21.1.219.jar%23172!/:?]
	at TRANSFORMER/minecraft@1.21.1/net.minecraft.client.main.Main.main(Main.java:230) ~[neoforge-21.1.219.jar%23172!/:?]
	at java.base/jdk.internal.reflect.DirectMethodHandleAccessor.invoke(DirectMethodHandleAccessor.java:103) ~[?:?]
	at java.base/java.lang.reflect.Method.invoke(Method.java:580) ~[?:?]
	at MC-BOOTSTRAP/fml_loader@4.0.42/net.neoforged.fml.loading.targets.CommonLaunchHandler.runTarget(CommonLaunchHandler.java:136) ~[loader-4.0.42.jar%23130!/:4.0]
	at MC-BOOTSTRAP/fml_loader@4.0.42/net.neoforged.fml.loading.targets.CommonLaunchHandler.clientService(CommonLaunchHandler.java:124) ~[loader-4.0.42.jar%23130!/:4.0]
	at MC-BOOTSTRAP/fml_loader@4.0.42/net.neoforged.fml.loading.targets.NeoForgeClientDevLaunchHandler.runService(NeoForgeClientDevLaunchHandler.java:23) ~[loader-4.0.42.jar%23130!/:4.0]
	at MC-BOOTSTRAP/fml_loader@4.0.42/net.neoforged.fml.loading.targets.CommonLaunchHandler.lambda$launchService$4(CommonLaunchHandler.java:118) ~[loader-4.0.42.jar%23130!/:4.0]
	at MC-BOOTSTRAP/cpw.mods.modlauncher@11.0.5/cpw.mods.modlauncher.LaunchServiceHandlerDecorator.launch(LaunchServiceHandlerDecorator.java:30) [modlauncher-11.0.5.jar%23112!/:?]
	at MC-BOOTSTRAP/cpw.mods.modlauncher@11.0.5/cpw.mods.modlauncher.LaunchServiceHandler.launch(LaunchServiceHandler.java:53) [modlauncher-11.0.5.jar%23112!/:?]
	at MC-BOOTSTRAP/cpw.mods.modlauncher@11.0.5/cpw.mods.modlauncher.LaunchServiceHandler.launch(LaunchServiceHandler.java:71) [modlauncher-11.0.5.jar%23112!/:?]
	at MC-BOOTSTRAP/cpw.mods.modlauncher@11.0.5/cpw.mods.modlauncher.Launcher.run(Launcher.java:103) [modlauncher-11.0.5.jar%23112!/:?]
	at MC-BOOTSTRAP/cpw.mods.modlauncher@11.0.5/cpw.mods.modlauncher.Launcher.main(Launcher.java:74) [modlauncher-11.0.5.jar%23112!/:?]
	at MC-BOOTSTRAP/cpw.mods.modlauncher@11.0.5/cpw.mods.modlauncher.BootstrapLaunchConsumer.accept(BootstrapLaunchConsumer.java:26) [modlauncher-11.0.5.jar%23112!/:?]
	at MC-BOOTSTRAP/cpw.mods.modlauncher@11.0.5/cpw.mods.modlauncher.BootstrapLaunchConsumer.accept(BootstrapLaunchConsumer.java:23) [modlauncher-11.0.5.jar%23112!/:?]
	at cpw.mods.bootstraplauncher@2.0.2/cpw.mods.bootstraplauncher.BootstrapLauncher.run(BootstrapLauncher.java:210) [bootstraplauncher-2.0.2.jar:?]
	at cpw.mods.bootstraplauncher@2.0.2/cpw.mods.bootstraplauncher.BootstrapLauncher.main(BootstrapLauncher.java:69) [bootstraplauncher-2.0.2.jar:?]
	at java.base/jdk.internal.reflect.DirectMethodHandleAccessor.invoke(DirectMethodHandleAccessor.java:103) ~[?:?]
	at java.base/java.lang.reflect.Method.invoke(Method.java:580) ~[?:?]
	at net.neoforged.devlaunch.Main.main(Main.java:57) [DevLaunch-1.0.2.jar:?]
[02Oct2026 18:55:58.008] [Render thread/ERROR] [SuperResolution/]: Failed to switch to algorithm NVIDIA DLSS; attempting rollback
java.lang.RuntimeException: Failed to create algorithm
	at TRANSFORMER/super_resolution@0.9.2-alpha.1+dev.2ae956e6.opengl/io.homo.superresolution.common.config.SuperResolutionConfig.setUpscaleAlgorithm(SuperResolutionConfig.java:503) ~[super_resolution-neoforge-1.21..1.21.1-0.9.2-alpha.1+dev.2ae956e6.opengl-fg-metadata.jar%23175!/:?]
	at TRANSFORMER/super_resolution@0.9.2-alpha.1+dev.2ae956e6.opengl/io.homo.superresolution.common.gui.config.pages.GeneralPage.lambda$build$8(GeneralPage.java:157) ~[super_resolution-neoforge-1.21..1.21.1-0.9.2-alpha.1+dev.2ae956e6.opengl-fg-metadata.jar%23175!/:?]
	at TRANSFORMER/super_resolution@0.9.2-alpha.1+dev.2ae956e6.opengl/io.homo.superresolution.common.gui.options.SelectionListOptionEntry.lambda$initWidget$1(SelectionListOptionEntry.java:172) ~[super_resolution-neoforge-1.21..1.21.1-0.9.2-alpha.1+dev.2ae956e6.opengl-fg-metadata.jar%23175!/:?]
	at MC-BOOTSTRAP/net.neoforged.bus/net.neoforged.bus.ConsumerEventHandler.invoke(ConsumerEventHandler.java:27) ~[bus-8.0.5.jar%23134!/:?]
	at MC-BOOTSTRAP/net.neoforged.bus/net.neoforged.bus.EventBus.post(EventBus.java:360) ~[bus-8.0.5.jar%23134!/:?]
	at MC-BOOTSTRAP/net.neoforged.bus/net.neoforged.bus.EventBus.post(EventBus.java:328) ~[bus-8.0.5.jar%23134!/:?]
	at TRANSFORMER/super_resolution@0.9.2-alpha.1+dev.2ae956e6.opengl/io.homo.superresolution.core.gui.widgets.select.MaterialSelect.handleSelection(MaterialSelect.java:497) ~[super_resolution-neoforge-1.21..1.21.1-0.9.2-alpha.1+dev.2ae956e6.opengl-fg-metadata.jar%23175!/:?]
	at TRANSFORMER/super_resolution@0.9.2-alpha.1+dev.2ae956e6.opengl/io.homo.superresolution.core.gui.widgets.select.MaterialSelect.lambda$addOption$2(MaterialSelect.java:446) ~[super_resolution-neoforge-1.21..1.21.1-0.9.2-alpha.1+dev.2ae956e6.opengl-fg-metadata.jar%23175!/:?]
	at TRANSFORMER/super_resolution@0.9.2-alpha.1+dev.2ae956e6.opengl/io.homo.superresolution.core.gui.widgets.menu.MaterialMenuItem.setSelectedInternal(MaterialMenuItem.java:331) ~[super_resolution-neoforge-1.21..1.21.1-0.9.2-alpha.1+dev.2ae956e6.opengl-fg-metadata.jar%23175!/:?]
	at TRANSFORMER/super_resolution@0.9.2-alpha.1+dev.2ae956e6.opengl/io.homo.superresolution.core.gui.widgets.menu.MaterialMenu.handleItemSelection(MaterialMenu.java:410) ~[super_resolution-neoforge-1.21..1.21.1-0.9.2-alpha.1+dev.2ae956e6.opengl-fg-metadata.jar%23175!/:?]
	at TRANSFORMER/super_resolution@0.9.2-alpha.1+dev.2ae956e6.opengl/io.homo.superresolution.core.gui.widgets.menu.MaterialMenu.handleItemSelection(MaterialMenu.java:372) ~[super_resolution-neoforge-1.21..1.21.1-0.9.2-alpha.1+dev.2ae956e6.opengl-fg-metadata.jar%23175!/:?]
	at TRANSFORMER/super_resolution@0.9.2-alpha.1+dev.2ae956e6.opengl/io.homo.superresolution.core.gui.widgets.menu.MaterialMenuItem.handleSelectionClick(MaterialMenuItem.java:283) ~[super_resolution-neoforge-1.21..1.21.1-0.9.2-alpha.1+dev.2ae956e6.opengl-fg-metadata.jar%23175!/:?]
	at TRANSFORMER/super_resolution@0.9.2-alpha.1+dev.2ae956e6.opengl/io.homo.superresolution.core.gui.widgets.menu.MaterialMenuItem._onClick(MaterialMenuItem.java:143) ~[super_resolution-neoforge-1.21..1.21.1-0.9.2-alpha.1+dev.2ae956e6.opengl-fg-metadata.jar%23175!/:?]
	at MC-BOOTSTRAP/net.neoforged.bus/net.neoforged.bus.ConsumerEventHandler.invoke(ConsumerEventHandler.java:27) ~[bus-8.0.5.jar%23134!/:?]
	at MC-BOOTSTRAP/net.neoforged.bus/net.neoforged.bus.EventBus.post(EventBus.java:360) ~[bus-8.0.5.jar%23134!/:?]
	at MC-BOOTSTRAP/net.neoforged.bus/net.neoforged.bus.EventBus.post(EventBus.java:328) ~[bus-8.0.5.jar%23134!/:?]
	at TRANSFORMER/super_resolution@0.9.2-alpha.1+dev.2ae956e6.opengl/io.homo.superresolution.core.gui.widgets.menu.MaterialMenuItem.onPress(MaterialMenuItem.java:133) ~[super_resolution-neoforge-1.21..1.21.1-0.9.2-alpha.1+dev.2ae956e6.opengl-fg-metadata.jar%23175!/:?]
	at MC-BOOTSTRAP/net.neoforged.bus/net.neoforged.bus.ConsumerEventHandler.invoke(ConsumerEventHandler.java:27) ~[bus-8.0.5.jar%23134!/:?]
	at MC-BOOTSTRAP/net.neoforged.bus/net.neoforged.bus.EventBus.post(EventBus.java:360) ~[bus-8.0.5.jar%23134!/:?]
	at MC-BOOTSTRAP/net.neoforged.bus/net.neoforged.bus.EventBus.post(EventBus.java:328) ~[bus-8.0.5.jar%23134!/:?]
	at TRANSFORMER/super_resolution@0.9.2-alpha.1+dev.2ae956e6.opengl/io.homo.superresolution.core.gui.core.AbstractWidget.mousePress(AbstractWidget.java:114) ~[super_resolution-neoforge-1.21..1.21.1-0.9.2-alpha.1+dev.2ae956e6.opengl-fg-metadata.jar%23175!/:?]
	at TRANSFORMER/super_resolution@0.9.2-alpha.1+dev.2ae956e6.opengl/io.homo.superresolution.core.gui.core.frame.Frame.dispatchMousePress(Frame.java:262) ~[super_resolution-neoforge-1.21..1.21.1-0.9.2-alpha.1+dev.2ae956e6.opengl-fg-metadata.jar%23175!/:?]
	at TRANSFORMER/super_resolution@0.9.2-alpha.1+dev.2ae956e6.opengl/io.homo.superresolution.core.gui.core.frame.ScrollableFrame.dispatchMousePress(ScrollableFrame.java:234) ~[super_resolution-neoforge-1.21..1.21.1-0.9.2-alpha.1+dev.2ae956e6.opengl-fg-metadata.jar%23175!/:?]
	at TRANSFORMER/super_resolution@0.9.2-alpha.1+dev.2ae956e6.opengl/io.homo.superresolution.core.gui.core.frame.ScrollableFrameWithScrollBar.dispatchMousePress(ScrollableFrameWithScrollBar.java:196) ~[super_resolution-neoforge-1.21..1.21.1-0.9.2-alpha.1+dev.2ae956e6.opengl-fg-metadata.jar%23175!/:?]
	at TRANSFORMER/super_resolution@0.9.2-alpha.1+dev.2ae956e6.opengl/io.homo.superresolution.core.gui.core.view.View.dispatchMousePress(View.java:255) ~[super_resolution-neoforge-1.21..1.21.1-0.9.2-alpha.1+dev.2ae956e6.opengl-fg-metadata.jar%23175!/:?]
	at TRANSFORMER/super_resolution@0.9.2-alpha.1+dev.2ae956e6.opengl/io.homo.superresolution.core.gui.WidgetEventScreen.dispatchMousePressToFrame(WidgetEventScreen.java:71) ~[super_resolution-neoforge-1.21..1.21.1-0.9.2-alpha.1+dev.2ae956e6.opengl-fg-metadata.jar%23175!/:?]
	at TRANSFORMER/super_resolution@0.9.2-alpha.1+dev.2ae956e6.opengl/io.homo.superresolution.core.gui.WidgetEventScreen.mouseClicked(WidgetEventScreen.java:183) ~[super_resolution-neoforge-1.21..1.21.1-0.9.2-alpha.1+dev.2ae956e6.opengl-fg-metadata.jar%23175!/:?]
	at TRANSFORMER/minecraft@1.21.1/net.minecraft.client.MouseHandler.lambda$onPress$0(MouseHandler.java:98) ~[neoforge-21.1.219.jar%23172!/:?]
	at TRANSFORMER/minecraft@1.21.1/net.minecraft.client.gui.screens.Screen.wrapScreenError(Screen.java:451) ~[neoforge-21.1.219.jar%23172!/:?]
	at TRANSFORMER/minecraft@1.21.1/net.minecraft.client.MouseHandler.onPress(MouseHandler.java:95) ~[neoforge-21.1.219.jar%23172!/:?]
	at TRANSFORMER/minecraft@1.21.1/net.minecraft.client.MouseHandler.lambda$setup$4(MouseHandler.java:202) ~[neoforge-21.1.219.jar%23172!/:?]
	at TRANSFORMER/minecraft@1.21.1/net.minecraft.util.thread.BlockableEventLoop.execute(BlockableEventLoop.java:98) ~[neoforge-21.1.219.jar%23172!/:?]
	at TRANSFORMER/minecraft@1.21.1/net.minecraft.client.MouseHandler.lambda$setup$5(MouseHandler.java:202) ~[neoforge-21.1.219.jar%23172!/:?]
	at MC-BOOTSTRAP/org.lwjgl.glfw@3.3.4+7/org.lwjgl.glfw.GLFWMouseButtonCallbackI.callback(GLFWMouseButtonCallbackI.java:43) ~[lwjgl-glfw-3.3.4.jar%23156!/:build 7]
	at MC-BOOTSTRAP/org.lwjgl@3.3.4+7/org.lwjgl.system.JNI.invokeV(Native Method) ~[lwjgl-3.3.4.jar%23167!/:build 7]
	at MC-BOOTSTRAP/org.lwjgl.glfw@3.3.4+7/org.lwjgl.glfw.GLFW.glfwPollEvents(GLFW.java:3501) ~[lwjgl-glfw-3.3.4.jar%23156!/:build 7]
	at TRANSFORMER/minecraft@1.21.1/com.mojang.blaze3d.systems.RenderSystem.pollEvents(RenderSystem.java:134) ~[neoforge-21.1.219.jar%23172!/:?]
	at TRANSFORMER/minecraft@1.21.1/com.mojang.blaze3d.systems.RenderSystem.invokePollEvents$super_resolution_$md$b40c84$2(RenderSystem.java) ~[neoforge-21.1.219.jar%23172!/:?]
	at TRANSFORMER/super_resolution@0.9.2-alpha.1+dev.2ae956e6.opengl/io.homo.superresolution.common.mixin.lowlatency.v1_21_1.RenderSystemAccessor.invokePollEvents(RenderSystemAccessor.java) ~[super_resolution-neoforge-1.21..1.21.1-0.9.2-alpha.1+dev.2ae956e6.opengl-fg-metadata.jar%23175!/:?]
	at TRANSFORMER/minecraft@1.21.1/net.minecraft.client.Minecraft.handler$zkp000$super_resolution$pollEvents(Minecraft.java:23551) ~[neoforge-21.1.219.jar%23172!/:?]
	at TRANSFORMER/minecraft@1.21.1/net.minecraft.client.Minecraft.run(Minecraft.java:806) ~[neoforge-21.1.219.jar%23172!/:?]
	at TRANSFORMER/minecraft@1.21.1/net.minecraft.client.main.Main.main(Main.java:230) ~[neoforge-21.1.219.jar%23172!/:?]
	at java.base/jdk.internal.reflect.DirectMethodHandleAccessor.invoke(DirectMethodHandleAccessor.java:103) ~[?:?]
	at java.base/java.lang.reflect.Method.invoke(Method.java:580) ~[?:?]
	at MC-BOOTSTRAP/fml_loader@4.0.42/net.neoforged.fml.loading.targets.CommonLaunchHandler.runTarget(CommonLaunchHandler.java:136) ~[loader-4.0.42.jar%23130!/:4.0]
	at MC-BOOTSTRAP/fml_loader@4.0.42/net.neoforged.fml.loading.targets.CommonLaunchHandler.clientService(CommonLaunchHandler.java:124) ~[loader-4.0.42.jar%23130!/:4.0]
	at MC-BOOTSTRAP/fml_loader@4.0.42/net.neoforged.fml.loading.targets.NeoForgeClientDevLaunchHandler.runService(NeoForgeClientDevLaunchHandler.java:23) ~[loader-4.0.42.jar%23130!/:4.0]
	at MC-BOOTSTRAP/fml_loader@4.0.42/net.neoforged.fml.loading.targets.CommonLaunchHandler.lambda$launchService$4(CommonLaunchHandler.java:118) ~[loader-4.0.42.jar%23130!/:4.0]
	at MC-BOOTSTRAP/cpw.mods.modlauncher@11.0.5/cpw.mods.modlauncher.LaunchServiceHandlerDecorator.launch(LaunchServiceHandlerDecorator.java:30) [modlauncher-11.0.5.jar%23112!/:?]
	at MC-BOOTSTRAP/cpw.mods.modlauncher@11.0.5/cpw.mods.modlauncher.LaunchServiceHandler.launch(LaunchServiceHandler.java:53) [modlauncher-11.0.5.jar%23112!/:?]
	at MC-BOOTSTRAP/cpw.mods.modlauncher@11.0.5/cpw.mods.modlauncher.LaunchServiceHandler.launch(LaunchServiceHandler.java:71) [modlauncher-11.0.5.jar%23112!/:?]
	at MC-BOOTSTRAP/cpw.mods.modlauncher@11.0.5/cpw.mods.modlauncher.Launcher.run(Launcher.java:103) [modlauncher-11.0.5.jar%23112!/:?]
	at MC-BOOTSTRAP/cpw.mods.modlauncher@11.0.5/cpw.mods.modlauncher.Launcher.main(Launcher.java:74) [modlauncher-11.0.5.jar%23112!/:?]
	at MC-BOOTSTRAP/cpw.mods.modlauncher@11.0.5/cpw.mods.modlauncher.BootstrapLaunchConsumer.accept(BootstrapLaunchConsumer.java:26) [modlauncher-11.0.5.jar%23112!/:?]
	at MC-BOOTSTRAP/cpw.mods.modlauncher@11.0.5/cpw.mods.modlauncher.BootstrapLaunchConsumer.accept(BootstrapLaunchConsumer.java:23) [modlauncher-11.0.5.jar%23112!/:?]
	at cpw.mods.bootstraplauncher@2.0.2/cpw.mods.bootstraplauncher.BootstrapLauncher.run(BootstrapLauncher.java:210) [bootstraplauncher-2.0.2.jar:?]
	at cpw.mods.bootstraplauncher@2.0.2/cpw.mods.bootstraplauncher.BootstrapLauncher.main(BootstrapLauncher.java:69) [bootstraplauncher-2.0.2.jar:?]
	at java.base/jdk.internal.reflect.DirectMethodHandleAccessor.invoke(DirectMethodHandleAccessor.java:103) ~[?:?]
	at java.base/java.lang.reflect.Method.invoke(Method.java:580) ~[?:?]
	at net.neoforged.devlaunch.Main.main(Main.java:57) [DevLaunch-1.0.2.jar:?]
[02Oct2026 18:55:58.014] [Render thread/INFO] [Iris/]: Destroying pipeline minecraft:overworld
[02Oct2026 18:55:58.054] [Render thread/INFO] [SuperResolution/]: Loading shader-pack interface configuration: superresolution.v1.json
[02Oct2026 18:55:58.060] [Render thread/INFO] [SuperResolution/]: Shader pack shaders supports super resolution
[02Oct2026 18:55:58.229] [Render thread/INFO] [Iris/]: Profile: HIGH (+0 options changed by user)
[02Oct2026 18:55:59.159] [Render thread/INFO] [Iris/]: Using shaderpack: Complementary-SuperResolution-Wisteria.zip
[02Oct2026 18:55:59.159] [Render thread/INFO] [Iris/]: Creating pipeline for dimension minecraft:overworld
[02Oct2026 18:55:59.173] [Render thread/WARN] [Iris/]: Failed to resolve uniform inPaleGarden, reason: Unknown variable: BIOME_PALE_GARDEN ( = FunctionCall{smooth {[Number{55}, FunctionCall{if {[FunctionCall{in {[Id{biome}, Id{BIOME_PALE_GARDEN}]} }, Number{1}, Number{0}]} }, Number{15}, Number{15}]} })
java.lang.RuntimeException: Unknown variable: BIOME_PALE_GARDEN
	at TRANSFORMER/iris@1.8.8+mc1.21.1/kroppeb.stareval.resolver.ExpressionResolver.resolveExpressionInternal(ExpressionResolver.java:225) ~[iris-1.8.8+1.21.1-neoforge-neoforge,1.21.1.jar%23177!/:?]
	at TRANSFORMER/iris@1.8.8+mc1.21.1/kroppeb.stareval.resolver.ExpressionResolver.resolveCallExpressionInternal(ExpressionResolver.java:81) ~[iris-1.8.8+1.21.1-neoforge-neoforge,1.21.1.jar%23177!/:?]
	at TRANSFORMER/iris@1.8.8+mc1.21.1/kroppeb.stareval.resolver.ExpressionResolver.resolveCallExpression(ExpressionResolver.java:140) ~[iris-1.8.8+1.21.1-neoforge-neoforge,1.21.1.jar%23177!/:?]
	at TRANSFORMER/iris@1.8.8+mc1.21.1/kroppeb.stareval.resolver.ExpressionResolver.resolveExpressionInternal(ExpressionResolver.java:196) ~[iris-1.8.8+1.21.1-neoforge-neoforge,1.21.1.jar%23177!/:?]
	at TRANSFORMER/iris@1.8.8+mc1.21.1/kroppeb.stareval.resolver.ExpressionResolver.resolveCallExpressionInternal(ExpressionResolver.java:81) ~[iris-1.8.8+1.21.1-neoforge-neoforge,1.21.1.jar%23177!/:?]
	at TRANSFORMER/iris@1.8.8+mc1.21.1/kroppeb.stareval.resolver.ExpressionResolver.resolveCallExpression(ExpressionResolver.java:140) ~[iris-1.8.8+1.21.1-neoforge-neoforge,1.21.1.jar%23177!/:?]
	at TRANSFORMER/iris@1.8.8+mc1.21.1/kroppeb.stareval.resolver.ExpressionResolver.resolveCallExpression(ExpressionResolver.java:127) ~[iris-1.8.8+1.21.1-neoforge-neoforge,1.21.1.jar%23177!/:?]
	at TRANSFORMER/iris@1.8.8+mc1.21.1/kroppeb.stareval.resolver.ExpressionResolver.resolveExpressionInternal(ExpressionResolver.java:196) ~[iris-1.8.8+1.21.1-neoforge-neoforge,1.21.1.jar%23177!/:?]
	at TRANSFORMER/iris@1.8.8+mc1.21.1/kroppeb.stareval.resolver.ExpressionResolver.resolveCallExpressionInternal(ExpressionResolver.java:81) ~[iris-1.8.8+1.21.1-neoforge-neoforge,1.21.1.jar%23177!/:?]
	at TRANSFORMER/iris@1.8.8+mc1.21.1/kroppeb.stareval.resolver.ExpressionResolver.resolveCallExpression(ExpressionResolver.java:140) ~[iris-1.8.8+1.21.1-neoforge-neoforge,1.21.1.jar%23177!/:?]
	at TRANSFORMER/iris@1.8.8+mc1.21.1/kroppeb.stareval.resolver.ExpressionResolver.resolveExpressionInternal(ExpressionResolver.java:196) ~[iris-1.8.8+1.21.1-neoforge-neoforge,1.21.1.jar%23177!/:?]
	at TRANSFORMER/iris@1.8.8+mc1.21.1/kroppeb.stareval.resolver.ExpressionResolver.resolveExpression(ExpressionResolver.java:50) ~[iris-1.8.8+1.21.1-neoforge-neoforge,1.21.1.jar%23177!/:?]
	at TRANSFORMER/iris@1.8.8+mc1.21.1/net.irisshaders.iris.uniforms.custom.CustomUniforms.<init>(CustomUniforms.java:60) ~[iris-1.8.8+1.21.1-neoforge-neoforge,1.21.1.jar%23177!/:?]
	at TRANSFORMER/iris@1.8.8+mc1.21.1/net.irisshaders.iris.uniforms.custom.CustomUniforms$Builder.build(CustomUniforms.java:332) ~[iris-1.8.8+1.21.1-neoforge-neoforge,1.21.1.jar%23177!/:?]
	at TRANSFORMER/iris@1.8.8+mc1.21.1/net.irisshaders.iris.uniforms.custom.CustomUniforms$Builder.build(CustomUniforms.java:343) ~[iris-1.8.8+1.21.1-neoforge-neoforge,1.21.1.jar%23177!/:?]
	at TRANSFORMER/iris@1.8.8+mc1.21.1/net.irisshaders.iris.pipeline.IrisRenderingPipeline.<init>(IrisRenderingPipeline.java:282) ~[iris-1.8.8+1.21.1-neoforge-neoforge,1.21.1.jar%23177!/:?]
	at TRANSFORMER/iris@1.8.8+mc1.21.1/net.irisshaders.iris.Iris.createPipeline(Iris.java:616) ~[iris-1.8.8+1.21.1-neoforge-neoforge,1.21.1.jar%23177!/:?]
	at TRANSFORMER/iris@1.8.8+mc1.21.1/net.irisshaders.iris.pipeline.PipelineManager.preparePipeline(PipelineManager.java:33) ~[iris-1.8.8+1.21.1-neoforge-neoforge,1.21.1.jar%23177!/:?]
	at TRANSFORMER/iris@1.8.8+mc1.21.1/net.irisshaders.iris.Iris.reload(Iris.java:567) ~[iris-1.8.8+1.21.1-neoforge-neoforge,1.21.1.jar%23177!/:?]
	at java.base/jdk.internal.reflect.DirectMethodHandleAccessor.invoke(DirectMethodHandleAccessor.java:103) ~[?:?]
	at java.base/java.lang.reflect.Method.invoke(Method.java:580) ~[?:?]
	at TRANSFORMER/super_resolution@0.9.2-alpha.1+dev.2ae956e6.opengl/io.homo.superresolution.common.minecraft.handler.shadercompat.ShaderCompatHandler.irisApiReloadShader(ShaderCompatHandler.java:176) ~[super_resolution-neoforge-1.21..1.21.1-0.9.2-alpha.1+dev.2ae956e6.opengl-fg-metadata.jar%23175!/:?]
	at TRANSFORMER/super_resolution@0.9.2-alpha.1+dev.2ae956e6.opengl/io.homo.superresolution.shadercompat.ShaderCompatSRWorkModeProvider.reloadShaderPack(ShaderCompatSRWorkModeProvider.java:101) ~[super_resolution-neoforge-1.21..1.21.1-0.9.2-alpha.1+dev.2ae956e6.opengl-fg-metadata.jar%23175!/:?]
	at TRANSFORMER/super_resolution@0.9.2-alpha.1+dev.2ae956e6.opengl/io.homo.superresolution.common.workmode.SRWorkModeManager.reloadShaderPack(SRWorkModeManager.java:117) ~[super_resolution-neoforge-1.21..1.21.1-0.9.2-alpha.1+dev.2ae956e6.opengl-fg-metadata.jar%23175!/:?]
	at TRANSFORMER/super_resolution@0.9.2-alpha.1+dev.2ae956e6.opengl/io.homo.superresolution.common.gui.config.pages.GeneralPage.lambda$build$8(GeneralPage.java:184) ~[super_resolution-neoforge-1.21..1.21.1-0.9.2-alpha.1+dev.2ae956e6.opengl-fg-metadata.jar%23175!/:?]
	at TRANSFORMER/super_resolution@0.9.2-alpha.1+dev.2ae956e6.opengl/io.homo.superresolution.common.gui.options.SelectionListOptionEntry.lambda$initWidget$1(SelectionListOptionEntry.java:172) ~[super_resolution-neoforge-1.21..1.21.1-0.9.2-alpha.1+dev.2ae956e6.opengl-fg-metadata.jar%23175!/:?]
	at MC-BOOTSTRAP/net.neoforged.bus/net.neoforged.bus.ConsumerEventHandler.invoke(ConsumerEventHandler.java:27) ~[bus-8.0.5.jar%23134!/:?]
	at MC-BOOTSTRAP/net.neoforged.bus/net.neoforged.bus.EventBus.post(EventBus.java:360) ~[bus-8.0.5.jar%23134!/:?]
	at MC-BOOTSTRAP/net.neoforged.bus/net.neoforged.bus.EventBus.post(EventBus.java:328) ~[bus-8.0.5.jar%23134!/:?]
	at TRANSFORMER/super_resolution@0.9.2-alpha.1+dev.2ae956e6.opengl/io.homo.superresolution.core.gui.widgets.select.MaterialSelect.handleSelection(MaterialSelect.java:497) ~[super_resolution-neoforge-1.21..1.21.1-0.9.2-alpha.1+dev.2ae956e6.opengl-fg-metadata.jar%23175!/:?]
	at TRANSFORMER/super_resolution@0.9.2-alpha.1+dev.2ae956e6.opengl/io.homo.superresolution.core.gui.widgets.select.MaterialSelect.lambda$addOption$2(MaterialSelect.java:446) ~[super_resolution-neoforge-1.21..1.21.1-0.9.2-alpha.1+dev.2ae956e6.opengl-fg-metadata.jar%23175!/:?]
	at TRANSFORMER/super_resolution@0.9.2-alpha.1+dev.2ae956e6.opengl/io.homo.superresolution.core.gui.widgets.menu.MaterialMenuItem.setSelectedInternal(MaterialMenuItem.java:331) ~[super_resolution-neoforge-1.21..1.21.1-0.9.2-alpha.1+dev.2ae956e6.opengl-fg-metadata.jar%23175!/:?]
	at TRANSFORMER/super_resolution@0.9.2-alpha.1+dev.2ae956e6.opengl/io.homo.superresolution.core.gui.widgets.menu.MaterialMenu.handleItemSelection(MaterialMenu.java:410) ~[super_resolution-neoforge-1.21..1.21.1-0.9.2-alpha.1+dev.2ae956e6.opengl-fg-metadata.jar%23175!/:?]
	at TRANSFORMER/super_resolution@0.9.2-alpha.1+dev.2ae956e6.opengl/io.homo.superresolution.core.gui.widgets.menu.MaterialMenu.handleItemSelection(MaterialMenu.java:372) ~[super_resolution-neoforge-1.21..1.21.1-0.9.2-alpha.1+dev.2ae956e6.opengl-fg-metadata.jar%23175!/:?]
	at TRANSFORMER/super_resolution@0.9.2-alpha.1+dev.2ae956e6.opengl/io.homo.superresolution.core.gui.widgets.menu.MaterialMenuItem.handleSelectionClick(MaterialMenuItem.java:283) ~[super_resolution-neoforge-1.21..1.21.1-0.9.2-alpha.1+dev.2ae956e6.opengl-fg-metadata.jar%23175!/:?]
	at TRANSFORMER/super_resolution@0.9.2-alpha.1+dev.2ae956e6.opengl/io.homo.superresolution.core.gui.widgets.menu.MaterialMenuItem._onClick(MaterialMenuItem.java:143) ~[super_resolution-neoforge-1.21..1.21.1-0.9.2-alpha.1+dev.2ae956e6.opengl-fg-metadata.jar%23175!/:?]
	at MC-BOOTSTRAP/net.neoforged.bus/net.neoforged.bus.ConsumerEventHandler.invoke(ConsumerEventHandler.java:27) ~[bus-8.0.5.jar%23134!/:?]
	at MC-BOOTSTRAP/net.neoforged.bus/net.neoforged.bus.EventBus.post(EventBus.java:360) ~[bus-8.0.5.jar%23134!/:?]
	at MC-BOOTSTRAP/net.neoforged.bus/net.neoforged.bus.EventBus.post(EventBus.java:328) ~[bus-8.0.5.jar%23134!/:?]
	at TRANSFORMER/super_resolution@0.9.2-alpha.1+dev.2ae956e6.opengl/io.homo.superresolution.core.gui.widgets.menu.MaterialMenuItem.onPress(MaterialMenuItem.java:133) ~[super_resolution-neoforge-1.21..1.21.1-0.9.2-alpha.1+dev.2ae956e6.opengl-fg-metadata.jar%23175!/:?]
	at MC-BOOTSTRAP/net.neoforged.bus/net.neoforged.bus.ConsumerEventHandler.invoke(ConsumerEventHandler.java:27) ~[bus-8.0.5.jar%23134!/:?]
	at MC-BOOTSTRAP/net.neoforged.bus/net.neoforged.bus.EventBus.post(EventBus.java:360) ~[bus-8.0.5.jar%23134!/:?]
	at MC-BOOTSTRAP/net.neoforged.bus/net.neoforged.bus.EventBus.post(EventBus.java:328) ~[bus-8.0.5.jar%23134!/:?]
	at TRANSFORMER/super_resolution@0.9.2-alpha.1+dev.2ae956e6.opengl/io.homo.superresolution.core.gui.core.AbstractWidget.mousePress(AbstractWidget.java:114) ~[super_resolution-neoforge-1.21..1.21.1-0.9.2-alpha.1+dev.2ae956e6.opengl-fg-metadata.jar%23175!/:?]
	at TRANSFORMER/super_resolution@0.9.2-alpha.1+dev.2ae956e6.opengl/io.homo.superresolution.core.gui.core.frame.Frame.dispatchMousePress(Frame.java:262) ~[super_resolution-neoforge-1.21..1.21.1-0.9.2-alpha.1+dev.2ae956e6.opengl-fg-metadata.jar%23175!/:?]
	at TRANSFORMER/super_resolution@0.9.2-alpha.1+dev.2ae956e6.opengl/io.homo.superresolution.core.gui.core.frame.ScrollableFrame.dispatchMousePress(ScrollableFrame.java:234) ~[super_resolution-neoforge-1.21..1.21.1-0.9.2-alpha.1+dev.2ae956e6.opengl-fg-metadata.jar%23175!/:?]
	at TRANSFORMER/super_resolution@0.9.2-alpha.1+dev.2ae956e6.opengl/io.homo.superresolution.core.gui.core.frame.ScrollableFrameWithScrollBar.dispatchMousePress(ScrollableFrameWithScrollBar.java:196) ~[super_resolution-neoforge-1.21..1.21.1-0.9.2-alpha.1+dev.2ae956e6.opengl-fg-metadata.jar%23175!/:?]
	at TRANSFORMER/super_resolution@0.9.2-alpha.1+dev.2ae956e6.opengl/io.homo.superresolution.core.gui.core.view.View.dispatchMousePress(View.java:255) ~[super_resolution-neoforge-1.21..1.21.1-0.9.2-alpha.1+dev.2ae956e6.opengl-fg-metadata.jar%23175!/:?]
	at TRANSFORMER/super_resolution@0.9.2-alpha.1+dev.2ae956e6.opengl/io.homo.superresolution.core.gui.WidgetEventScreen.dispatchMousePressToFrame(WidgetEventScreen.java:71) ~[super_resolution-neoforge-1.21..1.21.1-0.9.2-alpha.1+dev.2ae956e6.opengl-fg-metadata.jar%23175!/:?]
	at TRANSFORMER/super_resolution@0.9.2-alpha.1+dev.2ae956e6.opengl/io.homo.superresolution.core.gui.WidgetEventScreen.mouseClicked(WidgetEventScreen.java:183) ~[super_resolution-neoforge-1.21..1.21.1-0.9.2-alpha.1+dev.2ae956e6.opengl-fg-metadata.jar%23175!/:?]
	at TRANSFORMER/minecraft@1.21.1/net.minecraft.client.MouseHandler.lambda$onPress$0(MouseHandler.java:98) ~[neoforge-21.1.219.jar%23172!/:?]
	at TRANSFORMER/minecraft@1.21.1/net.minecraft.client.gui.screens.Screen.wrapScreenError(Screen.java:451) ~[neoforge-21.1.219.jar%23172!/:?]
	at TRANSFORMER/minecraft@1.21.1/net.minecraft.client.MouseHandler.onPress(MouseHandler.java:95) ~[neoforge-21.1.219.jar%23172!/:?]
	at TRANSFORMER/minecraft@1.21.1/net.minecraft.client.MouseHandler.lambda$setup$4(MouseHandler.java:202) ~[neoforge-21.1.219.jar%23172!/:?]
	at TRANSFORMER/minecraft@1.21.1/net.minecraft.util.thread.BlockableEventLoop.execute(BlockableEventLoop.java:98) ~[neoforge-21.1.219.jar%23172!/:?]
	at TRANSFORMER/minecraft@1.21.1/net.minecraft.client.MouseHandler.lambda$setup$5(MouseHandler.java:202) ~[neoforge-21.1.219.jar%23172!/:?]
	at MC-BOOTSTRAP/org.lwjgl.glfw@3.3.4+7/org.lwjgl.glfw.GLFWMouseButtonCallbackI.callback(GLFWMouseButtonCallbackI.java:43) ~[lwjgl-glfw-3.3.4.jar%23156!/:build 7]
	at MC-BOOTSTRAP/org.lwjgl@3.3.4+7/org.lwjgl.system.JNI.invokeV(Native Method) ~[lwjgl-3.3.4.jar%23167!/:build 7]
	at MC-BOOTSTRAP/org.lwjgl.glfw@3.3.4+7/org.lwjgl.glfw.GLFW.glfwPollEvents(GLFW.java:3501) ~[lwjgl-glfw-3.3.4.jar%23156!/:build 7]
	at TRANSFORMER/minecraft@1.21.1/com.mojang.blaze3d.systems.RenderSystem.pollEvents(RenderSystem.java:134) ~[neoforge-21.1.219.jar%23172!/:?]
	at TRANSFORMER/minecraft@1.21.1/com.mojang.blaze3d.systems.RenderSystem.invokePollEvents$super_resolution_$md$b40c84$2(RenderSystem.java) ~[neoforge-21.1.219.jar%23172!/:?]
	at TRANSFORMER/super_resolution@0.9.2-alpha.1+dev.2ae956e6.opengl/io.homo.superresolution.common.mixin.lowlatency.v1_21_1.RenderSystemAccessor.invokePollEvents(RenderSystemAccessor.java) ~[super_resolution-neoforge-1.21..1.21.1-0.9.2-alpha.1+dev.2ae956e6.opengl-fg-metadata.jar%23175!/:?]
	at TRANSFORMER/minecraft@1.21.1/net.minecraft.client.Minecraft.handler$zkp000$super_resolution$pollEvents(Minecraft.java:23551) ~[neoforge-21.1.219.jar%23172!/:?]
	at TRANSFORMER/minecraft@1.21.1/net.minecraft.client.Minecraft.run(Minecraft.java:806) ~[neoforge-21.1.219.jar%23172!/:?]
	at TRANSFORMER/minecraft@1.21.1/net.minecraft.client.main.Main.main(Main.java:230) ~[neoforge-21.1.219.jar%23172!/:?]
	at java.base/jdk.internal.reflect.DirectMethodHandleAccessor.invoke(DirectMethodHandleAccessor.java:103) ~[?:?]
	at java.base/java.lang.reflect.Method.invoke(Method.java:580) ~[?:?]
	at MC-BOOTSTRAP/fml_loader@4.0.42/net.neoforged.fml.loading.targets.CommonLaunchHandler.runTarget(CommonLaunchHandler.java:136) ~[loader-4.0.42.jar%23130!/:4.0]
	at MC-BOOTSTRAP/fml_loader@4.0.42/net.neoforged.fml.loading.targets.CommonLaunchHandler.clientService(CommonLaunchHandler.java:124) ~[loader-4.0.42.jar%23130!/:4.0]
	at MC-BOOTSTRAP/fml_loader@4.0.42/net.neoforged.fml.loading.targets.NeoForgeClientDevLaunchHandler.runService(NeoForgeClientDevLaunchHandler.java:23) ~[loader-4.0.42.jar%23130!/:4.0]
	at MC-BOOTSTRAP/fml_loader@4.0.42/net.neoforged.fml.loading.targets.CommonLaunchHandler.lambda$launchService$4(CommonLaunchHandler.java:118) ~[loader-4.0.42.jar%23130!/:4.0]
	at MC-BOOTSTRAP/cpw.mods.modlauncher@11.0.5/cpw.mods.modlauncher.LaunchServiceHandlerDecorator.launch(LaunchServiceHandlerDecorator.java:30) [modlauncher-11.0.5.jar%23112!/:?]
	at MC-BOOTSTRAP/cpw.mods.modlauncher@11.0.5/cpw.mods.modlauncher.LaunchServiceHandler.launch(LaunchServiceHandler.java:53) [modlauncher-11.0.5.jar%23112!/:?]
	at MC-BOOTSTRAP/cpw.mods.modlauncher@11.0.5/cpw.mods.modlauncher.LaunchServiceHandler.launch(LaunchServiceHandler.java:71) [modlauncher-11.0.5.jar%23112!/:?]
	at MC-BOOTSTRAP/cpw.mods.modlauncher@11.0.5/cpw.mods.modlauncher.Launcher.run(Launcher.java:103) [modlauncher-11.0.5.jar%23112!/:?]
	at MC-BOOTSTRAP/cpw.mods.modlauncher@11.0.5/cpw.mods.modlauncher.Launcher.main(Launcher.java:74) [modlauncher-11.0.5.jar%23112!/:?]
	at MC-BOOTSTRAP/cpw.mods.modlauncher@11.0.5/cpw.mods.modlauncher.BootstrapLaunchConsumer.accept(BootstrapLaunchConsumer.java:26) [modlauncher-11.0.5.jar%23112!/:?]
	at MC-BOOTSTRAP/cpw.mods.modlauncher@11.0.5/cpw.mods.modlauncher.BootstrapLaunchConsumer.accept(BootstrapLaunchConsumer.java:23) [modlauncher-11.0.5.jar%23112!/:?]
	at cpw.mods.bootstraplauncher@2.0.2/cpw.mods.bootstraplauncher.BootstrapLauncher.run(BootstrapLauncher.java:210) [bootstraplauncher-2.0.2.jar:?]
	at cpw.mods.bootstraplauncher@2.0.2/cpw.mods.bootstraplauncher.BootstrapLauncher.main(BootstrapLauncher.java:69) [bootstraplauncher-2.0.2.jar:?]
	at java.base/jdk.internal.reflect.DirectMethodHandleAccessor.invoke(DirectMethodHandleAccessor.java:103) ~[?:?]
	at java.base/java.lang.reflect.Method.invoke(Method.java:580) ~[?:?]
	at net.neoforged.devlaunch.Main.main(Main.java:57) [DevLaunch-1.0.2.jar:?]
[02Oct2026 18:55:59.179] [Render thread/WARN] [Iris/]: Failed to resolve uniform inSulfurCaves, reason: Unknown variable: BIOME_SULFUR_CAVES ( = FunctionCall{smooth {[Number{56}, FunctionCall{if {[FunctionCall{in {[Id{biome}, Id{BIOME_SULFUR_CAVES}]} }, Number{1}, Number{0}]} }, Number{15}, Number{15}]} })
java.lang.RuntimeException: Unknown variable: BIOME_SULFUR_CAVES
	at TRANSFORMER/iris@1.8.8+mc1.21.1/kroppeb.stareval.resolver.ExpressionResolver.resolveExpressionInternal(ExpressionResolver.java:225) ~[iris-1.8.8+1.21.1-neoforge-neoforge,1.21.1.jar%23177!/:?]
	at TRANSFORMER/iris@1.8.8+mc1.21.1/kroppeb.stareval.resolver.ExpressionResolver.resolveCallExpressionInternal(ExpressionResolver.java:81) ~[iris-1.8.8+1.21.1-neoforge-neoforge,1.21.1.jar%23177!/:?]
	at TRANSFORMER/iris@1.8.8+mc1.21.1/kroppeb.stareval.resolver.ExpressionResolver.resolveCallExpression(ExpressionResolver.java:140) ~[iris-1.8.8+1.21.1-neoforge-neoforge,1.21.1.jar%23177!/:?]
	at TRANSFORMER/iris@1.8.8+mc1.21.1/kroppeb.stareval.resolver.ExpressionResolver.resolveExpressionInternal(ExpressionResolver.java:196) ~[iris-1.8.8+1.21.1-neoforge-neoforge,1.21.1.jar%23177!/:?]
	at TRANSFORMER/iris@1.8.8+mc1.21.1/kroppeb.stareval.resolver.ExpressionResolver.resolveCallExpressionInternal(ExpressionResolver.java:81) ~[iris-1.8.8+1.21.1-neoforge-neoforge,1.21.1.jar%23177!/:?]
	at TRANSFORMER/iris@1.8.8+mc1.21.1/kroppeb.stareval.resolver.ExpressionResolver.resolveCallExpression(ExpressionResolver.java:140) ~[iris-1.8.8+1.21.1-neoforge-neoforge,1.21.1.jar%23177!/:?]
	at TRANSFORMER/iris@1.8.8+mc1.21.1/kroppeb.stareval.resolver.ExpressionResolver.resolveCallExpression(ExpressionResolver.java:127) ~[iris-1.8.8+1.21.1-neoforge-neoforge,1.21.1.jar%23177!/:?]
	at TRANSFORMER/iris@1.8.8+mc1.21.1/kroppeb.stareval.resolver.ExpressionResolver.resolveExpressionInternal(ExpressionResolver.java:196) ~[iris-1.8.8+1.21.1-neoforge-neoforge,1.21.1.jar%23177!/:?]
	at TRANSFORMER/iris@1.8.8+mc1.21.1/kroppeb.stareval.resolver.ExpressionResolver.resolveCallExpressionInternal(ExpressionResolver.java:81) ~[iris-1.8.8+1.21.1-neoforge-neoforge,1.21.1.jar%23177!/:?]
	at TRANSFORMER/iris@1.8.8+mc1.21.1/kroppeb.stareval.resolver.ExpressionResolver.resolveCallExpression(ExpressionResolver.java:140) ~[iris-1.8.8+1.21.1-neoforge-neoforge,1.21.1.jar%23177!/:?]
	at TRANSFORMER/iris@1.8.8+mc1.21.1/kroppeb.stareval.resolver.ExpressionResolver.resolveExpressionInternal(ExpressionResolver.java:196) ~[iris-1.8.8+1.21.1-neoforge-neoforge,1.21.1.jar%23177!/:?]
	at TRANSFORMER/iris@1.8.8+mc1.21.1/kroppeb.stareval.resolver.ExpressionResolver.resolveExpression(ExpressionResolver.java:50) ~[iris-1.8.8+1.21.1-neoforge-neoforge,1.21.1.jar%23177!/:?]
	at TRANSFORMER/iris@1.8.8+mc1.21.1/net.irisshaders.iris.uniforms.custom.CustomUniforms.<init>(CustomUniforms.java:60) ~[iris-1.8.8+1.21.1-neoforge-neoforge,1.21.1.jar%23177!/:?]
	at TRANSFORMER/iris@1.8.8+mc1.21.1/net.irisshaders.iris.uniforms.custom.CustomUniforms$Builder.build(CustomUniforms.java:332) ~[iris-1.8.8+1.21.1-neoforge-neoforge,1.21.1.jar%23177!/:?]
	at TRANSFORMER/iris@1.8.8+mc1.21.1/net.irisshaders.iris.uniforms.custom.CustomUniforms$Builder.build(CustomUniforms.java:343) ~[iris-1.8.8+1.21.1-neoforge-neoforge,1.21.1.jar%23177!/:?]
	at TRANSFORMER/iris@1.8.8+mc1.21.1/net.irisshaders.iris.pipeline.IrisRenderingPipeline.<init>(IrisRenderingPipeline.java:282) ~[iris-1.8.8+1.21.1-neoforge-neoforge,1.21.1.jar%23177!/:?]
	at TRANSFORMER/iris@1.8.8+mc1.21.1/net.irisshaders.iris.Iris.createPipeline(Iris.java:616) ~[iris-1.8.8+1.21.1-neoforge-neoforge,1.21.1.jar%23177!/:?]
	at TRANSFORMER/iris@1.8.8+mc1.21.1/net.irisshaders.iris.pipeline.PipelineManager.preparePipeline(PipelineManager.java:33) ~[iris-1.8.8+1.21.1-neoforge-neoforge,1.21.1.jar%23177!/:?]
	at TRANSFORMER/iris@1.8.8+mc1.21.1/net.irisshaders.iris.Iris.reload(Iris.java:567) ~[iris-1.8.8+1.21.1-neoforge-neoforge,1.21.1.jar%23177!/:?]
	at java.base/jdk.internal.reflect.DirectMethodHandleAccessor.invoke(DirectMethodHandleAccessor.java:103) ~[?:?]
	at java.base/java.lang.reflect.Method.invoke(Method.java:580) ~[?:?]
	at TRANSFORMER/super_resolution@0.9.2-alpha.1+dev.2ae956e6.opengl/io.homo.superresolution.common.minecraft.handler.shadercompat.ShaderCompatHandler.irisApiReloadShader(ShaderCompatHandler.java:176) ~[super_resolution-neoforge-1.21..1.21.1-0.9.2-alpha.1+dev.2ae956e6.opengl-fg-metadata.jar%23175!/:?]
	at TRANSFORMER/super_resolution@0.9.2-alpha.1+dev.2ae956e6.opengl/io.homo.superresolution.shadercompat.ShaderCompatSRWorkModeProvider.reloadShaderPack(ShaderCompatSRWorkModeProvider.java:101) ~[super_resolution-neoforge-1.21..1.21.1-0.9.2-alpha.1+dev.2ae956e6.opengl-fg-metadata.jar%23175!/:?]
	at TRANSFORMER/super_resolution@0.9.2-alpha.1+dev.2ae956e6.opengl/io.homo.superresolution.common.workmode.SRWorkModeManager.reloadShaderPack(SRWorkModeManager.java:117) ~[super_resolution-neoforge-1.21..1.21.1-0.9.2-alpha.1+dev.2ae956e6.opengl-fg-metadata.jar%23175!/:?]
	at TRANSFORMER/super_resolution@0.9.2-alpha.1+dev.2ae956e6.opengl/io.homo.superresolution.common.gui.config.pages.GeneralPage.lambda$build$8(GeneralPage.java:184) ~[super_resolution-neoforge-1.21..1.21.1-0.9.2-alpha.1+dev.2ae956e6.opengl-fg-metadata.jar%23175!/:?]
	at TRANSFORMER/super_resolution@0.9.2-alpha.1+dev.2ae956e6.opengl/io.homo.superresolution.common.gui.options.SelectionListOptionEntry.lambda$initWidget$1(SelectionListOptionEntry.java:172) ~[super_resolution-neoforge-1.21..1.21.1-0.9.2-alpha.1+dev.2ae956e6.opengl-fg-metadata.jar%23175!/:?]
	at MC-BOOTSTRAP/net.neoforged.bus/net.neoforged.bus.ConsumerEventHandler.invoke(ConsumerEventHandler.java:27) ~[bus-8.0.5.jar%23134!/:?]
	at MC-BOOTSTRAP/net.neoforged.bus/net.neoforged.bus.EventBus.post(EventBus.java:360) ~[bus-8.0.5.jar%23134!/:?]
	at MC-BOOTSTRAP/net.neoforged.bus/net.neoforged.bus.EventBus.post(EventBus.java:328) ~[bus-8.0.5.jar%23134!/:?]
	at TRANSFORMER/super_resolution@0.9.2-alpha.1+dev.2ae956e6.opengl/io.homo.superresolution.core.gui.widgets.select.MaterialSelect.handleSelection(MaterialSelect.java:497) ~[super_resolution-neoforge-1.21..1.21.1-0.9.2-alpha.1+dev.2ae956e6.opengl-fg-metadata.jar%23175!/:?]
	at TRANSFORMER/super_resolution@0.9.2-alpha.1+dev.2ae956e6.opengl/io.homo.superresolution.core.gui.widgets.select.MaterialSelect.lambda$addOption$2(MaterialSelect.java:446) ~[super_resolution-neoforge-1.21..1.21.1-0.9.2-alpha.1+dev.2ae956e6.opengl-fg-metadata.jar%23175!/:?]
	at TRANSFORMER/super_resolution@0.9.2-alpha.1+dev.2ae956e6.opengl/io.homo.superresolution.core.gui.widgets.menu.MaterialMenuItem.setSelectedInternal(MaterialMenuItem.java:331) ~[super_resolution-neoforge-1.21..1.21.1-0.9.2-alpha.1+dev.2ae956e6.opengl-fg-metadata.jar%23175!/:?]
	at TRANSFORMER/super_resolution@0.9.2-alpha.1+dev.2ae956e6.opengl/io.homo.superresolution.core.gui.widgets.menu.MaterialMenu.handleItemSelection(MaterialMenu.java:410) ~[super_resolution-neoforge-1.21..1.21.1-0.9.2-alpha.1+dev.2ae956e6.opengl-fg-metadata.jar%23175!/:?]
	at TRANSFORMER/super_resolution@0.9.2-alpha.1+dev.2ae956e6.opengl/io.homo.superresolution.core.gui.widgets.menu.MaterialMenu.handleItemSelection(MaterialMenu.java:372) ~[super_resolution-neoforge-1.21..1.21.1-0.9.2-alpha.1+dev.2ae956e6.opengl-fg-metadata.jar%23175!/:?]
	at TRANSFORMER/super_resolution@0.9.2-alpha.1+dev.2ae956e6.opengl/io.homo.superresolution.core.gui.widgets.menu.MaterialMenuItem.handleSelectionClick(MaterialMenuItem.java:283) ~[super_resolution-neoforge-1.21..1.21.1-0.9.2-alpha.1+dev.2ae956e6.opengl-fg-metadata.jar%23175!/:?]
	at TRANSFORMER/super_resolution@0.9.2-alpha.1+dev.2ae956e6.opengl/io.homo.superresolution.core.gui.widgets.menu.MaterialMenuItem._onClick(MaterialMenuItem.java:143) ~[super_resolution-neoforge-1.21..1.21.1-0.9.2-alpha.1+dev.2ae956e6.opengl-fg-metadata.jar%23175!/:?]
	at MC-BOOTSTRAP/net.neoforged.bus/net.neoforged.bus.ConsumerEventHandler.invoke(ConsumerEventHandler.java:27) ~[bus-8.0.5.jar%23134!/:?]
	at MC-BOOTSTRAP/net.neoforged.bus/net.neoforged.bus.EventBus.post(EventBus.java:360) ~[bus-8.0.5.jar%23134!/:?]
	at MC-BOOTSTRAP/net.neoforged.bus/net.neoforged.bus.EventBus.post(EventBus.java:328) ~[bus-8.0.5.jar%23134!/:?]
	at TRANSFORMER/super_resolution@0.9.2-alpha.1+dev.2ae956e6.opengl/io.homo.superresolution.core.gui.widgets.menu.MaterialMenuItem.onPress(MaterialMenuItem.java:133) ~[super_resolution-neoforge-1.21..1.21.1-0.9.2-alpha.1+dev.2ae956e6.opengl-fg-metadata.jar%23175!/:?]
	at MC-BOOTSTRAP/net.neoforged.bus/net.neoforged.bus.ConsumerEventHandler.invoke(ConsumerEventHandler.java:27) ~[bus-8.0.5.jar%23134!/:?]
	at MC-BOOTSTRAP/net.neoforged.bus/net.neoforged.bus.EventBus.post(EventBus.java:360) ~[bus-8.0.5.jar%23134!/:?]
	at MC-BOOTSTRAP/net.neoforged.bus/net.neoforged.bus.EventBus.post(EventBus.java:328) ~[bus-8.0.5.jar%23134!/:?]
	at TRANSFORMER/super_resolution@0.9.2-alpha.1+dev.2ae956e6.opengl/io.homo.superresolution.core.gui.core.AbstractWidget.mousePress(AbstractWidget.java:114) ~[super_resolution-neoforge-1.21..1.21.1-0.9.2-alpha.1+dev.2ae956e6.opengl-fg-metadata.jar%23175!/:?]
	at TRANSFORMER/super_resolution@0.9.2-alpha.1+dev.2ae956e6.opengl/io.homo.superresolution.core.gui.core.frame.Frame.dispatchMousePress(Frame.java:262) ~[super_resolution-neoforge-1.21..1.21.1-0.9.2-alpha.1+dev.2ae956e6.opengl-fg-metadata.jar%23175!/:?]
	at TRANSFORMER/super_resolution@0.9.2-alpha.1+dev.2ae956e6.opengl/io.homo.superresolution.core.gui.core.frame.ScrollableFrame.dispatchMousePress(ScrollableFrame.java:234) ~[super_resolution-neoforge-1.21..1.21.1-0.9.2-alpha.1+dev.2ae956e6.opengl-fg-metadata.jar%23175!/:?]
	at TRANSFORMER/super_resolution@0.9.2-alpha.1+dev.2ae956e6.opengl/io.homo.superresolution.core.gui.core.frame.ScrollableFrameWithScrollBar.dispatchMousePress(ScrollableFrameWithScrollBar.java:196) ~[super_resolution-neoforge-1.21..1.21.1-0.9.2-alpha.1+dev.2ae956e6.opengl-fg-metadata.jar%23175!/:?]
	at TRANSFORMER/super_resolution@0.9.2-alpha.1+dev.2ae956e6.opengl/io.homo.superresolution.core.gui.core.view.View.dispatchMousePress(View.java:255) ~[super_resolution-neoforge-1.21..1.21.1-0.9.2-alpha.1+dev.2ae956e6.opengl-fg-metadata.jar%23175!/:?]
	at TRANSFORMER/super_resolution@0.9.2-alpha.1+dev.2ae956e6.opengl/io.homo.superresolution.core.gui.WidgetEventScreen.dispatchMousePressToFrame(WidgetEventScreen.java:71) ~[super_resolution-neoforge-1.21..1.21.1-0.9.2-alpha.1+dev.2ae956e6.opengl-fg-metadata.jar%23175!/:?]
	at TRANSFORMER/super_resolution@0.9.2-alpha.1+dev.2ae956e6.opengl/io.homo.superresolution.core.gui.WidgetEventScreen.mouseClicked(WidgetEventScreen.java:183) ~[super_resolution-neoforge-1.21..1.21.1-0.9.2-alpha.1+dev.2ae956e6.opengl-fg-metadata.jar%23175!/:?]
	at TRANSFORMER/minecraft@1.21.1/net.minecraft.client.MouseHandler.lambda$onPress$0(MouseHandler.java:98) ~[neoforge-21.1.219.jar%23172!/:?]
	at TRANSFORMER/minecraft@1.21.1/net.minecraft.client.gui.screens.Screen.wrapScreenError(Screen.java:451) ~[neoforge-21.1.219.jar%23172!/:?]
	at TRANSFORMER/minecraft@1.21.1/net.minecraft.client.MouseHandler.onPress(MouseHandler.java:95) ~[neoforge-21.1.219.jar%23172!/:?]
	at TRANSFORMER/minecraft@1.21.1/net.minecraft.client.MouseHandler.lambda$setup$4(MouseHandler.java:202) ~[neoforge-21.1.219.jar%23172!/:?]
	at TRANSFORMER/minecraft@1.21.1/net.minecraft.util.thread.BlockableEventLoop.execute(BlockableEventLoop.java:98) ~[neoforge-21.1.219.jar%23172!/:?]
	at TRANSFORMER/minecraft@1.21.1/net.minecraft.client.MouseHandler.lambda$setup$5(MouseHandler.java:202) ~[neoforge-21.1.219.jar%23172!/:?]
	at MC-BOOTSTRAP/org.lwjgl.glfw@3.3.4+7/org.lwjgl.glfw.GLFWMouseButtonCallbackI.callback(GLFWMouseButtonCallbackI.java:43) ~[lwjgl-glfw-3.3.4.jar%23156!/:build 7]
	at MC-BOOTSTRAP/org.lwjgl@3.3.4+7/org.lwjgl.system.JNI.invokeV(Native Method) ~[lwjgl-3.3.4.jar%23167!/:build 7]
	at MC-BOOTSTRAP/org.lwjgl.glfw@3.3.4+7/org.lwjgl.glfw.GLFW.glfwPollEvents(GLFW.java:3501) ~[lwjgl-glfw-3.3.4.jar%23156!/:build 7]
	at TRANSFORMER/minecraft@1.21.1/com.mojang.blaze3d.systems.RenderSystem.pollEvents(RenderSystem.java:134) ~[neoforge-21.1.219.jar%23172!/:?]
	at TRANSFORMER/minecraft@1.21.1/com.mojang.blaze3d.systems.RenderSystem.invokePollEvents$super_resolution_$md$b40c84$2(RenderSystem.java) ~[neoforge-21.1.219.jar%23172!/:?]
	at TRANSFORMER/super_resolution@0.9.2-alpha.1+dev.2ae956e6.opengl/io.homo.superresolution.common.mixin.lowlatency.v1_21_1.RenderSystemAccessor.invokePollEvents(RenderSystemAccessor.java) ~[super_resolution-neoforge-1.21..1.21.1-0.9.2-alpha.1+dev.2ae956e6.opengl-fg-metadata.jar%23175!/:?]
	at TRANSFORMER/minecraft@1.21.1/net.minecraft.client.Minecraft.handler$zkp000$super_resolution$pollEvents(Minecraft.java:23551) ~[neoforge-21.1.219.jar%23172!/:?]
	at TRANSFORMER/minecraft@1.21.1/net.minecraft.client.Minecraft.run(Minecraft.java:806) ~[neoforge-21.1.219.jar%23172!/:?]
	at TRANSFORMER/minecraft@1.21.1/net.minecraft.client.main.Main.main(Main.java:230) ~[neoforge-21.1.219.jar%23172!/:?]
	at java.base/jdk.internal.reflect.DirectMethodHandleAccessor.invoke(DirectMethodHandleAccessor.java:103) ~[?:?]
	at java.base/java.lang.reflect.Method.invoke(Method.java:580) ~[?:?]
	at MC-BOOTSTRAP/fml_loader@4.0.42/net.neoforged.fml.loading.targets.CommonLaunchHandler.runTarget(CommonLaunchHandler.java:136) ~[loader-4.0.42.jar%23130!/:4.0]
	at MC-BOOTSTRAP/fml_loader@4.0.42/net.neoforged.fml.loading.targets.CommonLaunchHandler.clientService(CommonLaunchHandler.java:124) ~[loader-4.0.42.jar%23130!/:4.0]
	at MC-BOOTSTRAP/fml_loader@4.0.42/net.neoforged.fml.loading.targets.NeoForgeClientDevLaunchHandler.runService(NeoForgeClientDevLaunchHandler.java:23) ~[loader-4.0.42.jar%23130!/:4.0]
	at MC-BOOTSTRAP/fml_loader@4.0.42/net.neoforged.fml.loading.targets.CommonLaunchHandler.lambda$launchService$4(CommonLaunchHandler.java:118) ~[loader-4.0.42.jar%23130!/:4.0]
	at MC-BOOTSTRAP/cpw.mods.modlauncher@11.0.5/cpw.mods.modlauncher.LaunchServiceHandlerDecorator.launch(LaunchServiceHandlerDecorator.java:30) [modlauncher-11.0.5.jar%23112!/:?]
	at MC-BOOTSTRAP/cpw.mods.modlauncher@11.0.5/cpw.mods.modlauncher.LaunchServiceHandler.launch(LaunchServiceHandler.java:53) [modlauncher-11.0.5.jar%23112!/:?]
	at MC-BOOTSTRAP/cpw.mods.modlauncher@11.0.5/cpw.mods.modlauncher.LaunchServiceHandler.launch(LaunchServiceHandler.java:71) [modlauncher-11.0.5.jar%23112!/:?]
	at MC-BOOTSTRAP/cpw.mods.modlauncher@11.0.5/cpw.mods.modlauncher.Launcher.run(Launcher.java:103) [modlauncher-11.0.5.jar%23112!/:?]
	at MC-BOOTSTRAP/cpw.mods.modlauncher@11.0.5/cpw.mods.modlauncher.Launcher.main(Launcher.java:74) [modlauncher-11.0.5.jar%23112!/:?]
	at MC-BOOTSTRAP/cpw.mods.modlauncher@11.0.5/cpw.mods.modlauncher.BootstrapLaunchConsumer.accept(BootstrapLaunchConsumer.java:26) [modlauncher-11.0.5.jar%23112!/:?]
	at MC-BOOTSTRAP/cpw.mods.modlauncher@11.0.5/cpw.mods.modlauncher.BootstrapLaunchConsumer.accept(BootstrapLaunchConsumer.java:23) [modlauncher-11.0.5.jar%23112!/:?]
	at cpw.mods.bootstraplauncher@2.0.2/cpw.mods.bootstraplauncher.BootstrapLauncher.run(BootstrapLauncher.java:210) [bootstraplauncher-2.0.2.jar:?]
	at cpw.mods.bootstraplauncher@2.0.2/cpw.mods.bootstraplauncher.BootstrapLauncher.main(BootstrapLauncher.java:69) [bootstraplauncher-2.0.2.jar:?]
	at java.base/jdk.internal.reflect.DirectMethodHandleAccessor.invoke(DirectMethodHandleAccessor.java:103) ~[?:?]
	at java.base/java.lang.reflect.Method.invoke(Method.java:580) ~[?:?]
	at net.neoforged.devlaunch.Main.main(Main.java:57) [DevLaunch-1.0.2.jar:?]
[02Oct2026 18:55:59.186] [Render thread/WARN] [Iris/]: Failed to resolve uniform endFlashFactor0, reason: Unknown variable: endFlashIntensity ( = BinaryExpr{ {FunctionCall{min {[Id{endFlashIntensity}, Number{0.5}]} }} multiply{0} {Number{2.0}} })
java.lang.RuntimeException: Unknown variable: endFlashIntensity
	at TRANSFORMER/iris@1.8.8+mc1.21.1/kroppeb.stareval.resolver.ExpressionResolver.resolveExpressionInternal(ExpressionResolver.java:225) ~[iris-1.8.8+1.21.1-neoforge-neoforge,1.21.1.jar%23177!/:?]
	at TRANSFORMER/iris@1.8.8+mc1.21.1/kroppeb.stareval.resolver.ExpressionResolver.resolveCallExpressionInternal(ExpressionResolver.java:81) ~[iris-1.8.8+1.21.1-neoforge-neoforge,1.21.1.jar%23177!/:?]
	at TRANSFORMER/iris@1.8.8+mc1.21.1/kroppeb.stareval.resolver.ExpressionResolver.resolveCallExpression(ExpressionResolver.java:111) ~[iris-1.8.8+1.21.1-neoforge-neoforge,1.21.1.jar%23177!/:?]
	at TRANSFORMER/iris@1.8.8+mc1.21.1/kroppeb.stareval.resolver.ExpressionResolver.resolveExpressionInternal(ExpressionResolver.java:196) ~[iris-1.8.8+1.21.1-neoforge-neoforge,1.21.1.jar%23177!/:?]
	at TRANSFORMER/iris@1.8.8+mc1.21.1/kroppeb.stareval.resolver.ExpressionResolver.resolveCallExpressionInternal(ExpressionResolver.java:81) ~[iris-1.8.8+1.21.1-neoforge-neoforge,1.21.1.jar%23177!/:?]
	at TRANSFORMER/iris@1.8.8+mc1.21.1/kroppeb.stareval.resolver.ExpressionResolver.resolveCallExpression(ExpressionResolver.java:111) ~[iris-1.8.8+1.21.1-neoforge-neoforge,1.21.1.jar%23177!/:?]
	at TRANSFORMER/iris@1.8.8+mc1.21.1/kroppeb.stareval.resolver.ExpressionResolver.resolveExpressionInternal(ExpressionResolver.java:192) ~[iris-1.8.8+1.21.1-neoforge-neoforge,1.21.1.jar%23177!/:?]
	at TRANSFORMER/iris@1.8.8+mc1.21.1/kroppeb.stareval.resolver.ExpressionResolver.resolveExpression(ExpressionResolver.java:50) ~[iris-1.8.8+1.21.1-neoforge-neoforge,1.21.1.jar%23177!/:?]
	at TRANSFORMER/iris@1.8.8+mc1.21.1/net.irisshaders.iris.uniforms.custom.CustomUniforms.<init>(CustomUniforms.java:60) ~[iris-1.8.8+1.21.1-neoforge-neoforge,1.21.1.jar%23177!/:?]
	at TRANSFORMER/iris@1.8.8+mc1.21.1/net.irisshaders.iris.uniforms.custom.CustomUniforms$Builder.build(CustomUniforms.java:332) ~[iris-1.8.8+1.21.1-neoforge-neoforge,1.21.1.jar%23177!/:?]
	at TRANSFORMER/iris@1.8.8+mc1.21.1/net.irisshaders.iris.uniforms.custom.CustomUniforms$Builder.build(CustomUniforms.java:343) ~[iris-1.8.8+1.21.1-neoforge-neoforge,1.21.1.jar%23177!/:?]
	at TRANSFORMER/iris@1.8.8+mc1.21.1/net.irisshaders.iris.pipeline.IrisRenderingPipeline.<init>(IrisRenderingPipeline.java:282) ~[iris-1.8.8+1.21.1-neoforge-neoforge,1.21.1.jar%23177!/:?]
	at TRANSFORMER/iris@1.8.8+mc1.21.1/net.irisshaders.iris.Iris.createPipeline(Iris.java:616) ~[iris-1.8.8+1.21.1-neoforge-neoforge,1.21.1.jar%23177!/:?]
	at TRANSFORMER/iris@1.8.8+mc1.21.1/net.irisshaders.iris.pipeline.PipelineManager.preparePipeline(PipelineManager.java:33) ~[iris-1.8.8+1.21.1-neoforge-neoforge,1.21.1.jar%23177!/:?]
	at TRANSFORMER/iris@1.8.8+mc1.21.1/net.irisshaders.iris.Iris.reload(Iris.java:567) ~[iris-1.8.8+1.21.1-neoforge-neoforge,1.21.1.jar%23177!/:?]
	at java.base/jdk.internal.reflect.DirectMethodHandleAccessor.invoke(DirectMethodHandleAccessor.java:103) ~[?:?]
	at java.base/java.lang.reflect.Method.invoke(Method.java:580) ~[?:?]
	at TRANSFORMER/super_resolution@0.9.2-alpha.1+dev.2ae956e6.opengl/io.homo.superresolution.common.minecraft.handler.shadercompat.ShaderCompatHandler.irisApiReloadShader(ShaderCompatHandler.java:176) ~[super_resolution-neoforge-1.21..1.21.1-0.9.2-alpha.1+dev.2ae956e6.opengl-fg-metadata.jar%23175!/:?]
	at TRANSFORMER/super_resolution@0.9.2-alpha.1+dev.2ae956e6.opengl/io.homo.superresolution.shadercompat.ShaderCompatSRWorkModeProvider.reloadShaderPack(ShaderCompatSRWorkModeProvider.java:101) ~[super_resolution-neoforge-1.21..1.21.1-0.9.2-alpha.1+dev.2ae956e6.opengl-fg-metadata.jar%23175!/:?]
	at TRANSFORMER/super_resolution@0.9.2-alpha.1+dev.2ae956e6.opengl/io.homo.superresolution.common.workmode.SRWorkModeManager.reloadShaderPack(SRWorkModeManager.java:117) ~[super_resolution-neoforge-1.21..1.21.1-0.9.2-alpha.1+dev.2ae956e6.opengl-fg-metadata.jar%23175!/:?]
	at TRANSFORMER/super_resolution@0.9.2-alpha.1+dev.2ae956e6.opengl/io.homo.superresolution.common.gui.config.pages.GeneralPage.lambda$build$8(GeneralPage.java:184) ~[super_resolution-neoforge-1.21..1.21.1-0.9.2-alpha.1+dev.2ae956e6.opengl-fg-metadata.jar%23175!/:?]
	at TRANSFORMER/super_resolution@0.9.2-alpha.1+dev.2ae956e6.opengl/io.homo.superresolution.common.gui.options.SelectionListOptionEntry.lambda$initWidget$1(SelectionListOptionEntry.java:172) ~[super_resolution-neoforge-1.21..1.21.1-0.9.2-alpha.1+dev.2ae956e6.opengl-fg-metadata.jar%23175!/:?]
	at MC-BOOTSTRAP/net.neoforged.bus/net.neoforged.bus.ConsumerEventHandler.invoke(ConsumerEventHandler.java:27) ~[bus-8.0.5.jar%23134!/:?]
	at MC-BOOTSTRAP/net.neoforged.bus/net.neoforged.bus.EventBus.post(EventBus.java:360) ~[bus-8.0.5.jar%23134!/:?]
	at MC-BOOTSTRAP/net.neoforged.bus/net.neoforged.bus.EventBus.post(EventBus.java:328) ~[bus-8.0.5.jar%23134!/:?]
	at TRANSFORMER/super_resolution@0.9.2-alpha.1+dev.2ae956e6.opengl/io.homo.superresolution.core.gui.widgets.select.MaterialSelect.handleSelection(MaterialSelect.java:497) ~[super_resolution-neoforge-1.21..1.21.1-0.9.2-alpha.1+dev.2ae956e6.opengl-fg-metadata.jar%23175!/:?]
	at TRANSFORMER/super_resolution@0.9.2-alpha.1+dev.2ae956e6.opengl/io.homo.superresolution.core.gui.widgets.select.MaterialSelect.lambda$addOption$2(MaterialSelect.java:446) ~[super_resolution-neoforge-1.21..1.21.1-0.9.2-alpha.1+dev.2ae956e6.opengl-fg-metadata.jar%23175!/:?]
	at TRANSFORMER/super_resolution@0.9.2-alpha.1+dev.2ae956e6.opengl/io.homo.superresolution.core.gui.widgets.menu.MaterialMenuItem.setSelectedInternal(MaterialMenuItem.java:331) ~[super_resolution-neoforge-1.21..1.21.1-0.9.2-alpha.1+dev.2ae956e6.opengl-fg-metadata.jar%23175!/:?]
	at TRANSFORMER/super_resolution@0.9.2-alpha.1+dev.2ae956e6.opengl/io.homo.superresolution.core.gui.widgets.menu.MaterialMenu.handleItemSelection(MaterialMenu.java:410) ~[super_resolution-neoforge-1.21..1.21.1-0.9.2-alpha.1+dev.2ae956e6.opengl-fg-metadata.jar%23175!/:?]
	at TRANSFORMER/super_resolution@0.9.2-alpha.1+dev.2ae956e6.opengl/io.homo.superresolution.core.gui.widgets.menu.MaterialMenu.handleItemSelection(MaterialMenu.java:372) ~[super_resolution-neoforge-1.21..1.21.1-0.9.2-alpha.1+dev.2ae956e6.opengl-fg-metadata.jar%23175!/:?]
	at TRANSFORMER/super_resolution@0.9.2-alpha.1+dev.2ae956e6.opengl/io.homo.superresolution.core.gui.widgets.menu.MaterialMenuItem.handleSelectionClick(MaterialMenuItem.java:283) ~[super_resolution-neoforge-1.21..1.21.1-0.9.2-alpha.1+dev.2ae956e6.opengl-fg-metadata.jar%23175!/:?]
	at TRANSFORMER/super_resolution@0.9.2-alpha.1+dev.2ae956e6.opengl/io.homo.superresolution.core.gui.widgets.menu.MaterialMenuItem._onClick(MaterialMenuItem.java:143) ~[super_resolution-neoforge-1.21..1.21.1-0.9.2-alpha.1+dev.2ae956e6.opengl-fg-metadata.jar%23175!/:?]
	at MC-BOOTSTRAP/net.neoforged.bus/net.neoforged.bus.ConsumerEventHandler.invoke(ConsumerEventHandler.java:27) ~[bus-8.0.5.jar%23134!/:?]
	at MC-BOOTSTRAP/net.neoforged.bus/net.neoforged.bus.EventBus.post(EventBus.java:360) ~[bus-8.0.5.jar%23134!/:?]
	at MC-BOOTSTRAP/net.neoforged.bus/net.neoforged.bus.EventBus.post(EventBus.java:328) ~[bus-8.0.5.jar%23134!/:?]
	at TRANSFORMER/super_resolution@0.9.2-alpha.1+dev.2ae956e6.opengl/io.homo.superresolution.core.gui.widgets.menu.MaterialMenuItem.onPress(MaterialMenuItem.java:133) ~[super_resolution-neoforge-1.21..1.21.1-0.9.2-alpha.1+dev.2ae956e6.opengl-fg-metadata.jar%23175!/:?]
	at MC-BOOTSTRAP/net.neoforged.bus/net.neoforged.bus.ConsumerEventHandler.invoke(ConsumerEventHandler.java:27) ~[bus-8.0.5.jar%23134!/:?]
	at MC-BOOTSTRAP/net.neoforged.bus/net.neoforged.bus.EventBus.post(EventBus.java:360) ~[bus-8.0.5.jar%23134!/:?]
	at MC-BOOTSTRAP/net.neoforged.bus/net.neoforged.bus.EventBus.post(EventBus.java:328) ~[bus-8.0.5.jar%23134!/:?]
	at TRANSFORMER/super_resolution@0.9.2-alpha.1+dev.2ae956e6.opengl/io.homo.superresolution.core.gui.core.AbstractWidget.mousePress(AbstractWidget.java:114) ~[super_resolution-neoforge-1.21..1.21.1-0.9.2-alpha.1+dev.2ae956e6.opengl-fg-metadata.jar%23175!/:?]
	at TRANSFORMER/super_resolution@0.9.2-alpha.1+dev.2ae956e6.opengl/io.homo.superresolution.core.gui.core.frame.Frame.dispatchMousePress(Frame.java:262) ~[super_resolution-neoforge-1.21..1.21.1-0.9.2-alpha.1+dev.2ae956e6.opengl-fg-metadata.jar%23175!/:?]
	at TRANSFORMER/super_resolution@0.9.2-alpha.1+dev.2ae956e6.opengl/io.homo.superresolution.core.gui.core.frame.ScrollableFrame.dispatchMousePress(ScrollableFrame.java:234) ~[super_resolution-neoforge-1.21..1.21.1-0.9.2-alpha.1+dev.2ae956e6.opengl-fg-metadata.jar%23175!/:?]
	at TRANSFORMER/super_resolution@0.9.2-alpha.1+dev.2ae956e6.opengl/io.homo.superresolution.core.gui.core.frame.ScrollableFrameWithScrollBar.dispatchMousePress(ScrollableFrameWithScrollBar.java:196) ~[super_resolution-neoforge-1.21..1.21.1-0.9.2-alpha.1+dev.2ae956e6.opengl-fg-metadata.jar%23175!/:?]
	at TRANSFORMER/super_resolution@0.9.2-alpha.1+dev.2ae956e6.opengl/io.homo.superresolution.core.gui.core.view.View.dispatchMousePress(View.java:255) ~[super_resolution-neoforge-1.21..1.21.1-0.9.2-alpha.1+dev.2ae956e6.opengl-fg-metadata.jar%23175!/:?]
	at TRANSFORMER/super_resolution@0.9.2-alpha.1+dev.2ae956e6.opengl/io.homo.superresolution.core.gui.WidgetEventScreen.dispatchMousePressToFrame(WidgetEventScreen.java:71) ~[super_resolution-neoforge-1.21..1.21.1-0.9.2-alpha.1+dev.2ae956e6.opengl-fg-metadata.jar%23175!/:?]
	at TRANSFORMER/super_resolution@0.9.2-alpha.1+dev.2ae956e6.opengl/io.homo.superresolution.core.gui.WidgetEventScreen.mouseClicked(WidgetEventScreen.java:183) ~[super_resolution-neoforge-1.21..1.21.1-0.9.2-alpha.1+dev.2ae956e6.opengl-fg-metadata.jar%23175!/:?]
	at TRANSFORMER/minecraft@1.21.1/net.minecraft.client.MouseHandler.lambda$onPress$0(MouseHandler.java:98) ~[neoforge-21.1.219.jar%23172!/:?]
	at TRANSFORMER/minecraft@1.21.1/net.minecraft.client.gui.screens.Screen.wrapScreenError(Screen.java:451) ~[neoforge-21.1.219.jar%23172!/:?]
	at TRANSFORMER/minecraft@1.21.1/net.minecraft.client.MouseHandler.onPress(MouseHandler.java:95) ~[neoforge-21.1.219.jar%23172!/:?]
	at TRANSFORMER/minecraft@1.21.1/net.minecraft.client.MouseHandler.lambda$setup$4(MouseHandler.java:202) ~[neoforge-21.1.219.jar%23172!/:?]
	at TRANSFORMER/minecraft@1.21.1/net.minecraft.util.thread.BlockableEventLoop.execute(BlockableEventLoop.java:98) ~[neoforge-21.1.219.jar%23172!/:?]
	at TRANSFORMER/minecraft@1.21.1/net.minecraft.client.MouseHandler.lambda$setup$5(MouseHandler.java:202) ~[neoforge-21.1.219.jar%23172!/:?]
	at MC-BOOTSTRAP/org.lwjgl.glfw@3.3.4+7/org.lwjgl.glfw.GLFWMouseButtonCallbackI.callback(GLFWMouseButtonCallbackI.java:43) ~[lwjgl-glfw-3.3.4.jar%23156!/:build 7]
	at MC-BOOTSTRAP/org.lwjgl@3.3.4+7/org.lwjgl.system.JNI.invokeV(Native Method) ~[lwjgl-3.3.4.jar%23167!/:build 7]
	at MC-BOOTSTRAP/org.lwjgl.glfw@3.3.4+7/org.lwjgl.glfw.GLFW.glfwPollEvents(GLFW.java:3501) ~[lwjgl-glfw-3.3.4.jar%23156!/:build 7]
	at TRANSFORMER/minecraft@1.21.1/com.mojang.blaze3d.systems.RenderSystem.pollEvents(RenderSystem.java:134) ~[neoforge-21.1.219.jar%23172!/:?]
	at TRANSFORMER/minecraft@1.21.1/com.mojang.blaze3d.systems.RenderSystem.invokePollEvents$super_resolution_$md$b40c84$2(RenderSystem.java) ~[neoforge-21.1.219.jar%23172!/:?]
	at TRANSFORMER/super_resolution@0.9.2-alpha.1+dev.2ae956e6.opengl/io.homo.superresolution.common.mixin.lowlatency.v1_21_1.RenderSystemAccessor.invokePollEvents(RenderSystemAccessor.java) ~[super_resolution-neoforge-1.21..1.21.1-0.9.2-alpha.1+dev.2ae956e6.opengl-fg-metadata.jar%23175!/:?]
	at TRANSFORMER/minecraft@1.21.1/net.minecraft.client.Minecraft.handler$zkp000$super_resolution$pollEvents(Minecraft.java:23551) ~[neoforge-21.1.219.jar%23172!/:?]
	at TRANSFORMER/minecraft@1.21.1/net.minecraft.client.Minecraft.run(Minecraft.java:806) ~[neoforge-21.1.219.jar%23172!/:?]
	at TRANSFORMER/minecraft@1.21.1/net.minecraft.client.main.Main.main(Main.java:230) ~[neoforge-21.1.219.jar%23172!/:?]
	at java.base/jdk.internal.reflect.DirectMethodHandleAccessor.invoke(DirectMethodHandleAccessor.java:103) ~[?:?]
	at java.base/java.lang.reflect.Method.invoke(Method.java:580) ~[?:?]
	at MC-BOOTSTRAP/fml_loader@4.0.42/net.neoforged.fml.loading.targets.CommonLaunchHandler.runTarget(CommonLaunchHandler.java:136) ~[loader-4.0.42.jar%23130!/:4.0]
	at MC-BOOTSTRAP/fml_loader@4.0.42/net.neoforged.fml.loading.targets.CommonLaunchHandler.clientService(CommonLaunchHandler.java:124) ~[loader-4.0.42.jar%23130!/:4.0]
	at MC-BOOTSTRAP/fml_loader@4.0.42/net.neoforged.fml.loading.targets.NeoForgeClientDevLaunchHandler.runService(NeoForgeClientDevLaunchHandler.java:23) ~[loader-4.0.42.jar%23130!/:4.0]
	at MC-BOOTSTRAP/fml_loader@4.0.42/net.neoforged.fml.loading.targets.CommonLaunchHandler.lambda$launchService$4(CommonLaunchHandler.java:118) ~[loader-4.0.42.jar%23130!/:4.0]
	at MC-BOOTSTRAP/cpw.mods.modlauncher@11.0.5/cpw.mods.modlauncher.LaunchServiceHandlerDecorator.launch(LaunchServiceHandlerDecorator.java:30) [modlauncher-11.0.5.jar%23112!/:?]
	at MC-BOOTSTRAP/cpw.mods.modlauncher@11.0.5/cpw.mods.modlauncher.LaunchServiceHandler.launch(LaunchServiceHandler.java:53) [modlauncher-11.0.5.jar%23112!/:?]
	at MC-BOOTSTRAP/cpw.mods.modlauncher@11.0.5/cpw.mods.modlauncher.LaunchServiceHandler.launch(LaunchServiceHandler.java:71) [modlauncher-11.0.5.jar%23112!/:?]
	at MC-BOOTSTRAP/cpw.mods.modlauncher@11.0.5/cpw.mods.modlauncher.Launcher.run(Launcher.java:103) [modlauncher-11.0.5.jar%23112!/:?]
	at MC-BOOTSTRAP/cpw.mods.modlauncher@11.0.5/cpw.mods.modlauncher.Launcher.main(Launcher.java:74) [modlauncher-11.0.5.jar%23112!/:?]
	at MC-BOOTSTRAP/cpw.mods.modlauncher@11.0.5/cpw.mods.modlauncher.BootstrapLaunchConsumer.accept(BootstrapLaunchConsumer.java:26) [modlauncher-11.0.5.jar%23112!/:?]
	at MC-BOOTSTRAP/cpw.mods.modlauncher@11.0.5/cpw.mods.modlauncher.BootstrapLaunchConsumer.accept(BootstrapLaunchConsumer.java:23) [modlauncher-11.0.5.jar%23112!/:?]
	at cpw.mods.bootstraplauncher@2.0.2/cpw.mods.bootstraplauncher.BootstrapLauncher.run(BootstrapLauncher.java:210) [bootstraplauncher-2.0.2.jar:?]
	at cpw.mods.bootstraplauncher@2.0.2/cpw.mods.bootstraplauncher.BootstrapLauncher.main(BootstrapLauncher.java:69) [bootstraplauncher-2.0.2.jar:?]
	at java.base/jdk.internal.reflect.DirectMethodHandleAccessor.invoke(DirectMethodHandleAccessor.java:103) ~[?:?]
	at java.base/java.lang.reflect.Method.invoke(Method.java:580) ~[?:?]
	at net.neoforged.devlaunch.Main.main(Main.java:57) [DevLaunch-1.0.2.jar:?]
[02Oct2026 18:55:59.195] [Render thread/WARN] [Iris/]: The following uniforms won't work, either because they are broken, or reference a broken uniform: 
endFlashIntensityM, endFlashFactor1
[02Oct2026 18:55:59.783] [Render thread/INFO] [ChunkBuilder/]: Stopping worker threads
[02Oct2026 18:55:59.806] [Render thread/INFO] [ChunkBuilder/]: Started 6 worker threads
[02Oct2026 18:55:59.845] [Render thread/INFO] [SuperResolution/ShaderCompiler/]: Compiling shader FSR1_EASU with the compatibility shader compiler
[02Oct2026 18:55:59.911] [Render thread/INFO] [SuperResolution/ShaderCompiler/]: Compiling shader FSR1_RCAS with the compatibility shader compiler
[02Oct2026 18:55:59.963] [Render thread/INFO] [SuperResolution/]: SR_DIAG glTextureStorage2D texture=86 levels=1 internalFormat=881a size=1920x1009 label=Fsr1TempTexture
[02Oct2026 18:55:59.963] [Render thread/INFO] [SuperResolution/]: SR_DIAG glTextureStorage2D texture=87 levels=1 internalFormat=881a size=1920x1009 label=Fsr1OutputTexture
[02Oct2026 18:55:59.968] [Render thread/INFO] [SuperResolution/ShaderCompiler/]: Compiling shader FSR1_EASU with the compatibility shader compiler
[02Oct2026 18:56:00.029] [Render thread/INFO] [SuperResolution/ShaderCompiler/]: Compiling shader FSR1_RCAS with the compatibility shader compiler
[02Oct2026 18:56:00.095] [Render thread/INFO] [SuperResolution/]: SR_DIAG glTextureStorage2D texture=86 levels=1 internalFormat=881a size=1920x1009 label=Fsr1TempTexture
[02Oct2026 18:56:00.095] [Render thread/INFO] [SuperResolution/]: SR_DIAG glTextureStorage2D texture=87 levels=1 internalFormat=881a size=1920x1009 label=Fsr1OutputTexture
[02Oct2026 18:56:00.109] [Render thread/INFO] [SuperResolution/ShaderCompiler/]: Compiling shader FSR1_EASU with the compatibility shader compiler
[02Oct2026 18:56:00.169] [Render thread/INFO] [SuperResolution/ShaderCompiler/]: Compiling shader FSR1_RCAS with the compatibility shader compiler
[02Oct2026 18:56:00.225] [Render thread/INFO] [SuperResolution/]: SR_DIAG glTextureStorage2D texture=86 levels=1 internalFormat=881a size=1920x1009 label=Fsr1TempTexture
[02Oct2026 18:56:00.226] [Render thread/INFO] [SuperResolution/]: SR_DIAG glTextureStorage2D texture=87 levels=1 internalFormat=881a size=1920x1009 label=Fsr1OutputTexture
[02Oct2026 18:56:00.264] [Render thread/WARN] [Iris/]: Error while parsing the block ID map entry for "block.10104":
[02Oct2026 18:56:00.264] [Render thread/WARN] [Iris/]: - The block minecraft:stone_slab has no property with the name variant, ignoring!
[02Oct2026 18:56:00.321] [Render thread/INFO] [ChunkBuilder/]: Stopping worker threads
[02Oct2026 18:56:00.329] [Render thread/INFO] [ChunkBuilder/]: Started 6 worker threads
[02Oct2026 18:56:00.397] [Render thread/INFO] [SuperResolution/]: SR_DIAG glTextureStorage2D texture=91 levels=1 internalFormat=881a size=1129x593 label=SRIrisCompatInternalTexture-autotex3
[02Oct2026 18:56:00.398] [Render thread/INFO] [SuperResolution/]: SR_DIAG glTextureStorage2D texture=95 levels=1 internalFormat=81a6 size=1129x593 label=SRIrisCompatInternalTexture-depthtex
[02Oct2026 18:56:00.398] [Render thread/INFO] [SuperResolution/]: SR_DIAG glTextureStorage2D texture=96 levels=1 internalFormat=881a size=1129x593 label=SRIrisCompatInternalTexture-autotex2
[02Oct2026 18:56:06.173] [Render thread/INFO] [SuperResolution/]: SR_DIAG BEFORE_PASS:deferred1 render=( 1.129E+3  5.930E+2) display=( 1.920E+3  1.009E+3) region-1=( 1.129E+3  5.930E+2) region-2=( 1.920E+3  1.009E+3) viewport=[0,0,1920,1009] scissor=[0,213,1920,652]/false drawFbo=1 readFbo=1 drawBuffer=36064 readBuffer=36064 drawStatus=8cd5
[02Oct2026 18:56:06.173] [Render thread/INFO] [SuperResolution/]: SR_DIAG BEFORE_PASS:deferred1 fbo=1 attachment=8ce0 texture=1 mip=0 size=1920x1009 internalFormat=8058
[02Oct2026 18:56:06.173] [Render thread/INFO] [SuperResolution/]: SR_DIAG BEFORE_PASS:deferred1 fbo=1 attachment=8d00 texture=5 mip=0 size=1920x1009 internalFormat=1902
[02Oct2026 18:56:06.173] [Render thread/INFO] [SuperResolution/]: SR_DIAG AFTER_PASS:deferred1 render=( 1.129E+3  5.930E+2) display=( 1.920E+3  1.009E+3) region-1=( 1.129E+3  5.930E+2) region-2=( 1.920E+3  1.009E+3) viewport=[0,0,1920,1009] scissor=[0,213,1920,652]/false drawFbo=12 readFbo=12 drawBuffer=36064 readBuffer=36064 drawStatus=8cd5
[02Oct2026 18:56:06.173] [Render thread/INFO] [SuperResolution/]: SR_DIAG AFTER_PASS:deferred1 fbo=12 attachment=8ce0 texture=56 mip=0 size=1920x1009 internalFormat=8c3a
[02Oct2026 18:56:06.174] [Render thread/INFO] [SuperResolution/]: SR_DIAG BEFORE_PASS:composite render=( 1.129E+3  5.930E+2) display=( 1.920E+3  1.009E+3) region-1=( 1.129E+3  5.930E+2) region-2=( 1.920E+3  1.009E+3) viewport=[0,0,1920,1009] scissor=[0,213,1920,652]/false drawFbo=1 readFbo=1 drawBuffer=36064 readBuffer=36064 drawStatus=8cd5
[02Oct2026 18:56:06.174] [Render thread/INFO] [SuperResolution/]: SR_DIAG BEFORE_PASS:composite fbo=1 attachment=8ce0 texture=1 mip=0 size=1920x1009 internalFormat=8058
[02Oct2026 18:56:06.174] [Render thread/INFO] [SuperResolution/]: SR_DIAG BEFORE_PASS:composite fbo=1 attachment=8d00 texture=5 mip=0 size=1920x1009 internalFormat=1902
[02Oct2026 18:56:06.175] [Render thread/INFO] [SuperResolution/]: SR_DIAG AFTER_PASS:composite render=( 1.129E+3  5.930E+2) display=( 1.920E+3  1.009E+3) region-1=( 1.129E+3  5.930E+2) region-2=( 1.920E+3  1.009E+3) viewport=[0,0,960,504] scissor=[0,213,1920,652]/false drawFbo=13 readFbo=13 drawBuffer=36064 readBuffer=36064 drawStatus=8cd5
[02Oct2026 18:56:06.175] [Render thread/INFO] [SuperResolution/]: SR_DIAG AFTER_PASS:composite fbo=13 attachment=8ce0 texture=79 mip=0 size=960x504 internalFormat=881a
[02Oct2026 18:56:06.175] [Render thread/INFO] [SuperResolution/]: SR_DIAG BEFORE_PASS:composite1 render=( 1.129E+3  5.930E+2) display=( 1.920E+3  1.009E+3) region-1=( 1.129E+3  5.930E+2) region-2=( 1.920E+3  1.009E+3) viewport=[0,0,960,504] scissor=[0,213,1920,652]/false drawFbo=13 readFbo=13 drawBuffer=36064 readBuffer=36064 drawStatus=8cd5
[02Oct2026 18:56:06.175] [Render thread/INFO] [SuperResolution/]: SR_DIAG BEFORE_PASS:composite1 fbo=13 attachment=8ce0 texture=79 mip=0 size=960x504 internalFormat=881a
[02Oct2026 18:56:06.175] [Render thread/INFO] [SuperResolution/]: SR_DIAG AFTER_PASS:composite1 render=( 1.129E+3  5.930E+2) display=( 1.920E+3  1.009E+3) region-1=( 1.129E+3  5.930E+2) region-2=( 1.920E+3  1.009E+3) viewport=[0,0,1920,1009] scissor=[0,213,1920,652]/false drawFbo=14 readFbo=14 drawBuffer=36064 readBuffer=36064 drawStatus=8cd5
[02Oct2026 18:56:06.175] [Render thread/INFO] [SuperResolution/]: SR_DIAG AFTER_PASS:composite1 fbo=14 attachment=8ce0 texture=55 mip=0 size=1920x1009 internalFormat=8c3a
[02Oct2026 18:56:06.175] [Render thread/INFO] [SuperResolution/]: SR_DIAG BEFORE_PASS:composite3 render=( 1.129E+3  5.930E+2) display=( 1.920E+3  1.009E+3) region-1=( 1.129E+3  5.930E+2) region-2=( 1.920E+3  1.009E+3) viewport=[0,0,1920,1009] scissor=[0,213,1920,652]/false drawFbo=14 readFbo=14 drawBuffer=36064 readBuffer=36064 drawStatus=8cd5
[02Oct2026 18:56:06.175] [Render thread/INFO] [SuperResolution/]: SR_DIAG BEFORE_PASS:composite3 fbo=14 attachment=8ce0 texture=55 mip=0 size=1920x1009 internalFormat=8c3a
[02Oct2026 18:56:06.175] [Render thread/INFO] [SuperResolution/]: SR_DIAG AFTER_PASS:composite3 render=( 1.129E+3  5.930E+2) display=( 1.920E+3  1.009E+3) region-1=( 1.129E+3  5.930E+2) region-2=( 1.920E+3  1.009E+3) viewport=[0,0,1920,1009] scissor=[0,213,1920,652]/false drawFbo=15 readFbo=15 drawBuffer=36064 readBuffer=36064 drawStatus=8cd5
[02Oct2026 18:56:06.175] [Render thread/INFO] [SuperResolution/]: SR_DIAG AFTER_PASS:composite3 fbo=15 attachment=8ce0 texture=56 mip=0 size=1920x1009 internalFormat=8c3a
[02Oct2026 18:56:06.175] [Render thread/INFO] [SuperResolution/]: SR_DIAG BEFORE_PASS:composite4 render=( 1.129E+3  5.930E+2) display=( 1.920E+3  1.009E+3) region-1=( 1.129E+3  5.930E+2) region-2=( 1.920E+3  1.009E+3) viewport=[0,0,1920,1009] scissor=[0,213,1920,652]/false drawFbo=15 readFbo=15 drawBuffer=36064 readBuffer=36064 drawStatus=8cd5
[02Oct2026 18:56:06.176] [Render thread/INFO] [SuperResolution/]: SR_DIAG BEFORE_PASS:composite4 fbo=15 attachment=8ce0 texture=56 mip=0 size=1920x1009 internalFormat=8c3a
[02Oct2026 18:56:06.176] [Render thread/INFO] [SuperResolution/]: SR_DIAG AFTER_PASS:composite4 render=( 1.129E+3  5.930E+2) display=( 1.920E+3  1.009E+3) region-1=( 1.129E+3  5.930E+2) region-2=( 1.920E+3  1.009E+3) viewport=[0,0,1920,1009] scissor=[0,213,1920,652]/false drawFbo=16 readFbo=16 drawBuffer=36064 readBuffer=36064 drawStatus=8cd5
[02Oct2026 18:56:06.176] [Render thread/INFO] [SuperResolution/]: SR_DIAG AFTER_PASS:composite4 fbo=16 attachment=8ce0 texture=63 mip=0 size=1920x1009 internalFormat=881a
[02Oct2026 18:56:06.176] [Render thread/INFO] [SuperResolution/]: SR_DIAG BEFORE_PASS:composite5 render=( 1.129E+3  5.930E+2) display=( 1.920E+3  1.009E+3) region-1=( 1.129E+3  5.930E+2) region-2=( 1.920E+3  1.009E+3) viewport=[0,0,1920,1009] scissor=[0,213,1920,652]/false drawFbo=16 readFbo=16 drawBuffer=36064 readBuffer=36064 drawStatus=8cd5
[02Oct2026 18:56:06.176] [Render thread/INFO] [SuperResolution/]: SR_DIAG BEFORE_PASS:composite5 fbo=16 attachment=8ce0 texture=63 mip=0 size=1920x1009 internalFormat=881a
[02Oct2026 18:56:06.176] [Render thread/INFO] [SuperResolution/]: SR_DIAG AFTER_PASS:composite5 render=( 1.129E+3  5.930E+2) display=( 1.920E+3  1.009E+3) region-1=( 1.129E+3  5.930E+2) region-2=( 1.920E+3  1.009E+3) viewport=[0,0,1920,1009] scissor=[0,213,1920,652]/false drawFbo=17 readFbo=17 drawBuffer=36064 readBuffer=36064 drawStatus=8cd5
[02Oct2026 18:56:06.176] [Render thread/INFO] [SuperResolution/]: SR_DIAG AFTER_PASS:composite5 fbo=17 attachment=8ce0 texture=62 mip=0 size=1920x1009 internalFormat=881a
[02Oct2026 18:56:06.176] [Render thread/INFO] [SuperResolution/]: SR_DIAG BEFORE_PASS:composite6 render=( 1.129E+3  5.930E+2) display=( 1.920E+3  1.009E+3) region-1=( 1.129E+3  5.930E+2) region-2=( 1.920E+3  1.009E+3) viewport=[0,0,1920,1009] scissor=[0,213,1920,652]/false drawFbo=17 readFbo=17 drawBuffer=36064 readBuffer=36064 drawStatus=8cd5
[02Oct2026 18:56:06.176] [Render thread/INFO] [SuperResolution/]: SR_DIAG BEFORE_PASS:composite6 fbo=17 attachment=8ce0 texture=62 mip=0 size=1920x1009 internalFormat=881a
[02Oct2026 18:56:06.176] [Render thread/INFO] [SuperResolution/]: SR_DIAG AFTER_PASS:composite6 render=( 1.129E+3  5.930E+2) display=( 1.920E+3  1.009E+3) region-1=( 1.129E+3  5.930E+2) region-2=( 1.920E+3  1.009E+3) viewport=[0,0,1920,1009] scissor=[0,213,1920,652]/false drawFbo=18 readFbo=18 drawBuffer=36064 readBuffer=36064 drawStatus=8cd5
[02Oct2026 18:56:06.176] [Render thread/INFO] [SuperResolution/]: SR_DIAG AFTER_PASS:composite6 fbo=18 attachment=8ce0 texture=63 mip=0 size=1920x1009 internalFormat=881a
[02Oct2026 18:56:06.176] [Render thread/INFO] [SuperResolution/]: SR_DIAG BEFORE_PASS:composite7 render=( 1.129E+3  5.930E+2) display=( 1.920E+3  1.009E+3) region-1=( 1.129E+3  5.930E+2) region-2=( 1.920E+3  1.009E+3) viewport=[0,0,1920,1009] scissor=[0,213,1920,652]/false drawFbo=18 readFbo=18 drawBuffer=36064 readBuffer=36064 drawStatus=8cd5
[02Oct2026 18:56:06.177] [Render thread/INFO] [SuperResolution/]: SR_DIAG BEFORE_PASS:composite7 fbo=18 attachment=8ce0 texture=63 mip=0 size=1920x1009 internalFormat=881a
[02Oct2026 18:56:06.177] [Render thread/INFO] [SuperResolution/]: SR_DIAG BEFORE_SR render=( 1.129E+3  5.930E+2) display=( 1.920E+3  1.009E+3) region-1=( 1.129E+3  5.930E+2) region-2=( 1.920E+3  1.009E+3) viewport=[0,0,1920,1009] scissor=[0,213,1920,652]/false drawFbo=18 readFbo=18 drawBuffer=36064 readBuffer=36064 drawStatus=8cd5
[02Oct2026 18:56:06.177] [Render thread/INFO] [SuperResolution/]: SR_DIAG BEFORE_SR fbo=18 attachment=8ce0 texture=63 mip=0 size=1920x1009 internalFormat=881a
[02Oct2026 18:56:06.177] [Render thread/INFO] [SuperResolution/]: SR_DIAG texture color id=63 size=1920x1009 format=RGBA16F target/type=Texture2D glInternalFormat=881a
[02Oct2026 18:56:06.177] [Render thread/INFO] [SuperResolution/]: SR_DIAG texture depth id=5 size=1920x1009 format=DEPTH24 target/type=Texture2D glInternalFormat=1902
[02Oct2026 18:56:06.177] [Render thread/INFO] [SuperResolution/]: SR_DIAG depth depth id=5 bits=24 componentType=8c17
[02Oct2026 18:56:06.177] [Render thread/INFO] [SuperResolution/]: SR_DIAG texture motion_vectors id=85 size=1920x1009 format=RGBA16F target/type=Texture2D glInternalFormat=881a
[02Oct2026 18:56:06.177] [Render thread/INFO] [SuperResolution/]: SR_DIAG texture algorithm_color id=91 size=1129x593 format=RGBA16F target/type=Texture2D glInternalFormat=881a
[02Oct2026 18:56:06.177] [Render thread/INFO] [SuperResolution/]: SR_DIAG texture algorithm_depth id=95 size=1129x593 format=DEPTH24 target/type=Texture2D glInternalFormat=81a6
[02Oct2026 18:56:06.177] [Render thread/INFO] [SuperResolution/]: SR_DIAG depth algorithm_depth id=95 bits=24 componentType=8c17
[02Oct2026 18:56:06.177] [Render thread/INFO] [SuperResolution/]: SR_DIAG texture algorithm_motion_vectors id=96 size=1129x593 format=RGBA16F target/type=Texture2D glInternalFormat=881a
[02Oct2026 18:56:06.387] [Render thread/INFO] [SuperResolution/]: SR_DIAG texture SR_output id=87 size=1920x1009 format=RGBA16F target/type=Texture2D glInternalFormat=881a
[02Oct2026 18:56:06.387] [Render thread/INFO] [SuperResolution/]: SR_DIAG texture autotex3/output_target id=63 size=1920x1009 format=RGBA16F target/type=Texture2D glInternalFormat=881a
[02Oct2026 18:56:06.387] [Render thread/INFO] [SuperResolution/]: SR_DIAG AFTER_SR render=( 1.129E+3  5.930E+2) display=( 1.920E+3  1.009E+3) region-1=( 1.129E+3  5.930E+2) region-2=( 1.920E+3  1.009E+3) viewport=[0,0,1920,1009] scissor=[0,213,1920,652]/false drawFbo=18 readFbo=18 drawBuffer=36064 readBuffer=36064 drawStatus=8cd5
[02Oct2026 18:56:06.387] [Render thread/INFO] [SuperResolution/]: SR_DIAG AFTER_SR fbo=18 attachment=8ce0 texture=63 mip=0 size=1920x1009 internalFormat=881a
[02Oct2026 18:56:06.387] [Render thread/INFO] [SuperResolution/]: SR_DIAG AFTER_PASS:composite7 render=( 1.129E+3  5.930E+2) display=( 1.920E+3  1.009E+3) region-1=( 1.129E+3  5.930E+2) region-2=( 1.920E+3  1.009E+3) viewport=[0,0,1920,1009] scissor=[0,213,1920,652]/false drawFbo=19 readFbo=19 drawBuffer=36064 readBuffer=36064 drawStatus=8cd5
[02Oct2026 18:56:06.387] [Render thread/INFO] [SuperResolution/]: SR_DIAG AFTER_PASS:composite7 fbo=19 attachment=8ce0 texture=62 mip=0 size=1920x1009 internalFormat=881a
[02Oct2026 18:56:06.387] [Render thread/INFO] [SuperResolution/]: SR_DIAG FINAL_PIPELINE render=( 1.129E+3  5.930E+2) display=( 1.920E+3  1.009E+3) region-1=( 1.129E+3  5.930E+2) region-2=( 1.920E+3  1.009E+3) viewport=[0,0,1920,1009] scissor=[0,213,1920,652]/false drawFbo=1 readFbo=1 drawBuffer=36064 readBuffer=36064 drawStatus=8cd5
[02Oct2026 18:56:06.387] [Render thread/INFO] [SuperResolution/]: SR_DIAG FINAL_PIPELINE fbo=1 attachment=8ce0 texture=1 mip=0 size=1920x1009 internalFormat=8058
[02Oct2026 18:56:06.387] [Render thread/INFO] [SuperResolution/]: SR_DIAG FINAL_PIPELINE fbo=1 attachment=8d00 texture=5 mip=0 size=1920x1009 internalFormat=1902
