[02Oct2026 17:40:51.447] [main/INFO] [cpw.mods.modlauncher.Launcher/MODLAUNCHER]: ModLauncher running: args [--launchTarget, forgeclientdev, --version, 21.1.219, --assetIndex, 17, --assetsDir, C:\\Users\\micha\\.gradle\\caches\\neoformruntime\\assets, --gameDir, ., --fml.fmlVersion, 4.0.42, --fml.mcVersion, 1.21.1, --fml.neoForgeVersion, 21.1.219, --fml.neoFormVersion, 20240808.144430]
[02Oct2026 17:40:51.454] [main/INFO] [cpw.mods.modlauncher.Launcher/MODLAUNCHER]: JVM identified as Eclipse Adoptium OpenJDK 64-Bit Server VM 21.0.12.1+1-LTS
[02Oct2026 17:40:51.456] [main/INFO] [cpw.mods.modlauncher.Launcher/MODLAUNCHER]: ModLauncher 11.0.5+main.901c6ea8 starting: java version 21.0.12.1 by Eclipse Adoptium; OS Windows 11 arch amd64 version 10.0
[02Oct2026 17:40:51.616] [main/INFO] [net.neoforged.fml.loading.ImmediateWindowHandler/]: ImmediateWindowProvider not loading because splash screen is disabled
[02Oct2026 17:40:51.692] [main/INFO] [mixin/]: SpongePowered MIXIN Subsystem Version=0.8.7 Source=union:/C:/Users/micha/.gradle/caches/modules-2/files-2.1/net.fabricmc/sponge-mixin/0.15.2+mixin.0.8.7/2af2f021d8e02a0220dc27a7a72b4666d66d44ca/sponge-mixin-0.15.2+mixin.0.8.7.jar%23122!/ Service=ModLauncher Env=CLIENT
[02Oct2026 17:40:52.595] [main/INFO] [net.neoforged.fml.loading.moddiscovery.locators.JarInJarDependencyLocator/]: Found 14 dependencies adding them to mods collection
[02Oct2026 17:40:52.597] [main/INFO] [net.neoforged.fml.loading.moddiscovery.ModDiscoverer/]: 
     Mod List:
		Name Version (Mod Id)

		Architectury 13.0.6 (architectury)
		Forgified Fabric API Base 0.4.42+d1308ded19 (fabric_api_base)
		Forgified Fabric BlockView API (v2) 1.0.10+9afaaf8c19 (fabric_block_view_api_v2)
		Forgified Fabric Renderer API (v1) 3.4.0+acb05a3919 (fabric_renderer_api_v1)
		Forgified Fabric Rendering Data Attachment (v1) 0.3.48+73761d2e19 (fabric_rendering_data_attachment_v1)
		Iris 1.8.8+mc1.21.1 (iris)
		Minecraft 1.21.1 (minecraft)
		NeoForge 21.1.219 (neoforge)
		Sodium 0.6.13+mc1.21.1 (sodium)
		Super Resolution 0.9.2-alpha.1+dev.03c0e447.opengl (super_resolution)
		Wisteria 0.1.0-alpha.1+1.21.1 (wisteria)
[02Oct2026 17:40:54.109] [main/INFO] [mixin/]: Compatibility level set to JAVA_17
[02Oct2026 17:40:54.133] [main/INFO] [mixin/]: Compatibility level set to JAVA_21
[02Oct2026 17:40:54.145] [main/INFO] [cpw.mods.modlauncher.LaunchServiceHandler/MODLAUNCHER]: Launching target 'forgeclientdev' with arguments [--version, 21.1.219, --gameDir, ., --assetsDir, C:\Users\micha\.gradle\caches\neoformruntime\assets, --assetIndex, 17]
[02Oct2026 17:40:54.291] [main/WARN] [SodiumConfig/]: Mod 'super_resolution' attempted to override option 'mixin.features.render.gui.debug', which doesn't exist, ignoring
[02Oct2026 17:40:54.294] [main/INFO] [Sodium/]: Loaded configuration file for Sodium: 43 options available, 2 override(s) found
[02Oct2026 17:40:54.297] [main/WARN] [mixin/]: Reference map 'iris.refmap.json' for mixins.iris.json could not be read. If this is a development environment you can ignore this message
[02Oct2026 17:40:54.299] [main/WARN] [mixin/]: Reference map 'iris.refmap.json' for mixins.iris.fantastic.json could not be read. If this is a development environment you can ignore this message
[02Oct2026 17:40:54.301] [main/WARN] [mixin/]: Reference map 'iris.refmap.json' for mixins.iris.vertexformat.json could not be read. If this is a development environment you can ignore this message
[02Oct2026 17:40:54.303] [main/WARN] [mixin/]: Reference map 'iris.refmap.json' for iris-batched-entity-rendering.mixins.json could not be read. If this is a development environment you can ignore this message
[02Oct2026 17:40:54.305] [main/WARN] [mixin/]: Reference map 'iris.refmap.json' for mixins.iris.compat.sodium.json could not be read. If this is a development environment you can ignore this message
[02Oct2026 17:40:54.317] [main/WARN] [mixin/]: Reference map 'super_resolution.refmap.json' for super_resolution.mixins.json could not be read. If this is a development environment you can ignore this message
[02Oct2026 17:40:54.321] [main/WARN] [mixin/]: Reference map 'super_resolution.refmap.json' for super_resolution.hack.mixins.json could not be read. If this is a development environment you can ignore this message
[02Oct2026 17:40:54.337] [main/WARN] [mixin/]: Reference map 'super_resolution.refmap.json' for super_resolution_irisapi.mixins.json could not be read. If this is a development environment you can ignore this message
[02Oct2026 17:40:54.342] [main/WARN] [mixin/]: Reference map 'super_resolution.refmap.json' for super_resolution.shadercompat.mixins.json could not be read. If this is a development environment you can ignore this message
[02Oct2026 17:40:54.559] [main/WARN] [Sodium/]: Force-disabling mixin 'features.render.world.sky.FogRendererMixin' as rule 'mixin.features.render.world.sky' (added by mods [iris]) disables it and children
[02Oct2026 17:40:54.561] [main/WARN] [Sodium/]: Force-disabling mixin 'features.render.world.sky.ClientLevelMixin' as rule 'mixin.features.render.world.sky' (added by mods [iris]) disables it and children
[02Oct2026 17:40:54.563] [main/WARN] [Sodium/]: Force-disabling mixin 'features.render.world.sky.LevelRendererMixin' as rule 'mixin.features.render.world.sky' (added by mods [iris]) disables it and children
[02Oct2026 17:40:54.574] [main/WARN] [Sodium/]: Force-disabling mixin 'workarounds.context_creation.WindowMixin' as rule 'mixin.workarounds' (added by mods [super_resolution]) disables it and children
[02Oct2026 17:40:54.576] [main/WARN] [Sodium/]: Force-disabling mixin 'workarounds.event_loop.RenderSystemMixin' as rule 'mixin.workarounds' (added by mods [super_resolution]) disables it and children
[02Oct2026 17:40:55.071] [main/WARN] [mixin/]: Error loading class: com/portingdeadmods/cable_facades/events/GameClientEvents$2 (java.lang.ClassNotFoundException: com.portingdeadmods.cable_facades.events.GameClientEvents$2)
[02Oct2026 17:40:55.072] [main/WARN] [mixin/]: Error loading class: com/direwolf20/justdirethings/client/renderers/OurRenderTypes (java.lang.ClassNotFoundException: com.direwolf20.justdirethings.client.renderers.OurRenderTypes)
[02Oct2026 17:40:55.073] [main/WARN] [mixin/]: Error loading class: mekanism/client/render/entity/RenderFlame (java.lang.ClassNotFoundException: mekanism.client.render.entity.RenderFlame)
[02Oct2026 17:40:55.075] [main/WARN] [mixin/]: Error loading class: mekanism/client/render/armor/MekaSuitArmor (java.lang.ClassNotFoundException: mekanism.client.render.armor.MekaSuitArmor)
[02Oct2026 17:40:55.076] [main/WARN] [mixin/]: Error loading class: mekanism/client/render/lib/effect/BillboardingEffectRenderer (java.lang.ClassNotFoundException: mekanism.client.render.lib.effect.BillboardingEffectRenderer)
[02Oct2026 17:40:55.079] [main/WARN] [mixin/]: Error loading class: blusunrize/immersiveengineering/client/utils/IEGLShaders (java.lang.ClassNotFoundException: blusunrize.immersiveengineering.client.utils.IEGLShaders)
[02Oct2026 17:40:55.112] [main/INFO] [SuperResolution-Mixin/]: Enabled mixin io.homo.superresolution.neoforge.mixin.compat.iris.GlFramebufferMixin
[02Oct2026 17:40:55.113] [main/INFO] [SuperResolution-Mixin/]: Disabled mixin io.homo.superresolution.neoforge.mixin.compat.reesessodiumoptions.TabFrameMixin
[02Oct2026 17:40:55.114] [main/INFO] [SuperResolution-Mixin/]: Disabled mixin io.homo.superresolution.neoforge.mixin.compat.simpleclouds.DefaultPipelineMixin
[02Oct2026 17:40:55.114] [main/INFO] [SuperResolution-Mixin/]: Disabled mixin io.homo.superresolution.neoforge.mixin.compat.simpleclouds.ShaderSupportPipelineMixin
[02Oct2026 17:40:55.115] [main/INFO] [SuperResolution-Mixin/]: Enabled mixin io.homo.superresolution.neoforge.mixin.compat.sodium.SodiumOptionsGUIMixin
[02Oct2026 17:40:55.115] [main/INFO] [SuperResolution-Mixin/]: Disabled mixin io.homo.superresolution.neoforge.mixin.compat.sodiumoptionsapi.SodiumOptionsTabFrameMixin
[02Oct2026 17:40:55.117] [main/INFO] [SuperResolution-Mixin/]: Enabled mixin io.homo.superresolution.neoforge.mixin.compat.iris.DHCompatInternalMixin
[02Oct2026 17:40:55.663] [main/INFO] [MixinExtras|Service/]: Initializing MixinExtras via com.llamalad7.mixinextras.service.MixinExtrasServiceImpl(version=0.5.0).
[02Oct2026 17:40:57.577] [Datafixer Bootstrap/INFO] [com.mojang.datafixers.DataFixerBuilder/]: 229 Datafixer optimizations took 652 milliseconds
[02Oct2026 17:40:58.066] [main/WARN] [oshi.driver.windows.perfmon.PerfmonDisabled/]: Invalid registry value type detected for PerfOS counters. Should be REG_DWORD. Ignoring: HKEY_LOCAL_MACHINE\SYSTEM\CurrentControlSet\Services\PerfOS\Performance\Disable Performance Counters.
[02Oct2026 17:41:05.618] [main/WARN] [net.minecraft.commands.Commands/]: Ambiguity between arguments [teleport, location] and [teleport, destination] with inputs: [0.1 -0.5 .9, 0 0 0]
[02Oct2026 17:41:05.620] [main/WARN] [net.minecraft.commands.Commands/]: Ambiguity between arguments [teleport, location] and [teleport, targets] with inputs: [0.1 -0.5 .9, 0 0 0]
[02Oct2026 17:41:05.626] [main/WARN] [net.minecraft.commands.Commands/]: Ambiguity between arguments [teleport, destination] and [teleport, targets] with inputs: [Player, 0123, @e, dd12be42-52a9-4a91-a8a1-11c01849e498]
[02Oct2026 17:41:05.629] [main/WARN] [net.minecraft.commands.Commands/]: Ambiguity between arguments [teleport, targets] and [teleport, destination] with inputs: [Player, 0123, dd12be42-52a9-4a91-a8a1-11c01849e498]
[02Oct2026 17:41:05.631] [main/WARN] [net.minecraft.commands.Commands/]: Ambiguity between arguments [teleport, targets, location] and [teleport, targets, destination] with inputs: [0.1 -0.5 .9, 0 0 0]
[02Oct2026 17:41:06.158] [Render thread/WARN] [net.minecraft.server.packs.VanillaPackResourcesBuilder/]: Assets URL 'union:/D:/ProjectDllsss/runtime-baseline/build/moddev/artifacts/neoforge-21.1.219.jar%23172!/assets/.mcassetsroot' uses unexpected schema
[02Oct2026 17:41:06.159] [Render thread/WARN] [net.minecraft.server.packs.VanillaPackResourcesBuilder/]: Assets URL 'union:/D:/ProjectDllsss/runtime-baseline/build/moddev/artifacts/neoforge-21.1.219.jar%23172!/data/.mcassetsroot' uses unexpected schema
[02Oct2026 17:41:06.202] [Render thread/INFO] [com.mojang.authlib.yggdrasil.YggdrasilAuthenticationService/]: Environment: Environment[sessionHost=https://sessionserver.mojang.com, servicesHost=https://api.minecraftservices.com, name=PROD]
[02Oct2026 17:41:06.215] [Render thread/INFO] [net.minecraft.client.Minecraft/]: Setting user: Dev
[02Oct2026 17:41:06.472] [Render thread/INFO] [net.minecraft.client.Minecraft/]: Backend library: LWJGL version 3.3.4+7
[02Oct2026 17:41:07.898] [Render thread/INFO] [SuperResolution/GraphicsCapabilities/]: Added supported OpenGL version 4.6
[02Oct2026 17:41:07.900] [Render thread/INFO] [SuperResolution/GraphicsCapabilities/]: Highest supported OpenGL version 4.6
[02Oct2026 17:41:07.971] [ForkJoinPool.commonPool-worker-6/WARN] [Iris/]: [Iris Update Check] This version doesn't have an update index, skipping.
[02Oct2026 17:41:09.879] [Render thread/INFO] [Iris/]: Debug functionality is disabled.
[02Oct2026 17:41:09.881] [Render thread/INFO] [Iris/]: OpenGL 4.5 detected, enabling DSA.
[02Oct2026 17:41:09.968] [Render thread/INFO] [SuperResolution/]: Loading shader-pack interface configuration: superresolution.v1.json
[02Oct2026 17:41:10.003] [Render thread/INFO] [SuperResolution/]: Shader pack shaders supports super resolution
[02Oct2026 17:41:10.254] [Render thread/INFO] [Iris/]: Profile: HIGH (+0 options changed by user)
[02Oct2026 17:41:11.167] [Render thread/INFO] [Iris/]: Using shaderpack: Complementary-SuperResolution-Wisteria.zip
[02Oct2026 17:41:11.285] [modloading-worker-0/INFO] [Wisteria/]: Wisteria initializing
[02Oct2026 17:41:11.296] [modloading-worker-0/INFO] [net.neoforged.neoforge.common.NeoForgeMod/NEOFORGE-MOD]: NeoForge mod loading, version 21.1.219, for MC 1.21.1
[02Oct2026 17:41:13.812] [Render thread/INFO] [Iris/]: Hardware information:
[02Oct2026 17:41:13.814] [Render thread/INFO] [Iris/]: CPU: 12x AMD Ryzen 5 5600H with Radeon Graphics 
[02Oct2026 17:41:13.814] [Render thread/INFO] [Iris/]: GPU: NVIDIA GeForce RTX 3050 Ti Laptop GPU/PCIe/SSE2 (Supports OpenGL 4.6.0 NVIDIA 596.49)
[02Oct2026 17:41:13.814] [Render thread/INFO] [Iris/]: OS: Windows 11 (10.0)
[02Oct2026 17:41:14.031] [Render thread/INFO] [net.neoforged.neoforge.gametest.GameTestHooks/]: Enabled Gametest Namespaces: []
[02Oct2026 17:41:14.225] [Render thread/INFO] [SuperResolution/NativeLib/]: Extracting native dependencies
[02Oct2026 17:41:14.269] [Render thread/INFO] [SuperResolution/NativeLib/]: libSuperResolution+win64+release.dll already exists with a matching checksum; skipping extraction
[02Oct2026 17:41:14.271] [Render thread/WARN] [SuperResolution/NativeLib/]: Failed to extract optional dependency lib\libSuperResolutionD3D12+win64+release.dll: resource not found
[02Oct2026 17:41:14.271] [Render thread/WARN] [SuperResolution/NativeLib/]: Failed to extract optional dependency libSuperResolutionD3D12+win64+release.dll; skipping it
[02Oct2026 17:41:14.272] [Render thread/WARN] [SuperResolution/NativeLib/]: Failed to extract optional dependency lib\libSuperResolutionFSR+win64+release.dll: resource not found
[02Oct2026 17:41:14.272] [Render thread/WARN] [SuperResolution/NativeLib/]: Failed to extract optional dependency libSuperResolutionFSR+win64+release.dll; skipping it
[02Oct2026 17:41:14.272] [Render thread/WARN] [SuperResolution/NativeLib/]: Failed to extract optional dependency lib\libSuperResolutionFSR4+win64+release.dll: resource not found
[02Oct2026 17:41:14.272] [Render thread/WARN] [SuperResolution/NativeLib/]: Failed to extract optional dependency libSuperResolutionFSR4+win64+release.dll; skipping it
[02Oct2026 17:41:14.273] [Render thread/WARN] [SuperResolution/NativeLib/]: Failed to extract optional dependency lib\libSuperResolutionXeSS+win64+release.dll: resource not found
[02Oct2026 17:41:14.273] [Render thread/WARN] [SuperResolution/NativeLib/]: Failed to extract optional dependency libSuperResolutionXeSS+win64+release.dll; skipping it
[02Oct2026 17:41:14.273] [Render thread/WARN] [SuperResolution/NativeLib/]: Failed to extract optional dependency lib\libSuperResolutionNGX+win64+release.dll: resource not found
[02Oct2026 17:41:14.273] [Render thread/WARN] [SuperResolution/NativeLib/]: Failed to extract optional dependency libSuperResolutionNGX+win64+release.dll; skipping it
[02Oct2026 17:41:14.274] [Render thread/WARN] [SuperResolution/NativeLib/]: Failed to extract optional dependency lib\libSuperResolutionStreamline+win64+release.dll: resource not found
[02Oct2026 17:41:14.274] [Render thread/WARN] [SuperResolution/NativeLib/]: Failed to extract optional dependency libSuperResolutionStreamline+win64+release.dll; skipping it
[02Oct2026 17:41:14.274] [Render thread/INFO] [SuperResolution/NativeLib/]: Skipped optional dependencies: libSuperResolutionD3D12+win64+release.dll, libSuperResolutionFSR+win64+release.dll, libSuperResolutionFSR4+win64+release.dll, libSuperResolutionXeSS+win64+release.dll, libSuperResolutionNGX+win64+release.dll, libSuperResolutionStreamline+win64+release.dll
[02Oct2026 17:41:14.274] [Render thread/INFO] [SuperResolution/NativeLib/]: Native dependencies extracted to D:\ProjectDllsss\runtime-baseline\instance\.\config\super_resolution\libraries
[02Oct2026 17:41:14.275] [Render thread/INFO] [SuperResolution/NativeLib/]: Loading native dependency: D:\ProjectDllsss\runtime-baseline\instance\.\config\super_resolution\libraries\libSuperResolution+win64+release.dll
[02Oct2026 17:41:14.279] [Render thread/INFO] [SuperResolution/NativeLib/]: Loading native dependency: D:\ProjectDllsss\runtime-baseline\instance\.\config\super_resolution\libraries\libSuperResolutionD3D12+win64+release.dll
[02Oct2026 17:41:14.280] [Render thread/WARN] [SuperResolution/NativeLib/]: Failed to load optional dependency libSuperResolutionD3D12+win64+release.dll; skipping it: Can't load library: D:\ProjectDllsss\runtime-baseline\instance\.\config\super_resolution\libraries\libSuperResolutionD3D12+win64+release.dll
[02Oct2026 17:41:14.593] [Render thread/INFO] [SuperResolution/Vulkan/]: OpenGL device: NVIDIA GeForce RTX 3050 Ti Laptop GPU/PCIe/SSE2 (Device UUIDs: 01895B66D1CA454D88788DD21FDEF638, Driver UUID: 9C4136A706265B659812D559FF142597)
[02Oct2026 17:41:14.602] [Render thread/INFO] [SuperResolution/Vulkan/]: Detected 2 Vulkan physical device(s):
[02Oct2026 17:41:14.603] [Render thread/INFO] [SuperResolution/Vulkan/]: [0] NVIDIA GeForce RTX 3050 Ti Laptop GPU (Device UUIDs: 01895B66D1CA454D88788DD21FDEF638, Driver UUID: 9C4136A706265B659812D559FF142597)
[02Oct2026 17:41:14.604] [Render thread/INFO] [SuperResolution/Vulkan/]: [1] AMD Radeon(TM) Graphics (Device UUIDs: 00000000060000000000000000000000, Driver UUID: 414D442D57494E2D4452560000000000)
[02Oct2026 17:41:14.631] [Render thread/INFO] [Wisteria/]: Registered frame generation backends wisteria:streamline and wisteria:ngx
[02Oct2026 17:41:14.633] [Render thread/INFO] [SuperResolution/Vulkan/]: Enabling device extension: VK_KHR_external_semaphore
[02Oct2026 17:41:14.633] [Render thread/INFO] [SuperResolution/Vulkan/]: Enabling device extension: VK_EXT_mutable_descriptor_type
[02Oct2026 17:41:14.633] [Render thread/INFO] [SuperResolution/Vulkan/]: Enabling device extension: VK_KHR_shader_float16_int8
[02Oct2026 17:41:14.633] [Render thread/INFO] [SuperResolution/Vulkan/]: Enabling device extension: VK_KHR_shader_integer_dot_product
[02Oct2026 17:41:14.634] [Render thread/INFO] [SuperResolution/Vulkan/]: Enabling device extension: VK_KHR_external_memory
[02Oct2026 17:41:14.634] [Render thread/INFO] [SuperResolution/Vulkan/]: Enabling device extension: VK_KHR_dedicated_allocation
[02Oct2026 17:41:14.634] [Render thread/INFO] [SuperResolution/Vulkan/]: Enabling device extension: VK_KHR_get_memory_requirements2
[02Oct2026 17:41:14.634] [Render thread/INFO] [SuperResolution/Vulkan/]: Enabling device extension: VK_EXT_descriptor_indexing
[02Oct2026 17:41:14.634] [Render thread/INFO] [SuperResolution/Vulkan/]: Enabling device extension: VK_NVX_binary_import
[02Oct2026 17:41:14.634] [Render thread/INFO] [SuperResolution/Vulkan/]: Enabling device extension: VK_NVX_image_view_handle
[02Oct2026 17:41:14.634] [Render thread/INFO] [SuperResolution/Vulkan/]: Enabling device extension: VK_KHR_push_descriptor
[02Oct2026 17:41:14.634] [Render thread/INFO] [SuperResolution/Vulkan/]: Enabling device extension: VK_KHR_dynamic_rendering
[02Oct2026 17:41:14.635] [Render thread/INFO] [SuperResolution/Vulkan/]: Enabling device extension: VK_EXT_private_data
[02Oct2026 17:41:14.635] [Render thread/INFO] [SuperResolution/Vulkan/]: Enabling device extension: VK_NV_optical_flow
[02Oct2026 17:41:14.635] [Render thread/INFO] [SuperResolution/Vulkan/]: Enabling device extension: VK_KHR_synchronization2
[02Oct2026 17:41:14.635] [Render thread/INFO] [SuperResolution/Vulkan/]: Enabling device extension: VK_KHR_format_feature_flags2
[02Oct2026 17:41:14.635] [Render thread/INFO] [SuperResolution/Vulkan/]: Enabling device extension: VK_KHR_timeline_semaphore
[02Oct2026 17:41:14.635] [Render thread/INFO] [SuperResolution/Vulkan/]: Enabling device extension: VK_EXT_calibrated_timestamps
[02Oct2026 17:41:14.635] [Render thread/INFO] [SuperResolution/Vulkan/]: Enabling device extension: VK_KHR_external_memory_win32
[02Oct2026 17:41:14.635] [Render thread/INFO] [SuperResolution/Vulkan/]: Enabling device extension: VK_KHR_external_semaphore_win32
[02Oct2026 17:41:14.651] [Render thread/INFO] [SuperResolution/Vulkan/]: Vulkan device feature support:
[02Oct2026 17:41:14.652] [Render thread/INFO] [SuperResolution/Vulkan/]:   mutableDescriptorType: true
[02Oct2026 17:41:14.652] [Render thread/INFO] [SuperResolution/Vulkan/]:   shaderInt8: true
[02Oct2026 17:41:14.652] [Render thread/INFO] [SuperResolution/Vulkan/]:   shaderInt16: true
[02Oct2026 17:41:14.652] [Render thread/INFO] [SuperResolution/Vulkan/]:   shaderFloat16: true
[02Oct2026 17:41:14.652] [Render thread/INFO] [SuperResolution/Vulkan/]:   shaderStorageImageWriteWithoutFormat: true
[02Oct2026 17:41:14.652] [Render thread/INFO] [SuperResolution/Vulkan/]:   shaderIntegerDotProduct: true
[02Oct2026 17:41:14.652] [Render thread/INFO] [SuperResolution/Vulkan/]:   bufferDeviceAddress: true
[02Oct2026 17:41:14.654] [Render thread/INFO] [SuperResolution/Vulkan/]:   descriptorIndexing: true
[02Oct2026 17:41:14.654] [Render thread/INFO] [SuperResolution/Vulkan/]:   dynamicRendering: true
[02Oct2026 17:41:14.654] [Render thread/INFO] [SuperResolution/Vulkan/]:   dynamicRenderingLocalRead: true
[02Oct2026 17:41:14.655] [Render thread/INFO] [SuperResolution/Vulkan/]:   privateData: true
[02Oct2026 17:41:14.655] [Render thread/INFO] [SuperResolution/Vulkan/]:   opticalFlow: true
[02Oct2026 17:41:14.655] [Render thread/INFO] [SuperResolution/Vulkan/]:   synchronization2: true
[02Oct2026 17:41:14.655] [Render thread/INFO] [SuperResolution/Vulkan/]:   timelineSemaphore: true
[02Oct2026 17:41:14.655] [Render thread/INFO] [SuperResolution/Vulkan/]:   presentId: false
[02Oct2026 17:41:15.004] [Render thread/INFO] [SuperResolution/Vulkan/]: Vulkan main queue: handle=0x1c345db23c0, family=0, index=0
[02Oct2026 17:41:15.005] [Render thread/INFO] [SuperResolution/Vulkan/]: Vulkan FG queue: handle=0x1c345db2850, family=0, index=1
[02Oct2026 17:41:15.005] [Render thread/INFO] [SuperResolution/Vulkan/]: Vulkan Present queue: handle=0x1c345db3170, family=0, index=2
[02Oct2026 17:41:15.006] [Render thread/INFO] [SuperResolution/Vulkan/]: Vulkan initialization completed
[02Oct2026 17:41:15.006] [Render thread/INFO] [SuperResolution/]: GPU vendor: Nvidia
[02Oct2026 17:41:15.006] [Render thread/INFO] [SuperResolution/]: OpenGL version: 4.6
[02Oct2026 17:41:15.009] [Render thread/INFO] [SuperResolution/]: DSA is supported; using GL45OrEXTDirectStateAccessImpl
[02Oct2026 17:41:15.106] [Render thread/INFO] [SuperResolution/]: SR_DIAG glTextureStorage2D texture=8 levels=1 internalFormat=8229 size=512x512 label=NanoVGImage-1
[02Oct2026 17:41:15.111] [Render thread/INFO] [SuperResolution/]: SR_DIAG glTextureStorage2D texture=9 levels=1 internalFormat=8c3a size=854x480 label=ITexture{id=9format=R11G11B10Fwidth=854height=480}
[02Oct2026 17:41:15.112] [Render thread/INFO] [SuperResolution/]: SR_DIAG glTextureStorage2D texture=10 levels=1 internalFormat=88f0 size=854x480 label=ITexture{id=10format=DEPTH24_STENCIL8width=854height=480}
[02Oct2026 17:41:15.304] [Render thread/INFO] [SuperResolution/]: Loading shader-pack interface configuration: superresolution.v1.json
[02Oct2026 17:41:15.309] [Render thread/INFO] [SuperResolution/]: Shader pack shaders supports super resolution
[02Oct2026 17:41:15.373] [Render thread/INFO] [Iris/]: Profile: HIGH (+0 options changed by user)
[02Oct2026 17:41:15.771] [Render thread/INFO] [Iris/]: Using shaderpack: Complementary-SuperResolution-Wisteria.zip
[02Oct2026 17:41:15.797] [Render thread/INFO] [SuperResolution/ShaderCompiler/]: Compiling shader FSR1_EASU with the compatibility shader compiler
[02Oct2026 17:41:16.024] [Render thread/INFO] [SuperResolution/ShaderCompiler/]: Compiling shader FSR1_RCAS with the compatibility shader compiler
[02Oct2026 17:41:16.086] [Render thread/INFO] [SuperResolution/]: SR_DIAG glTextureStorage2D texture=11 levels=1 internalFormat=881a size=854x480 label=Fsr1TempTexture
[02Oct2026 17:41:16.087] [Render thread/INFO] [SuperResolution/]: SR_DIAG glTextureStorage2D texture=12 levels=1 internalFormat=881a size=854x480 label=Fsr1OutputTexture
[02Oct2026 17:41:16.093] [Render thread/INFO] [SuperResolution/ShaderCompiler/]: Compiling shader FSR1_EASU with the compatibility shader compiler
[02Oct2026 17:41:16.164] [Render thread/INFO] [SuperResolution/ShaderCompiler/]: Compiling shader FSR1_RCAS with the compatibility shader compiler
[02Oct2026 17:41:16.219] [Render thread/INFO] [SuperResolution/]: SR_DIAG glTextureStorage2D texture=11 levels=1 internalFormat=881a size=854x480 label=Fsr1TempTexture
[02Oct2026 17:41:16.219] [Render thread/INFO] [SuperResolution/]: SR_DIAG glTextureStorage2D texture=12 levels=1 internalFormat=881a size=854x480 label=Fsr1OutputTexture
[02Oct2026 17:41:16.237] [Render thread/INFO] [net.minecraft.server.packs.resources.ReloadableResourceManager/]: Reloading ResourceManager: vanilla, mod_resources, mod/sodium, mod/fabric_rendering_data_attachment_v1, mod/iris, mod/super_resolution, mod/wisteria, mod/fabric_renderer_api_v1, mod/fabric_api_base, mod/architectury, mod/neoforge, mod/fabric_block_view_api_v2
[02Oct2026 17:41:16.375] [Worker-Main-3/INFO] [net.minecraft.client.gui.font.providers.UnihexProvider/]: Found unifont_all_no_pua-15.1.05.hex, loading
[02Oct2026 17:41:16.434] [Render thread/INFO] [SuperResolution/ShaderCompiler/]: Compiling shader FSR1_EASU with the compatibility shader compiler
[02Oct2026 17:41:16.526] [Render thread/INFO] [SuperResolution/ShaderCompiler/]: Compiling shader FSR1_RCAS with the compatibility shader compiler
[02Oct2026 17:41:16.568] [Worker-Main-11/INFO] [net.minecraft.client.gui.font.providers.UnihexProvider/]: Found unifont_jp_patch-15.1.05.hex, loading
[02Oct2026 17:41:16.613] [Render thread/INFO] [SuperResolution/]: SR_DIAG glTextureStorage2D texture=11 levels=1 internalFormat=881a size=854x480 label=Fsr1TempTexture
[02Oct2026 17:41:16.614] [Render thread/INFO] [SuperResolution/]: SR_DIAG glTextureStorage2D texture=12 levels=1 internalFormat=881a size=854x480 label=Fsr1OutputTexture
[02Oct2026 17:41:16.641] [Render thread/INFO] [Wisteria/]: Registered low latency backend wisteria:reflex_streamline
[02Oct2026 17:41:18.511] [Render thread/WARN] [net.minecraft.client.sounds.SoundEngine/]: Missing sound for event: minecraft:item.goat_horn.play
[02Oct2026 17:41:18.511] [Render thread/WARN] [net.minecraft.client.sounds.SoundEngine/]: Missing sound for event: minecraft:entity.goat.screaming.horn_break
[02Oct2026 17:41:18.605] [Render thread/INFO] [com.mojang.blaze3d.audio.Library/]: OpenAL initialized on device OpenAL Soft on 1 - LT-MK24220 (AMD High Definition Audio Device)
[02Oct2026 17:41:18.606] [Render thread/INFO] [net.minecraft.client.sounds.SoundEngine/SOUNDS]: Sound engine started
[02Oct2026 17:41:18.755] [Render thread/INFO] [net.minecraft.client.renderer.texture.TextureAtlas/]: Created: 1024x512x4 minecraft:textures/atlas/blocks.png-atlas
[02Oct2026 17:41:18.791] [Render thread/INFO] [net.minecraft.client.renderer.texture.TextureAtlas/]: Created: 256x256x4 minecraft:textures/atlas/signs.png-atlas
[02Oct2026 17:41:18.792] [Render thread/INFO] [net.minecraft.client.renderer.texture.TextureAtlas/]: Created: 512x512x4 minecraft:textures/atlas/shield_patterns.png-atlas
[02Oct2026 17:41:18.793] [Render thread/INFO] [net.minecraft.client.renderer.texture.TextureAtlas/]: Created: 512x512x4 minecraft:textures/atlas/banner_patterns.png-atlas
[02Oct2026 17:41:18.795] [Render thread/INFO] [net.minecraft.client.renderer.texture.TextureAtlas/]: Created: 1024x1024x4 minecraft:textures/atlas/armor_trims.png-atlas
[02Oct2026 17:41:18.802] [Render thread/INFO] [net.minecraft.client.renderer.texture.TextureAtlas/]: Created: 256x256x4 minecraft:textures/atlas/chest.png-atlas
[02Oct2026 17:41:18.803] [Render thread/INFO] [net.minecraft.client.renderer.texture.TextureAtlas/]: Created: 128x64x4 minecraft:textures/atlas/decorated_pot.png-atlas
[02Oct2026 17:41:18.803] [Render thread/INFO] [net.minecraft.client.renderer.texture.TextureAtlas/]: Created: 512x256x4 minecraft:textures/atlas/shulker_boxes.png-atlas
[02Oct2026 17:41:18.803] [Render thread/INFO] [net.minecraft.client.renderer.texture.TextureAtlas/]: Created: 512x256x4 minecraft:textures/atlas/beds.png-atlas
[02Oct2026 17:41:19.174] [Render thread/INFO] [net.minecraft.client.renderer.texture.TextureAtlas/]: Created: 512x256x0 minecraft:textures/atlas/particles.png-atlas
[02Oct2026 17:41:19.179] [Render thread/INFO] [net.minecraft.client.renderer.texture.TextureAtlas/]: Created: 512x256x0 minecraft:textures/atlas/paintings.png-atlas
[02Oct2026 17:41:19.181] [Render thread/INFO] [net.minecraft.client.renderer.texture.TextureAtlas/]: Created: 256x128x0 minecraft:textures/atlas/mob_effects.png-atlas
[02Oct2026 17:41:19.182] [Render thread/INFO] [net.minecraft.client.renderer.texture.TextureAtlas/]: Created: 64x64x0 minecraft:textures/atlas/map_decorations.png-atlas
[02Oct2026 17:41:19.183] [Render thread/INFO] [net.minecraft.client.renderer.texture.TextureAtlas/]: Created: 1024x512x0 minecraft:textures/atlas/gui.png-atlas
[02Oct2026 17:41:19.222] [Render thread/WARN] [net.minecraft.client.renderer.ShaderInstance/]: Shader rendertype_entity_translucent_emissive could not find sampler named Sampler2 in the specified shader program.
[02Oct2026 17:41:19.318] [Render thread/INFO] [net.neoforged.neoforge.client.entity.animation.json.AnimationLoader/]: Loaded 0 entity animations
[02Oct2026 17:41:19.365] [Render thread/INFO] [Iris/]: Creating pipeline for dimension minecraft:overworld
[02Oct2026 17:41:19.498] [Render thread/WARN] [Iris/]: Failed to resolve uniform inPaleGarden, reason: Unknown variable: BIOME_PALE_GARDEN ( = FunctionCall{smooth {[Number{55}, FunctionCall{if {[FunctionCall{in {[Id{biome}, Id{BIOME_PALE_GARDEN}]} }, Number{1}, Number{0}]} }, Number{15}, Number{15}]} })
java.lang.RuntimeException: Unknown variable: BIOME_PALE_GARDEN
	at TRANSFORMER/iris@1.8.8+mc1.21.1/kroppeb.stareval.resolver.ExpressionResolver.resolveExpressionInternal(ExpressionResolver.java:225) ~[iris-1.8.8+1.21.1-neoforge-neoforge,1.21.1.jar%23177!/:?]
	at TRANSFORMER/iris@1.8.8+mc1.21.1/kroppeb.stareval.resolver.ExpressionResolver.resolveCallExpressionInternal(ExpressionResolver.java:81) ~[iris-1.8.8+1.21.1-neoforge-neoforge,1.21.1.jar%23177!/:?]
	at TRANSFORMER/iris@1.8.8+mc1.21.1/kroppeb.stareval.resolver.ExpressionResolver.resolveCallExpression(ExpressionResolver.java:140) ~[iris-1.8.8+1.21.1-neoforge-neoforge,1.21.1.jar%23177!/:?]
	at TRANSFORMER/iris@1.8.8+mc1.21.1/kroppeb.stareval.resolver.ExpressionResolver.resolveExpressionInternal(ExpressionResolver.java:196) ~[iris-1.8.8+1.21.1-neoforge-neoforge,1.21.1.jar%23177!/:?]
	at TRANSFORMER/iris@1.8.8+mc1.21.1/kroppeb.stareval.resolver.ExpressionResolver.resolveCallExpressionInternal(ExpressionResolver.java:81) ~[iris-1.8.8+1.21.1-neoforge-neoforge,1.21.1.jar%23177!/:?]
	at TRANSFORMER/iris@1.8.8+mc1.21.1/kroppeb.stareval.resolver.ExpressionResolver.resolveCallExpression(ExpressionResolver.java:140) ~[iris-1.8.8+1.21.1-neoforge-neoforge,1.21.1.jar%23177!/:?]
	at TRANSFORMER/iris@1.8.8+mc1.21.1/kroppeb.stareval.resolver.ExpressionResolver.resolveCallExpression(ExpressionResolver.java:127) ~[iris-1.8.8+1.21.1-neoforge-neoforge,1.21.1.jar%23177!/:?]
	at TRANSFORMER/iris@1.8.8+mc1.21.1/kroppeb.stareval.resolver.ExpressionResolver.resolveExpressionInternal(ExpressionResolver.java:196) ~[iris-1.8.8+1.21.1-neoforge-neoforge,1.21.1.jar%23177!/:?]
	at TRANSFORMER/iris@1.8.8+mc1.21.1/kroppeb.stareval.resolver.ExpressionResolver.resolveCallExpressionInternal(ExpressionResolver.java:81) ~[iris-1.8.8+1.21.1-neoforge-neoforge,1.21.1.jar%23177!/:?]
	at TRANSFORMER/iris@1.8.8+mc1.21.1/kroppeb.stareval.resolver.ExpressionResolver.resolveCallExpression(ExpressionResolver.java:140) ~[iris-1.8.8+1.21.1-neoforge-neoforge,1.21.1.jar%23177!/:?]
	at TRANSFORMER/iris@1.8.8+mc1.21.1/kroppeb.stareval.resolver.ExpressionResolver.resolveExpressionInternal(ExpressionResolver.java:196) ~[iris-1.8.8+1.21.1-neoforge-neoforge,1.21.1.jar%23177!/:?]
	at TRANSFORMER/iris@1.8.8+mc1.21.1/kroppeb.stareval.resolver.ExpressionResolver.resolveExpression(ExpressionResolver.java:50) ~[iris-1.8.8+1.21.1-neoforge-neoforge,1.21.1.jar%23177!/:?]
	at TRANSFORMER/iris@1.8.8+mc1.21.1/net.irisshaders.iris.uniforms.custom.CustomUniforms.<init>(CustomUniforms.java:60) ~[iris-1.8.8+1.21.1-neoforge-neoforge,1.21.1.jar%23177!/:?]
	at TRANSFORMER/iris@1.8.8+mc1.21.1/net.irisshaders.iris.uniforms.custom.CustomUniforms$Builder.build(CustomUniforms.java:332) ~[iris-1.8.8+1.21.1-neoforge-neoforge,1.21.1.jar%23177!/:?]
	at TRANSFORMER/iris@1.8.8+mc1.21.1/net.irisshaders.iris.uniforms.custom.CustomUniforms$Builder.build(CustomUniforms.java:343) ~[iris-1.8.8+1.21.1-neoforge-neoforge,1.21.1.jar%23177!/:?]
	at TRANSFORMER/iris@1.8.8+mc1.21.1/net.irisshaders.iris.pipeline.IrisRenderingPipeline.<init>(IrisRenderingPipeline.java:282) ~[iris-1.8.8+1.21.1-neoforge-neoforge,1.21.1.jar%23177!/:?]
	at TRANSFORMER/iris@1.8.8+mc1.21.1/net.irisshaders.iris.Iris.createPipeline(Iris.java:616) ~[iris-1.8.8+1.21.1-neoforge-neoforge,1.21.1.jar%23177!/:?]
	at TRANSFORMER/iris@1.8.8+mc1.21.1/net.irisshaders.iris.pipeline.PipelineManager.preparePipeline(PipelineManager.java:33) ~[iris-1.8.8+1.21.1-neoforge-neoforge,1.21.1.jar%23177!/:?]
	at TRANSFORMER/iris@1.8.8+mc1.21.1/net.irisshaders.iris.Iris.onLoadingComplete(Iris.java:150) ~[iris-1.8.8+1.21.1-neoforge-neoforge,1.21.1.jar%23177!/:?]
	at TRANSFORMER/minecraft@1.21.1/net.minecraft.client.gui.screens.TitleScreen.handler$zfl000$iris$firstInit(TitleScreen.java:525) ~[neoforge-21.1.219.jar%23172!/:?]
	at TRANSFORMER/minecraft@1.21.1/net.minecraft.client.gui.screens.TitleScreen.init(TitleScreen.java:157) ~[neoforge-21.1.219.jar%23172!/:?]
	at TRANSFORMER/minecraft@1.21.1/net.minecraft.client.gui.screens.Screen.init(Screen.java:317) ~[neoforge-21.1.219.jar%23172!/:?]
	at TRANSFORMER/minecraft@1.21.1/net.minecraft.client.Minecraft.setScreen(Minecraft.java:1057) ~[neoforge-21.1.219.jar%23172!/:?]
	at TRANSFORMER/minecraft@1.21.1/net.minecraft.client.Minecraft.lambda$buildInitialScreens$9(Minecraft.java:664) ~[neoforge-21.1.219.jar%23172!/:?]
	at TRANSFORMER/minecraft@1.21.1/net.minecraft.client.Minecraft.onGameLoadFinished(Minecraft.java:650) ~[neoforge-21.1.219.jar%23172!/:?]
	at TRANSFORMER/minecraft@1.21.1/net.minecraft.client.Minecraft.onResourceLoadFinished(Minecraft.java:641) ~[neoforge-21.1.219.jar%23172!/:?]
	at TRANSFORMER/minecraft@1.21.1/net.minecraft.client.Minecraft.lambda$new$7(Minecraft.java:629) ~[neoforge-21.1.219.jar%23172!/:?]
	at TRANSFORMER/minecraft@1.21.1/net.minecraft.Util.ifElse(Util.java:513) ~[neoforge-21.1.219.jar%23172!/:?]
	at TRANSFORMER/minecraft@1.21.1/net.minecraft.client.Minecraft.lambda$new$8(Minecraft.java:623) ~[neoforge-21.1.219.jar%23172!/:?]
	at TRANSFORMER/minecraft@1.21.1/net.minecraft.client.gui.screens.LoadingOverlay.render(LoadingOverlay.java:139) ~[neoforge-21.1.219.jar%23172!/:?]
	at TRANSFORMER/minecraft@1.21.1/net.minecraft.client.renderer.GameRenderer.render(GameRenderer.java:1081) ~[neoforge-21.1.219.jar%23172!/:?]
	at TRANSFORMER/minecraft@1.21.1/net.minecraft.client.Minecraft.runTick(Minecraft.java:1195) ~[neoforge-21.1.219.jar%23172!/:?]
	at TRANSFORMER/minecraft@1.21.1/net.minecraft.client.Minecraft.run(Minecraft.java:807) ~[neoforge-21.1.219.jar%23172!/:?]
	at TRANSFORMER/minecraft@1.21.1/net.minecraft.client.main.Main.main(Main.java:230) ~[neoforge-21.1.219.jar%23172!/:?]
	at java.base/jdk.internal.reflect.DirectMethodHandleAccessor.invoke(DirectMethodHandleAccessor.java:103) ~[?:?]
	at java.base/java.lang.reflect.Method.invoke(Method.java:580) ~[?:?]
	at MC-BOOTSTRAP/fml_loader@4.0.42/net.neoforged.fml.loading.targets.CommonLaunchHandler.runTarget(CommonLaunchHandler.java:136) ~[loader-4.0.42.jar%23130!/:4.0]
	at MC-BOOTSTRAP/fml_loader@4.0.42/net.neoforged.fml.loading.targets.CommonLaunchHandler.clientService(CommonLaunchHandler.java:124) ~[loader-4.0.42.jar%23130!/:4.0]
	at MC-BOOTSTRAP/fml_loader@4.0.42/net.neoforged.fml.loading.targets.NeoForgeClientDevLaunchHandler.runService(NeoForgeClientDevLaunchHandler.java:23) ~[loader-4.0.42.jar%23130!/:4.0]
	at MC-BOOTSTRAP/fml_loader@4.0.42/net.neoforged.fml.loading.targets.CommonLaunchHandler.lambda$launchService$4(CommonLaunchHandler.java:118) ~[loader-4.0.42.jar%23130!/:4.0]
	at MC-BOOTSTRAP/cpw.mods.modlauncher@11.0.5/cpw.mods.modlauncher.LaunchServiceHandlerDecorator.launch(LaunchServiceHandlerDecorator.java:30) [modlauncher-11.0.5.jar%23112!/:?]
	at MC-BOOTSTRAP/cpw.mods.modlauncher@11.0.5/cpw.mods.modlauncher.LaunchServiceHandler.launch(LaunchServiceHandler.java:53) [modlauncher-11.0.5.jar%23112!/:?]
	at MC-BOOTSTRAP/cpw.mods.modlauncher@11.0.5/cpw.mods.modlauncher.LaunchServiceHandler.launch(LaunchServiceHandler.java:71) [modlauncher-11.0.5.jar%23112!/:?]
	at MC-BOOTSTRAP/cpw.mods.modlauncher@11.0.5/cpw.mods.modlauncher.Launcher.run(Launcher.java:103) [modlauncher-11.0.5.jar%23112!/:?]
	at MC-BOOTSTRAP/cpw.mods.modlauncher@11.0.5/cpw.mods.modlauncher.Launcher.main(Launcher.java:74) [modlauncher-11.0.5.jar%23112!/:?]
	at MC-BOOTSTRAP/cpw.mods.modlauncher@11.0.5/cpw.mods.modlauncher.BootstrapLaunchConsumer.accept(BootstrapLaunchConsumer.java:26) [modlauncher-11.0.5.jar%23112!/:?]
	at MC-BOOTSTRAP/cpw.mods.modlauncher@11.0.5/cpw.mods.modlauncher.BootstrapLaunchConsumer.accept(BootstrapLaunchConsumer.java:23) [modlauncher-11.0.5.jar%23112!/:?]
	at cpw.mods.bootstraplauncher@2.0.2/cpw.mods.bootstraplauncher.BootstrapLauncher.run(BootstrapLauncher.java:210) [bootstraplauncher-2.0.2.jar:?]
	at cpw.mods.bootstraplauncher@2.0.2/cpw.mods.bootstraplauncher.BootstrapLauncher.main(BootstrapLauncher.java:69) [bootstraplauncher-2.0.2.jar:?]
	at java.base/jdk.internal.reflect.DirectMethodHandleAccessor.invoke(DirectMethodHandleAccessor.java:103) ~[?:?]
	at java.base/java.lang.reflect.Method.invoke(Method.java:580) ~[?:?]
	at net.neoforged.devlaunch.Main.main(Main.java:57) [DevLaunch-1.0.2.jar:?]
[02Oct2026 17:41:19.506] [Render thread/WARN] [Iris/]: Failed to resolve uniform inSulfurCaves, reason: Unknown variable: BIOME_SULFUR_CAVES ( = FunctionCall{smooth {[Number{56}, FunctionCall{if {[FunctionCall{in {[Id{biome}, Id{BIOME_SULFUR_CAVES}]} }, Number{1}, Number{0}]} }, Number{15}, Number{15}]} })
java.lang.RuntimeException: Unknown variable: BIOME_SULFUR_CAVES
	at TRANSFORMER/iris@1.8.8+mc1.21.1/kroppeb.stareval.resolver.ExpressionResolver.resolveExpressionInternal(ExpressionResolver.java:225) ~[iris-1.8.8+1.21.1-neoforge-neoforge,1.21.1.jar%23177!/:?]
	at TRANSFORMER/iris@1.8.8+mc1.21.1/kroppeb.stareval.resolver.ExpressionResolver.resolveCallExpressionInternal(ExpressionResolver.java:81) ~[iris-1.8.8+1.21.1-neoforge-neoforge,1.21.1.jar%23177!/:?]
	at TRANSFORMER/iris@1.8.8+mc1.21.1/kroppeb.stareval.resolver.ExpressionResolver.resolveCallExpression(ExpressionResolver.java:140) ~[iris-1.8.8+1.21.1-neoforge-neoforge,1.21.1.jar%23177!/:?]
	at TRANSFORMER/iris@1.8.8+mc1.21.1/kroppeb.stareval.resolver.ExpressionResolver.resolveExpressionInternal(ExpressionResolver.java:196) ~[iris-1.8.8+1.21.1-neoforge-neoforge,1.21.1.jar%23177!/:?]
	at TRANSFORMER/iris@1.8.8+mc1.21.1/kroppeb.stareval.resolver.ExpressionResolver.resolveCallExpressionInternal(ExpressionResolver.java:81) ~[iris-1.8.8+1.21.1-neoforge-neoforge,1.21.1.jar%23177!/:?]
	at TRANSFORMER/iris@1.8.8+mc1.21.1/kroppeb.stareval.resolver.ExpressionResolver.resolveCallExpression(ExpressionResolver.java:140) ~[iris-1.8.8+1.21.1-neoforge-neoforge,1.21.1.jar%23177!/:?]
	at TRANSFORMER/iris@1.8.8+mc1.21.1/kroppeb.stareval.resolver.ExpressionResolver.resolveCallExpression(ExpressionResolver.java:127) ~[iris-1.8.8+1.21.1-neoforge-neoforge,1.21.1.jar%23177!/:?]
	at TRANSFORMER/iris@1.8.8+mc1.21.1/kroppeb.stareval.resolver.ExpressionResolver.resolveExpressionInternal(ExpressionResolver.java:196) ~[iris-1.8.8+1.21.1-neoforge-neoforge,1.21.1.jar%23177!/:?]
	at TRANSFORMER/iris@1.8.8+mc1.21.1/kroppeb.stareval.resolver.ExpressionResolver.resolveCallExpressionInternal(ExpressionResolver.java:81) ~[iris-1.8.8+1.21.1-neoforge-neoforge,1.21.1.jar%23177!/:?]
	at TRANSFORMER/iris@1.8.8+mc1.21.1/kroppeb.stareval.resolver.ExpressionResolver.resolveCallExpression(ExpressionResolver.java:140) ~[iris-1.8.8+1.21.1-neoforge-neoforge,1.21.1.jar%23177!/:?]
	at TRANSFORMER/iris@1.8.8+mc1.21.1/kroppeb.stareval.resolver.ExpressionResolver.resolveExpressionInternal(ExpressionResolver.java:196) ~[iris-1.8.8+1.21.1-neoforge-neoforge,1.21.1.jar%23177!/:?]
	at TRANSFORMER/iris@1.8.8+mc1.21.1/kroppeb.stareval.resolver.ExpressionResolver.resolveExpression(ExpressionResolver.java:50) ~[iris-1.8.8+1.21.1-neoforge-neoforge,1.21.1.jar%23177!/:?]
	at TRANSFORMER/iris@1.8.8+mc1.21.1/net.irisshaders.iris.uniforms.custom.CustomUniforms.<init>(CustomUniforms.java:60) ~[iris-1.8.8+1.21.1-neoforge-neoforge,1.21.1.jar%23177!/:?]
	at TRANSFORMER/iris@1.8.8+mc1.21.1/net.irisshaders.iris.uniforms.custom.CustomUniforms$Builder.build(CustomUniforms.java:332) ~[iris-1.8.8+1.21.1-neoforge-neoforge,1.21.1.jar%23177!/:?]
	at TRANSFORMER/iris@1.8.8+mc1.21.1/net.irisshaders.iris.uniforms.custom.CustomUniforms$Builder.build(CustomUniforms.java:343) ~[iris-1.8.8+1.21.1-neoforge-neoforge,1.21.1.jar%23177!/:?]
	at TRANSFORMER/iris@1.8.8+mc1.21.1/net.irisshaders.iris.pipeline.IrisRenderingPipeline.<init>(IrisRenderingPipeline.java:282) ~[iris-1.8.8+1.21.1-neoforge-neoforge,1.21.1.jar%23177!/:?]
	at TRANSFORMER/iris@1.8.8+mc1.21.1/net.irisshaders.iris.Iris.createPipeline(Iris.java:616) ~[iris-1.8.8+1.21.1-neoforge-neoforge,1.21.1.jar%23177!/:?]
	at TRANSFORMER/iris@1.8.8+mc1.21.1/net.irisshaders.iris.pipeline.PipelineManager.preparePipeline(PipelineManager.java:33) ~[iris-1.8.8+1.21.1-neoforge-neoforge,1.21.1.jar%23177!/:?]
	at TRANSFORMER/iris@1.8.8+mc1.21.1/net.irisshaders.iris.Iris.onLoadingComplete(Iris.java:150) ~[iris-1.8.8+1.21.1-neoforge-neoforge,1.21.1.jar%23177!/:?]
	at TRANSFORMER/minecraft@1.21.1/net.minecraft.client.gui.screens.TitleScreen.handler$zfl000$iris$firstInit(TitleScreen.java:525) ~[neoforge-21.1.219.jar%23172!/:?]
	at TRANSFORMER/minecraft@1.21.1/net.minecraft.client.gui.screens.TitleScreen.init(TitleScreen.java:157) ~[neoforge-21.1.219.jar%23172!/:?]
	at TRANSFORMER/minecraft@1.21.1/net.minecraft.client.gui.screens.Screen.init(Screen.java:317) ~[neoforge-21.1.219.jar%23172!/:?]
	at TRANSFORMER/minecraft@1.21.1/net.minecraft.client.Minecraft.setScreen(Minecraft.java:1057) ~[neoforge-21.1.219.jar%23172!/:?]
	at TRANSFORMER/minecraft@1.21.1/net.minecraft.client.Minecraft.lambda$buildInitialScreens$9(Minecraft.java:664) ~[neoforge-21.1.219.jar%23172!/:?]
	at TRANSFORMER/minecraft@1.21.1/net.minecraft.client.Minecraft.onGameLoadFinished(Minecraft.java:650) ~[neoforge-21.1.219.jar%23172!/:?]
	at TRANSFORMER/minecraft@1.21.1/net.minecraft.client.Minecraft.onResourceLoadFinished(Minecraft.java:641) ~[neoforge-21.1.219.jar%23172!/:?]
	at TRANSFORMER/minecraft@1.21.1/net.minecraft.client.Minecraft.lambda$new$7(Minecraft.java:629) ~[neoforge-21.1.219.jar%23172!/:?]
	at TRANSFORMER/minecraft@1.21.1/net.minecraft.Util.ifElse(Util.java:513) ~[neoforge-21.1.219.jar%23172!/:?]
	at TRANSFORMER/minecraft@1.21.1/net.minecraft.client.Minecraft.lambda$new$8(Minecraft.java:623) ~[neoforge-21.1.219.jar%23172!/:?]
	at TRANSFORMER/minecraft@1.21.1/net.minecraft.client.gui.screens.LoadingOverlay.render(LoadingOverlay.java:139) ~[neoforge-21.1.219.jar%23172!/:?]
	at TRANSFORMER/minecraft@1.21.1/net.minecraft.client.renderer.GameRenderer.render(GameRenderer.java:1081) ~[neoforge-21.1.219.jar%23172!/:?]
	at TRANSFORMER/minecraft@1.21.1/net.minecraft.client.Minecraft.runTick(Minecraft.java:1195) ~[neoforge-21.1.219.jar%23172!/:?]
	at TRANSFORMER/minecraft@1.21.1/net.minecraft.client.Minecraft.run(Minecraft.java:807) ~[neoforge-21.1.219.jar%23172!/:?]
	at TRANSFORMER/minecraft@1.21.1/net.minecraft.client.main.Main.main(Main.java:230) ~[neoforge-21.1.219.jar%23172!/:?]
	at java.base/jdk.internal.reflect.DirectMethodHandleAccessor.invoke(DirectMethodHandleAccessor.java:103) ~[?:?]
	at java.base/java.lang.reflect.Method.invoke(Method.java:580) ~[?:?]
	at MC-BOOTSTRAP/fml_loader@4.0.42/net.neoforged.fml.loading.targets.CommonLaunchHandler.runTarget(CommonLaunchHandler.java:136) ~[loader-4.0.42.jar%23130!/:4.0]
	at MC-BOOTSTRAP/fml_loader@4.0.42/net.neoforged.fml.loading.targets.CommonLaunchHandler.clientService(CommonLaunchHandler.java:124) ~[loader-4.0.42.jar%23130!/:4.0]
	at MC-BOOTSTRAP/fml_loader@4.0.42/net.neoforged.fml.loading.targets.NeoForgeClientDevLaunchHandler.runService(NeoForgeClientDevLaunchHandler.java:23) ~[loader-4.0.42.jar%23130!/:4.0]
	at MC-BOOTSTRAP/fml_loader@4.0.42/net.neoforged.fml.loading.targets.CommonLaunchHandler.lambda$launchService$4(CommonLaunchHandler.java:118) ~[loader-4.0.42.jar%23130!/:4.0]
	at MC-BOOTSTRAP/cpw.mods.modlauncher@11.0.5/cpw.mods.modlauncher.LaunchServiceHandlerDecorator.launch(LaunchServiceHandlerDecorator.java:30) [modlauncher-11.0.5.jar%23112!/:?]
	at MC-BOOTSTRAP/cpw.mods.modlauncher@11.0.5/cpw.mods.modlauncher.LaunchServiceHandler.launch(LaunchServiceHandler.java:53) [modlauncher-11.0.5.jar%23112!/:?]
	at MC-BOOTSTRAP/cpw.mods.modlauncher@11.0.5/cpw.mods.modlauncher.LaunchServiceHandler.launch(LaunchServiceHandler.java:71) [modlauncher-11.0.5.jar%23112!/:?]
	at MC-BOOTSTRAP/cpw.mods.modlauncher@11.0.5/cpw.mods.modlauncher.Launcher.run(Launcher.java:103) [modlauncher-11.0.5.jar%23112!/:?]
	at MC-BOOTSTRAP/cpw.mods.modlauncher@11.0.5/cpw.mods.modlauncher.Launcher.main(Launcher.java:74) [modlauncher-11.0.5.jar%23112!/:?]
	at MC-BOOTSTRAP/cpw.mods.modlauncher@11.0.5/cpw.mods.modlauncher.BootstrapLaunchConsumer.accept(BootstrapLaunchConsumer.java:26) [modlauncher-11.0.5.jar%23112!/:?]
	at MC-BOOTSTRAP/cpw.mods.modlauncher@11.0.5/cpw.mods.modlauncher.BootstrapLaunchConsumer.accept(BootstrapLaunchConsumer.java:23) [modlauncher-11.0.5.jar%23112!/:?]
	at cpw.mods.bootstraplauncher@2.0.2/cpw.mods.bootstraplauncher.BootstrapLauncher.run(BootstrapLauncher.java:210) [bootstraplauncher-2.0.2.jar:?]
	at cpw.mods.bootstraplauncher@2.0.2/cpw.mods.bootstraplauncher.BootstrapLauncher.main(BootstrapLauncher.java:69) [bootstraplauncher-2.0.2.jar:?]
	at java.base/jdk.internal.reflect.DirectMethodHandleAccessor.invoke(DirectMethodHandleAccessor.java:103) ~[?:?]
	at java.base/java.lang.reflect.Method.invoke(Method.java:580) ~[?:?]
	at net.neoforged.devlaunch.Main.main(Main.java:57) [DevLaunch-1.0.2.jar:?]
[02Oct2026 17:41:19.513] [Render thread/WARN] [Iris/]: Failed to resolve uniform endFlashFactor0, reason: Unknown variable: endFlashIntensity ( = BinaryExpr{ {FunctionCall{min {[Id{endFlashIntensity}, Number{0.5}]} }} multiply{0} {Number{2.0}} })
java.lang.RuntimeException: Unknown variable: endFlashIntensity
	at TRANSFORMER/iris@1.8.8+mc1.21.1/kroppeb.stareval.resolver.ExpressionResolver.resolveExpressionInternal(ExpressionResolver.java:225) ~[iris-1.8.8+1.21.1-neoforge-neoforge,1.21.1.jar%23177!/:?]
	at TRANSFORMER/iris@1.8.8+mc1.21.1/kroppeb.stareval.resolver.ExpressionResolver.resolveCallExpressionInternal(ExpressionResolver.java:81) ~[iris-1.8.8+1.21.1-neoforge-neoforge,1.21.1.jar%23177!/:?]
	at TRANSFORMER/iris@1.8.8+mc1.21.1/kroppeb.stareval.resolver.ExpressionResolver.resolveCallExpression(ExpressionResolver.java:111) ~[iris-1.8.8+1.21.1-neoforge-neoforge,1.21.1.jar%23177!/:?]
	at TRANSFORMER/iris@1.8.8+mc1.21.1/kroppeb.stareval.resolver.ExpressionResolver.resolveExpressionInternal(ExpressionResolver.java:196) ~[iris-1.8.8+1.21.1-neoforge-neoforge,1.21.1.jar%23177!/:?]
	at TRANSFORMER/iris@1.8.8+mc1.21.1/kroppeb.stareval.resolver.ExpressionResolver.resolveCallExpressionInternal(ExpressionResolver.java:81) ~[iris-1.8.8+1.21.1-neoforge-neoforge,1.21.1.jar%23177!/:?]
	at TRANSFORMER/iris@1.8.8+mc1.21.1/kroppeb.stareval.resolver.ExpressionResolver.resolveCallExpression(ExpressionResolver.java:111) ~[iris-1.8.8+1.21.1-neoforge-neoforge,1.21.1.jar%23177!/:?]
	at TRANSFORMER/iris@1.8.8+mc1.21.1/kroppeb.stareval.resolver.ExpressionResolver.resolveExpressionInternal(ExpressionResolver.java:192) ~[iris-1.8.8+1.21.1-neoforge-neoforge,1.21.1.jar%23177!/:?]
	at TRANSFORMER/iris@1.8.8+mc1.21.1/kroppeb.stareval.resolver.ExpressionResolver.resolveExpression(ExpressionResolver.java:50) ~[iris-1.8.8+1.21.1-neoforge-neoforge,1.21.1.jar%23177!/:?]
	at TRANSFORMER/iris@1.8.8+mc1.21.1/net.irisshaders.iris.uniforms.custom.CustomUniforms.<init>(CustomUniforms.java:60) ~[iris-1.8.8+1.21.1-neoforge-neoforge,1.21.1.jar%23177!/:?]
	at TRANSFORMER/iris@1.8.8+mc1.21.1/net.irisshaders.iris.uniforms.custom.CustomUniforms$Builder.build(CustomUniforms.java:332) ~[iris-1.8.8+1.21.1-neoforge-neoforge,1.21.1.jar%23177!/:?]
	at TRANSFORMER/iris@1.8.8+mc1.21.1/net.irisshaders.iris.uniforms.custom.CustomUniforms$Builder.build(CustomUniforms.java:343) ~[iris-1.8.8+1.21.1-neoforge-neoforge,1.21.1.jar%23177!/:?]
	at TRANSFORMER/iris@1.8.8+mc1.21.1/net.irisshaders.iris.pipeline.IrisRenderingPipeline.<init>(IrisRenderingPipeline.java:282) ~[iris-1.8.8+1.21.1-neoforge-neoforge,1.21.1.jar%23177!/:?]
	at TRANSFORMER/iris@1.8.8+mc1.21.1/net.irisshaders.iris.Iris.createPipeline(Iris.java:616) ~[iris-1.8.8+1.21.1-neoforge-neoforge,1.21.1.jar%23177!/:?]
	at TRANSFORMER/iris@1.8.8+mc1.21.1/net.irisshaders.iris.pipeline.PipelineManager.preparePipeline(PipelineManager.java:33) ~[iris-1.8.8+1.21.1-neoforge-neoforge,1.21.1.jar%23177!/:?]
	at TRANSFORMER/iris@1.8.8+mc1.21.1/net.irisshaders.iris.Iris.onLoadingComplete(Iris.java:150) ~[iris-1.8.8+1.21.1-neoforge-neoforge,1.21.1.jar%23177!/:?]
	at TRANSFORMER/minecraft@1.21.1/net.minecraft.client.gui.screens.TitleScreen.handler$zfl000$iris$firstInit(TitleScreen.java:525) ~[neoforge-21.1.219.jar%23172!/:?]
	at TRANSFORMER/minecraft@1.21.1/net.minecraft.client.gui.screens.TitleScreen.init(TitleScreen.java:157) ~[neoforge-21.1.219.jar%23172!/:?]
	at TRANSFORMER/minecraft@1.21.1/net.minecraft.client.gui.screens.Screen.init(Screen.java:317) ~[neoforge-21.1.219.jar%23172!/:?]
	at TRANSFORMER/minecraft@1.21.1/net.minecraft.client.Minecraft.setScreen(Minecraft.java:1057) ~[neoforge-21.1.219.jar%23172!/:?]
	at TRANSFORMER/minecraft@1.21.1/net.minecraft.client.Minecraft.lambda$buildInitialScreens$9(Minecraft.java:664) ~[neoforge-21.1.219.jar%23172!/:?]
	at TRANSFORMER/minecraft@1.21.1/net.minecraft.client.Minecraft.onGameLoadFinished(Minecraft.java:650) ~[neoforge-21.1.219.jar%23172!/:?]
	at TRANSFORMER/minecraft@1.21.1/net.minecraft.client.Minecraft.onResourceLoadFinished(Minecraft.java:641) ~[neoforge-21.1.219.jar%23172!/:?]
	at TRANSFORMER/minecraft@1.21.1/net.minecraft.client.Minecraft.lambda$new$7(Minecraft.java:629) ~[neoforge-21.1.219.jar%23172!/:?]
	at TRANSFORMER/minecraft@1.21.1/net.minecraft.Util.ifElse(Util.java:513) ~[neoforge-21.1.219.jar%23172!/:?]
	at TRANSFORMER/minecraft@1.21.1/net.minecraft.client.Minecraft.lambda$new$8(Minecraft.java:623) ~[neoforge-21.1.219.jar%23172!/:?]
	at TRANSFORMER/minecraft@1.21.1/net.minecraft.client.gui.screens.LoadingOverlay.render(LoadingOverlay.java:139) ~[neoforge-21.1.219.jar%23172!/:?]
	at TRANSFORMER/minecraft@1.21.1/net.minecraft.client.renderer.GameRenderer.render(GameRenderer.java:1081) ~[neoforge-21.1.219.jar%23172!/:?]
	at TRANSFORMER/minecraft@1.21.1/net.minecraft.client.Minecraft.runTick(Minecraft.java:1195) ~[neoforge-21.1.219.jar%23172!/:?]
	at TRANSFORMER/minecraft@1.21.1/net.minecraft.client.Minecraft.run(Minecraft.java:807) ~[neoforge-21.1.219.jar%23172!/:?]
	at TRANSFORMER/minecraft@1.21.1/net.minecraft.client.main.Main.main(Main.java:230) ~[neoforge-21.1.219.jar%23172!/:?]
	at java.base/jdk.internal.reflect.DirectMethodHandleAccessor.invoke(DirectMethodHandleAccessor.java:103) ~[?:?]
	at java.base/java.lang.reflect.Method.invoke(Method.java:580) ~[?:?]
	at MC-BOOTSTRAP/fml_loader@4.0.42/net.neoforged.fml.loading.targets.CommonLaunchHandler.runTarget(CommonLaunchHandler.java:136) ~[loader-4.0.42.jar%23130!/:4.0]
	at MC-BOOTSTRAP/fml_loader@4.0.42/net.neoforged.fml.loading.targets.CommonLaunchHandler.clientService(CommonLaunchHandler.java:124) ~[loader-4.0.42.jar%23130!/:4.0]
	at MC-BOOTSTRAP/fml_loader@4.0.42/net.neoforged.fml.loading.targets.NeoForgeClientDevLaunchHandler.runService(NeoForgeClientDevLaunchHandler.java:23) ~[loader-4.0.42.jar%23130!/:4.0]
	at MC-BOOTSTRAP/fml_loader@4.0.42/net.neoforged.fml.loading.targets.CommonLaunchHandler.lambda$launchService$4(CommonLaunchHandler.java:118) ~[loader-4.0.42.jar%23130!/:4.0]
	at MC-BOOTSTRAP/cpw.mods.modlauncher@11.0.5/cpw.mods.modlauncher.LaunchServiceHandlerDecorator.launch(LaunchServiceHandlerDecorator.java:30) [modlauncher-11.0.5.jar%23112!/:?]
	at MC-BOOTSTRAP/cpw.mods.modlauncher@11.0.5/cpw.mods.modlauncher.LaunchServiceHandler.launch(LaunchServiceHandler.java:53) [modlauncher-11.0.5.jar%23112!/:?]
	at MC-BOOTSTRAP/cpw.mods.modlauncher@11.0.5/cpw.mods.modlauncher.LaunchServiceHandler.launch(LaunchServiceHandler.java:71) [modlauncher-11.0.5.jar%23112!/:?]
	at MC-BOOTSTRAP/cpw.mods.modlauncher@11.0.5/cpw.mods.modlauncher.Launcher.run(Launcher.java:103) [modlauncher-11.0.5.jar%23112!/:?]
	at MC-BOOTSTRAP/cpw.mods.modlauncher@11.0.5/cpw.mods.modlauncher.Launcher.main(Launcher.java:74) [modlauncher-11.0.5.jar%23112!/:?]
	at MC-BOOTSTRAP/cpw.mods.modlauncher@11.0.5/cpw.mods.modlauncher.BootstrapLaunchConsumer.accept(BootstrapLaunchConsumer.java:26) [modlauncher-11.0.5.jar%23112!/:?]
	at MC-BOOTSTRAP/cpw.mods.modlauncher@11.0.5/cpw.mods.modlauncher.BootstrapLaunchConsumer.accept(BootstrapLaunchConsumer.java:23) [modlauncher-11.0.5.jar%23112!/:?]
	at cpw.mods.bootstraplauncher@2.0.2/cpw.mods.bootstraplauncher.BootstrapLauncher.run(BootstrapLauncher.java:210) [bootstraplauncher-2.0.2.jar:?]
	at cpw.mods.bootstraplauncher@2.0.2/cpw.mods.bootstraplauncher.BootstrapLauncher.main(BootstrapLauncher.java:69) [bootstraplauncher-2.0.2.jar:?]
	at java.base/jdk.internal.reflect.DirectMethodHandleAccessor.invoke(DirectMethodHandleAccessor.java:103) ~[?:?]
	at java.base/java.lang.reflect.Method.invoke(Method.java:580) ~[?:?]
	at net.neoforged.devlaunch.Main.main(Main.java:57) [DevLaunch-1.0.2.jar:?]
[02Oct2026 17:41:19.529] [Render thread/WARN] [Iris/]: The following uniforms won't work, either because they are broken, or reference a broken uniform: 
endFlashIntensityM, endFlashFactor1
[02Oct2026 17:41:23.223] [Render thread/INFO] [SuperResolution/ShaderCompiler/]: Compiling shader FSR1_EASU with the compatibility shader compiler
[02Oct2026 17:41:23.289] [Render thread/INFO] [SuperResolution/ShaderCompiler/]: Compiling shader FSR1_RCAS with the compatibility shader compiler
[02Oct2026 17:41:23.352] [Render thread/INFO] [SuperResolution/]: SR_DIAG glTextureStorage2D texture=11 levels=1 internalFormat=881a size=854x480 label=Fsr1TempTexture
[02Oct2026 17:41:23.354] [Render thread/INFO] [SuperResolution/]: SR_DIAG glTextureStorage2D texture=12 levels=1 internalFormat=881a size=854x480 label=Fsr1OutputTexture
[02Oct2026 17:41:23.359] [Render thread/INFO] [SuperResolution/ShaderCompiler/]: Compiling shader FSR1_EASU with the compatibility shader compiler
[02Oct2026 17:41:23.430] [Render thread/INFO] [SuperResolution/ShaderCompiler/]: Compiling shader FSR1_RCAS with the compatibility shader compiler
[02Oct2026 17:41:23.480] [Render thread/INFO] [SuperResolution/]: SR_DIAG glTextureStorage2D texture=84 levels=1 internalFormat=881a size=854x480 label=Fsr1TempTexture
[02Oct2026 17:41:23.482] [Render thread/INFO] [SuperResolution/]: SR_DIAG glTextureStorage2D texture=85 levels=1 internalFormat=881a size=854x480 label=Fsr1OutputTexture
[02Oct2026 17:41:23.483] [Render thread/INFO] [SuperResolution/]: Initializing algorithm AMD FidelityFX Super Resolution 1
[02Oct2026 17:41:23.499] [Render thread/INFO] [SuperResolution/]: Frame generation backend negotiation: fg=null, lowLatency=null
[02Oct2026 17:45:40.653] [Render thread/INFO] [net.minecraft.world.item.crafting.RecipeManager/]: Loaded 1290 recipes
[02Oct2026 17:45:40.987] [Render thread/INFO] [net.minecraft.advancements.AdvancementTree/]: Loaded 1399 advancements
[02Oct2026 17:45:41.908] [Server thread/INFO] [net.minecraft.client.server.IntegratedServer/]: Starting integrated minecraft server version 1.21.1
[02Oct2026 17:45:41.909] [Server thread/INFO] [net.minecraft.server.MinecraftServer/]: Generating keypair
[02Oct2026 17:45:43.673] [Server thread/INFO] [net.minecraft.server.MinecraftServer/]: Preparing start region for dimension minecraft:overworld
[02Oct2026 17:45:44.136] [progressListener/INFO] [net.minecraft.server.level.progress.LoggerChunkProgressListener/]: Preparing spawn area: 0%
[02Oct2026 17:45:44.188] [progressListener/INFO] [net.minecraft.server.level.progress.LoggerChunkProgressListener/]: Preparing spawn area: 28%
[02Oct2026 17:45:44.309] [Server thread/INFO] [net.neoforged.neoforge.server.permission.PermissionAPI/]: Successfully initialized permission handler neoforge:default_handler
[02Oct2026 17:45:44.317] [progressListener/INFO] [net.minecraft.server.level.progress.LoggerChunkProgressListener/]: Time elapsed: 636 ms
[02Oct2026 17:45:44.434] [Server thread/INFO] [net.minecraft.client.server.IntegratedServer/]: Changing view distance to 12, from 10
[02Oct2026 17:45:44.437] [Server thread/INFO] [net.minecraft.client.server.IntegratedServer/]: Changing simulation distance to 12, from 0
[02Oct2026 17:45:45.692] [Server thread/INFO] [net.minecraft.server.players.PlayerList/]: Dev[local:E:ba701cf8] logged in with entity id 49 at (387.2140669807224, 63.0, 21.256771246040387)
[02Oct2026 17:45:45.803] [Render thread/INFO] [Iris/]: Reloading pipeline on dimension change: minecraft:overworld => minecraft:overworld
[02Oct2026 17:45:45.803] [Render thread/INFO] [Iris/]: Destroying pipeline minecraft:overworld
[02Oct2026 17:45:45.804] [Server thread/INFO] [net.minecraft.server.MinecraftServer/]: Dev joined the game
[02Oct2026 17:45:45.837] [Render thread/INFO] [Iris/]: Creating pipeline for dimension minecraft:overworld
[02Oct2026 17:45:45.848] [Render thread/WARN] [Iris/]: Failed to resolve uniform inPaleGarden, reason: Unknown variable: BIOME_PALE_GARDEN ( = FunctionCall{smooth {[Number{55}, FunctionCall{if {[FunctionCall{in {[Id{biome}, Id{BIOME_PALE_GARDEN}]} }, Number{1}, Number{0}]} }, Number{15}, Number{15}]} })
java.lang.RuntimeException: Unknown variable: BIOME_PALE_GARDEN
	at TRANSFORMER/iris@1.8.8+mc1.21.1/kroppeb.stareval.resolver.ExpressionResolver.resolveExpressionInternal(ExpressionResolver.java:225) ~[iris-1.8.8+1.21.1-neoforge-neoforge,1.21.1.jar%23177!/:?]
	at TRANSFORMER/iris@1.8.8+mc1.21.1/kroppeb.stareval.resolver.ExpressionResolver.resolveCallExpressionInternal(ExpressionResolver.java:81) ~[iris-1.8.8+1.21.1-neoforge-neoforge,1.21.1.jar%23177!/:?]
	at TRANSFORMER/iris@1.8.8+mc1.21.1/kroppeb.stareval.resolver.ExpressionResolver.resolveCallExpression(ExpressionResolver.java:140) ~[iris-1.8.8+1.21.1-neoforge-neoforge,1.21.1.jar%23177!/:?]
	at TRANSFORMER/iris@1.8.8+mc1.21.1/kroppeb.stareval.resolver.ExpressionResolver.resolveExpressionInternal(ExpressionResolver.java:196) ~[iris-1.8.8+1.21.1-neoforge-neoforge,1.21.1.jar%23177!/:?]
	at TRANSFORMER/iris@1.8.8+mc1.21.1/kroppeb.stareval.resolver.ExpressionResolver.resolveCallExpressionInternal(ExpressionResolver.java:81) ~[iris-1.8.8+1.21.1-neoforge-neoforge,1.21.1.jar%23177!/:?]
	at TRANSFORMER/iris@1.8.8+mc1.21.1/kroppeb.stareval.resolver.ExpressionResolver.resolveCallExpression(ExpressionResolver.java:140) ~[iris-1.8.8+1.21.1-neoforge-neoforge,1.21.1.jar%23177!/:?]
	at TRANSFORMER/iris@1.8.8+mc1.21.1/kroppeb.stareval.resolver.ExpressionResolver.resolveCallExpression(ExpressionResolver.java:127) ~[iris-1.8.8+1.21.1-neoforge-neoforge,1.21.1.jar%23177!/:?]
	at TRANSFORMER/iris@1.8.8+mc1.21.1/kroppeb.stareval.resolver.ExpressionResolver.resolveExpressionInternal(ExpressionResolver.java:196) ~[iris-1.8.8+1.21.1-neoforge-neoforge,1.21.1.jar%23177!/:?]
	at TRANSFORMER/iris@1.8.8+mc1.21.1/kroppeb.stareval.resolver.ExpressionResolver.resolveCallExpressionInternal(ExpressionResolver.java:81) ~[iris-1.8.8+1.21.1-neoforge-neoforge,1.21.1.jar%23177!/:?]
	at TRANSFORMER/iris@1.8.8+mc1.21.1/kroppeb.stareval.resolver.ExpressionResolver.resolveCallExpression(ExpressionResolver.java:140) ~[iris-1.8.8+1.21.1-neoforge-neoforge,1.21.1.jar%23177!/:?]
	at TRANSFORMER/iris@1.8.8+mc1.21.1/kroppeb.stareval.resolver.ExpressionResolver.resolveExpressionInternal(ExpressionResolver.java:196) ~[iris-1.8.8+1.21.1-neoforge-neoforge,1.21.1.jar%23177!/:?]
	at TRANSFORMER/iris@1.8.8+mc1.21.1/kroppeb.stareval.resolver.ExpressionResolver.resolveExpression(ExpressionResolver.java:50) ~[iris-1.8.8+1.21.1-neoforge-neoforge,1.21.1.jar%23177!/:?]
	at TRANSFORMER/iris@1.8.8+mc1.21.1/net.irisshaders.iris.uniforms.custom.CustomUniforms.<init>(CustomUniforms.java:60) ~[iris-1.8.8+1.21.1-neoforge-neoforge,1.21.1.jar%23177!/:?]
	at TRANSFORMER/iris@1.8.8+mc1.21.1/net.irisshaders.iris.uniforms.custom.CustomUniforms$Builder.build(CustomUniforms.java:332) ~[iris-1.8.8+1.21.1-neoforge-neoforge,1.21.1.jar%23177!/:?]
	at TRANSFORMER/iris@1.8.8+mc1.21.1/net.irisshaders.iris.uniforms.custom.CustomUniforms$Builder.build(CustomUniforms.java:343) ~[iris-1.8.8+1.21.1-neoforge-neoforge,1.21.1.jar%23177!/:?]
	at TRANSFORMER/iris@1.8.8+mc1.21.1/net.irisshaders.iris.pipeline.IrisRenderingPipeline.<init>(IrisRenderingPipeline.java:282) ~[iris-1.8.8+1.21.1-neoforge-neoforge,1.21.1.jar%23177!/:?]
	at TRANSFORMER/iris@1.8.8+mc1.21.1/net.irisshaders.iris.Iris.createPipeline(Iris.java:616) ~[iris-1.8.8+1.21.1-neoforge-neoforge,1.21.1.jar%23177!/:?]
	at TRANSFORMER/iris@1.8.8+mc1.21.1/net.irisshaders.iris.pipeline.PipelineManager.preparePipeline(PipelineManager.java:33) ~[iris-1.8.8+1.21.1-neoforge-neoforge,1.21.1.jar%23177!/:?]
	at TRANSFORMER/minecraft@1.21.1/net.minecraft.client.Minecraft.handler$zeo000$iris$resetPipeline(Minecraft.java:5042) ~[neoforge-21.1.219.jar%23172!/:?]
	at TRANSFORMER/minecraft@1.21.1/net.minecraft.client.Minecraft.updateLevelInEngines(Minecraft.java) ~[neoforge-21.1.219.jar%23172!/:?]
	at TRANSFORMER/minecraft@1.21.1/net.minecraft.client.Minecraft.setLevel(Minecraft.java:2117) ~[neoforge-21.1.219.jar%23172!/:?]
	at TRANSFORMER/minecraft@1.21.1/net.minecraft.client.multiplayer.ClientPacketListener.handleLogin(ClientPacketListener.java:421) ~[neoforge-21.1.219.jar%23172!/:?]
	at TRANSFORMER/minecraft@1.21.1/net.minecraft.network.protocol.game.ClientboundLoginPacket.handle(ClientboundLoginPacket.java:67) ~[neoforge-21.1.219.jar%23172!/:?]
	at TRANSFORMER/minecraft@1.21.1/net.minecraft.network.protocol.game.ClientboundLoginPacket.handle(ClientboundLoginPacket.java:14) ~[neoforge-21.1.219.jar%23172!/:?]
	at TRANSFORMER/minecraft@1.21.1/net.minecraft.network.protocol.PacketUtils.lambda$ensureRunningOnSameThread$0(PacketUtils.java:26) ~[neoforge-21.1.219.jar%23172!/:?]
	at TRANSFORMER/minecraft@1.21.1/net.minecraft.util.thread.BlockableEventLoop.doRunTask(BlockableEventLoop.java:148) ~[neoforge-21.1.219.jar%23172!/:?]
	at TRANSFORMER/minecraft@1.21.1/net.minecraft.util.thread.ReentrantBlockableEventLoop.doRunTask(ReentrantBlockableEventLoop.java:24) ~[neoforge-21.1.219.jar%23172!/:?]
	at TRANSFORMER/minecraft@1.21.1/net.minecraft.util.thread.BlockableEventLoop.pollTask(BlockableEventLoop.java:122) ~[neoforge-21.1.219.jar%23172!/:?]
	at TRANSFORMER/minecraft@1.21.1/net.minecraft.util.thread.BlockableEventLoop.runAllTasks(BlockableEventLoop.java:111) ~[neoforge-21.1.219.jar%23172!/:?]
	at TRANSFORMER/minecraft@1.21.1/net.minecraft.client.Minecraft.runTick(Minecraft.java:1155) ~[neoforge-21.1.219.jar%23172!/:?]
	at TRANSFORMER/minecraft@1.21.1/net.minecraft.client.Minecraft.run(Minecraft.java:807) ~[neoforge-21.1.219.jar%23172!/:?]
	at TRANSFORMER/minecraft@1.21.1/net.minecraft.client.main.Main.main(Main.java:230) ~[neoforge-21.1.219.jar%23172!/:?]
	at java.base/jdk.internal.reflect.DirectMethodHandleAccessor.invoke(DirectMethodHandleAccessor.java:103) ~[?:?]
	at java.base/java.lang.reflect.Method.invoke(Method.java:580) ~[?:?]
	at MC-BOOTSTRAP/fml_loader@4.0.42/net.neoforged.fml.loading.targets.CommonLaunchHandler.runTarget(CommonLaunchHandler.java:136) ~[loader-4.0.42.jar%23130!/:4.0]
	at MC-BOOTSTRAP/fml_loader@4.0.42/net.neoforged.fml.loading.targets.CommonLaunchHandler.clientService(CommonLaunchHandler.java:124) ~[loader-4.0.42.jar%23130!/:4.0]
	at MC-BOOTSTRAP/fml_loader@4.0.42/net.neoforged.fml.loading.targets.NeoForgeClientDevLaunchHandler.runService(NeoForgeClientDevLaunchHandler.java:23) ~[loader-4.0.42.jar%23130!/:4.0]
	at MC-BOOTSTRAP/fml_loader@4.0.42/net.neoforged.fml.loading.targets.CommonLaunchHandler.lambda$launchService$4(CommonLaunchHandler.java:118) ~[loader-4.0.42.jar%23130!/:4.0]
	at MC-BOOTSTRAP/cpw.mods.modlauncher@11.0.5/cpw.mods.modlauncher.LaunchServiceHandlerDecorator.launch(LaunchServiceHandlerDecorator.java:30) [modlauncher-11.0.5.jar%23112!/:?]
	at MC-BOOTSTRAP/cpw.mods.modlauncher@11.0.5/cpw.mods.modlauncher.LaunchServiceHandler.launch(LaunchServiceHandler.java:53) [modlauncher-11.0.5.jar%23112!/:?]
	at MC-BOOTSTRAP/cpw.mods.modlauncher@11.0.5/cpw.mods.modlauncher.LaunchServiceHandler.launch(LaunchServiceHandler.java:71) [modlauncher-11.0.5.jar%23112!/:?]
	at MC-BOOTSTRAP/cpw.mods.modlauncher@11.0.5/cpw.mods.modlauncher.Launcher.run(Launcher.java:103) [modlauncher-11.0.5.jar%23112!/:?]
	at MC-BOOTSTRAP/cpw.mods.modlauncher@11.0.5/cpw.mods.modlauncher.Launcher.main(Launcher.java:74) [modlauncher-11.0.5.jar%23112!/:?]
	at MC-BOOTSTRAP/cpw.mods.modlauncher@11.0.5/cpw.mods.modlauncher.BootstrapLaunchConsumer.accept(BootstrapLaunchConsumer.java:26) [modlauncher-11.0.5.jar%23112!/:?]
	at MC-BOOTSTRAP/cpw.mods.modlauncher@11.0.5/cpw.mods.modlauncher.BootstrapLaunchConsumer.accept(BootstrapLaunchConsumer.java:23) [modlauncher-11.0.5.jar%23112!/:?]
	at cpw.mods.bootstraplauncher@2.0.2/cpw.mods.bootstraplauncher.BootstrapLauncher.run(BootstrapLauncher.java:210) [bootstraplauncher-2.0.2.jar:?]
	at cpw.mods.bootstraplauncher@2.0.2/cpw.mods.bootstraplauncher.BootstrapLauncher.main(BootstrapLauncher.java:69) [bootstraplauncher-2.0.2.jar:?]
	at java.base/jdk.internal.reflect.DirectMethodHandleAccessor.invoke(DirectMethodHandleAccessor.java:103) ~[?:?]
	at java.base/java.lang.reflect.Method.invoke(Method.java:580) ~[?:?]
	at net.neoforged.devlaunch.Main.main(Main.java:57) [DevLaunch-1.0.2.jar:?]
[02Oct2026 17:45:45.856] [Render thread/WARN] [Iris/]: Failed to resolve uniform inSulfurCaves, reason: Unknown variable: BIOME_SULFUR_CAVES ( = FunctionCall{smooth {[Number{56}, FunctionCall{if {[FunctionCall{in {[Id{biome}, Id{BIOME_SULFUR_CAVES}]} }, Number{1}, Number{0}]} }, Number{15}, Number{15}]} })
java.lang.RuntimeException: Unknown variable: BIOME_SULFUR_CAVES
	at TRANSFORMER/iris@1.8.8+mc1.21.1/kroppeb.stareval.resolver.ExpressionResolver.resolveExpressionInternal(ExpressionResolver.java:225) ~[iris-1.8.8+1.21.1-neoforge-neoforge,1.21.1.jar%23177!/:?]
	at TRANSFORMER/iris@1.8.8+mc1.21.1/kroppeb.stareval.resolver.ExpressionResolver.resolveCallExpressionInternal(ExpressionResolver.java:81) ~[iris-1.8.8+1.21.1-neoforge-neoforge,1.21.1.jar%23177!/:?]
	at TRANSFORMER/iris@1.8.8+mc1.21.1/kroppeb.stareval.resolver.ExpressionResolver.resolveCallExpression(ExpressionResolver.java:140) ~[iris-1.8.8+1.21.1-neoforge-neoforge,1.21.1.jar%23177!/:?]
	at TRANSFORMER/iris@1.8.8+mc1.21.1/kroppeb.stareval.resolver.ExpressionResolver.resolveExpressionInternal(ExpressionResolver.java:196) ~[iris-1.8.8+1.21.1-neoforge-neoforge,1.21.1.jar%23177!/:?]
	at TRANSFORMER/iris@1.8.8+mc1.21.1/kroppeb.stareval.resolver.ExpressionResolver.resolveCallExpressionInternal(ExpressionResolver.java:81) ~[iris-1.8.8+1.21.1-neoforge-neoforge,1.21.1.jar%23177!/:?]
	at TRANSFORMER/iris@1.8.8+mc1.21.1/kroppeb.stareval.resolver.ExpressionResolver.resolveCallExpression(ExpressionResolver.java:140) ~[iris-1.8.8+1.21.1-neoforge-neoforge,1.21.1.jar%23177!/:?]
	at TRANSFORMER/iris@1.8.8+mc1.21.1/kroppeb.stareval.resolver.ExpressionResolver.resolveCallExpression(ExpressionResolver.java:127) ~[iris-1.8.8+1.21.1-neoforge-neoforge,1.21.1.jar%23177!/:?]
	at TRANSFORMER/iris@1.8.8+mc1.21.1/kroppeb.stareval.resolver.ExpressionResolver.resolveExpressionInternal(ExpressionResolver.java:196) ~[iris-1.8.8+1.21.1-neoforge-neoforge,1.21.1.jar%23177!/:?]
	at TRANSFORMER/iris@1.8.8+mc1.21.1/kroppeb.stareval.resolver.ExpressionResolver.resolveCallExpressionInternal(ExpressionResolver.java:81) ~[iris-1.8.8+1.21.1-neoforge-neoforge,1.21.1.jar%23177!/:?]
	at TRANSFORMER/iris@1.8.8+mc1.21.1/kroppeb.stareval.resolver.ExpressionResolver.resolveCallExpression(ExpressionResolver.java:140) ~[iris-1.8.8+1.21.1-neoforge-neoforge,1.21.1.jar%23177!/:?]
	at TRANSFORMER/iris@1.8.8+mc1.21.1/kroppeb.stareval.resolver.ExpressionResolver.resolveExpressionInternal(ExpressionResolver.java:196) ~[iris-1.8.8+1.21.1-neoforge-neoforge,1.21.1.jar%23177!/:?]
	at TRANSFORMER/iris@1.8.8+mc1.21.1/kroppeb.stareval.resolver.ExpressionResolver.resolveExpression(ExpressionResolver.java:50) ~[iris-1.8.8+1.21.1-neoforge-neoforge,1.21.1.jar%23177!/:?]
	at TRANSFORMER/iris@1.8.8+mc1.21.1/net.irisshaders.iris.uniforms.custom.CustomUniforms.<init>(CustomUniforms.java:60) ~[iris-1.8.8+1.21.1-neoforge-neoforge,1.21.1.jar%23177!/:?]
	at TRANSFORMER/iris@1.8.8+mc1.21.1/net.irisshaders.iris.uniforms.custom.CustomUniforms$Builder.build(CustomUniforms.java:332) ~[iris-1.8.8+1.21.1-neoforge-neoforge,1.21.1.jar%23177!/:?]
	at TRANSFORMER/iris@1.8.8+mc1.21.1/net.irisshaders.iris.uniforms.custom.CustomUniforms$Builder.build(CustomUniforms.java:343) ~[iris-1.8.8+1.21.1-neoforge-neoforge,1.21.1.jar%23177!/:?]
	at TRANSFORMER/iris@1.8.8+mc1.21.1/net.irisshaders.iris.pipeline.IrisRenderingPipeline.<init>(IrisRenderingPipeline.java:282) ~[iris-1.8.8+1.21.1-neoforge-neoforge,1.21.1.jar%23177!/:?]
	at TRANSFORMER/iris@1.8.8+mc1.21.1/net.irisshaders.iris.Iris.createPipeline(Iris.java:616) ~[iris-1.8.8+1.21.1-neoforge-neoforge,1.21.1.jar%23177!/:?]
	at TRANSFORMER/iris@1.8.8+mc1.21.1/net.irisshaders.iris.pipeline.PipelineManager.preparePipeline(PipelineManager.java:33) ~[iris-1.8.8+1.21.1-neoforge-neoforge,1.21.1.jar%23177!/:?]
	at TRANSFORMER/minecraft@1.21.1/net.minecraft.client.Minecraft.handler$zeo000$iris$resetPipeline(Minecraft.java:5042) ~[neoforge-21.1.219.jar%23172!/:?]
	at TRANSFORMER/minecraft@1.21.1/net.minecraft.client.Minecraft.updateLevelInEngines(Minecraft.java) ~[neoforge-21.1.219.jar%23172!/:?]
	at TRANSFORMER/minecraft@1.21.1/net.minecraft.client.Minecraft.setLevel(Minecraft.java:2117) ~[neoforge-21.1.219.jar%23172!/:?]
	at TRANSFORMER/minecraft@1.21.1/net.minecraft.client.multiplayer.ClientPacketListener.handleLogin(ClientPacketListener.java:421) ~[neoforge-21.1.219.jar%23172!/:?]
	at TRANSFORMER/minecraft@1.21.1/net.minecraft.network.protocol.game.ClientboundLoginPacket.handle(ClientboundLoginPacket.java:67) ~[neoforge-21.1.219.jar%23172!/:?]
	at TRANSFORMER/minecraft@1.21.1/net.minecraft.network.protocol.game.ClientboundLoginPacket.handle(ClientboundLoginPacket.java:14) ~[neoforge-21.1.219.jar%23172!/:?]
	at TRANSFORMER/minecraft@1.21.1/net.minecraft.network.protocol.PacketUtils.lambda$ensureRunningOnSameThread$0(PacketUtils.java:26) ~[neoforge-21.1.219.jar%23172!/:?]
	at TRANSFORMER/minecraft@1.21.1/net.minecraft.util.thread.BlockableEventLoop.doRunTask(BlockableEventLoop.java:148) ~[neoforge-21.1.219.jar%23172!/:?]
	at TRANSFORMER/minecraft@1.21.1/net.minecraft.util.thread.ReentrantBlockableEventLoop.doRunTask(ReentrantBlockableEventLoop.java:24) ~[neoforge-21.1.219.jar%23172!/:?]
	at TRANSFORMER/minecraft@1.21.1/net.minecraft.util.thread.BlockableEventLoop.pollTask(BlockableEventLoop.java:122) ~[neoforge-21.1.219.jar%23172!/:?]
	at TRANSFORMER/minecraft@1.21.1/net.minecraft.util.thread.BlockableEventLoop.runAllTasks(BlockableEventLoop.java:111) ~[neoforge-21.1.219.jar%23172!/:?]
	at TRANSFORMER/minecraft@1.21.1/net.minecraft.client.Minecraft.runTick(Minecraft.java:1155) ~[neoforge-21.1.219.jar%23172!/:?]
	at TRANSFORMER/minecraft@1.21.1/net.minecraft.client.Minecraft.run(Minecraft.java:807) ~[neoforge-21.1.219.jar%23172!/:?]
	at TRANSFORMER/minecraft@1.21.1/net.minecraft.client.main.Main.main(Main.java:230) ~[neoforge-21.1.219.jar%23172!/:?]
	at java.base/jdk.internal.reflect.DirectMethodHandleAccessor.invoke(DirectMethodHandleAccessor.java:103) ~[?:?]
	at java.base/java.lang.reflect.Method.invoke(Method.java:580) ~[?:?]
	at MC-BOOTSTRAP/fml_loader@4.0.42/net.neoforged.fml.loading.targets.CommonLaunchHandler.runTarget(CommonLaunchHandler.java:136) ~[loader-4.0.42.jar%23130!/:4.0]
	at MC-BOOTSTRAP/fml_loader@4.0.42/net.neoforged.fml.loading.targets.CommonLaunchHandler.clientService(CommonLaunchHandler.java:124) ~[loader-4.0.42.jar%23130!/:4.0]
	at MC-BOOTSTRAP/fml_loader@4.0.42/net.neoforged.fml.loading.targets.NeoForgeClientDevLaunchHandler.runService(NeoForgeClientDevLaunchHandler.java:23) ~[loader-4.0.42.jar%23130!/:4.0]
	at MC-BOOTSTRAP/fml_loader@4.0.42/net.neoforged.fml.loading.targets.CommonLaunchHandler.lambda$launchService$4(CommonLaunchHandler.java:118) ~[loader-4.0.42.jar%23130!/:4.0]
	at MC-BOOTSTRAP/cpw.mods.modlauncher@11.0.5/cpw.mods.modlauncher.LaunchServiceHandlerDecorator.launch(LaunchServiceHandlerDecorator.java:30) [modlauncher-11.0.5.jar%23112!/:?]
	at MC-BOOTSTRAP/cpw.mods.modlauncher@11.0.5/cpw.mods.modlauncher.LaunchServiceHandler.launch(LaunchServiceHandler.java:53) [modlauncher-11.0.5.jar%23112!/:?]
	at MC-BOOTSTRAP/cpw.mods.modlauncher@11.0.5/cpw.mods.modlauncher.LaunchServiceHandler.launch(LaunchServiceHandler.java:71) [modlauncher-11.0.5.jar%23112!/:?]
	at MC-BOOTSTRAP/cpw.mods.modlauncher@11.0.5/cpw.mods.modlauncher.Launcher.run(Launcher.java:103) [modlauncher-11.0.5.jar%23112!/:?]
	at MC-BOOTSTRAP/cpw.mods.modlauncher@11.0.5/cpw.mods.modlauncher.Launcher.main(Launcher.java:74) [modlauncher-11.0.5.jar%23112!/:?]
	at MC-BOOTSTRAP/cpw.mods.modlauncher@11.0.5/cpw.mods.modlauncher.BootstrapLaunchConsumer.accept(BootstrapLaunchConsumer.java:26) [modlauncher-11.0.5.jar%23112!/:?]
	at MC-BOOTSTRAP/cpw.mods.modlauncher@11.0.5/cpw.mods.modlauncher.BootstrapLaunchConsumer.accept(BootstrapLaunchConsumer.java:23) [modlauncher-11.0.5.jar%23112!/:?]
	at cpw.mods.bootstraplauncher@2.0.2/cpw.mods.bootstraplauncher.BootstrapLauncher.run(BootstrapLauncher.java:210) [bootstraplauncher-2.0.2.jar:?]
	at cpw.mods.bootstraplauncher@2.0.2/cpw.mods.bootstraplauncher.BootstrapLauncher.main(BootstrapLauncher.java:69) [bootstraplauncher-2.0.2.jar:?]
	at java.base/jdk.internal.reflect.DirectMethodHandleAccessor.invoke(DirectMethodHandleAccessor.java:103) ~[?:?]
	at java.base/java.lang.reflect.Method.invoke(Method.java:580) ~[?:?]
	at net.neoforged.devlaunch.Main.main(Main.java:57) [DevLaunch-1.0.2.jar:?]
[02Oct2026 17:45:45.863] [Render thread/WARN] [Iris/]: Failed to resolve uniform endFlashFactor0, reason: Unknown variable: endFlashIntensity ( = BinaryExpr{ {FunctionCall{min {[Id{endFlashIntensity}, Number{0.5}]} }} multiply{0} {Number{2.0}} })
java.lang.RuntimeException: Unknown variable: endFlashIntensity
	at TRANSFORMER/iris@1.8.8+mc1.21.1/kroppeb.stareval.resolver.ExpressionResolver.resolveExpressionInternal(ExpressionResolver.java:225) ~[iris-1.8.8+1.21.1-neoforge-neoforge,1.21.1.jar%23177!/:?]
	at TRANSFORMER/iris@1.8.8+mc1.21.1/kroppeb.stareval.resolver.ExpressionResolver.resolveCallExpressionInternal(ExpressionResolver.java:81) ~[iris-1.8.8+1.21.1-neoforge-neoforge,1.21.1.jar%23177!/:?]
	at TRANSFORMER/iris@1.8.8+mc1.21.1/kroppeb.stareval.resolver.ExpressionResolver.resolveCallExpression(ExpressionResolver.java:111) ~[iris-1.8.8+1.21.1-neoforge-neoforge,1.21.1.jar%23177!/:?]
	at TRANSFORMER/iris@1.8.8+mc1.21.1/kroppeb.stareval.resolver.ExpressionResolver.resolveExpressionInternal(ExpressionResolver.java:196) ~[iris-1.8.8+1.21.1-neoforge-neoforge,1.21.1.jar%23177!/:?]
	at TRANSFORMER/iris@1.8.8+mc1.21.1/kroppeb.stareval.resolver.ExpressionResolver.resolveCallExpressionInternal(ExpressionResolver.java:81) ~[iris-1.8.8+1.21.1-neoforge-neoforge,1.21.1.jar%23177!/:?]
	at TRANSFORMER/iris@1.8.8+mc1.21.1/kroppeb.stareval.resolver.ExpressionResolver.resolveCallExpression(ExpressionResolver.java:111) ~[iris-1.8.8+1.21.1-neoforge-neoforge,1.21.1.jar%23177!/:?]
	at TRANSFORMER/iris@1.8.8+mc1.21.1/kroppeb.stareval.resolver.ExpressionResolver.resolveExpressionInternal(ExpressionResolver.java:192) ~[iris-1.8.8+1.21.1-neoforge-neoforge,1.21.1.jar%23177!/:?]
	at TRANSFORMER/iris@1.8.8+mc1.21.1/kroppeb.stareval.resolver.ExpressionResolver.resolveExpression(ExpressionResolver.java:50) ~[iris-1.8.8+1.21.1-neoforge-neoforge,1.21.1.jar%23177!/:?]
	at TRANSFORMER/iris@1.8.8+mc1.21.1/net.irisshaders.iris.uniforms.custom.CustomUniforms.<init>(CustomUniforms.java:60) ~[iris-1.8.8+1.21.1-neoforge-neoforge,1.21.1.jar%23177!/:?]
	at TRANSFORMER/iris@1.8.8+mc1.21.1/net.irisshaders.iris.uniforms.custom.CustomUniforms$Builder.build(CustomUniforms.java:332) ~[iris-1.8.8+1.21.1-neoforge-neoforge,1.21.1.jar%23177!/:?]
	at TRANSFORMER/iris@1.8.8+mc1.21.1/net.irisshaders.iris.uniforms.custom.CustomUniforms$Builder.build(CustomUniforms.java:343) ~[iris-1.8.8+1.21.1-neoforge-neoforge,1.21.1.jar%23177!/:?]
	at TRANSFORMER/iris@1.8.8+mc1.21.1/net.irisshaders.iris.pipeline.IrisRenderingPipeline.<init>(IrisRenderingPipeline.java:282) ~[iris-1.8.8+1.21.1-neoforge-neoforge,1.21.1.jar%23177!/:?]
	at TRANSFORMER/iris@1.8.8+mc1.21.1/net.irisshaders.iris.Iris.createPipeline(Iris.java:616) ~[iris-1.8.8+1.21.1-neoforge-neoforge,1.21.1.jar%23177!/:?]
	at TRANSFORMER/iris@1.8.8+mc1.21.1/net.irisshaders.iris.pipeline.PipelineManager.preparePipeline(PipelineManager.java:33) ~[iris-1.8.8+1.21.1-neoforge-neoforge,1.21.1.jar%23177!/:?]
	at TRANSFORMER/minecraft@1.21.1/net.minecraft.client.Minecraft.handler$zeo000$iris$resetPipeline(Minecraft.java:5042) ~[neoforge-21.1.219.jar%23172!/:?]
	at TRANSFORMER/minecraft@1.21.1/net.minecraft.client.Minecraft.updateLevelInEngines(Minecraft.java) ~[neoforge-21.1.219.jar%23172!/:?]
	at TRANSFORMER/minecraft@1.21.1/net.minecraft.client.Minecraft.setLevel(Minecraft.java:2117) ~[neoforge-21.1.219.jar%23172!/:?]
	at TRANSFORMER/minecraft@1.21.1/net.minecraft.client.multiplayer.ClientPacketListener.handleLogin(ClientPacketListener.java:421) ~[neoforge-21.1.219.jar%23172!/:?]
	at TRANSFORMER/minecraft@1.21.1/net.minecraft.network.protocol.game.ClientboundLoginPacket.handle(ClientboundLoginPacket.java:67) ~[neoforge-21.1.219.jar%23172!/:?]
	at TRANSFORMER/minecraft@1.21.1/net.minecraft.network.protocol.game.ClientboundLoginPacket.handle(ClientboundLoginPacket.java:14) ~[neoforge-21.1.219.jar%23172!/:?]
	at TRANSFORMER/minecraft@1.21.1/net.minecraft.network.protocol.PacketUtils.lambda$ensureRunningOnSameThread$0(PacketUtils.java:26) ~[neoforge-21.1.219.jar%23172!/:?]
	at TRANSFORMER/minecraft@1.21.1/net.minecraft.util.thread.BlockableEventLoop.doRunTask(BlockableEventLoop.java:148) ~[neoforge-21.1.219.jar%23172!/:?]
	at TRANSFORMER/minecraft@1.21.1/net.minecraft.util.thread.ReentrantBlockableEventLoop.doRunTask(ReentrantBlockableEventLoop.java:24) ~[neoforge-21.1.219.jar%23172!/:?]
	at TRANSFORMER/minecraft@1.21.1/net.minecraft.util.thread.BlockableEventLoop.pollTask(BlockableEventLoop.java:122) ~[neoforge-21.1.219.jar%23172!/:?]
	at TRANSFORMER/minecraft@1.21.1/net.minecraft.util.thread.BlockableEventLoop.runAllTasks(BlockableEventLoop.java:111) ~[neoforge-21.1.219.jar%23172!/:?]
	at TRANSFORMER/minecraft@1.21.1/net.minecraft.client.Minecraft.runTick(Minecraft.java:1155) ~[neoforge-21.1.219.jar%23172!/:?]
	at TRANSFORMER/minecraft@1.21.1/net.minecraft.client.Minecraft.run(Minecraft.java:807) ~[neoforge-21.1.219.jar%23172!/:?]
	at TRANSFORMER/minecraft@1.21.1/net.minecraft.client.main.Main.main(Main.java:230) ~[neoforge-21.1.219.jar%23172!/:?]
	at java.base/jdk.internal.reflect.DirectMethodHandleAccessor.invoke(DirectMethodHandleAccessor.java:103) ~[?:?]
	at java.base/java.lang.reflect.Method.invoke(Method.java:580) ~[?:?]
	at MC-BOOTSTRAP/fml_loader@4.0.42/net.neoforged.fml.loading.targets.CommonLaunchHandler.runTarget(CommonLaunchHandler.java:136) ~[loader-4.0.42.jar%23130!/:4.0]
	at MC-BOOTSTRAP/fml_loader@4.0.42/net.neoforged.fml.loading.targets.CommonLaunchHandler.clientService(CommonLaunchHandler.java:124) ~[loader-4.0.42.jar%23130!/:4.0]
	at MC-BOOTSTRAP/fml_loader@4.0.42/net.neoforged.fml.loading.targets.NeoForgeClientDevLaunchHandler.runService(NeoForgeClientDevLaunchHandler.java:23) ~[loader-4.0.42.jar%23130!/:4.0]
	at MC-BOOTSTRAP/fml_loader@4.0.42/net.neoforged.fml.loading.targets.CommonLaunchHandler.lambda$launchService$4(CommonLaunchHandler.java:118) ~[loader-4.0.42.jar%23130!/:4.0]
	at MC-BOOTSTRAP/cpw.mods.modlauncher@11.0.5/cpw.mods.modlauncher.LaunchServiceHandlerDecorator.launch(LaunchServiceHandlerDecorator.java:30) [modlauncher-11.0.5.jar%23112!/:?]
	at MC-BOOTSTRAP/cpw.mods.modlauncher@11.0.5/cpw.mods.modlauncher.LaunchServiceHandler.launch(LaunchServiceHandler.java:53) [modlauncher-11.0.5.jar%23112!/:?]
	at MC-BOOTSTRAP/cpw.mods.modlauncher@11.0.5/cpw.mods.modlauncher.LaunchServiceHandler.launch(LaunchServiceHandler.java:71) [modlauncher-11.0.5.jar%23112!/:?]
	at MC-BOOTSTRAP/cpw.mods.modlauncher@11.0.5/cpw.mods.modlauncher.Launcher.run(Launcher.java:103) [modlauncher-11.0.5.jar%23112!/:?]
	at MC-BOOTSTRAP/cpw.mods.modlauncher@11.0.5/cpw.mods.modlauncher.Launcher.main(Launcher.java:74) [modlauncher-11.0.5.jar%23112!/:?]
	at MC-BOOTSTRAP/cpw.mods.modlauncher@11.0.5/cpw.mods.modlauncher.BootstrapLaunchConsumer.accept(BootstrapLaunchConsumer.java:26) [modlauncher-11.0.5.jar%23112!/:?]
	at MC-BOOTSTRAP/cpw.mods.modlauncher@11.0.5/cpw.mods.modlauncher.BootstrapLaunchConsumer.accept(BootstrapLaunchConsumer.java:23) [modlauncher-11.0.5.jar%23112!/:?]
	at cpw.mods.bootstraplauncher@2.0.2/cpw.mods.bootstraplauncher.BootstrapLauncher.run(BootstrapLauncher.java:210) [bootstraplauncher-2.0.2.jar:?]
	at cpw.mods.bootstraplauncher@2.0.2/cpw.mods.bootstraplauncher.BootstrapLauncher.main(BootstrapLauncher.java:69) [bootstraplauncher-2.0.2.jar:?]
	at java.base/jdk.internal.reflect.DirectMethodHandleAccessor.invoke(DirectMethodHandleAccessor.java:103) ~[?:?]
	at java.base/java.lang.reflect.Method.invoke(Method.java:580) ~[?:?]
	at net.neoforged.devlaunch.Main.main(Main.java:57) [DevLaunch-1.0.2.jar:?]
[02Oct2026 17:45:45.869] [Render thread/WARN] [Iris/]: The following uniforms won't work, either because they are broken, or reference a broken uniform: 
endFlashFactor1, endFlashIntensityM
[02Oct2026 17:45:46.664] [Render thread/INFO] [ChunkBuilder/]: Started 6 worker threads
[02Oct2026 17:45:46.839] [Render thread/INFO] [net.minecraft.advancements.AdvancementTree/]: Loaded 2 advancements
[02Oct2026 17:45:46.924] [Render thread/INFO] [SuperResolution/]: SR_DIAG glTextureStorage2D texture=86 levels=1 internalFormat=8058 size=854x480 label=ITexture{id=86format=RGBA8width=854height=480}
[02Oct2026 17:45:46.925] [Render thread/INFO] [SuperResolution/]: SR_DIAG glTextureStorage2D texture=87 levels=1 internalFormat=81a6 size=854x480 label=ITexture{id=87format=DEPTH24width=854height=480}
[02Oct2026 17:45:46.962] [Render thread/WARN] [Iris/]: Error while parsing the block ID map entry for "block.10104":
[02Oct2026 17:45:46.963] [Render thread/WARN] [Iris/]: - The block minecraft:stone_slab has no property with the name variant, ignoring!
[02Oct2026 17:45:47.008] [Render thread/INFO] [ChunkBuilder/]: Stopping worker threads
[02Oct2026 17:45:47.032] [Render thread/INFO] [ChunkBuilder/]: Started 6 worker threads
[02Oct2026 17:45:47.221] [Render thread/INFO] [SuperResolution/]: SR_DIAG BEFORE_PASS:deferred1 render=( 5.020E+2  2.820E+2) display=( 8.540E+2  4.800E+2) region-1=( 5.020E+2  2.820E+2) region-2=( 8.540E+2  4.800E+2) viewport=[0,0,854,480] scissor=[0,128,854,256]/false drawFbo=1 readFbo=3 drawBuffer=36064 readBuffer=36064 drawStatus=8cd5
[02Oct2026 17:45:47.224] [Render thread/INFO] [SuperResolution/]: SR_DIAG BEFORE_PASS:deferred1 fbo=1 attachment=8ce0 texture=2 mip=0 size=854x480 internalFormat=8058
[02Oct2026 17:45:47.225] [Render thread/INFO] [SuperResolution/]: SR_DIAG BEFORE_PASS:deferred1 fbo=1 attachment=8d00 texture=3 mip=0 size=854x480 internalFormat=1902
[02Oct2026 17:45:47.236] [Render thread/INFO] [SuperResolution/]: SR_DIAG AFTER_PASS:deferred1 render=( 5.020E+2  2.820E+2) display=( 8.540E+2  4.800E+2) region-1=( 5.020E+2  2.820E+2) region-2=( 8.540E+2  4.800E+2) viewport=[0,0,854,480] scissor=[0,128,854,256]/false drawFbo=12 readFbo=12 drawBuffer=36064 readBuffer=36064 drawStatus=8cd5
[02Oct2026 17:45:47.236] [Render thread/INFO] [SuperResolution/]: SR_DIAG AFTER_PASS:deferred1 fbo=12 attachment=8ce0 texture=49 mip=0 size=854x480 internalFormat=8c3a
[02Oct2026 17:45:47.240] [Render thread/INFO] [SuperResolution/]: SR_DIAG BEFORE_PASS:composite render=( 5.020E+2  2.820E+2) display=( 8.540E+2  4.800E+2) region-1=( 5.020E+2  2.820E+2) region-2=( 8.540E+2  4.800E+2) viewport=[0,0,854,480] scissor=[0,128,854,256]/false drawFbo=1 readFbo=1 drawBuffer=36064 readBuffer=36064 drawStatus=8cd5
[02Oct2026 17:45:47.241] [Render thread/INFO] [SuperResolution/]: SR_DIAG BEFORE_PASS:composite fbo=1 attachment=8ce0 texture=2 mip=0 size=854x480 internalFormat=8058
[02Oct2026 17:45:47.241] [Render thread/INFO] [SuperResolution/]: SR_DIAG BEFORE_PASS:composite fbo=1 attachment=8d00 texture=3 mip=0 size=854x480 internalFormat=1902
[02Oct2026 17:45:47.246] [Render thread/INFO] [SuperResolution/]: SR_DIAG AFTER_PASS:composite render=( 5.020E+2  2.820E+2) display=( 8.540E+2  4.800E+2) region-1=( 5.020E+2  2.820E+2) region-2=( 8.540E+2  4.800E+2) viewport=[0,0,427,240] scissor=[0,128,854,256]/false drawFbo=13 readFbo=13 drawBuffer=36064 readBuffer=36064 drawStatus=8cd5
[02Oct2026 17:45:47.246] [Render thread/INFO] [SuperResolution/]: SR_DIAG AFTER_PASS:composite fbo=13 attachment=8ce0 texture=77 mip=0 size=427x240 internalFormat=881a
[02Oct2026 17:45:47.247] [Render thread/INFO] [SuperResolution/]: SR_DIAG BEFORE_PASS:composite1 render=( 5.020E+2  2.820E+2) display=( 8.540E+2  4.800E+2) region-1=( 5.020E+2  2.820E+2) region-2=( 8.540E+2  4.800E+2) viewport=[0,0,427,240] scissor=[0,128,854,256]/false drawFbo=13 readFbo=13 drawBuffer=36064 readBuffer=36064 drawStatus=8cd5
[02Oct2026 17:45:47.247] [Render thread/INFO] [SuperResolution/]: SR_DIAG BEFORE_PASS:composite1 fbo=13 attachment=8ce0 texture=77 mip=0 size=427x240 internalFormat=881a
[02Oct2026 17:45:47.249] [Render thread/INFO] [SuperResolution/]: SR_DIAG AFTER_PASS:composite1 render=( 5.020E+2  2.820E+2) display=( 8.540E+2  4.800E+2) region-1=( 5.020E+2  2.820E+2) region-2=( 8.540E+2  4.800E+2) viewport=[0,0,854,480] scissor=[0,128,854,256]/false drawFbo=14 readFbo=14 drawBuffer=36064 readBuffer=36064 drawStatus=8cd5
[02Oct2026 17:45:47.250] [Render thread/INFO] [SuperResolution/]: SR_DIAG AFTER_PASS:composite1 fbo=14 attachment=8ce0 texture=48 mip=0 size=854x480 internalFormat=8c3a
[02Oct2026 17:45:47.251] [Render thread/INFO] [SuperResolution/]: SR_DIAG BEFORE_PASS:composite3 render=( 5.020E+2  2.820E+2) display=( 8.540E+2  4.800E+2) region-1=( 5.020E+2  2.820E+2) region-2=( 8.540E+2  4.800E+2) viewport=[0,0,854,480] scissor=[0,128,854,256]/false drawFbo=14 readFbo=14 drawBuffer=36064 readBuffer=36064 drawStatus=8cd5
[02Oct2026 17:45:47.251] [Render thread/INFO] [SuperResolution/]: SR_DIAG BEFORE_PASS:composite3 fbo=14 attachment=8ce0 texture=48 mip=0 size=854x480 internalFormat=8c3a
[02Oct2026 17:45:47.252] [Render thread/INFO] [SuperResolution/]: SR_DIAG AFTER_PASS:composite3 render=( 5.020E+2  2.820E+2) display=( 8.540E+2  4.800E+2) region-1=( 5.020E+2  2.820E+2) region-2=( 8.540E+2  4.800E+2) viewport=[0,0,854,480] scissor=[0,128,854,256]/false drawFbo=15 readFbo=15 drawBuffer=36064 readBuffer=36064 drawStatus=8cd5
[02Oct2026 17:45:47.252] [Render thread/INFO] [SuperResolution/]: SR_DIAG AFTER_PASS:composite3 fbo=15 attachment=8ce0 texture=49 mip=0 size=854x480 internalFormat=8c3a
[02Oct2026 17:45:47.254] [Render thread/INFO] [SuperResolution/]: SR_DIAG BEFORE_PASS:composite4 render=( 5.020E+2  2.820E+2) display=( 8.540E+2  4.800E+2) region-1=( 5.020E+2  2.820E+2) region-2=( 8.540E+2  4.800E+2) viewport=[0,0,854,480] scissor=[0,128,854,256]/false drawFbo=15 readFbo=15 drawBuffer=36064 readBuffer=36064 drawStatus=8cd5
[02Oct2026 17:45:47.254] [Render thread/INFO] [SuperResolution/]: SR_DIAG BEFORE_PASS:composite4 fbo=15 attachment=8ce0 texture=49 mip=0 size=854x480 internalFormat=8c3a
[02Oct2026 17:45:47.259] [Render thread/INFO] [SuperResolution/]: SR_DIAG AFTER_PASS:composite4 render=( 5.020E+2  2.820E+2) display=( 8.540E+2  4.800E+2) region-1=( 5.020E+2  2.820E+2) region-2=( 8.540E+2  4.800E+2) viewport=[0,0,854,480] scissor=[0,128,854,256]/false drawFbo=16 readFbo=16 drawBuffer=36064 readBuffer=36064 drawStatus=8cd5
[02Oct2026 17:45:47.259] [Render thread/INFO] [SuperResolution/]: SR_DIAG AFTER_PASS:composite4 fbo=16 attachment=8ce0 texture=64 mip=0 size=854x480 internalFormat=881a
[02Oct2026 17:45:47.259] [Render thread/INFO] [SuperResolution/]: SR_DIAG BEFORE_PASS:composite5 render=( 5.020E+2  2.820E+2) display=( 8.540E+2  4.800E+2) region-1=( 5.020E+2  2.820E+2) region-2=( 8.540E+2  4.800E+2) viewport=[0,0,854,480] scissor=[0,128,854,256]/false drawFbo=16 readFbo=16 drawBuffer=36064 readBuffer=36064 drawStatus=8cd5
[02Oct2026 17:45:47.260] [Render thread/INFO] [SuperResolution/]: SR_DIAG BEFORE_PASS:composite5 fbo=16 attachment=8ce0 texture=64 mip=0 size=854x480 internalFormat=881a
[02Oct2026 17:45:47.261] [Render thread/INFO] [SuperResolution/]: SR_DIAG AFTER_PASS:composite5 render=( 5.020E+2  2.820E+2) display=( 8.540E+2  4.800E+2) region-1=( 5.020E+2  2.820E+2) region-2=( 8.540E+2  4.800E+2) viewport=[0,0,854,480] scissor=[0,128,854,256]/false drawFbo=17 readFbo=17 drawBuffer=36064 readBuffer=36064 drawStatus=8cd5
[02Oct2026 17:45:47.261] [Render thread/INFO] [SuperResolution/]: SR_DIAG AFTER_PASS:composite5 fbo=17 attachment=8ce0 texture=63 mip=0 size=854x480 internalFormat=881a
[02Oct2026 17:45:47.261] [Render thread/INFO] [SuperResolution/]: SR_DIAG BEFORE_PASS:composite6 render=( 5.020E+2  2.820E+2) display=( 8.540E+2  4.800E+2) region-1=( 5.020E+2  2.820E+2) region-2=( 8.540E+2  4.800E+2) viewport=[0,0,854,480] scissor=[0,128,854,256]/false drawFbo=17 readFbo=17 drawBuffer=36064 readBuffer=36064 drawStatus=8cd5
[02Oct2026 17:45:47.261] [Render thread/INFO] [SuperResolution/]: SR_DIAG BEFORE_PASS:composite6 fbo=17 attachment=8ce0 texture=63 mip=0 size=854x480 internalFormat=881a
[02Oct2026 17:45:47.267] [Render thread/INFO] [SuperResolution/]: SR_DIAG AFTER_PASS:composite6 render=( 5.020E+2  2.820E+2) display=( 8.540E+2  4.800E+2) region-1=( 5.020E+2  2.820E+2) region-2=( 8.540E+2  4.800E+2) viewport=[0,0,854,480] scissor=[0,128,854,256]/false drawFbo=18 readFbo=18 drawBuffer=36064 readBuffer=36064 drawStatus=8cd5
[02Oct2026 17:45:47.267] [Render thread/INFO] [SuperResolution/]: SR_DIAG AFTER_PASS:composite6 fbo=18 attachment=8ce0 texture=64 mip=0 size=854x480 internalFormat=881a
[02Oct2026 17:45:47.268] [Render thread/INFO] [SuperResolution/]: SR_DIAG BEFORE_PASS:composite7 render=( 5.020E+2  2.820E+2) display=( 8.540E+2  4.800E+2) region-1=( 5.020E+2  2.820E+2) region-2=( 8.540E+2  4.800E+2) viewport=[0,0,854,480] scissor=[0,128,854,256]/false drawFbo=18 readFbo=18 drawBuffer=36064 readBuffer=36064 drawStatus=8cd5
[02Oct2026 17:45:47.268] [Render thread/INFO] [SuperResolution/]: SR_DIAG BEFORE_PASS:composite7 fbo=18 attachment=8ce0 texture=64 mip=0 size=854x480 internalFormat=881a
[02Oct2026 17:45:47.269] [Render thread/INFO] [SuperResolution/]: SR_DIAG BEFORE_SR render=( 5.020E+2  2.820E+2) display=( 8.540E+2  4.800E+2) region-1=( 5.020E+2  2.820E+2) region-2=( 8.540E+2  4.800E+2) viewport=[0,0,854,480] scissor=[0,128,854,256]/false drawFbo=18 readFbo=18 drawBuffer=36064 readBuffer=36064 drawStatus=8cd5
[02Oct2026 17:45:47.269] [Render thread/INFO] [SuperResolution/]: SR_DIAG BEFORE_SR fbo=18 attachment=8ce0 texture=64 mip=0 size=854x480 internalFormat=881a
[02Oct2026 17:45:47.277] [Render thread/INFO] [SuperResolution/]: SR_DIAG glTextureStorage2D texture=92 levels=1 internalFormat=881a size=502x282 label=SRIrisCompatInternalTexture-autotex3
[02Oct2026 17:45:47.280] [Render thread/INFO] [SuperResolution/]: SR_DIAG glTextureStorage2D texture=94 levels=1 internalFormat=81a6 size=502x282 label=SRIrisCompatInternalTexture-depthtex
[02Oct2026 17:45:47.282] [Render thread/INFO] [SuperResolution/]: SR_DIAG glTextureStorage2D texture=95 levels=1 internalFormat=881a size=502x282 label=SRIrisCompatInternalTexture-autotex2
[02Oct2026 17:45:47.288] [Render thread/INFO] [SuperResolution/]: SR_DIAG texture color id=64 size=854x480 format=RGBA16F target/type=Texture2D glInternalFormat=881a
[02Oct2026 17:45:47.289] [Render thread/INFO] [SuperResolution/]: SR_DIAG texture depth id=3 size=854x480 format=DEPTH24 target/type=Texture2D glInternalFormat=1902
[02Oct2026 17:45:47.289] [Render thread/INFO] [SuperResolution/]: SR_DIAG depth depth id=3 bits=24 componentType=8c17
[02Oct2026 17:45:47.289] [Render thread/INFO] [SuperResolution/]: SR_DIAG texture motion_vectors id=83 size=854x480 format=RGBA16F target/type=Texture2D glInternalFormat=881a
[02Oct2026 17:45:47.289] [Render thread/INFO] [SuperResolution/]: SR_DIAG texture algorithm_color id=92 size=502x282 format=RGBA16F target/type=Texture2D glInternalFormat=881a
[02Oct2026 17:45:47.291] [Render thread/INFO] [SuperResolution/]: SR_DIAG texture algorithm_depth id=94 size=502x282 format=DEPTH24 target/type=Texture2D glInternalFormat=81a6
[02Oct2026 17:45:47.291] [Render thread/INFO] [SuperResolution/]: SR_DIAG depth algorithm_depth id=94 bits=24 componentType=8c17
[02Oct2026 17:45:47.292] [Render thread/INFO] [SuperResolution/]: SR_DIAG texture algorithm_motion_vectors id=95 size=502x282 format=RGBA16F target/type=Texture2D glInternalFormat=881a
[02Oct2026 17:45:47.322] [Render thread/INFO] [SuperResolution/]: SR_DIAG texture SR_output id=85 size=854x480 format=RGBA16F target/type=Texture2D glInternalFormat=881a
[02Oct2026 17:45:47.322] [Render thread/INFO] [SuperResolution/]: SR_DIAG texture autotex3/output_target id=64 size=854x480 format=RGBA16F target/type=Texture2D glInternalFormat=881a
[02Oct2026 17:45:47.323] [Render thread/INFO] [SuperResolution/]: SR_DIAG AFTER_SR render=( 5.020E+2  2.820E+2) display=( 8.540E+2  4.800E+2) region-1=( 5.020E+2  2.820E+2) region-2=( 8.540E+2  4.800E+2) viewport=[0,0,854,480] scissor=[0,128,854,256]/false drawFbo=18 readFbo=18 drawBuffer=36064 readBuffer=36064 drawStatus=8cd5
[02Oct2026 17:45:47.323] [Render thread/INFO] [SuperResolution/]: SR_DIAG AFTER_SR fbo=18 attachment=8ce0 texture=64 mip=0 size=854x480 internalFormat=881a
[02Oct2026 17:45:47.324] [Render thread/INFO] [SuperResolution/]: SR_DIAG AFTER_PASS:composite7 render=( 5.020E+2  2.820E+2) display=( 8.540E+2  4.800E+2) region-1=( 5.020E+2  2.820E+2) region-2=( 8.540E+2  4.800E+2) viewport=[0,0,854,480] scissor=[0,128,854,256]/false drawFbo=19 readFbo=19 drawBuffer=36064 readBuffer=36064 drawStatus=8cd5
[02Oct2026 17:45:47.324] [Render thread/INFO] [SuperResolution/]: SR_DIAG AFTER_PASS:composite7 fbo=19 attachment=8ce0 texture=63 mip=0 size=854x480 internalFormat=881a
[02Oct2026 17:45:47.326] [Render thread/INFO] [SuperResolution/]: SR_DIAG FINAL_PIPELINE render=( 5.020E+2  2.820E+2) display=( 8.540E+2  4.800E+2) region-1=( 5.020E+2  2.820E+2) region-2=( 8.540E+2  4.800E+2) viewport=[0,0,854,480] scissor=[0,128,854,256]/false drawFbo=1 readFbo=1 drawBuffer=36064 readBuffer=36064 drawStatus=8cd5
[02Oct2026 17:45:47.326] [Render thread/INFO] [SuperResolution/]: SR_DIAG FINAL_PIPELINE fbo=1 attachment=8ce0 texture=2 mip=0 size=854x480 internalFormat=8058
[02Oct2026 17:45:47.326] [Render thread/INFO] [SuperResolution/]: SR_DIAG FINAL_PIPELINE fbo=1 attachment=8d00 texture=3 mip=0 size=854x480 internalFormat=1902
[02Oct2026 17:45:47.612] [Server thread/INFO] [net.minecraft.client.server.IntegratedServer/]: Saving and pausing game...
[02Oct2026 17:45:47.649] [Server thread/INFO] [net.minecraft.server.MinecraftServer/]: Saving chunks for level 'ServerLevel[New Worldsdfsdf]'/minecraft:overworld
[02Oct2026 17:45:47.684] [Server thread/INFO] [net.minecraft.server.MinecraftServer/]: Saving chunks for level 'ServerLevel[New Worldsdfsdf]'/minecraft:the_end
[02Oct2026 17:45:47.686] [Server thread/INFO] [net.minecraft.server.MinecraftServer/]: Saving chunks for level 'ServerLevel[New Worldsdfsdf]'/minecraft:the_nether
[02Oct2026 17:45:57.222] [Render thread/INFO] [SuperResolution/]: SR_DIAG BEFORE_PASS:deferred1 render=( 5.020E+2  2.820E+2) display=( 8.540E+2  4.800E+2) region-1=( 5.020E+2  2.820E+2) region-2=( 8.540E+2  4.800E+2) viewport=[0,0,854,480] scissor=[0,128,854,256]/false drawFbo=1 readFbo=1 drawBuffer=36064 readBuffer=36064 drawStatus=8cd5
[02Oct2026 17:45:57.222] [Render thread/INFO] [SuperResolution/]: SR_DIAG BEFORE_PASS:deferred1 fbo=1 attachment=8ce0 texture=2 mip=0 size=854x480 internalFormat=8058
[02Oct2026 17:45:57.222] [Render thread/INFO] [SuperResolution/]: SR_DIAG BEFORE_PASS:deferred1 fbo=1 attachment=8d00 texture=3 mip=0 size=854x480 internalFormat=1902
[02Oct2026 17:45:57.238] [Render thread/INFO] [SuperResolution/]: SR_DIAG AFTER_PASS:deferred1 render=( 5.020E+2  2.820E+2) display=( 8.540E+2  4.800E+2) region-1=( 5.020E+2  2.820E+2) region-2=( 8.540E+2  4.800E+2) viewport=[0,0,854,480] scissor=[0,128,854,256]/false drawFbo=12 readFbo=12 drawBuffer=36064 readBuffer=36064 drawStatus=8cd5
[02Oct2026 17:45:57.238] [Render thread/INFO] [SuperResolution/]: SR_DIAG AFTER_PASS:deferred1 fbo=12 attachment=8ce0 texture=49 mip=0 size=854x480 internalFormat=8c3a
[02Oct2026 17:45:57.306] [Render thread/INFO] [SuperResolution/]: SR_DIAG BEFORE_PASS:composite render=( 5.020E+2  2.820E+2) display=( 8.540E+2  4.800E+2) region-1=( 5.020E+2  2.820E+2) region-2=( 8.540E+2  4.800E+2) viewport=[0,0,854,480] scissor=[0,128,854,256]/false drawFbo=1 readFbo=1 drawBuffer=36064 readBuffer=36064 drawStatus=8cd5
[02Oct2026 17:45:57.307] [Render thread/INFO] [SuperResolution/]: SR_DIAG BEFORE_PASS:composite fbo=1 attachment=8ce0 texture=2 mip=0 size=854x480 internalFormat=8058
[02Oct2026 17:45:57.307] [Render thread/INFO] [SuperResolution/]: SR_DIAG BEFORE_PASS:composite fbo=1 attachment=8d00 texture=3 mip=0 size=854x480 internalFormat=1902
[02Oct2026 17:45:57.308] [Render thread/INFO] [SuperResolution/]: SR_DIAG AFTER_PASS:composite render=( 5.020E+2  2.820E+2) display=( 8.540E+2  4.800E+2) region-1=( 5.020E+2  2.820E+2) region-2=( 8.540E+2  4.800E+2) viewport=[0,0,427,240] scissor=[0,128,854,256]/false drawFbo=13 readFbo=13 drawBuffer=36064 readBuffer=36064 drawStatus=8cd5
[02Oct2026 17:45:57.308] [Render thread/INFO] [SuperResolution/]: SR_DIAG AFTER_PASS:composite fbo=13 attachment=8ce0 texture=77 mip=0 size=427x240 internalFormat=881a
[02Oct2026 17:45:57.308] [Render thread/INFO] [SuperResolution/]: SR_DIAG BEFORE_PASS:composite1 render=( 5.020E+2  2.820E+2) display=( 8.540E+2  4.800E+2) region-1=( 5.020E+2  2.820E+2) region-2=( 8.540E+2  4.800E+2) viewport=[0,0,427,240] scissor=[0,128,854,256]/false drawFbo=13 readFbo=13 drawBuffer=36064 readBuffer=36064 drawStatus=8cd5
[02Oct2026 17:45:57.308] [Render thread/INFO] [SuperResolution/]: SR_DIAG BEFORE_PASS:composite1 fbo=13 attachment=8ce0 texture=77 mip=0 size=427x240 internalFormat=881a
[02Oct2026 17:45:57.308] [Render thread/INFO] [SuperResolution/]: SR_DIAG AFTER_PASS:composite1 render=( 5.020E+2  2.820E+2) display=( 8.540E+2  4.800E+2) region-1=( 5.020E+2  2.820E+2) region-2=( 8.540E+2  4.800E+2) viewport=[0,0,854,480] scissor=[0,128,854,256]/false drawFbo=14 readFbo=14 drawBuffer=36064 readBuffer=36064 drawStatus=8cd5
[02Oct2026 17:45:57.308] [Render thread/INFO] [SuperResolution/]: SR_DIAG AFTER_PASS:composite1 fbo=14 attachment=8ce0 texture=48 mip=0 size=854x480 internalFormat=8c3a
[02Oct2026 17:45:57.308] [Render thread/INFO] [SuperResolution/]: SR_DIAG BEFORE_PASS:composite3 render=( 5.020E+2  2.820E+2) display=( 8.540E+2  4.800E+2) region-1=( 5.020E+2  2.820E+2) region-2=( 8.540E+2  4.800E+2) viewport=[0,0,854,480] scissor=[0,128,854,256]/false drawFbo=14 readFbo=14 drawBuffer=36064 readBuffer=36064 drawStatus=8cd5
[02Oct2026 17:45:57.308] [Render thread/INFO] [SuperResolution/]: SR_DIAG BEFORE_PASS:composite3 fbo=14 attachment=8ce0 texture=48 mip=0 size=854x480 internalFormat=8c3a
[02Oct2026 17:45:57.308] [Render thread/INFO] [SuperResolution/]: SR_DIAG AFTER_PASS:composite3 render=( 5.020E+2  2.820E+2) display=( 8.540E+2  4.800E+2) region-1=( 5.020E+2  2.820E+2) region-2=( 8.540E+2  4.800E+2) viewport=[0,0,854,480] scissor=[0,128,854,256]/false drawFbo=15 readFbo=15 drawBuffer=36064 readBuffer=36064 drawStatus=8cd5
[02Oct2026 17:45:57.308] [Render thread/INFO] [SuperResolution/]: SR_DIAG AFTER_PASS:composite3 fbo=15 attachment=8ce0 texture=49 mip=0 size=854x480 internalFormat=8c3a
[02Oct2026 17:45:57.308] [Render thread/INFO] [SuperResolution/]: SR_DIAG BEFORE_PASS:composite4 render=( 5.020E+2  2.820E+2) display=( 8.540E+2  4.800E+2) region-1=( 5.020E+2  2.820E+2) region-2=( 8.540E+2  4.800E+2) viewport=[0,0,854,480] scissor=[0,128,854,256]/false drawFbo=15 readFbo=15 drawBuffer=36064 readBuffer=36064 drawStatus=8cd5
[02Oct2026 17:45:57.309] [Render thread/INFO] [SuperResolution/]: SR_DIAG BEFORE_PASS:composite4 fbo=15 attachment=8ce0 texture=49 mip=0 size=854x480 internalFormat=8c3a
[02Oct2026 17:45:57.309] [Render thread/INFO] [SuperResolution/]: SR_DIAG AFTER_PASS:composite4 render=( 5.020E+2  2.820E+2) display=( 8.540E+2  4.800E+2) region-1=( 5.020E+2  2.820E+2) region-2=( 8.540E+2  4.800E+2) viewport=[0,0,854,480] scissor=[0,128,854,256]/false drawFbo=16 readFbo=16 drawBuffer=36064 readBuffer=36064 drawStatus=8cd5
[02Oct2026 17:45:57.309] [Render thread/INFO] [SuperResolution/]: SR_DIAG AFTER_PASS:composite4 fbo=16 attachment=8ce0 texture=64 mip=0 size=854x480 internalFormat=881a
[02Oct2026 17:45:57.309] [Render thread/INFO] [SuperResolution/]: SR_DIAG BEFORE_PASS:composite5 render=( 5.020E+2  2.820E+2) display=( 8.540E+2  4.800E+2) region-1=( 5.020E+2  2.820E+2) region-2=( 8.540E+2  4.800E+2) viewport=[0,0,854,480] scissor=[0,128,854,256]/false drawFbo=16 readFbo=16 drawBuffer=36064 readBuffer=36064 drawStatus=8cd5
[02Oct2026 17:45:57.309] [Render thread/INFO] [SuperResolution/]: SR_DIAG BEFORE_PASS:composite5 fbo=16 attachment=8ce0 texture=64 mip=0 size=854x480 internalFormat=881a
[02Oct2026 17:45:57.309] [Render thread/INFO] [SuperResolution/]: SR_DIAG AFTER_PASS:composite5 render=( 5.020E+2  2.820E+2) display=( 8.540E+2  4.800E+2) region-1=( 5.020E+2  2.820E+2) region-2=( 8.540E+2  4.800E+2) viewport=[0,0,854,480] scissor=[0,128,854,256]/false drawFbo=17 readFbo=17 drawBuffer=36064 readBuffer=36064 drawStatus=8cd5
[02Oct2026 17:45:57.311] [Render thread/INFO] [SuperResolution/]: SR_DIAG AFTER_PASS:composite5 fbo=17 attachment=8ce0 texture=63 mip=0 size=854x480 internalFormat=881a
[02Oct2026 17:45:57.311] [Render thread/INFO] [SuperResolution/]: SR_DIAG BEFORE_PASS:composite6 render=( 5.020E+2  2.820E+2) display=( 8.540E+2  4.800E+2) region-1=( 5.020E+2  2.820E+2) region-2=( 8.540E+2  4.800E+2) viewport=[0,0,854,480] scissor=[0,128,854,256]/false drawFbo=17 readFbo=17 drawBuffer=36064 readBuffer=36064 drawStatus=8cd5
[02Oct2026 17:45:57.311] [Render thread/INFO] [SuperResolution/]: SR_DIAG BEFORE_PASS:composite6 fbo=17 attachment=8ce0 texture=63 mip=0 size=854x480 internalFormat=881a
[02Oct2026 17:45:57.311] [Render thread/INFO] [SuperResolution/]: SR_DIAG AFTER_PASS:composite6 render=( 5.020E+2  2.820E+2) display=( 8.540E+2  4.800E+2) region-1=( 5.020E+2  2.820E+2) region-2=( 8.540E+2  4.800E+2) viewport=[0,0,854,480] scissor=[0,128,854,256]/false drawFbo=18 readFbo=18 drawBuffer=36064 readBuffer=36064 drawStatus=8cd5
[02Oct2026 17:45:57.311] [Render thread/INFO] [SuperResolution/]: SR_DIAG AFTER_PASS:composite6 fbo=18 attachment=8ce0 texture=64 mip=0 size=854x480 internalFormat=881a
[02Oct2026 17:45:57.312] [Render thread/INFO] [SuperResolution/]: SR_DIAG BEFORE_PASS:composite7 render=( 5.020E+2  2.820E+2) display=( 8.540E+2  4.800E+2) region-1=( 5.020E+2  2.820E+2) region-2=( 8.540E+2  4.800E+2) viewport=[0,0,854,480] scissor=[0,128,854,256]/false drawFbo=18 readFbo=18 drawBuffer=36064 readBuffer=36064 drawStatus=8cd5
[02Oct2026 17:45:57.312] [Render thread/INFO] [SuperResolution/]: SR_DIAG BEFORE_PASS:composite7 fbo=18 attachment=8ce0 texture=64 mip=0 size=854x480 internalFormat=881a
[02Oct2026 17:45:57.312] [Render thread/INFO] [SuperResolution/]: SR_DIAG BEFORE_SR render=( 5.020E+2  2.820E+2) display=( 8.540E+2  4.800E+2) region-1=( 5.020E+2  2.820E+2) region-2=( 8.540E+2  4.800E+2) viewport=[0,0,854,480] scissor=[0,128,854,256]/false drawFbo=18 readFbo=18 drawBuffer=36064 readBuffer=36064 drawStatus=8cd5
[02Oct2026 17:45:57.312] [Render thread/INFO] [SuperResolution/]: SR_DIAG BEFORE_SR fbo=18 attachment=8ce0 texture=64 mip=0 size=854x480 internalFormat=881a
[02Oct2026 17:45:57.312] [Render thread/INFO] [SuperResolution/]: SR_DIAG texture color id=64 size=854x480 format=RGBA16F target/type=Texture2D glInternalFormat=881a
[02Oct2026 17:45:57.312] [Render thread/INFO] [SuperResolution/]: SR_DIAG texture depth id=3 size=854x480 format=DEPTH24 target/type=Texture2D glInternalFormat=1902
[02Oct2026 17:45:57.313] [Render thread/INFO] [SuperResolution/]: SR_DIAG depth depth id=3 bits=24 componentType=8c17
[02Oct2026 17:45:57.313] [Render thread/INFO] [SuperResolution/]: SR_DIAG texture motion_vectors id=83 size=854x480 format=RGBA16F target/type=Texture2D glInternalFormat=881a
[02Oct2026 17:45:57.313] [Render thread/INFO] [SuperResolution/]: SR_DIAG texture algorithm_color id=92 size=502x282 format=RGBA16F target/type=Texture2D glInternalFormat=881a
[02Oct2026 17:45:57.313] [Render thread/INFO] [SuperResolution/]: SR_DIAG texture algorithm_depth id=94 size=502x282 format=DEPTH24 target/type=Texture2D glInternalFormat=81a6
[02Oct2026 17:45:57.313] [Render thread/INFO] [SuperResolution/]: SR_DIAG depth algorithm_depth id=94 bits=24 componentType=8c17
[02Oct2026 17:45:57.314] [Render thread/INFO] [SuperResolution/]: SR_DIAG texture algorithm_motion_vectors id=95 size=502x282 format=RGBA16F target/type=Texture2D glInternalFormat=881a
[02Oct2026 17:45:57.326] [Render thread/INFO] [SuperResolution/]: SR_DIAG texture SR_output id=85 size=854x480 format=RGBA16F target/type=Texture2D glInternalFormat=881a
[02Oct2026 17:45:57.326] [Render thread/INFO] [SuperResolution/]: SR_DIAG texture autotex3/output_target id=64 size=854x480 format=RGBA16F target/type=Texture2D glInternalFormat=881a
[02Oct2026 17:45:57.327] [Render thread/INFO] [SuperResolution/]: SR_DIAG AFTER_SR render=( 5.020E+2  2.820E+2) display=( 8.540E+2  4.800E+2) region-1=( 5.020E+2  2.820E+2) region-2=( 8.540E+2  4.800E+2) viewport=[0,0,854,480] scissor=[0,128,854,256]/false drawFbo=18 readFbo=18 drawBuffer=36064 readBuffer=36064 drawStatus=8cd5
[02Oct2026 17:45:57.327] [Render thread/INFO] [SuperResolution/]: SR_DIAG AFTER_SR fbo=18 attachment=8ce0 texture=64 mip=0 size=854x480 internalFormat=881a
[02Oct2026 17:45:57.327] [Render thread/INFO] [SuperResolution/]: SR_DIAG AFTER_PASS:composite7 render=( 5.020E+2  2.820E+2) display=( 8.540E+2  4.800E+2) region-1=( 5.020E+2  2.820E+2) region-2=( 8.540E+2  4.800E+2) viewport=[0,0,854,480] scissor=[0,128,854,256]/false drawFbo=19 readFbo=19 drawBuffer=36064 readBuffer=36064 drawStatus=8cd5
[02Oct2026 17:45:57.327] [Render thread/INFO] [SuperResolution/]: SR_DIAG AFTER_PASS:composite7 fbo=19 attachment=8ce0 texture=63 mip=0 size=854x480 internalFormat=881a
[02Oct2026 17:45:57.327] [Render thread/INFO] [SuperResolution/]: SR_DIAG FINAL_PIPELINE render=( 5.020E+2  2.820E+2) display=( 8.540E+2  4.800E+2) region-1=( 5.020E+2  2.820E+2) region-2=( 8.540E+2  4.800E+2) viewport=[0,0,854,480] scissor=[0,128,854,256]/false drawFbo=1 readFbo=1 drawBuffer=36064 readBuffer=36064 drawStatus=8cd5
[02Oct2026 17:45:57.329] [Render thread/INFO] [SuperResolution/]: SR_DIAG FINAL_PIPELINE fbo=1 attachment=8ce0 texture=2 mip=0 size=854x480 internalFormat=8058
[02Oct2026 17:45:57.329] [Render thread/INFO] [SuperResolution/]: SR_DIAG FINAL_PIPELINE fbo=1 attachment=8d00 texture=3 mip=0 size=854x480 internalFormat=1902
[02Oct2026 17:46:07.301] [Render thread/INFO] [SuperResolution/]: SR_DIAG BEFORE_PASS:deferred1 render=( 5.020E+2  2.820E+2) display=( 8.540E+2  4.800E+2) region-1=( 5.020E+2  2.820E+2) region-2=( 8.540E+2  4.800E+2) viewport=[0,0,854,480] scissor=[0,128,854,256]/false drawFbo=1 readFbo=1 drawBuffer=36064 readBuffer=36064 drawStatus=8cd5
[02Oct2026 17:46:07.301] [Render thread/INFO] [SuperResolution/]: SR_DIAG BEFORE_PASS:deferred1 fbo=1 attachment=8ce0 texture=2 mip=0 size=854x480 internalFormat=8058
[02Oct2026 17:46:07.301] [Render thread/INFO] [SuperResolution/]: SR_DIAG BEFORE_PASS:deferred1 fbo=1 attachment=8d00 texture=3 mip=0 size=854x480 internalFormat=1902
[02Oct2026 17:46:07.302] [Render thread/INFO] [SuperResolution/]: SR_DIAG AFTER_PASS:deferred1 render=( 5.020E+2  2.820E+2) display=( 8.540E+2  4.800E+2) region-1=( 5.020E+2  2.820E+2) region-2=( 8.540E+2  4.800E+2) viewport=[0,0,854,480] scissor=[0,128,854,256]/false drawFbo=12 readFbo=12 drawBuffer=36064 readBuffer=36064 drawStatus=8cd5
[02Oct2026 17:46:07.302] [Render thread/INFO] [SuperResolution/]: SR_DIAG AFTER_PASS:deferred1 fbo=12 attachment=8ce0 texture=49 mip=0 size=854x480 internalFormat=8c3a
[02Oct2026 17:46:07.314] [Render thread/INFO] [SuperResolution/]: SR_DIAG BEFORE_PASS:composite render=( 5.020E+2  2.820E+2) display=( 8.540E+2  4.800E+2) region-1=( 5.020E+2  2.820E+2) region-2=( 8.540E+2  4.800E+2) viewport=[0,0,854,480] scissor=[0,128,854,256]/false drawFbo=1 readFbo=1 drawBuffer=36064 readBuffer=36064 drawStatus=8cd5
[02Oct2026 17:46:07.315] [Render thread/INFO] [SuperResolution/]: SR_DIAG BEFORE_PASS:composite fbo=1 attachment=8ce0 texture=2 mip=0 size=854x480 internalFormat=8058
[02Oct2026 17:46:07.315] [Render thread/INFO] [SuperResolution/]: SR_DIAG BEFORE_PASS:composite fbo=1 attachment=8d00 texture=3 mip=0 size=854x480 internalFormat=1902
[02Oct2026 17:46:07.316] [Render thread/INFO] [SuperResolution/]: SR_DIAG AFTER_PASS:composite render=( 5.020E+2  2.820E+2) display=( 8.540E+2  4.800E+2) region-1=( 5.020E+2  2.820E+2) region-2=( 8.540E+2  4.800E+2) viewport=[0,0,427,240] scissor=[0,128,854,256]/false drawFbo=13 readFbo=13 drawBuffer=36064 readBuffer=36064 drawStatus=8cd5
[02Oct2026 17:46:07.316] [Render thread/INFO] [SuperResolution/]: SR_DIAG AFTER_PASS:composite fbo=13 attachment=8ce0 texture=77 mip=0 size=427x240 internalFormat=881a
[02Oct2026 17:46:07.316] [Render thread/INFO] [SuperResolution/]: SR_DIAG BEFORE_PASS:composite1 render=( 5.020E+2  2.820E+2) display=( 8.540E+2  4.800E+2) region-1=( 5.020E+2  2.820E+2) region-2=( 8.540E+2  4.800E+2) viewport=[0,0,427,240] scissor=[0,128,854,256]/false drawFbo=13 readFbo=13 drawBuffer=36064 readBuffer=36064 drawStatus=8cd5
[02Oct2026 17:46:07.316] [Render thread/INFO] [SuperResolution/]: SR_DIAG BEFORE_PASS:composite1 fbo=13 attachment=8ce0 texture=77 mip=0 size=427x240 internalFormat=881a
[02Oct2026 17:46:07.317] [Render thread/INFO] [SuperResolution/]: SR_DIAG AFTER_PASS:composite1 render=( 5.020E+2  2.820E+2) display=( 8.540E+2  4.800E+2) region-1=( 5.020E+2  2.820E+2) region-2=( 8.540E+2  4.800E+2) viewport=[0,0,854,480] scissor=[0,128,854,256]/false drawFbo=14 readFbo=14 drawBuffer=36064 readBuffer=36064 drawStatus=8cd5
[02Oct2026 17:46:07.317] [Render thread/INFO] [SuperResolution/]: SR_DIAG AFTER_PASS:composite1 fbo=14 attachment=8ce0 texture=48 mip=0 size=854x480 internalFormat=8c3a
[02Oct2026 17:46:07.318] [Render thread/INFO] [SuperResolution/]: SR_DIAG BEFORE_PASS:composite3 render=( 5.020E+2  2.820E+2) display=( 8.540E+2  4.800E+2) region-1=( 5.020E+2  2.820E+2) region-2=( 8.540E+2  4.800E+2) viewport=[0,0,854,480] scissor=[0,128,854,256]/false drawFbo=14 readFbo=14 drawBuffer=36064 readBuffer=36064 drawStatus=8cd5
[02Oct2026 17:46:07.318] [Render thread/INFO] [SuperResolution/]: SR_DIAG BEFORE_PASS:composite3 fbo=14 attachment=8ce0 texture=48 mip=0 size=854x480 internalFormat=8c3a
[02Oct2026 17:46:07.318] [Render thread/INFO] [SuperResolution/]: SR_DIAG AFTER_PASS:composite3 render=( 5.020E+2  2.820E+2) display=( 8.540E+2  4.800E+2) region-1=( 5.020E+2  2.820E+2) region-2=( 8.540E+2  4.800E+2) viewport=[0,0,854,480] scissor=[0,128,854,256]/false drawFbo=15 readFbo=15 drawBuffer=36064 readBuffer=36064 drawStatus=8cd5
[02Oct2026 17:46:07.318] [Render thread/INFO] [SuperResolution/]: SR_DIAG AFTER_PASS:composite3 fbo=15 attachment=8ce0 texture=49 mip=0 size=854x480 internalFormat=8c3a
[02Oct2026 17:46:07.319] [Render thread/INFO] [SuperResolution/]: SR_DIAG BEFORE_PASS:composite4 render=( 5.020E+2  2.820E+2) display=( 8.540E+2  4.800E+2) region-1=( 5.020E+2  2.820E+2) region-2=( 8.540E+2  4.800E+2) viewport=[0,0,854,480] scissor=[0,128,854,256]/false drawFbo=15 readFbo=15 drawBuffer=36064 readBuffer=36064 drawStatus=8cd5
[02Oct2026 17:46:07.319] [Render thread/INFO] [SuperResolution/]: SR_DIAG BEFORE_PASS:composite4 fbo=15 attachment=8ce0 texture=49 mip=0 size=854x480 internalFormat=8c3a
[02Oct2026 17:46:07.319] [Render thread/INFO] [SuperResolution/]: SR_DIAG AFTER_PASS:composite4 render=( 5.020E+2  2.820E+2) display=( 8.540E+2  4.800E+2) region-1=( 5.020E+2  2.820E+2) region-2=( 8.540E+2  4.800E+2) viewport=[0,0,854,480] scissor=[0,128,854,256]/false drawFbo=16 readFbo=16 drawBuffer=36064 readBuffer=36064 drawStatus=8cd5
[02Oct2026 17:46:07.319] [Render thread/INFO] [SuperResolution/]: SR_DIAG AFTER_PASS:composite4 fbo=16 attachment=8ce0 texture=64 mip=0 size=854x480 internalFormat=881a
[02Oct2026 17:46:07.319] [Render thread/INFO] [SuperResolution/]: SR_DIAG BEFORE_PASS:composite5 render=( 5.020E+2  2.820E+2) display=( 8.540E+2  4.800E+2) region-1=( 5.020E+2  2.820E+2) region-2=( 8.540E+2  4.800E+2) viewport=[0,0,854,480] scissor=[0,128,854,256]/false drawFbo=16 readFbo=16 drawBuffer=36064 readBuffer=36064 drawStatus=8cd5
[02Oct2026 17:46:07.319] [Render thread/INFO] [SuperResolution/]: SR_DIAG BEFORE_PASS:composite5 fbo=16 attachment=8ce0 texture=64 mip=0 size=854x480 internalFormat=881a
[02Oct2026 17:46:07.319] [Render thread/INFO] [SuperResolution/]: SR_DIAG AFTER_PASS:composite5 render=( 5.020E+2  2.820E+2) display=( 8.540E+2  4.800E+2) region-1=( 5.020E+2  2.820E+2) region-2=( 8.540E+2  4.800E+2) viewport=[0,0,854,480] scissor=[0,128,854,256]/false drawFbo=17 readFbo=17 drawBuffer=36064 readBuffer=36064 drawStatus=8cd5
[02Oct2026 17:46:07.319] [Render thread/INFO] [SuperResolution/]: SR_DIAG AFTER_PASS:composite5 fbo=17 attachment=8ce0 texture=63 mip=0 size=854x480 internalFormat=881a
[02Oct2026 17:46:07.320] [Render thread/INFO] [SuperResolution/]: SR_DIAG BEFORE_PASS:composite6 render=( 5.020E+2  2.820E+2) display=( 8.540E+2  4.800E+2) region-1=( 5.020E+2  2.820E+2) region-2=( 8.540E+2  4.800E+2) viewport=[0,0,854,480] scissor=[0,128,854,256]/false drawFbo=17 readFbo=17 drawBuffer=36064 readBuffer=36064 drawStatus=8cd5
[02Oct2026 17:46:07.320] [Render thread/INFO] [SuperResolution/]: SR_DIAG BEFORE_PASS:composite6 fbo=17 attachment=8ce0 texture=63 mip=0 size=854x480 internalFormat=881a
[02Oct2026 17:46:07.320] [Render thread/INFO] [SuperResolution/]: SR_DIAG AFTER_PASS:composite6 render=( 5.020E+2  2.820E+2) display=( 8.540E+2  4.800E+2) region-1=( 5.020E+2  2.820E+2) region-2=( 8.540E+2  4.800E+2) viewport=[0,0,854,480] scissor=[0,128,854,256]/false drawFbo=18 readFbo=18 drawBuffer=36064 readBuffer=36064 drawStatus=8cd5
[02Oct2026 17:46:07.320] [Render thread/INFO] [SuperResolution/]: SR_DIAG AFTER_PASS:composite6 fbo=18 attachment=8ce0 texture=64 mip=0 size=854x480 internalFormat=881a
[02Oct2026 17:46:07.320] [Render thread/INFO] [SuperResolution/]: SR_DIAG BEFORE_PASS:composite7 render=( 5.020E+2  2.820E+2) display=( 8.540E+2  4.800E+2) region-1=( 5.020E+2  2.820E+2) region-2=( 8.540E+2  4.800E+2) viewport=[0,0,854,480] scissor=[0,128,854,256]/false drawFbo=18 readFbo=18 drawBuffer=36064 readBuffer=36064 drawStatus=8cd5
[02Oct2026 17:46:07.320] [Render thread/INFO] [SuperResolution/]: SR_DIAG BEFORE_PASS:composite7 fbo=18 attachment=8ce0 texture=64 mip=0 size=854x480 internalFormat=881a
[02Oct2026 17:46:07.320] [Render thread/INFO] [SuperResolution/]: SR_DIAG BEFORE_SR render=( 5.020E+2  2.820E+2) display=( 8.540E+2  4.800E+2) region-1=( 5.020E+2  2.820E+2) region-2=( 8.540E+2  4.800E+2) viewport=[0,0,854,480] scissor=[0,128,854,256]/false drawFbo=18 readFbo=18 drawBuffer=36064 readBuffer=36064 drawStatus=8cd5
[02Oct2026 17:46:07.321] [Render thread/INFO] [SuperResolution/]: SR_DIAG BEFORE_SR fbo=18 attachment=8ce0 texture=64 mip=0 size=854x480 internalFormat=881a
[02Oct2026 17:46:07.321] [Render thread/INFO] [SuperResolution/]: SR_DIAG texture color id=64 size=854x480 format=RGBA16F target/type=Texture2D glInternalFormat=881a
[02Oct2026 17:46:07.321] [Render thread/INFO] [SuperResolution/]: SR_DIAG texture depth id=3 size=854x480 format=DEPTH24 target/type=Texture2D glInternalFormat=1902
[02Oct2026 17:46:07.321] [Render thread/INFO] [SuperResolution/]: SR_DIAG depth depth id=3 bits=24 componentType=8c17
[02Oct2026 17:46:07.321] [Render thread/INFO] [SuperResolution/]: SR_DIAG texture motion_vectors id=83 size=854x480 format=RGBA16F target/type=Texture2D glInternalFormat=881a
[02Oct2026 17:46:07.321] [Render thread/INFO] [SuperResolution/]: SR_DIAG texture algorithm_color id=92 size=502x282 format=RGBA16F target/type=Texture2D glInternalFormat=881a
[02Oct2026 17:46:07.321] [Render thread/INFO] [SuperResolution/]: SR_DIAG texture algorithm_depth id=94 size=502x282 format=DEPTH24 target/type=Texture2D glInternalFormat=81a6
[02Oct2026 17:46:07.321] [Render thread/INFO] [SuperResolution/]: SR_DIAG depth algorithm_depth id=94 bits=24 componentType=8c17
[02Oct2026 17:46:07.321] [Render thread/INFO] [SuperResolution/]: SR_DIAG texture algorithm_motion_vectors id=95 size=502x282 format=RGBA16F target/type=Texture2D glInternalFormat=881a
[02Oct2026 17:46:07.330] [Render thread/INFO] [SuperResolution/]: SR_DIAG texture SR_output id=85 size=854x480 format=RGBA16F target/type=Texture2D glInternalFormat=881a
[02Oct2026 17:46:07.330] [Render thread/INFO] [SuperResolution/]: SR_DIAG texture autotex3/output_target id=64 size=854x480 format=RGBA16F target/type=Texture2D glInternalFormat=881a
[02Oct2026 17:46:07.330] [Render thread/INFO] [SuperResolution/]: SR_DIAG AFTER_SR render=( 5.020E+2  2.820E+2) display=( 8.540E+2  4.800E+2) region-1=( 5.020E+2  2.820E+2) region-2=( 8.540E+2  4.800E+2) viewport=[0,0,854,480] scissor=[0,128,854,256]/false drawFbo=18 readFbo=18 drawBuffer=36064 readBuffer=36064 drawStatus=8cd5
[02Oct2026 17:46:07.330] [Render thread/INFO] [SuperResolution/]: SR_DIAG AFTER_SR fbo=18 attachment=8ce0 texture=64 mip=0 size=854x480 internalFormat=881a
[02Oct2026 17:46:07.331] [Render thread/INFO] [SuperResolution/]: SR_DIAG AFTER_PASS:composite7 render=( 5.020E+2  2.820E+2) display=( 8.540E+2  4.800E+2) region-1=( 5.020E+2  2.820E+2) region-2=( 8.540E+2  4.800E+2) viewport=[0,0,854,480] scissor=[0,128,854,256]/false drawFbo=19 readFbo=19 drawBuffer=36064 readBuffer=36064 drawStatus=8cd5
[02Oct2026 17:46:07.331] [Render thread/INFO] [SuperResolution/]: SR_DIAG AFTER_PASS:composite7 fbo=19 attachment=8ce0 texture=63 mip=0 size=854x480 internalFormat=881a
[02Oct2026 17:46:07.331] [Render thread/INFO] [SuperResolution/]: SR_DIAG FINAL_PIPELINE render=( 5.020E+2  2.820E+2) display=( 8.540E+2  4.800E+2) region-1=( 5.020E+2  2.820E+2) region-2=( 8.540E+2  4.800E+2) viewport=[0,0,854,480] scissor=[0,128,854,256]/false drawFbo=1 readFbo=1 drawBuffer=36064 readBuffer=36064 drawStatus=8cd5
[02Oct2026 17:46:07.331] [Render thread/INFO] [SuperResolution/]: SR_DIAG FINAL_PIPELINE fbo=1 attachment=8ce0 texture=2 mip=0 size=854x480 internalFormat=8058
[02Oct2026 17:46:07.331] [Render thread/INFO] [SuperResolution/]: SR_DIAG FINAL_PIPELINE fbo=1 attachment=8d00 texture=3 mip=0 size=854x480 internalFormat=1902
[02Oct2026 17:46:17.309] [Render thread/INFO] [SuperResolution/]: SR_DIAG BEFORE_PASS:deferred1 render=( 5.020E+2  2.820E+2) display=( 8.540E+2  4.800E+2) region-1=( 5.020E+2  2.820E+2) region-2=( 8.540E+2  4.800E+2) viewport=[0,0,854,480] scissor=[0,128,854,256]/false drawFbo=1 readFbo=1 drawBuffer=36064 readBuffer=36064 drawStatus=8cd5
[02Oct2026 17:46:17.310] [Render thread/INFO] [SuperResolution/]: SR_DIAG BEFORE_PASS:deferred1 fbo=1 attachment=8ce0 texture=2 mip=0 size=854x480 internalFormat=8058
[02Oct2026 17:46:17.310] [Render thread/INFO] [SuperResolution/]: SR_DIAG BEFORE_PASS:deferred1 fbo=1 attachment=8d00 texture=3 mip=0 size=854x480 internalFormat=1902
[02Oct2026 17:46:17.310] [Render thread/INFO] [SuperResolution/]: SR_DIAG AFTER_PASS:deferred1 render=( 5.020E+2  2.820E+2) display=( 8.540E+2  4.800E+2) region-1=( 5.020E+2  2.820E+2) region-2=( 8.540E+2  4.800E+2) viewport=[0,0,854,480] scissor=[0,128,854,256]/false drawFbo=12 readFbo=12 drawBuffer=36064 readBuffer=36064 drawStatus=8cd5
[02Oct2026 17:46:17.310] [Render thread/INFO] [SuperResolution/]: SR_DIAG AFTER_PASS:deferred1 fbo=12 attachment=8ce0 texture=49 mip=0 size=854x480 internalFormat=8c3a
[02Oct2026 17:46:17.321] [Render thread/INFO] [SuperResolution/]: SR_DIAG BEFORE_PASS:composite render=( 5.020E+2  2.820E+2) display=( 8.540E+2  4.800E+2) region-1=( 5.020E+2  2.820E+2) region-2=( 8.540E+2  4.800E+2) viewport=[0,0,854,480] scissor=[0,128,854,256]/false drawFbo=1 readFbo=1 drawBuffer=36064 readBuffer=36064 drawStatus=8cd5
[02Oct2026 17:46:17.321] [Render thread/INFO] [SuperResolution/]: SR_DIAG BEFORE_PASS:composite fbo=1 attachment=8ce0 texture=2 mip=0 size=854x480 internalFormat=8058
[02Oct2026 17:46:17.321] [Render thread/INFO] [SuperResolution/]: SR_DIAG BEFORE_PASS:composite fbo=1 attachment=8d00 texture=3 mip=0 size=854x480 internalFormat=1902
[02Oct2026 17:46:17.321] [Render thread/INFO] [SuperResolution/]: SR_DIAG AFTER_PASS:composite render=( 5.020E+2  2.820E+2) display=( 8.540E+2  4.800E+2) region-1=( 5.020E+2  2.820E+2) region-2=( 8.540E+2  4.800E+2) viewport=[0,0,427,240] scissor=[0,128,854,256]/false drawFbo=13 readFbo=13 drawBuffer=36064 readBuffer=36064 drawStatus=8cd5
[02Oct2026 17:46:17.321] [Render thread/INFO] [SuperResolution/]: SR_DIAG AFTER_PASS:composite fbo=13 attachment=8ce0 texture=77 mip=0 size=427x240 internalFormat=881a
[02Oct2026 17:46:17.321] [Render thread/INFO] [SuperResolution/]: SR_DIAG BEFORE_PASS:composite1 render=( 5.020E+2  2.820E+2) display=( 8.540E+2  4.800E+2) region-1=( 5.020E+2  2.820E+2) region-2=( 8.540E+2  4.800E+2) viewport=[0,0,427,240] scissor=[0,128,854,256]/false drawFbo=13 readFbo=13 drawBuffer=36064 readBuffer=36064 drawStatus=8cd5
[02Oct2026 17:46:17.321] [Render thread/INFO] [SuperResolution/]: SR_DIAG BEFORE_PASS:composite1 fbo=13 attachment=8ce0 texture=77 mip=0 size=427x240 internalFormat=881a
[02Oct2026 17:46:17.322] [Render thread/INFO] [SuperResolution/]: SR_DIAG AFTER_PASS:composite1 render=( 5.020E+2  2.820E+2) display=( 8.540E+2  4.800E+2) region-1=( 5.020E+2  2.820E+2) region-2=( 8.540E+2  4.800E+2) viewport=[0,0,854,480] scissor=[0,128,854,256]/false drawFbo=14 readFbo=14 drawBuffer=36064 readBuffer=36064 drawStatus=8cd5
[02Oct2026 17:46:17.322] [Render thread/INFO] [SuperResolution/]: SR_DIAG AFTER_PASS:composite1 fbo=14 attachment=8ce0 texture=48 mip=0 size=854x480 internalFormat=8c3a
[02Oct2026 17:46:17.322] [Render thread/INFO] [SuperResolution/]: SR_DIAG BEFORE_PASS:composite3 render=( 5.020E+2  2.820E+2) display=( 8.540E+2  4.800E+2) region-1=( 5.020E+2  2.820E+2) region-2=( 8.540E+2  4.800E+2) viewport=[0,0,854,480] scissor=[0,128,854,256]/false drawFbo=14 readFbo=14 drawBuffer=36064 readBuffer=36064 drawStatus=8cd5
[02Oct2026 17:46:17.322] [Render thread/INFO] [SuperResolution/]: SR_DIAG BEFORE_PASS:composite3 fbo=14 attachment=8ce0 texture=48 mip=0 size=854x480 internalFormat=8c3a
[02Oct2026 17:46:17.323] [Render thread/INFO] [SuperResolution/]: SR_DIAG AFTER_PASS:composite3 render=( 5.020E+2  2.820E+2) display=( 8.540E+2  4.800E+2) region-1=( 5.020E+2  2.820E+2) region-2=( 8.540E+2  4.800E+2) viewport=[0,0,854,480] scissor=[0,128,854,256]/false drawFbo=15 readFbo=15 drawBuffer=36064 readBuffer=36064 drawStatus=8cd5
[02Oct2026 17:46:17.323] [Render thread/INFO] [SuperResolution/]: SR_DIAG AFTER_PASS:composite3 fbo=15 attachment=8ce0 texture=49 mip=0 size=854x480 internalFormat=8c3a
[02Oct2026 17:46:17.323] [Render thread/INFO] [SuperResolution/]: SR_DIAG BEFORE_PASS:composite4 render=( 5.020E+2  2.820E+2) display=( 8.540E+2  4.800E+2) region-1=( 5.020E+2  2.820E+2) region-2=( 8.540E+2  4.800E+2) viewport=[0,0,854,480] scissor=[0,128,854,256]/false drawFbo=15 readFbo=15 drawBuffer=36064 readBuffer=36064 drawStatus=8cd5
[02Oct2026 17:46:17.323] [Render thread/INFO] [SuperResolution/]: SR_DIAG BEFORE_PASS:composite4 fbo=15 attachment=8ce0 texture=49 mip=0 size=854x480 internalFormat=8c3a
[02Oct2026 17:46:17.323] [Render thread/INFO] [SuperResolution/]: SR_DIAG AFTER_PASS:composite4 render=( 5.020E+2  2.820E+2) display=( 8.540E+2  4.800E+2) region-1=( 5.020E+2  2.820E+2) region-2=( 8.540E+2  4.800E+2) viewport=[0,0,854,480] scissor=[0,128,854,256]/false drawFbo=16 readFbo=16 drawBuffer=36064 readBuffer=36064 drawStatus=8cd5
[02Oct2026 17:46:17.324] [Render thread/INFO] [SuperResolution/]: SR_DIAG AFTER_PASS:composite4 fbo=16 attachment=8ce0 texture=64 mip=0 size=854x480 internalFormat=881a
[02Oct2026 17:46:17.324] [Render thread/INFO] [SuperResolution/]: SR_DIAG BEFORE_PASS:composite5 render=( 5.020E+2  2.820E+2) display=( 8.540E+2  4.800E+2) region-1=( 5.020E+2  2.820E+2) region-2=( 8.540E+2  4.800E+2) viewport=[0,0,854,480] scissor=[0,128,854,256]/false drawFbo=16 readFbo=16 drawBuffer=36064 readBuffer=36064 drawStatus=8cd5
[02Oct2026 17:46:17.324] [Render thread/INFO] [SuperResolution/]: SR_DIAG BEFORE_PASS:composite5 fbo=16 attachment=8ce0 texture=64 mip=0 size=854x480 internalFormat=881a
[02Oct2026 17:46:17.324] [Render thread/INFO] [SuperResolution/]: SR_DIAG AFTER_PASS:composite5 render=( 5.020E+2  2.820E+2) display=( 8.540E+2  4.800E+2) region-1=( 5.020E+2  2.820E+2) region-2=( 8.540E+2  4.800E+2) viewport=[0,0,854,480] scissor=[0,128,854,256]/false drawFbo=17 readFbo=17 drawBuffer=36064 readBuffer=36064 drawStatus=8cd5
[02Oct2026 17:46:17.324] [Render thread/INFO] [SuperResolution/]: SR_DIAG AFTER_PASS:composite5 fbo=17 attachment=8ce0 texture=63 mip=0 size=854x480 internalFormat=881a
[02Oct2026 17:46:17.324] [Render thread/INFO] [SuperResolution/]: SR_DIAG BEFORE_PASS:composite6 render=( 5.020E+2  2.820E+2) display=( 8.540E+2  4.800E+2) region-1=( 5.020E+2  2.820E+2) region-2=( 8.540E+2  4.800E+2) viewport=[0,0,854,480] scissor=[0,128,854,256]/false drawFbo=17 readFbo=17 drawBuffer=36064 readBuffer=36064 drawStatus=8cd5
[02Oct2026 17:46:17.324] [Render thread/INFO] [SuperResolution/]: SR_DIAG BEFORE_PASS:composite6 fbo=17 attachment=8ce0 texture=63 mip=0 size=854x480 internalFormat=881a
[02Oct2026 17:46:17.324] [Render thread/INFO] [SuperResolution/]: SR_DIAG AFTER_PASS:composite6 render=( 5.020E+2  2.820E+2) display=( 8.540E+2  4.800E+2) region-1=( 5.020E+2  2.820E+2) region-2=( 8.540E+2  4.800E+2) viewport=[0,0,854,480] scissor=[0,128,854,256]/false drawFbo=18 readFbo=18 drawBuffer=36064 readBuffer=36064 drawStatus=8cd5
[02Oct2026 17:46:17.324] [Render thread/INFO] [SuperResolution/]: SR_DIAG AFTER_PASS:composite6 fbo=18 attachment=8ce0 texture=64 mip=0 size=854x480 internalFormat=881a
[02Oct2026 17:46:17.325] [Render thread/INFO] [SuperResolution/]: SR_DIAG BEFORE_PASS:composite7 render=( 5.020E+2  2.820E+2) display=( 8.540E+2  4.800E+2) region-1=( 5.020E+2  2.820E+2) region-2=( 8.540E+2  4.800E+2) viewport=[0,0,854,480] scissor=[0,128,854,256]/false drawFbo=18 readFbo=18 drawBuffer=36064 readBuffer=36064 drawStatus=8cd5
[02Oct2026 17:46:17.325] [Render thread/INFO] [SuperResolution/]: SR_DIAG BEFORE_PASS:composite7 fbo=18 attachment=8ce0 texture=64 mip=0 size=854x480 internalFormat=881a
[02Oct2026 17:46:17.325] [Render thread/INFO] [SuperResolution/]: SR_DIAG BEFORE_SR render=( 5.020E+2  2.820E+2) display=( 8.540E+2  4.800E+2) region-1=( 5.020E+2  2.820E+2) region-2=( 8.540E+2  4.800E+2) viewport=[0,0,854,480] scissor=[0,128,854,256]/false drawFbo=18 readFbo=18 drawBuffer=36064 readBuffer=36064 drawStatus=8cd5
[02Oct2026 17:46:17.325] [Render thread/INFO] [SuperResolution/]: SR_DIAG BEFORE_SR fbo=18 attachment=8ce0 texture=64 mip=0 size=854x480 internalFormat=881a
[02Oct2026 17:46:17.325] [Render thread/INFO] [SuperResolution/]: SR_DIAG texture color id=64 size=854x480 format=RGBA16F target/type=Texture2D glInternalFormat=881a
[02Oct2026 17:46:17.325] [Render thread/INFO] [SuperResolution/]: SR_DIAG texture depth id=3 size=854x480 format=DEPTH24 target/type=Texture2D glInternalFormat=1902
[02Oct2026 17:46:17.325] [Render thread/INFO] [SuperResolution/]: SR_DIAG depth depth id=3 bits=24 componentType=8c17
[02Oct2026 17:46:17.326] [Render thread/INFO] [SuperResolution/]: SR_DIAG texture motion_vectors id=83 size=854x480 format=RGBA16F target/type=Texture2D glInternalFormat=881a
[02Oct2026 17:46:17.326] [Render thread/INFO] [SuperResolution/]: SR_DIAG texture algorithm_color id=92 size=502x282 format=RGBA16F target/type=Texture2D glInternalFormat=881a
[02Oct2026 17:46:17.326] [Render thread/INFO] [SuperResolution/]: SR_DIAG texture algorithm_depth id=94 size=502x282 format=DEPTH24 target/type=Texture2D glInternalFormat=81a6
[02Oct2026 17:46:17.326] [Render thread/INFO] [SuperResolution/]: SR_DIAG depth algorithm_depth id=94 bits=24 componentType=8c17
[02Oct2026 17:46:17.326] [Render thread/INFO] [SuperResolution/]: SR_DIAG texture algorithm_motion_vectors id=95 size=502x282 format=RGBA16F target/type=Texture2D glInternalFormat=881a
[02Oct2026 17:46:17.336] [Render thread/INFO] [SuperResolution/]: SR_DIAG texture SR_output id=85 size=854x480 format=RGBA16F target/type=Texture2D glInternalFormat=881a
[02Oct2026 17:46:17.336] [Render thread/INFO] [SuperResolution/]: SR_DIAG texture autotex3/output_target id=64 size=854x480 format=RGBA16F target/type=Texture2D glInternalFormat=881a
[02Oct2026 17:46:17.336] [Render thread/INFO] [SuperResolution/]: SR_DIAG AFTER_SR render=( 5.020E+2  2.820E+2) display=( 8.540E+2  4.800E+2) region-1=( 5.020E+2  2.820E+2) region-2=( 8.540E+2  4.800E+2) viewport=[0,0,854,480] scissor=[0,128,854,256]/false drawFbo=18 readFbo=18 drawBuffer=36064 readBuffer=36064 drawStatus=8cd5
[02Oct2026 17:46:17.336] [Render thread/INFO] [SuperResolution/]: SR_DIAG AFTER_SR fbo=18 attachment=8ce0 texture=64 mip=0 size=854x480 internalFormat=881a
[02Oct2026 17:46:17.336] [Render thread/INFO] [SuperResolution/]: SR_DIAG AFTER_PASS:composite7 render=( 5.020E+2  2.820E+2) display=( 8.540E+2  4.800E+2) region-1=( 5.020E+2  2.820E+2) region-2=( 8.540E+2  4.800E+2) viewport=[0,0,854,480] scissor=[0,128,854,256]/false drawFbo=19 readFbo=19 drawBuffer=36064 readBuffer=36064 drawStatus=8cd5
[02Oct2026 17:46:17.337] [Render thread/INFO] [SuperResolution/]: SR_DIAG AFTER_PASS:composite7 fbo=19 attachment=8ce0 texture=63 mip=0 size=854x480 internalFormat=881a
[02Oct2026 17:46:17.337] [Render thread/INFO] [SuperResolution/]: SR_DIAG FINAL_PIPELINE render=( 5.020E+2  2.820E+2) display=( 8.540E+2  4.800E+2) region-1=( 5.020E+2  2.820E+2) region-2=( 8.540E+2  4.800E+2) viewport=[0,0,854,480] scissor=[0,128,854,256]/false drawFbo=1 readFbo=1 drawBuffer=36064 readBuffer=36064 drawStatus=8cd5
[02Oct2026 17:46:17.337] [Render thread/INFO] [SuperResolution/]: SR_DIAG FINAL_PIPELINE fbo=1 attachment=8ce0 texture=2 mip=0 size=854x480 internalFormat=8058
[02Oct2026 17:46:17.337] [Render thread/INFO] [SuperResolution/]: SR_DIAG FINAL_PIPELINE fbo=1 attachment=8d00 texture=3 mip=0 size=854x480 internalFormat=1902
[02Oct2026 17:46:27.311] [Render thread/INFO] [SuperResolution/]: SR_DIAG BEFORE_PASS:deferred1 render=( 5.020E+2  2.820E+2) display=( 8.540E+2  4.800E+2) region-1=( 5.020E+2  2.820E+2) region-2=( 8.540E+2  4.800E+2) viewport=[0,0,854,480] scissor=[0,128,854,256]/false drawFbo=1 readFbo=1 drawBuffer=36064 readBuffer=36064 drawStatus=8cd5
[02Oct2026 17:46:27.311] [Render thread/INFO] [SuperResolution/]: SR_DIAG BEFORE_PASS:deferred1 fbo=1 attachment=8ce0 texture=2 mip=0 size=854x480 internalFormat=8058
[02Oct2026 17:46:27.312] [Render thread/INFO] [SuperResolution/]: SR_DIAG BEFORE_PASS:deferred1 fbo=1 attachment=8d00 texture=3 mip=0 size=854x480 internalFormat=1902
[02Oct2026 17:46:27.312] [Render thread/INFO] [SuperResolution/]: SR_DIAG AFTER_PASS:deferred1 render=( 5.020E+2  2.820E+2) display=( 8.540E+2  4.800E+2) region-1=( 5.020E+2  2.820E+2) region-2=( 8.540E+2  4.800E+2) viewport=[0,0,854,480] scissor=[0,128,854,256]/false drawFbo=12 readFbo=12 drawBuffer=36064 readBuffer=36064 drawStatus=8cd5
[02Oct2026 17:46:27.312] [Render thread/INFO] [SuperResolution/]: SR_DIAG AFTER_PASS:deferred1 fbo=12 attachment=8ce0 texture=49 mip=0 size=854x480 internalFormat=8c3a
[02Oct2026 17:46:27.323] [Render thread/INFO] [SuperResolution/]: SR_DIAG BEFORE_PASS:composite render=( 5.020E+2  2.820E+2) display=( 8.540E+2  4.800E+2) region-1=( 5.020E+2  2.820E+2) region-2=( 8.540E+2  4.800E+2) viewport=[0,0,854,480] scissor=[0,128,854,256]/false drawFbo=1 readFbo=1 drawBuffer=36064 readBuffer=36064 drawStatus=8cd5
[02Oct2026 17:46:27.323] [Render thread/INFO] [SuperResolution/]: SR_DIAG BEFORE_PASS:composite fbo=1 attachment=8ce0 texture=2 mip=0 size=854x480 internalFormat=8058
[02Oct2026 17:46:27.323] [Render thread/INFO] [SuperResolution/]: SR_DIAG BEFORE_PASS:composite fbo=1 attachment=8d00 texture=3 mip=0 size=854x480 internalFormat=1902
[02Oct2026 17:46:27.323] [Render thread/INFO] [SuperResolution/]: SR_DIAG AFTER_PASS:composite render=( 5.020E+2  2.820E+2) display=( 8.540E+2  4.800E+2) region-1=( 5.020E+2  2.820E+2) region-2=( 8.540E+2  4.800E+2) viewport=[0,0,427,240] scissor=[0,128,854,256]/false drawFbo=13 readFbo=13 drawBuffer=36064 readBuffer=36064 drawStatus=8cd5
[02Oct2026 17:46:27.323] [Render thread/INFO] [SuperResolution/]: SR_DIAG AFTER_PASS:composite fbo=13 attachment=8ce0 texture=77 mip=0 size=427x240 internalFormat=881a
[02Oct2026 17:46:27.323] [Render thread/INFO] [SuperResolution/]: SR_DIAG BEFORE_PASS:composite1 render=( 5.020E+2  2.820E+2) display=( 8.540E+2  4.800E+2) region-1=( 5.020E+2  2.820E+2) region-2=( 8.540E+2  4.800E+2) viewport=[0,0,427,240] scissor=[0,128,854,256]/false drawFbo=13 readFbo=13 drawBuffer=36064 readBuffer=36064 drawStatus=8cd5
[02Oct2026 17:46:27.323] [Render thread/INFO] [SuperResolution/]: SR_DIAG BEFORE_PASS:composite1 fbo=13 attachment=8ce0 texture=77 mip=0 size=427x240 internalFormat=881a
[02Oct2026 17:46:27.324] [Render thread/INFO] [SuperResolution/]: SR_DIAG AFTER_PASS:composite1 render=( 5.020E+2  2.820E+2) display=( 8.540E+2  4.800E+2) region-1=( 5.020E+2  2.820E+2) region-2=( 8.540E+2  4.800E+2) viewport=[0,0,854,480] scissor=[0,128,854,256]/false drawFbo=14 readFbo=14 drawBuffer=36064 readBuffer=36064 drawStatus=8cd5
[02Oct2026 17:46:27.324] [Render thread/INFO] [SuperResolution/]: SR_DIAG AFTER_PASS:composite1 fbo=14 attachment=8ce0 texture=48 mip=0 size=854x480 internalFormat=8c3a
[02Oct2026 17:46:27.324] [Render thread/INFO] [SuperResolution/]: SR_DIAG BEFORE_PASS:composite3 render=( 5.020E+2  2.820E+2) display=( 8.540E+2  4.800E+2) region-1=( 5.020E+2  2.820E+2) region-2=( 8.540E+2  4.800E+2) viewport=[0,0,854,480] scissor=[0,128,854,256]/false drawFbo=14 readFbo=14 drawBuffer=36064 readBuffer=36064 drawStatus=8cd5
[02Oct2026 17:46:27.324] [Render thread/INFO] [SuperResolution/]: SR_DIAG BEFORE_PASS:composite3 fbo=14 attachment=8ce0 texture=48 mip=0 size=854x480 internalFormat=8c3a
[02Oct2026 17:46:27.324] [Render thread/INFO] [SuperResolution/]: SR_DIAG AFTER_PASS:composite3 render=( 5.020E+2  2.820E+2) display=( 8.540E+2  4.800E+2) region-1=( 5.020E+2  2.820E+2) region-2=( 8.540E+2  4.800E+2) viewport=[0,0,854,480] scissor=[0,128,854,256]/false drawFbo=15 readFbo=15 drawBuffer=36064 readBuffer=36064 drawStatus=8cd5
[02Oct2026 17:46:27.324] [Render thread/INFO] [SuperResolution/]: SR_DIAG AFTER_PASS:composite3 fbo=15 attachment=8ce0 texture=49 mip=0 size=854x480 internalFormat=8c3a
[02Oct2026 17:46:27.324] [Render thread/INFO] [SuperResolution/]: SR_DIAG BEFORE_PASS:composite4 render=( 5.020E+2  2.820E+2) display=( 8.540E+2  4.800E+2) region-1=( 5.020E+2  2.820E+2) region-2=( 8.540E+2  4.800E+2) viewport=[0,0,854,480] scissor=[0,128,854,256]/false drawFbo=15 readFbo=15 drawBuffer=36064 readBuffer=36064 drawStatus=8cd5
[02Oct2026 17:46:27.324] [Render thread/INFO] [SuperResolution/]: SR_DIAG BEFORE_PASS:composite4 fbo=15 attachment=8ce0 texture=49 mip=0 size=854x480 internalFormat=8c3a
[02Oct2026 17:46:27.324] [Render thread/INFO] [SuperResolution/]: SR_DIAG AFTER_PASS:composite4 render=( 5.020E+2  2.820E+2) display=( 8.540E+2  4.800E+2) region-1=( 5.020E+2  2.820E+2) region-2=( 8.540E+2  4.800E+2) viewport=[0,0,854,480] scissor=[0,128,854,256]/false drawFbo=16 readFbo=16 drawBuffer=36064 readBuffer=36064 drawStatus=8cd5
[02Oct2026 17:46:27.324] [Render thread/INFO] [SuperResolution/]: SR_DIAG AFTER_PASS:composite4 fbo=16 attachment=8ce0 texture=64 mip=0 size=854x480 internalFormat=881a
[02Oct2026 17:46:27.324] [Render thread/INFO] [SuperResolution/]: SR_DIAG BEFORE_PASS:composite5 render=( 5.020E+2  2.820E+2) display=( 8.540E+2  4.800E+2) region-1=( 5.020E+2  2.820E+2) region-2=( 8.540E+2  4.800E+2) viewport=[0,0,854,480] scissor=[0,128,854,256]/false drawFbo=16 readFbo=16 drawBuffer=36064 readBuffer=36064 drawStatus=8cd5
[02Oct2026 17:46:27.324] [Render thread/INFO] [SuperResolution/]: SR_DIAG BEFORE_PASS:composite5 fbo=16 attachment=8ce0 texture=64 mip=0 size=854x480 internalFormat=881a
[02Oct2026 17:46:27.324] [Render thread/INFO] [SuperResolution/]: SR_DIAG AFTER_PASS:composite5 render=( 5.020E+2  2.820E+2) display=( 8.540E+2  4.800E+2) region-1=( 5.020E+2  2.820E+2) region-2=( 8.540E+2  4.800E+2) viewport=[0,0,854,480] scissor=[0,128,854,256]/false drawFbo=17 readFbo=17 drawBuffer=36064 readBuffer=36064 drawStatus=8cd5
[02Oct2026 17:46:27.324] [Render thread/INFO] [SuperResolution/]: SR_DIAG AFTER_PASS:composite5 fbo=17 attachment=8ce0 texture=63 mip=0 size=854x480 internalFormat=881a
[02Oct2026 17:46:27.325] [Render thread/INFO] [SuperResolution/]: SR_DIAG BEFORE_PASS:composite6 render=( 5.020E+2  2.820E+2) display=( 8.540E+2  4.800E+2) region-1=( 5.020E+2  2.820E+2) region-2=( 8.540E+2  4.800E+2) viewport=[0,0,854,480] scissor=[0,128,854,256]/false drawFbo=17 readFbo=17 drawBuffer=36064 readBuffer=36064 drawStatus=8cd5
[02Oct2026 17:46:27.325] [Render thread/INFO] [SuperResolution/]: SR_DIAG BEFORE_PASS:composite6 fbo=17 attachment=8ce0 texture=63 mip=0 size=854x480 internalFormat=881a
[02Oct2026 17:46:27.325] [Render thread/INFO] [SuperResolution/]: SR_DIAG AFTER_PASS:composite6 render=( 5.020E+2  2.820E+2) display=( 8.540E+2  4.800E+2) region-1=( 5.020E+2  2.820E+2) region-2=( 8.540E+2  4.800E+2) viewport=[0,0,854,480] scissor=[0,128,854,256]/false drawFbo=18 readFbo=18 drawBuffer=36064 readBuffer=36064 drawStatus=8cd5
[02Oct2026 17:46:27.325] [Render thread/INFO] [SuperResolution/]: SR_DIAG AFTER_PASS:composite6 fbo=18 attachment=8ce0 texture=64 mip=0 size=854x480 internalFormat=881a
[02Oct2026 17:46:27.325] [Render thread/INFO] [SuperResolution/]: SR_DIAG BEFORE_PASS:composite7 render=( 5.020E+2  2.820E+2) display=( 8.540E+2  4.800E+2) region-1=( 5.020E+2  2.820E+2) region-2=( 8.540E+2  4.800E+2) viewport=[0,0,854,480] scissor=[0,128,854,256]/false drawFbo=18 readFbo=18 drawBuffer=36064 readBuffer=36064 drawStatus=8cd5
[02Oct2026 17:46:27.325] [Render thread/INFO] [SuperResolution/]: SR_DIAG BEFORE_PASS:composite7 fbo=18 attachment=8ce0 texture=64 mip=0 size=854x480 internalFormat=881a
[02Oct2026 17:46:27.325] [Render thread/INFO] [SuperResolution/]: SR_DIAG BEFORE_SR render=( 5.020E+2  2.820E+2) display=( 8.540E+2  4.800E+2) region-1=( 5.020E+2  2.820E+2) region-2=( 8.540E+2  4.800E+2) viewport=[0,0,854,480] scissor=[0,128,854,256]/false drawFbo=18 readFbo=18 drawBuffer=36064 readBuffer=36064 drawStatus=8cd5
[02Oct2026 17:46:27.325] [Render thread/INFO] [SuperResolution/]: SR_DIAG BEFORE_SR fbo=18 attachment=8ce0 texture=64 mip=0 size=854x480 internalFormat=881a
[02Oct2026 17:46:27.325] [Render thread/INFO] [SuperResolution/]: SR_DIAG texture color id=64 size=854x480 format=RGBA16F target/type=Texture2D glInternalFormat=881a
[02Oct2026 17:46:27.325] [Render thread/INFO] [SuperResolution/]: SR_DIAG texture depth id=3 size=854x480 format=DEPTH24 target/type=Texture2D glInternalFormat=1902
[02Oct2026 17:46:27.325] [Render thread/INFO] [SuperResolution/]: SR_DIAG depth depth id=3 bits=24 componentType=8c17
[02Oct2026 17:46:27.325] [Render thread/INFO] [SuperResolution/]: SR_DIAG texture motion_vectors id=83 size=854x480 format=RGBA16F target/type=Texture2D glInternalFormat=881a
[02Oct2026 17:46:27.325] [Render thread/INFO] [SuperResolution/]: SR_DIAG texture algorithm_color id=92 size=502x282 format=RGBA16F target/type=Texture2D glInternalFormat=881a
[02Oct2026 17:46:27.325] [Render thread/INFO] [SuperResolution/]: SR_DIAG texture algorithm_depth id=94 size=502x282 format=DEPTH24 target/type=Texture2D glInternalFormat=81a6
[02Oct2026 17:46:27.325] [Render thread/INFO] [SuperResolution/]: SR_DIAG depth algorithm_depth id=94 bits=24 componentType=8c17
[02Oct2026 17:46:27.325] [Render thread/INFO] [SuperResolution/]: SR_DIAG texture algorithm_motion_vectors id=95 size=502x282 format=RGBA16F target/type=Texture2D glInternalFormat=881a
[02Oct2026 17:46:27.338] [Render thread/INFO] [SuperResolution/]: SR_DIAG texture SR_output id=85 size=854x480 format=RGBA16F target/type=Texture2D glInternalFormat=881a
[02Oct2026 17:46:27.338] [Render thread/INFO] [SuperResolution/]: SR_DIAG texture autotex3/output_target id=64 size=854x480 format=RGBA16F target/type=Texture2D glInternalFormat=881a
[02Oct2026 17:46:27.338] [Render thread/INFO] [SuperResolution/]: SR_DIAG AFTER_SR render=( 5.020E+2  2.820E+2) display=( 8.540E+2  4.800E+2) region-1=( 5.020E+2  2.820E+2) region-2=( 8.540E+2  4.800E+2) viewport=[0,0,854,480] scissor=[0,128,854,256]/false drawFbo=18 readFbo=18 drawBuffer=36064 readBuffer=36064 drawStatus=8cd5
[02Oct2026 17:46:27.338] [Render thread/INFO] [SuperResolution/]: SR_DIAG AFTER_SR fbo=18 attachment=8ce0 texture=64 mip=0 size=854x480 internalFormat=881a
[02Oct2026 17:46:27.338] [Render thread/INFO] [SuperResolution/]: SR_DIAG AFTER_PASS:composite7 render=( 5.020E+2  2.820E+2) display=( 8.540E+2  4.800E+2) region-1=( 5.020E+2  2.820E+2) region-2=( 8.540E+2  4.800E+2) viewport=[0,0,854,480] scissor=[0,128,854,256]/false drawFbo=19 readFbo=19 drawBuffer=36064 readBuffer=36064 drawStatus=8cd5
[02Oct2026 17:46:27.339] [Render thread/INFO] [SuperResolution/]: SR_DIAG AFTER_PASS:composite7 fbo=19 attachment=8ce0 texture=63 mip=0 size=854x480 internalFormat=881a
[02Oct2026 17:46:27.339] [Render thread/INFO] [SuperResolution/]: SR_DIAG FINAL_PIPELINE render=( 5.020E+2  2.820E+2) display=( 8.540E+2  4.800E+2) region-1=( 5.020E+2  2.820E+2) region-2=( 8.540E+2  4.800E+2) viewport=[0,0,854,480] scissor=[0,128,854,256]/false drawFbo=1 readFbo=1 drawBuffer=36064 readBuffer=36064 drawStatus=8cd5
[02Oct2026 17:46:27.339] [Render thread/INFO] [SuperResolution/]: SR_DIAG FINAL_PIPELINE fbo=1 attachment=8ce0 texture=2 mip=0 size=854x480 internalFormat=8058
[02Oct2026 17:46:27.339] [Render thread/INFO] [SuperResolution/]: SR_DIAG FINAL_PIPELINE fbo=1 attachment=8d00 texture=3 mip=0 size=854x480 internalFormat=1902
[02Oct2026 17:46:37.316] [Render thread/INFO] [SuperResolution/]: SR_DIAG BEFORE_PASS:deferred1 render=( 5.020E+2  2.820E+2) display=( 8.540E+2  4.800E+2) region-1=( 5.020E+2  2.820E+2) region-2=( 8.540E+2  4.800E+2) viewport=[0,0,854,480] scissor=[0,128,854,256]/false drawFbo=1 readFbo=1 drawBuffer=36064 readBuffer=36064 drawStatus=8cd5
[02Oct2026 17:46:37.317] [Render thread/INFO] [SuperResolution/]: SR_DIAG BEFORE_PASS:deferred1 fbo=1 attachment=8ce0 texture=2 mip=0 size=854x480 internalFormat=8058
[02Oct2026 17:46:37.317] [Render thread/INFO] [SuperResolution/]: SR_DIAG BEFORE_PASS:deferred1 fbo=1 attachment=8d00 texture=3 mip=0 size=854x480 internalFormat=1902
[02Oct2026 17:46:37.317] [Render thread/INFO] [SuperResolution/]: SR_DIAG AFTER_PASS:deferred1 render=( 5.020E+2  2.820E+2) display=( 8.540E+2  4.800E+2) region-1=( 5.020E+2  2.820E+2) region-2=( 8.540E+2  4.800E+2) viewport=[0,0,854,480] scissor=[0,128,854,256]/false drawFbo=12 readFbo=12 drawBuffer=36064 readBuffer=36064 drawStatus=8cd5
[02Oct2026 17:46:37.317] [Render thread/INFO] [SuperResolution/]: SR_DIAG AFTER_PASS:deferred1 fbo=12 attachment=8ce0 texture=49 mip=0 size=854x480 internalFormat=8c3a
[02Oct2026 17:46:37.325] [Render thread/INFO] [SuperResolution/]: SR_DIAG BEFORE_PASS:composite render=( 5.020E+2  2.820E+2) display=( 8.540E+2  4.800E+2) region-1=( 5.020E+2  2.820E+2) region-2=( 8.540E+2  4.800E+2) viewport=[0,0,854,480] scissor=[0,128,854,256]/false drawFbo=1 readFbo=1 drawBuffer=36064 readBuffer=36064 drawStatus=8cd5
[02Oct2026 17:46:37.325] [Render thread/INFO] [SuperResolution/]: SR_DIAG BEFORE_PASS:composite fbo=1 attachment=8ce0 texture=2 mip=0 size=854x480 internalFormat=8058
[02Oct2026 17:46:37.325] [Render thread/INFO] [SuperResolution/]: SR_DIAG BEFORE_PASS:composite fbo=1 attachment=8d00 texture=3 mip=0 size=854x480 internalFormat=1902
[02Oct2026 17:46:37.325] [Render thread/INFO] [SuperResolution/]: SR_DIAG AFTER_PASS:composite render=( 5.020E+2  2.820E+2) display=( 8.540E+2  4.800E+2) region-1=( 5.020E+2  2.820E+2) region-2=( 8.540E+2  4.800E+2) viewport=[0,0,427,240] scissor=[0,128,854,256]/false drawFbo=13 readFbo=13 drawBuffer=36064 readBuffer=36064 drawStatus=8cd5
[02Oct2026 17:46:37.325] [Render thread/INFO] [SuperResolution/]: SR_DIAG AFTER_PASS:composite fbo=13 attachment=8ce0 texture=77 mip=0 size=427x240 internalFormat=881a
[02Oct2026 17:46:37.326] [Render thread/INFO] [SuperResolution/]: SR_DIAG BEFORE_PASS:composite1 render=( 5.020E+2  2.820E+2) display=( 8.540E+2  4.800E+2) region-1=( 5.020E+2  2.820E+2) region-2=( 8.540E+2  4.800E+2) viewport=[0,0,427,240] scissor=[0,128,854,256]/false drawFbo=13 readFbo=13 drawBuffer=36064 readBuffer=36064 drawStatus=8cd5
[02Oct2026 17:46:37.326] [Render thread/INFO] [SuperResolution/]: SR_DIAG BEFORE_PASS:composite1 fbo=13 attachment=8ce0 texture=77 mip=0 size=427x240 internalFormat=881a
[02Oct2026 17:46:37.326] [Render thread/INFO] [SuperResolution/]: SR_DIAG AFTER_PASS:composite1 render=( 5.020E+2  2.820E+2) display=( 8.540E+2  4.800E+2) region-1=( 5.020E+2  2.820E+2) region-2=( 8.540E+2  4.800E+2) viewport=[0,0,854,480] scissor=[0,128,854,256]/false drawFbo=14 readFbo=14 drawBuffer=36064 readBuffer=36064 drawStatus=8cd5
[02Oct2026 17:46:37.326] [Render thread/INFO] [SuperResolution/]: SR_DIAG AFTER_PASS:composite1 fbo=14 attachment=8ce0 texture=48 mip=0 size=854x480 internalFormat=8c3a
[02Oct2026 17:46:37.326] [Render thread/INFO] [SuperResolution/]: SR_DIAG BEFORE_PASS:composite3 render=( 5.020E+2  2.820E+2) display=( 8.540E+2  4.800E+2) region-1=( 5.020E+2  2.820E+2) region-2=( 8.540E+2  4.800E+2) viewport=[0,0,854,480] scissor=[0,128,854,256]/false drawFbo=14 readFbo=14 drawBuffer=36064 readBuffer=36064 drawStatus=8cd5
[02Oct2026 17:46:37.326] [Render thread/INFO] [SuperResolution/]: SR_DIAG BEFORE_PASS:composite3 fbo=14 attachment=8ce0 texture=48 mip=0 size=854x480 internalFormat=8c3a
[02Oct2026 17:46:37.326] [Render thread/INFO] [SuperResolution/]: SR_DIAG AFTER_PASS:composite3 render=( 5.020E+2  2.820E+2) display=( 8.540E+2  4.800E+2) region-1=( 5.020E+2  2.820E+2) region-2=( 8.540E+2  4.800E+2) viewport=[0,0,854,480] scissor=[0,128,854,256]/false drawFbo=15 readFbo=15 drawBuffer=36064 readBuffer=36064 drawStatus=8cd5
[02Oct2026 17:46:37.326] [Render thread/INFO] [SuperResolution/]: SR_DIAG AFTER_PASS:composite3 fbo=15 attachment=8ce0 texture=49 mip=0 size=854x480 internalFormat=8c3a
[02Oct2026 17:46:37.326] [Render thread/INFO] [SuperResolution/]: SR_DIAG BEFORE_PASS:composite4 render=( 5.020E+2  2.820E+2) display=( 8.540E+2  4.800E+2) region-1=( 5.020E+2  2.820E+2) region-2=( 8.540E+2  4.800E+2) viewport=[0,0,854,480] scissor=[0,128,854,256]/false drawFbo=15 readFbo=15 drawBuffer=36064 readBuffer=36064 drawStatus=8cd5
[02Oct2026 17:46:37.326] [Render thread/INFO] [SuperResolution/]: SR_DIAG BEFORE_PASS:composite4 fbo=15 attachment=8ce0 texture=49 mip=0 size=854x480 internalFormat=8c3a
[02Oct2026 17:46:37.326] [Render thread/INFO] [SuperResolution/]: SR_DIAG AFTER_PASS:composite4 render=( 5.020E+2  2.820E+2) display=( 8.540E+2  4.800E+2) region-1=( 5.020E+2  2.820E+2) region-2=( 8.540E+2  4.800E+2) viewport=[0,0,854,480] scissor=[0,128,854,256]/false drawFbo=16 readFbo=16 drawBuffer=36064 readBuffer=36064 drawStatus=8cd5
[02Oct2026 17:46:37.326] [Render thread/INFO] [SuperResolution/]: SR_DIAG AFTER_PASS:composite4 fbo=16 attachment=8ce0 texture=64 mip=0 size=854x480 internalFormat=881a
[02Oct2026 17:46:37.326] [Render thread/INFO] [SuperResolution/]: SR_DIAG BEFORE_PASS:composite5 render=( 5.020E+2  2.820E+2) display=( 8.540E+2  4.800E+2) region-1=( 5.020E+2  2.820E+2) region-2=( 8.540E+2  4.800E+2) viewport=[0,0,854,480] scissor=[0,128,854,256]/false drawFbo=16 readFbo=16 drawBuffer=36064 readBuffer=36064 drawStatus=8cd5
[02Oct2026 17:46:37.326] [Render thread/INFO] [SuperResolution/]: SR_DIAG BEFORE_PASS:composite5 fbo=16 attachment=8ce0 texture=64 mip=0 size=854x480 internalFormat=881a
[02Oct2026 17:46:37.327] [Render thread/INFO] [SuperResolution/]: SR_DIAG AFTER_PASS:composite5 render=( 5.020E+2  2.820E+2) display=( 8.540E+2  4.800E+2) region-1=( 5.020E+2  2.820E+2) region-2=( 8.540E+2  4.800E+2) viewport=[0,0,854,480] scissor=[0,128,854,256]/false drawFbo=17 readFbo=17 drawBuffer=36064 readBuffer=36064 drawStatus=8cd5
[02Oct2026 17:46:37.327] [Render thread/INFO] [SuperResolution/]: SR_DIAG AFTER_PASS:composite5 fbo=17 attachment=8ce0 texture=63 mip=0 size=854x480 internalFormat=881a
[02Oct2026 17:46:37.327] [Render thread/INFO] [SuperResolution/]: SR_DIAG BEFORE_PASS:composite6 render=( 5.020E+2  2.820E+2) display=( 8.540E+2  4.800E+2) region-1=( 5.020E+2  2.820E+2) region-2=( 8.540E+2  4.800E+2) viewport=[0,0,854,480] scissor=[0,128,854,256]/false drawFbo=17 readFbo=17 drawBuffer=36064 readBuffer=36064 drawStatus=8cd5
[02Oct2026 17:46:37.327] [Render thread/INFO] [SuperResolution/]: SR_DIAG BEFORE_PASS:composite6 fbo=17 attachment=8ce0 texture=63 mip=0 size=854x480 internalFormat=881a
[02Oct2026 17:46:37.327] [Render thread/INFO] [SuperResolution/]: SR_DIAG AFTER_PASS:composite6 render=( 5.020E+2  2.820E+2) display=( 8.540E+2  4.800E+2) region-1=( 5.020E+2  2.820E+2) region-2=( 8.540E+2  4.800E+2) viewport=[0,0,854,480] scissor=[0,128,854,256]/false drawFbo=18 readFbo=18 drawBuffer=36064 readBuffer=36064 drawStatus=8cd5
[02Oct2026 17:46:37.327] [Render thread/INFO] [SuperResolution/]: SR_DIAG AFTER_PASS:composite6 fbo=18 attachment=8ce0 texture=64 mip=0 size=854x480 internalFormat=881a
[02Oct2026 17:46:37.328] [Render thread/INFO] [SuperResolution/]: SR_DIAG BEFORE_PASS:composite7 render=( 5.020E+2  2.820E+2) display=( 8.540E+2  4.800E+2) region-1=( 5.020E+2  2.820E+2) region-2=( 8.540E+2  4.800E+2) viewport=[0,0,854,480] scissor=[0,128,854,256]/false drawFbo=18 readFbo=18 drawBuffer=36064 readBuffer=36064 drawStatus=8cd5
[02Oct2026 17:46:37.328] [Render thread/INFO] [SuperResolution/]: SR_DIAG BEFORE_PASS:composite7 fbo=18 attachment=8ce0 texture=64 mip=0 size=854x480 internalFormat=881a
[02Oct2026 17:46:37.328] [Render thread/INFO] [SuperResolution/]: SR_DIAG BEFORE_SR render=( 5.020E+2  2.820E+2) display=( 8.540E+2  4.800E+2) region-1=( 5.020E+2  2.820E+2) region-2=( 8.540E+2  4.800E+2) viewport=[0,0,854,480] scissor=[0,128,854,256]/false drawFbo=18 readFbo=18 drawBuffer=36064 readBuffer=36064 drawStatus=8cd5
[02Oct2026 17:46:37.328] [Render thread/INFO] [SuperResolution/]: SR_DIAG BEFORE_SR fbo=18 attachment=8ce0 texture=64 mip=0 size=854x480 internalFormat=881a
[02Oct2026 17:46:37.328] [Render thread/INFO] [SuperResolution/]: SR_DIAG texture color id=64 size=854x480 format=RGBA16F target/type=Texture2D glInternalFormat=881a
[02Oct2026 17:46:37.328] [Render thread/INFO] [SuperResolution/]: SR_DIAG texture depth id=3 size=854x480 format=DEPTH24 target/type=Texture2D glInternalFormat=1902
[02Oct2026 17:46:37.328] [Render thread/INFO] [SuperResolution/]: SR_DIAG depth depth id=3 bits=24 componentType=8c17
[02Oct2026 17:46:37.328] [Render thread/INFO] [SuperResolution/]: SR_DIAG texture motion_vectors id=83 size=854x480 format=RGBA16F target/type=Texture2D glInternalFormat=881a
[02Oct2026 17:46:37.329] [Render thread/INFO] [SuperResolution/]: SR_DIAG texture algorithm_color id=92 size=502x282 format=RGBA16F target/type=Texture2D glInternalFormat=881a
[02Oct2026 17:46:37.329] [Render thread/INFO] [SuperResolution/]: SR_DIAG texture algorithm_depth id=94 size=502x282 format=DEPTH24 target/type=Texture2D glInternalFormat=81a6
[02Oct2026 17:46:37.329] [Render thread/INFO] [SuperResolution/]: SR_DIAG depth algorithm_depth id=94 bits=24 componentType=8c17
[02Oct2026 17:46:37.329] [Render thread/INFO] [SuperResolution/]: SR_DIAG texture algorithm_motion_vectors id=95 size=502x282 format=RGBA16F target/type=Texture2D glInternalFormat=881a
[02Oct2026 17:46:37.340] [Render thread/INFO] [SuperResolution/]: SR_DIAG texture SR_output id=85 size=854x480 format=RGBA16F target/type=Texture2D glInternalFormat=881a
[02Oct2026 17:46:37.340] [Render thread/INFO] [SuperResolution/]: SR_DIAG texture autotex3/output_target id=64 size=854x480 format=RGBA16F target/type=Texture2D glInternalFormat=881a
[02Oct2026 17:46:37.341] [Render thread/INFO] [SuperResolution/]: SR_DIAG AFTER_SR render=( 5.020E+2  2.820E+2) display=( 8.540E+2  4.800E+2) region-1=( 5.020E+2  2.820E+2) region-2=( 8.540E+2  4.800E+2) viewport=[0,0,854,480] scissor=[0,128,854,256]/false drawFbo=18 readFbo=18 drawBuffer=36064 readBuffer=36064 drawStatus=8cd5
[02Oct2026 17:46:37.341] [Render thread/INFO] [SuperResolution/]: SR_DIAG AFTER_SR fbo=18 attachment=8ce0 texture=64 mip=0 size=854x480 internalFormat=881a
[02Oct2026 17:46:37.341] [Render thread/INFO] [SuperResolution/]: SR_DIAG AFTER_PASS:composite7 render=( 5.020E+2  2.820E+2) display=( 8.540E+2  4.800E+2) region-1=( 5.020E+2  2.820E+2) region-2=( 8.540E+2  4.800E+2) viewport=[0,0,854,480] scissor=[0,128,854,256]/false drawFbo=19 readFbo=19 drawBuffer=36064 readBuffer=36064 drawStatus=8cd5
[02Oct2026 17:46:37.341] [Render thread/INFO] [SuperResolution/]: SR_DIAG AFTER_PASS:composite7 fbo=19 attachment=8ce0 texture=63 mip=0 size=854x480 internalFormat=881a
[02Oct2026 17:46:37.341] [Render thread/INFO] [SuperResolution/]: SR_DIAG FINAL_PIPELINE render=( 5.020E+2  2.820E+2) display=( 8.540E+2  4.800E+2) region-1=( 5.020E+2  2.820E+2) region-2=( 8.540E+2  4.800E+2) viewport=[0,0,854,480] scissor=[0,128,854,256]/false drawFbo=1 readFbo=1 drawBuffer=36064 readBuffer=36064 drawStatus=8cd5
[02Oct2026 17:46:37.341] [Render thread/INFO] [SuperResolution/]: SR_DIAG FINAL_PIPELINE fbo=1 attachment=8ce0 texture=2 mip=0 size=854x480 internalFormat=8058
[02Oct2026 17:46:37.341] [Render thread/INFO] [SuperResolution/]: SR_DIAG FINAL_PIPELINE fbo=1 attachment=8d00 texture=3 mip=0 size=854x480 internalFormat=1902
[02Oct2026 17:46:47.321] [Render thread/INFO] [SuperResolution/]: SR_DIAG BEFORE_PASS:deferred1 render=( 5.020E+2  2.820E+2) display=( 8.540E+2  4.800E+2) region-1=( 5.020E+2  2.820E+2) region-2=( 8.540E+2  4.800E+2) viewport=[0,0,854,480] scissor=[0,128,854,256]/false drawFbo=1 readFbo=1 drawBuffer=36064 readBuffer=36064 drawStatus=8cd5
[02Oct2026 17:46:47.321] [Render thread/INFO] [SuperResolution/]: SR_DIAG BEFORE_PASS:deferred1 fbo=1 attachment=8ce0 texture=2 mip=0 size=854x480 internalFormat=8058
[02Oct2026 17:46:47.321] [Render thread/INFO] [SuperResolution/]: SR_DIAG BEFORE_PASS:deferred1 fbo=1 attachment=8d00 texture=3 mip=0 size=854x480 internalFormat=1902
[02Oct2026 17:46:47.321] [Render thread/INFO] [SuperResolution/]: SR_DIAG AFTER_PASS:deferred1 render=( 5.020E+2  2.820E+2) display=( 8.540E+2  4.800E+2) region-1=( 5.020E+2  2.820E+2) region-2=( 8.540E+2  4.800E+2) viewport=[0,0,854,480] scissor=[0,128,854,256]/false drawFbo=12 readFbo=12 drawBuffer=36064 readBuffer=36064 drawStatus=8cd5
[02Oct2026 17:46:47.322] [Render thread/INFO] [SuperResolution/]: SR_DIAG AFTER_PASS:deferred1 fbo=12 attachment=8ce0 texture=49 mip=0 size=854x480 internalFormat=8c3a
[02Oct2026 17:46:47.331] [Render thread/INFO] [SuperResolution/]: SR_DIAG BEFORE_PASS:composite render=( 5.020E+2  2.820E+2) display=( 8.540E+2  4.800E+2) region-1=( 5.020E+2  2.820E+2) region-2=( 8.540E+2  4.800E+2) viewport=[0,0,854,480] scissor=[0,128,854,256]/false drawFbo=1 readFbo=1 drawBuffer=36064 readBuffer=36064 drawStatus=8cd5
[02Oct2026 17:46:47.331] [Render thread/INFO] [SuperResolution/]: SR_DIAG BEFORE_PASS:composite fbo=1 attachment=8ce0 texture=2 mip=0 size=854x480 internalFormat=8058
[02Oct2026 17:46:47.331] [Render thread/INFO] [SuperResolution/]: SR_DIAG BEFORE_PASS:composite fbo=1 attachment=8d00 texture=3 mip=0 size=854x480 internalFormat=1902
[02Oct2026 17:46:47.331] [Render thread/INFO] [SuperResolution/]: SR_DIAG AFTER_PASS:composite render=( 5.020E+2  2.820E+2) display=( 8.540E+2  4.800E+2) region-1=( 5.020E+2  2.820E+2) region-2=( 8.540E+2  4.800E+2) viewport=[0,0,427,240] scissor=[0,128,854,256]/false drawFbo=13 readFbo=13 drawBuffer=36064 readBuffer=36064 drawStatus=8cd5
[02Oct2026 17:46:47.331] [Render thread/INFO] [SuperResolution/]: SR_DIAG AFTER_PASS:composite fbo=13 attachment=8ce0 texture=77 mip=0 size=427x240 internalFormat=881a
[02Oct2026 17:46:47.332] [Render thread/INFO] [SuperResolution/]: SR_DIAG BEFORE_PASS:composite1 render=( 5.020E+2  2.820E+2) display=( 8.540E+2  4.800E+2) region-1=( 5.020E+2  2.820E+2) region-2=( 8.540E+2  4.800E+2) viewport=[0,0,427,240] scissor=[0,128,854,256]/false drawFbo=13 readFbo=13 drawBuffer=36064 readBuffer=36064 drawStatus=8cd5
[02Oct2026 17:46:47.332] [Render thread/INFO] [SuperResolution/]: SR_DIAG BEFORE_PASS:composite1 fbo=13 attachment=8ce0 texture=77 mip=0 size=427x240 internalFormat=881a
[02Oct2026 17:46:47.332] [Render thread/INFO] [SuperResolution/]: SR_DIAG AFTER_PASS:composite1 render=( 5.020E+2  2.820E+2) display=( 8.540E+2  4.800E+2) region-1=( 5.020E+2  2.820E+2) region-2=( 8.540E+2  4.800E+2) viewport=[0,0,854,480] scissor=[0,128,854,256]/false drawFbo=14 readFbo=14 drawBuffer=36064 readBuffer=36064 drawStatus=8cd5
[02Oct2026 17:46:47.332] [Render thread/INFO] [SuperResolution/]: SR_DIAG AFTER_PASS:composite1 fbo=14 attachment=8ce0 texture=48 mip=0 size=854x480 internalFormat=8c3a
[02Oct2026 17:46:47.332] [Render thread/INFO] [SuperResolution/]: SR_DIAG BEFORE_PASS:composite3 render=( 5.020E+2  2.820E+2) display=( 8.540E+2  4.800E+2) region-1=( 5.020E+2  2.820E+2) region-2=( 8.540E+2  4.800E+2) viewport=[0,0,854,480] scissor=[0,128,854,256]/false drawFbo=14 readFbo=14 drawBuffer=36064 readBuffer=36064 drawStatus=8cd5
[02Oct2026 17:46:47.332] [Render thread/INFO] [SuperResolution/]: SR_DIAG BEFORE_PASS:composite3 fbo=14 attachment=8ce0 texture=48 mip=0 size=854x480 internalFormat=8c3a
[02Oct2026 17:46:47.332] [Render thread/INFO] [SuperResolution/]: SR_DIAG AFTER_PASS:composite3 render=( 5.020E+2  2.820E+2) display=( 8.540E+2  4.800E+2) region-1=( 5.020E+2  2.820E+2) region-2=( 8.540E+2  4.800E+2) viewport=[0,0,854,480] scissor=[0,128,854,256]/false drawFbo=15 readFbo=15 drawBuffer=36064 readBuffer=36064 drawStatus=8cd5
[02Oct2026 17:46:47.332] [Render thread/INFO] [SuperResolution/]: SR_DIAG AFTER_PASS:composite3 fbo=15 attachment=8ce0 texture=49 mip=0 size=854x480 internalFormat=8c3a
[02Oct2026 17:46:47.332] [Render thread/INFO] [SuperResolution/]: SR_DIAG BEFORE_PASS:composite4 render=( 5.020E+2  2.820E+2) display=( 8.540E+2  4.800E+2) region-1=( 5.020E+2  2.820E+2) region-2=( 8.540E+2  4.800E+2) viewport=[0,0,854,480] scissor=[0,128,854,256]/false drawFbo=15 readFbo=15 drawBuffer=36064 readBuffer=36064 drawStatus=8cd5
[02Oct2026 17:46:47.332] [Render thread/INFO] [SuperResolution/]: SR_DIAG BEFORE_PASS:composite4 fbo=15 attachment=8ce0 texture=49 mip=0 size=854x480 internalFormat=8c3a
[02Oct2026 17:46:47.332] [Render thread/INFO] [SuperResolution/]: SR_DIAG AFTER_PASS:composite4 render=( 5.020E+2  2.820E+2) display=( 8.540E+2  4.800E+2) region-1=( 5.020E+2  2.820E+2) region-2=( 8.540E+2  4.800E+2) viewport=[0,0,854,480] scissor=[0,128,854,256]/false drawFbo=16 readFbo=16 drawBuffer=36064 readBuffer=36064 drawStatus=8cd5
[02Oct2026 17:46:47.332] [Render thread/INFO] [SuperResolution/]: SR_DIAG AFTER_PASS:composite4 fbo=16 attachment=8ce0 texture=64 mip=0 size=854x480 internalFormat=881a
[02Oct2026 17:46:47.332] [Render thread/INFO] [SuperResolution/]: SR_DIAG BEFORE_PASS:composite5 render=( 5.020E+2  2.820E+2) display=( 8.540E+2  4.800E+2) region-1=( 5.020E+2  2.820E+2) region-2=( 8.540E+2  4.800E+2) viewport=[0,0,854,480] scissor=[0,128,854,256]/false drawFbo=16 readFbo=16 drawBuffer=36064 readBuffer=36064 drawStatus=8cd5
[02Oct2026 17:46:47.332] [Render thread/INFO] [SuperResolution/]: SR_DIAG BEFORE_PASS:composite5 fbo=16 attachment=8ce0 texture=64 mip=0 size=854x480 internalFormat=881a
[02Oct2026 17:46:47.332] [Render thread/INFO] [SuperResolution/]: SR_DIAG AFTER_PASS:composite5 render=( 5.020E+2  2.820E+2) display=( 8.540E+2  4.800E+2) region-1=( 5.020E+2  2.820E+2) region-2=( 8.540E+2  4.800E+2) viewport=[0,0,854,480] scissor=[0,128,854,256]/false drawFbo=17 readFbo=17 drawBuffer=36064 readBuffer=36064 drawStatus=8cd5
[02Oct2026 17:46:47.332] [Render thread/INFO] [SuperResolution/]: SR_DIAG AFTER_PASS:composite5 fbo=17 attachment=8ce0 texture=63 mip=0 size=854x480 internalFormat=881a
[02Oct2026 17:46:47.332] [Render thread/INFO] [SuperResolution/]: SR_DIAG BEFORE_PASS:composite6 render=( 5.020E+2  2.820E+2) display=( 8.540E+2  4.800E+2) region-1=( 5.020E+2  2.820E+2) region-2=( 8.540E+2  4.800E+2) viewport=[0,0,854,480] scissor=[0,128,854,256]/false drawFbo=17 readFbo=17 drawBuffer=36064 readBuffer=36064 drawStatus=8cd5
[02Oct2026 17:46:47.333] [Render thread/INFO] [SuperResolution/]: SR_DIAG BEFORE_PASS:composite6 fbo=17 attachment=8ce0 texture=63 mip=0 size=854x480 internalFormat=881a
[02Oct2026 17:46:47.333] [Render thread/INFO] [SuperResolution/]: SR_DIAG AFTER_PASS:composite6 render=( 5.020E+2  2.820E+2) display=( 8.540E+2  4.800E+2) region-1=( 5.020E+2  2.820E+2) region-2=( 8.540E+2  4.800E+2) viewport=[0,0,854,480] scissor=[0,128,854,256]/false drawFbo=18 readFbo=18 drawBuffer=36064 readBuffer=36064 drawStatus=8cd5
[02Oct2026 17:46:47.333] [Render thread/INFO] [SuperResolution/]: SR_DIAG AFTER_PASS:composite6 fbo=18 attachment=8ce0 texture=64 mip=0 size=854x480 internalFormat=881a
[02Oct2026 17:46:47.333] [Render thread/INFO] [SuperResolution/]: SR_DIAG BEFORE_PASS:composite7 render=( 5.020E+2  2.820E+2) display=( 8.540E+2  4.800E+2) region-1=( 5.020E+2  2.820E+2) region-2=( 8.540E+2  4.800E+2) viewport=[0,0,854,480] scissor=[0,128,854,256]/false drawFbo=18 readFbo=18 drawBuffer=36064 readBuffer=36064 drawStatus=8cd5
[02Oct2026 17:46:47.333] [Render thread/INFO] [SuperResolution/]: SR_DIAG BEFORE_PASS:composite7 fbo=18 attachment=8ce0 texture=64 mip=0 size=854x480 internalFormat=881a
[02Oct2026 17:46:47.334] [Render thread/INFO] [SuperResolution/]: SR_DIAG BEFORE_SR render=( 5.020E+2  2.820E+2) display=( 8.540E+2  4.800E+2) region-1=( 5.020E+2  2.820E+2) region-2=( 8.540E+2  4.800E+2) viewport=[0,0,854,480] scissor=[0,128,854,256]/false drawFbo=18 readFbo=18 drawBuffer=36064 readBuffer=36064 drawStatus=8cd5
[02Oct2026 17:46:47.334] [Render thread/INFO] [SuperResolution/]: SR_DIAG BEFORE_SR fbo=18 attachment=8ce0 texture=64 mip=0 size=854x480 internalFormat=881a
[02Oct2026 17:46:47.334] [Render thread/INFO] [SuperResolution/]: SR_DIAG texture color id=64 size=854x480 format=RGBA16F target/type=Texture2D glInternalFormat=881a
[02Oct2026 17:46:47.334] [Render thread/INFO] [SuperResolution/]: SR_DIAG texture depth id=3 size=854x480 format=DEPTH24 target/type=Texture2D glInternalFormat=1902
[02Oct2026 17:46:47.334] [Render thread/INFO] [SuperResolution/]: SR_DIAG depth depth id=3 bits=24 componentType=8c17
[02Oct2026 17:46:47.334] [Render thread/INFO] [SuperResolution/]: SR_DIAG texture motion_vectors id=83 size=854x480 format=RGBA16F target/type=Texture2D glInternalFormat=881a
[02Oct2026 17:46:47.334] [Render thread/INFO] [SuperResolution/]: SR_DIAG texture algorithm_color id=92 size=502x282 format=RGBA16F target/type=Texture2D glInternalFormat=881a
[02Oct2026 17:46:47.334] [Render thread/INFO] [SuperResolution/]: SR_DIAG texture algorithm_depth id=94 size=502x282 format=DEPTH24 target/type=Texture2D glInternalFormat=81a6
[02Oct2026 17:46:47.334] [Render thread/INFO] [SuperResolution/]: SR_DIAG depth algorithm_depth id=94 bits=24 componentType=8c17
[02Oct2026 17:46:47.335] [Render thread/INFO] [SuperResolution/]: SR_DIAG texture algorithm_motion_vectors id=95 size=502x282 format=RGBA16F target/type=Texture2D glInternalFormat=881a
[02Oct2026 17:46:47.346] [Render thread/INFO] [SuperResolution/]: SR_DIAG texture SR_output id=85 size=854x480 format=RGBA16F target/type=Texture2D glInternalFormat=881a
[02Oct2026 17:46:47.346] [Render thread/INFO] [SuperResolution/]: SR_DIAG texture autotex3/output_target id=64 size=854x480 format=RGBA16F target/type=Texture2D glInternalFormat=881a
[02Oct2026 17:46:47.347] [Render thread/INFO] [SuperResolution/]: SR_DIAG AFTER_SR render=( 5.020E+2  2.820E+2) display=( 8.540E+2  4.800E+2) region-1=( 5.020E+2  2.820E+2) region-2=( 8.540E+2  4.800E+2) viewport=[0,0,854,480] scissor=[0,128,854,256]/false drawFbo=18 readFbo=18 drawBuffer=36064 readBuffer=36064 drawStatus=8cd5
[02Oct2026 17:46:47.347] [Render thread/INFO] [SuperResolution/]: SR_DIAG AFTER_SR fbo=18 attachment=8ce0 texture=64 mip=0 size=854x480 internalFormat=881a
[02Oct2026 17:46:47.347] [Render thread/INFO] [SuperResolution/]: SR_DIAG AFTER_PASS:composite7 render=( 5.020E+2  2.820E+2) display=( 8.540E+2  4.800E+2) region-1=( 5.020E+2  2.820E+2) region-2=( 8.540E+2  4.800E+2) viewport=[0,0,854,480] scissor=[0,128,854,256]/false drawFbo=19 readFbo=19 drawBuffer=36064 readBuffer=36064 drawStatus=8cd5
[02Oct2026 17:46:47.347] [Render thread/INFO] [SuperResolution/]: SR_DIAG AFTER_PASS:composite7 fbo=19 attachment=8ce0 texture=63 mip=0 size=854x480 internalFormat=881a
[02Oct2026 17:46:47.347] [Render thread/INFO] [SuperResolution/]: SR_DIAG FINAL_PIPELINE render=( 5.020E+2  2.820E+2) display=( 8.540E+2  4.800E+2) region-1=( 5.020E+2  2.820E+2) region-2=( 8.540E+2  4.800E+2) viewport=[0,0,854,480] scissor=[0,128,854,256]/false drawFbo=1 readFbo=1 drawBuffer=36064 readBuffer=36064 drawStatus=8cd5
[02Oct2026 17:46:47.347] [Render thread/INFO] [SuperResolution/]: SR_DIAG FINAL_PIPELINE fbo=1 attachment=8ce0 texture=2 mip=0 size=854x480 internalFormat=8058
[02Oct2026 17:46:47.348] [Render thread/INFO] [SuperResolution/]: SR_DIAG FINAL_PIPELINE fbo=1 attachment=8d00 texture=3 mip=0 size=854x480 internalFormat=1902
[02Oct2026 17:46:57.336] [Render thread/INFO] [SuperResolution/]: SR_DIAG BEFORE_PASS:deferred1 render=( 5.020E+2  2.820E+2) display=( 8.540E+2  4.800E+2) region-1=( 5.020E+2  2.820E+2) region-2=( 8.540E+2  4.800E+2) viewport=[0,0,854,480] scissor=[0,128,854,256]/false drawFbo=1 readFbo=1 drawBuffer=36064 readBuffer=36064 drawStatus=8cd5
[02Oct2026 17:46:57.336] [Render thread/INFO] [SuperResolution/]: SR_DIAG BEFORE_PASS:deferred1 fbo=1 attachment=8ce0 texture=2 mip=0 size=854x480 internalFormat=8058
[02Oct2026 17:46:57.336] [Render thread/INFO] [SuperResolution/]: SR_DIAG BEFORE_PASS:deferred1 fbo=1 attachment=8d00 texture=3 mip=0 size=854x480 internalFormat=1902
[02Oct2026 17:46:57.336] [Render thread/INFO] [SuperResolution/]: SR_DIAG AFTER_PASS:deferred1 render=( 5.020E+2  2.820E+2) display=( 8.540E+2  4.800E+2) region-1=( 5.020E+2  2.820E+2) region-2=( 8.540E+2  4.800E+2) viewport=[0,0,854,480] scissor=[0,128,854,256]/false drawFbo=12 readFbo=12 drawBuffer=36064 readBuffer=36064 drawStatus=8cd5
[02Oct2026 17:46:57.338] [Render thread/INFO] [SuperResolution/]: SR_DIAG AFTER_PASS:deferred1 fbo=12 attachment=8ce0 texture=49 mip=0 size=854x480 internalFormat=8c3a
[02Oct2026 17:46:57.338] [Render thread/INFO] [SuperResolution/]: SR_DIAG BEFORE_PASS:composite render=( 5.020E+2  2.820E+2) display=( 8.540E+2  4.800E+2) region-1=( 5.020E+2  2.820E+2) region-2=( 8.540E+2  4.800E+2) viewport=[0,0,854,480] scissor=[0,128,854,256]/false drawFbo=1 readFbo=1 drawBuffer=36064 readBuffer=36064 drawStatus=8cd5
[02Oct2026 17:46:57.338] [Render thread/INFO] [SuperResolution/]: SR_DIAG BEFORE_PASS:composite fbo=1 attachment=8ce0 texture=2 mip=0 size=854x480 internalFormat=8058
[02Oct2026 17:46:57.338] [Render thread/INFO] [SuperResolution/]: SR_DIAG BEFORE_PASS:composite fbo=1 attachment=8d00 texture=3 mip=0 size=854x480 internalFormat=1902
[02Oct2026 17:46:57.339] [Render thread/INFO] [SuperResolution/]: SR_DIAG AFTER_PASS:composite render=( 5.020E+2  2.820E+2) display=( 8.540E+2  4.800E+2) region-1=( 5.020E+2  2.820E+2) region-2=( 8.540E+2  4.800E+2) viewport=[0,0,427,240] scissor=[0,128,854,256]/false drawFbo=13 readFbo=13 drawBuffer=36064 readBuffer=36064 drawStatus=8cd5
[02Oct2026 17:46:57.339] [Render thread/INFO] [SuperResolution/]: SR_DIAG AFTER_PASS:composite fbo=13 attachment=8ce0 texture=77 mip=0 size=427x240 internalFormat=881a
[02Oct2026 17:46:57.339] [Render thread/INFO] [SuperResolution/]: SR_DIAG BEFORE_PASS:composite1 render=( 5.020E+2  2.820E+2) display=( 8.540E+2  4.800E+2) region-1=( 5.020E+2  2.820E+2) region-2=( 8.540E+2  4.800E+2) viewport=[0,0,427,240] scissor=[0,128,854,256]/false drawFbo=13 readFbo=13 drawBuffer=36064 readBuffer=36064 drawStatus=8cd5
[02Oct2026 17:46:57.339] [Render thread/INFO] [SuperResolution/]: SR_DIAG BEFORE_PASS:composite1 fbo=13 attachment=8ce0 texture=77 mip=0 size=427x240 internalFormat=881a
[02Oct2026 17:46:57.339] [Render thread/INFO] [SuperResolution/]: SR_DIAG AFTER_PASS:composite1 render=( 5.020E+2  2.820E+2) display=( 8.540E+2  4.800E+2) region-1=( 5.020E+2  2.820E+2) region-2=( 8.540E+2  4.800E+2) viewport=[0,0,854,480] scissor=[0,128,854,256]/false drawFbo=14 readFbo=14 drawBuffer=36064 readBuffer=36064 drawStatus=8cd5
[02Oct2026 17:46:57.339] [Render thread/INFO] [SuperResolution/]: SR_DIAG AFTER_PASS:composite1 fbo=14 attachment=8ce0 texture=48 mip=0 size=854x480 internalFormat=8c3a
[02Oct2026 17:46:57.339] [Render thread/INFO] [SuperResolution/]: SR_DIAG BEFORE_PASS:composite3 render=( 5.020E+2  2.820E+2) display=( 8.540E+2  4.800E+2) region-1=( 5.020E+2  2.820E+2) region-2=( 8.540E+2  4.800E+2) viewport=[0,0,854,480] scissor=[0,128,854,256]/false drawFbo=14 readFbo=14 drawBuffer=36064 readBuffer=36064 drawStatus=8cd5
[02Oct2026 17:46:57.339] [Render thread/INFO] [SuperResolution/]: SR_DIAG BEFORE_PASS:composite3 fbo=14 attachment=8ce0 texture=48 mip=0 size=854x480 internalFormat=8c3a
[02Oct2026 17:46:57.340] [Render thread/INFO] [SuperResolution/]: SR_DIAG AFTER_PASS:composite3 render=( 5.020E+2  2.820E+2) display=( 8.540E+2  4.800E+2) region-1=( 5.020E+2  2.820E+2) region-2=( 8.540E+2  4.800E+2) viewport=[0,0,854,480] scissor=[0,128,854,256]/false drawFbo=15 readFbo=15 drawBuffer=36064 readBuffer=36064 drawStatus=8cd5
[02Oct2026 17:46:57.340] [Render thread/INFO] [SuperResolution/]: SR_DIAG AFTER_PASS:composite3 fbo=15 attachment=8ce0 texture=49 mip=0 size=854x480 internalFormat=8c3a
[02Oct2026 17:46:57.340] [Render thread/INFO] [SuperResolution/]: SR_DIAG BEFORE_PASS:composite4 render=( 5.020E+2  2.820E+2) display=( 8.540E+2  4.800E+2) region-1=( 5.020E+2  2.820E+2) region-2=( 8.540E+2  4.800E+2) viewport=[0,0,854,480] scissor=[0,128,854,256]/false drawFbo=15 readFbo=15 drawBuffer=36064 readBuffer=36064 drawStatus=8cd5
[02Oct2026 17:46:57.340] [Render thread/INFO] [SuperResolution/]: SR_DIAG BEFORE_PASS:composite4 fbo=15 attachment=8ce0 texture=49 mip=0 size=854x480 internalFormat=8c3a
[02Oct2026 17:46:57.340] [Render thread/INFO] [SuperResolution/]: SR_DIAG AFTER_PASS:composite4 render=( 5.020E+2  2.820E+2) display=( 8.540E+2  4.800E+2) region-1=( 5.020E+2  2.820E+2) region-2=( 8.540E+2  4.800E+2) viewport=[0,0,854,480] scissor=[0,128,854,256]/false drawFbo=16 readFbo=16 drawBuffer=36064 readBuffer=36064 drawStatus=8cd5
[02Oct2026 17:46:57.340] [Render thread/INFO] [SuperResolution/]: SR_DIAG AFTER_PASS:composite4 fbo=16 attachment=8ce0 texture=64 mip=0 size=854x480 internalFormat=881a
[02Oct2026 17:46:57.340] [Render thread/INFO] [SuperResolution/]: SR_DIAG BEFORE_PASS:composite5 render=( 5.020E+2  2.820E+2) display=( 8.540E+2  4.800E+2) region-1=( 5.020E+2  2.820E+2) region-2=( 8.540E+2  4.800E+2) viewport=[0,0,854,480] scissor=[0,128,854,256]/false drawFbo=16 readFbo=16 drawBuffer=36064 readBuffer=36064 drawStatus=8cd5
[02Oct2026 17:46:57.340] [Render thread/INFO] [SuperResolution/]: SR_DIAG BEFORE_PASS:composite5 fbo=16 attachment=8ce0 texture=64 mip=0 size=854x480 internalFormat=881a
[02Oct2026 17:46:57.340] [Render thread/INFO] [SuperResolution/]: SR_DIAG AFTER_PASS:composite5 render=( 5.020E+2  2.820E+2) display=( 8.540E+2  4.800E+2) region-1=( 5.020E+2  2.820E+2) region-2=( 8.540E+2  4.800E+2) viewport=[0,0,854,480] scissor=[0,128,854,256]/false drawFbo=17 readFbo=17 drawBuffer=36064 readBuffer=36064 drawStatus=8cd5
[02Oct2026 17:46:57.340] [Render thread/INFO] [SuperResolution/]: SR_DIAG AFTER_PASS:composite5 fbo=17 attachment=8ce0 texture=63 mip=0 size=854x480 internalFormat=881a
[02Oct2026 17:46:57.341] [Render thread/INFO] [SuperResolution/]: SR_DIAG BEFORE_PASS:composite6 render=( 5.020E+2  2.820E+2) display=( 8.540E+2  4.800E+2) region-1=( 5.020E+2  2.820E+2) region-2=( 8.540E+2  4.800E+2) viewport=[0,0,854,480] scissor=[0,128,854,256]/false drawFbo=17 readFbo=17 drawBuffer=36064 readBuffer=36064 drawStatus=8cd5
[02Oct2026 17:46:57.341] [Render thread/INFO] [SuperResolution/]: SR_DIAG BEFORE_PASS:composite6 fbo=17 attachment=8ce0 texture=63 mip=0 size=854x480 internalFormat=881a
[02Oct2026 17:46:57.341] [Render thread/INFO] [SuperResolution/]: SR_DIAG AFTER_PASS:composite6 render=( 5.020E+2  2.820E+2) display=( 8.540E+2  4.800E+2) region-1=( 5.020E+2  2.820E+2) region-2=( 8.540E+2  4.800E+2) viewport=[0,0,854,480] scissor=[0,128,854,256]/false drawFbo=18 readFbo=18 drawBuffer=36064 readBuffer=36064 drawStatus=8cd5
[02Oct2026 17:46:57.341] [Render thread/INFO] [SuperResolution/]: SR_DIAG AFTER_PASS:composite6 fbo=18 attachment=8ce0 texture=64 mip=0 size=854x480 internalFormat=881a
[02Oct2026 17:46:57.341] [Render thread/INFO] [SuperResolution/]: SR_DIAG BEFORE_PASS:composite7 render=( 5.020E+2  2.820E+2) display=( 8.540E+2  4.800E+2) region-1=( 5.020E+2  2.820E+2) region-2=( 8.540E+2  4.800E+2) viewport=[0,0,854,480] scissor=[0,128,854,256]/false drawFbo=18 readFbo=18 drawBuffer=36064 readBuffer=36064 drawStatus=8cd5
[02Oct2026 17:46:57.341] [Render thread/INFO] [SuperResolution/]: SR_DIAG BEFORE_PASS:composite7 fbo=18 attachment=8ce0 texture=64 mip=0 size=854x480 internalFormat=881a
[02Oct2026 17:46:57.341] [Render thread/INFO] [SuperResolution/]: SR_DIAG BEFORE_SR render=( 5.020E+2  2.820E+2) display=( 8.540E+2  4.800E+2) region-1=( 5.020E+2  2.820E+2) region-2=( 8.540E+2  4.800E+2) viewport=[0,0,854,480] scissor=[0,128,854,256]/false drawFbo=18 readFbo=18 drawBuffer=36064 readBuffer=36064 drawStatus=8cd5
[02Oct2026 17:46:57.341] [Render thread/INFO] [SuperResolution/]: SR_DIAG BEFORE_SR fbo=18 attachment=8ce0 texture=64 mip=0 size=854x480 internalFormat=881a
[02Oct2026 17:46:57.341] [Render thread/INFO] [SuperResolution/]: SR_DIAG texture color id=64 size=854x480 format=RGBA16F target/type=Texture2D glInternalFormat=881a
[02Oct2026 17:46:57.341] [Render thread/INFO] [SuperResolution/]: SR_DIAG texture depth id=3 size=854x480 format=DEPTH24 target/type=Texture2D glInternalFormat=1902
[02Oct2026 17:46:57.341] [Render thread/INFO] [SuperResolution/]: SR_DIAG depth depth id=3 bits=24 componentType=8c17
[02Oct2026 17:46:57.341] [Render thread/INFO] [SuperResolution/]: SR_DIAG texture motion_vectors id=83 size=854x480 format=RGBA16F target/type=Texture2D glInternalFormat=881a
[02Oct2026 17:46:57.341] [Render thread/INFO] [SuperResolution/]: SR_DIAG texture algorithm_color id=92 size=502x282 format=RGBA16F target/type=Texture2D glInternalFormat=881a
[02Oct2026 17:46:57.341] [Render thread/INFO] [SuperResolution/]: SR_DIAG texture algorithm_depth id=94 size=502x282 format=DEPTH24 target/type=Texture2D glInternalFormat=81a6
[02Oct2026 17:46:57.342] [Render thread/INFO] [SuperResolution/]: SR_DIAG depth algorithm_depth id=94 bits=24 componentType=8c17
[02Oct2026 17:46:57.342] [Render thread/INFO] [SuperResolution/]: SR_DIAG texture algorithm_motion_vectors id=95 size=502x282 format=RGBA16F target/type=Texture2D glInternalFormat=881a
[02Oct2026 17:46:57.372] [Render thread/INFO] [SuperResolution/]: SR_DIAG texture SR_output id=85 size=854x480 format=RGBA16F target/type=Texture2D glInternalFormat=881a
[02Oct2026 17:46:57.372] [Render thread/INFO] [SuperResolution/]: SR_DIAG texture autotex3/output_target id=64 size=854x480 format=RGBA16F target/type=Texture2D glInternalFormat=881a
[02Oct2026 17:46:57.372] [Render thread/INFO] [SuperResolution/]: SR_DIAG AFTER_SR render=( 5.020E+2  2.820E+2) display=( 8.540E+2  4.800E+2) region-1=( 5.020E+2  2.820E+2) region-2=( 8.540E+2  4.800E+2) viewport=[0,0,854,480] scissor=[0,128,854,256]/false drawFbo=18 readFbo=18 drawBuffer=36064 readBuffer=36064 drawStatus=8cd5
[02Oct2026 17:46:57.372] [Render thread/INFO] [SuperResolution/]: SR_DIAG AFTER_SR fbo=18 attachment=8ce0 texture=64 mip=0 size=854x480 internalFormat=881a
[02Oct2026 17:46:57.372] [Render thread/INFO] [SuperResolution/]: SR_DIAG AFTER_PASS:composite7 render=( 5.020E+2  2.820E+2) display=( 8.540E+2  4.800E+2) region-1=( 5.020E+2  2.820E+2) region-2=( 8.540E+2  4.800E+2) viewport=[0,0,854,480] scissor=[0,128,854,256]/false drawFbo=19 readFbo=19 drawBuffer=36064 readBuffer=36064 drawStatus=8cd5
[02Oct2026 17:46:57.372] [Render thread/INFO] [SuperResolution/]: SR_DIAG AFTER_PASS:composite7 fbo=19 attachment=8ce0 texture=63 mip=0 size=854x480 internalFormat=881a
[02Oct2026 17:46:57.374] [Render thread/INFO] [SuperResolution/]: SR_DIAG FINAL_PIPELINE render=( 5.020E+2  2.820E+2) display=( 8.540E+2  4.800E+2) region-1=( 5.020E+2  2.820E+2) region-2=( 8.540E+2  4.800E+2) viewport=[0,0,854,480] scissor=[0,128,854,256]/false drawFbo=1 readFbo=1 drawBuffer=36064 readBuffer=36064 drawStatus=8cd5
[02Oct2026 17:46:57.374] [Render thread/INFO] [SuperResolution/]: SR_DIAG FINAL_PIPELINE fbo=1 attachment=8ce0 texture=2 mip=0 size=854x480 internalFormat=8058
[02Oct2026 17:46:57.374] [Render thread/INFO] [SuperResolution/]: SR_DIAG FINAL_PIPELINE fbo=1 attachment=8d00 texture=3 mip=0 size=854x480 internalFormat=1902
[02Oct2026 17:47:07.338] [Render thread/INFO] [SuperResolution/]: SR_DIAG BEFORE_PASS:deferred1 render=( 5.020E+2  2.820E+2) display=( 8.540E+2  4.800E+2) region-1=( 5.020E+2  2.820E+2) region-2=( 8.540E+2  4.800E+2) viewport=[0,0,854,480] scissor=[0,128,854,256]/false drawFbo=1 readFbo=1 drawBuffer=36064 readBuffer=36064 drawStatus=8cd5
[02Oct2026 17:47:07.339] [Render thread/INFO] [SuperResolution/]: SR_DIAG BEFORE_PASS:deferred1 fbo=1 attachment=8ce0 texture=2 mip=0 size=854x480 internalFormat=8058
[02Oct2026 17:47:07.339] [Render thread/INFO] [SuperResolution/]: SR_DIAG BEFORE_PASS:deferred1 fbo=1 attachment=8d00 texture=3 mip=0 size=854x480 internalFormat=1902
[02Oct2026 17:47:07.340] [Render thread/INFO] [SuperResolution/]: SR_DIAG AFTER_PASS:deferred1 render=( 5.020E+2  2.820E+2) display=( 8.540E+2  4.800E+2) region-1=( 5.020E+2  2.820E+2) region-2=( 8.540E+2  4.800E+2) viewport=[0,0,854,480] scissor=[0,128,854,256]/false drawFbo=12 readFbo=12 drawBuffer=36064 readBuffer=36064 drawStatus=8cd5
[02Oct2026 17:47:07.340] [Render thread/INFO] [SuperResolution/]: SR_DIAG AFTER_PASS:deferred1 fbo=12 attachment=8ce0 texture=49 mip=0 size=854x480 internalFormat=8c3a
[02Oct2026 17:47:07.340] [Render thread/INFO] [SuperResolution/]: SR_DIAG BEFORE_PASS:composite render=( 5.020E+2  2.820E+2) display=( 8.540E+2  4.800E+2) region-1=( 5.020E+2  2.820E+2) region-2=( 8.540E+2  4.800E+2) viewport=[0,0,854,480] scissor=[0,128,854,256]/false drawFbo=1 readFbo=1 drawBuffer=36064 readBuffer=36064 drawStatus=8cd5
[02Oct2026 17:47:07.340] [Render thread/INFO] [SuperResolution/]: SR_DIAG BEFORE_PASS:composite fbo=1 attachment=8ce0 texture=2 mip=0 size=854x480 internalFormat=8058
[02Oct2026 17:47:07.340] [Render thread/INFO] [SuperResolution/]: SR_DIAG BEFORE_PASS:composite fbo=1 attachment=8d00 texture=3 mip=0 size=854x480 internalFormat=1902
[02Oct2026 17:47:07.340] [Render thread/INFO] [SuperResolution/]: SR_DIAG AFTER_PASS:composite render=( 5.020E+2  2.820E+2) display=( 8.540E+2  4.800E+2) region-1=( 5.020E+2  2.820E+2) region-2=( 8.540E+2  4.800E+2) viewport=[0,0,427,240] scissor=[0,128,854,256]/false drawFbo=13 readFbo=13 drawBuffer=36064 readBuffer=36064 drawStatus=8cd5
[02Oct2026 17:47:07.340] [Render thread/INFO] [SuperResolution/]: SR_DIAG AFTER_PASS:composite fbo=13 attachment=8ce0 texture=77 mip=0 size=427x240 internalFormat=881a
[02Oct2026 17:47:07.340] [Render thread/INFO] [SuperResolution/]: SR_DIAG BEFORE_PASS:composite1 render=( 5.020E+2  2.820E+2) display=( 8.540E+2  4.800E+2) region-1=( 5.020E+2  2.820E+2) region-2=( 8.540E+2  4.800E+2) viewport=[0,0,427,240] scissor=[0,128,854,256]/false drawFbo=13 readFbo=13 drawBuffer=36064 readBuffer=36064 drawStatus=8cd5
[02Oct2026 17:47:07.340] [Render thread/INFO] [SuperResolution/]: SR_DIAG BEFORE_PASS:composite1 fbo=13 attachment=8ce0 texture=77 mip=0 size=427x240 internalFormat=881a
[02Oct2026 17:47:07.340] [Render thread/INFO] [SuperResolution/]: SR_DIAG AFTER_PASS:composite1 render=( 5.020E+2  2.820E+2) display=( 8.540E+2  4.800E+2) region-1=( 5.020E+2  2.820E+2) region-2=( 8.540E+2  4.800E+2) viewport=[0,0,854,480] scissor=[0,128,854,256]/false drawFbo=14 readFbo=14 drawBuffer=36064 readBuffer=36064 drawStatus=8cd5
[02Oct2026 17:47:07.340] [Render thread/INFO] [SuperResolution/]: SR_DIAG AFTER_PASS:composite1 fbo=14 attachment=8ce0 texture=48 mip=0 size=854x480 internalFormat=8c3a
[02Oct2026 17:47:07.340] [Render thread/INFO] [SuperResolution/]: SR_DIAG BEFORE_PASS:composite3 render=( 5.020E+2  2.820E+2) display=( 8.540E+2  4.800E+2) region-1=( 5.020E+2  2.820E+2) region-2=( 8.540E+2  4.800E+2) viewport=[0,0,854,480] scissor=[0,128,854,256]/false drawFbo=14 readFbo=14 drawBuffer=36064 readBuffer=36064 drawStatus=8cd5
[02Oct2026 17:47:07.340] [Render thread/INFO] [SuperResolution/]: SR_DIAG BEFORE_PASS:composite3 fbo=14 attachment=8ce0 texture=48 mip=0 size=854x480 internalFormat=8c3a
[02Oct2026 17:47:07.341] [Render thread/INFO] [SuperResolution/]: SR_DIAG AFTER_PASS:composite3 render=( 5.020E+2  2.820E+2) display=( 8.540E+2  4.800E+2) region-1=( 5.020E+2  2.820E+2) region-2=( 8.540E+2  4.800E+2) viewport=[0,0,854,480] scissor=[0,128,854,256]/false drawFbo=15 readFbo=15 drawBuffer=36064 readBuffer=36064 drawStatus=8cd5
[02Oct2026 17:47:07.341] [Render thread/INFO] [SuperResolution/]: SR_DIAG AFTER_PASS:composite3 fbo=15 attachment=8ce0 texture=49 mip=0 size=854x480 internalFormat=8c3a
[02Oct2026 17:47:07.341] [Render thread/INFO] [SuperResolution/]: SR_DIAG BEFORE_PASS:composite4 render=( 5.020E+2  2.820E+2) display=( 8.540E+2  4.800E+2) region-1=( 5.020E+2  2.820E+2) region-2=( 8.540E+2  4.800E+2) viewport=[0,0,854,480] scissor=[0,128,854,256]/false drawFbo=15 readFbo=15 drawBuffer=36064 readBuffer=36064 drawStatus=8cd5
[02Oct2026 17:47:07.341] [Render thread/INFO] [SuperResolution/]: SR_DIAG BEFORE_PASS:composite4 fbo=15 attachment=8ce0 texture=49 mip=0 size=854x480 internalFormat=8c3a
[02Oct2026 17:47:07.342] [Render thread/INFO] [SuperResolution/]: SR_DIAG AFTER_PASS:composite4 render=( 5.020E+2  2.820E+2) display=( 8.540E+2  4.800E+2) region-1=( 5.020E+2  2.820E+2) region-2=( 8.540E+2  4.800E+2) viewport=[0,0,854,480] scissor=[0,128,854,256]/false drawFbo=16 readFbo=16 drawBuffer=36064 readBuffer=36064 drawStatus=8cd5
[02Oct2026 17:47:07.342] [Render thread/INFO] [SuperResolution/]: SR_DIAG AFTER_PASS:composite4 fbo=16 attachment=8ce0 texture=64 mip=0 size=854x480 internalFormat=881a
[02Oct2026 17:47:07.342] [Render thread/INFO] [SuperResolution/]: SR_DIAG BEFORE_PASS:composite5 render=( 5.020E+2  2.820E+2) display=( 8.540E+2  4.800E+2) region-1=( 5.020E+2  2.820E+2) region-2=( 8.540E+2  4.800E+2) viewport=[0,0,854,480] scissor=[0,128,854,256]/false drawFbo=16 readFbo=16 drawBuffer=36064 readBuffer=36064 drawStatus=8cd5
[02Oct2026 17:47:07.342] [Render thread/INFO] [SuperResolution/]: SR_DIAG BEFORE_PASS:composite5 fbo=16 attachment=8ce0 texture=64 mip=0 size=854x480 internalFormat=881a
[02Oct2026 17:47:07.342] [Render thread/INFO] [SuperResolution/]: SR_DIAG AFTER_PASS:composite5 render=( 5.020E+2  2.820E+2) display=( 8.540E+2  4.800E+2) region-1=( 5.020E+2  2.820E+2) region-2=( 8.540E+2  4.800E+2) viewport=[0,0,854,480] scissor=[0,128,854,256]/false drawFbo=17 readFbo=17 drawBuffer=36064 readBuffer=36064 drawStatus=8cd5
[02Oct2026 17:47:07.342] [Render thread/INFO] [SuperResolution/]: SR_DIAG AFTER_PASS:composite5 fbo=17 attachment=8ce0 texture=63 mip=0 size=854x480 internalFormat=881a
[02Oct2026 17:47:07.342] [Render thread/INFO] [SuperResolution/]: SR_DIAG BEFORE_PASS:composite6 render=( 5.020E+2  2.820E+2) display=( 8.540E+2  4.800E+2) region-1=( 5.020E+2  2.820E+2) region-2=( 8.540E+2  4.800E+2) viewport=[0,0,854,480] scissor=[0,128,854,256]/false drawFbo=17 readFbo=17 drawBuffer=36064 readBuffer=36064 drawStatus=8cd5
[02Oct2026 17:47:07.342] [Render thread/INFO] [SuperResolution/]: SR_DIAG BEFORE_PASS:composite6 fbo=17 attachment=8ce0 texture=63 mip=0 size=854x480 internalFormat=881a
[02Oct2026 17:47:07.342] [Render thread/INFO] [SuperResolution/]: SR_DIAG AFTER_PASS:composite6 render=( 5.020E+2  2.820E+2) display=( 8.540E+2  4.800E+2) region-1=( 5.020E+2  2.820E+2) region-2=( 8.540E+2  4.800E+2) viewport=[0,0,854,480] scissor=[0,128,854,256]/false drawFbo=18 readFbo=18 drawBuffer=36064 readBuffer=36064 drawStatus=8cd5
[02Oct2026 17:47:07.342] [Render thread/INFO] [SuperResolution/]: SR_DIAG AFTER_PASS:composite6 fbo=18 attachment=8ce0 texture=64 mip=0 size=854x480 internalFormat=881a
[02Oct2026 17:47:07.342] [Render thread/INFO] [SuperResolution/]: SR_DIAG BEFORE_PASS:composite7 render=( 5.020E+2  2.820E+2) display=( 8.540E+2  4.800E+2) region-1=( 5.020E+2  2.820E+2) region-2=( 8.540E+2  4.800E+2) viewport=[0,0,854,480] scissor=[0,128,854,256]/false drawFbo=18 readFbo=18 drawBuffer=36064 readBuffer=36064 drawStatus=8cd5
[02Oct2026 17:47:07.342] [Render thread/INFO] [SuperResolution/]: SR_DIAG BEFORE_PASS:composite7 fbo=18 attachment=8ce0 texture=64 mip=0 size=854x480 internalFormat=881a
[02Oct2026 17:47:07.342] [Render thread/INFO] [SuperResolution/]: SR_DIAG BEFORE_SR render=( 5.020E+2  2.820E+2) display=( 8.540E+2  4.800E+2) region-1=( 5.020E+2  2.820E+2) region-2=( 8.540E+2  4.800E+2) viewport=[0,0,854,480] scissor=[0,128,854,256]/false drawFbo=18 readFbo=18 drawBuffer=36064 readBuffer=36064 drawStatus=8cd5
[02Oct2026 17:47:07.342] [Render thread/INFO] [SuperResolution/]: SR_DIAG BEFORE_SR fbo=18 attachment=8ce0 texture=64 mip=0 size=854x480 internalFormat=881a
[02Oct2026 17:47:07.342] [Render thread/INFO] [SuperResolution/]: SR_DIAG texture color id=64 size=854x480 format=RGBA16F target/type=Texture2D glInternalFormat=881a
[02Oct2026 17:47:07.342] [Render thread/INFO] [SuperResolution/]: SR_DIAG texture depth id=3 size=854x480 format=DEPTH24 target/type=Texture2D glInternalFormat=1902
[02Oct2026 17:47:07.342] [Render thread/INFO] [SuperResolution/]: SR_DIAG depth depth id=3 bits=24 componentType=8c17
[02Oct2026 17:47:07.342] [Render thread/INFO] [SuperResolution/]: SR_DIAG texture motion_vectors id=83 size=854x480 format=RGBA16F target/type=Texture2D glInternalFormat=881a
[02Oct2026 17:47:07.342] [Render thread/INFO] [SuperResolution/]: SR_DIAG texture algorithm_color id=92 size=502x282 format=RGBA16F target/type=Texture2D glInternalFormat=881a
[02Oct2026 17:47:07.342] [Render thread/INFO] [SuperResolution/]: SR_DIAG texture algorithm_depth id=94 size=502x282 format=DEPTH24 target/type=Texture2D glInternalFormat=81a6
[02Oct2026 17:47:07.343] [Render thread/INFO] [SuperResolution/]: SR_DIAG depth algorithm_depth id=94 bits=24 componentType=8c17
[02Oct2026 17:47:07.343] [Render thread/INFO] [SuperResolution/]: SR_DIAG texture algorithm_motion_vectors id=95 size=502x282 format=RGBA16F target/type=Texture2D glInternalFormat=881a
[02Oct2026 17:47:07.379] [Render thread/INFO] [SuperResolution/]: SR_DIAG texture SR_output id=85 size=854x480 format=RGBA16F target/type=Texture2D glInternalFormat=881a
[02Oct2026 17:47:07.380] [Render thread/INFO] [SuperResolution/]: SR_DIAG texture autotex3/output_target id=64 size=854x480 format=RGBA16F target/type=Texture2D glInternalFormat=881a
[02Oct2026 17:47:07.380] [Render thread/INFO] [SuperResolution/]: SR_DIAG AFTER_SR render=( 5.020E+2  2.820E+2) display=( 8.540E+2  4.800E+2) region-1=( 5.020E+2  2.820E+2) region-2=( 8.540E+2  4.800E+2) viewport=[0,0,854,480] scissor=[0,128,854,256]/false drawFbo=18 readFbo=18 drawBuffer=36064 readBuffer=36064 drawStatus=8cd5
[02Oct2026 17:47:07.380] [Render thread/INFO] [SuperResolution/]: SR_DIAG AFTER_SR fbo=18 attachment=8ce0 texture=64 mip=0 size=854x480 internalFormat=881a
[02Oct2026 17:47:07.380] [Render thread/INFO] [SuperResolution/]: SR_DIAG AFTER_PASS:composite7 render=( 5.020E+2  2.820E+2) display=( 8.540E+2  4.800E+2) region-1=( 5.020E+2  2.820E+2) region-2=( 8.540E+2  4.800E+2) viewport=[0,0,854,480] scissor=[0,128,854,256]/false drawFbo=19 readFbo=19 drawBuffer=36064 readBuffer=36064 drawStatus=8cd5
[02Oct2026 17:47:07.380] [Render thread/INFO] [SuperResolution/]: SR_DIAG AFTER_PASS:composite7 fbo=19 attachment=8ce0 texture=63 mip=0 size=854x480 internalFormat=881a
[02Oct2026 17:47:07.380] [Render thread/INFO] [SuperResolution/]: SR_DIAG FINAL_PIPELINE render=( 5.020E+2  2.820E+2) display=( 8.540E+2  4.800E+2) region-1=( 5.020E+2  2.820E+2) region-2=( 8.540E+2  4.800E+2) viewport=[0,0,854,480] scissor=[0,128,854,256]/false drawFbo=1 readFbo=1 drawBuffer=36064 readBuffer=36064 drawStatus=8cd5
[02Oct2026 17:47:07.380] [Render thread/INFO] [SuperResolution/]: SR_DIAG FINAL_PIPELINE fbo=1 attachment=8ce0 texture=2 mip=0 size=854x480 internalFormat=8058
[02Oct2026 17:47:07.380] [Render thread/INFO] [SuperResolution/]: SR_DIAG FINAL_PIPELINE fbo=1 attachment=8d00 texture=3 mip=0 size=854x480 internalFormat=1902
[02Oct2026 17:47:17.341] [Render thread/INFO] [SuperResolution/]: SR_DIAG BEFORE_PASS:deferred1 render=( 5.020E+2  2.820E+2) display=( 8.540E+2  4.800E+2) region-1=( 5.020E+2  2.820E+2) region-2=( 8.540E+2  4.800E+2) viewport=[0,0,854,480] scissor=[0,128,854,256]/false drawFbo=1 readFbo=1 drawBuffer=36064 readBuffer=36064 drawStatus=8cd5
[02Oct2026 17:47:17.341] [Render thread/INFO] [SuperResolution/]: SR_DIAG BEFORE_PASS:deferred1 fbo=1 attachment=8ce0 texture=2 mip=0 size=854x480 internalFormat=8058
[02Oct2026 17:47:17.341] [Render thread/INFO] [SuperResolution/]: SR_DIAG BEFORE_PASS:deferred1 fbo=1 attachment=8d00 texture=3 mip=0 size=854x480 internalFormat=1902
[02Oct2026 17:47:17.341] [Render thread/INFO] [SuperResolution/]: SR_DIAG AFTER_PASS:deferred1 render=( 5.020E+2  2.820E+2) display=( 8.540E+2  4.800E+2) region-1=( 5.020E+2  2.820E+2) region-2=( 8.540E+2  4.800E+2) viewport=[0,0,854,480] scissor=[0,128,854,256]/false drawFbo=12 readFbo=12 drawBuffer=36064 readBuffer=36064 drawStatus=8cd5
[02Oct2026 17:47:17.341] [Render thread/INFO] [SuperResolution/]: SR_DIAG AFTER_PASS:deferred1 fbo=12 attachment=8ce0 texture=49 mip=0 size=854x480 internalFormat=8c3a
[02Oct2026 17:47:17.343] [Render thread/INFO] [SuperResolution/]: SR_DIAG BEFORE_PASS:composite render=( 5.020E+2  2.820E+2) display=( 8.540E+2  4.800E+2) region-1=( 5.020E+2  2.820E+2) region-2=( 8.540E+2  4.800E+2) viewport=[0,0,854,480] scissor=[0,128,854,256]/false drawFbo=1 readFbo=1 drawBuffer=36064 readBuffer=36064 drawStatus=8cd5
[02Oct2026 17:47:17.343] [Render thread/INFO] [SuperResolution/]: SR_DIAG BEFORE_PASS:composite fbo=1 attachment=8ce0 texture=2 mip=0 size=854x480 internalFormat=8058
[02Oct2026 17:47:17.343] [Render thread/INFO] [SuperResolution/]: SR_DIAG BEFORE_PASS:composite fbo=1 attachment=8d00 texture=3 mip=0 size=854x480 internalFormat=1902
[02Oct2026 17:47:17.343] [Render thread/INFO] [SuperResolution/]: SR_DIAG AFTER_PASS:composite render=( 5.020E+2  2.820E+2) display=( 8.540E+2  4.800E+2) region-1=( 5.020E+2  2.820E+2) region-2=( 8.540E+2  4.800E+2) viewport=[0,0,427,240] scissor=[0,128,854,256]/false drawFbo=13 readFbo=13 drawBuffer=36064 readBuffer=36064 drawStatus=8cd5
[02Oct2026 17:47:17.343] [Render thread/INFO] [SuperResolution/]: SR_DIAG AFTER_PASS:composite fbo=13 attachment=8ce0 texture=77 mip=0 size=427x240 internalFormat=881a
[02Oct2026 17:47:17.343] [Render thread/INFO] [SuperResolution/]: SR_DIAG BEFORE_PASS:composite1 render=( 5.020E+2  2.820E+2) display=( 8.540E+2  4.800E+2) region-1=( 5.020E+2  2.820E+2) region-2=( 8.540E+2  4.800E+2) viewport=[0,0,427,240] scissor=[0,128,854,256]/false drawFbo=13 readFbo=13 drawBuffer=36064 readBuffer=36064 drawStatus=8cd5
[02Oct2026 17:47:17.343] [Render thread/INFO] [SuperResolution/]: SR_DIAG BEFORE_PASS:composite1 fbo=13 attachment=8ce0 texture=77 mip=0 size=427x240 internalFormat=881a
[02Oct2026 17:47:17.344] [Render thread/INFO] [SuperResolution/]: SR_DIAG AFTER_PASS:composite1 render=( 5.020E+2  2.820E+2) display=( 8.540E+2  4.800E+2) region-1=( 5.020E+2  2.820E+2) region-2=( 8.540E+2  4.800E+2) viewport=[0,0,854,480] scissor=[0,128,854,256]/false drawFbo=14 readFbo=14 drawBuffer=36064 readBuffer=36064 drawStatus=8cd5
[02Oct2026 17:47:17.344] [Render thread/INFO] [SuperResolution/]: SR_DIAG AFTER_PASS:composite1 fbo=14 attachment=8ce0 texture=48 mip=0 size=854x480 internalFormat=8c3a
[02Oct2026 17:47:17.344] [Render thread/INFO] [SuperResolution/]: SR_DIAG BEFORE_PASS:composite3 render=( 5.020E+2  2.820E+2) display=( 8.540E+2  4.800E+2) region-1=( 5.020E+2  2.820E+2) region-2=( 8.540E+2  4.800E+2) viewport=[0,0,854,480] scissor=[0,128,854,256]/false drawFbo=14 readFbo=14 drawBuffer=36064 readBuffer=36064 drawStatus=8cd5
[02Oct2026 17:47:17.344] [Render thread/INFO] [SuperResolution/]: SR_DIAG BEFORE_PASS:composite3 fbo=14 attachment=8ce0 texture=48 mip=0 size=854x480 internalFormat=8c3a
[02Oct2026 17:47:17.344] [Render thread/INFO] [SuperResolution/]: SR_DIAG AFTER_PASS:composite3 render=( 5.020E+2  2.820E+2) display=( 8.540E+2  4.800E+2) region-1=( 5.020E+2  2.820E+2) region-2=( 8.540E+2  4.800E+2) viewport=[0,0,854,480] scissor=[0,128,854,256]/false drawFbo=15 readFbo=15 drawBuffer=36064 readBuffer=36064 drawStatus=8cd5
[02Oct2026 17:47:17.344] [Render thread/INFO] [SuperResolution/]: SR_DIAG AFTER_PASS:composite3 fbo=15 attachment=8ce0 texture=49 mip=0 size=854x480 internalFormat=8c3a
[02Oct2026 17:47:17.344] [Render thread/INFO] [SuperResolution/]: SR_DIAG BEFORE_PASS:composite4 render=( 5.020E+2  2.820E+2) display=( 8.540E+2  4.800E+2) region-1=( 5.020E+2  2.820E+2) region-2=( 8.540E+2  4.800E+2) viewport=[0,0,854,480] scissor=[0,128,854,256]/false drawFbo=15 readFbo=15 drawBuffer=36064 readBuffer=36064 drawStatus=8cd5
[02Oct2026 17:47:17.344] [Render thread/INFO] [SuperResolution/]: SR_DIAG BEFORE_PASS:composite4 fbo=15 attachment=8ce0 texture=49 mip=0 size=854x480 internalFormat=8c3a
[02Oct2026 17:47:17.344] [Render thread/INFO] [SuperResolution/]: SR_DIAG AFTER_PASS:composite4 render=( 5.020E+2  2.820E+2) display=( 8.540E+2  4.800E+2) region-1=( 5.020E+2  2.820E+2) region-2=( 8.540E+2  4.800E+2) viewport=[0,0,854,480] scissor=[0,128,854,256]/false drawFbo=16 readFbo=16 drawBuffer=36064 readBuffer=36064 drawStatus=8cd5
[02Oct2026 17:47:17.344] [Render thread/INFO] [SuperResolution/]: SR_DIAG AFTER_PASS:composite4 fbo=16 attachment=8ce0 texture=64 mip=0 size=854x480 internalFormat=881a
[02Oct2026 17:47:17.344] [Render thread/INFO] [SuperResolution/]: SR_DIAG BEFORE_PASS:composite5 render=( 5.020E+2  2.820E+2) display=( 8.540E+2  4.800E+2) region-1=( 5.020E+2  2.820E+2) region-2=( 8.540E+2  4.800E+2) viewport=[0,0,854,480] scissor=[0,128,854,256]/false drawFbo=16 readFbo=16 drawBuffer=36064 readBuffer=36064 drawStatus=8cd5
[02Oct2026 17:47:17.345] [Render thread/INFO] [SuperResolution/]: SR_DIAG BEFORE_PASS:composite5 fbo=16 attachment=8ce0 texture=64 mip=0 size=854x480 internalFormat=881a
[02Oct2026 17:47:17.345] [Render thread/INFO] [SuperResolution/]: SR_DIAG AFTER_PASS:composite5 render=( 5.020E+2  2.820E+2) display=( 8.540E+2  4.800E+2) region-1=( 5.020E+2  2.820E+2) region-2=( 8.540E+2  4.800E+2) viewport=[0,0,854,480] scissor=[0,128,854,256]/false drawFbo=17 readFbo=17 drawBuffer=36064 readBuffer=36064 drawStatus=8cd5
[02Oct2026 17:47:17.345] [Render thread/INFO] [SuperResolution/]: SR_DIAG AFTER_PASS:composite5 fbo=17 attachment=8ce0 texture=63 mip=0 size=854x480 internalFormat=881a
[02Oct2026 17:47:17.345] [Render thread/INFO] [SuperResolution/]: SR_DIAG BEFORE_PASS:composite6 render=( 5.020E+2  2.820E+2) display=( 8.540E+2  4.800E+2) region-1=( 5.020E+2  2.820E+2) region-2=( 8.540E+2  4.800E+2) viewport=[0,0,854,480] scissor=[0,128,854,256]/false drawFbo=17 readFbo=17 drawBuffer=36064 readBuffer=36064 drawStatus=8cd5
[02Oct2026 17:47:17.345] [Render thread/INFO] [SuperResolution/]: SR_DIAG BEFORE_PASS:composite6 fbo=17 attachment=8ce0 texture=63 mip=0 size=854x480 internalFormat=881a
[02Oct2026 17:47:17.345] [Render thread/INFO] [SuperResolution/]: SR_DIAG AFTER_PASS:composite6 render=( 5.020E+2  2.820E+2) display=( 8.540E+2  4.800E+2) region-1=( 5.020E+2  2.820E+2) region-2=( 8.540E+2  4.800E+2) viewport=[0,0,854,480] scissor=[0,128,854,256]/false drawFbo=18 readFbo=18 drawBuffer=36064 readBuffer=36064 drawStatus=8cd5
[02Oct2026 17:47:17.345] [Render thread/INFO] [SuperResolution/]: SR_DIAG AFTER_PASS:composite6 fbo=18 attachment=8ce0 texture=64 mip=0 size=854x480 internalFormat=881a
[02Oct2026 17:47:17.345] [Render thread/INFO] [SuperResolution/]: SR_DIAG BEFORE_PASS:composite7 render=( 5.020E+2  2.820E+2) display=( 8.540E+2  4.800E+2) region-1=( 5.020E+2  2.820E+2) region-2=( 8.540E+2  4.800E+2) viewport=[0,0,854,480] scissor=[0,128,854,256]/false drawFbo=18 readFbo=18 drawBuffer=36064 readBuffer=36064 drawStatus=8cd5
[02Oct2026 17:47:17.345] [Render thread/INFO] [SuperResolution/]: SR_DIAG BEFORE_PASS:composite7 fbo=18 attachment=8ce0 texture=64 mip=0 size=854x480 internalFormat=881a
[02Oct2026 17:47:17.345] [Render thread/INFO] [SuperResolution/]: SR_DIAG BEFORE_SR render=( 5.020E+2  2.820E+2) display=( 8.540E+2  4.800E+2) region-1=( 5.020E+2  2.820E+2) region-2=( 8.540E+2  4.800E+2) viewport=[0,0,854,480] scissor=[0,128,854,256]/false drawFbo=18 readFbo=18 drawBuffer=36064 readBuffer=36064 drawStatus=8cd5
[02Oct2026 17:47:17.345] [Render thread/INFO] [SuperResolution/]: SR_DIAG BEFORE_SR fbo=18 attachment=8ce0 texture=64 mip=0 size=854x480 internalFormat=881a
[02Oct2026 17:47:17.345] [Render thread/INFO] [SuperResolution/]: SR_DIAG texture color id=64 size=854x480 format=RGBA16F target/type=Texture2D glInternalFormat=881a
[02Oct2026 17:47:17.345] [Render thread/INFO] [SuperResolution/]: SR_DIAG texture depth id=3 size=854x480 format=DEPTH24 target/type=Texture2D glInternalFormat=1902
[02Oct2026 17:47:17.345] [Render thread/INFO] [SuperResolution/]: SR_DIAG depth depth id=3 bits=24 componentType=8c17
[02Oct2026 17:47:17.345] [Render thread/INFO] [SuperResolution/]: SR_DIAG texture motion_vectors id=83 size=854x480 format=RGBA16F target/type=Texture2D glInternalFormat=881a
[02Oct2026 17:47:17.346] [Render thread/INFO] [SuperResolution/]: SR_DIAG texture algorithm_color id=92 size=502x282 format=RGBA16F target/type=Texture2D glInternalFormat=881a
[02Oct2026 17:47:17.346] [Render thread/INFO] [SuperResolution/]: SR_DIAG texture algorithm_depth id=94 size=502x282 format=DEPTH24 target/type=Texture2D glInternalFormat=81a6
[02Oct2026 17:47:17.346] [Render thread/INFO] [SuperResolution/]: SR_DIAG depth algorithm_depth id=94 bits=24 componentType=8c17
[02Oct2026 17:47:17.346] [Render thread/INFO] [SuperResolution/]: SR_DIAG texture algorithm_motion_vectors id=95 size=502x282 format=RGBA16F target/type=Texture2D glInternalFormat=881a
[02Oct2026 17:47:17.443] [Render thread/INFO] [SuperResolution/]: SR_DIAG texture SR_output id=85 size=854x480 format=RGBA16F target/type=Texture2D glInternalFormat=881a
[02Oct2026 17:47:17.443] [Render thread/INFO] [SuperResolution/]: SR_DIAG texture autotex3/output_target id=64 size=854x480 format=RGBA16F target/type=Texture2D glInternalFormat=881a
[02Oct2026 17:47:17.444] [Render thread/INFO] [SuperResolution/]: SR_DIAG AFTER_SR render=( 5.020E+2  2.820E+2) display=( 8.540E+2  4.800E+2) region-1=( 5.020E+2  2.820E+2) region-2=( 8.540E+2  4.800E+2) viewport=[0,0,854,480] scissor=[0,128,854,256]/false drawFbo=18 readFbo=18 drawBuffer=36064 readBuffer=36064 drawStatus=8cd5
[02Oct2026 17:47:17.444] [Render thread/INFO] [SuperResolution/]: SR_DIAG AFTER_SR fbo=18 attachment=8ce0 texture=64 mip=0 size=854x480 internalFormat=881a
[02Oct2026 17:47:17.444] [Render thread/INFO] [SuperResolution/]: SR_DIAG AFTER_PASS:composite7 render=( 5.020E+2  2.820E+2) display=( 8.540E+2  4.800E+2) region-1=( 5.020E+2  2.820E+2) region-2=( 8.540E+2  4.800E+2) viewport=[0,0,854,480] scissor=[0,128,854,256]/false drawFbo=19 readFbo=19 drawBuffer=36064 readBuffer=36064 drawStatus=8cd5
[02Oct2026 17:47:17.444] [Render thread/INFO] [SuperResolution/]: SR_DIAG AFTER_PASS:composite7 fbo=19 attachment=8ce0 texture=63 mip=0 size=854x480 internalFormat=881a
[02Oct2026 17:47:17.444] [Render thread/INFO] [SuperResolution/]: SR_DIAG FINAL_PIPELINE render=( 5.020E+2  2.820E+2) display=( 8.540E+2  4.800E+2) region-1=( 5.020E+2  2.820E+2) region-2=( 8.540E+2  4.800E+2) viewport=[0,0,854,480] scissor=[0,128,854,256]/false drawFbo=1 readFbo=1 drawBuffer=36064 readBuffer=36064 drawStatus=8cd5
[02Oct2026 17:47:17.444] [Render thread/INFO] [SuperResolution/]: SR_DIAG FINAL_PIPELINE fbo=1 attachment=8ce0 texture=2 mip=0 size=854x480 internalFormat=8058
[02Oct2026 17:47:17.444] [Render thread/INFO] [SuperResolution/]: SR_DIAG FINAL_PIPELINE fbo=1 attachment=8d00 texture=3 mip=0 size=854x480 internalFormat=1902
[02Oct2026 17:47:27.347] [Render thread/INFO] [SuperResolution/]: SR_DIAG BEFORE_PASS:deferred1 render=( 5.020E+2  2.820E+2) display=( 8.540E+2  4.800E+2) region-1=( 5.020E+2  2.820E+2) region-2=( 8.540E+2  4.800E+2) viewport=[0,0,854,480] scissor=[0,128,854,256]/false drawFbo=1 readFbo=1 drawBuffer=36064 readBuffer=36064 drawStatus=8cd5
[02Oct2026 17:47:27.347] [Render thread/INFO] [SuperResolution/]: SR_DIAG BEFORE_PASS:deferred1 fbo=1 attachment=8ce0 texture=2 mip=0 size=854x480 internalFormat=8058
[02Oct2026 17:47:27.347] [Render thread/INFO] [SuperResolution/]: SR_DIAG BEFORE_PASS:deferred1 fbo=1 attachment=8d00 texture=3 mip=0 size=854x480 internalFormat=1902
[02Oct2026 17:47:27.347] [Render thread/INFO] [SuperResolution/]: SR_DIAG AFTER_PASS:deferred1 render=( 5.020E+2  2.820E+2) display=( 8.540E+2  4.800E+2) region-1=( 5.020E+2  2.820E+2) region-2=( 8.540E+2  4.800E+2) viewport=[0,0,854,480] scissor=[0,128,854,256]/false drawFbo=12 readFbo=12 drawBuffer=36064 readBuffer=36064 drawStatus=8cd5
[02Oct2026 17:47:27.347] [Render thread/INFO] [SuperResolution/]: SR_DIAG AFTER_PASS:deferred1 fbo=12 attachment=8ce0 texture=49 mip=0 size=854x480 internalFormat=8c3a
[02Oct2026 17:47:27.348] [Render thread/INFO] [SuperResolution/]: SR_DIAG BEFORE_PASS:composite render=( 5.020E+2  2.820E+2) display=( 8.540E+2  4.800E+2) region-1=( 5.020E+2  2.820E+2) region-2=( 8.540E+2  4.800E+2) viewport=[0,0,854,480] scissor=[0,128,854,256]/false drawFbo=1 readFbo=1 drawBuffer=36064 readBuffer=36064 drawStatus=8cd5
[02Oct2026 17:47:27.348] [Render thread/INFO] [SuperResolution/]: SR_DIAG BEFORE_PASS:composite fbo=1 attachment=8ce0 texture=2 mip=0 size=854x480 internalFormat=8058
[02Oct2026 17:47:27.348] [Render thread/INFO] [SuperResolution/]: SR_DIAG BEFORE_PASS:composite fbo=1 attachment=8d00 texture=3 mip=0 size=854x480 internalFormat=1902
[02Oct2026 17:47:27.348] [Render thread/INFO] [SuperResolution/]: SR_DIAG AFTER_PASS:composite render=( 5.020E+2  2.820E+2) display=( 8.540E+2  4.800E+2) region-1=( 5.020E+2  2.820E+2) region-2=( 8.540E+2  4.800E+2) viewport=[0,0,427,240] scissor=[0,128,854,256]/false drawFbo=13 readFbo=13 drawBuffer=36064 readBuffer=36064 drawStatus=8cd5
[02Oct2026 17:47:27.348] [Render thread/INFO] [SuperResolution/]: SR_DIAG AFTER_PASS:composite fbo=13 attachment=8ce0 texture=77 mip=0 size=427x240 internalFormat=881a
[02Oct2026 17:47:27.349] [Render thread/INFO] [SuperResolution/]: SR_DIAG BEFORE_PASS:composite1 render=( 5.020E+2  2.820E+2) display=( 8.540E+2  4.800E+2) region-1=( 5.020E+2  2.820E+2) region-2=( 8.540E+2  4.800E+2) viewport=[0,0,427,240] scissor=[0,128,854,256]/false drawFbo=13 readFbo=13 drawBuffer=36064 readBuffer=36064 drawStatus=8cd5
[02Oct2026 17:47:27.349] [Render thread/INFO] [SuperResolution/]: SR_DIAG BEFORE_PASS:composite1 fbo=13 attachment=8ce0 texture=77 mip=0 size=427x240 internalFormat=881a
[02Oct2026 17:47:27.349] [Render thread/INFO] [SuperResolution/]: SR_DIAG AFTER_PASS:composite1 render=( 5.020E+2  2.820E+2) display=( 8.540E+2  4.800E+2) region-1=( 5.020E+2  2.820E+2) region-2=( 8.540E+2  4.800E+2) viewport=[0,0,854,480] scissor=[0,128,854,256]/false drawFbo=14 readFbo=14 drawBuffer=36064 readBuffer=36064 drawStatus=8cd5
[02Oct2026 17:47:27.349] [Render thread/INFO] [SuperResolution/]: SR_DIAG AFTER_PASS:composite1 fbo=14 attachment=8ce0 texture=48 mip=0 size=854x480 internalFormat=8c3a
[02Oct2026 17:47:27.349] [Render thread/INFO] [SuperResolution/]: SR_DIAG BEFORE_PASS:composite3 render=( 5.020E+2  2.820E+2) display=( 8.540E+2  4.800E+2) region-1=( 5.020E+2  2.820E+2) region-2=( 8.540E+2  4.800E+2) viewport=[0,0,854,480] scissor=[0,128,854,256]/false drawFbo=14 readFbo=14 drawBuffer=36064 readBuffer=36064 drawStatus=8cd5
[02Oct2026 17:47:27.349] [Render thread/INFO] [SuperResolution/]: SR_DIAG BEFORE_PASS:composite3 fbo=14 attachment=8ce0 texture=48 mip=0 size=854x480 internalFormat=8c3a
[02Oct2026 17:47:27.349] [Render thread/INFO] [SuperResolution/]: SR_DIAG AFTER_PASS:composite3 render=( 5.020E+2  2.820E+2) display=( 8.540E+2  4.800E+2) region-1=( 5.020E+2  2.820E+2) region-2=( 8.540E+2  4.800E+2) viewport=[0,0,854,480] scissor=[0,128,854,256]/false drawFbo=15 readFbo=15 drawBuffer=36064 readBuffer=36064 drawStatus=8cd5
[02Oct2026 17:47:27.349] [Render thread/INFO] [SuperResolution/]: SR_DIAG AFTER_PASS:composite3 fbo=15 attachment=8ce0 texture=49 mip=0 size=854x480 internalFormat=8c3a
[02Oct2026 17:47:27.350] [Render thread/INFO] [SuperResolution/]: SR_DIAG BEFORE_PASS:composite4 render=( 5.020E+2  2.820E+2) display=( 8.540E+2  4.800E+2) region-1=( 5.020E+2  2.820E+2) region-2=( 8.540E+2  4.800E+2) viewport=[0,0,854,480] scissor=[0,128,854,256]/false drawFbo=15 readFbo=15 drawBuffer=36064 readBuffer=36064 drawStatus=8cd5
[02Oct2026 17:47:27.350] [Render thread/INFO] [SuperResolution/]: SR_DIAG BEFORE_PASS:composite4 fbo=15 attachment=8ce0 texture=49 mip=0 size=854x480 internalFormat=8c3a
[02Oct2026 17:47:27.350] [Render thread/INFO] [SuperResolution/]: SR_DIAG AFTER_PASS:composite4 render=( 5.020E+2  2.820E+2) display=( 8.540E+2  4.800E+2) region-1=( 5.020E+2  2.820E+2) region-2=( 8.540E+2  4.800E+2) viewport=[0,0,854,480] scissor=[0,128,854,256]/false drawFbo=16 readFbo=16 drawBuffer=36064 readBuffer=36064 drawStatus=8cd5
[02Oct2026 17:47:27.350] [Render thread/INFO] [SuperResolution/]: SR_DIAG AFTER_PASS:composite4 fbo=16 attachment=8ce0 texture=64 mip=0 size=854x480 internalFormat=881a
[02Oct2026 17:47:27.350] [Render thread/INFO] [SuperResolution/]: SR_DIAG BEFORE_PASS:composite5 render=( 5.020E+2  2.820E+2) display=( 8.540E+2  4.800E+2) region-1=( 5.020E+2  2.820E+2) region-2=( 8.540E+2  4.800E+2) viewport=[0,0,854,480] scissor=[0,128,854,256]/false drawFbo=16 readFbo=16 drawBuffer=36064 readBuffer=36064 drawStatus=8cd5
[02Oct2026 17:47:27.350] [Render thread/INFO] [SuperResolution/]: SR_DIAG BEFORE_PASS:composite5 fbo=16 attachment=8ce0 texture=64 mip=0 size=854x480 internalFormat=881a
[02Oct2026 17:47:27.350] [Render thread/INFO] [SuperResolution/]: SR_DIAG AFTER_PASS:composite5 render=( 5.020E+2  2.820E+2) display=( 8.540E+2  4.800E+2) region-1=( 5.020E+2  2.820E+2) region-2=( 8.540E+2  4.800E+2) viewport=[0,0,854,480] scissor=[0,128,854,256]/false drawFbo=17 readFbo=17 drawBuffer=36064 readBuffer=36064 drawStatus=8cd5
[02Oct2026 17:47:27.351] [Render thread/INFO] [SuperResolution/]: SR_DIAG AFTER_PASS:composite5 fbo=17 attachment=8ce0 texture=63 mip=0 size=854x480 internalFormat=881a
[02Oct2026 17:47:27.351] [Render thread/INFO] [SuperResolution/]: SR_DIAG BEFORE_PASS:composite6 render=( 5.020E+2  2.820E+2) display=( 8.540E+2  4.800E+2) region-1=( 5.020E+2  2.820E+2) region-2=( 8.540E+2  4.800E+2) viewport=[0,0,854,480] scissor=[0,128,854,256]/false drawFbo=17 readFbo=17 drawBuffer=36064 readBuffer=36064 drawStatus=8cd5
[02Oct2026 17:47:27.351] [Render thread/INFO] [SuperResolution/]: SR_DIAG BEFORE_PASS:composite6 fbo=17 attachment=8ce0 texture=63 mip=0 size=854x480 internalFormat=881a
[02Oct2026 17:47:27.351] [Render thread/INFO] [SuperResolution/]: SR_DIAG AFTER_PASS:composite6 render=( 5.020E+2  2.820E+2) display=( 8.540E+2  4.800E+2) region-1=( 5.020E+2  2.820E+2) region-2=( 8.540E+2  4.800E+2) viewport=[0,0,854,480] scissor=[0,128,854,256]/false drawFbo=18 readFbo=18 drawBuffer=36064 readBuffer=36064 drawStatus=8cd5
[02Oct2026 17:47:27.351] [Render thread/INFO] [SuperResolution/]: SR_DIAG AFTER_PASS:composite6 fbo=18 attachment=8ce0 texture=64 mip=0 size=854x480 internalFormat=881a
[02Oct2026 17:47:27.351] [Render thread/INFO] [SuperResolution/]: SR_DIAG BEFORE_PASS:composite7 render=( 5.020E+2  2.820E+2) display=( 8.540E+2  4.800E+2) region-1=( 5.020E+2  2.820E+2) region-2=( 8.540E+2  4.800E+2) viewport=[0,0,854,480] scissor=[0,128,854,256]/false drawFbo=18 readFbo=18 drawBuffer=36064 readBuffer=36064 drawStatus=8cd5
[02Oct2026 17:47:27.351] [Render thread/INFO] [SuperResolution/]: SR_DIAG BEFORE_PASS:composite7 fbo=18 attachment=8ce0 texture=64 mip=0 size=854x480 internalFormat=881a
[02Oct2026 17:47:27.351] [Render thread/INFO] [SuperResolution/]: SR_DIAG BEFORE_SR render=( 5.020E+2  2.820E+2) display=( 8.540E+2  4.800E+2) region-1=( 5.020E+2  2.820E+2) region-2=( 8.540E+2  4.800E+2) viewport=[0,0,854,480] scissor=[0,128,854,256]/false drawFbo=18 readFbo=18 drawBuffer=36064 readBuffer=36064 drawStatus=8cd5
[02Oct2026 17:47:27.351] [Render thread/INFO] [SuperResolution/]: SR_DIAG BEFORE_SR fbo=18 attachment=8ce0 texture=64 mip=0 size=854x480 internalFormat=881a
[02Oct2026 17:47:27.352] [Render thread/INFO] [SuperResolution/]: SR_DIAG texture color id=64 size=854x480 format=RGBA16F target/type=Texture2D glInternalFormat=881a
[02Oct2026 17:47:27.352] [Render thread/INFO] [SuperResolution/]: SR_DIAG texture depth id=3 size=854x480 format=DEPTH24 target/type=Texture2D glInternalFormat=1902
[02Oct2026 17:47:27.352] [Render thread/INFO] [SuperResolution/]: SR_DIAG depth depth id=3 bits=24 componentType=8c17
[02Oct2026 17:47:27.352] [Render thread/INFO] [SuperResolution/]: SR_DIAG texture motion_vectors id=83 size=854x480 format=RGBA16F target/type=Texture2D glInternalFormat=881a
[02Oct2026 17:47:27.352] [Render thread/INFO] [SuperResolution/]: SR_DIAG texture algorithm_color id=92 size=502x282 format=RGBA16F target/type=Texture2D glInternalFormat=881a
[02Oct2026 17:47:27.352] [Render thread/INFO] [SuperResolution/]: SR_DIAG texture algorithm_depth id=94 size=502x282 format=DEPTH24 target/type=Texture2D glInternalFormat=81a6
[02Oct2026 17:47:27.352] [Render thread/INFO] [SuperResolution/]: SR_DIAG depth algorithm_depth id=94 bits=24 componentType=8c17
[02Oct2026 17:47:27.352] [Render thread/INFO] [SuperResolution/]: SR_DIAG texture algorithm_motion_vectors id=95 size=502x282 format=RGBA16F target/type=Texture2D glInternalFormat=881a
[02Oct2026 17:47:27.454] [Render thread/INFO] [SuperResolution/]: SR_DIAG texture SR_output id=85 size=854x480 format=RGBA16F target/type=Texture2D glInternalFormat=881a
[02Oct2026 17:47:27.454] [Render thread/INFO] [SuperResolution/]: SR_DIAG texture autotex3/output_target id=64 size=854x480 format=RGBA16F target/type=Texture2D glInternalFormat=881a
[02Oct2026 17:47:27.454] [Render thread/INFO] [SuperResolution/]: SR_DIAG AFTER_SR render=( 5.020E+2  2.820E+2) display=( 8.540E+2  4.800E+2) region-1=( 5.020E+2  2.820E+2) region-2=( 8.540E+2  4.800E+2) viewport=[0,0,854,480] scissor=[0,128,854,256]/false drawFbo=18 readFbo=18 drawBuffer=36064 readBuffer=36064 drawStatus=8cd5
[02Oct2026 17:47:27.454] [Render thread/INFO] [SuperResolution/]: SR_DIAG AFTER_SR fbo=18 attachment=8ce0 texture=64 mip=0 size=854x480 internalFormat=881a
[02Oct2026 17:47:27.454] [Render thread/INFO] [SuperResolution/]: SR_DIAG AFTER_PASS:composite7 render=( 5.020E+2  2.820E+2) display=( 8.540E+2  4.800E+2) region-1=( 5.020E+2  2.820E+2) region-2=( 8.540E+2  4.800E+2) viewport=[0,0,854,480] scissor=[0,128,854,256]/false drawFbo=19 readFbo=19 drawBuffer=36064 readBuffer=36064 drawStatus=8cd5
[02Oct2026 17:47:27.454] [Render thread/INFO] [SuperResolution/]: SR_DIAG AFTER_PASS:composite7 fbo=19 attachment=8ce0 texture=63 mip=0 size=854x480 internalFormat=881a
[02Oct2026 17:47:27.455] [Render thread/INFO] [SuperResolution/]: SR_DIAG FINAL_PIPELINE render=( 5.020E+2  2.820E+2) display=( 8.540E+2  4.800E+2) region-1=( 5.020E+2  2.820E+2) region-2=( 8.540E+2  4.800E+2) viewport=[0,0,854,480] scissor=[0,128,854,256]/false drawFbo=1 readFbo=1 drawBuffer=36064 readBuffer=36064 drawStatus=8cd5
[02Oct2026 17:47:27.455] [Render thread/INFO] [SuperResolution/]: SR_DIAG FINAL_PIPELINE fbo=1 attachment=8ce0 texture=2 mip=0 size=854x480 internalFormat=8058
[02Oct2026 17:47:27.455] [Render thread/INFO] [SuperResolution/]: SR_DIAG FINAL_PIPELINE fbo=1 attachment=8d00 texture=3 mip=0 size=854x480 internalFormat=1902
[02Oct2026 17:47:37.395] [Render thread/INFO] [SuperResolution/]: SR_DIAG BEFORE_PASS:deferred1 render=( 5.020E+2  2.820E+2) display=( 8.540E+2  4.800E+2) region-1=( 5.020E+2  2.820E+2) region-2=( 8.540E+2  4.800E+2) viewport=[0,0,854,480] scissor=[0,128,854,256]/false drawFbo=1 readFbo=1 drawBuffer=36064 readBuffer=36064 drawStatus=8cd5
[02Oct2026 17:47:37.396] [Render thread/INFO] [SuperResolution/]: SR_DIAG BEFORE_PASS:deferred1 fbo=1 attachment=8ce0 texture=2 mip=0 size=854x480 internalFormat=8058
[02Oct2026 17:47:37.396] [Render thread/INFO] [SuperResolution/]: SR_DIAG BEFORE_PASS:deferred1 fbo=1 attachment=8d00 texture=3 mip=0 size=854x480 internalFormat=1902
[02Oct2026 17:47:37.397] [Render thread/INFO] [SuperResolution/]: SR_DIAG AFTER_PASS:deferred1 render=( 5.020E+2  2.820E+2) display=( 8.540E+2  4.800E+2) region-1=( 5.020E+2  2.820E+2) region-2=( 8.540E+2  4.800E+2) viewport=[0,0,854,480] scissor=[0,128,854,256]/false drawFbo=12 readFbo=12 drawBuffer=36064 readBuffer=36064 drawStatus=8cd5
[02Oct2026 17:47:37.397] [Render thread/INFO] [SuperResolution/]: SR_DIAG AFTER_PASS:deferred1 fbo=12 attachment=8ce0 texture=49 mip=0 size=854x480 internalFormat=8c3a
[02Oct2026 17:47:37.397] [Render thread/INFO] [SuperResolution/]: SR_DIAG BEFORE_PASS:composite render=( 5.020E+2  2.820E+2) display=( 8.540E+2  4.800E+2) region-1=( 5.020E+2  2.820E+2) region-2=( 8.540E+2  4.800E+2) viewport=[0,0,854,480] scissor=[0,128,854,256]/false drawFbo=1 readFbo=1 drawBuffer=36064 readBuffer=36064 drawStatus=8cd5
[02Oct2026 17:47:37.397] [Render thread/INFO] [SuperResolution/]: SR_DIAG BEFORE_PASS:composite fbo=1 attachment=8ce0 texture=2 mip=0 size=854x480 internalFormat=8058
[02Oct2026 17:47:37.397] [Render thread/INFO] [SuperResolution/]: SR_DIAG BEFORE_PASS:composite fbo=1 attachment=8d00 texture=3 mip=0 size=854x480 internalFormat=1902
[02Oct2026 17:47:37.397] [Render thread/INFO] [SuperResolution/]: SR_DIAG AFTER_PASS:composite render=( 5.020E+2  2.820E+2) display=( 8.540E+2  4.800E+2) region-1=( 5.020E+2  2.820E+2) region-2=( 8.540E+2  4.800E+2) viewport=[0,0,427,240] scissor=[0,128,854,256]/false drawFbo=13 readFbo=13 drawBuffer=36064 readBuffer=36064 drawStatus=8cd5
[02Oct2026 17:47:37.397] [Render thread/INFO] [SuperResolution/]: SR_DIAG AFTER_PASS:composite fbo=13 attachment=8ce0 texture=77 mip=0 size=427x240 internalFormat=881a
[02Oct2026 17:47:37.398] [Render thread/INFO] [SuperResolution/]: SR_DIAG BEFORE_PASS:composite1 render=( 5.020E+2  2.820E+2) display=( 8.540E+2  4.800E+2) region-1=( 5.020E+2  2.820E+2) region-2=( 8.540E+2  4.800E+2) viewport=[0,0,427,240] scissor=[0,128,854,256]/false drawFbo=13 readFbo=13 drawBuffer=36064 readBuffer=36064 drawStatus=8cd5
[02Oct2026 17:47:37.398] [Render thread/INFO] [SuperResolution/]: SR_DIAG BEFORE_PASS:composite1 fbo=13 attachment=8ce0 texture=77 mip=0 size=427x240 internalFormat=881a
[02Oct2026 17:47:37.398] [Render thread/INFO] [SuperResolution/]: SR_DIAG AFTER_PASS:composite1 render=( 5.020E+2  2.820E+2) display=( 8.540E+2  4.800E+2) region-1=( 5.020E+2  2.820E+2) region-2=( 8.540E+2  4.800E+2) viewport=[0,0,854,480] scissor=[0,128,854,256]/false drawFbo=14 readFbo=14 drawBuffer=36064 readBuffer=36064 drawStatus=8cd5
[02Oct2026 17:47:37.398] [Render thread/INFO] [SuperResolution/]: SR_DIAG AFTER_PASS:composite1 fbo=14 attachment=8ce0 texture=48 mip=0 size=854x480 internalFormat=8c3a
[02Oct2026 17:47:37.398] [Render thread/INFO] [SuperResolution/]: SR_DIAG BEFORE_PASS:composite3 render=( 5.020E+2  2.820E+2) display=( 8.540E+2  4.800E+2) region-1=( 5.020E+2  2.820E+2) region-2=( 8.540E+2  4.800E+2) viewport=[0,0,854,480] scissor=[0,128,854,256]/false drawFbo=14 readFbo=14 drawBuffer=36064 readBuffer=36064 drawStatus=8cd5
[02Oct2026 17:47:37.398] [Render thread/INFO] [SuperResolution/]: SR_DIAG BEFORE_PASS:composite3 fbo=14 attachment=8ce0 texture=48 mip=0 size=854x480 internalFormat=8c3a
[02Oct2026 17:47:37.398] [Render thread/INFO] [SuperResolution/]: SR_DIAG AFTER_PASS:composite3 render=( 5.020E+2  2.820E+2) display=( 8.540E+2  4.800E+2) region-1=( 5.020E+2  2.820E+2) region-2=( 8.540E+2  4.800E+2) viewport=[0,0,854,480] scissor=[0,128,854,256]/false drawFbo=15 readFbo=15 drawBuffer=36064 readBuffer=36064 drawStatus=8cd5
[02Oct2026 17:47:37.398] [Render thread/INFO] [SuperResolution/]: SR_DIAG AFTER_PASS:composite3 fbo=15 attachment=8ce0 texture=49 mip=0 size=854x480 internalFormat=8c3a
[02Oct2026 17:47:37.399] [Render thread/INFO] [SuperResolution/]: SR_DIAG BEFORE_PASS:composite4 render=( 5.020E+2  2.820E+2) display=( 8.540E+2  4.800E+2) region-1=( 5.020E+2  2.820E+2) region-2=( 8.540E+2  4.800E+2) viewport=[0,0,854,480] scissor=[0,128,854,256]/false drawFbo=15 readFbo=15 drawBuffer=36064 readBuffer=36064 drawStatus=8cd5
[02Oct2026 17:47:37.399] [Render thread/INFO] [SuperResolution/]: SR_DIAG BEFORE_PASS:composite4 fbo=15 attachment=8ce0 texture=49 mip=0 size=854x480 internalFormat=8c3a
[02Oct2026 17:47:37.399] [Render thread/INFO] [SuperResolution/]: SR_DIAG AFTER_PASS:composite4 render=( 5.020E+2  2.820E+2) display=( 8.540E+2  4.800E+2) region-1=( 5.020E+2  2.820E+2) region-2=( 8.540E+2  4.800E+2) viewport=[0,0,854,480] scissor=[0,128,854,256]/false drawFbo=16 readFbo=16 drawBuffer=36064 readBuffer=36064 drawStatus=8cd5
[02Oct2026 17:47:37.399] [Render thread/INFO] [SuperResolution/]: SR_DIAG AFTER_PASS:composite4 fbo=16 attachment=8ce0 texture=64 mip=0 size=854x480 internalFormat=881a
[02Oct2026 17:47:37.399] [Render thread/INFO] [SuperResolution/]: SR_DIAG BEFORE_PASS:composite5 render=( 5.020E+2  2.820E+2) display=( 8.540E+2  4.800E+2) region-1=( 5.020E+2  2.820E+2) region-2=( 8.540E+2  4.800E+2) viewport=[0,0,854,480] scissor=[0,128,854,256]/false drawFbo=16 readFbo=16 drawBuffer=36064 readBuffer=36064 drawStatus=8cd5
[02Oct2026 17:47:37.399] [Render thread/INFO] [SuperResolution/]: SR_DIAG BEFORE_PASS:composite5 fbo=16 attachment=8ce0 texture=64 mip=0 size=854x480 internalFormat=881a
[02Oct2026 17:47:37.399] [Render thread/INFO] [SuperResolution/]: SR_DIAG AFTER_PASS:composite5 render=( 5.020E+2  2.820E+2) display=( 8.540E+2  4.800E+2) region-1=( 5.020E+2  2.820E+2) region-2=( 8.540E+2  4.800E+2) viewport=[0,0,854,480] scissor=[0,128,854,256]/false drawFbo=17 readFbo=17 drawBuffer=36064 readBuffer=36064 drawStatus=8cd5
[02Oct2026 17:47:37.399] [Render thread/INFO] [SuperResolution/]: SR_DIAG AFTER_PASS:composite5 fbo=17 attachment=8ce0 texture=63 mip=0 size=854x480 internalFormat=881a
[02Oct2026 17:47:37.399] [Render thread/INFO] [SuperResolution/]: SR_DIAG BEFORE_PASS:composite6 render=( 5.020E+2  2.820E+2) display=( 8.540E+2  4.800E+2) region-1=( 5.020E+2  2.820E+2) region-2=( 8.540E+2  4.800E+2) viewport=[0,0,854,480] scissor=[0,128,854,256]/false drawFbo=17 readFbo=17 drawBuffer=36064 readBuffer=36064 drawStatus=8cd5
[02Oct2026 17:47:37.399] [Render thread/INFO] [SuperResolution/]: SR_DIAG BEFORE_PASS:composite6 fbo=17 attachment=8ce0 texture=63 mip=0 size=854x480 internalFormat=881a
[02Oct2026 17:47:37.400] [Render thread/INFO] [SuperResolution/]: SR_DIAG AFTER_PASS:composite6 render=( 5.020E+2  2.820E+2) display=( 8.540E+2  4.800E+2) region-1=( 5.020E+2  2.820E+2) region-2=( 8.540E+2  4.800E+2) viewport=[0,0,854,480] scissor=[0,128,854,256]/false drawFbo=18 readFbo=18 drawBuffer=36064 readBuffer=36064 drawStatus=8cd5
[02Oct2026 17:47:37.400] [Render thread/INFO] [SuperResolution/]: SR_DIAG AFTER_PASS:composite6 fbo=18 attachment=8ce0 texture=64 mip=0 size=854x480 internalFormat=881a
[02Oct2026 17:47:37.400] [Render thread/INFO] [SuperResolution/]: SR_DIAG BEFORE_PASS:composite7 render=( 5.020E+2  2.820E+2) display=( 8.540E+2  4.800E+2) region-1=( 5.020E+2  2.820E+2) region-2=( 8.540E+2  4.800E+2) viewport=[0,0,854,480] scissor=[0,128,854,256]/false drawFbo=18 readFbo=18 drawBuffer=36064 readBuffer=36064 drawStatus=8cd5
[02Oct2026 17:47:37.400] [Render thread/INFO] [SuperResolution/]: SR_DIAG BEFORE_PASS:composite7 fbo=18 attachment=8ce0 texture=64 mip=0 size=854x480 internalFormat=881a
[02Oct2026 17:47:37.400] [Render thread/INFO] [SuperResolution/]: SR_DIAG BEFORE_SR render=( 5.020E+2  2.820E+2) display=( 8.540E+2  4.800E+2) region-1=( 5.020E+2  2.820E+2) region-2=( 8.540E+2  4.800E+2) viewport=[0,0,854,480] scissor=[0,128,854,256]/false drawFbo=18 readFbo=18 drawBuffer=36064 readBuffer=36064 drawStatus=8cd5
[02Oct2026 17:47:37.400] [Render thread/INFO] [SuperResolution/]: SR_DIAG BEFORE_SR fbo=18 attachment=8ce0 texture=64 mip=0 size=854x480 internalFormat=881a
[02Oct2026 17:47:37.400] [Render thread/INFO] [SuperResolution/]: SR_DIAG texture color id=64 size=854x480 format=RGBA16F target/type=Texture2D glInternalFormat=881a
[02Oct2026 17:47:37.400] [Render thread/INFO] [SuperResolution/]: SR_DIAG texture depth id=3 size=854x480 format=DEPTH24 target/type=Texture2D glInternalFormat=1902
[02Oct2026 17:47:37.400] [Render thread/INFO] [SuperResolution/]: SR_DIAG depth depth id=3 bits=24 componentType=8c17
[02Oct2026 17:47:37.400] [Render thread/INFO] [SuperResolution/]: SR_DIAG texture motion_vectors id=83 size=854x480 format=RGBA16F target/type=Texture2D glInternalFormat=881a
[02Oct2026 17:47:37.401] [Render thread/INFO] [SuperResolution/]: SR_DIAG texture algorithm_color id=92 size=502x282 format=RGBA16F target/type=Texture2D glInternalFormat=881a
[02Oct2026 17:47:37.401] [Render thread/INFO] [SuperResolution/]: SR_DIAG texture algorithm_depth id=94 size=502x282 format=DEPTH24 target/type=Texture2D glInternalFormat=81a6
[02Oct2026 17:47:37.401] [Render thread/INFO] [SuperResolution/]: SR_DIAG depth algorithm_depth id=94 bits=24 componentType=8c17
[02Oct2026 17:47:37.401] [Render thread/INFO] [SuperResolution/]: SR_DIAG texture algorithm_motion_vectors id=95 size=502x282 format=RGBA16F target/type=Texture2D glInternalFormat=881a
[02Oct2026 17:47:37.460] [Render thread/INFO] [SuperResolution/]: SR_DIAG texture SR_output id=85 size=854x480 format=RGBA16F target/type=Texture2D glInternalFormat=881a
[02Oct2026 17:47:37.461] [Render thread/INFO] [SuperResolution/]: SR_DIAG texture autotex3/output_target id=64 size=854x480 format=RGBA16F target/type=Texture2D glInternalFormat=881a
[02Oct2026 17:47:37.461] [Render thread/INFO] [SuperResolution/]: SR_DIAG AFTER_SR render=( 5.020E+2  2.820E+2) display=( 8.540E+2  4.800E+2) region-1=( 5.020E+2  2.820E+2) region-2=( 8.540E+2  4.800E+2) viewport=[0,0,854,480] scissor=[0,128,854,256]/false drawFbo=18 readFbo=18 drawBuffer=36064 readBuffer=36064 drawStatus=8cd5
[02Oct2026 17:47:37.461] [Render thread/INFO] [SuperResolution/]: SR_DIAG AFTER_SR fbo=18 attachment=8ce0 texture=64 mip=0 size=854x480 internalFormat=881a
[02Oct2026 17:47:37.461] [Render thread/INFO] [SuperResolution/]: SR_DIAG AFTER_PASS:composite7 render=( 5.020E+2  2.820E+2) display=( 8.540E+2  4.800E+2) region-1=( 5.020E+2  2.820E+2) region-2=( 8.540E+2  4.800E+2) viewport=[0,0,854,480] scissor=[0,128,854,256]/false drawFbo=19 readFbo=19 drawBuffer=36064 readBuffer=36064 drawStatus=8cd5
[02Oct2026 17:47:37.461] [Render thread/INFO] [SuperResolution/]: SR_DIAG AFTER_PASS:composite7 fbo=19 attachment=8ce0 texture=63 mip=0 size=854x480 internalFormat=881a
[02Oct2026 17:47:37.461] [Render thread/INFO] [SuperResolution/]: SR_DIAG FINAL_PIPELINE render=( 5.020E+2  2.820E+2) display=( 8.540E+2  4.800E+2) region-1=( 5.020E+2  2.820E+2) region-2=( 8.540E+2  4.800E+2) viewport=[0,0,854,480] scissor=[0,128,854,256]/false drawFbo=1 readFbo=1 drawBuffer=36064 readBuffer=36064 drawStatus=8cd5
[02Oct2026 17:47:37.461] [Render thread/INFO] [SuperResolution/]: SR_DIAG FINAL_PIPELINE fbo=1 attachment=8ce0 texture=2 mip=0 size=854x480 internalFormat=8058
[02Oct2026 17:47:37.461] [Render thread/INFO] [SuperResolution/]: SR_DIAG FINAL_PIPELINE fbo=1 attachment=8d00 texture=3 mip=0 size=854x480 internalFormat=1902
[02Oct2026 17:47:47.401] [Render thread/INFO] [SuperResolution/]: SR_DIAG BEFORE_PASS:deferred1 render=( 5.020E+2  2.820E+2) display=( 8.540E+2  4.800E+2) region-1=( 5.020E+2  2.820E+2) region-2=( 8.540E+2  4.800E+2) viewport=[0,0,854,480] scissor=[0,128,854,256]/false drawFbo=1 readFbo=1 drawBuffer=36064 readBuffer=36064 drawStatus=8cd5
[02Oct2026 17:47:47.401] [Render thread/INFO] [SuperResolution/]: SR_DIAG BEFORE_PASS:deferred1 fbo=1 attachment=8ce0 texture=2 mip=0 size=854x480 internalFormat=8058
[02Oct2026 17:47:47.402] [Render thread/INFO] [SuperResolution/]: SR_DIAG BEFORE_PASS:deferred1 fbo=1 attachment=8d00 texture=3 mip=0 size=854x480 internalFormat=1902
[02Oct2026 17:47:47.402] [Render thread/INFO] [SuperResolution/]: SR_DIAG AFTER_PASS:deferred1 render=( 5.020E+2  2.820E+2) display=( 8.540E+2  4.800E+2) region-1=( 5.020E+2  2.820E+2) region-2=( 8.540E+2  4.800E+2) viewport=[0,0,854,480] scissor=[0,128,854,256]/false drawFbo=12 readFbo=12 drawBuffer=36064 readBuffer=36064 drawStatus=8cd5
[02Oct2026 17:47:47.402] [Render thread/INFO] [SuperResolution/]: SR_DIAG AFTER_PASS:deferred1 fbo=12 attachment=8ce0 texture=49 mip=0 size=854x480 internalFormat=8c3a
[02Oct2026 17:47:47.403] [Render thread/INFO] [SuperResolution/]: SR_DIAG BEFORE_PASS:composite render=( 5.020E+2  2.820E+2) display=( 8.540E+2  4.800E+2) region-1=( 5.020E+2  2.820E+2) region-2=( 8.540E+2  4.800E+2) viewport=[0,0,854,480] scissor=[0,128,854,256]/false drawFbo=1 readFbo=1 drawBuffer=36064 readBuffer=36064 drawStatus=8cd5
[02Oct2026 17:47:47.403] [Render thread/INFO] [SuperResolution/]: SR_DIAG BEFORE_PASS:composite fbo=1 attachment=8ce0 texture=2 mip=0 size=854x480 internalFormat=8058
[02Oct2026 17:47:47.403] [Render thread/INFO] [SuperResolution/]: SR_DIAG BEFORE_PASS:composite fbo=1 attachment=8d00 texture=3 mip=0 size=854x480 internalFormat=1902
[02Oct2026 17:47:47.403] [Render thread/INFO] [SuperResolution/]: SR_DIAG AFTER_PASS:composite render=( 5.020E+2  2.820E+2) display=( 8.540E+2  4.800E+2) region-1=( 5.020E+2  2.820E+2) region-2=( 8.540E+2  4.800E+2) viewport=[0,0,427,240] scissor=[0,128,854,256]/false drawFbo=13 readFbo=13 drawBuffer=36064 readBuffer=36064 drawStatus=8cd5
[02Oct2026 17:47:47.403] [Render thread/INFO] [SuperResolution/]: SR_DIAG AFTER_PASS:composite fbo=13 attachment=8ce0 texture=77 mip=0 size=427x240 internalFormat=881a
[02Oct2026 17:47:47.403] [Render thread/INFO] [SuperResolution/]: SR_DIAG BEFORE_PASS:composite1 render=( 5.020E+2  2.820E+2) display=( 8.540E+2  4.800E+2) region-1=( 5.020E+2  2.820E+2) region-2=( 8.540E+2  4.800E+2) viewport=[0,0,427,240] scissor=[0,128,854,256]/false drawFbo=13 readFbo=13 drawBuffer=36064 readBuffer=36064 drawStatus=8cd5
[02Oct2026 17:47:47.403] [Render thread/INFO] [SuperResolution/]: SR_DIAG BEFORE_PASS:composite1 fbo=13 attachment=8ce0 texture=77 mip=0 size=427x240 internalFormat=881a
[02Oct2026 17:47:47.404] [Render thread/INFO] [SuperResolution/]: SR_DIAG AFTER_PASS:composite1 render=( 5.020E+2  2.820E+2) display=( 8.540E+2  4.800E+2) region-1=( 5.020E+2  2.820E+2) region-2=( 8.540E+2  4.800E+2) viewport=[0,0,854,480] scissor=[0,128,854,256]/false drawFbo=14 readFbo=14 drawBuffer=36064 readBuffer=36064 drawStatus=8cd5
[02Oct2026 17:47:47.404] [Render thread/INFO] [SuperResolution/]: SR_DIAG AFTER_PASS:composite1 fbo=14 attachment=8ce0 texture=48 mip=0 size=854x480 internalFormat=8c3a
[02Oct2026 17:47:47.404] [Render thread/INFO] [SuperResolution/]: SR_DIAG BEFORE_PASS:composite3 render=( 5.020E+2  2.820E+2) display=( 8.540E+2  4.800E+2) region-1=( 5.020E+2  2.820E+2) region-2=( 8.540E+2  4.800E+2) viewport=[0,0,854,480] scissor=[0,128,854,256]/false drawFbo=14 readFbo=14 drawBuffer=36064 readBuffer=36064 drawStatus=8cd5
[02Oct2026 17:47:47.404] [Render thread/INFO] [SuperResolution/]: SR_DIAG BEFORE_PASS:composite3 fbo=14 attachment=8ce0 texture=48 mip=0 size=854x480 internalFormat=8c3a
[02Oct2026 17:47:47.404] [Render thread/INFO] [SuperResolution/]: SR_DIAG AFTER_PASS:composite3 render=( 5.020E+2  2.820E+2) display=( 8.540E+2  4.800E+2) region-1=( 5.020E+2  2.820E+2) region-2=( 8.540E+2  4.800E+2) viewport=[0,0,854,480] scissor=[0,128,854,256]/false drawFbo=15 readFbo=15 drawBuffer=36064 readBuffer=36064 drawStatus=8cd5
[02Oct2026 17:47:47.404] [Render thread/INFO] [SuperResolution/]: SR_DIAG AFTER_PASS:composite3 fbo=15 attachment=8ce0 texture=49 mip=0 size=854x480 internalFormat=8c3a
[02Oct2026 17:47:47.404] [Render thread/INFO] [SuperResolution/]: SR_DIAG BEFORE_PASS:composite4 render=( 5.020E+2  2.820E+2) display=( 8.540E+2  4.800E+2) region-1=( 5.020E+2  2.820E+2) region-2=( 8.540E+2  4.800E+2) viewport=[0,0,854,480] scissor=[0,128,854,256]/false drawFbo=15 readFbo=15 drawBuffer=36064 readBuffer=36064 drawStatus=8cd5
[02Oct2026 17:47:47.404] [Render thread/INFO] [SuperResolution/]: SR_DIAG BEFORE_PASS:composite4 fbo=15 attachment=8ce0 texture=49 mip=0 size=854x480 internalFormat=8c3a
[02Oct2026 17:47:47.404] [Render thread/INFO] [SuperResolution/]: SR_DIAG AFTER_PASS:composite4 render=( 5.020E+2  2.820E+2) display=( 8.540E+2  4.800E+2) region-1=( 5.020E+2  2.820E+2) region-2=( 8.540E+2  4.800E+2) viewport=[0,0,854,480] scissor=[0,128,854,256]/false drawFbo=16 readFbo=16 drawBuffer=36064 readBuffer=36064 drawStatus=8cd5
[02Oct2026 17:47:47.405] [Render thread/INFO] [SuperResolution/]: SR_DIAG AFTER_PASS:composite4 fbo=16 attachment=8ce0 texture=64 mip=0 size=854x480 internalFormat=881a
[02Oct2026 17:47:47.405] [Render thread/INFO] [SuperResolution/]: SR_DIAG BEFORE_PASS:composite5 render=( 5.020E+2  2.820E+2) display=( 8.540E+2  4.800E+2) region-1=( 5.020E+2  2.820E+2) region-2=( 8.540E+2  4.800E+2) viewport=[0,0,854,480] scissor=[0,128,854,256]/false drawFbo=16 readFbo=16 drawBuffer=36064 readBuffer=36064 drawStatus=8cd5
[02Oct2026 17:47:47.405] [Render thread/INFO] [SuperResolution/]: SR_DIAG BEFORE_PASS:composite5 fbo=16 attachment=8ce0 texture=64 mip=0 size=854x480 internalFormat=881a
[02Oct2026 17:47:47.405] [Render thread/INFO] [SuperResolution/]: SR_DIAG AFTER_PASS:composite5 render=( 5.020E+2  2.820E+2) display=( 8.540E+2  4.800E+2) region-1=( 5.020E+2  2.820E+2) region-2=( 8.540E+2  4.800E+2) viewport=[0,0,854,480] scissor=[0,128,854,256]/false drawFbo=17 readFbo=17 drawBuffer=36064 readBuffer=36064 drawStatus=8cd5
[02Oct2026 17:47:47.405] [Render thread/INFO] [SuperResolution/]: SR_DIAG AFTER_PASS:composite5 fbo=17 attachment=8ce0 texture=63 mip=0 size=854x480 internalFormat=881a
[02Oct2026 17:47:47.405] [Render thread/INFO] [SuperResolution/]: SR_DIAG BEFORE_PASS:composite6 render=( 5.020E+2  2.820E+2) display=( 8.540E+2  4.800E+2) region-1=( 5.020E+2  2.820E+2) region-2=( 8.540E+2  4.800E+2) viewport=[0,0,854,480] scissor=[0,128,854,256]/false drawFbo=17 readFbo=17 drawBuffer=36064 readBuffer=36064 drawStatus=8cd5
[02Oct2026 17:47:47.405] [Render thread/INFO] [SuperResolution/]: SR_DIAG BEFORE_PASS:composite6 fbo=17 attachment=8ce0 texture=63 mip=0 size=854x480 internalFormat=881a
[02Oct2026 17:47:47.405] [Render thread/INFO] [SuperResolution/]: SR_DIAG AFTER_PASS:composite6 render=( 5.020E+2  2.820E+2) display=( 8.540E+2  4.800E+2) region-1=( 5.020E+2  2.820E+2) region-2=( 8.540E+2  4.800E+2) viewport=[0,0,854,480] scissor=[0,128,854,256]/false drawFbo=18 readFbo=18 drawBuffer=36064 readBuffer=36064 drawStatus=8cd5
[02Oct2026 17:47:47.405] [Render thread/INFO] [SuperResolution/]: SR_DIAG AFTER_PASS:composite6 fbo=18 attachment=8ce0 texture=64 mip=0 size=854x480 internalFormat=881a
[02Oct2026 17:47:47.405] [Render thread/INFO] [SuperResolution/]: SR_DIAG BEFORE_PASS:composite7 render=( 5.020E+2  2.820E+2) display=( 8.540E+2  4.800E+2) region-1=( 5.020E+2  2.820E+2) region-2=( 8.540E+2  4.800E+2) viewport=[0,0,854,480] scissor=[0,128,854,256]/false drawFbo=18 readFbo=18 drawBuffer=36064 readBuffer=36064 drawStatus=8cd5
[02Oct2026 17:47:47.405] [Render thread/INFO] [SuperResolution/]: SR_DIAG BEFORE_PASS:composite7 fbo=18 attachment=8ce0 texture=64 mip=0 size=854x480 internalFormat=881a
[02Oct2026 17:47:47.405] [Render thread/INFO] [SuperResolution/]: SR_DIAG BEFORE_SR render=( 5.020E+2  2.820E+2) display=( 8.540E+2  4.800E+2) region-1=( 5.020E+2  2.820E+2) region-2=( 8.540E+2  4.800E+2) viewport=[0,0,854,480] scissor=[0,128,854,256]/false drawFbo=18 readFbo=18 drawBuffer=36064 readBuffer=36064 drawStatus=8cd5
[02Oct2026 17:47:47.405] [Render thread/INFO] [SuperResolution/]: SR_DIAG BEFORE_SR fbo=18 attachment=8ce0 texture=64 mip=0 size=854x480 internalFormat=881a
[02Oct2026 17:47:47.407] [Render thread/INFO] [SuperResolution/]: SR_DIAG texture color id=64 size=854x480 format=RGBA16F target/type=Texture2D glInternalFormat=881a
[02Oct2026 17:47:47.407] [Render thread/INFO] [SuperResolution/]: SR_DIAG texture depth id=3 size=854x480 format=DEPTH24 target/type=Texture2D glInternalFormat=1902
[02Oct2026 17:47:47.407] [Render thread/INFO] [SuperResolution/]: SR_DIAG depth depth id=3 bits=24 componentType=8c17
[02Oct2026 17:47:47.407] [Render thread/INFO] [SuperResolution/]: SR_DIAG texture motion_vectors id=83 size=854x480 format=RGBA16F target/type=Texture2D glInternalFormat=881a
[02Oct2026 17:47:47.407] [Render thread/INFO] [SuperResolution/]: SR_DIAG texture algorithm_color id=92 size=502x282 format=RGBA16F target/type=Texture2D glInternalFormat=881a
[02Oct2026 17:47:47.407] [Render thread/INFO] [SuperResolution/]: SR_DIAG texture algorithm_depth id=94 size=502x282 format=DEPTH24 target/type=Texture2D glInternalFormat=81a6
[02Oct2026 17:47:47.407] [Render thread/INFO] [SuperResolution/]: SR_DIAG depth algorithm_depth id=94 bits=24 componentType=8c17
[02Oct2026 17:47:47.407] [Render thread/INFO] [SuperResolution/]: SR_DIAG texture algorithm_motion_vectors id=95 size=502x282 format=RGBA16F target/type=Texture2D glInternalFormat=881a
[02Oct2026 17:47:47.461] [Render thread/INFO] [SuperResolution/]: SR_DIAG texture SR_output id=85 size=854x480 format=RGBA16F target/type=Texture2D glInternalFormat=881a
[02Oct2026 17:47:47.461] [Render thread/INFO] [SuperResolution/]: SR_DIAG texture autotex3/output_target id=64 size=854x480 format=RGBA16F target/type=Texture2D glInternalFormat=881a
[02Oct2026 17:47:47.462] [Render thread/INFO] [SuperResolution/]: SR_DIAG AFTER_SR render=( 5.020E+2  2.820E+2) display=( 8.540E+2  4.800E+2) region-1=( 5.020E+2  2.820E+2) region-2=( 8.540E+2  4.800E+2) viewport=[0,0,854,480] scissor=[0,128,854,256]/false drawFbo=18 readFbo=18 drawBuffer=36064 readBuffer=36064 drawStatus=8cd5
[02Oct2026 17:47:47.462] [Render thread/INFO] [SuperResolution/]: SR_DIAG AFTER_SR fbo=18 attachment=8ce0 texture=64 mip=0 size=854x480 internalFormat=881a
[02Oct2026 17:47:47.462] [Render thread/INFO] [SuperResolution/]: SR_DIAG AFTER_PASS:composite7 render=( 5.020E+2  2.820E+2) display=( 8.540E+2  4.800E+2) region-1=( 5.020E+2  2.820E+2) region-2=( 8.540E+2  4.800E+2) viewport=[0,0,854,480] scissor=[0,128,854,256]/false drawFbo=19 readFbo=19 drawBuffer=36064 readBuffer=36064 drawStatus=8cd5
[02Oct2026 17:47:47.462] [Render thread/INFO] [SuperResolution/]: SR_DIAG AFTER_PASS:composite7 fbo=19 attachment=8ce0 texture=63 mip=0 size=854x480 internalFormat=881a
[02Oct2026 17:47:47.462] [Render thread/INFO] [SuperResolution/]: SR_DIAG FINAL_PIPELINE render=( 5.020E+2  2.820E+2) display=( 8.540E+2  4.800E+2) region-1=( 5.020E+2  2.820E+2) region-2=( 8.540E+2  4.800E+2) viewport=[0,0,854,480] scissor=[0,128,854,256]/false drawFbo=1 readFbo=1 drawBuffer=36064 readBuffer=36064 drawStatus=8cd5
[02Oct2026 17:47:47.462] [Render thread/INFO] [SuperResolution/]: SR_DIAG FINAL_PIPELINE fbo=1 attachment=8ce0 texture=2 mip=0 size=854x480 internalFormat=8058
[02Oct2026 17:47:47.462] [Render thread/INFO] [SuperResolution/]: SR_DIAG FINAL_PIPELINE fbo=1 attachment=8d00 texture=3 mip=0 size=854x480 internalFormat=1902
[02Oct2026 17:47:57.404] [Render thread/INFO] [SuperResolution/]: SR_DIAG BEFORE_PASS:deferred1 render=( 5.020E+2  2.820E+2) display=( 8.540E+2  4.800E+2) region-1=( 5.020E+2  2.820E+2) region-2=( 8.540E+2  4.800E+2) viewport=[0,0,854,480] scissor=[0,128,854,256]/false drawFbo=1 readFbo=1 drawBuffer=36064 readBuffer=36064 drawStatus=8cd5
[02Oct2026 17:47:57.404] [Render thread/INFO] [SuperResolution/]: SR_DIAG BEFORE_PASS:deferred1 fbo=1 attachment=8ce0 texture=2 mip=0 size=854x480 internalFormat=8058
[02Oct2026 17:47:57.404] [Render thread/INFO] [SuperResolution/]: SR_DIAG BEFORE_PASS:deferred1 fbo=1 attachment=8d00 texture=3 mip=0 size=854x480 internalFormat=1902
[02Oct2026 17:47:57.404] [Render thread/INFO] [SuperResolution/]: SR_DIAG AFTER_PASS:deferred1 render=( 5.020E+2  2.820E+2) display=( 8.540E+2  4.800E+2) region-1=( 5.020E+2  2.820E+2) region-2=( 8.540E+2  4.800E+2) viewport=[0,0,854,480] scissor=[0,128,854,256]/false drawFbo=12 readFbo=12 drawBuffer=36064 readBuffer=36064 drawStatus=8cd5
[02Oct2026 17:47:57.404] [Render thread/INFO] [SuperResolution/]: SR_DIAG AFTER_PASS:deferred1 fbo=12 attachment=8ce0 texture=49 mip=0 size=854x480 internalFormat=8c3a
[02Oct2026 17:47:57.404] [Render thread/INFO] [SuperResolution/]: SR_DIAG BEFORE_PASS:composite render=( 5.020E+2  2.820E+2) display=( 8.540E+2  4.800E+2) region-1=( 5.020E+2  2.820E+2) region-2=( 8.540E+2  4.800E+2) viewport=[0,0,854,480] scissor=[0,128,854,256]/false drawFbo=1 readFbo=1 drawBuffer=36064 readBuffer=36064 drawStatus=8cd5
[02Oct2026 17:47:57.405] [Render thread/INFO] [SuperResolution/]: SR_DIAG BEFORE_PASS:composite fbo=1 attachment=8ce0 texture=2 mip=0 size=854x480 internalFormat=8058
[02Oct2026 17:47:57.405] [Render thread/INFO] [SuperResolution/]: SR_DIAG BEFORE_PASS:composite fbo=1 attachment=8d00 texture=3 mip=0 size=854x480 internalFormat=1902
[02Oct2026 17:47:57.405] [Render thread/INFO] [SuperResolution/]: SR_DIAG AFTER_PASS:composite render=( 5.020E+2  2.820E+2) display=( 8.540E+2  4.800E+2) region-1=( 5.020E+2  2.820E+2) region-2=( 8.540E+2  4.800E+2) viewport=[0,0,427,240] scissor=[0,128,854,256]/false drawFbo=13 readFbo=13 drawBuffer=36064 readBuffer=36064 drawStatus=8cd5
[02Oct2026 17:47:57.405] [Render thread/INFO] [SuperResolution/]: SR_DIAG AFTER_PASS:composite fbo=13 attachment=8ce0 texture=77 mip=0 size=427x240 internalFormat=881a
[02Oct2026 17:47:57.405] [Render thread/INFO] [SuperResolution/]: SR_DIAG BEFORE_PASS:composite1 render=( 5.020E+2  2.820E+2) display=( 8.540E+2  4.800E+2) region-1=( 5.020E+2  2.820E+2) region-2=( 8.540E+2  4.800E+2) viewport=[0,0,427,240] scissor=[0,128,854,256]/false drawFbo=13 readFbo=13 drawBuffer=36064 readBuffer=36064 drawStatus=8cd5
[02Oct2026 17:47:57.405] [Render thread/INFO] [SuperResolution/]: SR_DIAG BEFORE_PASS:composite1 fbo=13 attachment=8ce0 texture=77 mip=0 size=427x240 internalFormat=881a
[02Oct2026 17:47:57.405] [Render thread/INFO] [SuperResolution/]: SR_DIAG AFTER_PASS:composite1 render=( 5.020E+2  2.820E+2) display=( 8.540E+2  4.800E+2) region-1=( 5.020E+2  2.820E+2) region-2=( 8.540E+2  4.800E+2) viewport=[0,0,854,480] scissor=[0,128,854,256]/false drawFbo=14 readFbo=14 drawBuffer=36064 readBuffer=36064 drawStatus=8cd5
[02Oct2026 17:47:57.405] [Render thread/INFO] [SuperResolution/]: SR_DIAG AFTER_PASS:composite1 fbo=14 attachment=8ce0 texture=48 mip=0 size=854x480 internalFormat=8c3a
[02Oct2026 17:47:57.405] [Render thread/INFO] [SuperResolution/]: SR_DIAG BEFORE_PASS:composite3 render=( 5.020E+2  2.820E+2) display=( 8.540E+2  4.800E+2) region-1=( 5.020E+2  2.820E+2) region-2=( 8.540E+2  4.800E+2) viewport=[0,0,854,480] scissor=[0,128,854,256]/false drawFbo=14 readFbo=14 drawBuffer=36064 readBuffer=36064 drawStatus=8cd5
[02Oct2026 17:47:57.405] [Render thread/INFO] [SuperResolution/]: SR_DIAG BEFORE_PASS:composite3 fbo=14 attachment=8ce0 texture=48 mip=0 size=854x480 internalFormat=8c3a
[02Oct2026 17:47:57.405] [Render thread/INFO] [SuperResolution/]: SR_DIAG AFTER_PASS:composite3 render=( 5.020E+2  2.820E+2) display=( 8.540E+2  4.800E+2) region-1=( 5.020E+2  2.820E+2) region-2=( 8.540E+2  4.800E+2) viewport=[0,0,854,480] scissor=[0,128,854,256]/false drawFbo=15 readFbo=15 drawBuffer=36064 readBuffer=36064 drawStatus=8cd5
[02Oct2026 17:47:57.405] [Render thread/INFO] [SuperResolution/]: SR_DIAG AFTER_PASS:composite3 fbo=15 attachment=8ce0 texture=49 mip=0 size=854x480 internalFormat=8c3a
[02Oct2026 17:47:57.405] [Render thread/INFO] [SuperResolution/]: SR_DIAG BEFORE_PASS:composite4 render=( 5.020E+2  2.820E+2) display=( 8.540E+2  4.800E+2) region-1=( 5.020E+2  2.820E+2) region-2=( 8.540E+2  4.800E+2) viewport=[0,0,854,480] scissor=[0,128,854,256]/false drawFbo=15 readFbo=15 drawBuffer=36064 readBuffer=36064 drawStatus=8cd5
[02Oct2026 17:47:57.405] [Render thread/INFO] [SuperResolution/]: SR_DIAG BEFORE_PASS:composite4 fbo=15 attachment=8ce0 texture=49 mip=0 size=854x480 internalFormat=8c3a
[02Oct2026 17:47:57.405] [Render thread/INFO] [SuperResolution/]: SR_DIAG AFTER_PASS:composite4 render=( 5.020E+2  2.820E+2) display=( 8.540E+2  4.800E+2) region-1=( 5.020E+2  2.820E+2) region-2=( 8.540E+2  4.800E+2) viewport=[0,0,854,480] scissor=[0,128,854,256]/false drawFbo=16 readFbo=16 drawBuffer=36064 readBuffer=36064 drawStatus=8cd5
[02Oct2026 17:47:57.406] [Render thread/INFO] [SuperResolution/]: SR_DIAG AFTER_PASS:composite4 fbo=16 attachment=8ce0 texture=64 mip=0 size=854x480 internalFormat=881a
[02Oct2026 17:47:57.406] [Render thread/INFO] [SuperResolution/]: SR_DIAG BEFORE_PASS:composite5 render=( 5.020E+2  2.820E+2) display=( 8.540E+2  4.800E+2) region-1=( 5.020E+2  2.820E+2) region-2=( 8.540E+2  4.800E+2) viewport=[0,0,854,480] scissor=[0,128,854,256]/false drawFbo=16 readFbo=16 drawBuffer=36064 readBuffer=36064 drawStatus=8cd5
[02Oct2026 17:47:57.406] [Render thread/INFO] [SuperResolution/]: SR_DIAG BEFORE_PASS:composite5 fbo=16 attachment=8ce0 texture=64 mip=0 size=854x480 internalFormat=881a
[02Oct2026 17:47:57.406] [Render thread/INFO] [SuperResolution/]: SR_DIAG AFTER_PASS:composite5 render=( 5.020E+2  2.820E+2) display=( 8.540E+2  4.800E+2) region-1=( 5.020E+2  2.820E+2) region-2=( 8.540E+2  4.800E+2) viewport=[0,0,854,480] scissor=[0,128,854,256]/false drawFbo=17 readFbo=17 drawBuffer=36064 readBuffer=36064 drawStatus=8cd5
[02Oct2026 17:47:57.406] [Render thread/INFO] [SuperResolution/]: SR_DIAG AFTER_PASS:composite5 fbo=17 attachment=8ce0 texture=63 mip=0 size=854x480 internalFormat=881a
[02Oct2026 17:47:57.406] [Render thread/INFO] [SuperResolution/]: SR_DIAG BEFORE_PASS:composite6 render=( 5.020E+2  2.820E+2) display=( 8.540E+2  4.800E+2) region-1=( 5.020E+2  2.820E+2) region-2=( 8.540E+2  4.800E+2) viewport=[0,0,854,480] scissor=[0,128,854,256]/false drawFbo=17 readFbo=17 drawBuffer=36064 readBuffer=36064 drawStatus=8cd5
[02Oct2026 17:47:57.406] [Render thread/INFO] [SuperResolution/]: SR_DIAG BEFORE_PASS:composite6 fbo=17 attachment=8ce0 texture=63 mip=0 size=854x480 internalFormat=881a
[02Oct2026 17:47:57.406] [Render thread/INFO] [SuperResolution/]: SR_DIAG AFTER_PASS:composite6 render=( 5.020E+2  2.820E+2) display=( 8.540E+2  4.800E+2) region-1=( 5.020E+2  2.820E+2) region-2=( 8.540E+2  4.800E+2) viewport=[0,0,854,480] scissor=[0,128,854,256]/false drawFbo=18 readFbo=18 drawBuffer=36064 readBuffer=36064 drawStatus=8cd5
[02Oct2026 17:47:57.406] [Render thread/INFO] [SuperResolution/]: SR_DIAG AFTER_PASS:composite6 fbo=18 attachment=8ce0 texture=64 mip=0 size=854x480 internalFormat=881a
[02Oct2026 17:47:57.406] [Render thread/INFO] [SuperResolution/]: SR_DIAG BEFORE_PASS:composite7 render=( 5.020E+2  2.820E+2) display=( 8.540E+2  4.800E+2) region-1=( 5.020E+2  2.820E+2) region-2=( 8.540E+2  4.800E+2) viewport=[0,0,854,480] scissor=[0,128,854,256]/false drawFbo=18 readFbo=18 drawBuffer=36064 readBuffer=36064 drawStatus=8cd5
[02Oct2026 17:47:57.406] [Render thread/INFO] [SuperResolution/]: SR_DIAG BEFORE_PASS:composite7 fbo=18 attachment=8ce0 texture=64 mip=0 size=854x480 internalFormat=881a
[02Oct2026 17:47:57.406] [Render thread/INFO] [SuperResolution/]: SR_DIAG BEFORE_SR render=( 5.020E+2  2.820E+2) display=( 8.540E+2  4.800E+2) region-1=( 5.020E+2  2.820E+2) region-2=( 8.540E+2  4.800E+2) viewport=[0,0,854,480] scissor=[0,128,854,256]/false drawFbo=18 readFbo=18 drawBuffer=36064 readBuffer=36064 drawStatus=8cd5
[02Oct2026 17:47:57.406] [Render thread/INFO] [SuperResolution/]: SR_DIAG BEFORE_SR fbo=18 attachment=8ce0 texture=64 mip=0 size=854x480 internalFormat=881a
[02Oct2026 17:47:57.407] [Render thread/INFO] [SuperResolution/]: SR_DIAG texture color id=64 size=854x480 format=RGBA16F target/type=Texture2D glInternalFormat=881a
[02Oct2026 17:47:57.407] [Render thread/INFO] [SuperResolution/]: SR_DIAG texture depth id=3 size=854x480 format=DEPTH24 target/type=Texture2D glInternalFormat=1902
[02Oct2026 17:47:57.407] [Render thread/INFO] [SuperResolution/]: SR_DIAG depth depth id=3 bits=24 componentType=8c17
[02Oct2026 17:47:57.407] [Render thread/INFO] [SuperResolution/]: SR_DIAG texture motion_vectors id=83 size=854x480 format=RGBA16F target/type=Texture2D glInternalFormat=881a
[02Oct2026 17:47:57.407] [Render thread/INFO] [SuperResolution/]: SR_DIAG texture algorithm_color id=92 size=502x282 format=RGBA16F target/type=Texture2D glInternalFormat=881a
[02Oct2026 17:47:57.407] [Render thread/INFO] [SuperResolution/]: SR_DIAG texture algorithm_depth id=94 size=502x282 format=DEPTH24 target/type=Texture2D glInternalFormat=81a6
[02Oct2026 17:47:57.407] [Render thread/INFO] [SuperResolution/]: SR_DIAG depth algorithm_depth id=94 bits=24 componentType=8c17
[02Oct2026 17:47:57.407] [Render thread/INFO] [SuperResolution/]: SR_DIAG texture algorithm_motion_vectors id=95 size=502x282 format=RGBA16F target/type=Texture2D glInternalFormat=881a
[02Oct2026 17:47:57.466] [Render thread/INFO] [SuperResolution/]: SR_DIAG texture SR_output id=85 size=854x480 format=RGBA16F target/type=Texture2D glInternalFormat=881a
[02Oct2026 17:47:57.466] [Render thread/INFO] [SuperResolution/]: SR_DIAG texture autotex3/output_target id=64 size=854x480 format=RGBA16F target/type=Texture2D glInternalFormat=881a
[02Oct2026 17:47:57.466] [Render thread/INFO] [SuperResolution/]: SR_DIAG AFTER_SR render=( 5.020E+2  2.820E+2) display=( 8.540E+2  4.800E+2) region-1=( 5.020E+2  2.820E+2) region-2=( 8.540E+2  4.800E+2) viewport=[0,0,854,480] scissor=[0,128,854,256]/false drawFbo=18 readFbo=18 drawBuffer=36064 readBuffer=36064 drawStatus=8cd5
[02Oct2026 17:47:57.466] [Render thread/INFO] [SuperResolution/]: SR_DIAG AFTER_SR fbo=18 attachment=8ce0 texture=64 mip=0 size=854x480 internalFormat=881a
[02Oct2026 17:47:57.466] [Render thread/INFO] [SuperResolution/]: SR_DIAG AFTER_PASS:composite7 render=( 5.020E+2  2.820E+2) display=( 8.540E+2  4.800E+2) region-1=( 5.020E+2  2.820E+2) region-2=( 8.540E+2  4.800E+2) viewport=[0,0,854,480] scissor=[0,128,854,256]/false drawFbo=19 readFbo=19 drawBuffer=36064 readBuffer=36064 drawStatus=8cd5
[02Oct2026 17:47:57.466] [Render thread/INFO] [SuperResolution/]: SR_DIAG AFTER_PASS:composite7 fbo=19 attachment=8ce0 texture=63 mip=0 size=854x480 internalFormat=881a
[02Oct2026 17:47:57.466] [Render thread/INFO] [SuperResolution/]: SR_DIAG FINAL_PIPELINE render=( 5.020E+2  2.820E+2) display=( 8.540E+2  4.800E+2) region-1=( 5.020E+2  2.820E+2) region-2=( 8.540E+2  4.800E+2) viewport=[0,0,854,480] scissor=[0,128,854,256]/false drawFbo=1 readFbo=1 drawBuffer=36064 readBuffer=36064 drawStatus=8cd5
[02Oct2026 17:47:57.466] [Render thread/INFO] [SuperResolution/]: SR_DIAG FINAL_PIPELINE fbo=1 attachment=8ce0 texture=2 mip=0 size=854x480 internalFormat=8058
[02Oct2026 17:47:57.466] [Render thread/INFO] [SuperResolution/]: SR_DIAG FINAL_PIPELINE fbo=1 attachment=8d00 texture=3 mip=0 size=854x480 internalFormat=1902
[02Oct2026 17:48:07.406] [Render thread/INFO] [SuperResolution/]: SR_DIAG BEFORE_PASS:deferred1 render=( 5.020E+2  2.820E+2) display=( 8.540E+2  4.800E+2) region-1=( 5.020E+2  2.820E+2) region-2=( 8.540E+2  4.800E+2) viewport=[0,0,854,480] scissor=[0,128,854,256]/false drawFbo=1 readFbo=1 drawBuffer=36064 readBuffer=36064 drawStatus=8cd5
[02Oct2026 17:48:07.406] [Render thread/INFO] [SuperResolution/]: SR_DIAG BEFORE_PASS:deferred1 fbo=1 attachment=8ce0 texture=2 mip=0 size=854x480 internalFormat=8058
[02Oct2026 17:48:07.407] [Render thread/INFO] [SuperResolution/]: SR_DIAG BEFORE_PASS:deferred1 fbo=1 attachment=8d00 texture=3 mip=0 size=854x480 internalFormat=1902
[02Oct2026 17:48:07.407] [Render thread/INFO] [SuperResolution/]: SR_DIAG AFTER_PASS:deferred1 render=( 5.020E+2  2.820E+2) display=( 8.540E+2  4.800E+2) region-1=( 5.020E+2  2.820E+2) region-2=( 8.540E+2  4.800E+2) viewport=[0,0,854,480] scissor=[0,128,854,256]/false drawFbo=12 readFbo=12 drawBuffer=36064 readBuffer=36064 drawStatus=8cd5
[02Oct2026 17:48:07.407] [Render thread/INFO] [SuperResolution/]: SR_DIAG AFTER_PASS:deferred1 fbo=12 attachment=8ce0 texture=49 mip=0 size=854x480 internalFormat=8c3a
[02Oct2026 17:48:07.407] [Render thread/INFO] [SuperResolution/]: SR_DIAG BEFORE_PASS:composite render=( 5.020E+2  2.820E+2) display=( 8.540E+2  4.800E+2) region-1=( 5.020E+2  2.820E+2) region-2=( 8.540E+2  4.800E+2) viewport=[0,0,854,480] scissor=[0,128,854,256]/false drawFbo=1 readFbo=1 drawBuffer=36064 readBuffer=36064 drawStatus=8cd5
[02Oct2026 17:48:07.407] [Render thread/INFO] [SuperResolution/]: SR_DIAG BEFORE_PASS:composite fbo=1 attachment=8ce0 texture=2 mip=0 size=854x480 internalFormat=8058
[02Oct2026 17:48:07.407] [Render thread/INFO] [SuperResolution/]: SR_DIAG BEFORE_PASS:composite fbo=1 attachment=8d00 texture=3 mip=0 size=854x480 internalFormat=1902
[02Oct2026 17:48:07.407] [Render thread/INFO] [SuperResolution/]: SR_DIAG AFTER_PASS:composite render=( 5.020E+2  2.820E+2) display=( 8.540E+2  4.800E+2) region-1=( 5.020E+2  2.820E+2) region-2=( 8.540E+2  4.800E+2) viewport=[0,0,427,240] scissor=[0,128,854,256]/false drawFbo=13 readFbo=13 drawBuffer=36064 readBuffer=36064 drawStatus=8cd5
[02Oct2026 17:48:07.407] [Render thread/INFO] [SuperResolution/]: SR_DIAG AFTER_PASS:composite fbo=13 attachment=8ce0 texture=77 mip=0 size=427x240 internalFormat=881a
[02Oct2026 17:48:07.407] [Render thread/INFO] [SuperResolution/]: SR_DIAG BEFORE_PASS:composite1 render=( 5.020E+2  2.820E+2) display=( 8.540E+2  4.800E+2) region-1=( 5.020E+2  2.820E+2) region-2=( 8.540E+2  4.800E+2) viewport=[0,0,427,240] scissor=[0,128,854,256]/false drawFbo=13 readFbo=13 drawBuffer=36064 readBuffer=36064 drawStatus=8cd5
[02Oct2026 17:48:07.407] [Render thread/INFO] [SuperResolution/]: SR_DIAG BEFORE_PASS:composite1 fbo=13 attachment=8ce0 texture=77 mip=0 size=427x240 internalFormat=881a
[02Oct2026 17:48:07.407] [Render thread/INFO] [SuperResolution/]: SR_DIAG AFTER_PASS:composite1 render=( 5.020E+2  2.820E+2) display=( 8.540E+2  4.800E+2) region-1=( 5.020E+2  2.820E+2) region-2=( 8.540E+2  4.800E+2) viewport=[0,0,854,480] scissor=[0,128,854,256]/false drawFbo=14 readFbo=14 drawBuffer=36064 readBuffer=36064 drawStatus=8cd5
[02Oct2026 17:48:07.407] [Render thread/INFO] [SuperResolution/]: SR_DIAG AFTER_PASS:composite1 fbo=14 attachment=8ce0 texture=48 mip=0 size=854x480 internalFormat=8c3a
[02Oct2026 17:48:07.407] [Render thread/INFO] [SuperResolution/]: SR_DIAG BEFORE_PASS:composite3 render=( 5.020E+2  2.820E+2) display=( 8.540E+2  4.800E+2) region-1=( 5.020E+2  2.820E+2) region-2=( 8.540E+2  4.800E+2) viewport=[0,0,854,480] scissor=[0,128,854,256]/false drawFbo=14 readFbo=14 drawBuffer=36064 readBuffer=36064 drawStatus=8cd5
[02Oct2026 17:48:07.408] [Render thread/INFO] [SuperResolution/]: SR_DIAG BEFORE_PASS:composite3 fbo=14 attachment=8ce0 texture=48 mip=0 size=854x480 internalFormat=8c3a
[02Oct2026 17:48:07.408] [Render thread/INFO] [SuperResolution/]: SR_DIAG AFTER_PASS:composite3 render=( 5.020E+2  2.820E+2) display=( 8.540E+2  4.800E+2) region-1=( 5.020E+2  2.820E+2) region-2=( 8.540E+2  4.800E+2) viewport=[0,0,854,480] scissor=[0,128,854,256]/false drawFbo=15 readFbo=15 drawBuffer=36064 readBuffer=36064 drawStatus=8cd5
[02Oct2026 17:48:07.408] [Render thread/INFO] [SuperResolution/]: SR_DIAG AFTER_PASS:composite3 fbo=15 attachment=8ce0 texture=49 mip=0 size=854x480 internalFormat=8c3a
[02Oct2026 17:48:07.408] [Render thread/INFO] [SuperResolution/]: SR_DIAG BEFORE_PASS:composite4 render=( 5.020E+2  2.820E+2) display=( 8.540E+2  4.800E+2) region-1=( 5.020E+2  2.820E+2) region-2=( 8.540E+2  4.800E+2) viewport=[0,0,854,480] scissor=[0,128,854,256]/false drawFbo=15 readFbo=15 drawBuffer=36064 readBuffer=36064 drawStatus=8cd5
[02Oct2026 17:48:07.408] [Render thread/INFO] [SuperResolution/]: SR_DIAG BEFORE_PASS:composite4 fbo=15 attachment=8ce0 texture=49 mip=0 size=854x480 internalFormat=8c3a
[02Oct2026 17:48:07.408] [Render thread/INFO] [SuperResolution/]: SR_DIAG AFTER_PASS:composite4 render=( 5.020E+2  2.820E+2) display=( 8.540E+2  4.800E+2) region-1=( 5.020E+2  2.820E+2) region-2=( 8.540E+2  4.800E+2) viewport=[0,0,854,480] scissor=[0,128,854,256]/false drawFbo=16 readFbo=16 drawBuffer=36064 readBuffer=36064 drawStatus=8cd5
[02Oct2026 17:48:07.408] [Render thread/INFO] [SuperResolution/]: SR_DIAG AFTER_PASS:composite4 fbo=16 attachment=8ce0 texture=64 mip=0 size=854x480 internalFormat=881a
[02Oct2026 17:48:07.408] [Render thread/INFO] [SuperResolution/]: SR_DIAG BEFORE_PASS:composite5 render=( 5.020E+2  2.820E+2) display=( 8.540E+2  4.800E+2) region-1=( 5.020E+2  2.820E+2) region-2=( 8.540E+2  4.800E+2) viewport=[0,0,854,480] scissor=[0,128,854,256]/false drawFbo=16 readFbo=16 drawBuffer=36064 readBuffer=36064 drawStatus=8cd5
[02Oct2026 17:48:07.408] [Render thread/INFO] [SuperResolution/]: SR_DIAG BEFORE_PASS:composite5 fbo=16 attachment=8ce0 texture=64 mip=0 size=854x480 internalFormat=881a
[02Oct2026 17:48:07.408] [Render thread/INFO] [SuperResolution/]: SR_DIAG AFTER_PASS:composite5 render=( 5.020E+2  2.820E+2) display=( 8.540E+2  4.800E+2) region-1=( 5.020E+2  2.820E+2) region-2=( 8.540E+2  4.800E+2) viewport=[0,0,854,480] scissor=[0,128,854,256]/false drawFbo=17 readFbo=17 drawBuffer=36064 readBuffer=36064 drawStatus=8cd5
[02Oct2026 17:48:07.408] [Render thread/INFO] [SuperResolution/]: SR_DIAG AFTER_PASS:composite5 fbo=17 attachment=8ce0 texture=63 mip=0 size=854x480 internalFormat=881a
[02Oct2026 17:48:07.408] [Render thread/INFO] [SuperResolution/]: SR_DIAG BEFORE_PASS:composite6 render=( 5.020E+2  2.820E+2) display=( 8.540E+2  4.800E+2) region-1=( 5.020E+2  2.820E+2) region-2=( 8.540E+2  4.800E+2) viewport=[0,0,854,480] scissor=[0,128,854,256]/false drawFbo=17 readFbo=17 drawBuffer=36064 readBuffer=36064 drawStatus=8cd5
[02Oct2026 17:48:07.408] [Render thread/INFO] [SuperResolution/]: SR_DIAG BEFORE_PASS:composite6 fbo=17 attachment=8ce0 texture=63 mip=0 size=854x480 internalFormat=881a
[02Oct2026 17:48:07.408] [Render thread/INFO] [SuperResolution/]: SR_DIAG AFTER_PASS:composite6 render=( 5.020E+2  2.820E+2) display=( 8.540E+2  4.800E+2) region-1=( 5.020E+2  2.820E+2) region-2=( 8.540E+2  4.800E+2) viewport=[0,0,854,480] scissor=[0,128,854,256]/false drawFbo=18 readFbo=18 drawBuffer=36064 readBuffer=36064 drawStatus=8cd5
[02Oct2026 17:48:07.408] [Render thread/INFO] [SuperResolution/]: SR_DIAG AFTER_PASS:composite6 fbo=18 attachment=8ce0 texture=64 mip=0 size=854x480 internalFormat=881a
[02Oct2026 17:48:07.408] [Render thread/INFO] [SuperResolution/]: SR_DIAG BEFORE_PASS:composite7 render=( 5.020E+2  2.820E+2) display=( 8.540E+2  4.800E+2) region-1=( 5.020E+2  2.820E+2) region-2=( 8.540E+2  4.800E+2) viewport=[0,0,854,480] scissor=[0,128,854,256]/false drawFbo=18 readFbo=18 drawBuffer=36064 readBuffer=36064 drawStatus=8cd5
[02Oct2026 17:48:07.408] [Render thread/INFO] [SuperResolution/]: SR_DIAG BEFORE_PASS:composite7 fbo=18 attachment=8ce0 texture=64 mip=0 size=854x480 internalFormat=881a
[02Oct2026 17:48:07.409] [Render thread/INFO] [SuperResolution/]: SR_DIAG BEFORE_SR render=( 5.020E+2  2.820E+2) display=( 8.540E+2  4.800E+2) region-1=( 5.020E+2  2.820E+2) region-2=( 8.540E+2  4.800E+2) viewport=[0,0,854,480] scissor=[0,128,854,256]/false drawFbo=18 readFbo=18 drawBuffer=36064 readBuffer=36064 drawStatus=8cd5
[02Oct2026 17:48:07.409] [Render thread/INFO] [SuperResolution/]: SR_DIAG BEFORE_SR fbo=18 attachment=8ce0 texture=64 mip=0 size=854x480 internalFormat=881a
[02Oct2026 17:48:07.409] [Render thread/INFO] [SuperResolution/]: SR_DIAG texture color id=64 size=854x480 format=RGBA16F target/type=Texture2D glInternalFormat=881a
[02Oct2026 17:48:07.409] [Render thread/INFO] [SuperResolution/]: SR_DIAG texture depth id=3 size=854x480 format=DEPTH24 target/type=Texture2D glInternalFormat=1902
[02Oct2026 17:48:07.409] [Render thread/INFO] [SuperResolution/]: SR_DIAG depth depth id=3 bits=24 componentType=8c17
[02Oct2026 17:48:07.409] [Render thread/INFO] [SuperResolution/]: SR_DIAG texture motion_vectors id=83 size=854x480 format=RGBA16F target/type=Texture2D glInternalFormat=881a
[02Oct2026 17:48:07.409] [Render thread/INFO] [SuperResolution/]: SR_DIAG texture algorithm_color id=92 size=502x282 format=RGBA16F target/type=Texture2D glInternalFormat=881a
[02Oct2026 17:48:07.409] [Render thread/INFO] [SuperResolution/]: SR_DIAG texture algorithm_depth id=94 size=502x282 format=DEPTH24 target/type=Texture2D glInternalFormat=81a6
[02Oct2026 17:48:07.409] [Render thread/INFO] [SuperResolution/]: SR_DIAG depth algorithm_depth id=94 bits=24 componentType=8c17
[02Oct2026 17:48:07.409] [Render thread/INFO] [SuperResolution/]: SR_DIAG texture algorithm_motion_vectors id=95 size=502x282 format=RGBA16F target/type=Texture2D glInternalFormat=881a
[02Oct2026 17:48:07.467] [Render thread/INFO] [SuperResolution/]: SR_DIAG texture SR_output id=85 size=854x480 format=RGBA16F target/type=Texture2D glInternalFormat=881a
[02Oct2026 17:48:07.467] [Render thread/INFO] [SuperResolution/]: SR_DIAG texture autotex3/output_target id=64 size=854x480 format=RGBA16F target/type=Texture2D glInternalFormat=881a
[02Oct2026 17:48:07.467] [Render thread/INFO] [SuperResolution/]: SR_DIAG AFTER_SR render=( 5.020E+2  2.820E+2) display=( 8.540E+2  4.800E+2) region-1=( 5.020E+2  2.820E+2) region-2=( 8.540E+2  4.800E+2) viewport=[0,0,854,480] scissor=[0,128,854,256]/false drawFbo=18 readFbo=18 drawBuffer=36064 readBuffer=36064 drawStatus=8cd5
[02Oct2026 17:48:07.467] [Render thread/INFO] [SuperResolution/]: SR_DIAG AFTER_SR fbo=18 attachment=8ce0 texture=64 mip=0 size=854x480 internalFormat=881a
[02Oct2026 17:48:07.467] [Render thread/INFO] [SuperResolution/]: SR_DIAG AFTER_PASS:composite7 render=( 5.020E+2  2.820E+2) display=( 8.540E+2  4.800E+2) region-1=( 5.020E+2  2.820E+2) region-2=( 8.540E+2  4.800E+2) viewport=[0,0,854,480] scissor=[0,128,854,256]/false drawFbo=19 readFbo=19 drawBuffer=36064 readBuffer=36064 drawStatus=8cd5
[02Oct2026 17:48:07.467] [Render thread/INFO] [SuperResolution/]: SR_DIAG AFTER_PASS:composite7 fbo=19 attachment=8ce0 texture=63 mip=0 size=854x480 internalFormat=881a
[02Oct2026 17:48:07.467] [Render thread/INFO] [SuperResolution/]: SR_DIAG FINAL_PIPELINE render=( 5.020E+2  2.820E+2) display=( 8.540E+2  4.800E+2) region-1=( 5.020E+2  2.820E+2) region-2=( 8.540E+2  4.800E+2) viewport=[0,0,854,480] scissor=[0,128,854,256]/false drawFbo=1 readFbo=1 drawBuffer=36064 readBuffer=36064 drawStatus=8cd5
[02Oct2026 17:48:07.467] [Render thread/INFO] [SuperResolution/]: SR_DIAG FINAL_PIPELINE fbo=1 attachment=8ce0 texture=2 mip=0 size=854x480 internalFormat=8058
[02Oct2026 17:48:07.467] [Render thread/INFO] [SuperResolution/]: SR_DIAG FINAL_PIPELINE fbo=1 attachment=8d00 texture=3 mip=0 size=854x480 internalFormat=1902
[02Oct2026 17:48:17.406] [Render thread/INFO] [SuperResolution/]: SR_DIAG BEFORE_PASS:deferred1 render=( 5.020E+2  2.820E+2) display=( 8.540E+2  4.800E+2) region-1=( 5.020E+2  2.820E+2) region-2=( 8.540E+2  4.800E+2) viewport=[0,0,854,480] scissor=[0,128,854,256]/false drawFbo=1 readFbo=1 drawBuffer=36064 readBuffer=36064 drawStatus=8cd5
[02Oct2026 17:48:17.407] [Render thread/INFO] [SuperResolution/]: SR_DIAG BEFORE_PASS:deferred1 fbo=1 attachment=8ce0 texture=2 mip=0 size=854x480 internalFormat=8058
[02Oct2026 17:48:17.407] [Render thread/INFO] [SuperResolution/]: SR_DIAG BEFORE_PASS:deferred1 fbo=1 attachment=8d00 texture=3 mip=0 size=854x480 internalFormat=1902
[02Oct2026 17:48:17.407] [Render thread/INFO] [SuperResolution/]: SR_DIAG AFTER_PASS:deferred1 render=( 5.020E+2  2.820E+2) display=( 8.540E+2  4.800E+2) region-1=( 5.020E+2  2.820E+2) region-2=( 8.540E+2  4.800E+2) viewport=[0,0,854,480] scissor=[0,128,854,256]/false drawFbo=12 readFbo=12 drawBuffer=36064 readBuffer=36064 drawStatus=8cd5
[02Oct2026 17:48:17.407] [Render thread/INFO] [SuperResolution/]: SR_DIAG AFTER_PASS:deferred1 fbo=12 attachment=8ce0 texture=49 mip=0 size=854x480 internalFormat=8c3a
[02Oct2026 17:48:17.407] [Render thread/INFO] [SuperResolution/]: SR_DIAG BEFORE_PASS:composite render=( 5.020E+2  2.820E+2) display=( 8.540E+2  4.800E+2) region-1=( 5.020E+2  2.820E+2) region-2=( 8.540E+2  4.800E+2) viewport=[0,0,854,480] scissor=[0,128,854,256]/false drawFbo=1 readFbo=1 drawBuffer=36064 readBuffer=36064 drawStatus=8cd5
[02Oct2026 17:48:17.407] [Render thread/INFO] [SuperResolution/]: SR_DIAG BEFORE_PASS:composite fbo=1 attachment=8ce0 texture=2 mip=0 size=854x480 internalFormat=8058
[02Oct2026 17:48:17.407] [Render thread/INFO] [SuperResolution/]: SR_DIAG BEFORE_PASS:composite fbo=1 attachment=8d00 texture=3 mip=0 size=854x480 internalFormat=1902
[02Oct2026 17:48:17.407] [Render thread/INFO] [SuperResolution/]: SR_DIAG AFTER_PASS:composite render=( 5.020E+2  2.820E+2) display=( 8.540E+2  4.800E+2) region-1=( 5.020E+2  2.820E+2) region-2=( 8.540E+2  4.800E+2) viewport=[0,0,427,240] scissor=[0,128,854,256]/false drawFbo=13 readFbo=13 drawBuffer=36064 readBuffer=36064 drawStatus=8cd5
[02Oct2026 17:48:17.407] [Render thread/INFO] [SuperResolution/]: SR_DIAG AFTER_PASS:composite fbo=13 attachment=8ce0 texture=77 mip=0 size=427x240 internalFormat=881a
[02Oct2026 17:48:17.407] [Render thread/INFO] [SuperResolution/]: SR_DIAG BEFORE_PASS:composite1 render=( 5.020E+2  2.820E+2) display=( 8.540E+2  4.800E+2) region-1=( 5.020E+2  2.820E+2) region-2=( 8.540E+2  4.800E+2) viewport=[0,0,427,240] scissor=[0,128,854,256]/false drawFbo=13 readFbo=13 drawBuffer=36064 readBuffer=36064 drawStatus=8cd5
[02Oct2026 17:48:17.407] [Render thread/INFO] [SuperResolution/]: SR_DIAG BEFORE_PASS:composite1 fbo=13 attachment=8ce0 texture=77 mip=0 size=427x240 internalFormat=881a
[02Oct2026 17:48:17.408] [Render thread/INFO] [SuperResolution/]: SR_DIAG AFTER_PASS:composite1 render=( 5.020E+2  2.820E+2) display=( 8.540E+2  4.800E+2) region-1=( 5.020E+2  2.820E+2) region-2=( 8.540E+2  4.800E+2) viewport=[0,0,854,480] scissor=[0,128,854,256]/false drawFbo=14 readFbo=14 drawBuffer=36064 readBuffer=36064 drawStatus=8cd5
[02Oct2026 17:48:17.408] [Render thread/INFO] [SuperResolution/]: SR_DIAG AFTER_PASS:composite1 fbo=14 attachment=8ce0 texture=48 mip=0 size=854x480 internalFormat=8c3a
[02Oct2026 17:48:17.408] [Render thread/INFO] [SuperResolution/]: SR_DIAG BEFORE_PASS:composite3 render=( 5.020E+2  2.820E+2) display=( 8.540E+2  4.800E+2) region-1=( 5.020E+2  2.820E+2) region-2=( 8.540E+2  4.800E+2) viewport=[0,0,854,480] scissor=[0,128,854,256]/false drawFbo=14 readFbo=14 drawBuffer=36064 readBuffer=36064 drawStatus=8cd5
[02Oct2026 17:48:17.408] [Render thread/INFO] [SuperResolution/]: SR_DIAG BEFORE_PASS:composite3 fbo=14 attachment=8ce0 texture=48 mip=0 size=854x480 internalFormat=8c3a
[02Oct2026 17:48:17.408] [Render thread/INFO] [SuperResolution/]: SR_DIAG AFTER_PASS:composite3 render=( 5.020E+2  2.820E+2) display=( 8.540E+2  4.800E+2) region-1=( 5.020E+2  2.820E+2) region-2=( 8.540E+2  4.800E+2) viewport=[0,0,854,480] scissor=[0,128,854,256]/false drawFbo=15 readFbo=15 drawBuffer=36064 readBuffer=36064 drawStatus=8cd5
[02Oct2026 17:48:17.408] [Render thread/INFO] [SuperResolution/]: SR_DIAG AFTER_PASS:composite3 fbo=15 attachment=8ce0 texture=49 mip=0 size=854x480 internalFormat=8c3a
[02Oct2026 17:48:17.408] [Render thread/INFO] [SuperResolution/]: SR_DIAG BEFORE_PASS:composite4 render=( 5.020E+2  2.820E+2) display=( 8.540E+2  4.800E+2) region-1=( 5.020E+2  2.820E+2) region-2=( 8.540E+2  4.800E+2) viewport=[0,0,854,480] scissor=[0,128,854,256]/false drawFbo=15 readFbo=15 drawBuffer=36064 readBuffer=36064 drawStatus=8cd5
[02Oct2026 17:48:17.408] [Render thread/INFO] [SuperResolution/]: SR_DIAG BEFORE_PASS:composite4 fbo=15 attachment=8ce0 texture=49 mip=0 size=854x480 internalFormat=8c3a
[02Oct2026 17:48:17.408] [Render thread/INFO] [SuperResolution/]: SR_DIAG AFTER_PASS:composite4 render=( 5.020E+2  2.820E+2) display=( 8.540E+2  4.800E+2) region-1=( 5.020E+2  2.820E+2) region-2=( 8.540E+2  4.800E+2) viewport=[0,0,854,480] scissor=[0,128,854,256]/false drawFbo=16 readFbo=16 drawBuffer=36064 readBuffer=36064 drawStatus=8cd5
[02Oct2026 17:48:17.408] [Render thread/INFO] [SuperResolution/]: SR_DIAG AFTER_PASS:composite4 fbo=16 attachment=8ce0 texture=64 mip=0 size=854x480 internalFormat=881a
[02Oct2026 17:48:17.408] [Render thread/INFO] [SuperResolution/]: SR_DIAG BEFORE_PASS:composite5 render=( 5.020E+2  2.820E+2) display=( 8.540E+2  4.800E+2) region-1=( 5.020E+2  2.820E+2) region-2=( 8.540E+2  4.800E+2) viewport=[0,0,854,480] scissor=[0,128,854,256]/false drawFbo=16 readFbo=16 drawBuffer=36064 readBuffer=36064 drawStatus=8cd5
[02Oct2026 17:48:17.408] [Render thread/INFO] [SuperResolution/]: SR_DIAG BEFORE_PASS:composite5 fbo=16 attachment=8ce0 texture=64 mip=0 size=854x480 internalFormat=881a
[02Oct2026 17:48:17.408] [Render thread/INFO] [SuperResolution/]: SR_DIAG AFTER_PASS:composite5 render=( 5.020E+2  2.820E+2) display=( 8.540E+2  4.800E+2) region-1=( 5.020E+2  2.820E+2) region-2=( 8.540E+2  4.800E+2) viewport=[0,0,854,480] scissor=[0,128,854,256]/false drawFbo=17 readFbo=17 drawBuffer=36064 readBuffer=36064 drawStatus=8cd5
[02Oct2026 17:48:17.408] [Render thread/INFO] [SuperResolution/]: SR_DIAG AFTER_PASS:composite5 fbo=17 attachment=8ce0 texture=63 mip=0 size=854x480 internalFormat=881a
[02Oct2026 17:48:17.408] [Render thread/INFO] [SuperResolution/]: SR_DIAG BEFORE_PASS:composite6 render=( 5.020E+2  2.820E+2) display=( 8.540E+2  4.800E+2) region-1=( 5.020E+2  2.820E+2) region-2=( 8.540E+2  4.800E+2) viewport=[0,0,854,480] scissor=[0,128,854,256]/false drawFbo=17 readFbo=17 drawBuffer=36064 readBuffer=36064 drawStatus=8cd5
[02Oct2026 17:48:17.408] [Render thread/INFO] [SuperResolution/]: SR_DIAG BEFORE_PASS:composite6 fbo=17 attachment=8ce0 texture=63 mip=0 size=854x480 internalFormat=881a
[02Oct2026 17:48:17.410] [Render thread/INFO] [SuperResolution/]: SR_DIAG AFTER_PASS:composite6 render=( 5.020E+2  2.820E+2) display=( 8.540E+2  4.800E+2) region-1=( 5.020E+2  2.820E+2) region-2=( 8.540E+2  4.800E+2) viewport=[0,0,854,480] scissor=[0,128,854,256]/false drawFbo=18 readFbo=18 drawBuffer=36064 readBuffer=36064 drawStatus=8cd5
[02Oct2026 17:48:17.410] [Render thread/INFO] [SuperResolution/]: SR_DIAG AFTER_PASS:composite6 fbo=18 attachment=8ce0 texture=64 mip=0 size=854x480 internalFormat=881a
[02Oct2026 17:48:17.410] [Render thread/INFO] [SuperResolution/]: SR_DIAG BEFORE_PASS:composite7 render=( 5.020E+2  2.820E+2) display=( 8.540E+2  4.800E+2) region-1=( 5.020E+2  2.820E+2) region-2=( 8.540E+2  4.800E+2) viewport=[0,0,854,480] scissor=[0,128,854,256]/false drawFbo=18 readFbo=18 drawBuffer=36064 readBuffer=36064 drawStatus=8cd5
[02Oct2026 17:48:17.410] [Render thread/INFO] [SuperResolution/]: SR_DIAG BEFORE_PASS:composite7 fbo=18 attachment=8ce0 texture=64 mip=0 size=854x480 internalFormat=881a
[02Oct2026 17:48:17.410] [Render thread/INFO] [SuperResolution/]: SR_DIAG BEFORE_SR render=( 5.020E+2  2.820E+2) display=( 8.540E+2  4.800E+2) region-1=( 5.020E+2  2.820E+2) region-2=( 8.540E+2  4.800E+2) viewport=[0,0,854,480] scissor=[0,128,854,256]/false drawFbo=18 readFbo=18 drawBuffer=36064 readBuffer=36064 drawStatus=8cd5
[02Oct2026 17:48:17.410] [Render thread/INFO] [SuperResolution/]: SR_DIAG BEFORE_SR fbo=18 attachment=8ce0 texture=64 mip=0 size=854x480 internalFormat=881a
[02Oct2026 17:48:17.410] [Render thread/INFO] [SuperResolution/]: SR_DIAG texture color id=64 size=854x480 format=RGBA16F target/type=Texture2D glInternalFormat=881a
[02Oct2026 17:48:17.410] [Render thread/INFO] [SuperResolution/]: SR_DIAG texture depth id=3 size=854x480 format=DEPTH24 target/type=Texture2D glInternalFormat=1902
[02Oct2026 17:48:17.410] [Render thread/INFO] [SuperResolution/]: SR_DIAG depth depth id=3 bits=24 componentType=8c17
[02Oct2026 17:48:17.411] [Render thread/INFO] [SuperResolution/]: SR_DIAG texture motion_vectors id=83 size=854x480 format=RGBA16F target/type=Texture2D glInternalFormat=881a
[02Oct2026 17:48:17.411] [Render thread/INFO] [SuperResolution/]: SR_DIAG texture algorithm_color id=92 size=502x282 format=RGBA16F target/type=Texture2D glInternalFormat=881a
[02Oct2026 17:48:17.411] [Render thread/INFO] [SuperResolution/]: SR_DIAG texture algorithm_depth id=94 size=502x282 format=DEPTH24 target/type=Texture2D glInternalFormat=81a6
[02Oct2026 17:48:17.411] [Render thread/INFO] [SuperResolution/]: SR_DIAG depth algorithm_depth id=94 bits=24 componentType=8c17
[02Oct2026 17:48:17.411] [Render thread/INFO] [SuperResolution/]: SR_DIAG texture algorithm_motion_vectors id=95 size=502x282 format=RGBA16F target/type=Texture2D glInternalFormat=881a
[02Oct2026 17:48:17.473] [Render thread/INFO] [SuperResolution/]: SR_DIAG texture SR_output id=85 size=854x480 format=RGBA16F target/type=Texture2D glInternalFormat=881a
[02Oct2026 17:48:17.473] [Render thread/INFO] [SuperResolution/]: SR_DIAG texture autotex3/output_target id=64 size=854x480 format=RGBA16F target/type=Texture2D glInternalFormat=881a
[02Oct2026 17:48:17.473] [Render thread/INFO] [SuperResolution/]: SR_DIAG AFTER_SR render=( 5.020E+2  2.820E+2) display=( 8.540E+2  4.800E+2) region-1=( 5.020E+2  2.820E+2) region-2=( 8.540E+2  4.800E+2) viewport=[0,0,854,480] scissor=[0,128,854,256]/false drawFbo=18 readFbo=18 drawBuffer=36064 readBuffer=36064 drawStatus=8cd5
[02Oct2026 17:48:17.473] [Render thread/INFO] [SuperResolution/]: SR_DIAG AFTER_SR fbo=18 attachment=8ce0 texture=64 mip=0 size=854x480 internalFormat=881a
[02Oct2026 17:48:17.473] [Render thread/INFO] [SuperResolution/]: SR_DIAG AFTER_PASS:composite7 render=( 5.020E+2  2.820E+2) display=( 8.540E+2  4.800E+2) region-1=( 5.020E+2  2.820E+2) region-2=( 8.540E+2  4.800E+2) viewport=[0,0,854,480] scissor=[0,128,854,256]/false drawFbo=19 readFbo=19 drawBuffer=36064 readBuffer=36064 drawStatus=8cd5
[02Oct2026 17:48:17.473] [Render thread/INFO] [SuperResolution/]: SR_DIAG AFTER_PASS:composite7 fbo=19 attachment=8ce0 texture=63 mip=0 size=854x480 internalFormat=881a
[02Oct2026 17:48:17.473] [Render thread/INFO] [SuperResolution/]: SR_DIAG FINAL_PIPELINE render=( 5.020E+2  2.820E+2) display=( 8.540E+2  4.800E+2) region-1=( 5.020E+2  2.820E+2) region-2=( 8.540E+2  4.800E+2) viewport=[0,0,854,480] scissor=[0,128,854,256]/false drawFbo=1 readFbo=1 drawBuffer=36064 readBuffer=36064 drawStatus=8cd5
[02Oct2026 17:48:17.473] [Render thread/INFO] [SuperResolution/]: SR_DIAG FINAL_PIPELINE fbo=1 attachment=8ce0 texture=2 mip=0 size=854x480 internalFormat=8058
[02Oct2026 17:48:17.473] [Render thread/INFO] [SuperResolution/]: SR_DIAG FINAL_PIPELINE fbo=1 attachment=8d00 texture=3 mip=0 size=854x480 internalFormat=1902
[02Oct2026 17:48:27.411] [Render thread/INFO] [SuperResolution/]: SR_DIAG BEFORE_PASS:deferred1 render=( 5.020E+2  2.820E+2) display=( 8.540E+2  4.800E+2) region-1=( 5.020E+2  2.820E+2) region-2=( 8.540E+2  4.800E+2) viewport=[0,0,854,480] scissor=[0,128,854,256]/false drawFbo=1 readFbo=1 drawBuffer=36064 readBuffer=36064 drawStatus=8cd5
[02Oct2026 17:48:27.411] [Render thread/INFO] [SuperResolution/]: SR_DIAG BEFORE_PASS:deferred1 fbo=1 attachment=8ce0 texture=2 mip=0 size=854x480 internalFormat=8058
[02Oct2026 17:48:27.411] [Render thread/INFO] [SuperResolution/]: SR_DIAG BEFORE_PASS:deferred1 fbo=1 attachment=8d00 texture=3 mip=0 size=854x480 internalFormat=1902
[02Oct2026 17:48:27.412] [Render thread/INFO] [SuperResolution/]: SR_DIAG AFTER_PASS:deferred1 render=( 5.020E+2  2.820E+2) display=( 8.540E+2  4.800E+2) region-1=( 5.020E+2  2.820E+2) region-2=( 8.540E+2  4.800E+2) viewport=[0,0,854,480] scissor=[0,128,854,256]/false drawFbo=12 readFbo=12 drawBuffer=36064 readBuffer=36064 drawStatus=8cd5
[02Oct2026 17:48:27.412] [Render thread/INFO] [SuperResolution/]: SR_DIAG AFTER_PASS:deferred1 fbo=12 attachment=8ce0 texture=49 mip=0 size=854x480 internalFormat=8c3a
[02Oct2026 17:48:27.412] [Render thread/INFO] [SuperResolution/]: SR_DIAG BEFORE_PASS:composite render=( 5.020E+2  2.820E+2) display=( 8.540E+2  4.800E+2) region-1=( 5.020E+2  2.820E+2) region-2=( 8.540E+2  4.800E+2) viewport=[0,0,854,480] scissor=[0,128,854,256]/false drawFbo=1 readFbo=1 drawBuffer=36064 readBuffer=36064 drawStatus=8cd5
[02Oct2026 17:48:27.412] [Render thread/INFO] [SuperResolution/]: SR_DIAG BEFORE_PASS:composite fbo=1 attachment=8ce0 texture=2 mip=0 size=854x480 internalFormat=8058
[02Oct2026 17:48:27.412] [Render thread/INFO] [SuperResolution/]: SR_DIAG BEFORE_PASS:composite fbo=1 attachment=8d00 texture=3 mip=0 size=854x480 internalFormat=1902
[02Oct2026 17:48:27.413] [Render thread/INFO] [SuperResolution/]: SR_DIAG AFTER_PASS:composite render=( 5.020E+2  2.820E+2) display=( 8.540E+2  4.800E+2) region-1=( 5.020E+2  2.820E+2) region-2=( 8.540E+2  4.800E+2) viewport=[0,0,427,240] scissor=[0,128,854,256]/false drawFbo=13 readFbo=13 drawBuffer=36064 readBuffer=36064 drawStatus=8cd5
[02Oct2026 17:48:27.413] [Render thread/INFO] [SuperResolution/]: SR_DIAG AFTER_PASS:composite fbo=13 attachment=8ce0 texture=77 mip=0 size=427x240 internalFormat=881a
[02Oct2026 17:48:27.413] [Render thread/INFO] [SuperResolution/]: SR_DIAG BEFORE_PASS:composite1 render=( 5.020E+2  2.820E+2) display=( 8.540E+2  4.800E+2) region-1=( 5.020E+2  2.820E+2) region-2=( 8.540E+2  4.800E+2) viewport=[0,0,427,240] scissor=[0,128,854,256]/false drawFbo=13 readFbo=13 drawBuffer=36064 readBuffer=36064 drawStatus=8cd5
[02Oct2026 17:48:27.413] [Render thread/INFO] [SuperResolution/]: SR_DIAG BEFORE_PASS:composite1 fbo=13 attachment=8ce0 texture=77 mip=0 size=427x240 internalFormat=881a
[02Oct2026 17:48:27.413] [Render thread/INFO] [SuperResolution/]: SR_DIAG AFTER_PASS:composite1 render=( 5.020E+2  2.820E+2) display=( 8.540E+2  4.800E+2) region-1=( 5.020E+2  2.820E+2) region-2=( 8.540E+2  4.800E+2) viewport=[0,0,854,480] scissor=[0,128,854,256]/false drawFbo=14 readFbo=14 drawBuffer=36064 readBuffer=36064 drawStatus=8cd5
[02Oct2026 17:48:27.413] [Render thread/INFO] [SuperResolution/]: SR_DIAG AFTER_PASS:composite1 fbo=14 attachment=8ce0 texture=48 mip=0 size=854x480 internalFormat=8c3a
[02Oct2026 17:48:27.413] [Render thread/INFO] [SuperResolution/]: SR_DIAG BEFORE_PASS:composite3 render=( 5.020E+2  2.820E+2) display=( 8.540E+2  4.800E+2) region-1=( 5.020E+2  2.820E+2) region-2=( 8.540E+2  4.800E+2) viewport=[0,0,854,480] scissor=[0,128,854,256]/false drawFbo=14 readFbo=14 drawBuffer=36064 readBuffer=36064 drawStatus=8cd5
[02Oct2026 17:48:27.413] [Render thread/INFO] [SuperResolution/]: SR_DIAG BEFORE_PASS:composite3 fbo=14 attachment=8ce0 texture=48 mip=0 size=854x480 internalFormat=8c3a
[02Oct2026 17:48:27.413] [Render thread/INFO] [SuperResolution/]: SR_DIAG AFTER_PASS:composite3 render=( 5.020E+2  2.820E+2) display=( 8.540E+2  4.800E+2) region-1=( 5.020E+2  2.820E+2) region-2=( 8.540E+2  4.800E+2) viewport=[0,0,854,480] scissor=[0,128,854,256]/false drawFbo=15 readFbo=15 drawBuffer=36064 readBuffer=36064 drawStatus=8cd5
[02Oct2026 17:48:27.413] [Render thread/INFO] [SuperResolution/]: SR_DIAG AFTER_PASS:composite3 fbo=15 attachment=8ce0 texture=49 mip=0 size=854x480 internalFormat=8c3a
[02Oct2026 17:48:27.413] [Render thread/INFO] [SuperResolution/]: SR_DIAG BEFORE_PASS:composite4 render=( 5.020E+2  2.820E+2) display=( 8.540E+2  4.800E+2) region-1=( 5.020E+2  2.820E+2) region-2=( 8.540E+2  4.800E+2) viewport=[0,0,854,480] scissor=[0,128,854,256]/false drawFbo=15 readFbo=15 drawBuffer=36064 readBuffer=36064 drawStatus=8cd5
[02Oct2026 17:48:27.413] [Render thread/INFO] [SuperResolution/]: SR_DIAG BEFORE_PASS:composite4 fbo=15 attachment=8ce0 texture=49 mip=0 size=854x480 internalFormat=8c3a
[02Oct2026 17:48:27.414] [Render thread/INFO] [SuperResolution/]: SR_DIAG AFTER_PASS:composite4 render=( 5.020E+2  2.820E+2) display=( 8.540E+2  4.800E+2) region-1=( 5.020E+2  2.820E+2) region-2=( 8.540E+2  4.800E+2) viewport=[0,0,854,480] scissor=[0,128,854,256]/false drawFbo=16 readFbo=16 drawBuffer=36064 readBuffer=36064 drawStatus=8cd5
[02Oct2026 17:48:27.414] [Render thread/INFO] [SuperResolution/]: SR_DIAG AFTER_PASS:composite4 fbo=16 attachment=8ce0 texture=64 mip=0 size=854x480 internalFormat=881a
[02Oct2026 17:48:27.414] [Render thread/INFO] [SuperResolution/]: SR_DIAG BEFORE_PASS:composite5 render=( 5.020E+2  2.820E+2) display=( 8.540E+2  4.800E+2) region-1=( 5.020E+2  2.820E+2) region-2=( 8.540E+2  4.800E+2) viewport=[0,0,854,480] scissor=[0,128,854,256]/false drawFbo=16 readFbo=16 drawBuffer=36064 readBuffer=36064 drawStatus=8cd5
[02Oct2026 17:48:27.414] [Render thread/INFO] [SuperResolution/]: SR_DIAG BEFORE_PASS:composite5 fbo=16 attachment=8ce0 texture=64 mip=0 size=854x480 internalFormat=881a
[02Oct2026 17:48:27.414] [Render thread/INFO] [SuperResolution/]: SR_DIAG AFTER_PASS:composite5 render=( 5.020E+2  2.820E+2) display=( 8.540E+2  4.800E+2) region-1=( 5.020E+2  2.820E+2) region-2=( 8.540E+2  4.800E+2) viewport=[0,0,854,480] scissor=[0,128,854,256]/false drawFbo=17 readFbo=17 drawBuffer=36064 readBuffer=36064 drawStatus=8cd5
[02Oct2026 17:48:27.414] [Render thread/INFO] [SuperResolution/]: SR_DIAG AFTER_PASS:composite5 fbo=17 attachment=8ce0 texture=63 mip=0 size=854x480 internalFormat=881a
[02Oct2026 17:48:27.414] [Render thread/INFO] [SuperResolution/]: SR_DIAG BEFORE_PASS:composite6 render=( 5.020E+2  2.820E+2) display=( 8.540E+2  4.800E+2) region-1=( 5.020E+2  2.820E+2) region-2=( 8.540E+2  4.800E+2) viewport=[0,0,854,480] scissor=[0,128,854,256]/false drawFbo=17 readFbo=17 drawBuffer=36064 readBuffer=36064 drawStatus=8cd5
[02Oct2026 17:48:27.414] [Render thread/INFO] [SuperResolution/]: SR_DIAG BEFORE_PASS:composite6 fbo=17 attachment=8ce0 texture=63 mip=0 size=854x480 internalFormat=881a
[02Oct2026 17:48:27.414] [Render thread/INFO] [SuperResolution/]: SR_DIAG AFTER_PASS:composite6 render=( 5.020E+2  2.820E+2) display=( 8.540E+2  4.800E+2) region-1=( 5.020E+2  2.820E+2) region-2=( 8.540E+2  4.800E+2) viewport=[0,0,854,480] scissor=[0,128,854,256]/false drawFbo=18 readFbo=18 drawBuffer=36064 readBuffer=36064 drawStatus=8cd5
[02Oct2026 17:48:27.415] [Render thread/INFO] [SuperResolution/]: SR_DIAG AFTER_PASS:composite6 fbo=18 attachment=8ce0 texture=64 mip=0 size=854x480 internalFormat=881a
[02Oct2026 17:48:27.415] [Render thread/INFO] [SuperResolution/]: SR_DIAG BEFORE_PASS:composite7 render=( 5.020E+2  2.820E+2) display=( 8.540E+2  4.800E+2) region-1=( 5.020E+2  2.820E+2) region-2=( 8.540E+2  4.800E+2) viewport=[0,0,854,480] scissor=[0,128,854,256]/false drawFbo=18 readFbo=18 drawBuffer=36064 readBuffer=36064 drawStatus=8cd5
[02Oct2026 17:48:27.415] [Render thread/INFO] [SuperResolution/]: SR_DIAG BEFORE_PASS:composite7 fbo=18 attachment=8ce0 texture=64 mip=0 size=854x480 internalFormat=881a
[02Oct2026 17:48:27.415] [Render thread/INFO] [SuperResolution/]: SR_DIAG BEFORE_SR render=( 5.020E+2  2.820E+2) display=( 8.540E+2  4.800E+2) region-1=( 5.020E+2  2.820E+2) region-2=( 8.540E+2  4.800E+2) viewport=[0,0,854,480] scissor=[0,128,854,256]/false drawFbo=18 readFbo=18 drawBuffer=36064 readBuffer=36064 drawStatus=8cd5
[02Oct2026 17:48:27.415] [Render thread/INFO] [SuperResolution/]: SR_DIAG BEFORE_SR fbo=18 attachment=8ce0 texture=64 mip=0 size=854x480 internalFormat=881a
[02Oct2026 17:48:27.415] [Render thread/INFO] [SuperResolution/]: SR_DIAG texture color id=64 size=854x480 format=RGBA16F target/type=Texture2D glInternalFormat=881a
[02Oct2026 17:48:27.415] [Render thread/INFO] [SuperResolution/]: SR_DIAG texture depth id=3 size=854x480 format=DEPTH24 target/type=Texture2D glInternalFormat=1902
[02Oct2026 17:48:27.415] [Render thread/INFO] [SuperResolution/]: SR_DIAG depth depth id=3 bits=24 componentType=8c17
[02Oct2026 17:48:27.415] [Render thread/INFO] [SuperResolution/]: SR_DIAG texture motion_vectors id=83 size=854x480 format=RGBA16F target/type=Texture2D glInternalFormat=881a
[02Oct2026 17:48:27.415] [Render thread/INFO] [SuperResolution/]: SR_DIAG texture algorithm_color id=92 size=502x282 format=RGBA16F target/type=Texture2D glInternalFormat=881a
[02Oct2026 17:48:27.415] [Render thread/INFO] [SuperResolution/]: SR_DIAG texture algorithm_depth id=94 size=502x282 format=DEPTH24 target/type=Texture2D glInternalFormat=81a6
[02Oct2026 17:48:27.415] [Render thread/INFO] [SuperResolution/]: SR_DIAG depth algorithm_depth id=94 bits=24 componentType=8c17
[02Oct2026 17:48:27.415] [Render thread/INFO] [SuperResolution/]: SR_DIAG texture algorithm_motion_vectors id=95 size=502x282 format=RGBA16F target/type=Texture2D glInternalFormat=881a
[02Oct2026 17:48:27.479] [Render thread/INFO] [SuperResolution/]: SR_DIAG texture SR_output id=85 size=854x480 format=RGBA16F target/type=Texture2D glInternalFormat=881a
[02Oct2026 17:48:27.480] [Render thread/INFO] [SuperResolution/]: SR_DIAG texture autotex3/output_target id=64 size=854x480 format=RGBA16F target/type=Texture2D glInternalFormat=881a
[02Oct2026 17:48:27.480] [Render thread/INFO] [SuperResolution/]: SR_DIAG AFTER_SR render=( 5.020E+2  2.820E+2) display=( 8.540E+2  4.800E+2) region-1=( 5.020E+2  2.820E+2) region-2=( 8.540E+2  4.800E+2) viewport=[0,0,854,480] scissor=[0,128,854,256]/false drawFbo=18 readFbo=18 drawBuffer=36064 readBuffer=36064 drawStatus=8cd5
[02Oct2026 17:48:27.480] [Render thread/INFO] [SuperResolution/]: SR_DIAG AFTER_SR fbo=18 attachment=8ce0 texture=64 mip=0 size=854x480 internalFormat=881a
[02Oct2026 17:48:27.480] [Render thread/INFO] [SuperResolution/]: SR_DIAG AFTER_PASS:composite7 render=( 5.020E+2  2.820E+2) display=( 8.540E+2  4.800E+2) region-1=( 5.020E+2  2.820E+2) region-2=( 8.540E+2  4.800E+2) viewport=[0,0,854,480] scissor=[0,128,854,256]/false drawFbo=19 readFbo=19 drawBuffer=36064 readBuffer=36064 drawStatus=8cd5
[02Oct2026 17:48:27.480] [Render thread/INFO] [SuperResolution/]: SR_DIAG AFTER_PASS:composite7 fbo=19 attachment=8ce0 texture=63 mip=0 size=854x480 internalFormat=881a
[02Oct2026 17:48:27.480] [Render thread/INFO] [SuperResolution/]: SR_DIAG FINAL_PIPELINE render=( 5.020E+2  2.820E+2) display=( 8.540E+2  4.800E+2) region-1=( 5.020E+2  2.820E+2) region-2=( 8.540E+2  4.800E+2) viewport=[0,0,854,480] scissor=[0,128,854,256]/false drawFbo=1 readFbo=1 drawBuffer=36064 readBuffer=36064 drawStatus=8cd5
[02Oct2026 17:48:27.481] [Render thread/INFO] [SuperResolution/]: SR_DIAG FINAL_PIPELINE fbo=1 attachment=8ce0 texture=2 mip=0 size=854x480 internalFormat=8058
[02Oct2026 17:48:27.481] [Render thread/INFO] [SuperResolution/]: SR_DIAG FINAL_PIPELINE fbo=1 attachment=8d00 texture=3 mip=0 size=854x480 internalFormat=1902
[02Oct2026 17:48:37.418] [Render thread/INFO] [SuperResolution/]: SR_DIAG BEFORE_PASS:deferred1 render=( 5.020E+2  2.820E+2) display=( 8.540E+2  4.800E+2) region-1=( 5.020E+2  2.820E+2) region-2=( 8.540E+2  4.800E+2) viewport=[0,0,854,480] scissor=[0,128,854,256]/false drawFbo=1 readFbo=1 drawBuffer=36064 readBuffer=36064 drawStatus=8cd5
[02Oct2026 17:48:37.419] [Render thread/INFO] [SuperResolution/]: SR_DIAG BEFORE_PASS:deferred1 fbo=1 attachment=8ce0 texture=2 mip=0 size=854x480 internalFormat=8058
[02Oct2026 17:48:37.419] [Render thread/INFO] [SuperResolution/]: SR_DIAG BEFORE_PASS:deferred1 fbo=1 attachment=8d00 texture=3 mip=0 size=854x480 internalFormat=1902
[02Oct2026 17:48:37.419] [Render thread/INFO] [SuperResolution/]: SR_DIAG AFTER_PASS:deferred1 render=( 5.020E+2  2.820E+2) display=( 8.540E+2  4.800E+2) region-1=( 5.020E+2  2.820E+2) region-2=( 8.540E+2  4.800E+2) viewport=[0,0,854,480] scissor=[0,128,854,256]/false drawFbo=12 readFbo=12 drawBuffer=36064 readBuffer=36064 drawStatus=8cd5
[02Oct2026 17:48:37.419] [Render thread/INFO] [SuperResolution/]: SR_DIAG AFTER_PASS:deferred1 fbo=12 attachment=8ce0 texture=49 mip=0 size=854x480 internalFormat=8c3a
[02Oct2026 17:48:37.420] [Render thread/INFO] [SuperResolution/]: SR_DIAG BEFORE_PASS:composite render=( 5.020E+2  2.820E+2) display=( 8.540E+2  4.800E+2) region-1=( 5.020E+2  2.820E+2) region-2=( 8.540E+2  4.800E+2) viewport=[0,0,854,480] scissor=[0,128,854,256]/false drawFbo=1 readFbo=1 drawBuffer=36064 readBuffer=36064 drawStatus=8cd5
[02Oct2026 17:48:37.420] [Render thread/INFO] [SuperResolution/]: SR_DIAG BEFORE_PASS:composite fbo=1 attachment=8ce0 texture=2 mip=0 size=854x480 internalFormat=8058
[02Oct2026 17:48:37.420] [Render thread/INFO] [SuperResolution/]: SR_DIAG BEFORE_PASS:composite fbo=1 attachment=8d00 texture=3 mip=0 size=854x480 internalFormat=1902
[02Oct2026 17:48:37.420] [Render thread/INFO] [SuperResolution/]: SR_DIAG AFTER_PASS:composite render=( 5.020E+2  2.820E+2) display=( 8.540E+2  4.800E+2) region-1=( 5.020E+2  2.820E+2) region-2=( 8.540E+2  4.800E+2) viewport=[0,0,427,240] scissor=[0,128,854,256]/false drawFbo=13 readFbo=13 drawBuffer=36064 readBuffer=36064 drawStatus=8cd5
[02Oct2026 17:48:37.420] [Render thread/INFO] [SuperResolution/]: SR_DIAG AFTER_PASS:composite fbo=13 attachment=8ce0 texture=77 mip=0 size=427x240 internalFormat=881a
[02Oct2026 17:48:37.420] [Render thread/INFO] [SuperResolution/]: SR_DIAG BEFORE_PASS:composite1 render=( 5.020E+2  2.820E+2) display=( 8.540E+2  4.800E+2) region-1=( 5.020E+2  2.820E+2) region-2=( 8.540E+2  4.800E+2) viewport=[0,0,427,240] scissor=[0,128,854,256]/false drawFbo=13 readFbo=13 drawBuffer=36064 readBuffer=36064 drawStatus=8cd5
[02Oct2026 17:48:37.420] [Render thread/INFO] [SuperResolution/]: SR_DIAG BEFORE_PASS:composite1 fbo=13 attachment=8ce0 texture=77 mip=0 size=427x240 internalFormat=881a
[02Oct2026 17:48:37.420] [Render thread/INFO] [SuperResolution/]: SR_DIAG AFTER_PASS:composite1 render=( 5.020E+2  2.820E+2) display=( 8.540E+2  4.800E+2) region-1=( 5.020E+2  2.820E+2) region-2=( 8.540E+2  4.800E+2) viewport=[0,0,854,480] scissor=[0,128,854,256]/false drawFbo=14 readFbo=14 drawBuffer=36064 readBuffer=36064 drawStatus=8cd5
[02Oct2026 17:48:37.420] [Render thread/INFO] [SuperResolution/]: SR_DIAG AFTER_PASS:composite1 fbo=14 attachment=8ce0 texture=48 mip=0 size=854x480 internalFormat=8c3a
[02Oct2026 17:48:37.420] [Render thread/INFO] [SuperResolution/]: SR_DIAG BEFORE_PASS:composite3 render=( 5.020E+2  2.820E+2) display=( 8.540E+2  4.800E+2) region-1=( 5.020E+2  2.820E+2) region-2=( 8.540E+2  4.800E+2) viewport=[0,0,854,480] scissor=[0,128,854,256]/false drawFbo=14 readFbo=14 drawBuffer=36064 readBuffer=36064 drawStatus=8cd5
[02Oct2026 17:48:37.420] [Render thread/INFO] [SuperResolution/]: SR_DIAG BEFORE_PASS:composite3 fbo=14 attachment=8ce0 texture=48 mip=0 size=854x480 internalFormat=8c3a
[02Oct2026 17:48:37.421] [Render thread/INFO] [SuperResolution/]: SR_DIAG AFTER_PASS:composite3 render=( 5.020E+2  2.820E+2) display=( 8.540E+2  4.800E+2) region-1=( 5.020E+2  2.820E+2) region-2=( 8.540E+2  4.800E+2) viewport=[0,0,854,480] scissor=[0,128,854,256]/false drawFbo=15 readFbo=15 drawBuffer=36064 readBuffer=36064 drawStatus=8cd5
[02Oct2026 17:48:37.421] [Render thread/INFO] [SuperResolution/]: SR_DIAG AFTER_PASS:composite3 fbo=15 attachment=8ce0 texture=49 mip=0 size=854x480 internalFormat=8c3a
[02Oct2026 17:48:37.421] [Render thread/INFO] [SuperResolution/]: SR_DIAG BEFORE_PASS:composite4 render=( 5.020E+2  2.820E+2) display=( 8.540E+2  4.800E+2) region-1=( 5.020E+2  2.820E+2) region-2=( 8.540E+2  4.800E+2) viewport=[0,0,854,480] scissor=[0,128,854,256]/false drawFbo=15 readFbo=15 drawBuffer=36064 readBuffer=36064 drawStatus=8cd5
[02Oct2026 17:48:37.421] [Render thread/INFO] [SuperResolution/]: SR_DIAG BEFORE_PASS:composite4 fbo=15 attachment=8ce0 texture=49 mip=0 size=854x480 internalFormat=8c3a
[02Oct2026 17:48:37.421] [Render thread/INFO] [SuperResolution/]: SR_DIAG AFTER_PASS:composite4 render=( 5.020E+2  2.820E+2) display=( 8.540E+2  4.800E+2) region-1=( 5.020E+2  2.820E+2) region-2=( 8.540E+2  4.800E+2) viewport=[0,0,854,480] scissor=[0,128,854,256]/false drawFbo=16 readFbo=16 drawBuffer=36064 readBuffer=36064 drawStatus=8cd5
[02Oct2026 17:48:37.421] [Render thread/INFO] [SuperResolution/]: SR_DIAG AFTER_PASS:composite4 fbo=16 attachment=8ce0 texture=64 mip=0 size=854x480 internalFormat=881a
[02Oct2026 17:48:37.421] [Render thread/INFO] [SuperResolution/]: SR_DIAG BEFORE_PASS:composite5 render=( 5.020E+2  2.820E+2) display=( 8.540E+2  4.800E+2) region-1=( 5.020E+2  2.820E+2) region-2=( 8.540E+2  4.800E+2) viewport=[0,0,854,480] scissor=[0,128,854,256]/false drawFbo=16 readFbo=16 drawBuffer=36064 readBuffer=36064 drawStatus=8cd5
[02Oct2026 17:48:37.421] [Render thread/INFO] [SuperResolution/]: SR_DIAG BEFORE_PASS:composite5 fbo=16 attachment=8ce0 texture=64 mip=0 size=854x480 internalFormat=881a
[02Oct2026 17:48:37.421] [Render thread/INFO] [SuperResolution/]: SR_DIAG AFTER_PASS:composite5 render=( 5.020E+2  2.820E+2) display=( 8.540E+2  4.800E+2) region-1=( 5.020E+2  2.820E+2) region-2=( 8.540E+2  4.800E+2) viewport=[0,0,854,480] scissor=[0,128,854,256]/false drawFbo=17 readFbo=17 drawBuffer=36064 readBuffer=36064 drawStatus=8cd5
[02Oct2026 17:48:37.421] [Render thread/INFO] [SuperResolution/]: SR_DIAG AFTER_PASS:composite5 fbo=17 attachment=8ce0 texture=63 mip=0 size=854x480 internalFormat=881a
[02Oct2026 17:48:37.421] [Render thread/INFO] [SuperResolution/]: SR_DIAG BEFORE_PASS:composite6 render=( 5.020E+2  2.820E+2) display=( 8.540E+2  4.800E+2) region-1=( 5.020E+2  2.820E+2) region-2=( 8.540E+2  4.800E+2) viewport=[0,0,854,480] scissor=[0,128,854,256]/false drawFbo=17 readFbo=17 drawBuffer=36064 readBuffer=36064 drawStatus=8cd5
[02Oct2026 17:48:37.421] [Render thread/INFO] [SuperResolution/]: SR_DIAG BEFORE_PASS:composite6 fbo=17 attachment=8ce0 texture=63 mip=0 size=854x480 internalFormat=881a
[02Oct2026 17:48:37.421] [Render thread/INFO] [SuperResolution/]: SR_DIAG AFTER_PASS:composite6 render=( 5.020E+2  2.820E+2) display=( 8.540E+2  4.800E+2) region-1=( 5.020E+2  2.820E+2) region-2=( 8.540E+2  4.800E+2) viewport=[0,0,854,480] scissor=[0,128,854,256]/false drawFbo=18 readFbo=18 drawBuffer=36064 readBuffer=36064 drawStatus=8cd5
[02Oct2026 17:48:37.421] [Render thread/INFO] [SuperResolution/]: SR_DIAG AFTER_PASS:composite6 fbo=18 attachment=8ce0 texture=64 mip=0 size=854x480 internalFormat=881a
[02Oct2026 17:48:37.421] [Render thread/INFO] [SuperResolution/]: SR_DIAG BEFORE_PASS:composite7 render=( 5.020E+2  2.820E+2) display=( 8.540E+2  4.800E+2) region-1=( 5.020E+2  2.820E+2) region-2=( 8.540E+2  4.800E+2) viewport=[0,0,854,480] scissor=[0,128,854,256]/false drawFbo=18 readFbo=18 drawBuffer=36064 readBuffer=36064 drawStatus=8cd5
[02Oct2026 17:48:37.421] [Render thread/INFO] [SuperResolution/]: SR_DIAG BEFORE_PASS:composite7 fbo=18 attachment=8ce0 texture=64 mip=0 size=854x480 internalFormat=881a
[02Oct2026 17:48:37.421] [Render thread/INFO] [SuperResolution/]: SR_DIAG BEFORE_SR render=( 5.020E+2  2.820E+2) display=( 8.540E+2  4.800E+2) region-1=( 5.020E+2  2.820E+2) region-2=( 8.540E+2  4.800E+2) viewport=[0,0,854,480] scissor=[0,128,854,256]/false drawFbo=18 readFbo=18 drawBuffer=36064 readBuffer=36064 drawStatus=8cd5
[02Oct2026 17:48:37.421] [Render thread/INFO] [SuperResolution/]: SR_DIAG BEFORE_SR fbo=18 attachment=8ce0 texture=64 mip=0 size=854x480 internalFormat=881a
[02Oct2026 17:48:37.422] [Render thread/INFO] [SuperResolution/]: SR_DIAG texture color id=64 size=854x480 format=RGBA16F target/type=Texture2D glInternalFormat=881a
[02Oct2026 17:48:37.422] [Render thread/INFO] [SuperResolution/]: SR_DIAG texture depth id=3 size=854x480 format=DEPTH24 target/type=Texture2D glInternalFormat=1902
[02Oct2026 17:48:37.422] [Render thread/INFO] [SuperResolution/]: SR_DIAG depth depth id=3 bits=24 componentType=8c17
[02Oct2026 17:48:37.422] [Render thread/INFO] [SuperResolution/]: SR_DIAG texture motion_vectors id=83 size=854x480 format=RGBA16F target/type=Texture2D glInternalFormat=881a
[02Oct2026 17:48:37.422] [Render thread/INFO] [SuperResolution/]: SR_DIAG texture algorithm_color id=92 size=502x282 format=RGBA16F target/type=Texture2D glInternalFormat=881a
[02Oct2026 17:48:37.422] [Render thread/INFO] [SuperResolution/]: SR_DIAG texture algorithm_depth id=94 size=502x282 format=DEPTH24 target/type=Texture2D glInternalFormat=81a6
[02Oct2026 17:48:37.422] [Render thread/INFO] [SuperResolution/]: SR_DIAG depth algorithm_depth id=94 bits=24 componentType=8c17
[02Oct2026 17:48:37.422] [Render thread/INFO] [SuperResolution/]: SR_DIAG texture algorithm_motion_vectors id=95 size=502x282 format=RGBA16F target/type=Texture2D glInternalFormat=881a
[02Oct2026 17:48:37.487] [Render thread/INFO] [SuperResolution/]: SR_DIAG texture SR_output id=85 size=854x480 format=RGBA16F target/type=Texture2D glInternalFormat=881a
[02Oct2026 17:48:37.487] [Render thread/INFO] [SuperResolution/]: SR_DIAG texture autotex3/output_target id=64 size=854x480 format=RGBA16F target/type=Texture2D glInternalFormat=881a
[02Oct2026 17:48:37.487] [Render thread/INFO] [SuperResolution/]: SR_DIAG AFTER_SR render=( 5.020E+2  2.820E+2) display=( 8.540E+2  4.800E+2) region-1=( 5.020E+2  2.820E+2) region-2=( 8.540E+2  4.800E+2) viewport=[0,0,854,480] scissor=[0,128,854,256]/false drawFbo=18 readFbo=18 drawBuffer=36064 readBuffer=36064 drawStatus=8cd5
[02Oct2026 17:48:37.487] [Render thread/INFO] [SuperResolution/]: SR_DIAG AFTER_SR fbo=18 attachment=8ce0 texture=64 mip=0 size=854x480 internalFormat=881a
[02Oct2026 17:48:37.487] [Render thread/INFO] [SuperResolution/]: SR_DIAG AFTER_PASS:composite7 render=( 5.020E+2  2.820E+2) display=( 8.540E+2  4.800E+2) region-1=( 5.020E+2  2.820E+2) region-2=( 8.540E+2  4.800E+2) viewport=[0,0,854,480] scissor=[0,128,854,256]/false drawFbo=19 readFbo=19 drawBuffer=36064 readBuffer=36064 drawStatus=8cd5
[02Oct2026 17:48:37.487] [Render thread/INFO] [SuperResolution/]: SR_DIAG AFTER_PASS:composite7 fbo=19 attachment=8ce0 texture=63 mip=0 size=854x480 internalFormat=881a
[02Oct2026 17:48:37.488] [Render thread/INFO] [SuperResolution/]: SR_DIAG FINAL_PIPELINE render=( 5.020E+2  2.820E+2) display=( 8.540E+2  4.800E+2) region-1=( 5.020E+2  2.820E+2) region-2=( 8.540E+2  4.800E+2) viewport=[0,0,854,480] scissor=[0,128,854,256]/false drawFbo=1 readFbo=1 drawBuffer=36064 readBuffer=36064 drawStatus=8cd5
[02Oct2026 17:48:37.488] [Render thread/INFO] [SuperResolution/]: SR_DIAG FINAL_PIPELINE fbo=1 attachment=8ce0 texture=2 mip=0 size=854x480 internalFormat=8058
[02Oct2026 17:48:37.488] [Render thread/INFO] [SuperResolution/]: SR_DIAG FINAL_PIPELINE fbo=1 attachment=8d00 texture=3 mip=0 size=854x480 internalFormat=1902
[02Oct2026 17:48:47.423] [Render thread/INFO] [SuperResolution/]: SR_DIAG BEFORE_PASS:deferred1 render=( 5.020E+2  2.820E+2) display=( 8.540E+2  4.800E+2) region-1=( 5.020E+2  2.820E+2) region-2=( 8.540E+2  4.800E+2) viewport=[0,0,854,480] scissor=[0,128,854,256]/false drawFbo=1 readFbo=1 drawBuffer=36064 readBuffer=36064 drawStatus=8cd5
[02Oct2026 17:48:47.423] [Render thread/INFO] [SuperResolution/]: SR_DIAG BEFORE_PASS:deferred1 fbo=1 attachment=8ce0 texture=2 mip=0 size=854x480 internalFormat=8058
[02Oct2026 17:48:47.423] [Render thread/INFO] [SuperResolution/]: SR_DIAG BEFORE_PASS:deferred1 fbo=1 attachment=8d00 texture=3 mip=0 size=854x480 internalFormat=1902
[02Oct2026 17:48:47.423] [Render thread/INFO] [SuperResolution/]: SR_DIAG AFTER_PASS:deferred1 render=( 5.020E+2  2.820E+2) display=( 8.540E+2  4.800E+2) region-1=( 5.020E+2  2.820E+2) region-2=( 8.540E+2  4.800E+2) viewport=[0,0,854,480] scissor=[0,128,854,256]/false drawFbo=12 readFbo=12 drawBuffer=36064 readBuffer=36064 drawStatus=8cd5
[02Oct2026 17:48:47.423] [Render thread/INFO] [SuperResolution/]: SR_DIAG AFTER_PASS:deferred1 fbo=12 attachment=8ce0 texture=49 mip=0 size=854x480 internalFormat=8c3a
[02Oct2026 17:48:47.425] [Render thread/INFO] [SuperResolution/]: SR_DIAG BEFORE_PASS:composite render=( 5.020E+2  2.820E+2) display=( 8.540E+2  4.800E+2) region-1=( 5.020E+2  2.820E+2) region-2=( 8.540E+2  4.800E+2) viewport=[0,0,854,480] scissor=[0,128,854,256]/false drawFbo=1 readFbo=1 drawBuffer=36064 readBuffer=36064 drawStatus=8cd5
[02Oct2026 17:48:47.425] [Render thread/INFO] [SuperResolution/]: SR_DIAG BEFORE_PASS:composite fbo=1 attachment=8ce0 texture=2 mip=0 size=854x480 internalFormat=8058
[02Oct2026 17:48:47.425] [Render thread/INFO] [SuperResolution/]: SR_DIAG BEFORE_PASS:composite fbo=1 attachment=8d00 texture=3 mip=0 size=854x480 internalFormat=1902
[02Oct2026 17:48:47.425] [Render thread/INFO] [SuperResolution/]: SR_DIAG AFTER_PASS:composite render=( 5.020E+2  2.820E+2) display=( 8.540E+2  4.800E+2) region-1=( 5.020E+2  2.820E+2) region-2=( 8.540E+2  4.800E+2) viewport=[0,0,427,240] scissor=[0,128,854,256]/false drawFbo=13 readFbo=13 drawBuffer=36064 readBuffer=36064 drawStatus=8cd5
[02Oct2026 17:48:47.425] [Render thread/INFO] [SuperResolution/]: SR_DIAG AFTER_PASS:composite fbo=13 attachment=8ce0 texture=77 mip=0 size=427x240 internalFormat=881a
[02Oct2026 17:48:47.425] [Render thread/INFO] [SuperResolution/]: SR_DIAG BEFORE_PASS:composite1 render=( 5.020E+2  2.820E+2) display=( 8.540E+2  4.800E+2) region-1=( 5.020E+2  2.820E+2) region-2=( 8.540E+2  4.800E+2) viewport=[0,0,427,240] scissor=[0,128,854,256]/false drawFbo=13 readFbo=13 drawBuffer=36064 readBuffer=36064 drawStatus=8cd5
[02Oct2026 17:48:47.425] [Render thread/INFO] [SuperResolution/]: SR_DIAG BEFORE_PASS:composite1 fbo=13 attachment=8ce0 texture=77 mip=0 size=427x240 internalFormat=881a
[02Oct2026 17:48:47.425] [Render thread/INFO] [SuperResolution/]: SR_DIAG AFTER_PASS:composite1 render=( 5.020E+2  2.820E+2) display=( 8.540E+2  4.800E+2) region-1=( 5.020E+2  2.820E+2) region-2=( 8.540E+2  4.800E+2) viewport=[0,0,854,480] scissor=[0,128,854,256]/false drawFbo=14 readFbo=14 drawBuffer=36064 readBuffer=36064 drawStatus=8cd5
[02Oct2026 17:48:47.425] [Render thread/INFO] [SuperResolution/]: SR_DIAG AFTER_PASS:composite1 fbo=14 attachment=8ce0 texture=48 mip=0 size=854x480 internalFormat=8c3a
[02Oct2026 17:48:47.425] [Render thread/INFO] [SuperResolution/]: SR_DIAG BEFORE_PASS:composite3 render=( 5.020E+2  2.820E+2) display=( 8.540E+2  4.800E+2) region-1=( 5.020E+2  2.820E+2) region-2=( 8.540E+2  4.800E+2) viewport=[0,0,854,480] scissor=[0,128,854,256]/false drawFbo=14 readFbo=14 drawBuffer=36064 readBuffer=36064 drawStatus=8cd5
[02Oct2026 17:48:47.426] [Render thread/INFO] [SuperResolution/]: SR_DIAG BEFORE_PASS:composite3 fbo=14 attachment=8ce0 texture=48 mip=0 size=854x480 internalFormat=8c3a
[02Oct2026 17:48:47.426] [Render thread/INFO] [SuperResolution/]: SR_DIAG AFTER_PASS:composite3 render=( 5.020E+2  2.820E+2) display=( 8.540E+2  4.800E+2) region-1=( 5.020E+2  2.820E+2) region-2=( 8.540E+2  4.800E+2) viewport=[0,0,854,480] scissor=[0,128,854,256]/false drawFbo=15 readFbo=15 drawBuffer=36064 readBuffer=36064 drawStatus=8cd5
[02Oct2026 17:48:47.426] [Render thread/INFO] [SuperResolution/]: SR_DIAG AFTER_PASS:composite3 fbo=15 attachment=8ce0 texture=49 mip=0 size=854x480 internalFormat=8c3a
[02Oct2026 17:48:47.426] [Render thread/INFO] [SuperResolution/]: SR_DIAG BEFORE_PASS:composite4 render=( 5.020E+2  2.820E+2) display=( 8.540E+2  4.800E+2) region-1=( 5.020E+2  2.820E+2) region-2=( 8.540E+2  4.800E+2) viewport=[0,0,854,480] scissor=[0,128,854,256]/false drawFbo=15 readFbo=15 drawBuffer=36064 readBuffer=36064 drawStatus=8cd5
[02Oct2026 17:48:47.426] [Render thread/INFO] [SuperResolution/]: SR_DIAG BEFORE_PASS:composite4 fbo=15 attachment=8ce0 texture=49 mip=0 size=854x480 internalFormat=8c3a
[02Oct2026 17:48:47.426] [Render thread/INFO] [SuperResolution/]: SR_DIAG AFTER_PASS:composite4 render=( 5.020E+2  2.820E+2) display=( 8.540E+2  4.800E+2) region-1=( 5.020E+2  2.820E+2) region-2=( 8.540E+2  4.800E+2) viewport=[0,0,854,480] scissor=[0,128,854,256]/false drawFbo=16 readFbo=16 drawBuffer=36064 readBuffer=36064 drawStatus=8cd5
[02Oct2026 17:48:47.426] [Render thread/INFO] [SuperResolution/]: SR_DIAG AFTER_PASS:composite4 fbo=16 attachment=8ce0 texture=64 mip=0 size=854x480 internalFormat=881a
[02Oct2026 17:48:47.426] [Render thread/INFO] [SuperResolution/]: SR_DIAG BEFORE_PASS:composite5 render=( 5.020E+2  2.820E+2) display=( 8.540E+2  4.800E+2) region-1=( 5.020E+2  2.820E+2) region-2=( 8.540E+2  4.800E+2) viewport=[0,0,854,480] scissor=[0,128,854,256]/false drawFbo=16 readFbo=16 drawBuffer=36064 readBuffer=36064 drawStatus=8cd5
[02Oct2026 17:48:47.426] [Render thread/INFO] [SuperResolution/]: SR_DIAG BEFORE_PASS:composite5 fbo=16 attachment=8ce0 texture=64 mip=0 size=854x480 internalFormat=881a
[02Oct2026 17:48:47.426] [Render thread/INFO] [SuperResolution/]: SR_DIAG AFTER_PASS:composite5 render=( 5.020E+2  2.820E+2) display=( 8.540E+2  4.800E+2) region-1=( 5.020E+2  2.820E+2) region-2=( 8.540E+2  4.800E+2) viewport=[0,0,854,480] scissor=[0,128,854,256]/false drawFbo=17 readFbo=17 drawBuffer=36064 readBuffer=36064 drawStatus=8cd5
[02Oct2026 17:48:47.427] [Render thread/INFO] [SuperResolution/]: SR_DIAG AFTER_PASS:composite5 fbo=17 attachment=8ce0 texture=63 mip=0 size=854x480 internalFormat=881a
[02Oct2026 17:48:47.427] [Render thread/INFO] [SuperResolution/]: SR_DIAG BEFORE_PASS:composite6 render=( 5.020E+2  2.820E+2) display=( 8.540E+2  4.800E+2) region-1=( 5.020E+2  2.820E+2) region-2=( 8.540E+2  4.800E+2) viewport=[0,0,854,480] scissor=[0,128,854,256]/false drawFbo=17 readFbo=17 drawBuffer=36064 readBuffer=36064 drawStatus=8cd5
[02Oct2026 17:48:47.427] [Render thread/INFO] [SuperResolution/]: SR_DIAG BEFORE_PASS:composite6 fbo=17 attachment=8ce0 texture=63 mip=0 size=854x480 internalFormat=881a
[02Oct2026 17:48:47.427] [Render thread/INFO] [SuperResolution/]: SR_DIAG AFTER_PASS:composite6 render=( 5.020E+2  2.820E+2) display=( 8.540E+2  4.800E+2) region-1=( 5.020E+2  2.820E+2) region-2=( 8.540E+2  4.800E+2) viewport=[0,0,854,480] scissor=[0,128,854,256]/false drawFbo=18 readFbo=18 drawBuffer=36064 readBuffer=36064 drawStatus=8cd5
[02Oct2026 17:48:47.427] [Render thread/INFO] [SuperResolution/]: SR_DIAG AFTER_PASS:composite6 fbo=18 attachment=8ce0 texture=64 mip=0 size=854x480 internalFormat=881a
[02Oct2026 17:48:47.427] [Render thread/INFO] [SuperResolution/]: SR_DIAG BEFORE_PASS:composite7 render=( 5.020E+2  2.820E+2) display=( 8.540E+2  4.800E+2) region-1=( 5.020E+2  2.820E+2) region-2=( 8.540E+2  4.800E+2) viewport=[0,0,854,480] scissor=[0,128,854,256]/false drawFbo=18 readFbo=18 drawBuffer=36064 readBuffer=36064 drawStatus=8cd5
[02Oct2026 17:48:47.427] [Render thread/INFO] [SuperResolution/]: SR_DIAG BEFORE_PASS:composite7 fbo=18 attachment=8ce0 texture=64 mip=0 size=854x480 internalFormat=881a
[02Oct2026 17:48:47.427] [Render thread/INFO] [SuperResolution/]: SR_DIAG BEFORE_SR render=( 5.020E+2  2.820E+2) display=( 8.540E+2  4.800E+2) region-1=( 5.020E+2  2.820E+2) region-2=( 8.540E+2  4.800E+2) viewport=[0,0,854,480] scissor=[0,128,854,256]/false drawFbo=18 readFbo=18 drawBuffer=36064 readBuffer=36064 drawStatus=8cd5
[02Oct2026 17:48:47.427] [Render thread/INFO] [SuperResolution/]: SR_DIAG BEFORE_SR fbo=18 attachment=8ce0 texture=64 mip=0 size=854x480 internalFormat=881a
[02Oct2026 17:48:47.427] [Render thread/INFO] [SuperResolution/]: SR_DIAG texture color id=64 size=854x480 format=RGBA16F target/type=Texture2D glInternalFormat=881a
[02Oct2026 17:48:47.427] [Render thread/INFO] [SuperResolution/]: SR_DIAG texture depth id=3 size=854x480 format=DEPTH24 target/type=Texture2D glInternalFormat=1902
[02Oct2026 17:48:47.428] [Render thread/INFO] [SuperResolution/]: SR_DIAG depth depth id=3 bits=24 componentType=8c17
[02Oct2026 17:48:47.428] [Render thread/INFO] [SuperResolution/]: SR_DIAG texture motion_vectors id=83 size=854x480 format=RGBA16F target/type=Texture2D glInternalFormat=881a
[02Oct2026 17:48:47.428] [Render thread/INFO] [SuperResolution/]: SR_DIAG texture algorithm_color id=92 size=502x282 format=RGBA16F target/type=Texture2D glInternalFormat=881a
[02Oct2026 17:48:47.428] [Render thread/INFO] [SuperResolution/]: SR_DIAG texture algorithm_depth id=94 size=502x282 format=DEPTH24 target/type=Texture2D glInternalFormat=81a6
[02Oct2026 17:48:47.428] [Render thread/INFO] [SuperResolution/]: SR_DIAG depth algorithm_depth id=94 bits=24 componentType=8c17
[02Oct2026 17:48:47.428] [Render thread/INFO] [SuperResolution/]: SR_DIAG texture algorithm_motion_vectors id=95 size=502x282 format=RGBA16F target/type=Texture2D glInternalFormat=881a
[02Oct2026 17:48:47.495] [Render thread/INFO] [SuperResolution/]: SR_DIAG texture SR_output id=85 size=854x480 format=RGBA16F target/type=Texture2D glInternalFormat=881a
[02Oct2026 17:48:47.495] [Render thread/INFO] [SuperResolution/]: SR_DIAG texture autotex3/output_target id=64 size=854x480 format=RGBA16F target/type=Texture2D glInternalFormat=881a
[02Oct2026 17:48:47.495] [Render thread/INFO] [SuperResolution/]: SR_DIAG AFTER_SR render=( 5.020E+2  2.820E+2) display=( 8.540E+2  4.800E+2) region-1=( 5.020E+2  2.820E+2) region-2=( 8.540E+2  4.800E+2) viewport=[0,0,854,480] scissor=[0,128,854,256]/false drawFbo=18 readFbo=18 drawBuffer=36064 readBuffer=36064 drawStatus=8cd5
[02Oct2026 17:48:47.496] [Render thread/INFO] [SuperResolution/]: SR_DIAG AFTER_SR fbo=18 attachment=8ce0 texture=64 mip=0 size=854x480 internalFormat=881a
[02Oct2026 17:48:47.496] [Render thread/INFO] [SuperResolution/]: SR_DIAG AFTER_PASS:composite7 render=( 5.020E+2  2.820E+2) display=( 8.540E+2  4.800E+2) region-1=( 5.020E+2  2.820E+2) region-2=( 8.540E+2  4.800E+2) viewport=[0,0,854,480] scissor=[0,128,854,256]/false drawFbo=19 readFbo=19 drawBuffer=36064 readBuffer=36064 drawStatus=8cd5
[02Oct2026 17:48:47.496] [Render thread/INFO] [SuperResolution/]: SR_DIAG AFTER_PASS:composite7 fbo=19 attachment=8ce0 texture=63 mip=0 size=854x480 internalFormat=881a
[02Oct2026 17:48:47.496] [Render thread/INFO] [SuperResolution/]: SR_DIAG FINAL_PIPELINE render=( 5.020E+2  2.820E+2) display=( 8.540E+2  4.800E+2) region-1=( 5.020E+2  2.820E+2) region-2=( 8.540E+2  4.800E+2) viewport=[0,0,854,480] scissor=[0,128,854,256]/false drawFbo=1 readFbo=1 drawBuffer=36064 readBuffer=36064 drawStatus=8cd5
[02Oct2026 17:48:47.496] [Render thread/INFO] [SuperResolution/]: SR_DIAG FINAL_PIPELINE fbo=1 attachment=8ce0 texture=2 mip=0 size=854x480 internalFormat=8058
[02Oct2026 17:48:47.496] [Render thread/INFO] [SuperResolution/]: SR_DIAG FINAL_PIPELINE fbo=1 attachment=8d00 texture=3 mip=0 size=854x480 internalFormat=1902
[02Oct2026 17:48:57.425] [Render thread/INFO] [SuperResolution/]: SR_DIAG BEFORE_PASS:deferred1 render=( 5.020E+2  2.820E+2) display=( 8.540E+2  4.800E+2) region-1=( 5.020E+2  2.820E+2) region-2=( 8.540E+2  4.800E+2) viewport=[0,0,854,480] scissor=[0,128,854,256]/false drawFbo=1 readFbo=1 drawBuffer=36064 readBuffer=36064 drawStatus=8cd5
[02Oct2026 17:48:57.425] [Render thread/INFO] [SuperResolution/]: SR_DIAG BEFORE_PASS:deferred1 fbo=1 attachment=8ce0 texture=2 mip=0 size=854x480 internalFormat=8058
[02Oct2026 17:48:57.425] [Render thread/INFO] [SuperResolution/]: SR_DIAG BEFORE_PASS:deferred1 fbo=1 attachment=8d00 texture=3 mip=0 size=854x480 internalFormat=1902
[02Oct2026 17:48:57.426] [Render thread/INFO] [SuperResolution/]: SR_DIAG AFTER_PASS:deferred1 render=( 5.020E+2  2.820E+2) display=( 8.540E+2  4.800E+2) region-1=( 5.020E+2  2.820E+2) region-2=( 8.540E+2  4.800E+2) viewport=[0,0,854,480] scissor=[0,128,854,256]/false drawFbo=12 readFbo=12 drawBuffer=36064 readBuffer=36064 drawStatus=8cd5
[02Oct2026 17:48:57.426] [Render thread/INFO] [SuperResolution/]: SR_DIAG AFTER_PASS:deferred1 fbo=12 attachment=8ce0 texture=49 mip=0 size=854x480 internalFormat=8c3a
[02Oct2026 17:48:57.427] [Render thread/INFO] [SuperResolution/]: SR_DIAG BEFORE_PASS:composite render=( 5.020E+2  2.820E+2) display=( 8.540E+2  4.800E+2) region-1=( 5.020E+2  2.820E+2) region-2=( 8.540E+2  4.800E+2) viewport=[0,0,854,480] scissor=[0,128,854,256]/false drawFbo=1 readFbo=1 drawBuffer=36064 readBuffer=36064 drawStatus=8cd5
[02Oct2026 17:48:57.427] [Render thread/INFO] [SuperResolution/]: SR_DIAG BEFORE_PASS:composite fbo=1 attachment=8ce0 texture=2 mip=0 size=854x480 internalFormat=8058
[02Oct2026 17:48:57.427] [Render thread/INFO] [SuperResolution/]: SR_DIAG BEFORE_PASS:composite fbo=1 attachment=8d00 texture=3 mip=0 size=854x480 internalFormat=1902
[02Oct2026 17:48:57.427] [Render thread/INFO] [SuperResolution/]: SR_DIAG AFTER_PASS:composite render=( 5.020E+2  2.820E+2) display=( 8.540E+2  4.800E+2) region-1=( 5.020E+2  2.820E+2) region-2=( 8.540E+2  4.800E+2) viewport=[0,0,427,240] scissor=[0,128,854,256]/false drawFbo=13 readFbo=13 drawBuffer=36064 readBuffer=36064 drawStatus=8cd5
[02Oct2026 17:48:57.427] [Render thread/INFO] [SuperResolution/]: SR_DIAG AFTER_PASS:composite fbo=13 attachment=8ce0 texture=77 mip=0 size=427x240 internalFormat=881a
[02Oct2026 17:48:57.427] [Render thread/INFO] [SuperResolution/]: SR_DIAG BEFORE_PASS:composite1 render=( 5.020E+2  2.820E+2) display=( 8.540E+2  4.800E+2) region-1=( 5.020E+2  2.820E+2) region-2=( 8.540E+2  4.800E+2) viewport=[0,0,427,240] scissor=[0,128,854,256]/false drawFbo=13 readFbo=13 drawBuffer=36064 readBuffer=36064 drawStatus=8cd5
[02Oct2026 17:48:57.427] [Render thread/INFO] [SuperResolution/]: SR_DIAG BEFORE_PASS:composite1 fbo=13 attachment=8ce0 texture=77 mip=0 size=427x240 internalFormat=881a
[02Oct2026 17:48:57.427] [Render thread/INFO] [SuperResolution/]: SR_DIAG AFTER_PASS:composite1 render=( 5.020E+2  2.820E+2) display=( 8.540E+2  4.800E+2) region-1=( 5.020E+2  2.820E+2) region-2=( 8.540E+2  4.800E+2) viewport=[0,0,854,480] scissor=[0,128,854,256]/false drawFbo=14 readFbo=14 drawBuffer=36064 readBuffer=36064 drawStatus=8cd5
[02Oct2026 17:48:57.427] [Render thread/INFO] [SuperResolution/]: SR_DIAG AFTER_PASS:composite1 fbo=14 attachment=8ce0 texture=48 mip=0 size=854x480 internalFormat=8c3a
[02Oct2026 17:48:57.427] [Render thread/INFO] [SuperResolution/]: SR_DIAG BEFORE_PASS:composite3 render=( 5.020E+2  2.820E+2) display=( 8.540E+2  4.800E+2) region-1=( 5.020E+2  2.820E+2) region-2=( 8.540E+2  4.800E+2) viewport=[0,0,854,480] scissor=[0,128,854,256]/false drawFbo=14 readFbo=14 drawBuffer=36064 readBuffer=36064 drawStatus=8cd5
[02Oct2026 17:48:57.427] [Render thread/INFO] [SuperResolution/]: SR_DIAG BEFORE_PASS:composite3 fbo=14 attachment=8ce0 texture=48 mip=0 size=854x480 internalFormat=8c3a
[02Oct2026 17:48:57.427] [Render thread/INFO] [SuperResolution/]: SR_DIAG AFTER_PASS:composite3 render=( 5.020E+2  2.820E+2) display=( 8.540E+2  4.800E+2) region-1=( 5.020E+2  2.820E+2) region-2=( 8.540E+2  4.800E+2) viewport=[0,0,854,480] scissor=[0,128,854,256]/false drawFbo=15 readFbo=15 drawBuffer=36064 readBuffer=36064 drawStatus=8cd5
[02Oct2026 17:48:57.427] [Render thread/INFO] [SuperResolution/]: SR_DIAG AFTER_PASS:composite3 fbo=15 attachment=8ce0 texture=49 mip=0 size=854x480 internalFormat=8c3a
[02Oct2026 17:48:57.429] [Render thread/INFO] [SuperResolution/]: SR_DIAG BEFORE_PASS:composite4 render=( 5.020E+2  2.820E+2) display=( 8.540E+2  4.800E+2) region-1=( 5.020E+2  2.820E+2) region-2=( 8.540E+2  4.800E+2) viewport=[0,0,854,480] scissor=[0,128,854,256]/false drawFbo=15 readFbo=15 drawBuffer=36064 readBuffer=36064 drawStatus=8cd5
[02Oct2026 17:48:57.429] [Render thread/INFO] [SuperResolution/]: SR_DIAG BEFORE_PASS:composite4 fbo=15 attachment=8ce0 texture=49 mip=0 size=854x480 internalFormat=8c3a
[02Oct2026 17:48:57.429] [Render thread/INFO] [SuperResolution/]: SR_DIAG AFTER_PASS:composite4 render=( 5.020E+2  2.820E+2) display=( 8.540E+2  4.800E+2) region-1=( 5.020E+2  2.820E+2) region-2=( 8.540E+2  4.800E+2) viewport=[0,0,854,480] scissor=[0,128,854,256]/false drawFbo=16 readFbo=16 drawBuffer=36064 readBuffer=36064 drawStatus=8cd5
[02Oct2026 17:48:57.429] [Render thread/INFO] [SuperResolution/]: SR_DIAG AFTER_PASS:composite4 fbo=16 attachment=8ce0 texture=64 mip=0 size=854x480 internalFormat=881a
[02Oct2026 17:48:57.429] [Render thread/INFO] [SuperResolution/]: SR_DIAG BEFORE_PASS:composite5 render=( 5.020E+2  2.820E+2) display=( 8.540E+2  4.800E+2) region-1=( 5.020E+2  2.820E+2) region-2=( 8.540E+2  4.800E+2) viewport=[0,0,854,480] scissor=[0,128,854,256]/false drawFbo=16 readFbo=16 drawBuffer=36064 readBuffer=36064 drawStatus=8cd5
[02Oct2026 17:48:57.429] [Render thread/INFO] [SuperResolution/]: SR_DIAG BEFORE_PASS:composite5 fbo=16 attachment=8ce0 texture=64 mip=0 size=854x480 internalFormat=881a
[02Oct2026 17:48:57.429] [Render thread/INFO] [SuperResolution/]: SR_DIAG AFTER_PASS:composite5 render=( 5.020E+2  2.820E+2) display=( 8.540E+2  4.800E+2) region-1=( 5.020E+2  2.820E+2) region-2=( 8.540E+2  4.800E+2) viewport=[0,0,854,480] scissor=[0,128,854,256]/false drawFbo=17 readFbo=17 drawBuffer=36064 readBuffer=36064 drawStatus=8cd5
[02Oct2026 17:48:57.429] [Render thread/INFO] [SuperResolution/]: SR_DIAG AFTER_PASS:composite5 fbo=17 attachment=8ce0 texture=63 mip=0 size=854x480 internalFormat=881a
[02Oct2026 17:48:57.429] [Render thread/INFO] [SuperResolution/]: SR_DIAG BEFORE_PASS:composite6 render=( 5.020E+2  2.820E+2) display=( 8.540E+2  4.800E+2) region-1=( 5.020E+2  2.820E+2) region-2=( 8.540E+2  4.800E+2) viewport=[0,0,854,480] scissor=[0,128,854,256]/false drawFbo=17 readFbo=17 drawBuffer=36064 readBuffer=36064 drawStatus=8cd5
[02Oct2026 17:48:57.429] [Render thread/INFO] [SuperResolution/]: SR_DIAG BEFORE_PASS:composite6 fbo=17 attachment=8ce0 texture=63 mip=0 size=854x480 internalFormat=881a
[02Oct2026 17:48:57.429] [Render thread/INFO] [SuperResolution/]: SR_DIAG AFTER_PASS:composite6 render=( 5.020E+2  2.820E+2) display=( 8.540E+2  4.800E+2) region-1=( 5.020E+2  2.820E+2) region-2=( 8.540E+2  4.800E+2) viewport=[0,0,854,480] scissor=[0,128,854,256]/false drawFbo=18 readFbo=18 drawBuffer=36064 readBuffer=36064 drawStatus=8cd5
[02Oct2026 17:48:57.429] [Render thread/INFO] [SuperResolution/]: SR_DIAG AFTER_PASS:composite6 fbo=18 attachment=8ce0 texture=64 mip=0 size=854x480 internalFormat=881a
[02Oct2026 17:48:57.429] [Render thread/INFO] [SuperResolution/]: SR_DIAG BEFORE_PASS:composite7 render=( 5.020E+2  2.820E+2) display=( 8.540E+2  4.800E+2) region-1=( 5.020E+2  2.820E+2) region-2=( 8.540E+2  4.800E+2) viewport=[0,0,854,480] scissor=[0,128,854,256]/false drawFbo=18 readFbo=18 drawBuffer=36064 readBuffer=36064 drawStatus=8cd5
[02Oct2026 17:48:57.429] [Render thread/INFO] [SuperResolution/]: SR_DIAG BEFORE_PASS:composite7 fbo=18 attachment=8ce0 texture=64 mip=0 size=854x480 internalFormat=881a
[02Oct2026 17:48:57.429] [Render thread/INFO] [SuperResolution/]: SR_DIAG BEFORE_SR render=( 5.020E+2  2.820E+2) display=( 8.540E+2  4.800E+2) region-1=( 5.020E+2  2.820E+2) region-2=( 8.540E+2  4.800E+2) viewport=[0,0,854,480] scissor=[0,128,854,256]/false drawFbo=18 readFbo=18 drawBuffer=36064 readBuffer=36064 drawStatus=8cd5
[02Oct2026 17:48:57.429] [Render thread/INFO] [SuperResolution/]: SR_DIAG BEFORE_SR fbo=18 attachment=8ce0 texture=64 mip=0 size=854x480 internalFormat=881a
[02Oct2026 17:48:57.430] [Render thread/INFO] [SuperResolution/]: SR_DIAG texture color id=64 size=854x480 format=RGBA16F target/type=Texture2D glInternalFormat=881a
[02Oct2026 17:48:57.430] [Render thread/INFO] [SuperResolution/]: SR_DIAG texture depth id=3 size=854x480 format=DEPTH24 target/type=Texture2D glInternalFormat=1902
[02Oct2026 17:48:57.430] [Render thread/INFO] [SuperResolution/]: SR_DIAG depth depth id=3 bits=24 componentType=8c17
[02Oct2026 17:48:57.430] [Render thread/INFO] [SuperResolution/]: SR_DIAG texture motion_vectors id=83 size=854x480 format=RGBA16F target/type=Texture2D glInternalFormat=881a
[02Oct2026 17:48:57.430] [Render thread/INFO] [SuperResolution/]: SR_DIAG texture algorithm_color id=92 size=502x282 format=RGBA16F target/type=Texture2D glInternalFormat=881a
[02Oct2026 17:48:57.430] [Render thread/INFO] [SuperResolution/]: SR_DIAG texture algorithm_depth id=94 size=502x282 format=DEPTH24 target/type=Texture2D glInternalFormat=81a6
[02Oct2026 17:48:57.430] [Render thread/INFO] [SuperResolution/]: SR_DIAG depth algorithm_depth id=94 bits=24 componentType=8c17
[02Oct2026 17:48:57.430] [Render thread/INFO] [SuperResolution/]: SR_DIAG texture algorithm_motion_vectors id=95 size=502x282 format=RGBA16F target/type=Texture2D glInternalFormat=881a
[02Oct2026 17:48:57.499] [Render thread/INFO] [SuperResolution/]: SR_DIAG texture SR_output id=85 size=854x480 format=RGBA16F target/type=Texture2D glInternalFormat=881a
[02Oct2026 17:48:57.499] [Render thread/INFO] [SuperResolution/]: SR_DIAG texture autotex3/output_target id=64 size=854x480 format=RGBA16F target/type=Texture2D glInternalFormat=881a
[02Oct2026 17:48:57.499] [Render thread/INFO] [SuperResolution/]: SR_DIAG AFTER_SR render=( 5.020E+2  2.820E+2) display=( 8.540E+2  4.800E+2) region-1=( 5.020E+2  2.820E+2) region-2=( 8.540E+2  4.800E+2) viewport=[0,0,854,480] scissor=[0,128,854,256]/false drawFbo=18 readFbo=18 drawBuffer=36064 readBuffer=36064 drawStatus=8cd5
[02Oct2026 17:48:57.499] [Render thread/INFO] [SuperResolution/]: SR_DIAG AFTER_SR fbo=18 attachment=8ce0 texture=64 mip=0 size=854x480 internalFormat=881a
[02Oct2026 17:48:57.499] [Render thread/INFO] [SuperResolution/]: SR_DIAG AFTER_PASS:composite7 render=( 5.020E+2  2.820E+2) display=( 8.540E+2  4.800E+2) region-1=( 5.020E+2  2.820E+2) region-2=( 8.540E+2  4.800E+2) viewport=[0,0,854,480] scissor=[0,128,854,256]/false drawFbo=19 readFbo=19 drawBuffer=36064 readBuffer=36064 drawStatus=8cd5
[02Oct2026 17:48:57.499] [Render thread/INFO] [SuperResolution/]: SR_DIAG AFTER_PASS:composite7 fbo=19 attachment=8ce0 texture=63 mip=0 size=854x480 internalFormat=881a
[02Oct2026 17:48:57.500] [Render thread/INFO] [SuperResolution/]: SR_DIAG FINAL_PIPELINE render=( 5.020E+2  2.820E+2) display=( 8.540E+2  4.800E+2) region-1=( 5.020E+2  2.820E+2) region-2=( 8.540E+2  4.800E+2) viewport=[0,0,854,480] scissor=[0,128,854,256]/false drawFbo=1 readFbo=1 drawBuffer=36064 readBuffer=36064 drawStatus=8cd5
[02Oct2026 17:48:57.500] [Render thread/INFO] [SuperResolution/]: SR_DIAG FINAL_PIPELINE fbo=1 attachment=8ce0 texture=2 mip=0 size=854x480 internalFormat=8058
[02Oct2026 17:48:57.500] [Render thread/INFO] [SuperResolution/]: SR_DIAG FINAL_PIPELINE fbo=1 attachment=8d00 texture=3 mip=0 size=854x480 internalFormat=1902
[02Oct2026 17:49:07.426] [Render thread/INFO] [SuperResolution/]: SR_DIAG BEFORE_PASS:deferred1 render=( 5.020E+2  2.820E+2) display=( 8.540E+2  4.800E+2) region-1=( 5.020E+2  2.820E+2) region-2=( 8.540E+2  4.800E+2) viewport=[0,0,854,480] scissor=[0,128,854,256]/false drawFbo=1 readFbo=1 drawBuffer=36064 readBuffer=36064 drawStatus=8cd5
[02Oct2026 17:49:07.426] [Render thread/INFO] [SuperResolution/]: SR_DIAG BEFORE_PASS:deferred1 fbo=1 attachment=8ce0 texture=2 mip=0 size=854x480 internalFormat=8058
[02Oct2026 17:49:07.426] [Render thread/INFO] [SuperResolution/]: SR_DIAG BEFORE_PASS:deferred1 fbo=1 attachment=8d00 texture=3 mip=0 size=854x480 internalFormat=1902
[02Oct2026 17:49:07.427] [Render thread/INFO] [SuperResolution/]: SR_DIAG AFTER_PASS:deferred1 render=( 5.020E+2  2.820E+2) display=( 8.540E+2  4.800E+2) region-1=( 5.020E+2  2.820E+2) region-2=( 8.540E+2  4.800E+2) viewport=[0,0,854,480] scissor=[0,128,854,256]/false drawFbo=12 readFbo=12 drawBuffer=36064 readBuffer=36064 drawStatus=8cd5
[02Oct2026 17:49:07.427] [Render thread/INFO] [SuperResolution/]: SR_DIAG AFTER_PASS:deferred1 fbo=12 attachment=8ce0 texture=49 mip=0 size=854x480 internalFormat=8c3a
[02Oct2026 17:49:07.428] [Render thread/INFO] [SuperResolution/]: SR_DIAG BEFORE_PASS:composite render=( 5.020E+2  2.820E+2) display=( 8.540E+2  4.800E+2) region-1=( 5.020E+2  2.820E+2) region-2=( 8.540E+2  4.800E+2) viewport=[0,0,854,480] scissor=[0,128,854,256]/false drawFbo=1 readFbo=1 drawBuffer=36064 readBuffer=36064 drawStatus=8cd5
[02Oct2026 17:49:07.428] [Render thread/INFO] [SuperResolution/]: SR_DIAG BEFORE_PASS:composite fbo=1 attachment=8ce0 texture=2 mip=0 size=854x480 internalFormat=8058
[02Oct2026 17:49:07.428] [Render thread/INFO] [SuperResolution/]: SR_DIAG BEFORE_PASS:composite fbo=1 attachment=8d00 texture=3 mip=0 size=854x480 internalFormat=1902
[02Oct2026 17:49:07.428] [Render thread/INFO] [SuperResolution/]: SR_DIAG AFTER_PASS:composite render=( 5.020E+2  2.820E+2) display=( 8.540E+2  4.800E+2) region-1=( 5.020E+2  2.820E+2) region-2=( 8.540E+2  4.800E+2) viewport=[0,0,427,240] scissor=[0,128,854,256]/false drawFbo=13 readFbo=13 drawBuffer=36064 readBuffer=36064 drawStatus=8cd5
[02Oct2026 17:49:07.428] [Render thread/INFO] [SuperResolution/]: SR_DIAG AFTER_PASS:composite fbo=13 attachment=8ce0 texture=77 mip=0 size=427x240 internalFormat=881a
[02Oct2026 17:49:07.428] [Render thread/INFO] [SuperResolution/]: SR_DIAG BEFORE_PASS:composite1 render=( 5.020E+2  2.820E+2) display=( 8.540E+2  4.800E+2) region-1=( 5.020E+2  2.820E+2) region-2=( 8.540E+2  4.800E+2) viewport=[0,0,427,240] scissor=[0,128,854,256]/false drawFbo=13 readFbo=13 drawBuffer=36064 readBuffer=36064 drawStatus=8cd5
[02Oct2026 17:49:07.428] [Render thread/INFO] [SuperResolution/]: SR_DIAG BEFORE_PASS:composite1 fbo=13 attachment=8ce0 texture=77 mip=0 size=427x240 internalFormat=881a
[02Oct2026 17:49:07.428] [Render thread/INFO] [SuperResolution/]: SR_DIAG AFTER_PASS:composite1 render=( 5.020E+2  2.820E+2) display=( 8.540E+2  4.800E+2) region-1=( 5.020E+2  2.820E+2) region-2=( 8.540E+2  4.800E+2) viewport=[0,0,854,480] scissor=[0,128,854,256]/false drawFbo=14 readFbo=14 drawBuffer=36064 readBuffer=36064 drawStatus=8cd5
[02Oct2026 17:49:07.428] [Render thread/INFO] [SuperResolution/]: SR_DIAG AFTER_PASS:composite1 fbo=14 attachment=8ce0 texture=48 mip=0 size=854x480 internalFormat=8c3a
[02Oct2026 17:49:07.428] [Render thread/INFO] [SuperResolution/]: SR_DIAG BEFORE_PASS:composite3 render=( 5.020E+2  2.820E+2) display=( 8.540E+2  4.800E+2) region-1=( 5.020E+2  2.820E+2) region-2=( 8.540E+2  4.800E+2) viewport=[0,0,854,480] scissor=[0,128,854,256]/false drawFbo=14 readFbo=14 drawBuffer=36064 readBuffer=36064 drawStatus=8cd5
[02Oct2026 17:49:07.428] [Render thread/INFO] [SuperResolution/]: SR_DIAG BEFORE_PASS:composite3 fbo=14 attachment=8ce0 texture=48 mip=0 size=854x480 internalFormat=8c3a
[02Oct2026 17:49:07.428] [Render thread/INFO] [SuperResolution/]: SR_DIAG AFTER_PASS:composite3 render=( 5.020E+2  2.820E+2) display=( 8.540E+2  4.800E+2) region-1=( 5.020E+2  2.820E+2) region-2=( 8.540E+2  4.800E+2) viewport=[0,0,854,480] scissor=[0,128,854,256]/false drawFbo=15 readFbo=15 drawBuffer=36064 readBuffer=36064 drawStatus=8cd5
[02Oct2026 17:49:07.428] [Render thread/INFO] [SuperResolution/]: SR_DIAG AFTER_PASS:composite3 fbo=15 attachment=8ce0 texture=49 mip=0 size=854x480 internalFormat=8c3a
[02Oct2026 17:49:07.437] [Render thread/INFO] [SuperResolution/]: SR_DIAG BEFORE_PASS:composite4 render=( 5.020E+2  2.820E+2) display=( 8.540E+2  4.800E+2) region-1=( 5.020E+2  2.820E+2) region-2=( 8.540E+2  4.800E+2) viewport=[0,0,854,480] scissor=[0,128,854,256]/false drawFbo=15 readFbo=15 drawBuffer=36064 readBuffer=36064 drawStatus=8cd5
[02Oct2026 17:49:07.437] [Render thread/INFO] [SuperResolution/]: SR_DIAG BEFORE_PASS:composite4 fbo=15 attachment=8ce0 texture=49 mip=0 size=854x480 internalFormat=8c3a
[02Oct2026 17:49:07.437] [Render thread/INFO] [SuperResolution/]: SR_DIAG AFTER_PASS:composite4 render=( 5.020E+2  2.820E+2) display=( 8.540E+2  4.800E+2) region-1=( 5.020E+2  2.820E+2) region-2=( 8.540E+2  4.800E+2) viewport=[0,0,854,480] scissor=[0,128,854,256]/false drawFbo=16 readFbo=16 drawBuffer=36064 readBuffer=36064 drawStatus=8cd5
[02Oct2026 17:49:07.437] [Render thread/INFO] [SuperResolution/]: SR_DIAG AFTER_PASS:composite4 fbo=16 attachment=8ce0 texture=64 mip=0 size=854x480 internalFormat=881a
[02Oct2026 17:49:07.437] [Render thread/INFO] [SuperResolution/]: SR_DIAG BEFORE_PASS:composite5 render=( 5.020E+2  2.820E+2) display=( 8.540E+2  4.800E+2) region-1=( 5.020E+2  2.820E+2) region-2=( 8.540E+2  4.800E+2) viewport=[0,0,854,480] scissor=[0,128,854,256]/false drawFbo=16 readFbo=16 drawBuffer=36064 readBuffer=36064 drawStatus=8cd5
[02Oct2026 17:49:07.437] [Render thread/INFO] [SuperResolution/]: SR_DIAG BEFORE_PASS:composite5 fbo=16 attachment=8ce0 texture=64 mip=0 size=854x480 internalFormat=881a
[02Oct2026 17:49:07.437] [Render thread/INFO] [SuperResolution/]: SR_DIAG AFTER_PASS:composite5 render=( 5.020E+2  2.820E+2) display=( 8.540E+2  4.800E+2) region-1=( 5.020E+2  2.820E+2) region-2=( 8.540E+2  4.800E+2) viewport=[0,0,854,480] scissor=[0,128,854,256]/false drawFbo=17 readFbo=17 drawBuffer=36064 readBuffer=36064 drawStatus=8cd5
[02Oct2026 17:49:07.437] [Render thread/INFO] [SuperResolution/]: SR_DIAG AFTER_PASS:composite5 fbo=17 attachment=8ce0 texture=63 mip=0 size=854x480 internalFormat=881a
[02Oct2026 17:49:07.438] [Render thread/INFO] [SuperResolution/]: SR_DIAG BEFORE_PASS:composite6 render=( 5.020E+2  2.820E+2) display=( 8.540E+2  4.800E+2) region-1=( 5.020E+2  2.820E+2) region-2=( 8.540E+2  4.800E+2) viewport=[0,0,854,480] scissor=[0,128,854,256]/false drawFbo=17 readFbo=17 drawBuffer=36064 readBuffer=36064 drawStatus=8cd5
[02Oct2026 17:49:07.438] [Render thread/INFO] [SuperResolution/]: SR_DIAG BEFORE_PASS:composite6 fbo=17 attachment=8ce0 texture=63 mip=0 size=854x480 internalFormat=881a
[02Oct2026 17:49:07.438] [Render thread/INFO] [SuperResolution/]: SR_DIAG AFTER_PASS:composite6 render=( 5.020E+2  2.820E+2) display=( 8.540E+2  4.800E+2) region-1=( 5.020E+2  2.820E+2) region-2=( 8.540E+2  4.800E+2) viewport=[0,0,854,480] scissor=[0,128,854,256]/false drawFbo=18 readFbo=18 drawBuffer=36064 readBuffer=36064 drawStatus=8cd5
[02Oct2026 17:49:07.438] [Render thread/INFO] [SuperResolution/]: SR_DIAG AFTER_PASS:composite6 fbo=18 attachment=8ce0 texture=64 mip=0 size=854x480 internalFormat=881a
[02Oct2026 17:49:07.438] [Render thread/INFO] [SuperResolution/]: SR_DIAG BEFORE_PASS:composite7 render=( 5.020E+2  2.820E+2) display=( 8.540E+2  4.800E+2) region-1=( 5.020E+2  2.820E+2) region-2=( 8.540E+2  4.800E+2) viewport=[0,0,854,480] scissor=[0,128,854,256]/false drawFbo=18 readFbo=18 drawBuffer=36064 readBuffer=36064 drawStatus=8cd5
[02Oct2026 17:49:07.438] [Render thread/INFO] [SuperResolution/]: SR_DIAG BEFORE_PASS:composite7 fbo=18 attachment=8ce0 texture=64 mip=0 size=854x480 internalFormat=881a
[02Oct2026 17:49:07.438] [Render thread/INFO] [SuperResolution/]: SR_DIAG BEFORE_SR render=( 5.020E+2  2.820E+2) display=( 8.540E+2  4.800E+2) region-1=( 5.020E+2  2.820E+2) region-2=( 8.540E+2  4.800E+2) viewport=[0,0,854,480] scissor=[0,128,854,256]/false drawFbo=18 readFbo=18 drawBuffer=36064 readBuffer=36064 drawStatus=8cd5
[02Oct2026 17:49:07.438] [Render thread/INFO] [SuperResolution/]: SR_DIAG BEFORE_SR fbo=18 attachment=8ce0 texture=64 mip=0 size=854x480 internalFormat=881a
[02Oct2026 17:49:07.438] [Render thread/INFO] [SuperResolution/]: SR_DIAG texture color id=64 size=854x480 format=RGBA16F target/type=Texture2D glInternalFormat=881a
[02Oct2026 17:49:07.438] [Render thread/INFO] [SuperResolution/]: SR_DIAG texture depth id=3 size=854x480 format=DEPTH24 target/type=Texture2D glInternalFormat=1902
[02Oct2026 17:49:07.438] [Render thread/INFO] [SuperResolution/]: SR_DIAG depth depth id=3 bits=24 componentType=8c17
[02Oct2026 17:49:07.438] [Render thread/INFO] [SuperResolution/]: SR_DIAG texture motion_vectors id=83 size=854x480 format=RGBA16F target/type=Texture2D glInternalFormat=881a
[02Oct2026 17:49:07.438] [Render thread/INFO] [SuperResolution/]: SR_DIAG texture algorithm_color id=92 size=502x282 format=RGBA16F target/type=Texture2D glInternalFormat=881a
[02Oct2026 17:49:07.438] [Render thread/INFO] [SuperResolution/]: SR_DIAG texture algorithm_depth id=94 size=502x282 format=DEPTH24 target/type=Texture2D glInternalFormat=81a6
[02Oct2026 17:49:07.438] [Render thread/INFO] [SuperResolution/]: SR_DIAG depth algorithm_depth id=94 bits=24 componentType=8c17
[02Oct2026 17:49:07.438] [Render thread/INFO] [SuperResolution/]: SR_DIAG texture algorithm_motion_vectors id=95 size=502x282 format=RGBA16F target/type=Texture2D glInternalFormat=881a
[02Oct2026 17:49:07.560] [Render thread/INFO] [SuperResolution/]: SR_DIAG texture SR_output id=85 size=854x480 format=RGBA16F target/type=Texture2D glInternalFormat=881a
[02Oct2026 17:49:07.562] [Render thread/INFO] [SuperResolution/]: SR_DIAG texture autotex3/output_target id=64 size=854x480 format=RGBA16F target/type=Texture2D glInternalFormat=881a
[02Oct2026 17:49:07.562] [Render thread/INFO] [SuperResolution/]: SR_DIAG AFTER_SR render=( 5.020E+2  2.820E+2) display=( 8.540E+2  4.800E+2) region-1=( 5.020E+2  2.820E+2) region-2=( 8.540E+2  4.800E+2) viewport=[0,0,854,480] scissor=[0,128,854,256]/false drawFbo=18 readFbo=18 drawBuffer=36064 readBuffer=36064 drawStatus=8cd5
[02Oct2026 17:49:07.562] [Render thread/INFO] [SuperResolution/]: SR_DIAG AFTER_SR fbo=18 attachment=8ce0 texture=64 mip=0 size=854x480 internalFormat=881a
[02Oct2026 17:49:07.562] [Render thread/INFO] [SuperResolution/]: SR_DIAG AFTER_PASS:composite7 render=( 5.020E+2  2.820E+2) display=( 8.540E+2  4.800E+2) region-1=( 5.020E+2  2.820E+2) region-2=( 8.540E+2  4.800E+2) viewport=[0,0,854,480] scissor=[0,128,854,256]/false drawFbo=19 readFbo=19 drawBuffer=36064 readBuffer=36064 drawStatus=8cd5
[02Oct2026 17:49:07.562] [Render thread/INFO] [SuperResolution/]: SR_DIAG AFTER_PASS:composite7 fbo=19 attachment=8ce0 texture=63 mip=0 size=854x480 internalFormat=881a
[02Oct2026 17:49:07.562] [Render thread/INFO] [SuperResolution/]: SR_DIAG FINAL_PIPELINE render=( 5.020E+2  2.820E+2) display=( 8.540E+2  4.800E+2) region-1=( 5.020E+2  2.820E+2) region-2=( 8.540E+2  4.800E+2) viewport=[0,0,854,480] scissor=[0,128,854,256]/false drawFbo=1 readFbo=1 drawBuffer=36064 readBuffer=36064 drawStatus=8cd5
[02Oct2026 17:49:07.562] [Render thread/INFO] [SuperResolution/]: SR_DIAG FINAL_PIPELINE fbo=1 attachment=8ce0 texture=2 mip=0 size=854x480 internalFormat=8058
[02Oct2026 17:49:07.562] [Render thread/INFO] [SuperResolution/]: SR_DIAG FINAL_PIPELINE fbo=1 attachment=8d00 texture=3 mip=0 size=854x480 internalFormat=1902
[02Oct2026 17:49:17.427] [Render thread/INFO] [SuperResolution/]: SR_DIAG BEFORE_PASS:deferred1 render=( 5.020E+2  2.820E+2) display=( 8.540E+2  4.800E+2) region-1=( 5.020E+2  2.820E+2) region-2=( 8.540E+2  4.800E+2) viewport=[0,0,854,480] scissor=[0,128,854,256]/false drawFbo=1 readFbo=1 drawBuffer=36064 readBuffer=36064 drawStatus=8cd5
[02Oct2026 17:49:17.427] [Render thread/INFO] [SuperResolution/]: SR_DIAG BEFORE_PASS:deferred1 fbo=1 attachment=8ce0 texture=2 mip=0 size=854x480 internalFormat=8058
[02Oct2026 17:49:17.428] [Render thread/INFO] [SuperResolution/]: SR_DIAG BEFORE_PASS:deferred1 fbo=1 attachment=8d00 texture=3 mip=0 size=854x480 internalFormat=1902
[02Oct2026 17:49:17.428] [Render thread/INFO] [SuperResolution/]: SR_DIAG AFTER_PASS:deferred1 render=( 5.020E+2  2.820E+2) display=( 8.540E+2  4.800E+2) region-1=( 5.020E+2  2.820E+2) region-2=( 8.540E+2  4.800E+2) viewport=[0,0,854,480] scissor=[0,128,854,256]/false drawFbo=12 readFbo=12 drawBuffer=36064 readBuffer=36064 drawStatus=8cd5
[02Oct2026 17:49:17.428] [Render thread/INFO] [SuperResolution/]: SR_DIAG AFTER_PASS:deferred1 fbo=12 attachment=8ce0 texture=49 mip=0 size=854x480 internalFormat=8c3a
[02Oct2026 17:49:17.429] [Render thread/INFO] [SuperResolution/]: SR_DIAG BEFORE_PASS:composite render=( 5.020E+2  2.820E+2) display=( 8.540E+2  4.800E+2) region-1=( 5.020E+2  2.820E+2) region-2=( 8.540E+2  4.800E+2) viewport=[0,0,854,480] scissor=[0,128,854,256]/false drawFbo=1 readFbo=1 drawBuffer=36064 readBuffer=36064 drawStatus=8cd5
[02Oct2026 17:49:17.429] [Render thread/INFO] [SuperResolution/]: SR_DIAG BEFORE_PASS:composite fbo=1 attachment=8ce0 texture=2 mip=0 size=854x480 internalFormat=8058
[02Oct2026 17:49:17.429] [Render thread/INFO] [SuperResolution/]: SR_DIAG BEFORE_PASS:composite fbo=1 attachment=8d00 texture=3 mip=0 size=854x480 internalFormat=1902
[02Oct2026 17:49:17.430] [Render thread/INFO] [SuperResolution/]: SR_DIAG AFTER_PASS:composite render=( 5.020E+2  2.820E+2) display=( 8.540E+2  4.800E+2) region-1=( 5.020E+2  2.820E+2) region-2=( 8.540E+2  4.800E+2) viewport=[0,0,427,240] scissor=[0,128,854,256]/false drawFbo=13 readFbo=13 drawBuffer=36064 readBuffer=36064 drawStatus=8cd5
[02Oct2026 17:49:17.430] [Render thread/INFO] [SuperResolution/]: SR_DIAG AFTER_PASS:composite fbo=13 attachment=8ce0 texture=77 mip=0 size=427x240 internalFormat=881a
[02Oct2026 17:49:17.430] [Render thread/INFO] [SuperResolution/]: SR_DIAG BEFORE_PASS:composite1 render=( 5.020E+2  2.820E+2) display=( 8.540E+2  4.800E+2) region-1=( 5.020E+2  2.820E+2) region-2=( 8.540E+2  4.800E+2) viewport=[0,0,427,240] scissor=[0,128,854,256]/false drawFbo=13 readFbo=13 drawBuffer=36064 readBuffer=36064 drawStatus=8cd5
[02Oct2026 17:49:17.430] [Render thread/INFO] [SuperResolution/]: SR_DIAG BEFORE_PASS:composite1 fbo=13 attachment=8ce0 texture=77 mip=0 size=427x240 internalFormat=881a
[02Oct2026 17:49:17.430] [Render thread/INFO] [SuperResolution/]: SR_DIAG AFTER_PASS:composite1 render=( 5.020E+2  2.820E+2) display=( 8.540E+2  4.800E+2) region-1=( 5.020E+2  2.820E+2) region-2=( 8.540E+2  4.800E+2) viewport=[0,0,854,480] scissor=[0,128,854,256]/false drawFbo=14 readFbo=14 drawBuffer=36064 readBuffer=36064 drawStatus=8cd5
[02Oct2026 17:49:17.430] [Render thread/INFO] [SuperResolution/]: SR_DIAG AFTER_PASS:composite1 fbo=14 attachment=8ce0 texture=48 mip=0 size=854x480 internalFormat=8c3a
[02Oct2026 17:49:17.430] [Render thread/INFO] [SuperResolution/]: SR_DIAG BEFORE_PASS:composite3 render=( 5.020E+2  2.820E+2) display=( 8.540E+2  4.800E+2) region-1=( 5.020E+2  2.820E+2) region-2=( 8.540E+2  4.800E+2) viewport=[0,0,854,480] scissor=[0,128,854,256]/false drawFbo=14 readFbo=14 drawBuffer=36064 readBuffer=36064 drawStatus=8cd5
[02Oct2026 17:49:17.430] [Render thread/INFO] [SuperResolution/]: SR_DIAG BEFORE_PASS:composite3 fbo=14 attachment=8ce0 texture=48 mip=0 size=854x480 internalFormat=8c3a
[02Oct2026 17:49:17.430] [Render thread/INFO] [SuperResolution/]: SR_DIAG AFTER_PASS:composite3 render=( 5.020E+2  2.820E+2) display=( 8.540E+2  4.800E+2) region-1=( 5.020E+2  2.820E+2) region-2=( 8.540E+2  4.800E+2) viewport=[0,0,854,480] scissor=[0,128,854,256]/false drawFbo=15 readFbo=15 drawBuffer=36064 readBuffer=36064 drawStatus=8cd5
[02Oct2026 17:49:17.430] [Render thread/INFO] [SuperResolution/]: SR_DIAG AFTER_PASS:composite3 fbo=15 attachment=8ce0 texture=49 mip=0 size=854x480 internalFormat=8c3a
[02Oct2026 17:49:17.443] [Render thread/INFO] [SuperResolution/]: SR_DIAG BEFORE_PASS:composite4 render=( 5.020E+2  2.820E+2) display=( 8.540E+2  4.800E+2) region-1=( 5.020E+2  2.820E+2) region-2=( 8.540E+2  4.800E+2) viewport=[0,0,854,480] scissor=[0,128,854,256]/false drawFbo=15 readFbo=15 drawBuffer=36064 readBuffer=36064 drawStatus=8cd5
[02Oct2026 17:49:17.443] [Render thread/INFO] [SuperResolution/]: SR_DIAG BEFORE_PASS:composite4 fbo=15 attachment=8ce0 texture=49 mip=0 size=854x480 internalFormat=8c3a
[02Oct2026 17:49:17.443] [Render thread/INFO] [SuperResolution/]: SR_DIAG AFTER_PASS:composite4 render=( 5.020E+2  2.820E+2) display=( 8.540E+2  4.800E+2) region-1=( 5.020E+2  2.820E+2) region-2=( 8.540E+2  4.800E+2) viewport=[0,0,854,480] scissor=[0,128,854,256]/false drawFbo=16 readFbo=16 drawBuffer=36064 readBuffer=36064 drawStatus=8cd5
[02Oct2026 17:49:17.443] [Render thread/INFO] [SuperResolution/]: SR_DIAG AFTER_PASS:composite4 fbo=16 attachment=8ce0 texture=64 mip=0 size=854x480 internalFormat=881a
[02Oct2026 17:49:17.443] [Render thread/INFO] [SuperResolution/]: SR_DIAG BEFORE_PASS:composite5 render=( 5.020E+2  2.820E+2) display=( 8.540E+2  4.800E+2) region-1=( 5.020E+2  2.820E+2) region-2=( 8.540E+2  4.800E+2) viewport=[0,0,854,480] scissor=[0,128,854,256]/false drawFbo=16 readFbo=16 drawBuffer=36064 readBuffer=36064 drawStatus=8cd5
[02Oct2026 17:49:17.443] [Render thread/INFO] [SuperResolution/]: SR_DIAG BEFORE_PASS:composite5 fbo=16 attachment=8ce0 texture=64 mip=0 size=854x480 internalFormat=881a
[02Oct2026 17:49:17.443] [Render thread/INFO] [SuperResolution/]: SR_DIAG AFTER_PASS:composite5 render=( 5.020E+2  2.820E+2) display=( 8.540E+2  4.800E+2) region-1=( 5.020E+2  2.820E+2) region-2=( 8.540E+2  4.800E+2) viewport=[0,0,854,480] scissor=[0,128,854,256]/false drawFbo=17 readFbo=17 drawBuffer=36064 readBuffer=36064 drawStatus=8cd5
[02Oct2026 17:49:17.444] [Render thread/INFO] [SuperResolution/]: SR_DIAG AFTER_PASS:composite5 fbo=17 attachment=8ce0 texture=63 mip=0 size=854x480 internalFormat=881a
[02Oct2026 17:49:17.444] [Render thread/INFO] [SuperResolution/]: SR_DIAG BEFORE_PASS:composite6 render=( 5.020E+2  2.820E+2) display=( 8.540E+2  4.800E+2) region-1=( 5.020E+2  2.820E+2) region-2=( 8.540E+2  4.800E+2) viewport=[0,0,854,480] scissor=[0,128,854,256]/false drawFbo=17 readFbo=17 drawBuffer=36064 readBuffer=36064 drawStatus=8cd5
[02Oct2026 17:49:17.444] [Render thread/INFO] [SuperResolution/]: SR_DIAG BEFORE_PASS:composite6 fbo=17 attachment=8ce0 texture=63 mip=0 size=854x480 internalFormat=881a
[02Oct2026 17:49:17.444] [Render thread/INFO] [SuperResolution/]: SR_DIAG AFTER_PASS:composite6 render=( 5.020E+2  2.820E+2) display=( 8.540E+2  4.800E+2) region-1=( 5.020E+2  2.820E+2) region-2=( 8.540E+2  4.800E+2) viewport=[0,0,854,480] scissor=[0,128,854,256]/false drawFbo=18 readFbo=18 drawBuffer=36064 readBuffer=36064 drawStatus=8cd5
[02Oct2026 17:49:17.444] [Render thread/INFO] [SuperResolution/]: SR_DIAG AFTER_PASS:composite6 fbo=18 attachment=8ce0 texture=64 mip=0 size=854x480 internalFormat=881a
[02Oct2026 17:49:17.444] [Render thread/INFO] [SuperResolution/]: SR_DIAG BEFORE_PASS:composite7 render=( 5.020E+2  2.820E+2) display=( 8.540E+2  4.800E+2) region-1=( 5.020E+2  2.820E+2) region-2=( 8.540E+2  4.800E+2) viewport=[0,0,854,480] scissor=[0,128,854,256]/false drawFbo=18 readFbo=18 drawBuffer=36064 readBuffer=36064 drawStatus=8cd5
[02Oct2026 17:49:17.444] [Render thread/INFO] [SuperResolution/]: SR_DIAG BEFORE_PASS:composite7 fbo=18 attachment=8ce0 texture=64 mip=0 size=854x480 internalFormat=881a
[02Oct2026 17:49:17.444] [Render thread/INFO] [SuperResolution/]: SR_DIAG BEFORE_SR render=( 5.020E+2  2.820E+2) display=( 8.540E+2  4.800E+2) region-1=( 5.020E+2  2.820E+2) region-2=( 8.540E+2  4.800E+2) viewport=[0,0,854,480] scissor=[0,128,854,256]/false drawFbo=18 readFbo=18 drawBuffer=36064 readBuffer=36064 drawStatus=8cd5
[02Oct2026 17:49:17.444] [Render thread/INFO] [SuperResolution/]: SR_DIAG BEFORE_SR fbo=18 attachment=8ce0 texture=64 mip=0 size=854x480 internalFormat=881a
[02Oct2026 17:49:17.444] [Render thread/INFO] [SuperResolution/]: SR_DIAG texture color id=64 size=854x480 format=RGBA16F target/type=Texture2D glInternalFormat=881a
[02Oct2026 17:49:17.444] [Render thread/INFO] [SuperResolution/]: SR_DIAG texture depth id=3 size=854x480 format=DEPTH24 target/type=Texture2D glInternalFormat=1902
[02Oct2026 17:49:17.444] [Render thread/INFO] [SuperResolution/]: SR_DIAG depth depth id=3 bits=24 componentType=8c17
[02Oct2026 17:49:17.444] [Render thread/INFO] [SuperResolution/]: SR_DIAG texture motion_vectors id=83 size=854x480 format=RGBA16F target/type=Texture2D glInternalFormat=881a
[02Oct2026 17:49:17.444] [Render thread/INFO] [SuperResolution/]: SR_DIAG texture algorithm_color id=92 size=502x282 format=RGBA16F target/type=Texture2D glInternalFormat=881a
[02Oct2026 17:49:17.444] [Render thread/INFO] [SuperResolution/]: SR_DIAG texture algorithm_depth id=94 size=502x282 format=DEPTH24 target/type=Texture2D glInternalFormat=81a6
[02Oct2026 17:49:17.444] [Render thread/INFO] [SuperResolution/]: SR_DIAG depth algorithm_depth id=94 bits=24 componentType=8c17
[02Oct2026 17:49:17.444] [Render thread/INFO] [SuperResolution/]: SR_DIAG texture algorithm_motion_vectors id=95 size=502x282 format=RGBA16F target/type=Texture2D glInternalFormat=881a
[02Oct2026 17:49:17.568] [Render thread/INFO] [SuperResolution/]: SR_DIAG texture SR_output id=85 size=854x480 format=RGBA16F target/type=Texture2D glInternalFormat=881a
[02Oct2026 17:49:17.568] [Render thread/INFO] [SuperResolution/]: SR_DIAG texture autotex3/output_target id=64 size=854x480 format=RGBA16F target/type=Texture2D glInternalFormat=881a
[02Oct2026 17:49:17.568] [Render thread/INFO] [SuperResolution/]: SR_DIAG AFTER_SR render=( 5.020E+2  2.820E+2) display=( 8.540E+2  4.800E+2) region-1=( 5.020E+2  2.820E+2) region-2=( 8.540E+2  4.800E+2) viewport=[0,0,854,480] scissor=[0,128,854,256]/false drawFbo=18 readFbo=18 drawBuffer=36064 readBuffer=36064 drawStatus=8cd5
[02Oct2026 17:49:17.568] [Render thread/INFO] [SuperResolution/]: SR_DIAG AFTER_SR fbo=18 attachment=8ce0 texture=64 mip=0 size=854x480 internalFormat=881a
[02Oct2026 17:49:17.568] [Render thread/INFO] [SuperResolution/]: SR_DIAG AFTER_PASS:composite7 render=( 5.020E+2  2.820E+2) display=( 8.540E+2  4.800E+2) region-1=( 5.020E+2  2.820E+2) region-2=( 8.540E+2  4.800E+2) viewport=[0,0,854,480] scissor=[0,128,854,256]/false drawFbo=19 readFbo=19 drawBuffer=36064 readBuffer=36064 drawStatus=8cd5
[02Oct2026 17:49:17.569] [Render thread/INFO] [SuperResolution/]: SR_DIAG AFTER_PASS:composite7 fbo=19 attachment=8ce0 texture=63 mip=0 size=854x480 internalFormat=881a
[02Oct2026 17:49:17.569] [Render thread/INFO] [SuperResolution/]: SR_DIAG FINAL_PIPELINE render=( 5.020E+2  2.820E+2) display=( 8.540E+2  4.800E+2) region-1=( 5.020E+2  2.820E+2) region-2=( 8.540E+2  4.800E+2) viewport=[0,0,854,480] scissor=[0,128,854,256]/false drawFbo=1 readFbo=1 drawBuffer=36064 readBuffer=36064 drawStatus=8cd5
[02Oct2026 17:49:17.569] [Render thread/INFO] [SuperResolution/]: SR_DIAG FINAL_PIPELINE fbo=1 attachment=8ce0 texture=2 mip=0 size=854x480 internalFormat=8058
[02Oct2026 17:49:17.569] [Render thread/INFO] [SuperResolution/]: SR_DIAG FINAL_PIPELINE fbo=1 attachment=8d00 texture=3 mip=0 size=854x480 internalFormat=1902
[02Oct2026 17:49:27.434] [Render thread/INFO] [SuperResolution/]: SR_DIAG BEFORE_PASS:deferred1 render=( 5.020E+2  2.820E+2) display=( 8.540E+2  4.800E+2) region-1=( 5.020E+2  2.820E+2) region-2=( 8.540E+2  4.800E+2) viewport=[0,0,854,480] scissor=[0,128,854,256]/false drawFbo=1 readFbo=1 drawBuffer=36064 readBuffer=36064 drawStatus=8cd5
[02Oct2026 17:49:27.434] [Render thread/INFO] [SuperResolution/]: SR_DIAG BEFORE_PASS:deferred1 fbo=1 attachment=8ce0 texture=2 mip=0 size=854x480 internalFormat=8058
[02Oct2026 17:49:27.434] [Render thread/INFO] [SuperResolution/]: SR_DIAG BEFORE_PASS:deferred1 fbo=1 attachment=8d00 texture=3 mip=0 size=854x480 internalFormat=1902
[02Oct2026 17:49:27.434] [Render thread/INFO] [SuperResolution/]: SR_DIAG AFTER_PASS:deferred1 render=( 5.020E+2  2.820E+2) display=( 8.540E+2  4.800E+2) region-1=( 5.020E+2  2.820E+2) region-2=( 8.540E+2  4.800E+2) viewport=[0,0,854,480] scissor=[0,128,854,256]/false drawFbo=12 readFbo=12 drawBuffer=36064 readBuffer=36064 drawStatus=8cd5
[02Oct2026 17:49:27.434] [Render thread/INFO] [SuperResolution/]: SR_DIAG AFTER_PASS:deferred1 fbo=12 attachment=8ce0 texture=49 mip=0 size=854x480 internalFormat=8c3a
[02Oct2026 17:49:27.434] [Render thread/INFO] [SuperResolution/]: SR_DIAG BEFORE_PASS:composite render=( 5.020E+2  2.820E+2) display=( 8.540E+2  4.800E+2) region-1=( 5.020E+2  2.820E+2) region-2=( 8.540E+2  4.800E+2) viewport=[0,0,854,480] scissor=[0,128,854,256]/false drawFbo=1 readFbo=1 drawBuffer=36064 readBuffer=36064 drawStatus=8cd5
[02Oct2026 17:49:27.434] [Render thread/INFO] [SuperResolution/]: SR_DIAG BEFORE_PASS:composite fbo=1 attachment=8ce0 texture=2 mip=0 size=854x480 internalFormat=8058
[02Oct2026 17:49:27.434] [Render thread/INFO] [SuperResolution/]: SR_DIAG BEFORE_PASS:composite fbo=1 attachment=8d00 texture=3 mip=0 size=854x480 internalFormat=1902
[02Oct2026 17:49:27.436] [Render thread/INFO] [SuperResolution/]: SR_DIAG AFTER_PASS:composite render=( 5.020E+2  2.820E+2) display=( 8.540E+2  4.800E+2) region-1=( 5.020E+2  2.820E+2) region-2=( 8.540E+2  4.800E+2) viewport=[0,0,427,240] scissor=[0,128,854,256]/false drawFbo=13 readFbo=13 drawBuffer=36064 readBuffer=36064 drawStatus=8cd5
[02Oct2026 17:49:27.436] [Render thread/INFO] [SuperResolution/]: SR_DIAG AFTER_PASS:composite fbo=13 attachment=8ce0 texture=77 mip=0 size=427x240 internalFormat=881a
[02Oct2026 17:49:27.436] [Render thread/INFO] [SuperResolution/]: SR_DIAG BEFORE_PASS:composite1 render=( 5.020E+2  2.820E+2) display=( 8.540E+2  4.800E+2) region-1=( 5.020E+2  2.820E+2) region-2=( 8.540E+2  4.800E+2) viewport=[0,0,427,240] scissor=[0,128,854,256]/false drawFbo=13 readFbo=13 drawBuffer=36064 readBuffer=36064 drawStatus=8cd5
[02Oct2026 17:49:27.436] [Render thread/INFO] [SuperResolution/]: SR_DIAG BEFORE_PASS:composite1 fbo=13 attachment=8ce0 texture=77 mip=0 size=427x240 internalFormat=881a
[02Oct2026 17:49:27.436] [Render thread/INFO] [SuperResolution/]: SR_DIAG AFTER_PASS:composite1 render=( 5.020E+2  2.820E+2) display=( 8.540E+2  4.800E+2) region-1=( 5.020E+2  2.820E+2) region-2=( 8.540E+2  4.800E+2) viewport=[0,0,854,480] scissor=[0,128,854,256]/false drawFbo=14 readFbo=14 drawBuffer=36064 readBuffer=36064 drawStatus=8cd5
[02Oct2026 17:49:27.436] [Render thread/INFO] [SuperResolution/]: SR_DIAG AFTER_PASS:composite1 fbo=14 attachment=8ce0 texture=48 mip=0 size=854x480 internalFormat=8c3a
[02Oct2026 17:49:27.436] [Render thread/INFO] [SuperResolution/]: SR_DIAG BEFORE_PASS:composite3 render=( 5.020E+2  2.820E+2) display=( 8.540E+2  4.800E+2) region-1=( 5.020E+2  2.820E+2) region-2=( 8.540E+2  4.800E+2) viewport=[0,0,854,480] scissor=[0,128,854,256]/false drawFbo=14 readFbo=14 drawBuffer=36064 readBuffer=36064 drawStatus=8cd5
[02Oct2026 17:49:27.436] [Render thread/INFO] [SuperResolution/]: SR_DIAG BEFORE_PASS:composite3 fbo=14 attachment=8ce0 texture=48 mip=0 size=854x480 internalFormat=8c3a
[02Oct2026 17:49:27.436] [Render thread/INFO] [SuperResolution/]: SR_DIAG AFTER_PASS:composite3 render=( 5.020E+2  2.820E+2) display=( 8.540E+2  4.800E+2) region-1=( 5.020E+2  2.820E+2) region-2=( 8.540E+2  4.800E+2) viewport=[0,0,854,480] scissor=[0,128,854,256]/false drawFbo=15 readFbo=15 drawBuffer=36064 readBuffer=36064 drawStatus=8cd5
[02Oct2026 17:49:27.436] [Render thread/INFO] [SuperResolution/]: SR_DIAG AFTER_PASS:composite3 fbo=15 attachment=8ce0 texture=49 mip=0 size=854x480 internalFormat=8c3a
[02Oct2026 17:49:27.444] [Render thread/INFO] [SuperResolution/]: SR_DIAG BEFORE_PASS:composite4 render=( 5.020E+2  2.820E+2) display=( 8.540E+2  4.800E+2) region-1=( 5.020E+2  2.820E+2) region-2=( 8.540E+2  4.800E+2) viewport=[0,0,854,480] scissor=[0,128,854,256]/false drawFbo=15 readFbo=15 drawBuffer=36064 readBuffer=36064 drawStatus=8cd5
[02Oct2026 17:49:27.444] [Render thread/INFO] [SuperResolution/]: SR_DIAG BEFORE_PASS:composite4 fbo=15 attachment=8ce0 texture=49 mip=0 size=854x480 internalFormat=8c3a
[02Oct2026 17:49:27.444] [Render thread/INFO] [SuperResolution/]: SR_DIAG AFTER_PASS:composite4 render=( 5.020E+2  2.820E+2) display=( 8.540E+2  4.800E+2) region-1=( 5.020E+2  2.820E+2) region-2=( 8.540E+2  4.800E+2) viewport=[0,0,854,480] scissor=[0,128,854,256]/false drawFbo=16 readFbo=16 drawBuffer=36064 readBuffer=36064 drawStatus=8cd5
[02Oct2026 17:49:27.444] [Render thread/INFO] [SuperResolution/]: SR_DIAG AFTER_PASS:composite4 fbo=16 attachment=8ce0 texture=64 mip=0 size=854x480 internalFormat=881a
[02Oct2026 17:49:27.445] [Render thread/INFO] [SuperResolution/]: SR_DIAG BEFORE_PASS:composite5 render=( 5.020E+2  2.820E+2) display=( 8.540E+2  4.800E+2) region-1=( 5.020E+2  2.820E+2) region-2=( 8.540E+2  4.800E+2) viewport=[0,0,854,480] scissor=[0,128,854,256]/false drawFbo=16 readFbo=16 drawBuffer=36064 readBuffer=36064 drawStatus=8cd5
[02Oct2026 17:49:27.445] [Render thread/INFO] [SuperResolution/]: SR_DIAG BEFORE_PASS:composite5 fbo=16 attachment=8ce0 texture=64 mip=0 size=854x480 internalFormat=881a
[02Oct2026 17:49:27.445] [Render thread/INFO] [SuperResolution/]: SR_DIAG AFTER_PASS:composite5 render=( 5.020E+2  2.820E+2) display=( 8.540E+2  4.800E+2) region-1=( 5.020E+2  2.820E+2) region-2=( 8.540E+2  4.800E+2) viewport=[0,0,854,480] scissor=[0,128,854,256]/false drawFbo=17 readFbo=17 drawBuffer=36064 readBuffer=36064 drawStatus=8cd5
[02Oct2026 17:49:27.445] [Render thread/INFO] [SuperResolution/]: SR_DIAG AFTER_PASS:composite5 fbo=17 attachment=8ce0 texture=63 mip=0 size=854x480 internalFormat=881a
[02Oct2026 17:49:27.445] [Render thread/INFO] [SuperResolution/]: SR_DIAG BEFORE_PASS:composite6 render=( 5.020E+2  2.820E+2) display=( 8.540E+2  4.800E+2) region-1=( 5.020E+2  2.820E+2) region-2=( 8.540E+2  4.800E+2) viewport=[0,0,854,480] scissor=[0,128,854,256]/false drawFbo=17 readFbo=17 drawBuffer=36064 readBuffer=36064 drawStatus=8cd5
[02Oct2026 17:49:27.445] [Render thread/INFO] [SuperResolution/]: SR_DIAG BEFORE_PASS:composite6 fbo=17 attachment=8ce0 texture=63 mip=0 size=854x480 internalFormat=881a
[02Oct2026 17:49:27.445] [Render thread/INFO] [SuperResolution/]: SR_DIAG AFTER_PASS:composite6 render=( 5.020E+2  2.820E+2) display=( 8.540E+2  4.800E+2) region-1=( 5.020E+2  2.820E+2) region-2=( 8.540E+2  4.800E+2) viewport=[0,0,854,480] scissor=[0,128,854,256]/false drawFbo=18 readFbo=18 drawBuffer=36064 readBuffer=36064 drawStatus=8cd5
[02Oct2026 17:49:27.445] [Render thread/INFO] [SuperResolution/]: SR_DIAG AFTER_PASS:composite6 fbo=18 attachment=8ce0 texture=64 mip=0 size=854x480 internalFormat=881a
[02Oct2026 17:49:27.445] [Render thread/INFO] [SuperResolution/]: SR_DIAG BEFORE_PASS:composite7 render=( 5.020E+2  2.820E+2) display=( 8.540E+2  4.800E+2) region-1=( 5.020E+2  2.820E+2) region-2=( 8.540E+2  4.800E+2) viewport=[0,0,854,480] scissor=[0,128,854,256]/false drawFbo=18 readFbo=18 drawBuffer=36064 readBuffer=36064 drawStatus=8cd5
[02Oct2026 17:49:27.445] [Render thread/INFO] [SuperResolution/]: SR_DIAG BEFORE_PASS:composite7 fbo=18 attachment=8ce0 texture=64 mip=0 size=854x480 internalFormat=881a
[02Oct2026 17:49:27.445] [Render thread/INFO] [SuperResolution/]: SR_DIAG BEFORE_SR render=( 5.020E+2  2.820E+2) display=( 8.540E+2  4.800E+2) region-1=( 5.020E+2  2.820E+2) region-2=( 8.540E+2  4.800E+2) viewport=[0,0,854,480] scissor=[0,128,854,256]/false drawFbo=18 readFbo=18 drawBuffer=36064 readBuffer=36064 drawStatus=8cd5
[02Oct2026 17:49:27.445] [Render thread/INFO] [SuperResolution/]: SR_DIAG BEFORE_SR fbo=18 attachment=8ce0 texture=64 mip=0 size=854x480 internalFormat=881a
[02Oct2026 17:49:27.445] [Render thread/INFO] [SuperResolution/]: SR_DIAG texture color id=64 size=854x480 format=RGBA16F target/type=Texture2D glInternalFormat=881a
[02Oct2026 17:49:27.446] [Render thread/INFO] [SuperResolution/]: SR_DIAG texture depth id=3 size=854x480 format=DEPTH24 target/type=Texture2D glInternalFormat=1902
[02Oct2026 17:49:27.446] [Render thread/INFO] [SuperResolution/]: SR_DIAG depth depth id=3 bits=24 componentType=8c17
[02Oct2026 17:49:27.446] [Render thread/INFO] [SuperResolution/]: SR_DIAG texture motion_vectors id=83 size=854x480 format=RGBA16F target/type=Texture2D glInternalFormat=881a
[02Oct2026 17:49:27.446] [Render thread/INFO] [SuperResolution/]: SR_DIAG texture algorithm_color id=92 size=502x282 format=RGBA16F target/type=Texture2D glInternalFormat=881a
[02Oct2026 17:49:27.446] [Render thread/INFO] [SuperResolution/]: SR_DIAG texture algorithm_depth id=94 size=502x282 format=DEPTH24 target/type=Texture2D glInternalFormat=81a6
[02Oct2026 17:49:27.446] [Render thread/INFO] [SuperResolution/]: SR_DIAG depth algorithm_depth id=94 bits=24 componentType=8c17
[02Oct2026 17:49:27.446] [Render thread/INFO] [SuperResolution/]: SR_DIAG texture algorithm_motion_vectors id=95 size=502x282 format=RGBA16F target/type=Texture2D glInternalFormat=881a
[02Oct2026 17:49:27.574] [Render thread/INFO] [SuperResolution/]: SR_DIAG texture SR_output id=85 size=854x480 format=RGBA16F target/type=Texture2D glInternalFormat=881a
[02Oct2026 17:49:27.575] [Render thread/INFO] [SuperResolution/]: SR_DIAG texture autotex3/output_target id=64 size=854x480 format=RGBA16F target/type=Texture2D glInternalFormat=881a
[02Oct2026 17:49:27.575] [Render thread/INFO] [SuperResolution/]: SR_DIAG AFTER_SR render=( 5.020E+2  2.820E+2) display=( 8.540E+2  4.800E+2) region-1=( 5.020E+2  2.820E+2) region-2=( 8.540E+2  4.800E+2) viewport=[0,0,854,480] scissor=[0,128,854,256]/false drawFbo=18 readFbo=18 drawBuffer=36064 readBuffer=36064 drawStatus=8cd5
[02Oct2026 17:49:27.575] [Render thread/INFO] [SuperResolution/]: SR_DIAG AFTER_SR fbo=18 attachment=8ce0 texture=64 mip=0 size=854x480 internalFormat=881a
[02Oct2026 17:49:27.575] [Render thread/INFO] [SuperResolution/]: SR_DIAG AFTER_PASS:composite7 render=( 5.020E+2  2.820E+2) display=( 8.540E+2  4.800E+2) region-1=( 5.020E+2  2.820E+2) region-2=( 8.540E+2  4.800E+2) viewport=[0,0,854,480] scissor=[0,128,854,256]/false drawFbo=19 readFbo=19 drawBuffer=36064 readBuffer=36064 drawStatus=8cd5
[02Oct2026 17:49:27.575] [Render thread/INFO] [SuperResolution/]: SR_DIAG AFTER_PASS:composite7 fbo=19 attachment=8ce0 texture=63 mip=0 size=854x480 internalFormat=881a
[02Oct2026 17:49:27.575] [Render thread/INFO] [SuperResolution/]: SR_DIAG FINAL_PIPELINE render=( 5.020E+2  2.820E+2) display=( 8.540E+2  4.800E+2) region-1=( 5.020E+2  2.820E+2) region-2=( 8.540E+2  4.800E+2) viewport=[0,0,854,480] scissor=[0,128,854,256]/false drawFbo=1 readFbo=1 drawBuffer=36064 readBuffer=36064 drawStatus=8cd5
[02Oct2026 17:49:27.575] [Render thread/INFO] [SuperResolution/]: SR_DIAG FINAL_PIPELINE fbo=1 attachment=8ce0 texture=2 mip=0 size=854x480 internalFormat=8058
[02Oct2026 17:49:27.575] [Render thread/INFO] [SuperResolution/]: SR_DIAG FINAL_PIPELINE fbo=1 attachment=8d00 texture=3 mip=0 size=854x480 internalFormat=1902
[02Oct2026 17:49:37.436] [Render thread/INFO] [SuperResolution/]: SR_DIAG BEFORE_PASS:deferred1 render=( 5.020E+2  2.820E+2) display=( 8.540E+2  4.800E+2) region-1=( 5.020E+2  2.820E+2) region-2=( 8.540E+2  4.800E+2) viewport=[0,0,854,480] scissor=[0,128,854,256]/false drawFbo=1 readFbo=1 drawBuffer=36064 readBuffer=36064 drawStatus=8cd5
[02Oct2026 17:49:37.436] [Render thread/INFO] [SuperResolution/]: SR_DIAG BEFORE_PASS:deferred1 fbo=1 attachment=8ce0 texture=2 mip=0 size=854x480 internalFormat=8058
[02Oct2026 17:49:37.436] [Render thread/INFO] [SuperResolution/]: SR_DIAG BEFORE_PASS:deferred1 fbo=1 attachment=8d00 texture=3 mip=0 size=854x480 internalFormat=1902
[02Oct2026 17:49:37.436] [Render thread/INFO] [SuperResolution/]: SR_DIAG AFTER_PASS:deferred1 render=( 5.020E+2  2.820E+2) display=( 8.540E+2  4.800E+2) region-1=( 5.020E+2  2.820E+2) region-2=( 8.540E+2  4.800E+2) viewport=[0,0,854,480] scissor=[0,128,854,256]/false drawFbo=12 readFbo=12 drawBuffer=36064 readBuffer=36064 drawStatus=8cd5
[02Oct2026 17:49:37.436] [Render thread/INFO] [SuperResolution/]: SR_DIAG AFTER_PASS:deferred1 fbo=12 attachment=8ce0 texture=49 mip=0 size=854x480 internalFormat=8c3a
[02Oct2026 17:49:37.437] [Render thread/INFO] [SuperResolution/]: SR_DIAG BEFORE_PASS:composite render=( 5.020E+2  2.820E+2) display=( 8.540E+2  4.800E+2) region-1=( 5.020E+2  2.820E+2) region-2=( 8.540E+2  4.800E+2) viewport=[0,0,854,480] scissor=[0,128,854,256]/false drawFbo=1 readFbo=1 drawBuffer=36064 readBuffer=36064 drawStatus=8cd5
[02Oct2026 17:49:37.437] [Render thread/INFO] [SuperResolution/]: SR_DIAG BEFORE_PASS:composite fbo=1 attachment=8ce0 texture=2 mip=0 size=854x480 internalFormat=8058
[02Oct2026 17:49:37.437] [Render thread/INFO] [SuperResolution/]: SR_DIAG BEFORE_PASS:composite fbo=1 attachment=8d00 texture=3 mip=0 size=854x480 internalFormat=1902
[02Oct2026 17:49:37.437] [Render thread/INFO] [SuperResolution/]: SR_DIAG AFTER_PASS:composite render=( 5.020E+2  2.820E+2) display=( 8.540E+2  4.800E+2) region-1=( 5.020E+2  2.820E+2) region-2=( 8.540E+2  4.800E+2) viewport=[0,0,427,240] scissor=[0,128,854,256]/false drawFbo=13 readFbo=13 drawBuffer=36064 readBuffer=36064 drawStatus=8cd5
[02Oct2026 17:49:37.437] [Render thread/INFO] [SuperResolution/]: SR_DIAG AFTER_PASS:composite fbo=13 attachment=8ce0 texture=77 mip=0 size=427x240 internalFormat=881a
[02Oct2026 17:49:37.437] [Render thread/INFO] [SuperResolution/]: SR_DIAG BEFORE_PASS:composite1 render=( 5.020E+2  2.820E+2) display=( 8.540E+2  4.800E+2) region-1=( 5.020E+2  2.820E+2) region-2=( 8.540E+2  4.800E+2) viewport=[0,0,427,240] scissor=[0,128,854,256]/false drawFbo=13 readFbo=13 drawBuffer=36064 readBuffer=36064 drawStatus=8cd5
[02Oct2026 17:49:37.437] [Render thread/INFO] [SuperResolution/]: SR_DIAG BEFORE_PASS:composite1 fbo=13 attachment=8ce0 texture=77 mip=0 size=427x240 internalFormat=881a
[02Oct2026 17:49:37.437] [Render thread/INFO] [SuperResolution/]: SR_DIAG AFTER_PASS:composite1 render=( 5.020E+2  2.820E+2) display=( 8.540E+2  4.800E+2) region-1=( 5.020E+2  2.820E+2) region-2=( 8.540E+2  4.800E+2) viewport=[0,0,854,480] scissor=[0,128,854,256]/false drawFbo=14 readFbo=14 drawBuffer=36064 readBuffer=36064 drawStatus=8cd5
[02Oct2026 17:49:37.437] [Render thread/INFO] [SuperResolution/]: SR_DIAG AFTER_PASS:composite1 fbo=14 attachment=8ce0 texture=48 mip=0 size=854x480 internalFormat=8c3a
[02Oct2026 17:49:37.437] [Render thread/INFO] [SuperResolution/]: SR_DIAG BEFORE_PASS:composite3 render=( 5.020E+2  2.820E+2) display=( 8.540E+2  4.800E+2) region-1=( 5.020E+2  2.820E+2) region-2=( 8.540E+2  4.800E+2) viewport=[0,0,854,480] scissor=[0,128,854,256]/false drawFbo=14 readFbo=14 drawBuffer=36064 readBuffer=36064 drawStatus=8cd5
[02Oct2026 17:49:37.437] [Render thread/INFO] [SuperResolution/]: SR_DIAG BEFORE_PASS:composite3 fbo=14 attachment=8ce0 texture=48 mip=0 size=854x480 internalFormat=8c3a
[02Oct2026 17:49:37.437] [Render thread/INFO] [SuperResolution/]: SR_DIAG AFTER_PASS:composite3 render=( 5.020E+2  2.820E+2) display=( 8.540E+2  4.800E+2) region-1=( 5.020E+2  2.820E+2) region-2=( 8.540E+2  4.800E+2) viewport=[0,0,854,480] scissor=[0,128,854,256]/false drawFbo=15 readFbo=15 drawBuffer=36064 readBuffer=36064 drawStatus=8cd5
[02Oct2026 17:49:37.437] [Render thread/INFO] [SuperResolution/]: SR_DIAG AFTER_PASS:composite3 fbo=15 attachment=8ce0 texture=49 mip=0 size=854x480 internalFormat=8c3a
[02Oct2026 17:49:37.446] [Render thread/INFO] [SuperResolution/]: SR_DIAG BEFORE_PASS:composite4 render=( 5.020E+2  2.820E+2) display=( 8.540E+2  4.800E+2) region-1=( 5.020E+2  2.820E+2) region-2=( 8.540E+2  4.800E+2) viewport=[0,0,854,480] scissor=[0,128,854,256]/false drawFbo=15 readFbo=15 drawBuffer=36064 readBuffer=36064 drawStatus=8cd5
[02Oct2026 17:49:37.446] [Render thread/INFO] [SuperResolution/]: SR_DIAG BEFORE_PASS:composite4 fbo=15 attachment=8ce0 texture=49 mip=0 size=854x480 internalFormat=8c3a
[02Oct2026 17:49:37.446] [Render thread/INFO] [SuperResolution/]: SR_DIAG AFTER_PASS:composite4 render=( 5.020E+2  2.820E+2) display=( 8.540E+2  4.800E+2) region-1=( 5.020E+2  2.820E+2) region-2=( 8.540E+2  4.800E+2) viewport=[0,0,854,480] scissor=[0,128,854,256]/false drawFbo=16 readFbo=16 drawBuffer=36064 readBuffer=36064 drawStatus=8cd5
[02Oct2026 17:49:37.446] [Render thread/INFO] [SuperResolution/]: SR_DIAG AFTER_PASS:composite4 fbo=16 attachment=8ce0 texture=64 mip=0 size=854x480 internalFormat=881a
[02Oct2026 17:49:37.446] [Render thread/INFO] [SuperResolution/]: SR_DIAG BEFORE_PASS:composite5 render=( 5.020E+2  2.820E+2) display=( 8.540E+2  4.800E+2) region-1=( 5.020E+2  2.820E+2) region-2=( 8.540E+2  4.800E+2) viewport=[0,0,854,480] scissor=[0,128,854,256]/false drawFbo=16 readFbo=16 drawBuffer=36064 readBuffer=36064 drawStatus=8cd5
[02Oct2026 17:49:37.446] [Render thread/INFO] [SuperResolution/]: SR_DIAG BEFORE_PASS:composite5 fbo=16 attachment=8ce0 texture=64 mip=0 size=854x480 internalFormat=881a
[02Oct2026 17:49:37.446] [Render thread/INFO] [SuperResolution/]: SR_DIAG AFTER_PASS:composite5 render=( 5.020E+2  2.820E+2) display=( 8.540E+2  4.800E+2) region-1=( 5.020E+2  2.820E+2) region-2=( 8.540E+2  4.800E+2) viewport=[0,0,854,480] scissor=[0,128,854,256]/false drawFbo=17 readFbo=17 drawBuffer=36064 readBuffer=36064 drawStatus=8cd5
[02Oct2026 17:49:37.447] [Render thread/INFO] [SuperResolution/]: SR_DIAG AFTER_PASS:composite5 fbo=17 attachment=8ce0 texture=63 mip=0 size=854x480 internalFormat=881a
[02Oct2026 17:49:37.447] [Render thread/INFO] [SuperResolution/]: SR_DIAG BEFORE_PASS:composite6 render=( 5.020E+2  2.820E+2) display=( 8.540E+2  4.800E+2) region-1=( 5.020E+2  2.820E+2) region-2=( 8.540E+2  4.800E+2) viewport=[0,0,854,480] scissor=[0,128,854,256]/false drawFbo=17 readFbo=17 drawBuffer=36064 readBuffer=36064 drawStatus=8cd5
[02Oct2026 17:49:37.447] [Render thread/INFO] [SuperResolution/]: SR_DIAG BEFORE_PASS:composite6 fbo=17 attachment=8ce0 texture=63 mip=0 size=854x480 internalFormat=881a
[02Oct2026 17:49:37.447] [Render thread/INFO] [SuperResolution/]: SR_DIAG AFTER_PASS:composite6 render=( 5.020E+2  2.820E+2) display=( 8.540E+2  4.800E+2) region-1=( 5.020E+2  2.820E+2) region-2=( 8.540E+2  4.800E+2) viewport=[0,0,854,480] scissor=[0,128,854,256]/false drawFbo=18 readFbo=18 drawBuffer=36064 readBuffer=36064 drawStatus=8cd5
[02Oct2026 17:49:37.447] [Render thread/INFO] [SuperResolution/]: SR_DIAG AFTER_PASS:composite6 fbo=18 attachment=8ce0 texture=64 mip=0 size=854x480 internalFormat=881a
[02Oct2026 17:49:37.447] [Render thread/INFO] [SuperResolution/]: SR_DIAG BEFORE_PASS:composite7 render=( 5.020E+2  2.820E+2) display=( 8.540E+2  4.800E+2) region-1=( 5.020E+2  2.820E+2) region-2=( 8.540E+2  4.800E+2) viewport=[0,0,854,480] scissor=[0,128,854,256]/false drawFbo=18 readFbo=18 drawBuffer=36064 readBuffer=36064 drawStatus=8cd5
[02Oct2026 17:49:37.447] [Render thread/INFO] [SuperResolution/]: SR_DIAG BEFORE_PASS:composite7 fbo=18 attachment=8ce0 texture=64 mip=0 size=854x480 internalFormat=881a
[02Oct2026 17:49:37.447] [Render thread/INFO] [SuperResolution/]: SR_DIAG BEFORE_SR render=( 5.020E+2  2.820E+2) display=( 8.540E+2  4.800E+2) region-1=( 5.020E+2  2.820E+2) region-2=( 8.540E+2  4.800E+2) viewport=[0,0,854,480] scissor=[0,128,854,256]/false drawFbo=18 readFbo=18 drawBuffer=36064 readBuffer=36064 drawStatus=8cd5
[02Oct2026 17:49:37.447] [Render thread/INFO] [SuperResolution/]: SR_DIAG BEFORE_SR fbo=18 attachment=8ce0 texture=64 mip=0 size=854x480 internalFormat=881a
[02Oct2026 17:49:37.447] [Render thread/INFO] [SuperResolution/]: SR_DIAG texture color id=64 size=854x480 format=RGBA16F target/type=Texture2D glInternalFormat=881a
[02Oct2026 17:49:37.447] [Render thread/INFO] [SuperResolution/]: SR_DIAG texture depth id=3 size=854x480 format=DEPTH24 target/type=Texture2D glInternalFormat=1902
[02Oct2026 17:49:37.447] [Render thread/INFO] [SuperResolution/]: SR_DIAG depth depth id=3 bits=24 componentType=8c17
[02Oct2026 17:49:37.447] [Render thread/INFO] [SuperResolution/]: SR_DIAG texture motion_vectors id=83 size=854x480 format=RGBA16F target/type=Texture2D glInternalFormat=881a
[02Oct2026 17:49:37.447] [Render thread/INFO] [SuperResolution/]: SR_DIAG texture algorithm_color id=92 size=502x282 format=RGBA16F target/type=Texture2D glInternalFormat=881a
[02Oct2026 17:49:37.447] [Render thread/INFO] [SuperResolution/]: SR_DIAG texture algorithm_depth id=94 size=502x282 format=DEPTH24 target/type=Texture2D glInternalFormat=81a6
[02Oct2026 17:49:37.447] [Render thread/INFO] [SuperResolution/]: SR_DIAG depth algorithm_depth id=94 bits=24 componentType=8c17
[02Oct2026 17:49:37.447] [Render thread/INFO] [SuperResolution/]: SR_DIAG texture algorithm_motion_vectors id=95 size=502x282 format=RGBA16F target/type=Texture2D glInternalFormat=881a
[02Oct2026 17:49:37.582] [Render thread/INFO] [SuperResolution/]: SR_DIAG texture SR_output id=85 size=854x480 format=RGBA16F target/type=Texture2D glInternalFormat=881a
[02Oct2026 17:49:37.582] [Render thread/INFO] [SuperResolution/]: SR_DIAG texture autotex3/output_target id=64 size=854x480 format=RGBA16F target/type=Texture2D glInternalFormat=881a
[02Oct2026 17:49:37.582] [Render thread/INFO] [SuperResolution/]: SR_DIAG AFTER_SR render=( 5.020E+2  2.820E+2) display=( 8.540E+2  4.800E+2) region-1=( 5.020E+2  2.820E+2) region-2=( 8.540E+2  4.800E+2) viewport=[0,0,854,480] scissor=[0,128,854,256]/false drawFbo=18 readFbo=18 drawBuffer=36064 readBuffer=36064 drawStatus=8cd5
[02Oct2026 17:49:37.582] [Render thread/INFO] [SuperResolution/]: SR_DIAG AFTER_SR fbo=18 attachment=8ce0 texture=64 mip=0 size=854x480 internalFormat=881a
[02Oct2026 17:49:37.582] [Render thread/INFO] [SuperResolution/]: SR_DIAG AFTER_PASS:composite7 render=( 5.020E+2  2.820E+2) display=( 8.540E+2  4.800E+2) region-1=( 5.020E+2  2.820E+2) region-2=( 8.540E+2  4.800E+2) viewport=[0,0,854,480] scissor=[0,128,854,256]/false drawFbo=19 readFbo=19 drawBuffer=36064 readBuffer=36064 drawStatus=8cd5
[02Oct2026 17:49:37.582] [Render thread/INFO] [SuperResolution/]: SR_DIAG AFTER_PASS:composite7 fbo=19 attachment=8ce0 texture=63 mip=0 size=854x480 internalFormat=881a
[02Oct2026 17:49:37.583] [Render thread/INFO] [SuperResolution/]: SR_DIAG FINAL_PIPELINE render=( 5.020E+2  2.820E+2) display=( 8.540E+2  4.800E+2) region-1=( 5.020E+2  2.820E+2) region-2=( 8.540E+2  4.800E+2) viewport=[0,0,854,480] scissor=[0,128,854,256]/false drawFbo=1 readFbo=1 drawBuffer=36064 readBuffer=36064 drawStatus=8cd5
[02Oct2026 17:49:37.583] [Render thread/INFO] [SuperResolution/]: SR_DIAG FINAL_PIPELINE fbo=1 attachment=8ce0 texture=2 mip=0 size=854x480 internalFormat=8058
[02Oct2026 17:49:37.583] [Render thread/INFO] [SuperResolution/]: SR_DIAG FINAL_PIPELINE fbo=1 attachment=8d00 texture=3 mip=0 size=854x480 internalFormat=1902
[02Oct2026 17:49:47.441] [Render thread/INFO] [SuperResolution/]: SR_DIAG BEFORE_PASS:deferred1 render=( 5.020E+2  2.820E+2) display=( 8.540E+2  4.800E+2) region-1=( 5.020E+2  2.820E+2) region-2=( 8.540E+2  4.800E+2) viewport=[0,0,854,480] scissor=[0,128,854,256]/false drawFbo=1 readFbo=1 drawBuffer=36064 readBuffer=36064 drawStatus=8cd5
[02Oct2026 17:49:47.441] [Render thread/INFO] [SuperResolution/]: SR_DIAG BEFORE_PASS:deferred1 fbo=1 attachment=8ce0 texture=2 mip=0 size=854x480 internalFormat=8058
[02Oct2026 17:49:47.441] [Render thread/INFO] [SuperResolution/]: SR_DIAG BEFORE_PASS:deferred1 fbo=1 attachment=8d00 texture=3 mip=0 size=854x480 internalFormat=1902
[02Oct2026 17:49:47.441] [Render thread/INFO] [SuperResolution/]: SR_DIAG AFTER_PASS:deferred1 render=( 5.020E+2  2.820E+2) display=( 8.540E+2  4.800E+2) region-1=( 5.020E+2  2.820E+2) region-2=( 8.540E+2  4.800E+2) viewport=[0,0,854,480] scissor=[0,128,854,256]/false drawFbo=12 readFbo=12 drawBuffer=36064 readBuffer=36064 drawStatus=8cd5
[02Oct2026 17:49:47.441] [Render thread/INFO] [SuperResolution/]: SR_DIAG AFTER_PASS:deferred1 fbo=12 attachment=8ce0 texture=49 mip=0 size=854x480 internalFormat=8c3a
[02Oct2026 17:49:47.442] [Render thread/INFO] [SuperResolution/]: SR_DIAG BEFORE_PASS:composite render=( 5.020E+2  2.820E+2) display=( 8.540E+2  4.800E+2) region-1=( 5.020E+2  2.820E+2) region-2=( 8.540E+2  4.800E+2) viewport=[0,0,854,480] scissor=[0,128,854,256]/false drawFbo=1 readFbo=1 drawBuffer=36064 readBuffer=36064 drawStatus=8cd5
[02Oct2026 17:49:47.442] [Render thread/INFO] [SuperResolution/]: SR_DIAG BEFORE_PASS:composite fbo=1 attachment=8ce0 texture=2 mip=0 size=854x480 internalFormat=8058
[02Oct2026 17:49:47.442] [Render thread/INFO] [SuperResolution/]: SR_DIAG BEFORE_PASS:composite fbo=1 attachment=8d00 texture=3 mip=0 size=854x480 internalFormat=1902
[02Oct2026 17:49:47.442] [Render thread/INFO] [SuperResolution/]: SR_DIAG AFTER_PASS:composite render=( 5.020E+2  2.820E+2) display=( 8.540E+2  4.800E+2) region-1=( 5.020E+2  2.820E+2) region-2=( 8.540E+2  4.800E+2) viewport=[0,0,427,240] scissor=[0,128,854,256]/false drawFbo=13 readFbo=13 drawBuffer=36064 readBuffer=36064 drawStatus=8cd5
[02Oct2026 17:49:47.442] [Render thread/INFO] [SuperResolution/]: SR_DIAG AFTER_PASS:composite fbo=13 attachment=8ce0 texture=77 mip=0 size=427x240 internalFormat=881a
[02Oct2026 17:49:47.442] [Render thread/INFO] [SuperResolution/]: SR_DIAG BEFORE_PASS:composite1 render=( 5.020E+2  2.820E+2) display=( 8.540E+2  4.800E+2) region-1=( 5.020E+2  2.820E+2) region-2=( 8.540E+2  4.800E+2) viewport=[0,0,427,240] scissor=[0,128,854,256]/false drawFbo=13 readFbo=13 drawBuffer=36064 readBuffer=36064 drawStatus=8cd5
[02Oct2026 17:49:47.442] [Render thread/INFO] [SuperResolution/]: SR_DIAG BEFORE_PASS:composite1 fbo=13 attachment=8ce0 texture=77 mip=0 size=427x240 internalFormat=881a
[02Oct2026 17:49:47.442] [Render thread/INFO] [SuperResolution/]: SR_DIAG AFTER_PASS:composite1 render=( 5.020E+2  2.820E+2) display=( 8.540E+2  4.800E+2) region-1=( 5.020E+2  2.820E+2) region-2=( 8.540E+2  4.800E+2) viewport=[0,0,854,480] scissor=[0,128,854,256]/false drawFbo=14 readFbo=14 drawBuffer=36064 readBuffer=36064 drawStatus=8cd5
[02Oct2026 17:49:47.442] [Render thread/INFO] [SuperResolution/]: SR_DIAG AFTER_PASS:composite1 fbo=14 attachment=8ce0 texture=48 mip=0 size=854x480 internalFormat=8c3a
[02Oct2026 17:49:47.442] [Render thread/INFO] [SuperResolution/]: SR_DIAG BEFORE_PASS:composite3 render=( 5.020E+2  2.820E+2) display=( 8.540E+2  4.800E+2) region-1=( 5.020E+2  2.820E+2) region-2=( 8.540E+2  4.800E+2) viewport=[0,0,854,480] scissor=[0,128,854,256]/false drawFbo=14 readFbo=14 drawBuffer=36064 readBuffer=36064 drawStatus=8cd5
[02Oct2026 17:49:47.442] [Render thread/INFO] [SuperResolution/]: SR_DIAG BEFORE_PASS:composite3 fbo=14 attachment=8ce0 texture=48 mip=0 size=854x480 internalFormat=8c3a
[02Oct2026 17:49:47.443] [Render thread/INFO] [SuperResolution/]: SR_DIAG AFTER_PASS:composite3 render=( 5.020E+2  2.820E+2) display=( 8.540E+2  4.800E+2) region-1=( 5.020E+2  2.820E+2) region-2=( 8.540E+2  4.800E+2) viewport=[0,0,854,480] scissor=[0,128,854,256]/false drawFbo=15 readFbo=15 drawBuffer=36064 readBuffer=36064 drawStatus=8cd5
[02Oct2026 17:49:47.443] [Render thread/INFO] [SuperResolution/]: SR_DIAG AFTER_PASS:composite3 fbo=15 attachment=8ce0 texture=49 mip=0 size=854x480 internalFormat=8c3a
[02Oct2026 17:49:47.451] [Render thread/INFO] [SuperResolution/]: SR_DIAG BEFORE_PASS:composite4 render=( 5.020E+2  2.820E+2) display=( 8.540E+2  4.800E+2) region-1=( 5.020E+2  2.820E+2) region-2=( 8.540E+2  4.800E+2) viewport=[0,0,854,480] scissor=[0,128,854,256]/false drawFbo=15 readFbo=15 drawBuffer=36064 readBuffer=36064 drawStatus=8cd5
[02Oct2026 17:49:47.451] [Render thread/INFO] [SuperResolution/]: SR_DIAG BEFORE_PASS:composite4 fbo=15 attachment=8ce0 texture=49 mip=0 size=854x480 internalFormat=8c3a
[02Oct2026 17:49:47.451] [Render thread/INFO] [SuperResolution/]: SR_DIAG AFTER_PASS:composite4 render=( 5.020E+2  2.820E+2) display=( 8.540E+2  4.800E+2) region-1=( 5.020E+2  2.820E+2) region-2=( 8.540E+2  4.800E+2) viewport=[0,0,854,480] scissor=[0,128,854,256]/false drawFbo=16 readFbo=16 drawBuffer=36064 readBuffer=36064 drawStatus=8cd5
[02Oct2026 17:49:47.451] [Render thread/INFO] [SuperResolution/]: SR_DIAG AFTER_PASS:composite4 fbo=16 attachment=8ce0 texture=64 mip=0 size=854x480 internalFormat=881a
[02Oct2026 17:49:47.451] [Render thread/INFO] [SuperResolution/]: SR_DIAG BEFORE_PASS:composite5 render=( 5.020E+2  2.820E+2) display=( 8.540E+2  4.800E+2) region-1=( 5.020E+2  2.820E+2) region-2=( 8.540E+2  4.800E+2) viewport=[0,0,854,480] scissor=[0,128,854,256]/false drawFbo=16 readFbo=16 drawBuffer=36064 readBuffer=36064 drawStatus=8cd5
[02Oct2026 17:49:47.451] [Render thread/INFO] [SuperResolution/]: SR_DIAG BEFORE_PASS:composite5 fbo=16 attachment=8ce0 texture=64 mip=0 size=854x480 internalFormat=881a
[02Oct2026 17:49:47.451] [Render thread/INFO] [SuperResolution/]: SR_DIAG AFTER_PASS:composite5 render=( 5.020E+2  2.820E+2) display=( 8.540E+2  4.800E+2) region-1=( 5.020E+2  2.820E+2) region-2=( 8.540E+2  4.800E+2) viewport=[0,0,854,480] scissor=[0,128,854,256]/false drawFbo=17 readFbo=17 drawBuffer=36064 readBuffer=36064 drawStatus=8cd5
[02Oct2026 17:49:47.451] [Render thread/INFO] [SuperResolution/]: SR_DIAG AFTER_PASS:composite5 fbo=17 attachment=8ce0 texture=63 mip=0 size=854x480 internalFormat=881a
[02Oct2026 17:49:47.451] [Render thread/INFO] [SuperResolution/]: SR_DIAG BEFORE_PASS:composite6 render=( 5.020E+2  2.820E+2) display=( 8.540E+2  4.800E+2) region-1=( 5.020E+2  2.820E+2) region-2=( 8.540E+2  4.800E+2) viewport=[0,0,854,480] scissor=[0,128,854,256]/false drawFbo=17 readFbo=17 drawBuffer=36064 readBuffer=36064 drawStatus=8cd5
[02Oct2026 17:49:47.451] [Render thread/INFO] [SuperResolution/]: SR_DIAG BEFORE_PASS:composite6 fbo=17 attachment=8ce0 texture=63 mip=0 size=854x480 internalFormat=881a
[02Oct2026 17:49:47.451] [Render thread/INFO] [SuperResolution/]: SR_DIAG AFTER_PASS:composite6 render=( 5.020E+2  2.820E+2) display=( 8.540E+2  4.800E+2) region-1=( 5.020E+2  2.820E+2) region-2=( 8.540E+2  4.800E+2) viewport=[0,0,854,480] scissor=[0,128,854,256]/false drawFbo=18 readFbo=18 drawBuffer=36064 readBuffer=36064 drawStatus=8cd5
[02Oct2026 17:49:47.452] [Render thread/INFO] [SuperResolution/]: SR_DIAG AFTER_PASS:composite6 fbo=18 attachment=8ce0 texture=64 mip=0 size=854x480 internalFormat=881a
[02Oct2026 17:49:47.452] [Render thread/INFO] [SuperResolution/]: SR_DIAG BEFORE_PASS:composite7 render=( 5.020E+2  2.820E+2) display=( 8.540E+2  4.800E+2) region-1=( 5.020E+2  2.820E+2) region-2=( 8.540E+2  4.800E+2) viewport=[0,0,854,480] scissor=[0,128,854,256]/false drawFbo=18 readFbo=18 drawBuffer=36064 readBuffer=36064 drawStatus=8cd5
[02Oct2026 17:49:47.452] [Render thread/INFO] [SuperResolution/]: SR_DIAG BEFORE_PASS:composite7 fbo=18 attachment=8ce0 texture=64 mip=0 size=854x480 internalFormat=881a
[02Oct2026 17:49:47.452] [Render thread/INFO] [SuperResolution/]: SR_DIAG BEFORE_SR render=( 5.020E+2  2.820E+2) display=( 8.540E+2  4.800E+2) region-1=( 5.020E+2  2.820E+2) region-2=( 8.540E+2  4.800E+2) viewport=[0,0,854,480] scissor=[0,128,854,256]/false drawFbo=18 readFbo=18 drawBuffer=36064 readBuffer=36064 drawStatus=8cd5
[02Oct2026 17:49:47.452] [Render thread/INFO] [SuperResolution/]: SR_DIAG BEFORE_SR fbo=18 attachment=8ce0 texture=64 mip=0 size=854x480 internalFormat=881a
[02Oct2026 17:49:47.452] [Render thread/INFO] [SuperResolution/]: SR_DIAG texture color id=64 size=854x480 format=RGBA16F target/type=Texture2D glInternalFormat=881a
[02Oct2026 17:49:47.452] [Render thread/INFO] [SuperResolution/]: SR_DIAG texture depth id=3 size=854x480 format=DEPTH24 target/type=Texture2D glInternalFormat=1902
[02Oct2026 17:49:47.452] [Render thread/INFO] [SuperResolution/]: SR_DIAG depth depth id=3 bits=24 componentType=8c17
[02Oct2026 17:49:47.452] [Render thread/INFO] [SuperResolution/]: SR_DIAG texture motion_vectors id=83 size=854x480 format=RGBA16F target/type=Texture2D glInternalFormat=881a
[02Oct2026 17:49:47.452] [Render thread/INFO] [SuperResolution/]: SR_DIAG texture algorithm_color id=92 size=502x282 format=RGBA16F target/type=Texture2D glInternalFormat=881a
[02Oct2026 17:49:47.452] [Render thread/INFO] [SuperResolution/]: SR_DIAG texture algorithm_depth id=94 size=502x282 format=DEPTH24 target/type=Texture2D glInternalFormat=81a6
[02Oct2026 17:49:47.452] [Render thread/INFO] [SuperResolution/]: SR_DIAG depth algorithm_depth id=94 bits=24 componentType=8c17
[02Oct2026 17:49:47.452] [Render thread/INFO] [SuperResolution/]: SR_DIAG texture algorithm_motion_vectors id=95 size=502x282 format=RGBA16F target/type=Texture2D glInternalFormat=881a
[02Oct2026 17:49:47.587] [Render thread/INFO] [SuperResolution/]: SR_DIAG texture SR_output id=85 size=854x480 format=RGBA16F target/type=Texture2D glInternalFormat=881a
[02Oct2026 17:49:47.587] [Render thread/INFO] [SuperResolution/]: SR_DIAG texture autotex3/output_target id=64 size=854x480 format=RGBA16F target/type=Texture2D glInternalFormat=881a
[02Oct2026 17:49:47.587] [Render thread/INFO] [SuperResolution/]: SR_DIAG AFTER_SR render=( 5.020E+2  2.820E+2) display=( 8.540E+2  4.800E+2) region-1=( 5.020E+2  2.820E+2) region-2=( 8.540E+2  4.800E+2) viewport=[0,0,854,480] scissor=[0,128,854,256]/false drawFbo=18 readFbo=18 drawBuffer=36064 readBuffer=36064 drawStatus=8cd5
[02Oct2026 17:49:47.587] [Render thread/INFO] [SuperResolution/]: SR_DIAG AFTER_SR fbo=18 attachment=8ce0 texture=64 mip=0 size=854x480 internalFormat=881a
[02Oct2026 17:49:47.589] [Render thread/INFO] [SuperResolution/]: SR_DIAG AFTER_PASS:composite7 render=( 5.020E+2  2.820E+2) display=( 8.540E+2  4.800E+2) region-1=( 5.020E+2  2.820E+2) region-2=( 8.540E+2  4.800E+2) viewport=[0,0,854,480] scissor=[0,128,854,256]/false drawFbo=19 readFbo=19 drawBuffer=36064 readBuffer=36064 drawStatus=8cd5
[02Oct2026 17:49:47.589] [Render thread/INFO] [SuperResolution/]: SR_DIAG AFTER_PASS:composite7 fbo=19 attachment=8ce0 texture=63 mip=0 size=854x480 internalFormat=881a
[02Oct2026 17:49:47.589] [Render thread/INFO] [SuperResolution/]: SR_DIAG FINAL_PIPELINE render=( 5.020E+2  2.820E+2) display=( 8.540E+2  4.800E+2) region-1=( 5.020E+2  2.820E+2) region-2=( 8.540E+2  4.800E+2) viewport=[0,0,854,480] scissor=[0,128,854,256]/false drawFbo=1 readFbo=1 drawBuffer=36064 readBuffer=36064 drawStatus=8cd5
[02Oct2026 17:49:47.589] [Render thread/INFO] [SuperResolution/]: SR_DIAG FINAL_PIPELINE fbo=1 attachment=8ce0 texture=2 mip=0 size=854x480 internalFormat=8058
[02Oct2026 17:49:47.589] [Render thread/INFO] [SuperResolution/]: SR_DIAG FINAL_PIPELINE fbo=1 attachment=8d00 texture=3 mip=0 size=854x480 internalFormat=1902
[02Oct2026 17:49:57.475] [Render thread/INFO] [SuperResolution/]: SR_DIAG BEFORE_PASS:deferred1 render=( 5.020E+2  2.820E+2) display=( 8.540E+2  4.800E+2) region-1=( 5.020E+2  2.820E+2) region-2=( 8.540E+2  4.800E+2) viewport=[0,0,854,480] scissor=[0,128,854,256]/false drawFbo=1 readFbo=1 drawBuffer=36064 readBuffer=36064 drawStatus=8cd5
[02Oct2026 17:49:57.475] [Render thread/INFO] [SuperResolution/]: SR_DIAG BEFORE_PASS:deferred1 fbo=1 attachment=8ce0 texture=2 mip=0 size=854x480 internalFormat=8058
[02Oct2026 17:49:57.475] [Render thread/INFO] [SuperResolution/]: SR_DIAG BEFORE_PASS:deferred1 fbo=1 attachment=8d00 texture=3 mip=0 size=854x480 internalFormat=1902
[02Oct2026 17:49:57.475] [Render thread/INFO] [SuperResolution/]: SR_DIAG AFTER_PASS:deferred1 render=( 5.020E+2  2.820E+2) display=( 8.540E+2  4.800E+2) region-1=( 5.020E+2  2.820E+2) region-2=( 8.540E+2  4.800E+2) viewport=[0,0,854,480] scissor=[0,128,854,256]/false drawFbo=12 readFbo=12 drawBuffer=36064 readBuffer=36064 drawStatus=8cd5
[02Oct2026 17:49:57.475] [Render thread/INFO] [SuperResolution/]: SR_DIAG AFTER_PASS:deferred1 fbo=12 attachment=8ce0 texture=49 mip=0 size=854x480 internalFormat=8c3a
[02Oct2026 17:49:57.476] [Render thread/INFO] [SuperResolution/]: SR_DIAG BEFORE_PASS:composite render=( 5.020E+2  2.820E+2) display=( 8.540E+2  4.800E+2) region-1=( 5.020E+2  2.820E+2) region-2=( 8.540E+2  4.800E+2) viewport=[0,0,854,480] scissor=[0,128,854,256]/false drawFbo=1 readFbo=1 drawBuffer=36064 readBuffer=36064 drawStatus=8cd5
[02Oct2026 17:49:57.476] [Render thread/INFO] [SuperResolution/]: SR_DIAG BEFORE_PASS:composite fbo=1 attachment=8ce0 texture=2 mip=0 size=854x480 internalFormat=8058
[02Oct2026 17:49:57.476] [Render thread/INFO] [SuperResolution/]: SR_DIAG BEFORE_PASS:composite fbo=1 attachment=8d00 texture=3 mip=0 size=854x480 internalFormat=1902
[02Oct2026 17:49:57.476] [Render thread/INFO] [SuperResolution/]: SR_DIAG AFTER_PASS:composite render=( 5.020E+2  2.820E+2) display=( 8.540E+2  4.800E+2) region-1=( 5.020E+2  2.820E+2) region-2=( 8.540E+2  4.800E+2) viewport=[0,0,427,240] scissor=[0,128,854,256]/false drawFbo=13 readFbo=13 drawBuffer=36064 readBuffer=36064 drawStatus=8cd5
[02Oct2026 17:49:57.476] [Render thread/INFO] [SuperResolution/]: SR_DIAG AFTER_PASS:composite fbo=13 attachment=8ce0 texture=77 mip=0 size=427x240 internalFormat=881a
[02Oct2026 17:49:57.476] [Render thread/INFO] [SuperResolution/]: SR_DIAG BEFORE_PASS:composite1 render=( 5.020E+2  2.820E+2) display=( 8.540E+2  4.800E+2) region-1=( 5.020E+2  2.820E+2) region-2=( 8.540E+2  4.800E+2) viewport=[0,0,427,240] scissor=[0,128,854,256]/false drawFbo=13 readFbo=13 drawBuffer=36064 readBuffer=36064 drawStatus=8cd5
[02Oct2026 17:49:57.476] [Render thread/INFO] [SuperResolution/]: SR_DIAG BEFORE_PASS:composite1 fbo=13 attachment=8ce0 texture=77 mip=0 size=427x240 internalFormat=881a
[02Oct2026 17:49:57.476] [Render thread/INFO] [SuperResolution/]: SR_DIAG AFTER_PASS:composite1 render=( 5.020E+2  2.820E+2) display=( 8.540E+2  4.800E+2) region-1=( 5.020E+2  2.820E+2) region-2=( 8.540E+2  4.800E+2) viewport=[0,0,854,480] scissor=[0,128,854,256]/false drawFbo=14 readFbo=14 drawBuffer=36064 readBuffer=36064 drawStatus=8cd5
[02Oct2026 17:49:57.476] [Render thread/INFO] [SuperResolution/]: SR_DIAG AFTER_PASS:composite1 fbo=14 attachment=8ce0 texture=48 mip=0 size=854x480 internalFormat=8c3a
[02Oct2026 17:49:57.476] [Render thread/INFO] [SuperResolution/]: SR_DIAG BEFORE_PASS:composite3 render=( 5.020E+2  2.820E+2) display=( 8.540E+2  4.800E+2) region-1=( 5.020E+2  2.820E+2) region-2=( 8.540E+2  4.800E+2) viewport=[0,0,854,480] scissor=[0,128,854,256]/false drawFbo=14 readFbo=14 drawBuffer=36064 readBuffer=36064 drawStatus=8cd5
[02Oct2026 17:49:57.476] [Render thread/INFO] [SuperResolution/]: SR_DIAG BEFORE_PASS:composite3 fbo=14 attachment=8ce0 texture=48 mip=0 size=854x480 internalFormat=8c3a
[02Oct2026 17:49:57.476] [Render thread/INFO] [SuperResolution/]: SR_DIAG AFTER_PASS:composite3 render=( 5.020E+2  2.820E+2) display=( 8.540E+2  4.800E+2) region-1=( 5.020E+2  2.820E+2) region-2=( 8.540E+2  4.800E+2) viewport=[0,0,854,480] scissor=[0,128,854,256]/false drawFbo=15 readFbo=15 drawBuffer=36064 readBuffer=36064 drawStatus=8cd5
[02Oct2026 17:49:57.476] [Render thread/INFO] [SuperResolution/]: SR_DIAG AFTER_PASS:composite3 fbo=15 attachment=8ce0 texture=49 mip=0 size=854x480 internalFormat=8c3a
[02Oct2026 17:49:57.476] [Render thread/INFO] [SuperResolution/]: SR_DIAG BEFORE_PASS:composite4 render=( 5.020E+2  2.820E+2) display=( 8.540E+2  4.800E+2) region-1=( 5.020E+2  2.820E+2) region-2=( 8.540E+2  4.800E+2) viewport=[0,0,854,480] scissor=[0,128,854,256]/false drawFbo=15 readFbo=15 drawBuffer=36064 readBuffer=36064 drawStatus=8cd5
[02Oct2026 17:49:57.476] [Render thread/INFO] [SuperResolution/]: SR_DIAG BEFORE_PASS:composite4 fbo=15 attachment=8ce0 texture=49 mip=0 size=854x480 internalFormat=8c3a
[02Oct2026 17:49:57.476] [Render thread/INFO] [SuperResolution/]: SR_DIAG AFTER_PASS:composite4 render=( 5.020E+2  2.820E+2) display=( 8.540E+2  4.800E+2) region-1=( 5.020E+2  2.820E+2) region-2=( 8.540E+2  4.800E+2) viewport=[0,0,854,480] scissor=[0,128,854,256]/false drawFbo=16 readFbo=16 drawBuffer=36064 readBuffer=36064 drawStatus=8cd5
[02Oct2026 17:49:57.476] [Render thread/INFO] [SuperResolution/]: SR_DIAG AFTER_PASS:composite4 fbo=16 attachment=8ce0 texture=64 mip=0 size=854x480 internalFormat=881a
[02Oct2026 17:49:57.476] [Render thread/INFO] [SuperResolution/]: SR_DIAG BEFORE_PASS:composite5 render=( 5.020E+2  2.820E+2) display=( 8.540E+2  4.800E+2) region-1=( 5.020E+2  2.820E+2) region-2=( 8.540E+2  4.800E+2) viewport=[0,0,854,480] scissor=[0,128,854,256]/false drawFbo=16 readFbo=16 drawBuffer=36064 readBuffer=36064 drawStatus=8cd5
[02Oct2026 17:49:57.476] [Render thread/INFO] [SuperResolution/]: SR_DIAG BEFORE_PASS:composite5 fbo=16 attachment=8ce0 texture=64 mip=0 size=854x480 internalFormat=881a
[02Oct2026 17:49:57.477] [Render thread/INFO] [SuperResolution/]: SR_DIAG AFTER_PASS:composite5 render=( 5.020E+2  2.820E+2) display=( 8.540E+2  4.800E+2) region-1=( 5.020E+2  2.820E+2) region-2=( 8.540E+2  4.800E+2) viewport=[0,0,854,480] scissor=[0,128,854,256]/false drawFbo=17 readFbo=17 drawBuffer=36064 readBuffer=36064 drawStatus=8cd5
[02Oct2026 17:49:57.477] [Render thread/INFO] [SuperResolution/]: SR_DIAG AFTER_PASS:composite5 fbo=17 attachment=8ce0 texture=63 mip=0 size=854x480 internalFormat=881a
[02Oct2026 17:49:57.477] [Render thread/INFO] [SuperResolution/]: SR_DIAG BEFORE_PASS:composite6 render=( 5.020E+2  2.820E+2) display=( 8.540E+2  4.800E+2) region-1=( 5.020E+2  2.820E+2) region-2=( 8.540E+2  4.800E+2) viewport=[0,0,854,480] scissor=[0,128,854,256]/false drawFbo=17 readFbo=17 drawBuffer=36064 readBuffer=36064 drawStatus=8cd5
[02Oct2026 17:49:57.477] [Render thread/INFO] [SuperResolution/]: SR_DIAG BEFORE_PASS:composite6 fbo=17 attachment=8ce0 texture=63 mip=0 size=854x480 internalFormat=881a
[02Oct2026 17:49:57.477] [Render thread/INFO] [SuperResolution/]: SR_DIAG AFTER_PASS:composite6 render=( 5.020E+2  2.820E+2) display=( 8.540E+2  4.800E+2) region-1=( 5.020E+2  2.820E+2) region-2=( 8.540E+2  4.800E+2) viewport=[0,0,854,480] scissor=[0,128,854,256]/false drawFbo=18 readFbo=18 drawBuffer=36064 readBuffer=36064 drawStatus=8cd5
[02Oct2026 17:49:57.477] [Render thread/INFO] [SuperResolution/]: SR_DIAG AFTER_PASS:composite6 fbo=18 attachment=8ce0 texture=64 mip=0 size=854x480 internalFormat=881a
[02Oct2026 17:49:57.477] [Render thread/INFO] [SuperResolution/]: SR_DIAG BEFORE_PASS:composite7 render=( 5.020E+2  2.820E+2) display=( 8.540E+2  4.800E+2) region-1=( 5.020E+2  2.820E+2) region-2=( 8.540E+2  4.800E+2) viewport=[0,0,854,480] scissor=[0,128,854,256]/false drawFbo=18 readFbo=18 drawBuffer=36064 readBuffer=36064 drawStatus=8cd5
[02Oct2026 17:49:57.477] [Render thread/INFO] [SuperResolution/]: SR_DIAG BEFORE_PASS:composite7 fbo=18 attachment=8ce0 texture=64 mip=0 size=854x480 internalFormat=881a
[02Oct2026 17:49:57.477] [Render thread/INFO] [SuperResolution/]: SR_DIAG BEFORE_SR render=( 5.020E+2  2.820E+2) display=( 8.540E+2  4.800E+2) region-1=( 5.020E+2  2.820E+2) region-2=( 8.540E+2  4.800E+2) viewport=[0,0,854,480] scissor=[0,128,854,256]/false drawFbo=18 readFbo=18 drawBuffer=36064 readBuffer=36064 drawStatus=8cd5
[02Oct2026 17:49:57.477] [Render thread/INFO] [SuperResolution/]: SR_DIAG BEFORE_SR fbo=18 attachment=8ce0 texture=64 mip=0 size=854x480 internalFormat=881a
[02Oct2026 17:49:57.477] [Render thread/INFO] [SuperResolution/]: SR_DIAG texture color id=64 size=854x480 format=RGBA16F target/type=Texture2D glInternalFormat=881a
[02Oct2026 17:49:57.477] [Render thread/INFO] [SuperResolution/]: SR_DIAG texture depth id=3 size=854x480 format=DEPTH24 target/type=Texture2D glInternalFormat=1902
[02Oct2026 17:49:57.477] [Render thread/INFO] [SuperResolution/]: SR_DIAG depth depth id=3 bits=24 componentType=8c17
[02Oct2026 17:49:57.477] [Render thread/INFO] [SuperResolution/]: SR_DIAG texture motion_vectors id=83 size=854x480 format=RGBA16F target/type=Texture2D glInternalFormat=881a
[02Oct2026 17:49:57.477] [Render thread/INFO] [SuperResolution/]: SR_DIAG texture algorithm_color id=92 size=502x282 format=RGBA16F target/type=Texture2D glInternalFormat=881a
[02Oct2026 17:49:57.477] [Render thread/INFO] [SuperResolution/]: SR_DIAG texture algorithm_depth id=94 size=502x282 format=DEPTH24 target/type=Texture2D glInternalFormat=81a6
[02Oct2026 17:49:57.477] [Render thread/INFO] [SuperResolution/]: SR_DIAG depth algorithm_depth id=94 bits=24 componentType=8c17
[02Oct2026 17:49:57.477] [Render thread/INFO] [SuperResolution/]: SR_DIAG texture algorithm_motion_vectors id=95 size=502x282 format=RGBA16F target/type=Texture2D glInternalFormat=881a
[02Oct2026 17:49:57.589] [Render thread/INFO] [SuperResolution/]: SR_DIAG texture SR_output id=85 size=854x480 format=RGBA16F target/type=Texture2D glInternalFormat=881a
[02Oct2026 17:49:57.589] [Render thread/INFO] [SuperResolution/]: SR_DIAG texture autotex3/output_target id=64 size=854x480 format=RGBA16F target/type=Texture2D glInternalFormat=881a
[02Oct2026 17:49:57.589] [Render thread/INFO] [SuperResolution/]: SR_DIAG AFTER_SR render=( 5.020E+2  2.820E+2) display=( 8.540E+2  4.800E+2) region-1=( 5.020E+2  2.820E+2) region-2=( 8.540E+2  4.800E+2) viewport=[0,0,854,480] scissor=[0,128,854,256]/false drawFbo=18 readFbo=18 drawBuffer=36064 readBuffer=36064 drawStatus=8cd5
[02Oct2026 17:49:57.589] [Render thread/INFO] [SuperResolution/]: SR_DIAG AFTER_SR fbo=18 attachment=8ce0 texture=64 mip=0 size=854x480 internalFormat=881a
[02Oct2026 17:49:57.590] [Render thread/INFO] [SuperResolution/]: SR_DIAG AFTER_PASS:composite7 render=( 5.020E+2  2.820E+2) display=( 8.540E+2  4.800E+2) region-1=( 5.020E+2  2.820E+2) region-2=( 8.540E+2  4.800E+2) viewport=[0,0,854,480] scissor=[0,128,854,256]/false drawFbo=19 readFbo=19 drawBuffer=36064 readBuffer=36064 drawStatus=8cd5
[02Oct2026 17:49:57.590] [Render thread/INFO] [SuperResolution/]: SR_DIAG AFTER_PASS:composite7 fbo=19 attachment=8ce0 texture=63 mip=0 size=854x480 internalFormat=881a
[02Oct2026 17:49:57.590] [Render thread/INFO] [SuperResolution/]: SR_DIAG FINAL_PIPELINE render=( 5.020E+2  2.820E+2) display=( 8.540E+2  4.800E+2) region-1=( 5.020E+2  2.820E+2) region-2=( 8.540E+2  4.800E+2) viewport=[0,0,854,480] scissor=[0,128,854,256]/false drawFbo=1 readFbo=1 drawBuffer=36064 readBuffer=36064 drawStatus=8cd5
[02Oct2026 17:49:57.590] [Render thread/INFO] [SuperResolution/]: SR_DIAG FINAL_PIPELINE fbo=1 attachment=8ce0 texture=2 mip=0 size=854x480 internalFormat=8058
[02Oct2026 17:49:57.590] [Render thread/INFO] [SuperResolution/]: SR_DIAG FINAL_PIPELINE fbo=1 attachment=8d00 texture=3 mip=0 size=854x480 internalFormat=1902
[02Oct2026 17:50:07.479] [Render thread/INFO] [SuperResolution/]: SR_DIAG BEFORE_PASS:deferred1 render=( 5.020E+2  2.820E+2) display=( 8.540E+2  4.800E+2) region-1=( 5.020E+2  2.820E+2) region-2=( 8.540E+2  4.800E+2) viewport=[0,0,854,480] scissor=[0,128,854,256]/false drawFbo=1 readFbo=1 drawBuffer=36064 readBuffer=36064 drawStatus=8cd5
[02Oct2026 17:50:07.480] [Render thread/INFO] [SuperResolution/]: SR_DIAG BEFORE_PASS:deferred1 fbo=1 attachment=8ce0 texture=2 mip=0 size=854x480 internalFormat=8058
[02Oct2026 17:50:07.480] [Render thread/INFO] [SuperResolution/]: SR_DIAG BEFORE_PASS:deferred1 fbo=1 attachment=8d00 texture=3 mip=0 size=854x480 internalFormat=1902
[02Oct2026 17:50:07.480] [Render thread/INFO] [SuperResolution/]: SR_DIAG AFTER_PASS:deferred1 render=( 5.020E+2  2.820E+2) display=( 8.540E+2  4.800E+2) region-1=( 5.020E+2  2.820E+2) region-2=( 8.540E+2  4.800E+2) viewport=[0,0,854,480] scissor=[0,128,854,256]/false drawFbo=12 readFbo=12 drawBuffer=36064 readBuffer=36064 drawStatus=8cd5
[02Oct2026 17:50:07.480] [Render thread/INFO] [SuperResolution/]: SR_DIAG AFTER_PASS:deferred1 fbo=12 attachment=8ce0 texture=49 mip=0 size=854x480 internalFormat=8c3a
[02Oct2026 17:50:07.480] [Render thread/INFO] [SuperResolution/]: SR_DIAG BEFORE_PASS:composite render=( 5.020E+2  2.820E+2) display=( 8.540E+2  4.800E+2) region-1=( 5.020E+2  2.820E+2) region-2=( 8.540E+2  4.800E+2) viewport=[0,0,854,480] scissor=[0,128,854,256]/false drawFbo=1 readFbo=1 drawBuffer=36064 readBuffer=36064 drawStatus=8cd5
[02Oct2026 17:50:07.480] [Render thread/INFO] [SuperResolution/]: SR_DIAG BEFORE_PASS:composite fbo=1 attachment=8ce0 texture=2 mip=0 size=854x480 internalFormat=8058
[02Oct2026 17:50:07.480] [Render thread/INFO] [SuperResolution/]: SR_DIAG BEFORE_PASS:composite fbo=1 attachment=8d00 texture=3 mip=0 size=854x480 internalFormat=1902
[02Oct2026 17:50:07.481] [Render thread/INFO] [SuperResolution/]: SR_DIAG AFTER_PASS:composite render=( 5.020E+2  2.820E+2) display=( 8.540E+2  4.800E+2) region-1=( 5.020E+2  2.820E+2) region-2=( 8.540E+2  4.800E+2) viewport=[0,0,427,240] scissor=[0,128,854,256]/false drawFbo=13 readFbo=13 drawBuffer=36064 readBuffer=36064 drawStatus=8cd5
[02Oct2026 17:50:07.481] [Render thread/INFO] [SuperResolution/]: SR_DIAG AFTER_PASS:composite fbo=13 attachment=8ce0 texture=77 mip=0 size=427x240 internalFormat=881a
[02Oct2026 17:50:07.481] [Render thread/INFO] [SuperResolution/]: SR_DIAG BEFORE_PASS:composite1 render=( 5.020E+2  2.820E+2) display=( 8.540E+2  4.800E+2) region-1=( 5.020E+2  2.820E+2) region-2=( 8.540E+2  4.800E+2) viewport=[0,0,427,240] scissor=[0,128,854,256]/false drawFbo=13 readFbo=13 drawBuffer=36064 readBuffer=36064 drawStatus=8cd5
[02Oct2026 17:50:07.481] [Render thread/INFO] [SuperResolution/]: SR_DIAG BEFORE_PASS:composite1 fbo=13 attachment=8ce0 texture=77 mip=0 size=427x240 internalFormat=881a
[02Oct2026 17:50:07.481] [Render thread/INFO] [SuperResolution/]: SR_DIAG AFTER_PASS:composite1 render=( 5.020E+2  2.820E+2) display=( 8.540E+2  4.800E+2) region-1=( 5.020E+2  2.820E+2) region-2=( 8.540E+2  4.800E+2) viewport=[0,0,854,480] scissor=[0,128,854,256]/false drawFbo=14 readFbo=14 drawBuffer=36064 readBuffer=36064 drawStatus=8cd5
[02Oct2026 17:50:07.481] [Render thread/INFO] [SuperResolution/]: SR_DIAG AFTER_PASS:composite1 fbo=14 attachment=8ce0 texture=48 mip=0 size=854x480 internalFormat=8c3a
[02Oct2026 17:50:07.481] [Render thread/INFO] [SuperResolution/]: SR_DIAG BEFORE_PASS:composite3 render=( 5.020E+2  2.820E+2) display=( 8.540E+2  4.800E+2) region-1=( 5.020E+2  2.820E+2) region-2=( 8.540E+2  4.800E+2) viewport=[0,0,854,480] scissor=[0,128,854,256]/false drawFbo=14 readFbo=14 drawBuffer=36064 readBuffer=36064 drawStatus=8cd5
[02Oct2026 17:50:07.481] [Render thread/INFO] [SuperResolution/]: SR_DIAG BEFORE_PASS:composite3 fbo=14 attachment=8ce0 texture=48 mip=0 size=854x480 internalFormat=8c3a
[02Oct2026 17:50:07.481] [Render thread/INFO] [SuperResolution/]: SR_DIAG AFTER_PASS:composite3 render=( 5.020E+2  2.820E+2) display=( 8.540E+2  4.800E+2) region-1=( 5.020E+2  2.820E+2) region-2=( 8.540E+2  4.800E+2) viewport=[0,0,854,480] scissor=[0,128,854,256]/false drawFbo=15 readFbo=15 drawBuffer=36064 readBuffer=36064 drawStatus=8cd5
[02Oct2026 17:50:07.481] [Render thread/INFO] [SuperResolution/]: SR_DIAG AFTER_PASS:composite3 fbo=15 attachment=8ce0 texture=49 mip=0 size=854x480 internalFormat=8c3a
[02Oct2026 17:50:07.481] [Render thread/INFO] [SuperResolution/]: SR_DIAG BEFORE_PASS:composite4 render=( 5.020E+2  2.820E+2) display=( 8.540E+2  4.800E+2) region-1=( 5.020E+2  2.820E+2) region-2=( 8.540E+2  4.800E+2) viewport=[0,0,854,480] scissor=[0,128,854,256]/false drawFbo=15 readFbo=15 drawBuffer=36064 readBuffer=36064 drawStatus=8cd5
[02Oct2026 17:50:07.481] [Render thread/INFO] [SuperResolution/]: SR_DIAG BEFORE_PASS:composite4 fbo=15 attachment=8ce0 texture=49 mip=0 size=854x480 internalFormat=8c3a
[02Oct2026 17:50:07.481] [Render thread/INFO] [SuperResolution/]: SR_DIAG AFTER_PASS:composite4 render=( 5.020E+2  2.820E+2) display=( 8.540E+2  4.800E+2) region-1=( 5.020E+2  2.820E+2) region-2=( 8.540E+2  4.800E+2) viewport=[0,0,854,480] scissor=[0,128,854,256]/false drawFbo=16 readFbo=16 drawBuffer=36064 readBuffer=36064 drawStatus=8cd5
[02Oct2026 17:50:07.481] [Render thread/INFO] [SuperResolution/]: SR_DIAG AFTER_PASS:composite4 fbo=16 attachment=8ce0 texture=64 mip=0 size=854x480 internalFormat=881a
[02Oct2026 17:50:07.483] [Render thread/INFO] [SuperResolution/]: SR_DIAG BEFORE_PASS:composite5 render=( 5.020E+2  2.820E+2) display=( 8.540E+2  4.800E+2) region-1=( 5.020E+2  2.820E+2) region-2=( 8.540E+2  4.800E+2) viewport=[0,0,854,480] scissor=[0,128,854,256]/false drawFbo=16 readFbo=16 drawBuffer=36064 readBuffer=36064 drawStatus=8cd5
[02Oct2026 17:50:07.483] [Render thread/INFO] [SuperResolution/]: SR_DIAG BEFORE_PASS:composite5 fbo=16 attachment=8ce0 texture=64 mip=0 size=854x480 internalFormat=881a
[02Oct2026 17:50:07.483] [Render thread/INFO] [SuperResolution/]: SR_DIAG AFTER_PASS:composite5 render=( 5.020E+2  2.820E+2) display=( 8.540E+2  4.800E+2) region-1=( 5.020E+2  2.820E+2) region-2=( 8.540E+2  4.800E+2) viewport=[0,0,854,480] scissor=[0,128,854,256]/false drawFbo=17 readFbo=17 drawBuffer=36064 readBuffer=36064 drawStatus=8cd5
[02Oct2026 17:50:07.483] [Render thread/INFO] [SuperResolution/]: SR_DIAG AFTER_PASS:composite5 fbo=17 attachment=8ce0 texture=63 mip=0 size=854x480 internalFormat=881a
[02Oct2026 17:50:07.483] [Render thread/INFO] [SuperResolution/]: SR_DIAG BEFORE_PASS:composite6 render=( 5.020E+2  2.820E+2) display=( 8.540E+2  4.800E+2) region-1=( 5.020E+2  2.820E+2) region-2=( 8.540E+2  4.800E+2) viewport=[0,0,854,480] scissor=[0,128,854,256]/false drawFbo=17 readFbo=17 drawBuffer=36064 readBuffer=36064 drawStatus=8cd5
[02Oct2026 17:50:07.483] [Render thread/INFO] [SuperResolution/]: SR_DIAG BEFORE_PASS:composite6 fbo=17 attachment=8ce0 texture=63 mip=0 size=854x480 internalFormat=881a
[02Oct2026 17:50:07.483] [Render thread/INFO] [SuperResolution/]: SR_DIAG AFTER_PASS:composite6 render=( 5.020E+2  2.820E+2) display=( 8.540E+2  4.800E+2) region-1=( 5.020E+2  2.820E+2) region-2=( 8.540E+2  4.800E+2) viewport=[0,0,854,480] scissor=[0,128,854,256]/false drawFbo=18 readFbo=18 drawBuffer=36064 readBuffer=36064 drawStatus=8cd5
[02Oct2026 17:50:07.483] [Render thread/INFO] [SuperResolution/]: SR_DIAG AFTER_PASS:composite6 fbo=18 attachment=8ce0 texture=64 mip=0 size=854x480 internalFormat=881a
[02Oct2026 17:50:07.483] [Render thread/INFO] [SuperResolution/]: SR_DIAG BEFORE_PASS:composite7 render=( 5.020E+2  2.820E+2) display=( 8.540E+2  4.800E+2) region-1=( 5.020E+2  2.820E+2) region-2=( 8.540E+2  4.800E+2) viewport=[0,0,854,480] scissor=[0,128,854,256]/false drawFbo=18 readFbo=18 drawBuffer=36064 readBuffer=36064 drawStatus=8cd5
[02Oct2026 17:50:07.483] [Render thread/INFO] [SuperResolution/]: SR_DIAG BEFORE_PASS:composite7 fbo=18 attachment=8ce0 texture=64 mip=0 size=854x480 internalFormat=881a
[02Oct2026 17:50:07.483] [Render thread/INFO] [SuperResolution/]: SR_DIAG BEFORE_SR render=( 5.020E+2  2.820E+2) display=( 8.540E+2  4.800E+2) region-1=( 5.020E+2  2.820E+2) region-2=( 8.540E+2  4.800E+2) viewport=[0,0,854,480] scissor=[0,128,854,256]/false drawFbo=18 readFbo=18 drawBuffer=36064 readBuffer=36064 drawStatus=8cd5
[02Oct2026 17:50:07.483] [Render thread/INFO] [SuperResolution/]: SR_DIAG BEFORE_SR fbo=18 attachment=8ce0 texture=64 mip=0 size=854x480 internalFormat=881a
[02Oct2026 17:50:07.483] [Render thread/INFO] [SuperResolution/]: SR_DIAG texture color id=64 size=854x480 format=RGBA16F target/type=Texture2D glInternalFormat=881a
[02Oct2026 17:50:07.483] [Render thread/INFO] [SuperResolution/]: SR_DIAG texture depth id=3 size=854x480 format=DEPTH24 target/type=Texture2D glInternalFormat=1902
[02Oct2026 17:50:07.483] [Render thread/INFO] [SuperResolution/]: SR_DIAG depth depth id=3 bits=24 componentType=8c17
[02Oct2026 17:50:07.483] [Render thread/INFO] [SuperResolution/]: SR_DIAG texture motion_vectors id=83 size=854x480 format=RGBA16F target/type=Texture2D glInternalFormat=881a
[02Oct2026 17:50:07.484] [Render thread/INFO] [SuperResolution/]: SR_DIAG texture algorithm_color id=92 size=502x282 format=RGBA16F target/type=Texture2D glInternalFormat=881a
[02Oct2026 17:50:07.484] [Render thread/INFO] [SuperResolution/]: SR_DIAG texture algorithm_depth id=94 size=502x282 format=DEPTH24 target/type=Texture2D glInternalFormat=81a6
[02Oct2026 17:50:07.484] [Render thread/INFO] [SuperResolution/]: SR_DIAG depth algorithm_depth id=94 bits=24 componentType=8c17
[02Oct2026 17:50:07.484] [Render thread/INFO] [SuperResolution/]: SR_DIAG texture algorithm_motion_vectors id=95 size=502x282 format=RGBA16F target/type=Texture2D glInternalFormat=881a
[02Oct2026 17:50:07.593] [Render thread/INFO] [SuperResolution/]: SR_DIAG texture SR_output id=85 size=854x480 format=RGBA16F target/type=Texture2D glInternalFormat=881a
[02Oct2026 17:50:07.593] [Render thread/INFO] [SuperResolution/]: SR_DIAG texture autotex3/output_target id=64 size=854x480 format=RGBA16F target/type=Texture2D glInternalFormat=881a
[02Oct2026 17:50:07.593] [Render thread/INFO] [SuperResolution/]: SR_DIAG AFTER_SR render=( 5.020E+2  2.820E+2) display=( 8.540E+2  4.800E+2) region-1=( 5.020E+2  2.820E+2) region-2=( 8.540E+2  4.800E+2) viewport=[0,0,854,480] scissor=[0,128,854,256]/false drawFbo=18 readFbo=18 drawBuffer=36064 readBuffer=36064 drawStatus=8cd5
[02Oct2026 17:50:07.593] [Render thread/INFO] [SuperResolution/]: SR_DIAG AFTER_SR fbo=18 attachment=8ce0 texture=64 mip=0 size=854x480 internalFormat=881a
[02Oct2026 17:50:07.593] [Render thread/INFO] [SuperResolution/]: SR_DIAG AFTER_PASS:composite7 render=( 5.020E+2  2.820E+2) display=( 8.540E+2  4.800E+2) region-1=( 5.020E+2  2.820E+2) region-2=( 8.540E+2  4.800E+2) viewport=[0,0,854,480] scissor=[0,128,854,256]/false drawFbo=19 readFbo=19 drawBuffer=36064 readBuffer=36064 drawStatus=8cd5
[02Oct2026 17:50:07.593] [Render thread/INFO] [SuperResolution/]: SR_DIAG AFTER_PASS:composite7 fbo=19 attachment=8ce0 texture=63 mip=0 size=854x480 internalFormat=881a
[02Oct2026 17:50:07.593] [Render thread/INFO] [SuperResolution/]: SR_DIAG FINAL_PIPELINE render=( 5.020E+2  2.820E+2) display=( 8.540E+2  4.800E+2) region-1=( 5.020E+2  2.820E+2) region-2=( 8.540E+2  4.800E+2) viewport=[0,0,854,480] scissor=[0,128,854,256]/false drawFbo=1 readFbo=1 drawBuffer=36064 readBuffer=36064 drawStatus=8cd5
[02Oct2026 17:50:07.593] [Render thread/INFO] [SuperResolution/]: SR_DIAG FINAL_PIPELINE fbo=1 attachment=8ce0 texture=2 mip=0 size=854x480 internalFormat=8058
[02Oct2026 17:50:07.593] [Render thread/INFO] [SuperResolution/]: SR_DIAG FINAL_PIPELINE fbo=1 attachment=8d00 texture=3 mip=0 size=854x480 internalFormat=1902
[02Oct2026 17:50:17.485] [Render thread/INFO] [SuperResolution/]: SR_DIAG BEFORE_PASS:deferred1 render=( 5.020E+2  2.820E+2) display=( 8.540E+2  4.800E+2) region-1=( 5.020E+2  2.820E+2) region-2=( 8.540E+2  4.800E+2) viewport=[0,0,854,480] scissor=[0,128,854,256]/false drawFbo=1 readFbo=1 drawBuffer=36064 readBuffer=36064 drawStatus=8cd5
[02Oct2026 17:50:17.485] [Render thread/INFO] [SuperResolution/]: SR_DIAG BEFORE_PASS:deferred1 fbo=1 attachment=8ce0 texture=2 mip=0 size=854x480 internalFormat=8058
[02Oct2026 17:50:17.485] [Render thread/INFO] [SuperResolution/]: SR_DIAG BEFORE_PASS:deferred1 fbo=1 attachment=8d00 texture=3 mip=0 size=854x480 internalFormat=1902
[02Oct2026 17:50:17.486] [Render thread/INFO] [SuperResolution/]: SR_DIAG AFTER_PASS:deferred1 render=( 5.020E+2  2.820E+2) display=( 8.540E+2  4.800E+2) region-1=( 5.020E+2  2.820E+2) region-2=( 8.540E+2  4.800E+2) viewport=[0,0,854,480] scissor=[0,128,854,256]/false drawFbo=12 readFbo=12 drawBuffer=36064 readBuffer=36064 drawStatus=8cd5
[02Oct2026 17:50:17.486] [Render thread/INFO] [SuperResolution/]: SR_DIAG AFTER_PASS:deferred1 fbo=12 attachment=8ce0 texture=49 mip=0 size=854x480 internalFormat=8c3a
[02Oct2026 17:50:17.486] [Render thread/INFO] [SuperResolution/]: SR_DIAG BEFORE_PASS:composite render=( 5.020E+2  2.820E+2) display=( 8.540E+2  4.800E+2) region-1=( 5.020E+2  2.820E+2) region-2=( 8.540E+2  4.800E+2) viewport=[0,0,854,480] scissor=[0,128,854,256]/false drawFbo=1 readFbo=1 drawBuffer=36064 readBuffer=36064 drawStatus=8cd5
[02Oct2026 17:50:17.486] [Render thread/INFO] [SuperResolution/]: SR_DIAG BEFORE_PASS:composite fbo=1 attachment=8ce0 texture=2 mip=0 size=854x480 internalFormat=8058
[02Oct2026 17:50:17.486] [Render thread/INFO] [SuperResolution/]: SR_DIAG BEFORE_PASS:composite fbo=1 attachment=8d00 texture=3 mip=0 size=854x480 internalFormat=1902
[02Oct2026 17:50:17.486] [Render thread/INFO] [SuperResolution/]: SR_DIAG AFTER_PASS:composite render=( 5.020E+2  2.820E+2) display=( 8.540E+2  4.800E+2) region-1=( 5.020E+2  2.820E+2) region-2=( 8.540E+2  4.800E+2) viewport=[0,0,427,240] scissor=[0,128,854,256]/false drawFbo=13 readFbo=13 drawBuffer=36064 readBuffer=36064 drawStatus=8cd5
[02Oct2026 17:50:17.486] [Render thread/INFO] [SuperResolution/]: SR_DIAG AFTER_PASS:composite fbo=13 attachment=8ce0 texture=77 mip=0 size=427x240 internalFormat=881a
[02Oct2026 17:50:17.486] [Render thread/INFO] [SuperResolution/]: SR_DIAG BEFORE_PASS:composite1 render=( 5.020E+2  2.820E+2) display=( 8.540E+2  4.800E+2) region-1=( 5.020E+2  2.820E+2) region-2=( 8.540E+2  4.800E+2) viewport=[0,0,427,240] scissor=[0,128,854,256]/false drawFbo=13 readFbo=13 drawBuffer=36064 readBuffer=36064 drawStatus=8cd5
[02Oct2026 17:50:17.486] [Render thread/INFO] [SuperResolution/]: SR_DIAG BEFORE_PASS:composite1 fbo=13 attachment=8ce0 texture=77 mip=0 size=427x240 internalFormat=881a
[02Oct2026 17:50:17.486] [Render thread/INFO] [SuperResolution/]: SR_DIAG AFTER_PASS:composite1 render=( 5.020E+2  2.820E+2) display=( 8.540E+2  4.800E+2) region-1=( 5.020E+2  2.820E+2) region-2=( 8.540E+2  4.800E+2) viewport=[0,0,854,480] scissor=[0,128,854,256]/false drawFbo=14 readFbo=14 drawBuffer=36064 readBuffer=36064 drawStatus=8cd5
[02Oct2026 17:50:17.486] [Render thread/INFO] [SuperResolution/]: SR_DIAG AFTER_PASS:composite1 fbo=14 attachment=8ce0 texture=48 mip=0 size=854x480 internalFormat=8c3a
[02Oct2026 17:50:17.486] [Render thread/INFO] [SuperResolution/]: SR_DIAG BEFORE_PASS:composite3 render=( 5.020E+2  2.820E+2) display=( 8.540E+2  4.800E+2) region-1=( 5.020E+2  2.820E+2) region-2=( 8.540E+2  4.800E+2) viewport=[0,0,854,480] scissor=[0,128,854,256]/false drawFbo=14 readFbo=14 drawBuffer=36064 readBuffer=36064 drawStatus=8cd5
[02Oct2026 17:50:17.486] [Render thread/INFO] [SuperResolution/]: SR_DIAG BEFORE_PASS:composite3 fbo=14 attachment=8ce0 texture=48 mip=0 size=854x480 internalFormat=8c3a
[02Oct2026 17:50:17.487] [Render thread/INFO] [SuperResolution/]: SR_DIAG AFTER_PASS:composite3 render=( 5.020E+2  2.820E+2) display=( 8.540E+2  4.800E+2) region-1=( 5.020E+2  2.820E+2) region-2=( 8.540E+2  4.800E+2) viewport=[0,0,854,480] scissor=[0,128,854,256]/false drawFbo=15 readFbo=15 drawBuffer=36064 readBuffer=36064 drawStatus=8cd5
[02Oct2026 17:50:17.487] [Render thread/INFO] [SuperResolution/]: SR_DIAG AFTER_PASS:composite3 fbo=15 attachment=8ce0 texture=49 mip=0 size=854x480 internalFormat=8c3a
[02Oct2026 17:50:17.487] [Render thread/INFO] [SuperResolution/]: SR_DIAG BEFORE_PASS:composite4 render=( 5.020E+2  2.820E+2) display=( 8.540E+2  4.800E+2) region-1=( 5.020E+2  2.820E+2) region-2=( 8.540E+2  4.800E+2) viewport=[0,0,854,480] scissor=[0,128,854,256]/false drawFbo=15 readFbo=15 drawBuffer=36064 readBuffer=36064 drawStatus=8cd5
[02Oct2026 17:50:17.487] [Render thread/INFO] [SuperResolution/]: SR_DIAG BEFORE_PASS:composite4 fbo=15 attachment=8ce0 texture=49 mip=0 size=854x480 internalFormat=8c3a
[02Oct2026 17:50:17.487] [Render thread/INFO] [SuperResolution/]: SR_DIAG AFTER_PASS:composite4 render=( 5.020E+2  2.820E+2) display=( 8.540E+2  4.800E+2) region-1=( 5.020E+2  2.820E+2) region-2=( 8.540E+2  4.800E+2) viewport=[0,0,854,480] scissor=[0,128,854,256]/false drawFbo=16 readFbo=16 drawBuffer=36064 readBuffer=36064 drawStatus=8cd5
[02Oct2026 17:50:17.487] [Render thread/INFO] [SuperResolution/]: SR_DIAG AFTER_PASS:composite4 fbo=16 attachment=8ce0 texture=64 mip=0 size=854x480 internalFormat=881a
[02Oct2026 17:50:17.487] [Render thread/INFO] [SuperResolution/]: SR_DIAG BEFORE_PASS:composite5 render=( 5.020E+2  2.820E+2) display=( 8.540E+2  4.800E+2) region-1=( 5.020E+2  2.820E+2) region-2=( 8.540E+2  4.800E+2) viewport=[0,0,854,480] scissor=[0,128,854,256]/false drawFbo=16 readFbo=16 drawBuffer=36064 readBuffer=36064 drawStatus=8cd5
[02Oct2026 17:50:17.487] [Render thread/INFO] [SuperResolution/]: SR_DIAG BEFORE_PASS:composite5 fbo=16 attachment=8ce0 texture=64 mip=0 size=854x480 internalFormat=881a
[02Oct2026 17:50:17.487] [Render thread/INFO] [SuperResolution/]: SR_DIAG AFTER_PASS:composite5 render=( 5.020E+2  2.820E+2) display=( 8.540E+2  4.800E+2) region-1=( 5.020E+2  2.820E+2) region-2=( 8.540E+2  4.800E+2) viewport=[0,0,854,480] scissor=[0,128,854,256]/false drawFbo=17 readFbo=17 drawBuffer=36064 readBuffer=36064 drawStatus=8cd5
[02Oct2026 17:50:17.488] [Render thread/INFO] [SuperResolution/]: SR_DIAG AFTER_PASS:composite5 fbo=17 attachment=8ce0 texture=63 mip=0 size=854x480 internalFormat=881a
[02Oct2026 17:50:17.488] [Render thread/INFO] [SuperResolution/]: SR_DIAG BEFORE_PASS:composite6 render=( 5.020E+2  2.820E+2) display=( 8.540E+2  4.800E+2) region-1=( 5.020E+2  2.820E+2) region-2=( 8.540E+2  4.800E+2) viewport=[0,0,854,480] scissor=[0,128,854,256]/false drawFbo=17 readFbo=17 drawBuffer=36064 readBuffer=36064 drawStatus=8cd5
[02Oct2026 17:50:17.488] [Render thread/INFO] [SuperResolution/]: SR_DIAG BEFORE_PASS:composite6 fbo=17 attachment=8ce0 texture=63 mip=0 size=854x480 internalFormat=881a
[02Oct2026 17:50:17.488] [Render thread/INFO] [SuperResolution/]: SR_DIAG AFTER_PASS:composite6 render=( 5.020E+2  2.820E+2) display=( 8.540E+2  4.800E+2) region-1=( 5.020E+2  2.820E+2) region-2=( 8.540E+2  4.800E+2) viewport=[0,0,854,480] scissor=[0,128,854,256]/false drawFbo=18 readFbo=18 drawBuffer=36064 readBuffer=36064 drawStatus=8cd5
[02Oct2026 17:50:17.488] [Render thread/INFO] [SuperResolution/]: SR_DIAG AFTER_PASS:composite6 fbo=18 attachment=8ce0 texture=64 mip=0 size=854x480 internalFormat=881a
[02Oct2026 17:50:17.488] [Render thread/INFO] [SuperResolution/]: SR_DIAG BEFORE_PASS:composite7 render=( 5.020E+2  2.820E+2) display=( 8.540E+2  4.800E+2) region-1=( 5.020E+2  2.820E+2) region-2=( 8.540E+2  4.800E+2) viewport=[0,0,854,480] scissor=[0,128,854,256]/false drawFbo=18 readFbo=18 drawBuffer=36064 readBuffer=36064 drawStatus=8cd5
[02Oct2026 17:50:17.488] [Render thread/INFO] [SuperResolution/]: SR_DIAG BEFORE_PASS:composite7 fbo=18 attachment=8ce0 texture=64 mip=0 size=854x480 internalFormat=881a
[02Oct2026 17:50:17.488] [Render thread/INFO] [SuperResolution/]: SR_DIAG BEFORE_SR render=( 5.020E+2  2.820E+2) display=( 8.540E+2  4.800E+2) region-1=( 5.020E+2  2.820E+2) region-2=( 8.540E+2  4.800E+2) viewport=[0,0,854,480] scissor=[0,128,854,256]/false drawFbo=18 readFbo=18 drawBuffer=36064 readBuffer=36064 drawStatus=8cd5
[02Oct2026 17:50:17.488] [Render thread/INFO] [SuperResolution/]: SR_DIAG BEFORE_SR fbo=18 attachment=8ce0 texture=64 mip=0 size=854x480 internalFormat=881a
[02Oct2026 17:50:17.488] [Render thread/INFO] [SuperResolution/]: SR_DIAG texture color id=64 size=854x480 format=RGBA16F target/type=Texture2D glInternalFormat=881a
[02Oct2026 17:50:17.488] [Render thread/INFO] [SuperResolution/]: SR_DIAG texture depth id=3 size=854x480 format=DEPTH24 target/type=Texture2D glInternalFormat=1902
[02Oct2026 17:50:17.488] [Render thread/INFO] [SuperResolution/]: SR_DIAG depth depth id=3 bits=24 componentType=8c17
[02Oct2026 17:50:17.488] [Render thread/INFO] [SuperResolution/]: SR_DIAG texture motion_vectors id=83 size=854x480 format=RGBA16F target/type=Texture2D glInternalFormat=881a
[02Oct2026 17:50:17.488] [Render thread/INFO] [SuperResolution/]: SR_DIAG texture algorithm_color id=92 size=502x282 format=RGBA16F target/type=Texture2D glInternalFormat=881a
[02Oct2026 17:50:17.488] [Render thread/INFO] [SuperResolution/]: SR_DIAG texture algorithm_depth id=94 size=502x282 format=DEPTH24 target/type=Texture2D glInternalFormat=81a6
[02Oct2026 17:50:17.488] [Render thread/INFO] [SuperResolution/]: SR_DIAG depth algorithm_depth id=94 bits=24 componentType=8c17
[02Oct2026 17:50:17.488] [Render thread/INFO] [SuperResolution/]: SR_DIAG texture algorithm_motion_vectors id=95 size=502x282 format=RGBA16F target/type=Texture2D glInternalFormat=881a
[02Oct2026 17:50:17.595] [Render thread/INFO] [SuperResolution/]: SR_DIAG texture SR_output id=85 size=854x480 format=RGBA16F target/type=Texture2D glInternalFormat=881a
[02Oct2026 17:50:17.595] [Render thread/INFO] [SuperResolution/]: SR_DIAG texture autotex3/output_target id=64 size=854x480 format=RGBA16F target/type=Texture2D glInternalFormat=881a
[02Oct2026 17:50:17.595] [Render thread/INFO] [SuperResolution/]: SR_DIAG AFTER_SR render=( 5.020E+2  2.820E+2) display=( 8.540E+2  4.800E+2) region-1=( 5.020E+2  2.820E+2) region-2=( 8.540E+2  4.800E+2) viewport=[0,0,854,480] scissor=[0,128,854,256]/false drawFbo=18 readFbo=18 drawBuffer=36064 readBuffer=36064 drawStatus=8cd5
[02Oct2026 17:50:17.595] [Render thread/INFO] [SuperResolution/]: SR_DIAG AFTER_SR fbo=18 attachment=8ce0 texture=64 mip=0 size=854x480 internalFormat=881a
[02Oct2026 17:50:17.595] [Render thread/INFO] [SuperResolution/]: SR_DIAG AFTER_PASS:composite7 render=( 5.020E+2  2.820E+2) display=( 8.540E+2  4.800E+2) region-1=( 5.020E+2  2.820E+2) region-2=( 8.540E+2  4.800E+2) viewport=[0,0,854,480] scissor=[0,128,854,256]/false drawFbo=19 readFbo=19 drawBuffer=36064 readBuffer=36064 drawStatus=8cd5
[02Oct2026 17:50:17.595] [Render thread/INFO] [SuperResolution/]: SR_DIAG AFTER_PASS:composite7 fbo=19 attachment=8ce0 texture=63 mip=0 size=854x480 internalFormat=881a
[02Oct2026 17:50:17.595] [Render thread/INFO] [SuperResolution/]: SR_DIAG FINAL_PIPELINE render=( 5.020E+2  2.820E+2) display=( 8.540E+2  4.800E+2) region-1=( 5.020E+2  2.820E+2) region-2=( 8.540E+2  4.800E+2) viewport=[0,0,854,480] scissor=[0,128,854,256]/false drawFbo=1 readFbo=1 drawBuffer=36064 readBuffer=36064 drawStatus=8cd5
[02Oct2026 17:50:17.595] [Render thread/INFO] [SuperResolution/]: SR_DIAG FINAL_PIPELINE fbo=1 attachment=8ce0 texture=2 mip=0 size=854x480 internalFormat=8058
[02Oct2026 17:50:17.595] [Render thread/INFO] [SuperResolution/]: SR_DIAG FINAL_PIPELINE fbo=1 attachment=8d00 texture=3 mip=0 size=854x480 internalFormat=1902
[02Oct2026 17:50:27.487] [Render thread/INFO] [SuperResolution/]: SR_DIAG BEFORE_PASS:deferred1 render=( 5.020E+2  2.820E+2) display=( 8.540E+2  4.800E+2) region-1=( 5.020E+2  2.820E+2) region-2=( 8.540E+2  4.800E+2) viewport=[0,0,854,480] scissor=[0,128,854,256]/false drawFbo=1 readFbo=1 drawBuffer=36064 readBuffer=36064 drawStatus=8cd5
[02Oct2026 17:50:27.487] [Render thread/INFO] [SuperResolution/]: SR_DIAG BEFORE_PASS:deferred1 fbo=1 attachment=8ce0 texture=2 mip=0 size=854x480 internalFormat=8058
[02Oct2026 17:50:27.487] [Render thread/INFO] [SuperResolution/]: SR_DIAG BEFORE_PASS:deferred1 fbo=1 attachment=8d00 texture=3 mip=0 size=854x480 internalFormat=1902
[02Oct2026 17:50:27.487] [Render thread/INFO] [SuperResolution/]: SR_DIAG AFTER_PASS:deferred1 render=( 5.020E+2  2.820E+2) display=( 8.540E+2  4.800E+2) region-1=( 5.020E+2  2.820E+2) region-2=( 8.540E+2  4.800E+2) viewport=[0,0,854,480] scissor=[0,128,854,256]/false drawFbo=12 readFbo=12 drawBuffer=36064 readBuffer=36064 drawStatus=8cd5
[02Oct2026 17:50:27.487] [Render thread/INFO] [SuperResolution/]: SR_DIAG AFTER_PASS:deferred1 fbo=12 attachment=8ce0 texture=49 mip=0 size=854x480 internalFormat=8c3a
[02Oct2026 17:50:27.488] [Render thread/INFO] [SuperResolution/]: SR_DIAG BEFORE_PASS:composite render=( 5.020E+2  2.820E+2) display=( 8.540E+2  4.800E+2) region-1=( 5.020E+2  2.820E+2) region-2=( 8.540E+2  4.800E+2) viewport=[0,0,854,480] scissor=[0,128,854,256]/false drawFbo=1 readFbo=1 drawBuffer=36064 readBuffer=36064 drawStatus=8cd5
[02Oct2026 17:50:27.488] [Render thread/INFO] [SuperResolution/]: SR_DIAG BEFORE_PASS:composite fbo=1 attachment=8ce0 texture=2 mip=0 size=854x480 internalFormat=8058
[02Oct2026 17:50:27.488] [Render thread/INFO] [SuperResolution/]: SR_DIAG BEFORE_PASS:composite fbo=1 attachment=8d00 texture=3 mip=0 size=854x480 internalFormat=1902
[02Oct2026 17:50:27.488] [Render thread/INFO] [SuperResolution/]: SR_DIAG AFTER_PASS:composite render=( 5.020E+2  2.820E+2) display=( 8.540E+2  4.800E+2) region-1=( 5.020E+2  2.820E+2) region-2=( 8.540E+2  4.800E+2) viewport=[0,0,427,240] scissor=[0,128,854,256]/false drawFbo=13 readFbo=13 drawBuffer=36064 readBuffer=36064 drawStatus=8cd5
[02Oct2026 17:50:27.488] [Render thread/INFO] [SuperResolution/]: SR_DIAG AFTER_PASS:composite fbo=13 attachment=8ce0 texture=77 mip=0 size=427x240 internalFormat=881a
[02Oct2026 17:50:27.489] [Render thread/INFO] [SuperResolution/]: SR_DIAG BEFORE_PASS:composite1 render=( 5.020E+2  2.820E+2) display=( 8.540E+2  4.800E+2) region-1=( 5.020E+2  2.820E+2) region-2=( 8.540E+2  4.800E+2) viewport=[0,0,427,240] scissor=[0,128,854,256]/false drawFbo=13 readFbo=13 drawBuffer=36064 readBuffer=36064 drawStatus=8cd5
[02Oct2026 17:50:27.489] [Render thread/INFO] [SuperResolution/]: SR_DIAG BEFORE_PASS:composite1 fbo=13 attachment=8ce0 texture=77 mip=0 size=427x240 internalFormat=881a
[02Oct2026 17:50:27.489] [Render thread/INFO] [SuperResolution/]: SR_DIAG AFTER_PASS:composite1 render=( 5.020E+2  2.820E+2) display=( 8.540E+2  4.800E+2) region-1=( 5.020E+2  2.820E+2) region-2=( 8.540E+2  4.800E+2) viewport=[0,0,854,480] scissor=[0,128,854,256]/false drawFbo=14 readFbo=14 drawBuffer=36064 readBuffer=36064 drawStatus=8cd5
[02Oct2026 17:50:27.489] [Render thread/INFO] [SuperResolution/]: SR_DIAG AFTER_PASS:composite1 fbo=14 attachment=8ce0 texture=48 mip=0 size=854x480 internalFormat=8c3a
[02Oct2026 17:50:27.489] [Render thread/INFO] [SuperResolution/]: SR_DIAG BEFORE_PASS:composite3 render=( 5.020E+2  2.820E+2) display=( 8.540E+2  4.800E+2) region-1=( 5.020E+2  2.820E+2) region-2=( 8.540E+2  4.800E+2) viewport=[0,0,854,480] scissor=[0,128,854,256]/false drawFbo=14 readFbo=14 drawBuffer=36064 readBuffer=36064 drawStatus=8cd5
[02Oct2026 17:50:27.489] [Render thread/INFO] [SuperResolution/]: SR_DIAG BEFORE_PASS:composite3 fbo=14 attachment=8ce0 texture=48 mip=0 size=854x480 internalFormat=8c3a
[02Oct2026 17:50:27.489] [Render thread/INFO] [SuperResolution/]: SR_DIAG AFTER_PASS:composite3 render=( 5.020E+2  2.820E+2) display=( 8.540E+2  4.800E+2) region-1=( 5.020E+2  2.820E+2) region-2=( 8.540E+2  4.800E+2) viewport=[0,0,854,480] scissor=[0,128,854,256]/false drawFbo=15 readFbo=15 drawBuffer=36064 readBuffer=36064 drawStatus=8cd5
[02Oct2026 17:50:27.489] [Render thread/INFO] [SuperResolution/]: SR_DIAG AFTER_PASS:composite3 fbo=15 attachment=8ce0 texture=49 mip=0 size=854x480 internalFormat=8c3a
[02Oct2026 17:50:27.490] [Render thread/INFO] [SuperResolution/]: SR_DIAG BEFORE_PASS:composite4 render=( 5.020E+2  2.820E+2) display=( 8.540E+2  4.800E+2) region-1=( 5.020E+2  2.820E+2) region-2=( 8.540E+2  4.800E+2) viewport=[0,0,854,480] scissor=[0,128,854,256]/false drawFbo=15 readFbo=15 drawBuffer=36064 readBuffer=36064 drawStatus=8cd5
[02Oct2026 17:50:27.490] [Render thread/INFO] [SuperResolution/]: SR_DIAG BEFORE_PASS:composite4 fbo=15 attachment=8ce0 texture=49 mip=0 size=854x480 internalFormat=8c3a
[02Oct2026 17:50:27.490] [Render thread/INFO] [SuperResolution/]: SR_DIAG AFTER_PASS:composite4 render=( 5.020E+2  2.820E+2) display=( 8.540E+2  4.800E+2) region-1=( 5.020E+2  2.820E+2) region-2=( 8.540E+2  4.800E+2) viewport=[0,0,854,480] scissor=[0,128,854,256]/false drawFbo=16 readFbo=16 drawBuffer=36064 readBuffer=36064 drawStatus=8cd5
[02Oct2026 17:50:27.490] [Render thread/INFO] [SuperResolution/]: SR_DIAG AFTER_PASS:composite4 fbo=16 attachment=8ce0 texture=64 mip=0 size=854x480 internalFormat=881a
[02Oct2026 17:50:27.490] [Render thread/INFO] [SuperResolution/]: SR_DIAG BEFORE_PASS:composite5 render=( 5.020E+2  2.820E+2) display=( 8.540E+2  4.800E+2) region-1=( 5.020E+2  2.820E+2) region-2=( 8.540E+2  4.800E+2) viewport=[0,0,854,480] scissor=[0,128,854,256]/false drawFbo=16 readFbo=16 drawBuffer=36064 readBuffer=36064 drawStatus=8cd5
[02Oct2026 17:50:27.490] [Render thread/INFO] [SuperResolution/]: SR_DIAG BEFORE_PASS:composite5 fbo=16 attachment=8ce0 texture=64 mip=0 size=854x480 internalFormat=881a
[02Oct2026 17:50:27.490] [Render thread/INFO] [SuperResolution/]: SR_DIAG AFTER_PASS:composite5 render=( 5.020E+2  2.820E+2) display=( 8.540E+2  4.800E+2) region-1=( 5.020E+2  2.820E+2) region-2=( 8.540E+2  4.800E+2) viewport=[0,0,854,480] scissor=[0,128,854,256]/false drawFbo=17 readFbo=17 drawBuffer=36064 readBuffer=36064 drawStatus=8cd5
[02Oct2026 17:50:27.490] [Render thread/INFO] [SuperResolution/]: SR_DIAG AFTER_PASS:composite5 fbo=17 attachment=8ce0 texture=63 mip=0 size=854x480 internalFormat=881a
[02Oct2026 17:50:27.490] [Render thread/INFO] [SuperResolution/]: SR_DIAG BEFORE_PASS:composite6 render=( 5.020E+2  2.820E+2) display=( 8.540E+2  4.800E+2) region-1=( 5.020E+2  2.820E+2) region-2=( 8.540E+2  4.800E+2) viewport=[0,0,854,480] scissor=[0,128,854,256]/false drawFbo=17 readFbo=17 drawBuffer=36064 readBuffer=36064 drawStatus=8cd5
[02Oct2026 17:50:27.490] [Render thread/INFO] [SuperResolution/]: SR_DIAG BEFORE_PASS:composite6 fbo=17 attachment=8ce0 texture=63 mip=0 size=854x480 internalFormat=881a
[02Oct2026 17:50:27.490] [Render thread/INFO] [SuperResolution/]: SR_DIAG AFTER_PASS:composite6 render=( 5.020E+2  2.820E+2) display=( 8.540E+2  4.800E+2) region-1=( 5.020E+2  2.820E+2) region-2=( 8.540E+2  4.800E+2) viewport=[0,0,854,480] scissor=[0,128,854,256]/false drawFbo=18 readFbo=18 drawBuffer=36064 readBuffer=36064 drawStatus=8cd5
[02Oct2026 17:50:27.491] [Render thread/INFO] [SuperResolution/]: SR_DIAG AFTER_PASS:composite6 fbo=18 attachment=8ce0 texture=64 mip=0 size=854x480 internalFormat=881a
[02Oct2026 17:50:27.491] [Render thread/INFO] [SuperResolution/]: SR_DIAG BEFORE_PASS:composite7 render=( 5.020E+2  2.820E+2) display=( 8.540E+2  4.800E+2) region-1=( 5.020E+2  2.820E+2) region-2=( 8.540E+2  4.800E+2) viewport=[0,0,854,480] scissor=[0,128,854,256]/false drawFbo=18 readFbo=18 drawBuffer=36064 readBuffer=36064 drawStatus=8cd5
[02Oct2026 17:50:27.491] [Render thread/INFO] [SuperResolution/]: SR_DIAG BEFORE_PASS:composite7 fbo=18 attachment=8ce0 texture=64 mip=0 size=854x480 internalFormat=881a
[02Oct2026 17:50:27.491] [Render thread/INFO] [SuperResolution/]: SR_DIAG BEFORE_SR render=( 5.020E+2  2.820E+2) display=( 8.540E+2  4.800E+2) region-1=( 5.020E+2  2.820E+2) region-2=( 8.540E+2  4.800E+2) viewport=[0,0,854,480] scissor=[0,128,854,256]/false drawFbo=18 readFbo=18 drawBuffer=36064 readBuffer=36064 drawStatus=8cd5
[02Oct2026 17:50:27.491] [Render thread/INFO] [SuperResolution/]: SR_DIAG BEFORE_SR fbo=18 attachment=8ce0 texture=64 mip=0 size=854x480 internalFormat=881a
[02Oct2026 17:50:27.491] [Render thread/INFO] [SuperResolution/]: SR_DIAG texture color id=64 size=854x480 format=RGBA16F target/type=Texture2D glInternalFormat=881a
[02Oct2026 17:50:27.491] [Render thread/INFO] [SuperResolution/]: SR_DIAG texture depth id=3 size=854x480 format=DEPTH24 target/type=Texture2D glInternalFormat=1902
[02Oct2026 17:50:27.491] [Render thread/INFO] [SuperResolution/]: SR_DIAG depth depth id=3 bits=24 componentType=8c17
[02Oct2026 17:50:27.491] [Render thread/INFO] [SuperResolution/]: SR_DIAG texture motion_vectors id=83 size=854x480 format=RGBA16F target/type=Texture2D glInternalFormat=881a
[02Oct2026 17:50:27.491] [Render thread/INFO] [SuperResolution/]: SR_DIAG texture algorithm_color id=92 size=502x282 format=RGBA16F target/type=Texture2D glInternalFormat=881a
[02Oct2026 17:50:27.491] [Render thread/INFO] [SuperResolution/]: SR_DIAG texture algorithm_depth id=94 size=502x282 format=DEPTH24 target/type=Texture2D glInternalFormat=81a6
[02Oct2026 17:50:27.491] [Render thread/INFO] [SuperResolution/]: SR_DIAG depth algorithm_depth id=94 bits=24 componentType=8c17
[02Oct2026 17:50:27.491] [Render thread/INFO] [SuperResolution/]: SR_DIAG texture algorithm_motion_vectors id=95 size=502x282 format=RGBA16F target/type=Texture2D glInternalFormat=881a
[02Oct2026 17:50:27.604] [Render thread/INFO] [SuperResolution/]: SR_DIAG texture SR_output id=85 size=854x480 format=RGBA16F target/type=Texture2D glInternalFormat=881a
[02Oct2026 17:50:27.604] [Render thread/INFO] [SuperResolution/]: SR_DIAG texture autotex3/output_target id=64 size=854x480 format=RGBA16F target/type=Texture2D glInternalFormat=881a
[02Oct2026 17:50:27.604] [Render thread/INFO] [SuperResolution/]: SR_DIAG AFTER_SR render=( 5.020E+2  2.820E+2) display=( 8.540E+2  4.800E+2) region-1=( 5.020E+2  2.820E+2) region-2=( 8.540E+2  4.800E+2) viewport=[0,0,854,480] scissor=[0,128,854,256]/false drawFbo=18 readFbo=18 drawBuffer=36064 readBuffer=36064 drawStatus=8cd5
[02Oct2026 17:50:27.604] [Render thread/INFO] [SuperResolution/]: SR_DIAG AFTER_SR fbo=18 attachment=8ce0 texture=64 mip=0 size=854x480 internalFormat=881a
[02Oct2026 17:50:27.604] [Render thread/INFO] [SuperResolution/]: SR_DIAG AFTER_PASS:composite7 render=( 5.020E+2  2.820E+2) display=( 8.540E+2  4.800E+2) region-1=( 5.020E+2  2.820E+2) region-2=( 8.540E+2  4.800E+2) viewport=[0,0,854,480] scissor=[0,128,854,256]/false drawFbo=19 readFbo=19 drawBuffer=36064 readBuffer=36064 drawStatus=8cd5
[02Oct2026 17:50:27.604] [Render thread/INFO] [SuperResolution/]: SR_DIAG AFTER_PASS:composite7 fbo=19 attachment=8ce0 texture=63 mip=0 size=854x480 internalFormat=881a
[02Oct2026 17:50:27.605] [Render thread/INFO] [SuperResolution/]: SR_DIAG FINAL_PIPELINE render=( 5.020E+2  2.820E+2) display=( 8.540E+2  4.800E+2) region-1=( 5.020E+2  2.820E+2) region-2=( 8.540E+2  4.800E+2) viewport=[0,0,854,480] scissor=[0,128,854,256]/false drawFbo=1 readFbo=1 drawBuffer=36064 readBuffer=36064 drawStatus=8cd5
[02Oct2026 17:50:27.605] [Render thread/INFO] [SuperResolution/]: SR_DIAG FINAL_PIPELINE fbo=1 attachment=8ce0 texture=2 mip=0 size=854x480 internalFormat=8058
[02Oct2026 17:50:27.605] [Render thread/INFO] [SuperResolution/]: SR_DIAG FINAL_PIPELINE fbo=1 attachment=8d00 texture=3 mip=0 size=854x480 internalFormat=1902
[02Oct2026 17:50:37.494] [Render thread/INFO] [SuperResolution/]: SR_DIAG BEFORE_PASS:deferred1 render=( 5.020E+2  2.820E+2) display=( 8.540E+2  4.800E+2) region-1=( 5.020E+2  2.820E+2) region-2=( 8.540E+2  4.800E+2) viewport=[0,0,854,480] scissor=[0,128,854,256]/false drawFbo=1 readFbo=1 drawBuffer=36064 readBuffer=36064 drawStatus=8cd5
[02Oct2026 17:50:37.495] [Render thread/INFO] [SuperResolution/]: SR_DIAG BEFORE_PASS:deferred1 fbo=1 attachment=8ce0 texture=2 mip=0 size=854x480 internalFormat=8058
[02Oct2026 17:50:37.495] [Render thread/INFO] [SuperResolution/]: SR_DIAG BEFORE_PASS:deferred1 fbo=1 attachment=8d00 texture=3 mip=0 size=854x480 internalFormat=1902
[02Oct2026 17:50:37.495] [Render thread/INFO] [SuperResolution/]: SR_DIAG AFTER_PASS:deferred1 render=( 5.020E+2  2.820E+2) display=( 8.540E+2  4.800E+2) region-1=( 5.020E+2  2.820E+2) region-2=( 8.540E+2  4.800E+2) viewport=[0,0,854,480] scissor=[0,128,854,256]/false drawFbo=12 readFbo=12 drawBuffer=36064 readBuffer=36064 drawStatus=8cd5
[02Oct2026 17:50:37.495] [Render thread/INFO] [SuperResolution/]: SR_DIAG AFTER_PASS:deferred1 fbo=12 attachment=8ce0 texture=49 mip=0 size=854x480 internalFormat=8c3a
[02Oct2026 17:50:37.495] [Render thread/INFO] [SuperResolution/]: SR_DIAG BEFORE_PASS:composite render=( 5.020E+2  2.820E+2) display=( 8.540E+2  4.800E+2) region-1=( 5.020E+2  2.820E+2) region-2=( 8.540E+2  4.800E+2) viewport=[0,0,854,480] scissor=[0,128,854,256]/false drawFbo=1 readFbo=1 drawBuffer=36064 readBuffer=36064 drawStatus=8cd5
[02Oct2026 17:50:37.495] [Render thread/INFO] [SuperResolution/]: SR_DIAG BEFORE_PASS:composite fbo=1 attachment=8ce0 texture=2 mip=0 size=854x480 internalFormat=8058
[02Oct2026 17:50:37.495] [Render thread/INFO] [SuperResolution/]: SR_DIAG BEFORE_PASS:composite fbo=1 attachment=8d00 texture=3 mip=0 size=854x480 internalFormat=1902
[02Oct2026 17:50:37.495] [Render thread/INFO] [SuperResolution/]: SR_DIAG AFTER_PASS:composite render=( 5.020E+2  2.820E+2) display=( 8.540E+2  4.800E+2) region-1=( 5.020E+2  2.820E+2) region-2=( 8.540E+2  4.800E+2) viewport=[0,0,427,240] scissor=[0,128,854,256]/false drawFbo=13 readFbo=13 drawBuffer=36064 readBuffer=36064 drawStatus=8cd5
[02Oct2026 17:50:37.495] [Render thread/INFO] [SuperResolution/]: SR_DIAG AFTER_PASS:composite fbo=13 attachment=8ce0 texture=77 mip=0 size=427x240 internalFormat=881a
[02Oct2026 17:50:37.496] [Render thread/INFO] [SuperResolution/]: SR_DIAG BEFORE_PASS:composite1 render=( 5.020E+2  2.820E+2) display=( 8.540E+2  4.800E+2) region-1=( 5.020E+2  2.820E+2) region-2=( 8.540E+2  4.800E+2) viewport=[0,0,427,240] scissor=[0,128,854,256]/false drawFbo=13 readFbo=13 drawBuffer=36064 readBuffer=36064 drawStatus=8cd5
[02Oct2026 17:50:37.496] [Render thread/INFO] [SuperResolution/]: SR_DIAG BEFORE_PASS:composite1 fbo=13 attachment=8ce0 texture=77 mip=0 size=427x240 internalFormat=881a
[02Oct2026 17:50:37.496] [Render thread/INFO] [SuperResolution/]: SR_DIAG AFTER_PASS:composite1 render=( 5.020E+2  2.820E+2) display=( 8.540E+2  4.800E+2) region-1=( 5.020E+2  2.820E+2) region-2=( 8.540E+2  4.800E+2) viewport=[0,0,854,480] scissor=[0,128,854,256]/false drawFbo=14 readFbo=14 drawBuffer=36064 readBuffer=36064 drawStatus=8cd5
[02Oct2026 17:50:37.496] [Render thread/INFO] [SuperResolution/]: SR_DIAG AFTER_PASS:composite1 fbo=14 attachment=8ce0 texture=48 mip=0 size=854x480 internalFormat=8c3a
[02Oct2026 17:50:37.496] [Render thread/INFO] [SuperResolution/]: SR_DIAG BEFORE_PASS:composite3 render=( 5.020E+2  2.820E+2) display=( 8.540E+2  4.800E+2) region-1=( 5.020E+2  2.820E+2) region-2=( 8.540E+2  4.800E+2) viewport=[0,0,854,480] scissor=[0,128,854,256]/false drawFbo=14 readFbo=14 drawBuffer=36064 readBuffer=36064 drawStatus=8cd5
[02Oct2026 17:50:37.496] [Render thread/INFO] [SuperResolution/]: SR_DIAG BEFORE_PASS:composite3 fbo=14 attachment=8ce0 texture=48 mip=0 size=854x480 internalFormat=8c3a
[02Oct2026 17:50:37.496] [Render thread/INFO] [SuperResolution/]: SR_DIAG AFTER_PASS:composite3 render=( 5.020E+2  2.820E+2) display=( 8.540E+2  4.800E+2) region-1=( 5.020E+2  2.820E+2) region-2=( 8.540E+2  4.800E+2) viewport=[0,0,854,480] scissor=[0,128,854,256]/false drawFbo=15 readFbo=15 drawBuffer=36064 readBuffer=36064 drawStatus=8cd5
[02Oct2026 17:50:37.496] [Render thread/INFO] [SuperResolution/]: SR_DIAG AFTER_PASS:composite3 fbo=15 attachment=8ce0 texture=49 mip=0 size=854x480 internalFormat=8c3a
[02Oct2026 17:50:37.496] [Render thread/INFO] [SuperResolution/]: SR_DIAG BEFORE_PASS:composite4 render=( 5.020E+2  2.820E+2) display=( 8.540E+2  4.800E+2) region-1=( 5.020E+2  2.820E+2) region-2=( 8.540E+2  4.800E+2) viewport=[0,0,854,480] scissor=[0,128,854,256]/false drawFbo=15 readFbo=15 drawBuffer=36064 readBuffer=36064 drawStatus=8cd5
[02Oct2026 17:50:37.496] [Render thread/INFO] [SuperResolution/]: SR_DIAG BEFORE_PASS:composite4 fbo=15 attachment=8ce0 texture=49 mip=0 size=854x480 internalFormat=8c3a
[02Oct2026 17:50:37.497] [Render thread/INFO] [SuperResolution/]: SR_DIAG AFTER_PASS:composite4 render=( 5.020E+2  2.820E+2) display=( 8.540E+2  4.800E+2) region-1=( 5.020E+2  2.820E+2) region-2=( 8.540E+2  4.800E+2) viewport=[0,0,854,480] scissor=[0,128,854,256]/false drawFbo=16 readFbo=16 drawBuffer=36064 readBuffer=36064 drawStatus=8cd5
[02Oct2026 17:50:37.497] [Render thread/INFO] [SuperResolution/]: SR_DIAG AFTER_PASS:composite4 fbo=16 attachment=8ce0 texture=64 mip=0 size=854x480 internalFormat=881a
[02Oct2026 17:50:37.497] [Render thread/INFO] [SuperResolution/]: SR_DIAG BEFORE_PASS:composite5 render=( 5.020E+2  2.820E+2) display=( 8.540E+2  4.800E+2) region-1=( 5.020E+2  2.820E+2) region-2=( 8.540E+2  4.800E+2) viewport=[0,0,854,480] scissor=[0,128,854,256]/false drawFbo=16 readFbo=16 drawBuffer=36064 readBuffer=36064 drawStatus=8cd5
[02Oct2026 17:50:37.497] [Render thread/INFO] [SuperResolution/]: SR_DIAG BEFORE_PASS:composite5 fbo=16 attachment=8ce0 texture=64 mip=0 size=854x480 internalFormat=881a
[02Oct2026 17:50:37.497] [Render thread/INFO] [SuperResolution/]: SR_DIAG AFTER_PASS:composite5 render=( 5.020E+2  2.820E+2) display=( 8.540E+2  4.800E+2) region-1=( 5.020E+2  2.820E+2) region-2=( 8.540E+2  4.800E+2) viewport=[0,0,854,480] scissor=[0,128,854,256]/false drawFbo=17 readFbo=17 drawBuffer=36064 readBuffer=36064 drawStatus=8cd5
[02Oct2026 17:50:37.497] [Render thread/INFO] [SuperResolution/]: SR_DIAG AFTER_PASS:composite5 fbo=17 attachment=8ce0 texture=63 mip=0 size=854x480 internalFormat=881a
[02Oct2026 17:50:37.497] [Render thread/INFO] [SuperResolution/]: SR_DIAG BEFORE_PASS:composite6 render=( 5.020E+2  2.820E+2) display=( 8.540E+2  4.800E+2) region-1=( 5.020E+2  2.820E+2) region-2=( 8.540E+2  4.800E+2) viewport=[0,0,854,480] scissor=[0,128,854,256]/false drawFbo=17 readFbo=17 drawBuffer=36064 readBuffer=36064 drawStatus=8cd5
[02Oct2026 17:50:37.497] [Render thread/INFO] [SuperResolution/]: SR_DIAG BEFORE_PASS:composite6 fbo=17 attachment=8ce0 texture=63 mip=0 size=854x480 internalFormat=881a
[02Oct2026 17:50:37.497] [Render thread/INFO] [SuperResolution/]: SR_DIAG AFTER_PASS:composite6 render=( 5.020E+2  2.820E+2) display=( 8.540E+2  4.800E+2) region-1=( 5.020E+2  2.820E+2) region-2=( 8.540E+2  4.800E+2) viewport=[0,0,854,480] scissor=[0,128,854,256]/false drawFbo=18 readFbo=18 drawBuffer=36064 readBuffer=36064 drawStatus=8cd5
[02Oct2026 17:50:37.497] [Render thread/INFO] [SuperResolution/]: SR_DIAG AFTER_PASS:composite6 fbo=18 attachment=8ce0 texture=64 mip=0 size=854x480 internalFormat=881a
[02Oct2026 17:50:37.497] [Render thread/INFO] [SuperResolution/]: SR_DIAG BEFORE_PASS:composite7 render=( 5.020E+2  2.820E+2) display=( 8.540E+2  4.800E+2) region-1=( 5.020E+2  2.820E+2) region-2=( 8.540E+2  4.800E+2) viewport=[0,0,854,480] scissor=[0,128,854,256]/false drawFbo=18 readFbo=18 drawBuffer=36064 readBuffer=36064 drawStatus=8cd5
[02Oct2026 17:50:37.497] [Render thread/INFO] [SuperResolution/]: SR_DIAG BEFORE_PASS:composite7 fbo=18 attachment=8ce0 texture=64 mip=0 size=854x480 internalFormat=881a
[02Oct2026 17:50:37.497] [Render thread/INFO] [SuperResolution/]: SR_DIAG BEFORE_SR render=( 5.020E+2  2.820E+2) display=( 8.540E+2  4.800E+2) region-1=( 5.020E+2  2.820E+2) region-2=( 8.540E+2  4.800E+2) viewport=[0,0,854,480] scissor=[0,128,854,256]/false drawFbo=18 readFbo=18 drawBuffer=36064 readBuffer=36064 drawStatus=8cd5
[02Oct2026 17:50:37.497] [Render thread/INFO] [SuperResolution/]: SR_DIAG BEFORE_SR fbo=18 attachment=8ce0 texture=64 mip=0 size=854x480 internalFormat=881a
[02Oct2026 17:50:37.497] [Render thread/INFO] [SuperResolution/]: SR_DIAG texture color id=64 size=854x480 format=RGBA16F target/type=Texture2D glInternalFormat=881a
[02Oct2026 17:50:37.497] [Render thread/INFO] [SuperResolution/]: SR_DIAG texture depth id=3 size=854x480 format=DEPTH24 target/type=Texture2D glInternalFormat=1902
[02Oct2026 17:50:37.498] [Render thread/INFO] [SuperResolution/]: SR_DIAG depth depth id=3 bits=24 componentType=8c17
[02Oct2026 17:50:37.498] [Render thread/INFO] [SuperResolution/]: SR_DIAG texture motion_vectors id=83 size=854x480 format=RGBA16F target/type=Texture2D glInternalFormat=881a
[02Oct2026 17:50:37.498] [Render thread/INFO] [SuperResolution/]: SR_DIAG texture algorithm_color id=92 size=502x282 format=RGBA16F target/type=Texture2D glInternalFormat=881a
[02Oct2026 17:50:37.498] [Render thread/INFO] [SuperResolution/]: SR_DIAG texture algorithm_depth id=94 size=502x282 format=DEPTH24 target/type=Texture2D glInternalFormat=81a6
[02Oct2026 17:50:37.498] [Render thread/INFO] [SuperResolution/]: SR_DIAG depth algorithm_depth id=94 bits=24 componentType=8c17
[02Oct2026 17:50:37.498] [Render thread/INFO] [SuperResolution/]: SR_DIAG texture algorithm_motion_vectors id=95 size=502x282 format=RGBA16F target/type=Texture2D glInternalFormat=881a
[02Oct2026 17:50:37.611] [Render thread/INFO] [SuperResolution/]: SR_DIAG texture SR_output id=85 size=854x480 format=RGBA16F target/type=Texture2D glInternalFormat=881a
[02Oct2026 17:50:37.611] [Render thread/INFO] [SuperResolution/]: SR_DIAG texture autotex3/output_target id=64 size=854x480 format=RGBA16F target/type=Texture2D glInternalFormat=881a
[02Oct2026 17:50:37.611] [Render thread/INFO] [SuperResolution/]: SR_DIAG AFTER_SR render=( 5.020E+2  2.820E+2) display=( 8.540E+2  4.800E+2) region-1=( 5.020E+2  2.820E+2) region-2=( 8.540E+2  4.800E+2) viewport=[0,0,854,480] scissor=[0,128,854,256]/false drawFbo=18 readFbo=18 drawBuffer=36064 readBuffer=36064 drawStatus=8cd5
[02Oct2026 17:50:37.611] [Render thread/INFO] [SuperResolution/]: SR_DIAG AFTER_SR fbo=18 attachment=8ce0 texture=64 mip=0 size=854x480 internalFormat=881a
[02Oct2026 17:50:37.611] [Render thread/INFO] [SuperResolution/]: SR_DIAG AFTER_PASS:composite7 render=( 5.020E+2  2.820E+2) display=( 8.540E+2  4.800E+2) region-1=( 5.020E+2  2.820E+2) region-2=( 8.540E+2  4.800E+2) viewport=[0,0,854,480] scissor=[0,128,854,256]/false drawFbo=19 readFbo=19 drawBuffer=36064 readBuffer=36064 drawStatus=8cd5
[02Oct2026 17:50:37.611] [Render thread/INFO] [SuperResolution/]: SR_DIAG AFTER_PASS:composite7 fbo=19 attachment=8ce0 texture=63 mip=0 size=854x480 internalFormat=881a
[02Oct2026 17:50:37.612] [Render thread/INFO] [SuperResolution/]: SR_DIAG FINAL_PIPELINE render=( 5.020E+2  2.820E+2) display=( 8.540E+2  4.800E+2) region-1=( 5.020E+2  2.820E+2) region-2=( 8.540E+2  4.800E+2) viewport=[0,0,854,480] scissor=[0,128,854,256]/false drawFbo=1 readFbo=1 drawBuffer=36064 readBuffer=36064 drawStatus=8cd5
[02Oct2026 17:50:37.612] [Render thread/INFO] [SuperResolution/]: SR_DIAG FINAL_PIPELINE fbo=1 attachment=8ce0 texture=2 mip=0 size=854x480 internalFormat=8058
[02Oct2026 17:50:37.612] [Render thread/INFO] [SuperResolution/]: SR_DIAG FINAL_PIPELINE fbo=1 attachment=8d00 texture=3 mip=0 size=854x480 internalFormat=1902
[02Oct2026 17:50:47.499] [Render thread/INFO] [SuperResolution/]: SR_DIAG BEFORE_PASS:deferred1 render=( 5.020E+2  2.820E+2) display=( 8.540E+2  4.800E+2) region-1=( 5.020E+2  2.820E+2) region-2=( 8.540E+2  4.800E+2) viewport=[0,0,854,480] scissor=[0,128,854,256]/false drawFbo=1 readFbo=1 drawBuffer=36064 readBuffer=36064 drawStatus=8cd5
[02Oct2026 17:50:47.499] [Render thread/INFO] [SuperResolution/]: SR_DIAG BEFORE_PASS:deferred1 fbo=1 attachment=8ce0 texture=2 mip=0 size=854x480 internalFormat=8058
[02Oct2026 17:50:47.499] [Render thread/INFO] [SuperResolution/]: SR_DIAG BEFORE_PASS:deferred1 fbo=1 attachment=8d00 texture=3 mip=0 size=854x480 internalFormat=1902
[02Oct2026 17:50:47.499] [Render thread/INFO] [SuperResolution/]: SR_DIAG AFTER_PASS:deferred1 render=( 5.020E+2  2.820E+2) display=( 8.540E+2  4.800E+2) region-1=( 5.020E+2  2.820E+2) region-2=( 8.540E+2  4.800E+2) viewport=[0,0,854,480] scissor=[0,128,854,256]/false drawFbo=12 readFbo=12 drawBuffer=36064 readBuffer=36064 drawStatus=8cd5
[02Oct2026 17:50:47.499] [Render thread/INFO] [SuperResolution/]: SR_DIAG AFTER_PASS:deferred1 fbo=12 attachment=8ce0 texture=49 mip=0 size=854x480 internalFormat=8c3a
[02Oct2026 17:50:47.499] [Render thread/INFO] [SuperResolution/]: SR_DIAG BEFORE_PASS:composite render=( 5.020E+2  2.820E+2) display=( 8.540E+2  4.800E+2) region-1=( 5.020E+2  2.820E+2) region-2=( 8.540E+2  4.800E+2) viewport=[0,0,854,480] scissor=[0,128,854,256]/false drawFbo=1 readFbo=1 drawBuffer=36064 readBuffer=36064 drawStatus=8cd5
[02Oct2026 17:50:47.499] [Render thread/INFO] [SuperResolution/]: SR_DIAG BEFORE_PASS:composite fbo=1 attachment=8ce0 texture=2 mip=0 size=854x480 internalFormat=8058
[02Oct2026 17:50:47.500] [Render thread/INFO] [SuperResolution/]: SR_DIAG BEFORE_PASS:composite fbo=1 attachment=8d00 texture=3 mip=0 size=854x480 internalFormat=1902
[02Oct2026 17:50:47.500] [Render thread/INFO] [SuperResolution/]: SR_DIAG AFTER_PASS:composite render=( 5.020E+2  2.820E+2) display=( 8.540E+2  4.800E+2) region-1=( 5.020E+2  2.820E+2) region-2=( 8.540E+2  4.800E+2) viewport=[0,0,427,240] scissor=[0,128,854,256]/false drawFbo=13 readFbo=13 drawBuffer=36064 readBuffer=36064 drawStatus=8cd5
[02Oct2026 17:50:47.500] [Render thread/INFO] [SuperResolution/]: SR_DIAG AFTER_PASS:composite fbo=13 attachment=8ce0 texture=77 mip=0 size=427x240 internalFormat=881a
[02Oct2026 17:50:47.500] [Render thread/INFO] [SuperResolution/]: SR_DIAG BEFORE_PASS:composite1 render=( 5.020E+2  2.820E+2) display=( 8.540E+2  4.800E+2) region-1=( 5.020E+2  2.820E+2) region-2=( 8.540E+2  4.800E+2) viewport=[0,0,427,240] scissor=[0,128,854,256]/false drawFbo=13 readFbo=13 drawBuffer=36064 readBuffer=36064 drawStatus=8cd5
[02Oct2026 17:50:47.500] [Render thread/INFO] [SuperResolution/]: SR_DIAG BEFORE_PASS:composite1 fbo=13 attachment=8ce0 texture=77 mip=0 size=427x240 internalFormat=881a
[02Oct2026 17:50:47.500] [Render thread/INFO] [SuperResolution/]: SR_DIAG AFTER_PASS:composite1 render=( 5.020E+2  2.820E+2) display=( 8.540E+2  4.800E+2) region-1=( 5.020E+2  2.820E+2) region-2=( 8.540E+2  4.800E+2) viewport=[0,0,854,480] scissor=[0,128,854,256]/false drawFbo=14 readFbo=14 drawBuffer=36064 readBuffer=36064 drawStatus=8cd5
[02Oct2026 17:50:47.500] [Render thread/INFO] [SuperResolution/]: SR_DIAG AFTER_PASS:composite1 fbo=14 attachment=8ce0 texture=48 mip=0 size=854x480 internalFormat=8c3a
[02Oct2026 17:50:47.500] [Render thread/INFO] [SuperResolution/]: SR_DIAG BEFORE_PASS:composite3 render=( 5.020E+2  2.820E+2) display=( 8.540E+2  4.800E+2) region-1=( 5.020E+2  2.820E+2) region-2=( 8.540E+2  4.800E+2) viewport=[0,0,854,480] scissor=[0,128,854,256]/false drawFbo=14 readFbo=14 drawBuffer=36064 readBuffer=36064 drawStatus=8cd5
[02Oct2026 17:50:47.500] [Render thread/INFO] [SuperResolution/]: SR_DIAG BEFORE_PASS:composite3 fbo=14 attachment=8ce0 texture=48 mip=0 size=854x480 internalFormat=8c3a
[02Oct2026 17:50:47.500] [Render thread/INFO] [SuperResolution/]: SR_DIAG AFTER_PASS:composite3 render=( 5.020E+2  2.820E+2) display=( 8.540E+2  4.800E+2) region-1=( 5.020E+2  2.820E+2) region-2=( 8.540E+2  4.800E+2) viewport=[0,0,854,480] scissor=[0,128,854,256]/false drawFbo=15 readFbo=15 drawBuffer=36064 readBuffer=36064 drawStatus=8cd5
[02Oct2026 17:50:47.501] [Render thread/INFO] [SuperResolution/]: SR_DIAG AFTER_PASS:composite3 fbo=15 attachment=8ce0 texture=49 mip=0 size=854x480 internalFormat=8c3a
[02Oct2026 17:50:47.501] [Render thread/INFO] [SuperResolution/]: SR_DIAG BEFORE_PASS:composite4 render=( 5.020E+2  2.820E+2) display=( 8.540E+2  4.800E+2) region-1=( 5.020E+2  2.820E+2) region-2=( 8.540E+2  4.800E+2) viewport=[0,0,854,480] scissor=[0,128,854,256]/false drawFbo=15 readFbo=15 drawBuffer=36064 readBuffer=36064 drawStatus=8cd5
[02Oct2026 17:50:47.501] [Render thread/INFO] [SuperResolution/]: SR_DIAG BEFORE_PASS:composite4 fbo=15 attachment=8ce0 texture=49 mip=0 size=854x480 internalFormat=8c3a
[02Oct2026 17:50:47.501] [Render thread/INFO] [SuperResolution/]: SR_DIAG AFTER_PASS:composite4 render=( 5.020E+2  2.820E+2) display=( 8.540E+2  4.800E+2) region-1=( 5.020E+2  2.820E+2) region-2=( 8.540E+2  4.800E+2) viewport=[0,0,854,480] scissor=[0,128,854,256]/false drawFbo=16 readFbo=16 drawBuffer=36064 readBuffer=36064 drawStatus=8cd5
[02Oct2026 17:50:47.501] [Render thread/INFO] [SuperResolution/]: SR_DIAG AFTER_PASS:composite4 fbo=16 attachment=8ce0 texture=64 mip=0 size=854x480 internalFormat=881a
[02Oct2026 17:50:47.501] [Render thread/INFO] [SuperResolution/]: SR_DIAG BEFORE_PASS:composite5 render=( 5.020E+2  2.820E+2) display=( 8.540E+2  4.800E+2) region-1=( 5.020E+2  2.820E+2) region-2=( 8.540E+2  4.800E+2) viewport=[0,0,854,480] scissor=[0,128,854,256]/false drawFbo=16 readFbo=16 drawBuffer=36064 readBuffer=36064 drawStatus=8cd5
[02Oct2026 17:50:47.501] [Render thread/INFO] [SuperResolution/]: SR_DIAG BEFORE_PASS:composite5 fbo=16 attachment=8ce0 texture=64 mip=0 size=854x480 internalFormat=881a
[02Oct2026 17:50:47.501] [Render thread/INFO] [SuperResolution/]: SR_DIAG AFTER_PASS:composite5 render=( 5.020E+2  2.820E+2) display=( 8.540E+2  4.800E+2) region-1=( 5.020E+2  2.820E+2) region-2=( 8.540E+2  4.800E+2) viewport=[0,0,854,480] scissor=[0,128,854,256]/false drawFbo=17 readFbo=17 drawBuffer=36064 readBuffer=36064 drawStatus=8cd5
[02Oct2026 17:50:47.501] [Render thread/INFO] [SuperResolution/]: SR_DIAG AFTER_PASS:composite5 fbo=17 attachment=8ce0 texture=63 mip=0 size=854x480 internalFormat=881a
[02Oct2026 17:50:47.502] [Render thread/INFO] [SuperResolution/]: SR_DIAG BEFORE_PASS:composite6 render=( 5.020E+2  2.820E+2) display=( 8.540E+2  4.800E+2) region-1=( 5.020E+2  2.820E+2) region-2=( 8.540E+2  4.800E+2) viewport=[0,0,854,480] scissor=[0,128,854,256]/false drawFbo=17 readFbo=17 drawBuffer=36064 readBuffer=36064 drawStatus=8cd5
[02Oct2026 17:50:47.502] [Render thread/INFO] [SuperResolution/]: SR_DIAG BEFORE_PASS:composite6 fbo=17 attachment=8ce0 texture=63 mip=0 size=854x480 internalFormat=881a
[02Oct2026 17:50:47.502] [Render thread/INFO] [SuperResolution/]: SR_DIAG AFTER_PASS:composite6 render=( 5.020E+2  2.820E+2) display=( 8.540E+2  4.800E+2) region-1=( 5.020E+2  2.820E+2) region-2=( 8.540E+2  4.800E+2) viewport=[0,0,854,480] scissor=[0,128,854,256]/false drawFbo=18 readFbo=18 drawBuffer=36064 readBuffer=36064 drawStatus=8cd5
[02Oct2026 17:50:47.502] [Render thread/INFO] [SuperResolution/]: SR_DIAG AFTER_PASS:composite6 fbo=18 attachment=8ce0 texture=64 mip=0 size=854x480 internalFormat=881a
[02Oct2026 17:50:47.502] [Render thread/INFO] [SuperResolution/]: SR_DIAG BEFORE_PASS:composite7 render=( 5.020E+2  2.820E+2) display=( 8.540E+2  4.800E+2) region-1=( 5.020E+2  2.820E+2) region-2=( 8.540E+2  4.800E+2) viewport=[0,0,854,480] scissor=[0,128,854,256]/false drawFbo=18 readFbo=18 drawBuffer=36064 readBuffer=36064 drawStatus=8cd5
[02Oct2026 17:50:47.502] [Render thread/INFO] [SuperResolution/]: SR_DIAG BEFORE_PASS:composite7 fbo=18 attachment=8ce0 texture=64 mip=0 size=854x480 internalFormat=881a
[02Oct2026 17:50:47.502] [Render thread/INFO] [SuperResolution/]: SR_DIAG BEFORE_SR render=( 5.020E+2  2.820E+2) display=( 8.540E+2  4.800E+2) region-1=( 5.020E+2  2.820E+2) region-2=( 8.540E+2  4.800E+2) viewport=[0,0,854,480] scissor=[0,128,854,256]/false drawFbo=18 readFbo=18 drawBuffer=36064 readBuffer=36064 drawStatus=8cd5
[02Oct2026 17:50:47.502] [Render thread/INFO] [SuperResolution/]: SR_DIAG BEFORE_SR fbo=18 attachment=8ce0 texture=64 mip=0 size=854x480 internalFormat=881a
[02Oct2026 17:50:47.502] [Render thread/INFO] [SuperResolution/]: SR_DIAG texture color id=64 size=854x480 format=RGBA16F target/type=Texture2D glInternalFormat=881a
[02Oct2026 17:50:47.502] [Render thread/INFO] [SuperResolution/]: SR_DIAG texture depth id=3 size=854x480 format=DEPTH24 target/type=Texture2D glInternalFormat=1902
[02Oct2026 17:50:47.502] [Render thread/INFO] [SuperResolution/]: SR_DIAG depth depth id=3 bits=24 componentType=8c17
[02Oct2026 17:50:47.503] [Render thread/INFO] [SuperResolution/]: SR_DIAG texture motion_vectors id=83 size=854x480 format=RGBA16F target/type=Texture2D glInternalFormat=881a
[02Oct2026 17:50:47.503] [Render thread/INFO] [SuperResolution/]: SR_DIAG texture algorithm_color id=92 size=502x282 format=RGBA16F target/type=Texture2D glInternalFormat=881a
[02Oct2026 17:50:47.503] [Render thread/INFO] [SuperResolution/]: SR_DIAG texture algorithm_depth id=94 size=502x282 format=DEPTH24 target/type=Texture2D glInternalFormat=81a6
[02Oct2026 17:50:47.503] [Render thread/INFO] [SuperResolution/]: SR_DIAG depth algorithm_depth id=94 bits=24 componentType=8c17
[02Oct2026 17:50:47.503] [Render thread/INFO] [SuperResolution/]: SR_DIAG texture algorithm_motion_vectors id=95 size=502x282 format=RGBA16F target/type=Texture2D glInternalFormat=881a
[02Oct2026 17:50:47.674] [Render thread/INFO] [SuperResolution/]: SR_DIAG texture SR_output id=85 size=854x480 format=RGBA16F target/type=Texture2D glInternalFormat=881a
[02Oct2026 17:50:47.674] [Render thread/INFO] [SuperResolution/]: SR_DIAG texture autotex3/output_target id=64 size=854x480 format=RGBA16F target/type=Texture2D glInternalFormat=881a
[02Oct2026 17:50:47.674] [Render thread/INFO] [SuperResolution/]: SR_DIAG AFTER_SR render=( 5.020E+2  2.820E+2) display=( 8.540E+2  4.800E+2) region-1=( 5.020E+2  2.820E+2) region-2=( 8.540E+2  4.800E+2) viewport=[0,0,854,480] scissor=[0,128,854,256]/false drawFbo=18 readFbo=18 drawBuffer=36064 readBuffer=36064 drawStatus=8cd5
[02Oct2026 17:50:47.674] [Render thread/INFO] [SuperResolution/]: SR_DIAG AFTER_SR fbo=18 attachment=8ce0 texture=64 mip=0 size=854x480 internalFormat=881a
[02Oct2026 17:50:47.674] [Render thread/INFO] [SuperResolution/]: SR_DIAG AFTER_PASS:composite7 render=( 5.020E+2  2.820E+2) display=( 8.540E+2  4.800E+2) region-1=( 5.020E+2  2.820E+2) region-2=( 8.540E+2  4.800E+2) viewport=[0,0,854,480] scissor=[0,128,854,256]/false drawFbo=19 readFbo=19 drawBuffer=36064 readBuffer=36064 drawStatus=8cd5
[02Oct2026 17:50:47.676] [Render thread/INFO] [SuperResolution/]: SR_DIAG AFTER_PASS:composite7 fbo=19 attachment=8ce0 texture=63 mip=0 size=854x480 internalFormat=881a
[02Oct2026 17:50:47.676] [Render thread/INFO] [SuperResolution/]: SR_DIAG FINAL_PIPELINE render=( 5.020E+2  2.820E+2) display=( 8.540E+2  4.800E+2) region-1=( 5.020E+2  2.820E+2) region-2=( 8.540E+2  4.800E+2) viewport=[0,0,854,480] scissor=[0,128,854,256]/false drawFbo=1 readFbo=1 drawBuffer=36064 readBuffer=36064 drawStatus=8cd5
[02Oct2026 17:50:47.676] [Render thread/INFO] [SuperResolution/]: SR_DIAG FINAL_PIPELINE fbo=1 attachment=8ce0 texture=2 mip=0 size=854x480 internalFormat=8058
[02Oct2026 17:50:47.676] [Render thread/INFO] [SuperResolution/]: SR_DIAG FINAL_PIPELINE fbo=1 attachment=8d00 texture=3 mip=0 size=854x480 internalFormat=1902
[02Oct2026 17:50:57.500] [Render thread/INFO] [SuperResolution/]: SR_DIAG BEFORE_PASS:deferred1 render=( 5.020E+2  2.820E+2) display=( 8.540E+2  4.800E+2) region-1=( 5.020E+2  2.820E+2) region-2=( 8.540E+2  4.800E+2) viewport=[0,0,854,480] scissor=[0,128,854,256]/false drawFbo=1 readFbo=1 drawBuffer=36064 readBuffer=36064 drawStatus=8cd5
[02Oct2026 17:50:57.500] [Render thread/INFO] [SuperResolution/]: SR_DIAG BEFORE_PASS:deferred1 fbo=1 attachment=8ce0 texture=2 mip=0 size=854x480 internalFormat=8058
[02Oct2026 17:50:57.500] [Render thread/INFO] [SuperResolution/]: SR_DIAG BEFORE_PASS:deferred1 fbo=1 attachment=8d00 texture=3 mip=0 size=854x480 internalFormat=1902
[02Oct2026 17:50:57.501] [Render thread/INFO] [SuperResolution/]: SR_DIAG AFTER_PASS:deferred1 render=( 5.020E+2  2.820E+2) display=( 8.540E+2  4.800E+2) region-1=( 5.020E+2  2.820E+2) region-2=( 8.540E+2  4.800E+2) viewport=[0,0,854,480] scissor=[0,128,854,256]/false drawFbo=12 readFbo=12 drawBuffer=36064 readBuffer=36064 drawStatus=8cd5
[02Oct2026 17:50:57.501] [Render thread/INFO] [SuperResolution/]: SR_DIAG AFTER_PASS:deferred1 fbo=12 attachment=8ce0 texture=49 mip=0 size=854x480 internalFormat=8c3a
[02Oct2026 17:50:57.501] [Render thread/INFO] [SuperResolution/]: SR_DIAG BEFORE_PASS:composite render=( 5.020E+2  2.820E+2) display=( 8.540E+2  4.800E+2) region-1=( 5.020E+2  2.820E+2) region-2=( 8.540E+2  4.800E+2) viewport=[0,0,854,480] scissor=[0,128,854,256]/false drawFbo=1 readFbo=1 drawBuffer=36064 readBuffer=36064 drawStatus=8cd5
[02Oct2026 17:50:57.501] [Render thread/INFO] [SuperResolution/]: SR_DIAG BEFORE_PASS:composite fbo=1 attachment=8ce0 texture=2 mip=0 size=854x480 internalFormat=8058
[02Oct2026 17:50:57.501] [Render thread/INFO] [SuperResolution/]: SR_DIAG BEFORE_PASS:composite fbo=1 attachment=8d00 texture=3 mip=0 size=854x480 internalFormat=1902
[02Oct2026 17:50:57.501] [Render thread/INFO] [SuperResolution/]: SR_DIAG AFTER_PASS:composite render=( 5.020E+2  2.820E+2) display=( 8.540E+2  4.800E+2) region-1=( 5.020E+2  2.820E+2) region-2=( 8.540E+2  4.800E+2) viewport=[0,0,427,240] scissor=[0,128,854,256]/false drawFbo=13 readFbo=13 drawBuffer=36064 readBuffer=36064 drawStatus=8cd5
[02Oct2026 17:50:57.501] [Render thread/INFO] [SuperResolution/]: SR_DIAG AFTER_PASS:composite fbo=13 attachment=8ce0 texture=77 mip=0 size=427x240 internalFormat=881a
[02Oct2026 17:50:57.501] [Render thread/INFO] [SuperResolution/]: SR_DIAG BEFORE_PASS:composite1 render=( 5.020E+2  2.820E+2) display=( 8.540E+2  4.800E+2) region-1=( 5.020E+2  2.820E+2) region-2=( 8.540E+2  4.800E+2) viewport=[0,0,427,240] scissor=[0,128,854,256]/false drawFbo=13 readFbo=13 drawBuffer=36064 readBuffer=36064 drawStatus=8cd5
[02Oct2026 17:50:57.501] [Render thread/INFO] [SuperResolution/]: SR_DIAG BEFORE_PASS:composite1 fbo=13 attachment=8ce0 texture=77 mip=0 size=427x240 internalFormat=881a
[02Oct2026 17:50:57.501] [Render thread/INFO] [SuperResolution/]: SR_DIAG AFTER_PASS:composite1 render=( 5.020E+2  2.820E+2) display=( 8.540E+2  4.800E+2) region-1=( 5.020E+2  2.820E+2) region-2=( 8.540E+2  4.800E+2) viewport=[0,0,854,480] scissor=[0,128,854,256]/false drawFbo=14 readFbo=14 drawBuffer=36064 readBuffer=36064 drawStatus=8cd5
[02Oct2026 17:50:57.501] [Render thread/INFO] [SuperResolution/]: SR_DIAG AFTER_PASS:composite1 fbo=14 attachment=8ce0 texture=48 mip=0 size=854x480 internalFormat=8c3a
[02Oct2026 17:50:57.501] [Render thread/INFO] [SuperResolution/]: SR_DIAG BEFORE_PASS:composite3 render=( 5.020E+2  2.820E+2) display=( 8.540E+2  4.800E+2) region-1=( 5.020E+2  2.820E+2) region-2=( 8.540E+2  4.800E+2) viewport=[0,0,854,480] scissor=[0,128,854,256]/false drawFbo=14 readFbo=14 drawBuffer=36064 readBuffer=36064 drawStatus=8cd5
[02Oct2026 17:50:57.501] [Render thread/INFO] [SuperResolution/]: SR_DIAG BEFORE_PASS:composite3 fbo=14 attachment=8ce0 texture=48 mip=0 size=854x480 internalFormat=8c3a
[02Oct2026 17:50:57.501] [Render thread/INFO] [SuperResolution/]: SR_DIAG AFTER_PASS:composite3 render=( 5.020E+2  2.820E+2) display=( 8.540E+2  4.800E+2) region-1=( 5.020E+2  2.820E+2) region-2=( 8.540E+2  4.800E+2) viewport=[0,0,854,480] scissor=[0,128,854,256]/false drawFbo=15 readFbo=15 drawBuffer=36064 readBuffer=36064 drawStatus=8cd5
[02Oct2026 17:50:57.501] [Render thread/INFO] [SuperResolution/]: SR_DIAG AFTER_PASS:composite3 fbo=15 attachment=8ce0 texture=49 mip=0 size=854x480 internalFormat=8c3a
[02Oct2026 17:50:57.503] [Render thread/INFO] [SuperResolution/]: SR_DIAG BEFORE_PASS:composite4 render=( 5.020E+2  2.820E+2) display=( 8.540E+2  4.800E+2) region-1=( 5.020E+2  2.820E+2) region-2=( 8.540E+2  4.800E+2) viewport=[0,0,854,480] scissor=[0,128,854,256]/false drawFbo=15 readFbo=15 drawBuffer=36064 readBuffer=36064 drawStatus=8cd5
[02Oct2026 17:50:57.503] [Render thread/INFO] [SuperResolution/]: SR_DIAG BEFORE_PASS:composite4 fbo=15 attachment=8ce0 texture=49 mip=0 size=854x480 internalFormat=8c3a
[02Oct2026 17:50:57.503] [Render thread/INFO] [SuperResolution/]: SR_DIAG AFTER_PASS:composite4 render=( 5.020E+2  2.820E+2) display=( 8.540E+2  4.800E+2) region-1=( 5.020E+2  2.820E+2) region-2=( 8.540E+2  4.800E+2) viewport=[0,0,854,480] scissor=[0,128,854,256]/false drawFbo=16 readFbo=16 drawBuffer=36064 readBuffer=36064 drawStatus=8cd5
[02Oct2026 17:50:57.503] [Render thread/INFO] [SuperResolution/]: SR_DIAG AFTER_PASS:composite4 fbo=16 attachment=8ce0 texture=64 mip=0 size=854x480 internalFormat=881a
[02Oct2026 17:50:57.503] [Render thread/INFO] [SuperResolution/]: SR_DIAG BEFORE_PASS:composite5 render=( 5.020E+2  2.820E+2) display=( 8.540E+2  4.800E+2) region-1=( 5.020E+2  2.820E+2) region-2=( 8.540E+2  4.800E+2) viewport=[0,0,854,480] scissor=[0,128,854,256]/false drawFbo=16 readFbo=16 drawBuffer=36064 readBuffer=36064 drawStatus=8cd5
[02Oct2026 17:50:57.503] [Render thread/INFO] [SuperResolution/]: SR_DIAG BEFORE_PASS:composite5 fbo=16 attachment=8ce0 texture=64 mip=0 size=854x480 internalFormat=881a
[02Oct2026 17:50:57.503] [Render thread/INFO] [SuperResolution/]: SR_DIAG AFTER_PASS:composite5 render=( 5.020E+2  2.820E+2) display=( 8.540E+2  4.800E+2) region-1=( 5.020E+2  2.820E+2) region-2=( 8.540E+2  4.800E+2) viewport=[0,0,854,480] scissor=[0,128,854,256]/false drawFbo=17 readFbo=17 drawBuffer=36064 readBuffer=36064 drawStatus=8cd5
[02Oct2026 17:50:57.503] [Render thread/INFO] [SuperResolution/]: SR_DIAG AFTER_PASS:composite5 fbo=17 attachment=8ce0 texture=63 mip=0 size=854x480 internalFormat=881a
[02Oct2026 17:50:57.503] [Render thread/INFO] [SuperResolution/]: SR_DIAG BEFORE_PASS:composite6 render=( 5.020E+2  2.820E+2) display=( 8.540E+2  4.800E+2) region-1=( 5.020E+2  2.820E+2) region-2=( 8.540E+2  4.800E+2) viewport=[0,0,854,480] scissor=[0,128,854,256]/false drawFbo=17 readFbo=17 drawBuffer=36064 readBuffer=36064 drawStatus=8cd5
[02Oct2026 17:50:57.503] [Render thread/INFO] [SuperResolution/]: SR_DIAG BEFORE_PASS:composite6 fbo=17 attachment=8ce0 texture=63 mip=0 size=854x480 internalFormat=881a
[02Oct2026 17:50:57.503] [Render thread/INFO] [SuperResolution/]: SR_DIAG AFTER_PASS:composite6 render=( 5.020E+2  2.820E+2) display=( 8.540E+2  4.800E+2) region-1=( 5.020E+2  2.820E+2) region-2=( 8.540E+2  4.800E+2) viewport=[0,0,854,480] scissor=[0,128,854,256]/false drawFbo=18 readFbo=18 drawBuffer=36064 readBuffer=36064 drawStatus=8cd5
[02Oct2026 17:50:57.503] [Render thread/INFO] [SuperResolution/]: SR_DIAG AFTER_PASS:composite6 fbo=18 attachment=8ce0 texture=64 mip=0 size=854x480 internalFormat=881a
[02Oct2026 17:50:57.503] [Render thread/INFO] [SuperResolution/]: SR_DIAG BEFORE_PASS:composite7 render=( 5.020E+2  2.820E+2) display=( 8.540E+2  4.800E+2) region-1=( 5.020E+2  2.820E+2) region-2=( 8.540E+2  4.800E+2) viewport=[0,0,854,480] scissor=[0,128,854,256]/false drawFbo=18 readFbo=18 drawBuffer=36064 readBuffer=36064 drawStatus=8cd5
[02Oct2026 17:50:57.503] [Render thread/INFO] [SuperResolution/]: SR_DIAG BEFORE_PASS:composite7 fbo=18 attachment=8ce0 texture=64 mip=0 size=854x480 internalFormat=881a
[02Oct2026 17:50:57.503] [Render thread/INFO] [SuperResolution/]: SR_DIAG BEFORE_SR render=( 5.020E+2  2.820E+2) display=( 8.540E+2  4.800E+2) region-1=( 5.020E+2  2.820E+2) region-2=( 8.540E+2  4.800E+2) viewport=[0,0,854,480] scissor=[0,128,854,256]/false drawFbo=18 readFbo=18 drawBuffer=36064 readBuffer=36064 drawStatus=8cd5
[02Oct2026 17:50:57.503] [Render thread/INFO] [SuperResolution/]: SR_DIAG BEFORE_SR fbo=18 attachment=8ce0 texture=64 mip=0 size=854x480 internalFormat=881a
[02Oct2026 17:50:57.503] [Render thread/INFO] [SuperResolution/]: SR_DIAG texture color id=64 size=854x480 format=RGBA16F target/type=Texture2D glInternalFormat=881a
[02Oct2026 17:50:57.503] [Render thread/INFO] [SuperResolution/]: SR_DIAG texture depth id=3 size=854x480 format=DEPTH24 target/type=Texture2D glInternalFormat=1902
[02Oct2026 17:50:57.503] [Render thread/INFO] [SuperResolution/]: SR_DIAG depth depth id=3 bits=24 componentType=8c17
[02Oct2026 17:50:57.503] [Render thread/INFO] [SuperResolution/]: SR_DIAG texture motion_vectors id=83 size=854x480 format=RGBA16F target/type=Texture2D glInternalFormat=881a
[02Oct2026 17:50:57.503] [Render thread/INFO] [SuperResolution/]: SR_DIAG texture algorithm_color id=92 size=502x282 format=RGBA16F target/type=Texture2D glInternalFormat=881a
[02Oct2026 17:50:57.504] [Render thread/INFO] [SuperResolution/]: SR_DIAG texture algorithm_depth id=94 size=502x282 format=DEPTH24 target/type=Texture2D glInternalFormat=81a6
[02Oct2026 17:50:57.504] [Render thread/INFO] [SuperResolution/]: SR_DIAG depth algorithm_depth id=94 bits=24 componentType=8c17
[02Oct2026 17:50:57.504] [Render thread/INFO] [SuperResolution/]: SR_DIAG texture algorithm_motion_vectors id=95 size=502x282 format=RGBA16F target/type=Texture2D glInternalFormat=881a
[02Oct2026 17:50:57.686] [Render thread/INFO] [SuperResolution/]: SR_DIAG texture SR_output id=85 size=854x480 format=RGBA16F target/type=Texture2D glInternalFormat=881a
[02Oct2026 17:50:57.686] [Render thread/INFO] [SuperResolution/]: SR_DIAG texture autotex3/output_target id=64 size=854x480 format=RGBA16F target/type=Texture2D glInternalFormat=881a
[02Oct2026 17:50:57.687] [Render thread/INFO] [SuperResolution/]: SR_DIAG AFTER_SR render=( 5.020E+2  2.820E+2) display=( 8.540E+2  4.800E+2) region-1=( 5.020E+2  2.820E+2) region-2=( 8.540E+2  4.800E+2) viewport=[0,0,854,480] scissor=[0,128,854,256]/false drawFbo=18 readFbo=18 drawBuffer=36064 readBuffer=36064 drawStatus=8cd5
[02Oct2026 17:50:57.687] [Render thread/INFO] [SuperResolution/]: SR_DIAG AFTER_SR fbo=18 attachment=8ce0 texture=64 mip=0 size=854x480 internalFormat=881a
[02Oct2026 17:50:57.687] [Render thread/INFO] [SuperResolution/]: SR_DIAG AFTER_PASS:composite7 render=( 5.020E+2  2.820E+2) display=( 8.540E+2  4.800E+2) region-1=( 5.020E+2  2.820E+2) region-2=( 8.540E+2  4.800E+2) viewport=[0,0,854,480] scissor=[0,128,854,256]/false drawFbo=19 readFbo=19 drawBuffer=36064 readBuffer=36064 drawStatus=8cd5
[02Oct2026 17:50:57.687] [Render thread/INFO] [SuperResolution/]: SR_DIAG AFTER_PASS:composite7 fbo=19 attachment=8ce0 texture=63 mip=0 size=854x480 internalFormat=881a
[02Oct2026 17:50:57.687] [Render thread/INFO] [SuperResolution/]: SR_DIAG FINAL_PIPELINE render=( 5.020E+2  2.820E+2) display=( 8.540E+2  4.800E+2) region-1=( 5.020E+2  2.820E+2) region-2=( 8.540E+2  4.800E+2) viewport=[0,0,854,480] scissor=[0,128,854,256]/false drawFbo=1 readFbo=1 drawBuffer=36064 readBuffer=36064 drawStatus=8cd5
[02Oct2026 17:50:57.687] [Render thread/INFO] [SuperResolution/]: SR_DIAG FINAL_PIPELINE fbo=1 attachment=8ce0 texture=2 mip=0 size=854x480 internalFormat=8058
[02Oct2026 17:50:57.687] [Render thread/INFO] [SuperResolution/]: SR_DIAG FINAL_PIPELINE fbo=1 attachment=8d00 texture=3 mip=0 size=854x480 internalFormat=1902
[02Oct2026 17:50:58.563] [Server thread/INFO] [net.minecraft.client.server.IntegratedServer/]: Saving and pausing game...
[02Oct2026 17:50:58.579] [Server thread/INFO] [net.minecraft.server.MinecraftServer/]: Saving chunks for level 'ServerLevel[New Worldsdfsdf]'/minecraft:overworld
[02Oct2026 17:50:58.595] [Server thread/INFO] [net.minecraft.server.MinecraftServer/]: Saving chunks for level 'ServerLevel[New Worldsdfsdf]'/minecraft:the_end
[02Oct2026 17:50:58.596] [Server thread/INFO] [net.minecraft.server.MinecraftServer/]: Saving chunks for level 'ServerLevel[New Worldsdfsdf]'/minecraft:the_nether
[02Oct2026 17:51:07.508] [Render thread/INFO] [SuperResolution/]: SR_DIAG BEFORE_PASS:deferred1 render=( 5.020E+2  2.820E+2) display=( 8.540E+2  4.800E+2) region-1=( 5.020E+2  2.820E+2) region-2=( 8.540E+2  4.800E+2) viewport=[0,0,854,480] scissor=[0,128,854,256]/false drawFbo=1 readFbo=1 drawBuffer=36064 readBuffer=36064 drawStatus=8cd5
[02Oct2026 17:51:07.509] [Render thread/INFO] [SuperResolution/]: SR_DIAG BEFORE_PASS:deferred1 fbo=1 attachment=8ce0 texture=2 mip=0 size=854x480 internalFormat=8058
[02Oct2026 17:51:07.509] [Render thread/INFO] [SuperResolution/]: SR_DIAG BEFORE_PASS:deferred1 fbo=1 attachment=8d00 texture=3 mip=0 size=854x480 internalFormat=1902
[02Oct2026 17:51:07.509] [Render thread/INFO] [SuperResolution/]: SR_DIAG AFTER_PASS:deferred1 render=( 5.020E+2  2.820E+2) display=( 8.540E+2  4.800E+2) region-1=( 5.020E+2  2.820E+2) region-2=( 8.540E+2  4.800E+2) viewport=[0,0,854,480] scissor=[0,128,854,256]/false drawFbo=12 readFbo=12 drawBuffer=36064 readBuffer=36064 drawStatus=8cd5
[02Oct2026 17:51:07.509] [Render thread/INFO] [SuperResolution/]: SR_DIAG AFTER_PASS:deferred1 fbo=12 attachment=8ce0 texture=49 mip=0 size=854x480 internalFormat=8c3a
[02Oct2026 17:51:07.509] [Render thread/INFO] [SuperResolution/]: SR_DIAG BEFORE_PASS:composite render=( 5.020E+2  2.820E+2) display=( 8.540E+2  4.800E+2) region-1=( 5.020E+2  2.820E+2) region-2=( 8.540E+2  4.800E+2) viewport=[0,0,854,480] scissor=[0,128,854,256]/false drawFbo=1 readFbo=1 drawBuffer=36064 readBuffer=36064 drawStatus=8cd5
[02Oct2026 17:51:07.509] [Render thread/INFO] [SuperResolution/]: SR_DIAG BEFORE_PASS:composite fbo=1 attachment=8ce0 texture=2 mip=0 size=854x480 internalFormat=8058
[02Oct2026 17:51:07.509] [Render thread/INFO] [SuperResolution/]: SR_DIAG BEFORE_PASS:composite fbo=1 attachment=8d00 texture=3 mip=0 size=854x480 internalFormat=1902
[02Oct2026 17:51:07.509] [Render thread/INFO] [SuperResolution/]: SR_DIAG AFTER_PASS:composite render=( 5.020E+2  2.820E+2) display=( 8.540E+2  4.800E+2) region-1=( 5.020E+2  2.820E+2) region-2=( 8.540E+2  4.800E+2) viewport=[0,0,427,240] scissor=[0,128,854,256]/false drawFbo=13 readFbo=13 drawBuffer=36064 readBuffer=36064 drawStatus=8cd5
[02Oct2026 17:51:07.509] [Render thread/INFO] [SuperResolution/]: SR_DIAG AFTER_PASS:composite fbo=13 attachment=8ce0 texture=77 mip=0 size=427x240 internalFormat=881a
[02Oct2026 17:51:07.509] [Render thread/INFO] [SuperResolution/]: SR_DIAG BEFORE_PASS:composite1 render=( 5.020E+2  2.820E+2) display=( 8.540E+2  4.800E+2) region-1=( 5.020E+2  2.820E+2) region-2=( 8.540E+2  4.800E+2) viewport=[0,0,427,240] scissor=[0,128,854,256]/false drawFbo=13 readFbo=13 drawBuffer=36064 readBuffer=36064 drawStatus=8cd5
[02Oct2026 17:51:07.509] [Render thread/INFO] [SuperResolution/]: SR_DIAG BEFORE_PASS:composite1 fbo=13 attachment=8ce0 texture=77 mip=0 size=427x240 internalFormat=881a
[02Oct2026 17:51:07.509] [Render thread/INFO] [SuperResolution/]: SR_DIAG AFTER_PASS:composite1 render=( 5.020E+2  2.820E+2) display=( 8.540E+2  4.800E+2) region-1=( 5.020E+2  2.820E+2) region-2=( 8.540E+2  4.800E+2) viewport=[0,0,854,480] scissor=[0,128,854,256]/false drawFbo=14 readFbo=14 drawBuffer=36064 readBuffer=36064 drawStatus=8cd5
[02Oct2026 17:51:07.509] [Render thread/INFO] [SuperResolution/]: SR_DIAG AFTER_PASS:composite1 fbo=14 attachment=8ce0 texture=48 mip=0 size=854x480 internalFormat=8c3a
[02Oct2026 17:51:07.509] [Render thread/INFO] [SuperResolution/]: SR_DIAG BEFORE_PASS:composite3 render=( 5.020E+2  2.820E+2) display=( 8.540E+2  4.800E+2) region-1=( 5.020E+2  2.820E+2) region-2=( 8.540E+2  4.800E+2) viewport=[0,0,854,480] scissor=[0,128,854,256]/false drawFbo=14 readFbo=14 drawBuffer=36064 readBuffer=36064 drawStatus=8cd5
[02Oct2026 17:51:07.509] [Render thread/INFO] [SuperResolution/]: SR_DIAG BEFORE_PASS:composite3 fbo=14 attachment=8ce0 texture=48 mip=0 size=854x480 internalFormat=8c3a
[02Oct2026 17:51:07.509] [Render thread/INFO] [SuperResolution/]: SR_DIAG AFTER_PASS:composite3 render=( 5.020E+2  2.820E+2) display=( 8.540E+2  4.800E+2) region-1=( 5.020E+2  2.820E+2) region-2=( 8.540E+2  4.800E+2) viewport=[0,0,854,480] scissor=[0,128,854,256]/false drawFbo=15 readFbo=15 drawBuffer=36064 readBuffer=36064 drawStatus=8cd5
[02Oct2026 17:51:07.509] [Render thread/INFO] [SuperResolution/]: SR_DIAG AFTER_PASS:composite3 fbo=15 attachment=8ce0 texture=49 mip=0 size=854x480 internalFormat=8c3a
[02Oct2026 17:51:07.509] [Render thread/INFO] [SuperResolution/]: SR_DIAG BEFORE_PASS:composite4 render=( 5.020E+2  2.820E+2) display=( 8.540E+2  4.800E+2) region-1=( 5.020E+2  2.820E+2) region-2=( 8.540E+2  4.800E+2) viewport=[0,0,854,480] scissor=[0,128,854,256]/false drawFbo=15 readFbo=15 drawBuffer=36064 readBuffer=36064 drawStatus=8cd5
[02Oct2026 17:51:07.509] [Render thread/INFO] [SuperResolution/]: SR_DIAG BEFORE_PASS:composite4 fbo=15 attachment=8ce0 texture=49 mip=0 size=854x480 internalFormat=8c3a
[02Oct2026 17:51:07.509] [Render thread/INFO] [SuperResolution/]: SR_DIAG AFTER_PASS:composite4 render=( 5.020E+2  2.820E+2) display=( 8.540E+2  4.800E+2) region-1=( 5.020E+2  2.820E+2) region-2=( 8.540E+2  4.800E+2) viewport=[0,0,854,480] scissor=[0,128,854,256]/false drawFbo=16 readFbo=16 drawBuffer=36064 readBuffer=36064 drawStatus=8cd5
[02Oct2026 17:51:07.509] [Render thread/INFO] [SuperResolution/]: SR_DIAG AFTER_PASS:composite4 fbo=16 attachment=8ce0 texture=64 mip=0 size=854x480 internalFormat=881a
[02Oct2026 17:51:07.510] [Render thread/INFO] [SuperResolution/]: SR_DIAG BEFORE_PASS:composite5 render=( 5.020E+2  2.820E+2) display=( 8.540E+2  4.800E+2) region-1=( 5.020E+2  2.820E+2) region-2=( 8.540E+2  4.800E+2) viewport=[0,0,854,480] scissor=[0,128,854,256]/false drawFbo=16 readFbo=16 drawBuffer=36064 readBuffer=36064 drawStatus=8cd5
[02Oct2026 17:51:07.510] [Render thread/INFO] [SuperResolution/]: SR_DIAG BEFORE_PASS:composite5 fbo=16 attachment=8ce0 texture=64 mip=0 size=854x480 internalFormat=881a
[02Oct2026 17:51:07.510] [Render thread/INFO] [SuperResolution/]: SR_DIAG AFTER_PASS:composite5 render=( 5.020E+2  2.820E+2) display=( 8.540E+2  4.800E+2) region-1=( 5.020E+2  2.820E+2) region-2=( 8.540E+2  4.800E+2) viewport=[0,0,854,480] scissor=[0,128,854,256]/false drawFbo=17 readFbo=17 drawBuffer=36064 readBuffer=36064 drawStatus=8cd5
[02Oct2026 17:51:07.510] [Render thread/INFO] [SuperResolution/]: SR_DIAG AFTER_PASS:composite5 fbo=17 attachment=8ce0 texture=63 mip=0 size=854x480 internalFormat=881a
[02Oct2026 17:51:07.510] [Render thread/INFO] [SuperResolution/]: SR_DIAG BEFORE_PASS:composite6 render=( 5.020E+2  2.820E+2) display=( 8.540E+2  4.800E+2) region-1=( 5.020E+2  2.820E+2) region-2=( 8.540E+2  4.800E+2) viewport=[0,0,854,480] scissor=[0,128,854,256]/false drawFbo=17 readFbo=17 drawBuffer=36064 readBuffer=36064 drawStatus=8cd5
[02Oct2026 17:51:07.510] [Render thread/INFO] [SuperResolution/]: SR_DIAG BEFORE_PASS:composite6 fbo=17 attachment=8ce0 texture=63 mip=0 size=854x480 internalFormat=881a
[02Oct2026 17:51:07.510] [Render thread/INFO] [SuperResolution/]: SR_DIAG AFTER_PASS:composite6 render=( 5.020E+2  2.820E+2) display=( 8.540E+2  4.800E+2) region-1=( 5.020E+2  2.820E+2) region-2=( 8.540E+2  4.800E+2) viewport=[0,0,854,480] scissor=[0,128,854,256]/false drawFbo=18 readFbo=18 drawBuffer=36064 readBuffer=36064 drawStatus=8cd5
[02Oct2026 17:51:07.510] [Render thread/INFO] [SuperResolution/]: SR_DIAG AFTER_PASS:composite6 fbo=18 attachment=8ce0 texture=64 mip=0 size=854x480 internalFormat=881a
[02Oct2026 17:51:07.510] [Render thread/INFO] [SuperResolution/]: SR_DIAG BEFORE_PASS:composite7 render=( 5.020E+2  2.820E+2) display=( 8.540E+2  4.800E+2) region-1=( 5.020E+2  2.820E+2) region-2=( 8.540E+2  4.800E+2) viewport=[0,0,854,480] scissor=[0,128,854,256]/false drawFbo=18 readFbo=18 drawBuffer=36064 readBuffer=36064 drawStatus=8cd5
[02Oct2026 17:51:07.510] [Render thread/INFO] [SuperResolution/]: SR_DIAG BEFORE_PASS:composite7 fbo=18 attachment=8ce0 texture=64 mip=0 size=854x480 internalFormat=881a
[02Oct2026 17:51:07.510] [Render thread/INFO] [SuperResolution/]: SR_DIAG BEFORE_SR render=( 5.020E+2  2.820E+2) display=( 8.540E+2  4.800E+2) region-1=( 5.020E+2  2.820E+2) region-2=( 8.540E+2  4.800E+2) viewport=[0,0,854,480] scissor=[0,128,854,256]/false drawFbo=18 readFbo=18 drawBuffer=36064 readBuffer=36064 drawStatus=8cd5
[02Oct2026 17:51:07.510] [Render thread/INFO] [SuperResolution/]: SR_DIAG BEFORE_SR fbo=18 attachment=8ce0 texture=64 mip=0 size=854x480 internalFormat=881a
[02Oct2026 17:51:07.510] [Render thread/INFO] [SuperResolution/]: SR_DIAG texture color id=64 size=854x480 format=RGBA16F target/type=Texture2D glInternalFormat=881a
[02Oct2026 17:51:07.510] [Render thread/INFO] [SuperResolution/]: SR_DIAG texture depth id=3 size=854x480 format=DEPTH24 target/type=Texture2D glInternalFormat=1902
[02Oct2026 17:51:07.510] [Render thread/INFO] [SuperResolution/]: SR_DIAG depth depth id=3 bits=24 componentType=8c17
[02Oct2026 17:51:07.511] [Render thread/INFO] [SuperResolution/]: SR_DIAG texture motion_vectors id=83 size=854x480 format=RGBA16F target/type=Texture2D glInternalFormat=881a
[02Oct2026 17:51:07.511] [Render thread/INFO] [SuperResolution/]: SR_DIAG texture algorithm_color id=92 size=502x282 format=RGBA16F target/type=Texture2D glInternalFormat=881a
[02Oct2026 17:51:07.511] [Render thread/INFO] [SuperResolution/]: SR_DIAG texture algorithm_depth id=94 size=502x282 format=DEPTH24 target/type=Texture2D glInternalFormat=81a6
[02Oct2026 17:51:07.511] [Render thread/INFO] [SuperResolution/]: SR_DIAG depth algorithm_depth id=94 bits=24 componentType=8c17
[02Oct2026 17:51:07.511] [Render thread/INFO] [SuperResolution/]: SR_DIAG texture algorithm_motion_vectors id=95 size=502x282 format=RGBA16F target/type=Texture2D glInternalFormat=881a
[02Oct2026 17:51:07.694] [Render thread/INFO] [SuperResolution/]: SR_DIAG texture SR_output id=85 size=854x480 format=RGBA16F target/type=Texture2D glInternalFormat=881a
[02Oct2026 17:51:07.694] [Render thread/INFO] [SuperResolution/]: SR_DIAG texture autotex3/output_target id=64 size=854x480 format=RGBA16F target/type=Texture2D glInternalFormat=881a
[02Oct2026 17:51:07.694] [Render thread/INFO] [SuperResolution/]: SR_DIAG AFTER_SR render=( 5.020E+2  2.820E+2) display=( 8.540E+2  4.800E+2) region-1=( 5.020E+2  2.820E+2) region-2=( 8.540E+2  4.800E+2) viewport=[0,0,854,480] scissor=[0,128,854,256]/false drawFbo=18 readFbo=18 drawBuffer=36064 readBuffer=36064 drawStatus=8cd5
[02Oct2026 17:51:07.694] [Render thread/INFO] [SuperResolution/]: SR_DIAG AFTER_SR fbo=18 attachment=8ce0 texture=64 mip=0 size=854x480 internalFormat=881a
[02Oct2026 17:51:07.694] [Render thread/INFO] [SuperResolution/]: SR_DIAG AFTER_PASS:composite7 render=( 5.020E+2  2.820E+2) display=( 8.540E+2  4.800E+2) region-1=( 5.020E+2  2.820E+2) region-2=( 8.540E+2  4.800E+2) viewport=[0,0,854,480] scissor=[0,128,854,256]/false drawFbo=19 readFbo=19 drawBuffer=36064 readBuffer=36064 drawStatus=8cd5
[02Oct2026 17:51:07.694] [Render thread/INFO] [SuperResolution/]: SR_DIAG AFTER_PASS:composite7 fbo=19 attachment=8ce0 texture=63 mip=0 size=854x480 internalFormat=881a
[02Oct2026 17:51:07.694] [Render thread/INFO] [SuperResolution/]: SR_DIAG FINAL_PIPELINE render=( 5.020E+2  2.820E+2) display=( 8.540E+2  4.800E+2) region-1=( 5.020E+2  2.820E+2) region-2=( 8.540E+2  4.800E+2) viewport=[0,0,854,480] scissor=[0,128,854,256]/false drawFbo=1 readFbo=1 drawBuffer=36064 readBuffer=36064 drawStatus=8cd5
[02Oct2026 17:51:07.694] [Render thread/INFO] [SuperResolution/]: SR_DIAG FINAL_PIPELINE fbo=1 attachment=8ce0 texture=2 mip=0 size=854x480 internalFormat=8058
[02Oct2026 17:51:07.694] [Render thread/INFO] [SuperResolution/]: SR_DIAG FINAL_PIPELINE fbo=1 attachment=8d00 texture=3 mip=0 size=854x480 internalFormat=1902
[02Oct2026 17:51:17.512] [Render thread/INFO] [SuperResolution/]: SR_DIAG BEFORE_PASS:deferred1 render=( 5.020E+2  2.820E+2) display=( 8.540E+2  4.800E+2) region-1=( 5.020E+2  2.820E+2) region-2=( 8.540E+2  4.800E+2) viewport=[0,0,854,480] scissor=[0,128,854,256]/false drawFbo=1 readFbo=1 drawBuffer=36064 readBuffer=36064 drawStatus=8cd5
[02Oct2026 17:51:17.512] [Render thread/INFO] [SuperResolution/]: SR_DIAG BEFORE_PASS:deferred1 fbo=1 attachment=8ce0 texture=2 mip=0 size=854x480 internalFormat=8058
[02Oct2026 17:51:17.512] [Render thread/INFO] [SuperResolution/]: SR_DIAG BEFORE_PASS:deferred1 fbo=1 attachment=8d00 texture=3 mip=0 size=854x480 internalFormat=1902
[02Oct2026 17:51:17.512] [Render thread/INFO] [SuperResolution/]: SR_DIAG AFTER_PASS:deferred1 render=( 5.020E+2  2.820E+2) display=( 8.540E+2  4.800E+2) region-1=( 5.020E+2  2.820E+2) region-2=( 8.540E+2  4.800E+2) viewport=[0,0,854,480] scissor=[0,128,854,256]/false drawFbo=12 readFbo=12 drawBuffer=36064 readBuffer=36064 drawStatus=8cd5
[02Oct2026 17:51:17.512] [Render thread/INFO] [SuperResolution/]: SR_DIAG AFTER_PASS:deferred1 fbo=12 attachment=8ce0 texture=49 mip=0 size=854x480 internalFormat=8c3a
[02Oct2026 17:51:17.513] [Render thread/INFO] [SuperResolution/]: SR_DIAG BEFORE_PASS:composite render=( 5.020E+2  2.820E+2) display=( 8.540E+2  4.800E+2) region-1=( 5.020E+2  2.820E+2) region-2=( 8.540E+2  4.800E+2) viewport=[0,0,854,480] scissor=[0,128,854,256]/false drawFbo=1 readFbo=1 drawBuffer=36064 readBuffer=36064 drawStatus=8cd5
[02Oct2026 17:51:17.513] [Render thread/INFO] [SuperResolution/]: SR_DIAG BEFORE_PASS:composite fbo=1 attachment=8ce0 texture=2 mip=0 size=854x480 internalFormat=8058
[02Oct2026 17:51:17.513] [Render thread/INFO] [SuperResolution/]: SR_DIAG BEFORE_PASS:composite fbo=1 attachment=8d00 texture=3 mip=0 size=854x480 internalFormat=1902
[02Oct2026 17:51:17.513] [Render thread/INFO] [SuperResolution/]: SR_DIAG AFTER_PASS:composite render=( 5.020E+2  2.820E+2) display=( 8.540E+2  4.800E+2) region-1=( 5.020E+2  2.820E+2) region-2=( 8.540E+2  4.800E+2) viewport=[0,0,427,240] scissor=[0,128,854,256]/false drawFbo=13 readFbo=13 drawBuffer=36064 readBuffer=36064 drawStatus=8cd5
[02Oct2026 17:51:17.513] [Render thread/INFO] [SuperResolution/]: SR_DIAG AFTER_PASS:composite fbo=13 attachment=8ce0 texture=77 mip=0 size=427x240 internalFormat=881a
[02Oct2026 17:51:17.513] [Render thread/INFO] [SuperResolution/]: SR_DIAG BEFORE_PASS:composite1 render=( 5.020E+2  2.820E+2) display=( 8.540E+2  4.800E+2) region-1=( 5.020E+2  2.820E+2) region-2=( 8.540E+2  4.800E+2) viewport=[0,0,427,240] scissor=[0,128,854,256]/false drawFbo=13 readFbo=13 drawBuffer=36064 readBuffer=36064 drawStatus=8cd5
[02Oct2026 17:51:17.513] [Render thread/INFO] [SuperResolution/]: SR_DIAG BEFORE_PASS:composite1 fbo=13 attachment=8ce0 texture=77 mip=0 size=427x240 internalFormat=881a
[02Oct2026 17:51:17.513] [Render thread/INFO] [SuperResolution/]: SR_DIAG AFTER_PASS:composite1 render=( 5.020E+2  2.820E+2) display=( 8.540E+2  4.800E+2) region-1=( 5.020E+2  2.820E+2) region-2=( 8.540E+2  4.800E+2) viewport=[0,0,854,480] scissor=[0,128,854,256]/false drawFbo=14 readFbo=14 drawBuffer=36064 readBuffer=36064 drawStatus=8cd5
[02Oct2026 17:51:17.513] [Render thread/INFO] [SuperResolution/]: SR_DIAG AFTER_PASS:composite1 fbo=14 attachment=8ce0 texture=48 mip=0 size=854x480 internalFormat=8c3a
[02Oct2026 17:51:17.514] [Render thread/INFO] [SuperResolution/]: SR_DIAG BEFORE_PASS:composite3 render=( 5.020E+2  2.820E+2) display=( 8.540E+2  4.800E+2) region-1=( 5.020E+2  2.820E+2) region-2=( 8.540E+2  4.800E+2) viewport=[0,0,854,480] scissor=[0,128,854,256]/false drawFbo=14 readFbo=14 drawBuffer=36064 readBuffer=36064 drawStatus=8cd5
[02Oct2026 17:51:17.514] [Render thread/INFO] [SuperResolution/]: SR_DIAG BEFORE_PASS:composite3 fbo=14 attachment=8ce0 texture=48 mip=0 size=854x480 internalFormat=8c3a
[02Oct2026 17:51:17.514] [Render thread/INFO] [SuperResolution/]: SR_DIAG AFTER_PASS:composite3 render=( 5.020E+2  2.820E+2) display=( 8.540E+2  4.800E+2) region-1=( 5.020E+2  2.820E+2) region-2=( 8.540E+2  4.800E+2) viewport=[0,0,854,480] scissor=[0,128,854,256]/false drawFbo=15 readFbo=15 drawBuffer=36064 readBuffer=36064 drawStatus=8cd5
[02Oct2026 17:51:17.514] [Render thread/INFO] [SuperResolution/]: SR_DIAG AFTER_PASS:composite3 fbo=15 attachment=8ce0 texture=49 mip=0 size=854x480 internalFormat=8c3a
[02Oct2026 17:51:17.514] [Render thread/INFO] [SuperResolution/]: SR_DIAG BEFORE_PASS:composite4 render=( 5.020E+2  2.820E+2) display=( 8.540E+2  4.800E+2) region-1=( 5.020E+2  2.820E+2) region-2=( 8.540E+2  4.800E+2) viewport=[0,0,854,480] scissor=[0,128,854,256]/false drawFbo=15 readFbo=15 drawBuffer=36064 readBuffer=36064 drawStatus=8cd5
[02Oct2026 17:51:17.514] [Render thread/INFO] [SuperResolution/]: SR_DIAG BEFORE_PASS:composite4 fbo=15 attachment=8ce0 texture=49 mip=0 size=854x480 internalFormat=8c3a
[02Oct2026 17:51:17.514] [Render thread/INFO] [SuperResolution/]: SR_DIAG AFTER_PASS:composite4 render=( 5.020E+2  2.820E+2) display=( 8.540E+2  4.800E+2) region-1=( 5.020E+2  2.820E+2) region-2=( 8.540E+2  4.800E+2) viewport=[0,0,854,480] scissor=[0,128,854,256]/false drawFbo=16 readFbo=16 drawBuffer=36064 readBuffer=36064 drawStatus=8cd5
[02Oct2026 17:51:17.514] [Render thread/INFO] [SuperResolution/]: SR_DIAG AFTER_PASS:composite4 fbo=16 attachment=8ce0 texture=64 mip=0 size=854x480 internalFormat=881a
[02Oct2026 17:51:17.514] [Render thread/INFO] [SuperResolution/]: SR_DIAG BEFORE_PASS:composite5 render=( 5.020E+2  2.820E+2) display=( 8.540E+2  4.800E+2) region-1=( 5.020E+2  2.820E+2) region-2=( 8.540E+2  4.800E+2) viewport=[0,0,854,480] scissor=[0,128,854,256]/false drawFbo=16 readFbo=16 drawBuffer=36064 readBuffer=36064 drawStatus=8cd5
[02Oct2026 17:51:17.514] [Render thread/INFO] [SuperResolution/]: SR_DIAG BEFORE_PASS:composite5 fbo=16 attachment=8ce0 texture=64 mip=0 size=854x480 internalFormat=881a
[02Oct2026 17:51:17.514] [Render thread/INFO] [SuperResolution/]: SR_DIAG AFTER_PASS:composite5 render=( 5.020E+2  2.820E+2) display=( 8.540E+2  4.800E+2) region-1=( 5.020E+2  2.820E+2) region-2=( 8.540E+2  4.800E+2) viewport=[0,0,854,480] scissor=[0,128,854,256]/false drawFbo=17 readFbo=17 drawBuffer=36064 readBuffer=36064 drawStatus=8cd5
[02Oct2026 17:51:17.515] [Render thread/INFO] [SuperResolution/]: SR_DIAG AFTER_PASS:composite5 fbo=17 attachment=8ce0 texture=63 mip=0 size=854x480 internalFormat=881a
[02Oct2026 17:51:17.515] [Render thread/INFO] [SuperResolution/]: SR_DIAG BEFORE_PASS:composite6 render=( 5.020E+2  2.820E+2) display=( 8.540E+2  4.800E+2) region-1=( 5.020E+2  2.820E+2) region-2=( 8.540E+2  4.800E+2) viewport=[0,0,854,480] scissor=[0,128,854,256]/false drawFbo=17 readFbo=17 drawBuffer=36064 readBuffer=36064 drawStatus=8cd5
[02Oct2026 17:51:17.515] [Render thread/INFO] [SuperResolution/]: SR_DIAG BEFORE_PASS:composite6 fbo=17 attachment=8ce0 texture=63 mip=0 size=854x480 internalFormat=881a
[02Oct2026 17:51:17.515] [Render thread/INFO] [SuperResolution/]: SR_DIAG AFTER_PASS:composite6 render=( 5.020E+2  2.820E+2) display=( 8.540E+2  4.800E+2) region-1=( 5.020E+2  2.820E+2) region-2=( 8.540E+2  4.800E+2) viewport=[0,0,854,480] scissor=[0,128,854,256]/false drawFbo=18 readFbo=18 drawBuffer=36064 readBuffer=36064 drawStatus=8cd5
[02Oct2026 17:51:17.515] [Render thread/INFO] [SuperResolution/]: SR_DIAG AFTER_PASS:composite6 fbo=18 attachment=8ce0 texture=64 mip=0 size=854x480 internalFormat=881a
[02Oct2026 17:51:17.515] [Render thread/INFO] [SuperResolution/]: SR_DIAG BEFORE_PASS:composite7 render=( 5.020E+2  2.820E+2) display=( 8.540E+2  4.800E+2) region-1=( 5.020E+2  2.820E+2) region-2=( 8.540E+2  4.800E+2) viewport=[0,0,854,480] scissor=[0,128,854,256]/false drawFbo=18 readFbo=18 drawBuffer=36064 readBuffer=36064 drawStatus=8cd5
[02Oct2026 17:51:17.515] [Render thread/INFO] [SuperResolution/]: SR_DIAG BEFORE_PASS:composite7 fbo=18 attachment=8ce0 texture=64 mip=0 size=854x480 internalFormat=881a
[02Oct2026 17:51:17.515] [Render thread/INFO] [SuperResolution/]: SR_DIAG BEFORE_SR render=( 5.020E+2  2.820E+2) display=( 8.540E+2  4.800E+2) region-1=( 5.020E+2  2.820E+2) region-2=( 8.540E+2  4.800E+2) viewport=[0,0,854,480] scissor=[0,128,854,256]/false drawFbo=18 readFbo=18 drawBuffer=36064 readBuffer=36064 drawStatus=8cd5
[02Oct2026 17:51:17.515] [Render thread/INFO] [SuperResolution/]: SR_DIAG BEFORE_SR fbo=18 attachment=8ce0 texture=64 mip=0 size=854x480 internalFormat=881a
[02Oct2026 17:51:17.515] [Render thread/INFO] [SuperResolution/]: SR_DIAG texture color id=64 size=854x480 format=RGBA16F target/type=Texture2D glInternalFormat=881a
[02Oct2026 17:51:17.515] [Render thread/INFO] [SuperResolution/]: SR_DIAG texture depth id=3 size=854x480 format=DEPTH24 target/type=Texture2D glInternalFormat=1902
[02Oct2026 17:51:17.515] [Render thread/INFO] [SuperResolution/]: SR_DIAG depth depth id=3 bits=24 componentType=8c17
[02Oct2026 17:51:17.515] [Render thread/INFO] [SuperResolution/]: SR_DIAG texture motion_vectors id=83 size=854x480 format=RGBA16F target/type=Texture2D glInternalFormat=881a
[02Oct2026 17:51:17.515] [Render thread/INFO] [SuperResolution/]: SR_DIAG texture algorithm_color id=92 size=502x282 format=RGBA16F target/type=Texture2D glInternalFormat=881a
[02Oct2026 17:51:17.515] [Render thread/INFO] [SuperResolution/]: SR_DIAG texture algorithm_depth id=94 size=502x282 format=DEPTH24 target/type=Texture2D glInternalFormat=81a6
[02Oct2026 17:51:17.515] [Render thread/INFO] [SuperResolution/]: SR_DIAG depth algorithm_depth id=94 bits=24 componentType=8c17
[02Oct2026 17:51:17.516] [Render thread/INFO] [SuperResolution/]: SR_DIAG texture algorithm_motion_vectors id=95 size=502x282 format=RGBA16F target/type=Texture2D glInternalFormat=881a
[02Oct2026 17:51:17.701] [Render thread/INFO] [SuperResolution/]: SR_DIAG texture SR_output id=85 size=854x480 format=RGBA16F target/type=Texture2D glInternalFormat=881a
[02Oct2026 17:51:17.701] [Render thread/INFO] [SuperResolution/]: SR_DIAG texture autotex3/output_target id=64 size=854x480 format=RGBA16F target/type=Texture2D glInternalFormat=881a
[02Oct2026 17:51:17.701] [Render thread/INFO] [SuperResolution/]: SR_DIAG AFTER_SR render=( 5.020E+2  2.820E+2) display=( 8.540E+2  4.800E+2) region-1=( 5.020E+2  2.820E+2) region-2=( 8.540E+2  4.800E+2) viewport=[0,0,854,480] scissor=[0,128,854,256]/false drawFbo=18 readFbo=18 drawBuffer=36064 readBuffer=36064 drawStatus=8cd5
[02Oct2026 17:51:17.702] [Render thread/INFO] [SuperResolution/]: SR_DIAG AFTER_SR fbo=18 attachment=8ce0 texture=64 mip=0 size=854x480 internalFormat=881a
[02Oct2026 17:51:17.702] [Render thread/INFO] [SuperResolution/]: SR_DIAG AFTER_PASS:composite7 render=( 5.020E+2  2.820E+2) display=( 8.540E+2  4.800E+2) region-1=( 5.020E+2  2.820E+2) region-2=( 8.540E+2  4.800E+2) viewport=[0,0,854,480] scissor=[0,128,854,256]/false drawFbo=19 readFbo=19 drawBuffer=36064 readBuffer=36064 drawStatus=8cd5
[02Oct2026 17:51:17.702] [Render thread/INFO] [SuperResolution/]: SR_DIAG AFTER_PASS:composite7 fbo=19 attachment=8ce0 texture=63 mip=0 size=854x480 internalFormat=881a
[02Oct2026 17:51:17.702] [Render thread/INFO] [SuperResolution/]: SR_DIAG FINAL_PIPELINE render=( 5.020E+2  2.820E+2) display=( 8.540E+2  4.800E+2) region-1=( 5.020E+2  2.820E+2) region-2=( 8.540E+2  4.800E+2) viewport=[0,0,854,480] scissor=[0,128,854,256]/false drawFbo=1 readFbo=1 drawBuffer=36064 readBuffer=36064 drawStatus=8cd5
[02Oct2026 17:51:17.702] [Render thread/INFO] [SuperResolution/]: SR_DIAG FINAL_PIPELINE fbo=1 attachment=8ce0 texture=2 mip=0 size=854x480 internalFormat=8058
[02Oct2026 17:51:17.703] [Render thread/INFO] [SuperResolution/]: SR_DIAG FINAL_PIPELINE fbo=1 attachment=8d00 texture=3 mip=0 size=854x480 internalFormat=1902
[02Oct2026 17:51:27.518] [Render thread/INFO] [SuperResolution/]: SR_DIAG BEFORE_PASS:deferred1 render=( 5.020E+2  2.820E+2) display=( 8.540E+2  4.800E+2) region-1=( 5.020E+2  2.820E+2) region-2=( 8.540E+2  4.800E+2) viewport=[0,0,854,480] scissor=[0,128,854,256]/false drawFbo=1 readFbo=1 drawBuffer=36064 readBuffer=36064 drawStatus=8cd5
[02Oct2026 17:51:27.518] [Render thread/INFO] [SuperResolution/]: SR_DIAG BEFORE_PASS:deferred1 fbo=1 attachment=8ce0 texture=2 mip=0 size=854x480 internalFormat=8058
[02Oct2026 17:51:27.518] [Render thread/INFO] [SuperResolution/]: SR_DIAG BEFORE_PASS:deferred1 fbo=1 attachment=8d00 texture=3 mip=0 size=854x480 internalFormat=1902
[02Oct2026 17:51:27.518] [Render thread/INFO] [SuperResolution/]: SR_DIAG AFTER_PASS:deferred1 render=( 5.020E+2  2.820E+2) display=( 8.540E+2  4.800E+2) region-1=( 5.020E+2  2.820E+2) region-2=( 8.540E+2  4.800E+2) viewport=[0,0,854,480] scissor=[0,128,854,256]/false drawFbo=12 readFbo=12 drawBuffer=36064 readBuffer=36064 drawStatus=8cd5
[02Oct2026 17:51:27.518] [Render thread/INFO] [SuperResolution/]: SR_DIAG AFTER_PASS:deferred1 fbo=12 attachment=8ce0 texture=49 mip=0 size=854x480 internalFormat=8c3a
[02Oct2026 17:51:27.519] [Render thread/INFO] [SuperResolution/]: SR_DIAG BEFORE_PASS:composite render=( 5.020E+2  2.820E+2) display=( 8.540E+2  4.800E+2) region-1=( 5.020E+2  2.820E+2) region-2=( 8.540E+2  4.800E+2) viewport=[0,0,854,480] scissor=[0,128,854,256]/false drawFbo=1 readFbo=1 drawBuffer=36064 readBuffer=36064 drawStatus=8cd5
[02Oct2026 17:51:27.519] [Render thread/INFO] [SuperResolution/]: SR_DIAG BEFORE_PASS:composite fbo=1 attachment=8ce0 texture=2 mip=0 size=854x480 internalFormat=8058
[02Oct2026 17:51:27.519] [Render thread/INFO] [SuperResolution/]: SR_DIAG BEFORE_PASS:composite fbo=1 attachment=8d00 texture=3 mip=0 size=854x480 internalFormat=1902
[02Oct2026 17:51:27.519] [Render thread/INFO] [SuperResolution/]: SR_DIAG AFTER_PASS:composite render=( 5.020E+2  2.820E+2) display=( 8.540E+2  4.800E+2) region-1=( 5.020E+2  2.820E+2) region-2=( 8.540E+2  4.800E+2) viewport=[0,0,427,240] scissor=[0,128,854,256]/false drawFbo=13 readFbo=13 drawBuffer=36064 readBuffer=36064 drawStatus=8cd5
[02Oct2026 17:51:27.520] [Render thread/INFO] [SuperResolution/]: SR_DIAG AFTER_PASS:composite fbo=13 attachment=8ce0 texture=77 mip=0 size=427x240 internalFormat=881a
[02Oct2026 17:51:27.520] [Render thread/INFO] [SuperResolution/]: SR_DIAG BEFORE_PASS:composite1 render=( 5.020E+2  2.820E+2) display=( 8.540E+2  4.800E+2) region-1=( 5.020E+2  2.820E+2) region-2=( 8.540E+2  4.800E+2) viewport=[0,0,427,240] scissor=[0,128,854,256]/false drawFbo=13 readFbo=13 drawBuffer=36064 readBuffer=36064 drawStatus=8cd5
[02Oct2026 17:51:27.520] [Render thread/INFO] [SuperResolution/]: SR_DIAG BEFORE_PASS:composite1 fbo=13 attachment=8ce0 texture=77 mip=0 size=427x240 internalFormat=881a
[02Oct2026 17:51:27.520] [Render thread/INFO] [SuperResolution/]: SR_DIAG AFTER_PASS:composite1 render=( 5.020E+2  2.820E+2) display=( 8.540E+2  4.800E+2) region-1=( 5.020E+2  2.820E+2) region-2=( 8.540E+2  4.800E+2) viewport=[0,0,854,480] scissor=[0,128,854,256]/false drawFbo=14 readFbo=14 drawBuffer=36064 readBuffer=36064 drawStatus=8cd5
[02Oct2026 17:51:27.520] [Render thread/INFO] [SuperResolution/]: SR_DIAG AFTER_PASS:composite1 fbo=14 attachment=8ce0 texture=48 mip=0 size=854x480 internalFormat=8c3a
[02Oct2026 17:51:27.520] [Render thread/INFO] [SuperResolution/]: SR_DIAG BEFORE_PASS:composite3 render=( 5.020E+2  2.820E+2) display=( 8.540E+2  4.800E+2) region-1=( 5.020E+2  2.820E+2) region-2=( 8.540E+2  4.800E+2) viewport=[0,0,854,480] scissor=[0,128,854,256]/false drawFbo=14 readFbo=14 drawBuffer=36064 readBuffer=36064 drawStatus=8cd5
[02Oct2026 17:51:27.520] [Render thread/INFO] [SuperResolution/]: SR_DIAG BEFORE_PASS:composite3 fbo=14 attachment=8ce0 texture=48 mip=0 size=854x480 internalFormat=8c3a
[02Oct2026 17:51:27.520] [Render thread/INFO] [SuperResolution/]: SR_DIAG AFTER_PASS:composite3 render=( 5.020E+2  2.820E+2) display=( 8.540E+2  4.800E+2) region-1=( 5.020E+2  2.820E+2) region-2=( 8.540E+2  4.800E+2) viewport=[0,0,854,480] scissor=[0,128,854,256]/false drawFbo=15 readFbo=15 drawBuffer=36064 readBuffer=36064 drawStatus=8cd5
[02Oct2026 17:51:27.520] [Render thread/INFO] [SuperResolution/]: SR_DIAG AFTER_PASS:composite3 fbo=15 attachment=8ce0 texture=49 mip=0 size=854x480 internalFormat=8c3a
[02Oct2026 17:51:27.520] [Render thread/INFO] [SuperResolution/]: SR_DIAG BEFORE_PASS:composite4 render=( 5.020E+2  2.820E+2) display=( 8.540E+2  4.800E+2) region-1=( 5.020E+2  2.820E+2) region-2=( 8.540E+2  4.800E+2) viewport=[0,0,854,480] scissor=[0,128,854,256]/false drawFbo=15 readFbo=15 drawBuffer=36064 readBuffer=36064 drawStatus=8cd5
[02Oct2026 17:51:27.520] [Render thread/INFO] [SuperResolution/]: SR_DIAG BEFORE_PASS:composite4 fbo=15 attachment=8ce0 texture=49 mip=0 size=854x480 internalFormat=8c3a
[02Oct2026 17:51:27.520] [Render thread/INFO] [SuperResolution/]: SR_DIAG AFTER_PASS:composite4 render=( 5.020E+2  2.820E+2) display=( 8.540E+2  4.800E+2) region-1=( 5.020E+2  2.820E+2) region-2=( 8.540E+2  4.800E+2) viewport=[0,0,854,480] scissor=[0,128,854,256]/false drawFbo=16 readFbo=16 drawBuffer=36064 readBuffer=36064 drawStatus=8cd5
[02Oct2026 17:51:27.520] [Render thread/INFO] [SuperResolution/]: SR_DIAG AFTER_PASS:composite4 fbo=16 attachment=8ce0 texture=64 mip=0 size=854x480 internalFormat=881a
[02Oct2026 17:51:27.520] [Render thread/INFO] [SuperResolution/]: SR_DIAG BEFORE_PASS:composite5 render=( 5.020E+2  2.820E+2) display=( 8.540E+2  4.800E+2) region-1=( 5.020E+2  2.820E+2) region-2=( 8.540E+2  4.800E+2) viewport=[0,0,854,480] scissor=[0,128,854,256]/false drawFbo=16 readFbo=16 drawBuffer=36064 readBuffer=36064 drawStatus=8cd5
[02Oct2026 17:51:27.520] [Render thread/INFO] [SuperResolution/]: SR_DIAG BEFORE_PASS:composite5 fbo=16 attachment=8ce0 texture=64 mip=0 size=854x480 internalFormat=881a
[02Oct2026 17:51:27.520] [Render thread/INFO] [SuperResolution/]: SR_DIAG AFTER_PASS:composite5 render=( 5.020E+2  2.820E+2) display=( 8.540E+2  4.800E+2) region-1=( 5.020E+2  2.820E+2) region-2=( 8.540E+2  4.800E+2) viewport=[0,0,854,480] scissor=[0,128,854,256]/false drawFbo=17 readFbo=17 drawBuffer=36064 readBuffer=36064 drawStatus=8cd5
[02Oct2026 17:51:27.520] [Render thread/INFO] [SuperResolution/]: SR_DIAG AFTER_PASS:composite5 fbo=17 attachment=8ce0 texture=63 mip=0 size=854x480 internalFormat=881a
[02Oct2026 17:51:27.521] [Render thread/INFO] [SuperResolution/]: SR_DIAG BEFORE_PASS:composite6 render=( 5.020E+2  2.820E+2) display=( 8.540E+2  4.800E+2) region-1=( 5.020E+2  2.820E+2) region-2=( 8.540E+2  4.800E+2) viewport=[0,0,854,480] scissor=[0,128,854,256]/false drawFbo=17 readFbo=17 drawBuffer=36064 readBuffer=36064 drawStatus=8cd5
[02Oct2026 17:51:27.521] [Render thread/INFO] [SuperResolution/]: SR_DIAG BEFORE_PASS:composite6 fbo=17 attachment=8ce0 texture=63 mip=0 size=854x480 internalFormat=881a
[02Oct2026 17:51:27.521] [Render thread/INFO] [SuperResolution/]: SR_DIAG AFTER_PASS:composite6 render=( 5.020E+2  2.820E+2) display=( 8.540E+2  4.800E+2) region-1=( 5.020E+2  2.820E+2) region-2=( 8.540E+2  4.800E+2) viewport=[0,0,854,480] scissor=[0,128,854,256]/false drawFbo=18 readFbo=18 drawBuffer=36064 readBuffer=36064 drawStatus=8cd5
[02Oct2026 17:51:27.521] [Render thread/INFO] [SuperResolution/]: SR_DIAG AFTER_PASS:composite6 fbo=18 attachment=8ce0 texture=64 mip=0 size=854x480 internalFormat=881a
[02Oct2026 17:51:27.521] [Render thread/INFO] [SuperResolution/]: SR_DIAG BEFORE_PASS:composite7 render=( 5.020E+2  2.820E+2) display=( 8.540E+2  4.800E+2) region-1=( 5.020E+2  2.820E+2) region-2=( 8.540E+2  4.800E+2) viewport=[0,0,854,480] scissor=[0,128,854,256]/false drawFbo=18 readFbo=18 drawBuffer=36064 readBuffer=36064 drawStatus=8cd5
[02Oct2026 17:51:27.521] [Render thread/INFO] [SuperResolution/]: SR_DIAG BEFORE_PASS:composite7 fbo=18 attachment=8ce0 texture=64 mip=0 size=854x480 internalFormat=881a
[02Oct2026 17:51:27.521] [Render thread/INFO] [SuperResolution/]: SR_DIAG BEFORE_SR render=( 5.020E+2  2.820E+2) display=( 8.540E+2  4.800E+2) region-1=( 5.020E+2  2.820E+2) region-2=( 8.540E+2  4.800E+2) viewport=[0,0,854,480] scissor=[0,128,854,256]/false drawFbo=18 readFbo=18 drawBuffer=36064 readBuffer=36064 drawStatus=8cd5
[02Oct2026 17:51:27.521] [Render thread/INFO] [SuperResolution/]: SR_DIAG BEFORE_SR fbo=18 attachment=8ce0 texture=64 mip=0 size=854x480 internalFormat=881a
[02Oct2026 17:51:27.521] [Render thread/INFO] [SuperResolution/]: SR_DIAG texture color id=64 size=854x480 format=RGBA16F target/type=Texture2D glInternalFormat=881a
[02Oct2026 17:51:27.521] [Render thread/INFO] [SuperResolution/]: SR_DIAG texture depth id=3 size=854x480 format=DEPTH24 target/type=Texture2D glInternalFormat=1902
[02Oct2026 17:51:27.521] [Render thread/INFO] [SuperResolution/]: SR_DIAG depth depth id=3 bits=24 componentType=8c17
[02Oct2026 17:51:27.521] [Render thread/INFO] [SuperResolution/]: SR_DIAG texture motion_vectors id=83 size=854x480 format=RGBA16F target/type=Texture2D glInternalFormat=881a
[02Oct2026 17:51:27.521] [Render thread/INFO] [SuperResolution/]: SR_DIAG texture algorithm_color id=92 size=502x282 format=RGBA16F target/type=Texture2D glInternalFormat=881a
[02Oct2026 17:51:27.521] [Render thread/INFO] [SuperResolution/]: SR_DIAG texture algorithm_depth id=94 size=502x282 format=DEPTH24 target/type=Texture2D glInternalFormat=81a6
[02Oct2026 17:51:27.521] [Render thread/INFO] [SuperResolution/]: SR_DIAG depth algorithm_depth id=94 bits=24 componentType=8c17
[02Oct2026 17:51:27.521] [Render thread/INFO] [SuperResolution/]: SR_DIAG texture algorithm_motion_vectors id=95 size=502x282 format=RGBA16F target/type=Texture2D glInternalFormat=881a
[02Oct2026 17:51:27.706] [Render thread/INFO] [SuperResolution/]: SR_DIAG texture SR_output id=85 size=854x480 format=RGBA16F target/type=Texture2D glInternalFormat=881a
[02Oct2026 17:51:27.706] [Render thread/INFO] [SuperResolution/]: SR_DIAG texture autotex3/output_target id=64 size=854x480 format=RGBA16F target/type=Texture2D glInternalFormat=881a
[02Oct2026 17:51:27.706] [Render thread/INFO] [SuperResolution/]: SR_DIAG AFTER_SR render=( 5.020E+2  2.820E+2) display=( 8.540E+2  4.800E+2) region-1=( 5.020E+2  2.820E+2) region-2=( 8.540E+2  4.800E+2) viewport=[0,0,854,480] scissor=[0,128,854,256]/false drawFbo=18 readFbo=18 drawBuffer=36064 readBuffer=36064 drawStatus=8cd5
[02Oct2026 17:51:27.706] [Render thread/INFO] [SuperResolution/]: SR_DIAG AFTER_SR fbo=18 attachment=8ce0 texture=64 mip=0 size=854x480 internalFormat=881a
[02Oct2026 17:51:27.706] [Render thread/INFO] [SuperResolution/]: SR_DIAG AFTER_PASS:composite7 render=( 5.020E+2  2.820E+2) display=( 8.540E+2  4.800E+2) region-1=( 5.020E+2  2.820E+2) region-2=( 8.540E+2  4.800E+2) viewport=[0,0,854,480] scissor=[0,128,854,256]/false drawFbo=19 readFbo=19 drawBuffer=36064 readBuffer=36064 drawStatus=8cd5
[02Oct2026 17:51:27.706] [Render thread/INFO] [SuperResolution/]: SR_DIAG AFTER_PASS:composite7 fbo=19 attachment=8ce0 texture=63 mip=0 size=854x480 internalFormat=881a
[02Oct2026 17:51:27.707] [Render thread/INFO] [SuperResolution/]: SR_DIAG FINAL_PIPELINE render=( 5.020E+2  2.820E+2) display=( 8.540E+2  4.800E+2) region-1=( 5.020E+2  2.820E+2) region-2=( 8.540E+2  4.800E+2) viewport=[0,0,854,480] scissor=[0,128,854,256]/false drawFbo=1 readFbo=1 drawBuffer=36064 readBuffer=36064 drawStatus=8cd5
[02Oct2026 17:51:27.707] [Render thread/INFO] [SuperResolution/]: SR_DIAG FINAL_PIPELINE fbo=1 attachment=8ce0 texture=2 mip=0 size=854x480 internalFormat=8058
[02Oct2026 17:51:27.707] [Render thread/INFO] [SuperResolution/]: SR_DIAG FINAL_PIPELINE fbo=1 attachment=8d00 texture=3 mip=0 size=854x480 internalFormat=1902
[02Oct2026 17:51:37.523] [Render thread/INFO] [SuperResolution/]: SR_DIAG BEFORE_PASS:deferred1 render=( 5.020E+2  2.820E+2) display=( 8.540E+2  4.800E+2) region-1=( 5.020E+2  2.820E+2) region-2=( 8.540E+2  4.800E+2) viewport=[0,0,854,480] scissor=[0,128,854,256]/false drawFbo=1 readFbo=1 drawBuffer=36064 readBuffer=36064 drawStatus=8cd5
[02Oct2026 17:51:37.523] [Render thread/INFO] [SuperResolution/]: SR_DIAG BEFORE_PASS:deferred1 fbo=1 attachment=8ce0 texture=2 mip=0 size=854x480 internalFormat=8058
[02Oct2026 17:51:37.523] [Render thread/INFO] [SuperResolution/]: SR_DIAG BEFORE_PASS:deferred1 fbo=1 attachment=8d00 texture=3 mip=0 size=854x480 internalFormat=1902
[02Oct2026 17:51:37.523] [Render thread/INFO] [SuperResolution/]: SR_DIAG AFTER_PASS:deferred1 render=( 5.020E+2  2.820E+2) display=( 8.540E+2  4.800E+2) region-1=( 5.020E+2  2.820E+2) region-2=( 8.540E+2  4.800E+2) viewport=[0,0,854,480] scissor=[0,128,854,256]/false drawFbo=12 readFbo=12 drawBuffer=36064 readBuffer=36064 drawStatus=8cd5
[02Oct2026 17:51:37.523] [Render thread/INFO] [SuperResolution/]: SR_DIAG AFTER_PASS:deferred1 fbo=12 attachment=8ce0 texture=49 mip=0 size=854x480 internalFormat=8c3a
[02Oct2026 17:51:37.523] [Render thread/INFO] [SuperResolution/]: SR_DIAG BEFORE_PASS:composite render=( 5.020E+2  2.820E+2) display=( 8.540E+2  4.800E+2) region-1=( 5.020E+2  2.820E+2) region-2=( 8.540E+2  4.800E+2) viewport=[0,0,854,480] scissor=[0,128,854,256]/false drawFbo=1 readFbo=1 drawBuffer=36064 readBuffer=36064 drawStatus=8cd5
[02Oct2026 17:51:37.524] [Render thread/INFO] [SuperResolution/]: SR_DIAG BEFORE_PASS:composite fbo=1 attachment=8ce0 texture=2 mip=0 size=854x480 internalFormat=8058
[02Oct2026 17:51:37.524] [Render thread/INFO] [SuperResolution/]: SR_DIAG BEFORE_PASS:composite fbo=1 attachment=8d00 texture=3 mip=0 size=854x480 internalFormat=1902
[02Oct2026 17:51:37.524] [Render thread/INFO] [SuperResolution/]: SR_DIAG AFTER_PASS:composite render=( 5.020E+2  2.820E+2) display=( 8.540E+2  4.800E+2) region-1=( 5.020E+2  2.820E+2) region-2=( 8.540E+2  4.800E+2) viewport=[0,0,427,240] scissor=[0,128,854,256]/false drawFbo=13 readFbo=13 drawBuffer=36064 readBuffer=36064 drawStatus=8cd5
[02Oct2026 17:51:37.524] [Render thread/INFO] [SuperResolution/]: SR_DIAG AFTER_PASS:composite fbo=13 attachment=8ce0 texture=77 mip=0 size=427x240 internalFormat=881a
[02Oct2026 17:51:37.524] [Render thread/INFO] [SuperResolution/]: SR_DIAG BEFORE_PASS:composite1 render=( 5.020E+2  2.820E+2) display=( 8.540E+2  4.800E+2) region-1=( 5.020E+2  2.820E+2) region-2=( 8.540E+2  4.800E+2) viewport=[0,0,427,240] scissor=[0,128,854,256]/false drawFbo=13 readFbo=13 drawBuffer=36064 readBuffer=36064 drawStatus=8cd5
[02Oct2026 17:51:37.524] [Render thread/INFO] [SuperResolution/]: SR_DIAG BEFORE_PASS:composite1 fbo=13 attachment=8ce0 texture=77 mip=0 size=427x240 internalFormat=881a
[02Oct2026 17:51:37.524] [Render thread/INFO] [SuperResolution/]: SR_DIAG AFTER_PASS:composite1 render=( 5.020E+2  2.820E+2) display=( 8.540E+2  4.800E+2) region-1=( 5.020E+2  2.820E+2) region-2=( 8.540E+2  4.800E+2) viewport=[0,0,854,480] scissor=[0,128,854,256]/false drawFbo=14 readFbo=14 drawBuffer=36064 readBuffer=36064 drawStatus=8cd5
[02Oct2026 17:51:37.524] [Render thread/INFO] [SuperResolution/]: SR_DIAG AFTER_PASS:composite1 fbo=14 attachment=8ce0 texture=48 mip=0 size=854x480 internalFormat=8c3a
[02Oct2026 17:51:37.524] [Render thread/INFO] [SuperResolution/]: SR_DIAG BEFORE_PASS:composite3 render=( 5.020E+2  2.820E+2) display=( 8.540E+2  4.800E+2) region-1=( 5.020E+2  2.820E+2) region-2=( 8.540E+2  4.800E+2) viewport=[0,0,854,480] scissor=[0,128,854,256]/false drawFbo=14 readFbo=14 drawBuffer=36064 readBuffer=36064 drawStatus=8cd5
[02Oct2026 17:51:37.524] [Render thread/INFO] [SuperResolution/]: SR_DIAG BEFORE_PASS:composite3 fbo=14 attachment=8ce0 texture=48 mip=0 size=854x480 internalFormat=8c3a
[02Oct2026 17:51:37.524] [Render thread/INFO] [SuperResolution/]: SR_DIAG AFTER_PASS:composite3 render=( 5.020E+2  2.820E+2) display=( 8.540E+2  4.800E+2) region-1=( 5.020E+2  2.820E+2) region-2=( 8.540E+2  4.800E+2) viewport=[0,0,854,480] scissor=[0,128,854,256]/false drawFbo=15 readFbo=15 drawBuffer=36064 readBuffer=36064 drawStatus=8cd5
[02Oct2026 17:51:37.524] [Render thread/INFO] [SuperResolution/]: SR_DIAG AFTER_PASS:composite3 fbo=15 attachment=8ce0 texture=49 mip=0 size=854x480 internalFormat=8c3a
[02Oct2026 17:51:37.524] [Render thread/INFO] [SuperResolution/]: SR_DIAG BEFORE_PASS:composite4 render=( 5.020E+2  2.820E+2) display=( 8.540E+2  4.800E+2) region-1=( 5.020E+2  2.820E+2) region-2=( 8.540E+2  4.800E+2) viewport=[0,0,854,480] scissor=[0,128,854,256]/false drawFbo=15 readFbo=15 drawBuffer=36064 readBuffer=36064 drawStatus=8cd5
[02Oct2026 17:51:37.524] [Render thread/INFO] [SuperResolution/]: SR_DIAG BEFORE_PASS:composite4 fbo=15 attachment=8ce0 texture=49 mip=0 size=854x480 internalFormat=8c3a
[02Oct2026 17:51:37.524] [Render thread/INFO] [SuperResolution/]: SR_DIAG AFTER_PASS:composite4 render=( 5.020E+2  2.820E+2) display=( 8.540E+2  4.800E+2) region-1=( 5.020E+2  2.820E+2) region-2=( 8.540E+2  4.800E+2) viewport=[0,0,854,480] scissor=[0,128,854,256]/false drawFbo=16 readFbo=16 drawBuffer=36064 readBuffer=36064 drawStatus=8cd5
[02Oct2026 17:51:37.524] [Render thread/INFO] [SuperResolution/]: SR_DIAG AFTER_PASS:composite4 fbo=16 attachment=8ce0 texture=64 mip=0 size=854x480 internalFormat=881a
[02Oct2026 17:51:37.525] [Render thread/INFO] [SuperResolution/]: SR_DIAG BEFORE_PASS:composite5 render=( 5.020E+2  2.820E+2) display=( 8.540E+2  4.800E+2) region-1=( 5.020E+2  2.820E+2) region-2=( 8.540E+2  4.800E+2) viewport=[0,0,854,480] scissor=[0,128,854,256]/false drawFbo=16 readFbo=16 drawBuffer=36064 readBuffer=36064 drawStatus=8cd5
[02Oct2026 17:51:37.525] [Render thread/INFO] [SuperResolution/]: SR_DIAG BEFORE_PASS:composite5 fbo=16 attachment=8ce0 texture=64 mip=0 size=854x480 internalFormat=881a
[02Oct2026 17:51:37.525] [Render thread/INFO] [SuperResolution/]: SR_DIAG AFTER_PASS:composite5 render=( 5.020E+2  2.820E+2) display=( 8.540E+2  4.800E+2) region-1=( 5.020E+2  2.820E+2) region-2=( 8.540E+2  4.800E+2) viewport=[0,0,854,480] scissor=[0,128,854,256]/false drawFbo=17 readFbo=17 drawBuffer=36064 readBuffer=36064 drawStatus=8cd5
[02Oct2026 17:51:37.525] [Render thread/INFO] [SuperResolution/]: SR_DIAG AFTER_PASS:composite5 fbo=17 attachment=8ce0 texture=63 mip=0 size=854x480 internalFormat=881a
[02Oct2026 17:51:37.525] [Render thread/INFO] [SuperResolution/]: SR_DIAG BEFORE_PASS:composite6 render=( 5.020E+2  2.820E+2) display=( 8.540E+2  4.800E+2) region-1=( 5.020E+2  2.820E+2) region-2=( 8.540E+2  4.800E+2) viewport=[0,0,854,480] scissor=[0,128,854,256]/false drawFbo=17 readFbo=17 drawBuffer=36064 readBuffer=36064 drawStatus=8cd5
[02Oct2026 17:51:37.525] [Render thread/INFO] [SuperResolution/]: SR_DIAG BEFORE_PASS:composite6 fbo=17 attachment=8ce0 texture=63 mip=0 size=854x480 internalFormat=881a
[02Oct2026 17:51:37.525] [Render thread/INFO] [SuperResolution/]: SR_DIAG AFTER_PASS:composite6 render=( 5.020E+2  2.820E+2) display=( 8.540E+2  4.800E+2) region-1=( 5.020E+2  2.820E+2) region-2=( 8.540E+2  4.800E+2) viewport=[0,0,854,480] scissor=[0,128,854,256]/false drawFbo=18 readFbo=18 drawBuffer=36064 readBuffer=36064 drawStatus=8cd5
[02Oct2026 17:51:37.525] [Render thread/INFO] [SuperResolution/]: SR_DIAG AFTER_PASS:composite6 fbo=18 attachment=8ce0 texture=64 mip=0 size=854x480 internalFormat=881a
[02Oct2026 17:51:37.525] [Render thread/INFO] [SuperResolution/]: SR_DIAG BEFORE_PASS:composite7 render=( 5.020E+2  2.820E+2) display=( 8.540E+2  4.800E+2) region-1=( 5.020E+2  2.820E+2) region-2=( 8.540E+2  4.800E+2) viewport=[0,0,854,480] scissor=[0,128,854,256]/false drawFbo=18 readFbo=18 drawBuffer=36064 readBuffer=36064 drawStatus=8cd5
[02Oct2026 17:51:37.525] [Render thread/INFO] [SuperResolution/]: SR_DIAG BEFORE_PASS:composite7 fbo=18 attachment=8ce0 texture=64 mip=0 size=854x480 internalFormat=881a
[02Oct2026 17:51:37.525] [Render thread/INFO] [SuperResolution/]: SR_DIAG BEFORE_SR render=( 5.020E+2  2.820E+2) display=( 8.540E+2  4.800E+2) region-1=( 5.020E+2  2.820E+2) region-2=( 8.540E+2  4.800E+2) viewport=[0,0,854,480] scissor=[0,128,854,256]/false drawFbo=18 readFbo=18 drawBuffer=36064 readBuffer=36064 drawStatus=8cd5
[02Oct2026 17:51:37.525] [Render thread/INFO] [SuperResolution/]: SR_DIAG BEFORE_SR fbo=18 attachment=8ce0 texture=64 mip=0 size=854x480 internalFormat=881a
[02Oct2026 17:51:37.525] [Render thread/INFO] [SuperResolution/]: SR_DIAG texture color id=64 size=854x480 format=RGBA16F target/type=Texture2D glInternalFormat=881a
[02Oct2026 17:51:37.525] [Render thread/INFO] [SuperResolution/]: SR_DIAG texture depth id=3 size=854x480 format=DEPTH24 target/type=Texture2D glInternalFormat=1902
[02Oct2026 17:51:37.525] [Render thread/INFO] [SuperResolution/]: SR_DIAG depth depth id=3 bits=24 componentType=8c17
[02Oct2026 17:51:37.526] [Render thread/INFO] [SuperResolution/]: SR_DIAG texture motion_vectors id=83 size=854x480 format=RGBA16F target/type=Texture2D glInternalFormat=881a
[02Oct2026 17:51:37.526] [Render thread/INFO] [SuperResolution/]: SR_DIAG texture algorithm_color id=92 size=502x282 format=RGBA16F target/type=Texture2D glInternalFormat=881a
[02Oct2026 17:51:37.526] [Render thread/INFO] [SuperResolution/]: SR_DIAG texture algorithm_depth id=94 size=502x282 format=DEPTH24 target/type=Texture2D glInternalFormat=81a6
[02Oct2026 17:51:37.526] [Render thread/INFO] [SuperResolution/]: SR_DIAG depth algorithm_depth id=94 bits=24 componentType=8c17
[02Oct2026 17:51:37.526] [Render thread/INFO] [SuperResolution/]: SR_DIAG texture algorithm_motion_vectors id=95 size=502x282 format=RGBA16F target/type=Texture2D glInternalFormat=881a
[02Oct2026 17:51:37.714] [Render thread/INFO] [SuperResolution/]: SR_DIAG texture SR_output id=85 size=854x480 format=RGBA16F target/type=Texture2D glInternalFormat=881a
[02Oct2026 17:51:37.714] [Render thread/INFO] [SuperResolution/]: SR_DIAG texture autotex3/output_target id=64 size=854x480 format=RGBA16F target/type=Texture2D glInternalFormat=881a
[02Oct2026 17:51:37.714] [Render thread/INFO] [SuperResolution/]: SR_DIAG AFTER_SR render=( 5.020E+2  2.820E+2) display=( 8.540E+2  4.800E+2) region-1=( 5.020E+2  2.820E+2) region-2=( 8.540E+2  4.800E+2) viewport=[0,0,854,480] scissor=[0,128,854,256]/false drawFbo=18 readFbo=18 drawBuffer=36064 readBuffer=36064 drawStatus=8cd5
[02Oct2026 17:51:37.715] [Render thread/INFO] [SuperResolution/]: SR_DIAG AFTER_SR fbo=18 attachment=8ce0 texture=64 mip=0 size=854x480 internalFormat=881a
[02Oct2026 17:51:37.715] [Render thread/INFO] [SuperResolution/]: SR_DIAG AFTER_PASS:composite7 render=( 5.020E+2  2.820E+2) display=( 8.540E+2  4.800E+2) region-1=( 5.020E+2  2.820E+2) region-2=( 8.540E+2  4.800E+2) viewport=[0,0,854,480] scissor=[0,128,854,256]/false drawFbo=19 readFbo=19 drawBuffer=36064 readBuffer=36064 drawStatus=8cd5
[02Oct2026 17:51:37.715] [Render thread/INFO] [SuperResolution/]: SR_DIAG AFTER_PASS:composite7 fbo=19 attachment=8ce0 texture=63 mip=0 size=854x480 internalFormat=881a
[02Oct2026 17:51:37.715] [Render thread/INFO] [SuperResolution/]: SR_DIAG FINAL_PIPELINE render=( 5.020E+2  2.820E+2) display=( 8.540E+2  4.800E+2) region-1=( 5.020E+2  2.820E+2) region-2=( 8.540E+2  4.800E+2) viewport=[0,0,854,480] scissor=[0,128,854,256]/false drawFbo=1 readFbo=1 drawBuffer=36064 readBuffer=36064 drawStatus=8cd5
[02Oct2026 17:51:37.715] [Render thread/INFO] [SuperResolution/]: SR_DIAG FINAL_PIPELINE fbo=1 attachment=8ce0 texture=2 mip=0 size=854x480 internalFormat=8058
[02Oct2026 17:51:37.715] [Render thread/INFO] [SuperResolution/]: SR_DIAG FINAL_PIPELINE fbo=1 attachment=8d00 texture=3 mip=0 size=854x480 internalFormat=1902
[02Oct2026 17:51:47.529] [Render thread/INFO] [SuperResolution/]: SR_DIAG BEFORE_PASS:deferred1 render=( 5.020E+2  2.820E+2) display=( 8.540E+2  4.800E+2) region-1=( 5.020E+2  2.820E+2) region-2=( 8.540E+2  4.800E+2) viewport=[0,0,854,480] scissor=[0,128,854,256]/false drawFbo=1 readFbo=1 drawBuffer=36064 readBuffer=36064 drawStatus=8cd5
[02Oct2026 17:51:47.529] [Render thread/INFO] [SuperResolution/]: SR_DIAG BEFORE_PASS:deferred1 fbo=1 attachment=8ce0 texture=2 mip=0 size=854x480 internalFormat=8058
[02Oct2026 17:51:47.529] [Render thread/INFO] [SuperResolution/]: SR_DIAG BEFORE_PASS:deferred1 fbo=1 attachment=8d00 texture=3 mip=0 size=854x480 internalFormat=1902
[02Oct2026 17:51:47.530] [Render thread/INFO] [SuperResolution/]: SR_DIAG AFTER_PASS:deferred1 render=( 5.020E+2  2.820E+2) display=( 8.540E+2  4.800E+2) region-1=( 5.020E+2  2.820E+2) region-2=( 8.540E+2  4.800E+2) viewport=[0,0,854,480] scissor=[0,128,854,256]/false drawFbo=12 readFbo=12 drawBuffer=36064 readBuffer=36064 drawStatus=8cd5
[02Oct2026 17:51:47.530] [Render thread/INFO] [SuperResolution/]: SR_DIAG AFTER_PASS:deferred1 fbo=12 attachment=8ce0 texture=49 mip=0 size=854x480 internalFormat=8c3a
[02Oct2026 17:51:47.530] [Render thread/INFO] [SuperResolution/]: SR_DIAG BEFORE_PASS:composite render=( 5.020E+2  2.820E+2) display=( 8.540E+2  4.800E+2) region-1=( 5.020E+2  2.820E+2) region-2=( 8.540E+2  4.800E+2) viewport=[0,0,854,480] scissor=[0,128,854,256]/false drawFbo=1 readFbo=1 drawBuffer=36064 readBuffer=36064 drawStatus=8cd5
[02Oct2026 17:51:47.530] [Render thread/INFO] [SuperResolution/]: SR_DIAG BEFORE_PASS:composite fbo=1 attachment=8ce0 texture=2 mip=0 size=854x480 internalFormat=8058
[02Oct2026 17:51:47.530] [Render thread/INFO] [SuperResolution/]: SR_DIAG BEFORE_PASS:composite fbo=1 attachment=8d00 texture=3 mip=0 size=854x480 internalFormat=1902
[02Oct2026 17:51:47.530] [Render thread/INFO] [SuperResolution/]: SR_DIAG AFTER_PASS:composite render=( 5.020E+2  2.820E+2) display=( 8.540E+2  4.800E+2) region-1=( 5.020E+2  2.820E+2) region-2=( 8.540E+2  4.800E+2) viewport=[0,0,427,240] scissor=[0,128,854,256]/false drawFbo=13 readFbo=13 drawBuffer=36064 readBuffer=36064 drawStatus=8cd5
[02Oct2026 17:51:47.530] [Render thread/INFO] [SuperResolution/]: SR_DIAG AFTER_PASS:composite fbo=13 attachment=8ce0 texture=77 mip=0 size=427x240 internalFormat=881a
[02Oct2026 17:51:47.530] [Render thread/INFO] [SuperResolution/]: SR_DIAG BEFORE_PASS:composite1 render=( 5.020E+2  2.820E+2) display=( 8.540E+2  4.800E+2) region-1=( 5.020E+2  2.820E+2) region-2=( 8.540E+2  4.800E+2) viewport=[0,0,427,240] scissor=[0,128,854,256]/false drawFbo=13 readFbo=13 drawBuffer=36064 readBuffer=36064 drawStatus=8cd5
[02Oct2026 17:51:47.530] [Render thread/INFO] [SuperResolution/]: SR_DIAG BEFORE_PASS:composite1 fbo=13 attachment=8ce0 texture=77 mip=0 size=427x240 internalFormat=881a
[02Oct2026 17:51:47.530] [Render thread/INFO] [SuperResolution/]: SR_DIAG AFTER_PASS:composite1 render=( 5.020E+2  2.820E+2) display=( 8.540E+2  4.800E+2) region-1=( 5.020E+2  2.820E+2) region-2=( 8.540E+2  4.800E+2) viewport=[0,0,854,480] scissor=[0,128,854,256]/false drawFbo=14 readFbo=14 drawBuffer=36064 readBuffer=36064 drawStatus=8cd5
[02Oct2026 17:51:47.530] [Render thread/INFO] [SuperResolution/]: SR_DIAG AFTER_PASS:composite1 fbo=14 attachment=8ce0 texture=48 mip=0 size=854x480 internalFormat=8c3a
[02Oct2026 17:51:47.530] [Render thread/INFO] [SuperResolution/]: SR_DIAG BEFORE_PASS:composite3 render=( 5.020E+2  2.820E+2) display=( 8.540E+2  4.800E+2) region-1=( 5.020E+2  2.820E+2) region-2=( 8.540E+2  4.800E+2) viewport=[0,0,854,480] scissor=[0,128,854,256]/false drawFbo=14 readFbo=14 drawBuffer=36064 readBuffer=36064 drawStatus=8cd5
[02Oct2026 17:51:47.530] [Render thread/INFO] [SuperResolution/]: SR_DIAG BEFORE_PASS:composite3 fbo=14 attachment=8ce0 texture=48 mip=0 size=854x480 internalFormat=8c3a
[02Oct2026 17:51:47.530] [Render thread/INFO] [SuperResolution/]: SR_DIAG AFTER_PASS:composite3 render=( 5.020E+2  2.820E+2) display=( 8.540E+2  4.800E+2) region-1=( 5.020E+2  2.820E+2) region-2=( 8.540E+2  4.800E+2) viewport=[0,0,854,480] scissor=[0,128,854,256]/false drawFbo=15 readFbo=15 drawBuffer=36064 readBuffer=36064 drawStatus=8cd5
[02Oct2026 17:51:47.530] [Render thread/INFO] [SuperResolution/]: SR_DIAG AFTER_PASS:composite3 fbo=15 attachment=8ce0 texture=49 mip=0 size=854x480 internalFormat=8c3a
[02Oct2026 17:51:47.530] [Render thread/INFO] [SuperResolution/]: SR_DIAG BEFORE_PASS:composite4 render=( 5.020E+2  2.820E+2) display=( 8.540E+2  4.800E+2) region-1=( 5.020E+2  2.820E+2) region-2=( 8.540E+2  4.800E+2) viewport=[0,0,854,480] scissor=[0,128,854,256]/false drawFbo=15 readFbo=15 drawBuffer=36064 readBuffer=36064 drawStatus=8cd5
[02Oct2026 17:51:47.530] [Render thread/INFO] [SuperResolution/]: SR_DIAG BEFORE_PASS:composite4 fbo=15 attachment=8ce0 texture=49 mip=0 size=854x480 internalFormat=8c3a
[02Oct2026 17:51:47.530] [Render thread/INFO] [SuperResolution/]: SR_DIAG AFTER_PASS:composite4 render=( 5.020E+2  2.820E+2) display=( 8.540E+2  4.800E+2) region-1=( 5.020E+2  2.820E+2) region-2=( 8.540E+2  4.800E+2) viewport=[0,0,854,480] scissor=[0,128,854,256]/false drawFbo=16 readFbo=16 drawBuffer=36064 readBuffer=36064 drawStatus=8cd5
[02Oct2026 17:51:47.530] [Render thread/INFO] [SuperResolution/]: SR_DIAG AFTER_PASS:composite4 fbo=16 attachment=8ce0 texture=64 mip=0 size=854x480 internalFormat=881a
[02Oct2026 17:51:47.530] [Render thread/INFO] [SuperResolution/]: SR_DIAG BEFORE_PASS:composite5 render=( 5.020E+2  2.820E+2) display=( 8.540E+2  4.800E+2) region-1=( 5.020E+2  2.820E+2) region-2=( 8.540E+2  4.800E+2) viewport=[0,0,854,480] scissor=[0,128,854,256]/false drawFbo=16 readFbo=16 drawBuffer=36064 readBuffer=36064 drawStatus=8cd5
[02Oct2026 17:51:47.530] [Render thread/INFO] [SuperResolution/]: SR_DIAG BEFORE_PASS:composite5 fbo=16 attachment=8ce0 texture=64 mip=0 size=854x480 internalFormat=881a
[02Oct2026 17:51:47.530] [Render thread/INFO] [SuperResolution/]: SR_DIAG AFTER_PASS:composite5 render=( 5.020E+2  2.820E+2) display=( 8.540E+2  4.800E+2) region-1=( 5.020E+2  2.820E+2) region-2=( 8.540E+2  4.800E+2) viewport=[0,0,854,480] scissor=[0,128,854,256]/false drawFbo=17 readFbo=17 drawBuffer=36064 readBuffer=36064 drawStatus=8cd5
[02Oct2026 17:51:47.530] [Render thread/INFO] [SuperResolution/]: SR_DIAG AFTER_PASS:composite5 fbo=17 attachment=8ce0 texture=63 mip=0 size=854x480 internalFormat=881a
[02Oct2026 17:51:47.530] [Render thread/INFO] [SuperResolution/]: SR_DIAG BEFORE_PASS:composite6 render=( 5.020E+2  2.820E+2) display=( 8.540E+2  4.800E+2) region-1=( 5.020E+2  2.820E+2) region-2=( 8.540E+2  4.800E+2) viewport=[0,0,854,480] scissor=[0,128,854,256]/false drawFbo=17 readFbo=17 drawBuffer=36064 readBuffer=36064 drawStatus=8cd5
[02Oct2026 17:51:47.530] [Render thread/INFO] [SuperResolution/]: SR_DIAG BEFORE_PASS:composite6 fbo=17 attachment=8ce0 texture=63 mip=0 size=854x480 internalFormat=881a
[02Oct2026 17:51:47.530] [Render thread/INFO] [SuperResolution/]: SR_DIAG AFTER_PASS:composite6 render=( 5.020E+2  2.820E+2) display=( 8.540E+2  4.800E+2) region-1=( 5.020E+2  2.820E+2) region-2=( 8.540E+2  4.800E+2) viewport=[0,0,854,480] scissor=[0,128,854,256]/false drawFbo=18 readFbo=18 drawBuffer=36064 readBuffer=36064 drawStatus=8cd5
[02Oct2026 17:51:47.530] [Render thread/INFO] [SuperResolution/]: SR_DIAG AFTER_PASS:composite6 fbo=18 attachment=8ce0 texture=64 mip=0 size=854x480 internalFormat=881a
[02Oct2026 17:51:47.530] [Render thread/INFO] [SuperResolution/]: SR_DIAG BEFORE_PASS:composite7 render=( 5.020E+2  2.820E+2) display=( 8.540E+2  4.800E+2) region-1=( 5.020E+2  2.820E+2) region-2=( 8.540E+2  4.800E+2) viewport=[0,0,854,480] scissor=[0,128,854,256]/false drawFbo=18 readFbo=18 drawBuffer=36064 readBuffer=36064 drawStatus=8cd5
[02Oct2026 17:51:47.530] [Render thread/INFO] [SuperResolution/]: SR_DIAG BEFORE_PASS:composite7 fbo=18 attachment=8ce0 texture=64 mip=0 size=854x480 internalFormat=881a
[02Oct2026 17:51:47.530] [Render thread/INFO] [SuperResolution/]: SR_DIAG BEFORE_SR render=( 5.020E+2  2.820E+2) display=( 8.540E+2  4.800E+2) region-1=( 5.020E+2  2.820E+2) region-2=( 8.540E+2  4.800E+2) viewport=[0,0,854,480] scissor=[0,128,854,256]/false drawFbo=18 readFbo=18 drawBuffer=36064 readBuffer=36064 drawStatus=8cd5
[02Oct2026 17:51:47.530] [Render thread/INFO] [SuperResolution/]: SR_DIAG BEFORE_SR fbo=18 attachment=8ce0 texture=64 mip=0 size=854x480 internalFormat=881a
[02Oct2026 17:51:47.531] [Render thread/INFO] [SuperResolution/]: SR_DIAG texture color id=64 size=854x480 format=RGBA16F target/type=Texture2D glInternalFormat=881a
[02Oct2026 17:51:47.531] [Render thread/INFO] [SuperResolution/]: SR_DIAG texture depth id=3 size=854x480 format=DEPTH24 target/type=Texture2D glInternalFormat=1902
[02Oct2026 17:51:47.531] [Render thread/INFO] [SuperResolution/]: SR_DIAG depth depth id=3 bits=24 componentType=8c17
[02Oct2026 17:51:47.531] [Render thread/INFO] [SuperResolution/]: SR_DIAG texture motion_vectors id=83 size=854x480 format=RGBA16F target/type=Texture2D glInternalFormat=881a
[02Oct2026 17:51:47.531] [Render thread/INFO] [SuperResolution/]: SR_DIAG texture algorithm_color id=92 size=502x282 format=RGBA16F target/type=Texture2D glInternalFormat=881a
[02Oct2026 17:51:47.531] [Render thread/INFO] [SuperResolution/]: SR_DIAG texture algorithm_depth id=94 size=502x282 format=DEPTH24 target/type=Texture2D glInternalFormat=81a6
[02Oct2026 17:51:47.531] [Render thread/INFO] [SuperResolution/]: SR_DIAG depth algorithm_depth id=94 bits=24 componentType=8c17
[02Oct2026 17:51:47.531] [Render thread/INFO] [SuperResolution/]: SR_DIAG texture algorithm_motion_vectors id=95 size=502x282 format=RGBA16F target/type=Texture2D glInternalFormat=881a
[02Oct2026 17:51:47.719] [Render thread/INFO] [SuperResolution/]: SR_DIAG texture SR_output id=85 size=854x480 format=RGBA16F target/type=Texture2D glInternalFormat=881a
[02Oct2026 17:51:47.720] [Render thread/INFO] [SuperResolution/]: SR_DIAG texture autotex3/output_target id=64 size=854x480 format=RGBA16F target/type=Texture2D glInternalFormat=881a
[02Oct2026 17:51:47.720] [Render thread/INFO] [SuperResolution/]: SR_DIAG AFTER_SR render=( 5.020E+2  2.820E+2) display=( 8.540E+2  4.800E+2) region-1=( 5.020E+2  2.820E+2) region-2=( 8.540E+2  4.800E+2) viewport=[0,0,854,480] scissor=[0,128,854,256]/false drawFbo=18 readFbo=18 drawBuffer=36064 readBuffer=36064 drawStatus=8cd5
[02Oct2026 17:51:47.720] [Render thread/INFO] [SuperResolution/]: SR_DIAG AFTER_SR fbo=18 attachment=8ce0 texture=64 mip=0 size=854x480 internalFormat=881a
[02Oct2026 17:51:47.720] [Render thread/INFO] [SuperResolution/]: SR_DIAG AFTER_PASS:composite7 render=( 5.020E+2  2.820E+2) display=( 8.540E+2  4.800E+2) region-1=( 5.020E+2  2.820E+2) region-2=( 8.540E+2  4.800E+2) viewport=[0,0,854,480] scissor=[0,128,854,256]/false drawFbo=19 readFbo=19 drawBuffer=36064 readBuffer=36064 drawStatus=8cd5
[02Oct2026 17:51:47.720] [Render thread/INFO] [SuperResolution/]: SR_DIAG AFTER_PASS:composite7 fbo=19 attachment=8ce0 texture=63 mip=0 size=854x480 internalFormat=881a
[02Oct2026 17:51:47.720] [Render thread/INFO] [SuperResolution/]: SR_DIAG FINAL_PIPELINE render=( 5.020E+2  2.820E+2) display=( 8.540E+2  4.800E+2) region-1=( 5.020E+2  2.820E+2) region-2=( 8.540E+2  4.800E+2) viewport=[0,0,854,480] scissor=[0,128,854,256]/false drawFbo=1 readFbo=1 drawBuffer=36064 readBuffer=36064 drawStatus=8cd5
[02Oct2026 17:51:47.720] [Render thread/INFO] [SuperResolution/]: SR_DIAG FINAL_PIPELINE fbo=1 attachment=8ce0 texture=2 mip=0 size=854x480 internalFormat=8058
[02Oct2026 17:51:47.720] [Render thread/INFO] [SuperResolution/]: SR_DIAG FINAL_PIPELINE fbo=1 attachment=8d00 texture=3 mip=0 size=854x480 internalFormat=1902
[02Oct2026 17:51:57.534] [Render thread/INFO] [SuperResolution/]: SR_DIAG BEFORE_PASS:deferred1 render=( 5.020E+2  2.820E+2) display=( 8.540E+2  4.800E+2) region-1=( 5.020E+2  2.820E+2) region-2=( 8.540E+2  4.800E+2) viewport=[0,0,854,480] scissor=[0,128,854,256]/false drawFbo=1 readFbo=1 drawBuffer=36064 readBuffer=36064 drawStatus=8cd5
[02Oct2026 17:51:57.534] [Render thread/INFO] [SuperResolution/]: SR_DIAG BEFORE_PASS:deferred1 fbo=1 attachment=8ce0 texture=2 mip=0 size=854x480 internalFormat=8058
[02Oct2026 17:51:57.534] [Render thread/INFO] [SuperResolution/]: SR_DIAG BEFORE_PASS:deferred1 fbo=1 attachment=8d00 texture=3 mip=0 size=854x480 internalFormat=1902
[02Oct2026 17:51:57.534] [Render thread/INFO] [SuperResolution/]: SR_DIAG AFTER_PASS:deferred1 render=( 5.020E+2  2.820E+2) display=( 8.540E+2  4.800E+2) region-1=( 5.020E+2  2.820E+2) region-2=( 8.540E+2  4.800E+2) viewport=[0,0,854,480] scissor=[0,128,854,256]/false drawFbo=12 readFbo=12 drawBuffer=36064 readBuffer=36064 drawStatus=8cd5
[02Oct2026 17:51:57.534] [Render thread/INFO] [SuperResolution/]: SR_DIAG AFTER_PASS:deferred1 fbo=12 attachment=8ce0 texture=49 mip=0 size=854x480 internalFormat=8c3a
[02Oct2026 17:51:57.534] [Render thread/INFO] [SuperResolution/]: SR_DIAG BEFORE_PASS:composite render=( 5.020E+2  2.820E+2) display=( 8.540E+2  4.800E+2) region-1=( 5.020E+2  2.820E+2) region-2=( 8.540E+2  4.800E+2) viewport=[0,0,854,480] scissor=[0,128,854,256]/false drawFbo=1 readFbo=1 drawBuffer=36064 readBuffer=36064 drawStatus=8cd5
[02Oct2026 17:51:57.534] [Render thread/INFO] [SuperResolution/]: SR_DIAG BEFORE_PASS:composite fbo=1 attachment=8ce0 texture=2 mip=0 size=854x480 internalFormat=8058
[02Oct2026 17:51:57.534] [Render thread/INFO] [SuperResolution/]: SR_DIAG BEFORE_PASS:composite fbo=1 attachment=8d00 texture=3 mip=0 size=854x480 internalFormat=1902
[02Oct2026 17:51:57.534] [Render thread/INFO] [SuperResolution/]: SR_DIAG AFTER_PASS:composite render=( 5.020E+2  2.820E+2) display=( 8.540E+2  4.800E+2) region-1=( 5.020E+2  2.820E+2) region-2=( 8.540E+2  4.800E+2) viewport=[0,0,427,240] scissor=[0,128,854,256]/false drawFbo=13 readFbo=13 drawBuffer=36064 readBuffer=36064 drawStatus=8cd5
[02Oct2026 17:51:57.534] [Render thread/INFO] [SuperResolution/]: SR_DIAG AFTER_PASS:composite fbo=13 attachment=8ce0 texture=77 mip=0 size=427x240 internalFormat=881a
[02Oct2026 17:51:57.534] [Render thread/INFO] [SuperResolution/]: SR_DIAG BEFORE_PASS:composite1 render=( 5.020E+2  2.820E+2) display=( 8.540E+2  4.800E+2) region-1=( 5.020E+2  2.820E+2) region-2=( 8.540E+2  4.800E+2) viewport=[0,0,427,240] scissor=[0,128,854,256]/false drawFbo=13 readFbo=13 drawBuffer=36064 readBuffer=36064 drawStatus=8cd5
[02Oct2026 17:51:57.534] [Render thread/INFO] [SuperResolution/]: SR_DIAG BEFORE_PASS:composite1 fbo=13 attachment=8ce0 texture=77 mip=0 size=427x240 internalFormat=881a
[02Oct2026 17:51:57.535] [Render thread/INFO] [SuperResolution/]: SR_DIAG AFTER_PASS:composite1 render=( 5.020E+2  2.820E+2) display=( 8.540E+2  4.800E+2) region-1=( 5.020E+2  2.820E+2) region-2=( 8.540E+2  4.800E+2) viewport=[0,0,854,480] scissor=[0,128,854,256]/false drawFbo=14 readFbo=14 drawBuffer=36064 readBuffer=36064 drawStatus=8cd5
[02Oct2026 17:51:57.535] [Render thread/INFO] [SuperResolution/]: SR_DIAG AFTER_PASS:composite1 fbo=14 attachment=8ce0 texture=48 mip=0 size=854x480 internalFormat=8c3a
[02Oct2026 17:51:57.535] [Render thread/INFO] [SuperResolution/]: SR_DIAG BEFORE_PASS:composite3 render=( 5.020E+2  2.820E+2) display=( 8.540E+2  4.800E+2) region-1=( 5.020E+2  2.820E+2) region-2=( 8.540E+2  4.800E+2) viewport=[0,0,854,480] scissor=[0,128,854,256]/false drawFbo=14 readFbo=14 drawBuffer=36064 readBuffer=36064 drawStatus=8cd5
[02Oct2026 17:51:57.535] [Render thread/INFO] [SuperResolution/]: SR_DIAG BEFORE_PASS:composite3 fbo=14 attachment=8ce0 texture=48 mip=0 size=854x480 internalFormat=8c3a
[02Oct2026 17:51:57.535] [Render thread/INFO] [SuperResolution/]: SR_DIAG AFTER_PASS:composite3 render=( 5.020E+2  2.820E+2) display=( 8.540E+2  4.800E+2) region-1=( 5.020E+2  2.820E+2) region-2=( 8.540E+2  4.800E+2) viewport=[0,0,854,480] scissor=[0,128,854,256]/false drawFbo=15 readFbo=15 drawBuffer=36064 readBuffer=36064 drawStatus=8cd5
[02Oct2026 17:51:57.535] [Render thread/INFO] [SuperResolution/]: SR_DIAG AFTER_PASS:composite3 fbo=15 attachment=8ce0 texture=49 mip=0 size=854x480 internalFormat=8c3a
[02Oct2026 17:51:57.535] [Render thread/INFO] [SuperResolution/]: SR_DIAG BEFORE_PASS:composite4 render=( 5.020E+2  2.820E+2) display=( 8.540E+2  4.800E+2) region-1=( 5.020E+2  2.820E+2) region-2=( 8.540E+2  4.800E+2) viewport=[0,0,854,480] scissor=[0,128,854,256]/false drawFbo=15 readFbo=15 drawBuffer=36064 readBuffer=36064 drawStatus=8cd5
[02Oct2026 17:51:57.535] [Render thread/INFO] [SuperResolution/]: SR_DIAG BEFORE_PASS:composite4 fbo=15 attachment=8ce0 texture=49 mip=0 size=854x480 internalFormat=8c3a
[02Oct2026 17:51:57.535] [Render thread/INFO] [SuperResolution/]: SR_DIAG AFTER_PASS:composite4 render=( 5.020E+2  2.820E+2) display=( 8.540E+2  4.800E+2) region-1=( 5.020E+2  2.820E+2) region-2=( 8.540E+2  4.800E+2) viewport=[0,0,854,480] scissor=[0,128,854,256]/false drawFbo=16 readFbo=16 drawBuffer=36064 readBuffer=36064 drawStatus=8cd5
[02Oct2026 17:51:57.535] [Render thread/INFO] [SuperResolution/]: SR_DIAG AFTER_PASS:composite4 fbo=16 attachment=8ce0 texture=64 mip=0 size=854x480 internalFormat=881a
[02Oct2026 17:51:57.535] [Render thread/INFO] [SuperResolution/]: SR_DIAG BEFORE_PASS:composite5 render=( 5.020E+2  2.820E+2) display=( 8.540E+2  4.800E+2) region-1=( 5.020E+2  2.820E+2) region-2=( 8.540E+2  4.800E+2) viewport=[0,0,854,480] scissor=[0,128,854,256]/false drawFbo=16 readFbo=16 drawBuffer=36064 readBuffer=36064 drawStatus=8cd5
[02Oct2026 17:51:57.535] [Render thread/INFO] [SuperResolution/]: SR_DIAG BEFORE_PASS:composite5 fbo=16 attachment=8ce0 texture=64 mip=0 size=854x480 internalFormat=881a
[02Oct2026 17:51:57.536] [Render thread/INFO] [SuperResolution/]: SR_DIAG AFTER_PASS:composite5 render=( 5.020E+2  2.820E+2) display=( 8.540E+2  4.800E+2) region-1=( 5.020E+2  2.820E+2) region-2=( 8.540E+2  4.800E+2) viewport=[0,0,854,480] scissor=[0,128,854,256]/false drawFbo=17 readFbo=17 drawBuffer=36064 readBuffer=36064 drawStatus=8cd5
[02Oct2026 17:51:57.536] [Render thread/INFO] [SuperResolution/]: SR_DIAG AFTER_PASS:composite5 fbo=17 attachment=8ce0 texture=63 mip=0 size=854x480 internalFormat=881a
[02Oct2026 17:51:57.536] [Render thread/INFO] [SuperResolution/]: SR_DIAG BEFORE_PASS:composite6 render=( 5.020E+2  2.820E+2) display=( 8.540E+2  4.800E+2) region-1=( 5.020E+2  2.820E+2) region-2=( 8.540E+2  4.800E+2) viewport=[0,0,854,480] scissor=[0,128,854,256]/false drawFbo=17 readFbo=17 drawBuffer=36064 readBuffer=36064 drawStatus=8cd5
[02Oct2026 17:51:57.536] [Render thread/INFO] [SuperResolution/]: SR_DIAG BEFORE_PASS:composite6 fbo=17 attachment=8ce0 texture=63 mip=0 size=854x480 internalFormat=881a
[02Oct2026 17:51:57.536] [Render thread/INFO] [SuperResolution/]: SR_DIAG AFTER_PASS:composite6 render=( 5.020E+2  2.820E+2) display=( 8.540E+2  4.800E+2) region-1=( 5.020E+2  2.820E+2) region-2=( 8.540E+2  4.800E+2) viewport=[0,0,854,480] scissor=[0,128,854,256]/false drawFbo=18 readFbo=18 drawBuffer=36064 readBuffer=36064 drawStatus=8cd5
[02Oct2026 17:51:57.536] [Render thread/INFO] [SuperResolution/]: SR_DIAG AFTER_PASS:composite6 fbo=18 attachment=8ce0 texture=64 mip=0 size=854x480 internalFormat=881a
[02Oct2026 17:51:57.536] [Render thread/INFO] [SuperResolution/]: SR_DIAG BEFORE_PASS:composite7 render=( 5.020E+2  2.820E+2) display=( 8.540E+2  4.800E+2) region-1=( 5.020E+2  2.820E+2) region-2=( 8.540E+2  4.800E+2) viewport=[0,0,854,480] scissor=[0,128,854,256]/false drawFbo=18 readFbo=18 drawBuffer=36064 readBuffer=36064 drawStatus=8cd5
[02Oct2026 17:51:57.536] [Render thread/INFO] [SuperResolution/]: SR_DIAG BEFORE_PASS:composite7 fbo=18 attachment=8ce0 texture=64 mip=0 size=854x480 internalFormat=881a
[02Oct2026 17:51:57.537] [Render thread/INFO] [SuperResolution/]: SR_DIAG BEFORE_SR render=( 5.020E+2  2.820E+2) display=( 8.540E+2  4.800E+2) region-1=( 5.020E+2  2.820E+2) region-2=( 8.540E+2  4.800E+2) viewport=[0,0,854,480] scissor=[0,128,854,256]/false drawFbo=18 readFbo=18 drawBuffer=36064 readBuffer=36064 drawStatus=8cd5
[02Oct2026 17:51:57.537] [Render thread/INFO] [SuperResolution/]: SR_DIAG BEFORE_SR fbo=18 attachment=8ce0 texture=64 mip=0 size=854x480 internalFormat=881a
[02Oct2026 17:51:57.537] [Render thread/INFO] [SuperResolution/]: SR_DIAG texture color id=64 size=854x480 format=RGBA16F target/type=Texture2D glInternalFormat=881a
[02Oct2026 17:51:57.537] [Render thread/INFO] [SuperResolution/]: SR_DIAG texture depth id=3 size=854x480 format=DEPTH24 target/type=Texture2D glInternalFormat=1902
[02Oct2026 17:51:57.537] [Render thread/INFO] [SuperResolution/]: SR_DIAG depth depth id=3 bits=24 componentType=8c17
[02Oct2026 17:51:57.537] [Render thread/INFO] [SuperResolution/]: SR_DIAG texture motion_vectors id=83 size=854x480 format=RGBA16F target/type=Texture2D glInternalFormat=881a
[02Oct2026 17:51:57.537] [Render thread/INFO] [SuperResolution/]: SR_DIAG texture algorithm_color id=92 size=502x282 format=RGBA16F target/type=Texture2D glInternalFormat=881a
[02Oct2026 17:51:57.537] [Render thread/INFO] [SuperResolution/]: SR_DIAG texture algorithm_depth id=94 size=502x282 format=DEPTH24 target/type=Texture2D glInternalFormat=81a6
[02Oct2026 17:51:57.537] [Render thread/INFO] [SuperResolution/]: SR_DIAG depth algorithm_depth id=94 bits=24 componentType=8c17
[02Oct2026 17:51:57.537] [Render thread/INFO] [SuperResolution/]: SR_DIAG texture algorithm_motion_vectors id=95 size=502x282 format=RGBA16F target/type=Texture2D glInternalFormat=881a
[02Oct2026 17:51:57.724] [Render thread/INFO] [SuperResolution/]: SR_DIAG texture SR_output id=85 size=854x480 format=RGBA16F target/type=Texture2D glInternalFormat=881a
[02Oct2026 17:51:57.724] [Render thread/INFO] [SuperResolution/]: SR_DIAG texture autotex3/output_target id=64 size=854x480 format=RGBA16F target/type=Texture2D glInternalFormat=881a
[02Oct2026 17:51:57.724] [Render thread/INFO] [SuperResolution/]: SR_DIAG AFTER_SR render=( 5.020E+2  2.820E+2) display=( 8.540E+2  4.800E+2) region-1=( 5.020E+2  2.820E+2) region-2=( 8.540E+2  4.800E+2) viewport=[0,0,854,480] scissor=[0,128,854,256]/false drawFbo=18 readFbo=18 drawBuffer=36064 readBuffer=36064 drawStatus=8cd5
[02Oct2026 17:51:57.724] [Render thread/INFO] [SuperResolution/]: SR_DIAG AFTER_SR fbo=18 attachment=8ce0 texture=64 mip=0 size=854x480 internalFormat=881a
[02Oct2026 17:51:57.724] [Render thread/INFO] [SuperResolution/]: SR_DIAG AFTER_PASS:composite7 render=( 5.020E+2  2.820E+2) display=( 8.540E+2  4.800E+2) region-1=( 5.020E+2  2.820E+2) region-2=( 8.540E+2  4.800E+2) viewport=[0,0,854,480] scissor=[0,128,854,256]/false drawFbo=19 readFbo=19 drawBuffer=36064 readBuffer=36064 drawStatus=8cd5
[02Oct2026 17:51:57.724] [Render thread/INFO] [SuperResolution/]: SR_DIAG AFTER_PASS:composite7 fbo=19 attachment=8ce0 texture=63 mip=0 size=854x480 internalFormat=881a
[02Oct2026 17:51:57.724] [Render thread/INFO] [SuperResolution/]: SR_DIAG FINAL_PIPELINE render=( 5.020E+2  2.820E+2) display=( 8.540E+2  4.800E+2) region-1=( 5.020E+2  2.820E+2) region-2=( 8.540E+2  4.800E+2) viewport=[0,0,854,480] scissor=[0,128,854,256]/false drawFbo=1 readFbo=1 drawBuffer=36064 readBuffer=36064 drawStatus=8cd5
[02Oct2026 17:51:57.724] [Render thread/INFO] [SuperResolution/]: SR_DIAG FINAL_PIPELINE fbo=1 attachment=8ce0 texture=2 mip=0 size=854x480 internalFormat=8058
[02Oct2026 17:51:57.724] [Render thread/INFO] [SuperResolution/]: SR_DIAG FINAL_PIPELINE fbo=1 attachment=8d00 texture=3 mip=0 size=854x480 internalFormat=1902
[02Oct2026 17:52:07.580] [Render thread/INFO] [SuperResolution/]: SR_DIAG BEFORE_PASS:deferred1 render=( 5.020E+2  2.820E+2) display=( 8.540E+2  4.800E+2) region-1=( 5.020E+2  2.820E+2) region-2=( 8.540E+2  4.800E+2) viewport=[0,0,854,480] scissor=[0,128,854,256]/false drawFbo=1 readFbo=1 drawBuffer=36064 readBuffer=36064 drawStatus=8cd5
[02Oct2026 17:52:07.581] [Render thread/INFO] [SuperResolution/]: SR_DIAG BEFORE_PASS:deferred1 fbo=1 attachment=8ce0 texture=2 mip=0 size=854x480 internalFormat=8058
[02Oct2026 17:52:07.581] [Render thread/INFO] [SuperResolution/]: SR_DIAG BEFORE_PASS:deferred1 fbo=1 attachment=8d00 texture=3 mip=0 size=854x480 internalFormat=1902
[02Oct2026 17:52:07.581] [Render thread/INFO] [SuperResolution/]: SR_DIAG AFTER_PASS:deferred1 render=( 5.020E+2  2.820E+2) display=( 8.540E+2  4.800E+2) region-1=( 5.020E+2  2.820E+2) region-2=( 8.540E+2  4.800E+2) viewport=[0,0,854,480] scissor=[0,128,854,256]/false drawFbo=12 readFbo=12 drawBuffer=36064 readBuffer=36064 drawStatus=8cd5
[02Oct2026 17:52:07.581] [Render thread/INFO] [SuperResolution/]: SR_DIAG AFTER_PASS:deferred1 fbo=12 attachment=8ce0 texture=49 mip=0 size=854x480 internalFormat=8c3a
[02Oct2026 17:52:07.581] [Render thread/INFO] [SuperResolution/]: SR_DIAG BEFORE_PASS:composite render=( 5.020E+2  2.820E+2) display=( 8.540E+2  4.800E+2) region-1=( 5.020E+2  2.820E+2) region-2=( 8.540E+2  4.800E+2) viewport=[0,0,854,480] scissor=[0,128,854,256]/false drawFbo=1 readFbo=1 drawBuffer=36064 readBuffer=36064 drawStatus=8cd5
[02Oct2026 17:52:07.581] [Render thread/INFO] [SuperResolution/]: SR_DIAG BEFORE_PASS:composite fbo=1 attachment=8ce0 texture=2 mip=0 size=854x480 internalFormat=8058
[02Oct2026 17:52:07.581] [Render thread/INFO] [SuperResolution/]: SR_DIAG BEFORE_PASS:composite fbo=1 attachment=8d00 texture=3 mip=0 size=854x480 internalFormat=1902
[02Oct2026 17:52:07.582] [Render thread/INFO] [SuperResolution/]: SR_DIAG AFTER_PASS:composite render=( 5.020E+2  2.820E+2) display=( 8.540E+2  4.800E+2) region-1=( 5.020E+2  2.820E+2) region-2=( 8.540E+2  4.800E+2) viewport=[0,0,427,240] scissor=[0,128,854,256]/false drawFbo=13 readFbo=13 drawBuffer=36064 readBuffer=36064 drawStatus=8cd5
[02Oct2026 17:52:07.582] [Render thread/INFO] [SuperResolution/]: SR_DIAG AFTER_PASS:composite fbo=13 attachment=8ce0 texture=77 mip=0 size=427x240 internalFormat=881a
[02Oct2026 17:52:07.582] [Render thread/INFO] [SuperResolution/]: SR_DIAG BEFORE_PASS:composite1 render=( 5.020E+2  2.820E+2) display=( 8.540E+2  4.800E+2) region-1=( 5.020E+2  2.820E+2) region-2=( 8.540E+2  4.800E+2) viewport=[0,0,427,240] scissor=[0,128,854,256]/false drawFbo=13 readFbo=13 drawBuffer=36064 readBuffer=36064 drawStatus=8cd5
[02Oct2026 17:52:07.582] [Render thread/INFO] [SuperResolution/]: SR_DIAG BEFORE_PASS:composite1 fbo=13 attachment=8ce0 texture=77 mip=0 size=427x240 internalFormat=881a
[02Oct2026 17:52:07.582] [Render thread/INFO] [SuperResolution/]: SR_DIAG AFTER_PASS:composite1 render=( 5.020E+2  2.820E+2) display=( 8.540E+2  4.800E+2) region-1=( 5.020E+2  2.820E+2) region-2=( 8.540E+2  4.800E+2) viewport=[0,0,854,480] scissor=[0,128,854,256]/false drawFbo=14 readFbo=14 drawBuffer=36064 readBuffer=36064 drawStatus=8cd5
[02Oct2026 17:52:07.582] [Render thread/INFO] [SuperResolution/]: SR_DIAG AFTER_PASS:composite1 fbo=14 attachment=8ce0 texture=48 mip=0 size=854x480 internalFormat=8c3a
[02Oct2026 17:52:07.582] [Render thread/INFO] [SuperResolution/]: SR_DIAG BEFORE_PASS:composite3 render=( 5.020E+2  2.820E+2) display=( 8.540E+2  4.800E+2) region-1=( 5.020E+2  2.820E+2) region-2=( 8.540E+2  4.800E+2) viewport=[0,0,854,480] scissor=[0,128,854,256]/false drawFbo=14 readFbo=14 drawBuffer=36064 readBuffer=36064 drawStatus=8cd5
[02Oct2026 17:52:07.582] [Render thread/INFO] [SuperResolution/]: SR_DIAG BEFORE_PASS:composite3 fbo=14 attachment=8ce0 texture=48 mip=0 size=854x480 internalFormat=8c3a
[02Oct2026 17:52:07.582] [Render thread/INFO] [SuperResolution/]: SR_DIAG AFTER_PASS:composite3 render=( 5.020E+2  2.820E+2) display=( 8.540E+2  4.800E+2) region-1=( 5.020E+2  2.820E+2) region-2=( 8.540E+2  4.800E+2) viewport=[0,0,854,480] scissor=[0,128,854,256]/false drawFbo=15 readFbo=15 drawBuffer=36064 readBuffer=36064 drawStatus=8cd5
[02Oct2026 17:52:07.582] [Render thread/INFO] [SuperResolution/]: SR_DIAG AFTER_PASS:composite3 fbo=15 attachment=8ce0 texture=49 mip=0 size=854x480 internalFormat=8c3a
[02Oct2026 17:52:07.582] [Render thread/INFO] [SuperResolution/]: SR_DIAG BEFORE_PASS:composite4 render=( 5.020E+2  2.820E+2) display=( 8.540E+2  4.800E+2) region-1=( 5.020E+2  2.820E+2) region-2=( 8.540E+2  4.800E+2) viewport=[0,0,854,480] scissor=[0,128,854,256]/false drawFbo=15 readFbo=15 drawBuffer=36064 readBuffer=36064 drawStatus=8cd5
[02Oct2026 17:52:07.582] [Render thread/INFO] [SuperResolution/]: SR_DIAG BEFORE_PASS:composite4 fbo=15 attachment=8ce0 texture=49 mip=0 size=854x480 internalFormat=8c3a
[02Oct2026 17:52:07.582] [Render thread/INFO] [SuperResolution/]: SR_DIAG AFTER_PASS:composite4 render=( 5.020E+2  2.820E+2) display=( 8.540E+2  4.800E+2) region-1=( 5.020E+2  2.820E+2) region-2=( 8.540E+2  4.800E+2) viewport=[0,0,854,480] scissor=[0,128,854,256]/false drawFbo=16 readFbo=16 drawBuffer=36064 readBuffer=36064 drawStatus=8cd5
[02Oct2026 17:52:07.582] [Render thread/INFO] [SuperResolution/]: SR_DIAG AFTER_PASS:composite4 fbo=16 attachment=8ce0 texture=64 mip=0 size=854x480 internalFormat=881a
[02Oct2026 17:52:07.582] [Render thread/INFO] [SuperResolution/]: SR_DIAG BEFORE_PASS:composite5 render=( 5.020E+2  2.820E+2) display=( 8.540E+2  4.800E+2) region-1=( 5.020E+2  2.820E+2) region-2=( 8.540E+2  4.800E+2) viewport=[0,0,854,480] scissor=[0,128,854,256]/false drawFbo=16 readFbo=16 drawBuffer=36064 readBuffer=36064 drawStatus=8cd5
[02Oct2026 17:52:07.582] [Render thread/INFO] [SuperResolution/]: SR_DIAG BEFORE_PASS:composite5 fbo=16 attachment=8ce0 texture=64 mip=0 size=854x480 internalFormat=881a
[02Oct2026 17:52:07.583] [Render thread/INFO] [SuperResolution/]: SR_DIAG AFTER_PASS:composite5 render=( 5.020E+2  2.820E+2) display=( 8.540E+2  4.800E+2) region-1=( 5.020E+2  2.820E+2) region-2=( 8.540E+2  4.800E+2) viewport=[0,0,854,480] scissor=[0,128,854,256]/false drawFbo=17 readFbo=17 drawBuffer=36064 readBuffer=36064 drawStatus=8cd5
[02Oct2026 17:52:07.583] [Render thread/INFO] [SuperResolution/]: SR_DIAG AFTER_PASS:composite5 fbo=17 attachment=8ce0 texture=63 mip=0 size=854x480 internalFormat=881a
[02Oct2026 17:52:07.583] [Render thread/INFO] [SuperResolution/]: SR_DIAG BEFORE_PASS:composite6 render=( 5.020E+2  2.820E+2) display=( 8.540E+2  4.800E+2) region-1=( 5.020E+2  2.820E+2) region-2=( 8.540E+2  4.800E+2) viewport=[0,0,854,480] scissor=[0,128,854,256]/false drawFbo=17 readFbo=17 drawBuffer=36064 readBuffer=36064 drawStatus=8cd5
[02Oct2026 17:52:07.583] [Render thread/INFO] [SuperResolution/]: SR_DIAG BEFORE_PASS:composite6 fbo=17 attachment=8ce0 texture=63 mip=0 size=854x480 internalFormat=881a
[02Oct2026 17:52:07.583] [Render thread/INFO] [SuperResolution/]: SR_DIAG AFTER_PASS:composite6 render=( 5.020E+2  2.820E+2) display=( 8.540E+2  4.800E+2) region-1=( 5.020E+2  2.820E+2) region-2=( 8.540E+2  4.800E+2) viewport=[0,0,854,480] scissor=[0,128,854,256]/false drawFbo=18 readFbo=18 drawBuffer=36064 readBuffer=36064 drawStatus=8cd5
[02Oct2026 17:52:07.583] [Render thread/INFO] [SuperResolution/]: SR_DIAG AFTER_PASS:composite6 fbo=18 attachment=8ce0 texture=64 mip=0 size=854x480 internalFormat=881a
[02Oct2026 17:52:07.583] [Render thread/INFO] [SuperResolution/]: SR_DIAG BEFORE_PASS:composite7 render=( 5.020E+2  2.820E+2) display=( 8.540E+2  4.800E+2) region-1=( 5.020E+2  2.820E+2) region-2=( 8.540E+2  4.800E+2) viewport=[0,0,854,480] scissor=[0,128,854,256]/false drawFbo=18 readFbo=18 drawBuffer=36064 readBuffer=36064 drawStatus=8cd5
[02Oct2026 17:52:07.583] [Render thread/INFO] [SuperResolution/]: SR_DIAG BEFORE_PASS:composite7 fbo=18 attachment=8ce0 texture=64 mip=0 size=854x480 internalFormat=881a
[02Oct2026 17:52:07.583] [Render thread/INFO] [SuperResolution/]: SR_DIAG BEFORE_SR render=( 5.020E+2  2.820E+2) display=( 8.540E+2  4.800E+2) region-1=( 5.020E+2  2.820E+2) region-2=( 8.540E+2  4.800E+2) viewport=[0,0,854,480] scissor=[0,128,854,256]/false drawFbo=18 readFbo=18 drawBuffer=36064 readBuffer=36064 drawStatus=8cd5
[02Oct2026 17:52:07.583] [Render thread/INFO] [SuperResolution/]: SR_DIAG BEFORE_SR fbo=18 attachment=8ce0 texture=64 mip=0 size=854x480 internalFormat=881a
[02Oct2026 17:52:07.583] [Render thread/INFO] [SuperResolution/]: SR_DIAG texture color id=64 size=854x480 format=RGBA16F target/type=Texture2D glInternalFormat=881a
[02Oct2026 17:52:07.583] [Render thread/INFO] [SuperResolution/]: SR_DIAG texture depth id=3 size=854x480 format=DEPTH24 target/type=Texture2D glInternalFormat=1902
[02Oct2026 17:52:07.583] [Render thread/INFO] [SuperResolution/]: SR_DIAG depth depth id=3 bits=24 componentType=8c17
[02Oct2026 17:52:07.583] [Render thread/INFO] [SuperResolution/]: SR_DIAG texture motion_vectors id=83 size=854x480 format=RGBA16F target/type=Texture2D glInternalFormat=881a
[02Oct2026 17:52:07.583] [Render thread/INFO] [SuperResolution/]: SR_DIAG texture algorithm_color id=92 size=502x282 format=RGBA16F target/type=Texture2D glInternalFormat=881a
[02Oct2026 17:52:07.583] [Render thread/INFO] [SuperResolution/]: SR_DIAG texture algorithm_depth id=94 size=502x282 format=DEPTH24 target/type=Texture2D glInternalFormat=81a6
[02Oct2026 17:52:07.584] [Render thread/INFO] [SuperResolution/]: SR_DIAG depth algorithm_depth id=94 bits=24 componentType=8c17
[02Oct2026 17:52:07.584] [Render thread/INFO] [SuperResolution/]: SR_DIAG texture algorithm_motion_vectors id=95 size=502x282 format=RGBA16F target/type=Texture2D glInternalFormat=881a
[02Oct2026 17:52:07.732] [Render thread/INFO] [SuperResolution/]: SR_DIAG texture SR_output id=85 size=854x480 format=RGBA16F target/type=Texture2D glInternalFormat=881a
[02Oct2026 17:52:07.732] [Render thread/INFO] [SuperResolution/]: SR_DIAG texture autotex3/output_target id=64 size=854x480 format=RGBA16F target/type=Texture2D glInternalFormat=881a
[02Oct2026 17:52:07.732] [Render thread/INFO] [SuperResolution/]: SR_DIAG AFTER_SR render=( 5.020E+2  2.820E+2) display=( 8.540E+2  4.800E+2) region-1=( 5.020E+2  2.820E+2) region-2=( 8.540E+2  4.800E+2) viewport=[0,0,854,480] scissor=[0,128,854,256]/false drawFbo=18 readFbo=18 drawBuffer=36064 readBuffer=36064 drawStatus=8cd5
[02Oct2026 17:52:07.732] [Render thread/INFO] [SuperResolution/]: SR_DIAG AFTER_SR fbo=18 attachment=8ce0 texture=64 mip=0 size=854x480 internalFormat=881a
[02Oct2026 17:52:07.732] [Render thread/INFO] [SuperResolution/]: SR_DIAG AFTER_PASS:composite7 render=( 5.020E+2  2.820E+2) display=( 8.540E+2  4.800E+2) region-1=( 5.020E+2  2.820E+2) region-2=( 8.540E+2  4.800E+2) viewport=[0,0,854,480] scissor=[0,128,854,256]/false drawFbo=19 readFbo=19 drawBuffer=36064 readBuffer=36064 drawStatus=8cd5
[02Oct2026 17:52:07.732] [Render thread/INFO] [SuperResolution/]: SR_DIAG AFTER_PASS:composite7 fbo=19 attachment=8ce0 texture=63 mip=0 size=854x480 internalFormat=881a
[02Oct2026 17:52:07.732] [Render thread/INFO] [SuperResolution/]: SR_DIAG FINAL_PIPELINE render=( 5.020E+2  2.820E+2) display=( 8.540E+2  4.800E+2) region-1=( 5.020E+2  2.820E+2) region-2=( 8.540E+2  4.800E+2) viewport=[0,0,854,480] scissor=[0,128,854,256]/false drawFbo=1 readFbo=1 drawBuffer=36064 readBuffer=36064 drawStatus=8cd5
[02Oct2026 17:52:07.732] [Render thread/INFO] [SuperResolution/]: SR_DIAG FINAL_PIPELINE fbo=1 attachment=8ce0 texture=2 mip=0 size=854x480 internalFormat=8058
[02Oct2026 17:52:07.732] [Render thread/INFO] [SuperResolution/]: SR_DIAG FINAL_PIPELINE fbo=1 attachment=8d00 texture=3 mip=0 size=854x480 internalFormat=1902
[02Oct2026 17:52:17.589] [Render thread/INFO] [SuperResolution/]: SR_DIAG BEFORE_PASS:deferred1 render=( 5.020E+2  2.820E+2) display=( 8.540E+2  4.800E+2) region-1=( 5.020E+2  2.820E+2) region-2=( 8.540E+2  4.800E+2) viewport=[0,0,854,480] scissor=[0,128,854,256]/false drawFbo=1 readFbo=1 drawBuffer=36064 readBuffer=36064 drawStatus=8cd5
[02Oct2026 17:52:17.590] [Render thread/INFO] [SuperResolution/]: SR_DIAG BEFORE_PASS:deferred1 fbo=1 attachment=8ce0 texture=2 mip=0 size=854x480 internalFormat=8058
[02Oct2026 17:52:17.590] [Render thread/INFO] [SuperResolution/]: SR_DIAG BEFORE_PASS:deferred1 fbo=1 attachment=8d00 texture=3 mip=0 size=854x480 internalFormat=1902
[02Oct2026 17:52:17.590] [Render thread/INFO] [SuperResolution/]: SR_DIAG AFTER_PASS:deferred1 render=( 5.020E+2  2.820E+2) display=( 8.540E+2  4.800E+2) region-1=( 5.020E+2  2.820E+2) region-2=( 8.540E+2  4.800E+2) viewport=[0,0,854,480] scissor=[0,128,854,256]/false drawFbo=12 readFbo=12 drawBuffer=36064 readBuffer=36064 drawStatus=8cd5
[02Oct2026 17:52:17.590] [Render thread/INFO] [SuperResolution/]: SR_DIAG AFTER_PASS:deferred1 fbo=12 attachment=8ce0 texture=49 mip=0 size=854x480 internalFormat=8c3a
[02Oct2026 17:52:17.590] [Render thread/INFO] [SuperResolution/]: SR_DIAG BEFORE_PASS:composite render=( 5.020E+2  2.820E+2) display=( 8.540E+2  4.800E+2) region-1=( 5.020E+2  2.820E+2) region-2=( 8.540E+2  4.800E+2) viewport=[0,0,854,480] scissor=[0,128,854,256]/false drawFbo=1 readFbo=1 drawBuffer=36064 readBuffer=36064 drawStatus=8cd5
[02Oct2026 17:52:17.590] [Render thread/INFO] [SuperResolution/]: SR_DIAG BEFORE_PASS:composite fbo=1 attachment=8ce0 texture=2 mip=0 size=854x480 internalFormat=8058
[02Oct2026 17:52:17.590] [Render thread/INFO] [SuperResolution/]: SR_DIAG BEFORE_PASS:composite fbo=1 attachment=8d00 texture=3 mip=0 size=854x480 internalFormat=1902
[02Oct2026 17:52:17.590] [Render thread/INFO] [SuperResolution/]: SR_DIAG AFTER_PASS:composite render=( 5.020E+2  2.820E+2) display=( 8.540E+2  4.800E+2) region-1=( 5.020E+2  2.820E+2) region-2=( 8.540E+2  4.800E+2) viewport=[0,0,427,240] scissor=[0,128,854,256]/false drawFbo=13 readFbo=13 drawBuffer=36064 readBuffer=36064 drawStatus=8cd5
[02Oct2026 17:52:17.590] [Render thread/INFO] [SuperResolution/]: SR_DIAG AFTER_PASS:composite fbo=13 attachment=8ce0 texture=77 mip=0 size=427x240 internalFormat=881a
[02Oct2026 17:52:17.590] [Render thread/INFO] [SuperResolution/]: SR_DIAG BEFORE_PASS:composite1 render=( 5.020E+2  2.820E+2) display=( 8.540E+2  4.800E+2) region-1=( 5.020E+2  2.820E+2) region-2=( 8.540E+2  4.800E+2) viewport=[0,0,427,240] scissor=[0,128,854,256]/false drawFbo=13 readFbo=13 drawBuffer=36064 readBuffer=36064 drawStatus=8cd5
[02Oct2026 17:52:17.590] [Render thread/INFO] [SuperResolution/]: SR_DIAG BEFORE_PASS:composite1 fbo=13 attachment=8ce0 texture=77 mip=0 size=427x240 internalFormat=881a
[02Oct2026 17:52:17.590] [Render thread/INFO] [SuperResolution/]: SR_DIAG AFTER_PASS:composite1 render=( 5.020E+2  2.820E+2) display=( 8.540E+2  4.800E+2) region-1=( 5.020E+2  2.820E+2) region-2=( 8.540E+2  4.800E+2) viewport=[0,0,854,480] scissor=[0,128,854,256]/false drawFbo=14 readFbo=14 drawBuffer=36064 readBuffer=36064 drawStatus=8cd5
[02Oct2026 17:52:17.590] [Render thread/INFO] [SuperResolution/]: SR_DIAG AFTER_PASS:composite1 fbo=14 attachment=8ce0 texture=48 mip=0 size=854x480 internalFormat=8c3a
[02Oct2026 17:52:17.590] [Render thread/INFO] [SuperResolution/]: SR_DIAG BEFORE_PASS:composite3 render=( 5.020E+2  2.820E+2) display=( 8.540E+2  4.800E+2) region-1=( 5.020E+2  2.820E+2) region-2=( 8.540E+2  4.800E+2) viewport=[0,0,854,480] scissor=[0,128,854,256]/false drawFbo=14 readFbo=14 drawBuffer=36064 readBuffer=36064 drawStatus=8cd5
[02Oct2026 17:52:17.590] [Render thread/INFO] [SuperResolution/]: SR_DIAG BEFORE_PASS:composite3 fbo=14 attachment=8ce0 texture=48 mip=0 size=854x480 internalFormat=8c3a
[02Oct2026 17:52:17.591] [Render thread/INFO] [SuperResolution/]: SR_DIAG AFTER_PASS:composite3 render=( 5.020E+2  2.820E+2) display=( 8.540E+2  4.800E+2) region-1=( 5.020E+2  2.820E+2) region-2=( 8.540E+2  4.800E+2) viewport=[0,0,854,480] scissor=[0,128,854,256]/false drawFbo=15 readFbo=15 drawBuffer=36064 readBuffer=36064 drawStatus=8cd5
[02Oct2026 17:52:17.591] [Render thread/INFO] [SuperResolution/]: SR_DIAG AFTER_PASS:composite3 fbo=15 attachment=8ce0 texture=49 mip=0 size=854x480 internalFormat=8c3a
[02Oct2026 17:52:17.591] [Render thread/INFO] [SuperResolution/]: SR_DIAG BEFORE_PASS:composite4 render=( 5.020E+2  2.820E+2) display=( 8.540E+2  4.800E+2) region-1=( 5.020E+2  2.820E+2) region-2=( 8.540E+2  4.800E+2) viewport=[0,0,854,480] scissor=[0,128,854,256]/false drawFbo=15 readFbo=15 drawBuffer=36064 readBuffer=36064 drawStatus=8cd5
[02Oct2026 17:52:17.591] [Render thread/INFO] [SuperResolution/]: SR_DIAG BEFORE_PASS:composite4 fbo=15 attachment=8ce0 texture=49 mip=0 size=854x480 internalFormat=8c3a
[02Oct2026 17:52:17.591] [Render thread/INFO] [SuperResolution/]: SR_DIAG AFTER_PASS:composite4 render=( 5.020E+2  2.820E+2) display=( 8.540E+2  4.800E+2) region-1=( 5.020E+2  2.820E+2) region-2=( 8.540E+2  4.800E+2) viewport=[0,0,854,480] scissor=[0,128,854,256]/false drawFbo=16 readFbo=16 drawBuffer=36064 readBuffer=36064 drawStatus=8cd5
[02Oct2026 17:52:17.591] [Render thread/INFO] [SuperResolution/]: SR_DIAG AFTER_PASS:composite4 fbo=16 attachment=8ce0 texture=64 mip=0 size=854x480 internalFormat=881a
[02Oct2026 17:52:17.591] [Render thread/INFO] [SuperResolution/]: SR_DIAG BEFORE_PASS:composite5 render=( 5.020E+2  2.820E+2) display=( 8.540E+2  4.800E+2) region-1=( 5.020E+2  2.820E+2) region-2=( 8.540E+2  4.800E+2) viewport=[0,0,854,480] scissor=[0,128,854,256]/false drawFbo=16 readFbo=16 drawBuffer=36064 readBuffer=36064 drawStatus=8cd5
[02Oct2026 17:52:17.591] [Render thread/INFO] [SuperResolution/]: SR_DIAG BEFORE_PASS:composite5 fbo=16 attachment=8ce0 texture=64 mip=0 size=854x480 internalFormat=881a
[02Oct2026 17:52:17.591] [Render thread/INFO] [SuperResolution/]: SR_DIAG AFTER_PASS:composite5 render=( 5.020E+2  2.820E+2) display=( 8.540E+2  4.800E+2) region-1=( 5.020E+2  2.820E+2) region-2=( 8.540E+2  4.800E+2) viewport=[0,0,854,480] scissor=[0,128,854,256]/false drawFbo=17 readFbo=17 drawBuffer=36064 readBuffer=36064 drawStatus=8cd5
[02Oct2026 17:52:17.591] [Render thread/INFO] [SuperResolution/]: SR_DIAG AFTER_PASS:composite5 fbo=17 attachment=8ce0 texture=63 mip=0 size=854x480 internalFormat=881a
[02Oct2026 17:52:17.591] [Render thread/INFO] [SuperResolution/]: SR_DIAG BEFORE_PASS:composite6 render=( 5.020E+2  2.820E+2) display=( 8.540E+2  4.800E+2) region-1=( 5.020E+2  2.820E+2) region-2=( 8.540E+2  4.800E+2) viewport=[0,0,854,480] scissor=[0,128,854,256]/false drawFbo=17 readFbo=17 drawBuffer=36064 readBuffer=36064 drawStatus=8cd5
[02Oct2026 17:52:17.591] [Render thread/INFO] [SuperResolution/]: SR_DIAG BEFORE_PASS:composite6 fbo=17 attachment=8ce0 texture=63 mip=0 size=854x480 internalFormat=881a
[02Oct2026 17:52:17.591] [Render thread/INFO] [SuperResolution/]: SR_DIAG AFTER_PASS:composite6 render=( 5.020E+2  2.820E+2) display=( 8.540E+2  4.800E+2) region-1=( 5.020E+2  2.820E+2) region-2=( 8.540E+2  4.800E+2) viewport=[0,0,854,480] scissor=[0,128,854,256]/false drawFbo=18 readFbo=18 drawBuffer=36064 readBuffer=36064 drawStatus=8cd5
[02Oct2026 17:52:17.591] [Render thread/INFO] [SuperResolution/]: SR_DIAG AFTER_PASS:composite6 fbo=18 attachment=8ce0 texture=64 mip=0 size=854x480 internalFormat=881a
[02Oct2026 17:52:17.591] [Render thread/INFO] [SuperResolution/]: SR_DIAG BEFORE_PASS:composite7 render=( 5.020E+2  2.820E+2) display=( 8.540E+2  4.800E+2) region-1=( 5.020E+2  2.820E+2) region-2=( 8.540E+2  4.800E+2) viewport=[0,0,854,480] scissor=[0,128,854,256]/false drawFbo=18 readFbo=18 drawBuffer=36064 readBuffer=36064 drawStatus=8cd5
[02Oct2026 17:52:17.591] [Render thread/INFO] [SuperResolution/]: SR_DIAG BEFORE_PASS:composite7 fbo=18 attachment=8ce0 texture=64 mip=0 size=854x480 internalFormat=881a
[02Oct2026 17:52:17.591] [Render thread/INFO] [SuperResolution/]: SR_DIAG BEFORE_SR render=( 5.020E+2  2.820E+2) display=( 8.540E+2  4.800E+2) region-1=( 5.020E+2  2.820E+2) region-2=( 8.540E+2  4.800E+2) viewport=[0,0,854,480] scissor=[0,128,854,256]/false drawFbo=18 readFbo=18 drawBuffer=36064 readBuffer=36064 drawStatus=8cd5
[02Oct2026 17:52:17.591] [Render thread/INFO] [SuperResolution/]: SR_DIAG BEFORE_SR fbo=18 attachment=8ce0 texture=64 mip=0 size=854x480 internalFormat=881a
[02Oct2026 17:52:17.592] [Render thread/INFO] [SuperResolution/]: SR_DIAG texture color id=64 size=854x480 format=RGBA16F target/type=Texture2D glInternalFormat=881a
[02Oct2026 17:52:17.592] [Render thread/INFO] [SuperResolution/]: SR_DIAG texture depth id=3 size=854x480 format=DEPTH24 target/type=Texture2D glInternalFormat=1902
[02Oct2026 17:52:17.592] [Render thread/INFO] [SuperResolution/]: SR_DIAG depth depth id=3 bits=24 componentType=8c17
[02Oct2026 17:52:17.592] [Render thread/INFO] [SuperResolution/]: SR_DIAG texture motion_vectors id=83 size=854x480 format=RGBA16F target/type=Texture2D glInternalFormat=881a
[02Oct2026 17:52:17.592] [Render thread/INFO] [SuperResolution/]: SR_DIAG texture algorithm_color id=92 size=502x282 format=RGBA16F target/type=Texture2D glInternalFormat=881a
[02Oct2026 17:52:17.592] [Render thread/INFO] [SuperResolution/]: SR_DIAG texture algorithm_depth id=94 size=502x282 format=DEPTH24 target/type=Texture2D glInternalFormat=81a6
[02Oct2026 17:52:17.592] [Render thread/INFO] [SuperResolution/]: SR_DIAG depth algorithm_depth id=94 bits=24 componentType=8c17
[02Oct2026 17:52:17.592] [Render thread/INFO] [SuperResolution/]: SR_DIAG texture algorithm_motion_vectors id=95 size=502x282 format=RGBA16F target/type=Texture2D glInternalFormat=881a
[02Oct2026 17:52:17.740] [Render thread/INFO] [SuperResolution/]: SR_DIAG texture SR_output id=85 size=854x480 format=RGBA16F target/type=Texture2D glInternalFormat=881a
[02Oct2026 17:52:17.740] [Render thread/INFO] [SuperResolution/]: SR_DIAG texture autotex3/output_target id=64 size=854x480 format=RGBA16F target/type=Texture2D glInternalFormat=881a
[02Oct2026 17:52:17.740] [Render thread/INFO] [SuperResolution/]: SR_DIAG AFTER_SR render=( 5.020E+2  2.820E+2) display=( 8.540E+2  4.800E+2) region-1=( 5.020E+2  2.820E+2) region-2=( 8.540E+2  4.800E+2) viewport=[0,0,854,480] scissor=[0,128,854,256]/false drawFbo=18 readFbo=18 drawBuffer=36064 readBuffer=36064 drawStatus=8cd5
[02Oct2026 17:52:17.740] [Render thread/INFO] [SuperResolution/]: SR_DIAG AFTER_SR fbo=18 attachment=8ce0 texture=64 mip=0 size=854x480 internalFormat=881a
[02Oct2026 17:52:17.740] [Render thread/INFO] [SuperResolution/]: SR_DIAG AFTER_PASS:composite7 render=( 5.020E+2  2.820E+2) display=( 8.540E+2  4.800E+2) region-1=( 5.020E+2  2.820E+2) region-2=( 8.540E+2  4.800E+2) viewport=[0,0,854,480] scissor=[0,128,854,256]/false drawFbo=19 readFbo=19 drawBuffer=36064 readBuffer=36064 drawStatus=8cd5
[02Oct2026 17:52:17.740] [Render thread/INFO] [SuperResolution/]: SR_DIAG AFTER_PASS:composite7 fbo=19 attachment=8ce0 texture=63 mip=0 size=854x480 internalFormat=881a
[02Oct2026 17:52:17.741] [Render thread/INFO] [SuperResolution/]: SR_DIAG FINAL_PIPELINE render=( 5.020E+2  2.820E+2) display=( 8.540E+2  4.800E+2) region-1=( 5.020E+2  2.820E+2) region-2=( 8.540E+2  4.800E+2) viewport=[0,0,854,480] scissor=[0,128,854,256]/false drawFbo=1 readFbo=1 drawBuffer=36064 readBuffer=36064 drawStatus=8cd5
[02Oct2026 17:52:17.741] [Render thread/INFO] [SuperResolution/]: SR_DIAG FINAL_PIPELINE fbo=1 attachment=8ce0 texture=2 mip=0 size=854x480 internalFormat=8058
[02Oct2026 17:52:17.741] [Render thread/INFO] [SuperResolution/]: SR_DIAG FINAL_PIPELINE fbo=1 attachment=8d00 texture=3 mip=0 size=854x480 internalFormat=1902
[02Oct2026 17:52:27.595] [Render thread/INFO] [SuperResolution/]: SR_DIAG BEFORE_PASS:deferred1 render=( 5.020E+2  2.820E+2) display=( 8.540E+2  4.800E+2) region-1=( 5.020E+2  2.820E+2) region-2=( 8.540E+2  4.800E+2) viewport=[0,0,854,480] scissor=[0,128,854,256]/false drawFbo=1 readFbo=1 drawBuffer=36064 readBuffer=36064 drawStatus=8cd5
[02Oct2026 17:52:27.596] [Render thread/INFO] [SuperResolution/]: SR_DIAG BEFORE_PASS:deferred1 fbo=1 attachment=8ce0 texture=2 mip=0 size=854x480 internalFormat=8058
[02Oct2026 17:52:27.596] [Render thread/INFO] [SuperResolution/]: SR_DIAG BEFORE_PASS:deferred1 fbo=1 attachment=8d00 texture=3 mip=0 size=854x480 internalFormat=1902
[02Oct2026 17:52:27.596] [Render thread/INFO] [SuperResolution/]: SR_DIAG AFTER_PASS:deferred1 render=( 5.020E+2  2.820E+2) display=( 8.540E+2  4.800E+2) region-1=( 5.020E+2  2.820E+2) region-2=( 8.540E+2  4.800E+2) viewport=[0,0,854,480] scissor=[0,128,854,256]/false drawFbo=12 readFbo=12 drawBuffer=36064 readBuffer=36064 drawStatus=8cd5
[02Oct2026 17:52:27.596] [Render thread/INFO] [SuperResolution/]: SR_DIAG AFTER_PASS:deferred1 fbo=12 attachment=8ce0 texture=49 mip=0 size=854x480 internalFormat=8c3a
[02Oct2026 17:52:27.596] [Render thread/INFO] [SuperResolution/]: SR_DIAG BEFORE_PASS:composite render=( 5.020E+2  2.820E+2) display=( 8.540E+2  4.800E+2) region-1=( 5.020E+2  2.820E+2) region-2=( 8.540E+2  4.800E+2) viewport=[0,0,854,480] scissor=[0,128,854,256]/false drawFbo=1 readFbo=1 drawBuffer=36064 readBuffer=36064 drawStatus=8cd5
[02Oct2026 17:52:27.596] [Render thread/INFO] [SuperResolution/]: SR_DIAG BEFORE_PASS:composite fbo=1 attachment=8ce0 texture=2 mip=0 size=854x480 internalFormat=8058
[02Oct2026 17:52:27.596] [Render thread/INFO] [SuperResolution/]: SR_DIAG BEFORE_PASS:composite fbo=1 attachment=8d00 texture=3 mip=0 size=854x480 internalFormat=1902
[02Oct2026 17:52:27.596] [Render thread/INFO] [SuperResolution/]: SR_DIAG AFTER_PASS:composite render=( 5.020E+2  2.820E+2) display=( 8.540E+2  4.800E+2) region-1=( 5.020E+2  2.820E+2) region-2=( 8.540E+2  4.800E+2) viewport=[0,0,427,240] scissor=[0,128,854,256]/false drawFbo=13 readFbo=13 drawBuffer=36064 readBuffer=36064 drawStatus=8cd5
[02Oct2026 17:52:27.596] [Render thread/INFO] [SuperResolution/]: SR_DIAG AFTER_PASS:composite fbo=13 attachment=8ce0 texture=77 mip=0 size=427x240 internalFormat=881a
[02Oct2026 17:52:27.596] [Render thread/INFO] [SuperResolution/]: SR_DIAG BEFORE_PASS:composite1 render=( 5.020E+2  2.820E+2) display=( 8.540E+2  4.800E+2) region-1=( 5.020E+2  2.820E+2) region-2=( 8.540E+2  4.800E+2) viewport=[0,0,427,240] scissor=[0,128,854,256]/false drawFbo=13 readFbo=13 drawBuffer=36064 readBuffer=36064 drawStatus=8cd5
[02Oct2026 17:52:27.596] [Render thread/INFO] [SuperResolution/]: SR_DIAG BEFORE_PASS:composite1 fbo=13 attachment=8ce0 texture=77 mip=0 size=427x240 internalFormat=881a
[02Oct2026 17:52:27.596] [Render thread/INFO] [SuperResolution/]: SR_DIAG AFTER_PASS:composite1 render=( 5.020E+2  2.820E+2) display=( 8.540E+2  4.800E+2) region-1=( 5.020E+2  2.820E+2) region-2=( 8.540E+2  4.800E+2) viewport=[0,0,854,480] scissor=[0,128,854,256]/false drawFbo=14 readFbo=14 drawBuffer=36064 readBuffer=36064 drawStatus=8cd5
[02Oct2026 17:52:27.596] [Render thread/INFO] [SuperResolution/]: SR_DIAG AFTER_PASS:composite1 fbo=14 attachment=8ce0 texture=48 mip=0 size=854x480 internalFormat=8c3a
[02Oct2026 17:52:27.596] [Render thread/INFO] [SuperResolution/]: SR_DIAG BEFORE_PASS:composite3 render=( 5.020E+2  2.820E+2) display=( 8.540E+2  4.800E+2) region-1=( 5.020E+2  2.820E+2) region-2=( 8.540E+2  4.800E+2) viewport=[0,0,854,480] scissor=[0,128,854,256]/false drawFbo=14 readFbo=14 drawBuffer=36064 readBuffer=36064 drawStatus=8cd5
[02Oct2026 17:52:27.596] [Render thread/INFO] [SuperResolution/]: SR_DIAG BEFORE_PASS:composite3 fbo=14 attachment=8ce0 texture=48 mip=0 size=854x480 internalFormat=8c3a
[02Oct2026 17:52:27.596] [Render thread/INFO] [SuperResolution/]: SR_DIAG AFTER_PASS:composite3 render=( 5.020E+2  2.820E+2) display=( 8.540E+2  4.800E+2) region-1=( 5.020E+2  2.820E+2) region-2=( 8.540E+2  4.800E+2) viewport=[0,0,854,480] scissor=[0,128,854,256]/false drawFbo=15 readFbo=15 drawBuffer=36064 readBuffer=36064 drawStatus=8cd5
[02Oct2026 17:52:27.596] [Render thread/INFO] [SuperResolution/]: SR_DIAG AFTER_PASS:composite3 fbo=15 attachment=8ce0 texture=49 mip=0 size=854x480 internalFormat=8c3a
[02Oct2026 17:52:27.596] [Render thread/INFO] [SuperResolution/]: SR_DIAG BEFORE_PASS:composite4 render=( 5.020E+2  2.820E+2) display=( 8.540E+2  4.800E+2) region-1=( 5.020E+2  2.820E+2) region-2=( 8.540E+2  4.800E+2) viewport=[0,0,854,480] scissor=[0,128,854,256]/false drawFbo=15 readFbo=15 drawBuffer=36064 readBuffer=36064 drawStatus=8cd5
[02Oct2026 17:52:27.596] [Render thread/INFO] [SuperResolution/]: SR_DIAG BEFORE_PASS:composite4 fbo=15 attachment=8ce0 texture=49 mip=0 size=854x480 internalFormat=8c3a
[02Oct2026 17:52:27.598] [Render thread/INFO] [SuperResolution/]: SR_DIAG AFTER_PASS:composite4 render=( 5.020E+2  2.820E+2) display=( 8.540E+2  4.800E+2) region-1=( 5.020E+2  2.820E+2) region-2=( 8.540E+2  4.800E+2) viewport=[0,0,854,480] scissor=[0,128,854,256]/false drawFbo=16 readFbo=16 drawBuffer=36064 readBuffer=36064 drawStatus=8cd5
[02Oct2026 17:52:27.598] [Render thread/INFO] [SuperResolution/]: SR_DIAG AFTER_PASS:composite4 fbo=16 attachment=8ce0 texture=64 mip=0 size=854x480 internalFormat=881a
[02Oct2026 17:52:27.598] [Render thread/INFO] [SuperResolution/]: SR_DIAG BEFORE_PASS:composite5 render=( 5.020E+2  2.820E+2) display=( 8.540E+2  4.800E+2) region-1=( 5.020E+2  2.820E+2) region-2=( 8.540E+2  4.800E+2) viewport=[0,0,854,480] scissor=[0,128,854,256]/false drawFbo=16 readFbo=16 drawBuffer=36064 readBuffer=36064 drawStatus=8cd5
[02Oct2026 17:52:27.598] [Render thread/INFO] [SuperResolution/]: SR_DIAG BEFORE_PASS:composite5 fbo=16 attachment=8ce0 texture=64 mip=0 size=854x480 internalFormat=881a
[02Oct2026 17:52:27.598] [Render thread/INFO] [SuperResolution/]: SR_DIAG AFTER_PASS:composite5 render=( 5.020E+2  2.820E+2) display=( 8.540E+2  4.800E+2) region-1=( 5.020E+2  2.820E+2) region-2=( 8.540E+2  4.800E+2) viewport=[0,0,854,480] scissor=[0,128,854,256]/false drawFbo=17 readFbo=17 drawBuffer=36064 readBuffer=36064 drawStatus=8cd5
[02Oct2026 17:52:27.598] [Render thread/INFO] [SuperResolution/]: SR_DIAG AFTER_PASS:composite5 fbo=17 attachment=8ce0 texture=63 mip=0 size=854x480 internalFormat=881a
[02Oct2026 17:52:27.598] [Render thread/INFO] [SuperResolution/]: SR_DIAG BEFORE_PASS:composite6 render=( 5.020E+2  2.820E+2) display=( 8.540E+2  4.800E+2) region-1=( 5.020E+2  2.820E+2) region-2=( 8.540E+2  4.800E+2) viewport=[0,0,854,480] scissor=[0,128,854,256]/false drawFbo=17 readFbo=17 drawBuffer=36064 readBuffer=36064 drawStatus=8cd5
[02Oct2026 17:52:27.598] [Render thread/INFO] [SuperResolution/]: SR_DIAG BEFORE_PASS:composite6 fbo=17 attachment=8ce0 texture=63 mip=0 size=854x480 internalFormat=881a
[02Oct2026 17:52:27.598] [Render thread/INFO] [SuperResolution/]: SR_DIAG AFTER_PASS:composite6 render=( 5.020E+2  2.820E+2) display=( 8.540E+2  4.800E+2) region-1=( 5.020E+2  2.820E+2) region-2=( 8.540E+2  4.800E+2) viewport=[0,0,854,480] scissor=[0,128,854,256]/false drawFbo=18 readFbo=18 drawBuffer=36064 readBuffer=36064 drawStatus=8cd5
[02Oct2026 17:52:27.598] [Render thread/INFO] [SuperResolution/]: SR_DIAG AFTER_PASS:composite6 fbo=18 attachment=8ce0 texture=64 mip=0 size=854x480 internalFormat=881a
[02Oct2026 17:52:27.598] [Render thread/INFO] [SuperResolution/]: SR_DIAG BEFORE_PASS:composite7 render=( 5.020E+2  2.820E+2) display=( 8.540E+2  4.800E+2) region-1=( 5.020E+2  2.820E+2) region-2=( 8.540E+2  4.800E+2) viewport=[0,0,854,480] scissor=[0,128,854,256]/false drawFbo=18 readFbo=18 drawBuffer=36064 readBuffer=36064 drawStatus=8cd5
[02Oct2026 17:52:27.598] [Render thread/INFO] [SuperResolution/]: SR_DIAG BEFORE_PASS:composite7 fbo=18 attachment=8ce0 texture=64 mip=0 size=854x480 internalFormat=881a
[02Oct2026 17:52:27.598] [Render thread/INFO] [SuperResolution/]: SR_DIAG BEFORE_SR render=( 5.020E+2  2.820E+2) display=( 8.540E+2  4.800E+2) region-1=( 5.020E+2  2.820E+2) region-2=( 8.540E+2  4.800E+2) viewport=[0,0,854,480] scissor=[0,128,854,256]/false drawFbo=18 readFbo=18 drawBuffer=36064 readBuffer=36064 drawStatus=8cd5
[02Oct2026 17:52:27.598] [Render thread/INFO] [SuperResolution/]: SR_DIAG BEFORE_SR fbo=18 attachment=8ce0 texture=64 mip=0 size=854x480 internalFormat=881a
[02Oct2026 17:52:27.598] [Render thread/INFO] [SuperResolution/]: SR_DIAG texture color id=64 size=854x480 format=RGBA16F target/type=Texture2D glInternalFormat=881a
[02Oct2026 17:52:27.598] [Render thread/INFO] [SuperResolution/]: SR_DIAG texture depth id=3 size=854x480 format=DEPTH24 target/type=Texture2D glInternalFormat=1902
[02Oct2026 17:52:27.599] [Render thread/INFO] [SuperResolution/]: SR_DIAG depth depth id=3 bits=24 componentType=8c17
[02Oct2026 17:52:27.599] [Render thread/INFO] [SuperResolution/]: SR_DIAG texture motion_vectors id=83 size=854x480 format=RGBA16F target/type=Texture2D glInternalFormat=881a
[02Oct2026 17:52:27.599] [Render thread/INFO] [SuperResolution/]: SR_DIAG texture algorithm_color id=92 size=502x282 format=RGBA16F target/type=Texture2D glInternalFormat=881a
[02Oct2026 17:52:27.599] [Render thread/INFO] [SuperResolution/]: SR_DIAG texture algorithm_depth id=94 size=502x282 format=DEPTH24 target/type=Texture2D glInternalFormat=81a6
[02Oct2026 17:52:27.599] [Render thread/INFO] [SuperResolution/]: SR_DIAG depth algorithm_depth id=94 bits=24 componentType=8c17
[02Oct2026 17:52:27.599] [Render thread/INFO] [SuperResolution/]: SR_DIAG texture algorithm_motion_vectors id=95 size=502x282 format=RGBA16F target/type=Texture2D glInternalFormat=881a
[02Oct2026 17:52:27.743] [Render thread/INFO] [SuperResolution/]: SR_DIAG texture SR_output id=85 size=854x480 format=RGBA16F target/type=Texture2D glInternalFormat=881a
[02Oct2026 17:52:27.743] [Render thread/INFO] [SuperResolution/]: SR_DIAG texture autotex3/output_target id=64 size=854x480 format=RGBA16F target/type=Texture2D glInternalFormat=881a
[02Oct2026 17:52:27.743] [Render thread/INFO] [SuperResolution/]: SR_DIAG AFTER_SR render=( 5.020E+2  2.820E+2) display=( 8.540E+2  4.800E+2) region-1=( 5.020E+2  2.820E+2) region-2=( 8.540E+2  4.800E+2) viewport=[0,0,854,480] scissor=[0,128,854,256]/false drawFbo=18 readFbo=18 drawBuffer=36064 readBuffer=36064 drawStatus=8cd5
[02Oct2026 17:52:27.743] [Render thread/INFO] [SuperResolution/]: SR_DIAG AFTER_SR fbo=18 attachment=8ce0 texture=64 mip=0 size=854x480 internalFormat=881a
[02Oct2026 17:52:27.743] [Render thread/INFO] [SuperResolution/]: SR_DIAG AFTER_PASS:composite7 render=( 5.020E+2  2.820E+2) display=( 8.540E+2  4.800E+2) region-1=( 5.020E+2  2.820E+2) region-2=( 8.540E+2  4.800E+2) viewport=[0,0,854,480] scissor=[0,128,854,256]/false drawFbo=19 readFbo=19 drawBuffer=36064 readBuffer=36064 drawStatus=8cd5
[02Oct2026 17:52:27.743] [Render thread/INFO] [SuperResolution/]: SR_DIAG AFTER_PASS:composite7 fbo=19 attachment=8ce0 texture=63 mip=0 size=854x480 internalFormat=881a
[02Oct2026 17:52:27.743] [Render thread/INFO] [SuperResolution/]: SR_DIAG FINAL_PIPELINE render=( 5.020E+2  2.820E+2) display=( 8.540E+2  4.800E+2) region-1=( 5.020E+2  2.820E+2) region-2=( 8.540E+2  4.800E+2) viewport=[0,0,854,480] scissor=[0,128,854,256]/false drawFbo=1 readFbo=1 drawBuffer=36064 readBuffer=36064 drawStatus=8cd5
[02Oct2026 17:52:27.743] [Render thread/INFO] [SuperResolution/]: SR_DIAG FINAL_PIPELINE fbo=1 attachment=8ce0 texture=2 mip=0 size=854x480 internalFormat=8058
[02Oct2026 17:52:27.743] [Render thread/INFO] [SuperResolution/]: SR_DIAG FINAL_PIPELINE fbo=1 attachment=8d00 texture=3 mip=0 size=854x480 internalFormat=1902
[02Oct2026 17:52:37.600] [Render thread/INFO] [SuperResolution/]: SR_DIAG BEFORE_PASS:deferred1 render=( 5.020E+2  2.820E+2) display=( 8.540E+2  4.800E+2) region-1=( 5.020E+2  2.820E+2) region-2=( 8.540E+2  4.800E+2) viewport=[0,0,854,480] scissor=[0,128,854,256]/false drawFbo=1 readFbo=1 drawBuffer=36064 readBuffer=36064 drawStatus=8cd5
[02Oct2026 17:52:37.600] [Render thread/INFO] [SuperResolution/]: SR_DIAG BEFORE_PASS:deferred1 fbo=1 attachment=8ce0 texture=2 mip=0 size=854x480 internalFormat=8058
[02Oct2026 17:52:37.600] [Render thread/INFO] [SuperResolution/]: SR_DIAG BEFORE_PASS:deferred1 fbo=1 attachment=8d00 texture=3 mip=0 size=854x480 internalFormat=1902
[02Oct2026 17:52:37.600] [Render thread/INFO] [SuperResolution/]: SR_DIAG AFTER_PASS:deferred1 render=( 5.020E+2  2.820E+2) display=( 8.540E+2  4.800E+2) region-1=( 5.020E+2  2.820E+2) region-2=( 8.540E+2  4.800E+2) viewport=[0,0,854,480] scissor=[0,128,854,256]/false drawFbo=12 readFbo=12 drawBuffer=36064 readBuffer=36064 drawStatus=8cd5
[02Oct2026 17:52:37.600] [Render thread/INFO] [SuperResolution/]: SR_DIAG AFTER_PASS:deferred1 fbo=12 attachment=8ce0 texture=49 mip=0 size=854x480 internalFormat=8c3a
[02Oct2026 17:52:37.601] [Render thread/INFO] [SuperResolution/]: SR_DIAG BEFORE_PASS:composite render=( 5.020E+2  2.820E+2) display=( 8.540E+2  4.800E+2) region-1=( 5.020E+2  2.820E+2) region-2=( 8.540E+2  4.800E+2) viewport=[0,0,854,480] scissor=[0,128,854,256]/false drawFbo=1 readFbo=1 drawBuffer=36064 readBuffer=36064 drawStatus=8cd5
[02Oct2026 17:52:37.601] [Render thread/INFO] [SuperResolution/]: SR_DIAG BEFORE_PASS:composite fbo=1 attachment=8ce0 texture=2 mip=0 size=854x480 internalFormat=8058
[02Oct2026 17:52:37.601] [Render thread/INFO] [SuperResolution/]: SR_DIAG BEFORE_PASS:composite fbo=1 attachment=8d00 texture=3 mip=0 size=854x480 internalFormat=1902
[02Oct2026 17:52:37.601] [Render thread/INFO] [SuperResolution/]: SR_DIAG AFTER_PASS:composite render=( 5.020E+2  2.820E+2) display=( 8.540E+2  4.800E+2) region-1=( 5.020E+2  2.820E+2) region-2=( 8.540E+2  4.800E+2) viewport=[0,0,427,240] scissor=[0,128,854,256]/false drawFbo=13 readFbo=13 drawBuffer=36064 readBuffer=36064 drawStatus=8cd5
[02Oct2026 17:52:37.601] [Render thread/INFO] [SuperResolution/]: SR_DIAG AFTER_PASS:composite fbo=13 attachment=8ce0 texture=77 mip=0 size=427x240 internalFormat=881a
[02Oct2026 17:52:37.601] [Render thread/INFO] [SuperResolution/]: SR_DIAG BEFORE_PASS:composite1 render=( 5.020E+2  2.820E+2) display=( 8.540E+2  4.800E+2) region-1=( 5.020E+2  2.820E+2) region-2=( 8.540E+2  4.800E+2) viewport=[0,0,427,240] scissor=[0,128,854,256]/false drawFbo=13 readFbo=13 drawBuffer=36064 readBuffer=36064 drawStatus=8cd5
[02Oct2026 17:52:37.601] [Render thread/INFO] [SuperResolution/]: SR_DIAG BEFORE_PASS:composite1 fbo=13 attachment=8ce0 texture=77 mip=0 size=427x240 internalFormat=881a
[02Oct2026 17:52:37.601] [Render thread/INFO] [SuperResolution/]: SR_DIAG AFTER_PASS:composite1 render=( 5.020E+2  2.820E+2) display=( 8.540E+2  4.800E+2) region-1=( 5.020E+2  2.820E+2) region-2=( 8.540E+2  4.800E+2) viewport=[0,0,854,480] scissor=[0,128,854,256]/false drawFbo=14 readFbo=14 drawBuffer=36064 readBuffer=36064 drawStatus=8cd5
[02Oct2026 17:52:37.602] [Render thread/INFO] [SuperResolution/]: SR_DIAG AFTER_PASS:composite1 fbo=14 attachment=8ce0 texture=48 mip=0 size=854x480 internalFormat=8c3a
[02Oct2026 17:52:37.602] [Render thread/INFO] [SuperResolution/]: SR_DIAG BEFORE_PASS:composite3 render=( 5.020E+2  2.820E+2) display=( 8.540E+2  4.800E+2) region-1=( 5.020E+2  2.820E+2) region-2=( 8.540E+2  4.800E+2) viewport=[0,0,854,480] scissor=[0,128,854,256]/false drawFbo=14 readFbo=14 drawBuffer=36064 readBuffer=36064 drawStatus=8cd5
[02Oct2026 17:52:37.602] [Render thread/INFO] [SuperResolution/]: SR_DIAG BEFORE_PASS:composite3 fbo=14 attachment=8ce0 texture=48 mip=0 size=854x480 internalFormat=8c3a
[02Oct2026 17:52:37.602] [Render thread/INFO] [SuperResolution/]: SR_DIAG AFTER_PASS:composite3 render=( 5.020E+2  2.820E+2) display=( 8.540E+2  4.800E+2) region-1=( 5.020E+2  2.820E+2) region-2=( 8.540E+2  4.800E+2) viewport=[0,0,854,480] scissor=[0,128,854,256]/false drawFbo=15 readFbo=15 drawBuffer=36064 readBuffer=36064 drawStatus=8cd5
[02Oct2026 17:52:37.602] [Render thread/INFO] [SuperResolution/]: SR_DIAG AFTER_PASS:composite3 fbo=15 attachment=8ce0 texture=49 mip=0 size=854x480 internalFormat=8c3a
[02Oct2026 17:52:37.602] [Render thread/INFO] [SuperResolution/]: SR_DIAG BEFORE_PASS:composite4 render=( 5.020E+2  2.820E+2) display=( 8.540E+2  4.800E+2) region-1=( 5.020E+2  2.820E+2) region-2=( 8.540E+2  4.800E+2) viewport=[0,0,854,480] scissor=[0,128,854,256]/false drawFbo=15 readFbo=15 drawBuffer=36064 readBuffer=36064 drawStatus=8cd5
[02Oct2026 17:52:37.602] [Render thread/INFO] [SuperResolution/]: SR_DIAG BEFORE_PASS:composite4 fbo=15 attachment=8ce0 texture=49 mip=0 size=854x480 internalFormat=8c3a
[02Oct2026 17:52:37.602] [Render thread/INFO] [SuperResolution/]: SR_DIAG AFTER_PASS:composite4 render=( 5.020E+2  2.820E+2) display=( 8.540E+2  4.800E+2) region-1=( 5.020E+2  2.820E+2) region-2=( 8.540E+2  4.800E+2) viewport=[0,0,854,480] scissor=[0,128,854,256]/false drawFbo=16 readFbo=16 drawBuffer=36064 readBuffer=36064 drawStatus=8cd5
[02Oct2026 17:52:37.602] [Render thread/INFO] [SuperResolution/]: SR_DIAG AFTER_PASS:composite4 fbo=16 attachment=8ce0 texture=64 mip=0 size=854x480 internalFormat=881a
[02Oct2026 17:52:37.602] [Render thread/INFO] [SuperResolution/]: SR_DIAG BEFORE_PASS:composite5 render=( 5.020E+2  2.820E+2) display=( 8.540E+2  4.800E+2) region-1=( 5.020E+2  2.820E+2) region-2=( 8.540E+2  4.800E+2) viewport=[0,0,854,480] scissor=[0,128,854,256]/false drawFbo=16 readFbo=16 drawBuffer=36064 readBuffer=36064 drawStatus=8cd5
[02Oct2026 17:52:37.602] [Render thread/INFO] [SuperResolution/]: SR_DIAG BEFORE_PASS:composite5 fbo=16 attachment=8ce0 texture=64 mip=0 size=854x480 internalFormat=881a
[02Oct2026 17:52:37.602] [Render thread/INFO] [SuperResolution/]: SR_DIAG AFTER_PASS:composite5 render=( 5.020E+2  2.820E+2) display=( 8.540E+2  4.800E+2) region-1=( 5.020E+2  2.820E+2) region-2=( 8.540E+2  4.800E+2) viewport=[0,0,854,480] scissor=[0,128,854,256]/false drawFbo=17 readFbo=17 drawBuffer=36064 readBuffer=36064 drawStatus=8cd5
[02Oct2026 17:52:37.602] [Render thread/INFO] [SuperResolution/]: SR_DIAG AFTER_PASS:composite5 fbo=17 attachment=8ce0 texture=63 mip=0 size=854x480 internalFormat=881a
[02Oct2026 17:52:37.602] [Render thread/INFO] [SuperResolution/]: SR_DIAG BEFORE_PASS:composite6 render=( 5.020E+2  2.820E+2) display=( 8.540E+2  4.800E+2) region-1=( 5.020E+2  2.820E+2) region-2=( 8.540E+2  4.800E+2) viewport=[0,0,854,480] scissor=[0,128,854,256]/false drawFbo=17 readFbo=17 drawBuffer=36064 readBuffer=36064 drawStatus=8cd5
[02Oct2026 17:52:37.602] [Render thread/INFO] [SuperResolution/]: SR_DIAG BEFORE_PASS:composite6 fbo=17 attachment=8ce0 texture=63 mip=0 size=854x480 internalFormat=881a
[02Oct2026 17:52:37.602] [Render thread/INFO] [SuperResolution/]: SR_DIAG AFTER_PASS:composite6 render=( 5.020E+2  2.820E+2) display=( 8.540E+2  4.800E+2) region-1=( 5.020E+2  2.820E+2) region-2=( 8.540E+2  4.800E+2) viewport=[0,0,854,480] scissor=[0,128,854,256]/false drawFbo=18 readFbo=18 drawBuffer=36064 readBuffer=36064 drawStatus=8cd5
[02Oct2026 17:52:37.602] [Render thread/INFO] [SuperResolution/]: SR_DIAG AFTER_PASS:composite6 fbo=18 attachment=8ce0 texture=64 mip=0 size=854x480 internalFormat=881a
[02Oct2026 17:52:37.602] [Render thread/INFO] [SuperResolution/]: SR_DIAG BEFORE_PASS:composite7 render=( 5.020E+2  2.820E+2) display=( 8.540E+2  4.800E+2) region-1=( 5.020E+2  2.820E+2) region-2=( 8.540E+2  4.800E+2) viewport=[0,0,854,480] scissor=[0,128,854,256]/false drawFbo=18 readFbo=18 drawBuffer=36064 readBuffer=36064 drawStatus=8cd5
[02Oct2026 17:52:37.602] [Render thread/INFO] [SuperResolution/]: SR_DIAG BEFORE_PASS:composite7 fbo=18 attachment=8ce0 texture=64 mip=0 size=854x480 internalFormat=881a
[02Oct2026 17:52:37.602] [Render thread/INFO] [SuperResolution/]: SR_DIAG BEFORE_SR render=( 5.020E+2  2.820E+2) display=( 8.540E+2  4.800E+2) region-1=( 5.020E+2  2.820E+2) region-2=( 8.540E+2  4.800E+2) viewport=[0,0,854,480] scissor=[0,128,854,256]/false drawFbo=18 readFbo=18 drawBuffer=36064 readBuffer=36064 drawStatus=8cd5
[02Oct2026 17:52:37.602] [Render thread/INFO] [SuperResolution/]: SR_DIAG BEFORE_SR fbo=18 attachment=8ce0 texture=64 mip=0 size=854x480 internalFormat=881a
[02Oct2026 17:52:37.603] [Render thread/INFO] [SuperResolution/]: SR_DIAG texture color id=64 size=854x480 format=RGBA16F target/type=Texture2D glInternalFormat=881a
[02Oct2026 17:52:37.603] [Render thread/INFO] [SuperResolution/]: SR_DIAG texture depth id=3 size=854x480 format=DEPTH24 target/type=Texture2D glInternalFormat=1902
[02Oct2026 17:52:37.603] [Render thread/INFO] [SuperResolution/]: SR_DIAG depth depth id=3 bits=24 componentType=8c17
[02Oct2026 17:52:37.603] [Render thread/INFO] [SuperResolution/]: SR_DIAG texture motion_vectors id=83 size=854x480 format=RGBA16F target/type=Texture2D glInternalFormat=881a
[02Oct2026 17:52:37.603] [Render thread/INFO] [SuperResolution/]: SR_DIAG texture algorithm_color id=92 size=502x282 format=RGBA16F target/type=Texture2D glInternalFormat=881a
[02Oct2026 17:52:37.603] [Render thread/INFO] [SuperResolution/]: SR_DIAG texture algorithm_depth id=94 size=502x282 format=DEPTH24 target/type=Texture2D glInternalFormat=81a6
[02Oct2026 17:52:37.603] [Render thread/INFO] [SuperResolution/]: SR_DIAG depth algorithm_depth id=94 bits=24 componentType=8c17
[02Oct2026 17:52:37.603] [Render thread/INFO] [SuperResolution/]: SR_DIAG texture algorithm_motion_vectors id=95 size=502x282 format=RGBA16F target/type=Texture2D glInternalFormat=881a
[02Oct2026 17:52:37.790] [Render thread/INFO] [SuperResolution/]: SR_DIAG texture SR_output id=85 size=854x480 format=RGBA16F target/type=Texture2D glInternalFormat=881a
[02Oct2026 17:52:37.790] [Render thread/INFO] [SuperResolution/]: SR_DIAG texture autotex3/output_target id=64 size=854x480 format=RGBA16F target/type=Texture2D glInternalFormat=881a
[02Oct2026 17:52:37.790] [Render thread/INFO] [SuperResolution/]: SR_DIAG AFTER_SR render=( 5.020E+2  2.820E+2) display=( 8.540E+2  4.800E+2) region-1=( 5.020E+2  2.820E+2) region-2=( 8.540E+2  4.800E+2) viewport=[0,0,854,480] scissor=[0,128,854,256]/false drawFbo=18 readFbo=18 drawBuffer=36064 readBuffer=36064 drawStatus=8cd5
[02Oct2026 17:52:37.790] [Render thread/INFO] [SuperResolution/]: SR_DIAG AFTER_SR fbo=18 attachment=8ce0 texture=64 mip=0 size=854x480 internalFormat=881a
[02Oct2026 17:52:37.790] [Render thread/INFO] [SuperResolution/]: SR_DIAG AFTER_PASS:composite7 render=( 5.020E+2  2.820E+2) display=( 8.540E+2  4.800E+2) region-1=( 5.020E+2  2.820E+2) region-2=( 8.540E+2  4.800E+2) viewport=[0,0,854,480] scissor=[0,128,854,256]/false drawFbo=19 readFbo=19 drawBuffer=36064 readBuffer=36064 drawStatus=8cd5
[02Oct2026 17:52:37.790] [Render thread/INFO] [SuperResolution/]: SR_DIAG AFTER_PASS:composite7 fbo=19 attachment=8ce0 texture=63 mip=0 size=854x480 internalFormat=881a
[02Oct2026 17:52:37.791] [Render thread/INFO] [SuperResolution/]: SR_DIAG FINAL_PIPELINE render=( 5.020E+2  2.820E+2) display=( 8.540E+2  4.800E+2) region-1=( 5.020E+2  2.820E+2) region-2=( 8.540E+2  4.800E+2) viewport=[0,0,854,480] scissor=[0,128,854,256]/false drawFbo=1 readFbo=1 drawBuffer=36064 readBuffer=36064 drawStatus=8cd5
[02Oct2026 17:52:37.791] [Render thread/INFO] [SuperResolution/]: SR_DIAG FINAL_PIPELINE fbo=1 attachment=8ce0 texture=2 mip=0 size=854x480 internalFormat=8058
[02Oct2026 17:52:37.791] [Render thread/INFO] [SuperResolution/]: SR_DIAG FINAL_PIPELINE fbo=1 attachment=8d00 texture=3 mip=0 size=854x480 internalFormat=1902
[02Oct2026 17:52:47.605] [Render thread/INFO] [SuperResolution/]: SR_DIAG BEFORE_PASS:deferred1 render=( 5.020E+2  2.820E+2) display=( 8.540E+2  4.800E+2) region-1=( 5.020E+2  2.820E+2) region-2=( 8.540E+2  4.800E+2) viewport=[0,0,854,480] scissor=[0,128,854,256]/false drawFbo=1 readFbo=1 drawBuffer=36064 readBuffer=36064 drawStatus=8cd5
[02Oct2026 17:52:47.605] [Render thread/INFO] [SuperResolution/]: SR_DIAG BEFORE_PASS:deferred1 fbo=1 attachment=8ce0 texture=2 mip=0 size=854x480 internalFormat=8058
[02Oct2026 17:52:47.605] [Render thread/INFO] [SuperResolution/]: SR_DIAG BEFORE_PASS:deferred1 fbo=1 attachment=8d00 texture=3 mip=0 size=854x480 internalFormat=1902
[02Oct2026 17:52:47.606] [Render thread/INFO] [SuperResolution/]: SR_DIAG AFTER_PASS:deferred1 render=( 5.020E+2  2.820E+2) display=( 8.540E+2  4.800E+2) region-1=( 5.020E+2  2.820E+2) region-2=( 8.540E+2  4.800E+2) viewport=[0,0,854,480] scissor=[0,128,854,256]/false drawFbo=12 readFbo=12 drawBuffer=36064 readBuffer=36064 drawStatus=8cd5
[02Oct2026 17:52:47.606] [Render thread/INFO] [SuperResolution/]: SR_DIAG AFTER_PASS:deferred1 fbo=12 attachment=8ce0 texture=49 mip=0 size=854x480 internalFormat=8c3a
[02Oct2026 17:52:47.606] [Render thread/INFO] [SuperResolution/]: SR_DIAG BEFORE_PASS:composite render=( 5.020E+2  2.820E+2) display=( 8.540E+2  4.800E+2) region-1=( 5.020E+2  2.820E+2) region-2=( 8.540E+2  4.800E+2) viewport=[0,0,854,480] scissor=[0,128,854,256]/false drawFbo=1 readFbo=1 drawBuffer=36064 readBuffer=36064 drawStatus=8cd5
[02Oct2026 17:52:47.606] [Render thread/INFO] [SuperResolution/]: SR_DIAG BEFORE_PASS:composite fbo=1 attachment=8ce0 texture=2 mip=0 size=854x480 internalFormat=8058
[02Oct2026 17:52:47.606] [Render thread/INFO] [SuperResolution/]: SR_DIAG BEFORE_PASS:composite fbo=1 attachment=8d00 texture=3 mip=0 size=854x480 internalFormat=1902
[02Oct2026 17:52:47.606] [Render thread/INFO] [SuperResolution/]: SR_DIAG AFTER_PASS:composite render=( 5.020E+2  2.820E+2) display=( 8.540E+2  4.800E+2) region-1=( 5.020E+2  2.820E+2) region-2=( 8.540E+2  4.800E+2) viewport=[0,0,427,240] scissor=[0,128,854,256]/false drawFbo=13 readFbo=13 drawBuffer=36064 readBuffer=36064 drawStatus=8cd5
[02Oct2026 17:52:47.606] [Render thread/INFO] [SuperResolution/]: SR_DIAG AFTER_PASS:composite fbo=13 attachment=8ce0 texture=77 mip=0 size=427x240 internalFormat=881a
[02Oct2026 17:52:47.606] [Render thread/INFO] [SuperResolution/]: SR_DIAG BEFORE_PASS:composite1 render=( 5.020E+2  2.820E+2) display=( 8.540E+2  4.800E+2) region-1=( 5.020E+2  2.820E+2) region-2=( 8.540E+2  4.800E+2) viewport=[0,0,427,240] scissor=[0,128,854,256]/false drawFbo=13 readFbo=13 drawBuffer=36064 readBuffer=36064 drawStatus=8cd5
[02Oct2026 17:52:47.606] [Render thread/INFO] [SuperResolution/]: SR_DIAG BEFORE_PASS:composite1 fbo=13 attachment=8ce0 texture=77 mip=0 size=427x240 internalFormat=881a
[02Oct2026 17:52:47.606] [Render thread/INFO] [SuperResolution/]: SR_DIAG AFTER_PASS:composite1 render=( 5.020E+2  2.820E+2) display=( 8.540E+2  4.800E+2) region-1=( 5.020E+2  2.820E+2) region-2=( 8.540E+2  4.800E+2) viewport=[0,0,854,480] scissor=[0,128,854,256]/false drawFbo=14 readFbo=14 drawBuffer=36064 readBuffer=36064 drawStatus=8cd5
[02Oct2026 17:52:47.606] [Render thread/INFO] [SuperResolution/]: SR_DIAG AFTER_PASS:composite1 fbo=14 attachment=8ce0 texture=48 mip=0 size=854x480 internalFormat=8c3a
[02Oct2026 17:52:47.606] [Render thread/INFO] [SuperResolution/]: SR_DIAG BEFORE_PASS:composite3 render=( 5.020E+2  2.820E+2) display=( 8.540E+2  4.800E+2) region-1=( 5.020E+2  2.820E+2) region-2=( 8.540E+2  4.800E+2) viewport=[0,0,854,480] scissor=[0,128,854,256]/false drawFbo=14 readFbo=14 drawBuffer=36064 readBuffer=36064 drawStatus=8cd5
[02Oct2026 17:52:47.606] [Render thread/INFO] [SuperResolution/]: SR_DIAG BEFORE_PASS:composite3 fbo=14 attachment=8ce0 texture=48 mip=0 size=854x480 internalFormat=8c3a
[02Oct2026 17:52:47.606] [Render thread/INFO] [SuperResolution/]: SR_DIAG AFTER_PASS:composite3 render=( 5.020E+2  2.820E+2) display=( 8.540E+2  4.800E+2) region-1=( 5.020E+2  2.820E+2) region-2=( 8.540E+2  4.800E+2) viewport=[0,0,854,480] scissor=[0,128,854,256]/false drawFbo=15 readFbo=15 drawBuffer=36064 readBuffer=36064 drawStatus=8cd5
[02Oct2026 17:52:47.606] [Render thread/INFO] [SuperResolution/]: SR_DIAG AFTER_PASS:composite3 fbo=15 attachment=8ce0 texture=49 mip=0 size=854x480 internalFormat=8c3a
[02Oct2026 17:52:47.606] [Render thread/INFO] [SuperResolution/]: SR_DIAG BEFORE_PASS:composite4 render=( 5.020E+2  2.820E+2) display=( 8.540E+2  4.800E+2) region-1=( 5.020E+2  2.820E+2) region-2=( 8.540E+2  4.800E+2) viewport=[0,0,854,480] scissor=[0,128,854,256]/false drawFbo=15 readFbo=15 drawBuffer=36064 readBuffer=36064 drawStatus=8cd5
[02Oct2026 17:52:47.607] [Render thread/INFO] [SuperResolution/]: SR_DIAG BEFORE_PASS:composite4 fbo=15 attachment=8ce0 texture=49 mip=0 size=854x480 internalFormat=8c3a
[02Oct2026 17:52:47.607] [Render thread/INFO] [SuperResolution/]: SR_DIAG AFTER_PASS:composite4 render=( 5.020E+2  2.820E+2) display=( 8.540E+2  4.800E+2) region-1=( 5.020E+2  2.820E+2) region-2=( 8.540E+2  4.800E+2) viewport=[0,0,854,480] scissor=[0,128,854,256]/false drawFbo=16 readFbo=16 drawBuffer=36064 readBuffer=36064 drawStatus=8cd5
[02Oct2026 17:52:47.607] [Render thread/INFO] [SuperResolution/]: SR_DIAG AFTER_PASS:composite4 fbo=16 attachment=8ce0 texture=64 mip=0 size=854x480 internalFormat=881a
[02Oct2026 17:52:47.607] [Render thread/INFO] [SuperResolution/]: SR_DIAG BEFORE_PASS:composite5 render=( 5.020E+2  2.820E+2) display=( 8.540E+2  4.800E+2) region-1=( 5.020E+2  2.820E+2) region-2=( 8.540E+2  4.800E+2) viewport=[0,0,854,480] scissor=[0,128,854,256]/false drawFbo=16 readFbo=16 drawBuffer=36064 readBuffer=36064 drawStatus=8cd5
[02Oct2026 17:52:47.607] [Render thread/INFO] [SuperResolution/]: SR_DIAG BEFORE_PASS:composite5 fbo=16 attachment=8ce0 texture=64 mip=0 size=854x480 internalFormat=881a
[02Oct2026 17:52:47.607] [Render thread/INFO] [SuperResolution/]: SR_DIAG AFTER_PASS:composite5 render=( 5.020E+2  2.820E+2) display=( 8.540E+2  4.800E+2) region-1=( 5.020E+2  2.820E+2) region-2=( 8.540E+2  4.800E+2) viewport=[0,0,854,480] scissor=[0,128,854,256]/false drawFbo=17 readFbo=17 drawBuffer=36064 readBuffer=36064 drawStatus=8cd5
[02Oct2026 17:52:47.607] [Render thread/INFO] [SuperResolution/]: SR_DIAG AFTER_PASS:composite5 fbo=17 attachment=8ce0 texture=63 mip=0 size=854x480 internalFormat=881a
[02Oct2026 17:52:47.607] [Render thread/INFO] [SuperResolution/]: SR_DIAG BEFORE_PASS:composite6 render=( 5.020E+2  2.820E+2) display=( 8.540E+2  4.800E+2) region-1=( 5.020E+2  2.820E+2) region-2=( 8.540E+2  4.800E+2) viewport=[0,0,854,480] scissor=[0,128,854,256]/false drawFbo=17 readFbo=17 drawBuffer=36064 readBuffer=36064 drawStatus=8cd5
[02Oct2026 17:52:47.607] [Render thread/INFO] [SuperResolution/]: SR_DIAG BEFORE_PASS:composite6 fbo=17 attachment=8ce0 texture=63 mip=0 size=854x480 internalFormat=881a
[02Oct2026 17:52:47.607] [Render thread/INFO] [SuperResolution/]: SR_DIAG AFTER_PASS:composite6 render=( 5.020E+2  2.820E+2) display=( 8.540E+2  4.800E+2) region-1=( 5.020E+2  2.820E+2) region-2=( 8.540E+2  4.800E+2) viewport=[0,0,854,480] scissor=[0,128,854,256]/false drawFbo=18 readFbo=18 drawBuffer=36064 readBuffer=36064 drawStatus=8cd5
[02Oct2026 17:52:47.607] [Render thread/INFO] [SuperResolution/]: SR_DIAG AFTER_PASS:composite6 fbo=18 attachment=8ce0 texture=64 mip=0 size=854x480 internalFormat=881a
[02Oct2026 17:52:47.607] [Render thread/INFO] [SuperResolution/]: SR_DIAG BEFORE_PASS:composite7 render=( 5.020E+2  2.820E+2) display=( 8.540E+2  4.800E+2) region-1=( 5.020E+2  2.820E+2) region-2=( 8.540E+2  4.800E+2) viewport=[0,0,854,480] scissor=[0,128,854,256]/false drawFbo=18 readFbo=18 drawBuffer=36064 readBuffer=36064 drawStatus=8cd5
[02Oct2026 17:52:47.607] [Render thread/INFO] [SuperResolution/]: SR_DIAG BEFORE_PASS:composite7 fbo=18 attachment=8ce0 texture=64 mip=0 size=854x480 internalFormat=881a
[02Oct2026 17:52:47.608] [Render thread/INFO] [SuperResolution/]: SR_DIAG BEFORE_SR render=( 5.020E+2  2.820E+2) display=( 8.540E+2  4.800E+2) region-1=( 5.020E+2  2.820E+2) region-2=( 8.540E+2  4.800E+2) viewport=[0,0,854,480] scissor=[0,128,854,256]/false drawFbo=18 readFbo=18 drawBuffer=36064 readBuffer=36064 drawStatus=8cd5
[02Oct2026 17:52:47.608] [Render thread/INFO] [SuperResolution/]: SR_DIAG BEFORE_SR fbo=18 attachment=8ce0 texture=64 mip=0 size=854x480 internalFormat=881a
[02Oct2026 17:52:47.608] [Render thread/INFO] [SuperResolution/]: SR_DIAG texture color id=64 size=854x480 format=RGBA16F target/type=Texture2D glInternalFormat=881a
[02Oct2026 17:52:47.608] [Render thread/INFO] [SuperResolution/]: SR_DIAG texture depth id=3 size=854x480 format=DEPTH24 target/type=Texture2D glInternalFormat=1902
[02Oct2026 17:52:47.608] [Render thread/INFO] [SuperResolution/]: SR_DIAG depth depth id=3 bits=24 componentType=8c17
[02Oct2026 17:52:47.608] [Render thread/INFO] [SuperResolution/]: SR_DIAG texture motion_vectors id=83 size=854x480 format=RGBA16F target/type=Texture2D glInternalFormat=881a
[02Oct2026 17:52:47.608] [Render thread/INFO] [SuperResolution/]: SR_DIAG texture algorithm_color id=92 size=502x282 format=RGBA16F target/type=Texture2D glInternalFormat=881a
[02Oct2026 17:52:47.608] [Render thread/INFO] [SuperResolution/]: SR_DIAG texture algorithm_depth id=94 size=502x282 format=DEPTH24 target/type=Texture2D glInternalFormat=81a6
[02Oct2026 17:52:47.608] [Render thread/INFO] [SuperResolution/]: SR_DIAG depth algorithm_depth id=94 bits=24 componentType=8c17
[02Oct2026 17:52:47.608] [Render thread/INFO] [SuperResolution/]: SR_DIAG texture algorithm_motion_vectors id=95 size=502x282 format=RGBA16F target/type=Texture2D glInternalFormat=881a
[02Oct2026 17:52:47.791] [Render thread/INFO] [SuperResolution/]: SR_DIAG texture SR_output id=85 size=854x480 format=RGBA16F target/type=Texture2D glInternalFormat=881a
[02Oct2026 17:52:47.791] [Render thread/INFO] [SuperResolution/]: SR_DIAG texture autotex3/output_target id=64 size=854x480 format=RGBA16F target/type=Texture2D glInternalFormat=881a
[02Oct2026 17:52:47.791] [Render thread/INFO] [SuperResolution/]: SR_DIAG AFTER_SR render=( 5.020E+2  2.820E+2) display=( 8.540E+2  4.800E+2) region-1=( 5.020E+2  2.820E+2) region-2=( 8.540E+2  4.800E+2) viewport=[0,0,854,480] scissor=[0,128,854,256]/false drawFbo=18 readFbo=18 drawBuffer=36064 readBuffer=36064 drawStatus=8cd5
[02Oct2026 17:52:47.791] [Render thread/INFO] [SuperResolution/]: SR_DIAG AFTER_SR fbo=18 attachment=8ce0 texture=64 mip=0 size=854x480 internalFormat=881a
[02Oct2026 17:52:47.791] [Render thread/INFO] [SuperResolution/]: SR_DIAG AFTER_PASS:composite7 render=( 5.020E+2  2.820E+2) display=( 8.540E+2  4.800E+2) region-1=( 5.020E+2  2.820E+2) region-2=( 8.540E+2  4.800E+2) viewport=[0,0,854,480] scissor=[0,128,854,256]/false drawFbo=19 readFbo=19 drawBuffer=36064 readBuffer=36064 drawStatus=8cd5
[02Oct2026 17:52:47.791] [Render thread/INFO] [SuperResolution/]: SR_DIAG AFTER_PASS:composite7 fbo=19 attachment=8ce0 texture=63 mip=0 size=854x480 internalFormat=881a
[02Oct2026 17:52:47.791] [Render thread/INFO] [SuperResolution/]: SR_DIAG FINAL_PIPELINE render=( 5.020E+2  2.820E+2) display=( 8.540E+2  4.800E+2) region-1=( 5.020E+2  2.820E+2) region-2=( 8.540E+2  4.800E+2) viewport=[0,0,854,480] scissor=[0,128,854,256]/false drawFbo=1 readFbo=1 drawBuffer=36064 readBuffer=36064 drawStatus=8cd5
[02Oct2026 17:52:47.791] [Render thread/INFO] [SuperResolution/]: SR_DIAG FINAL_PIPELINE fbo=1 attachment=8ce0 texture=2 mip=0 size=854x480 internalFormat=8058
[02Oct2026 17:52:47.791] [Render thread/INFO] [SuperResolution/]: SR_DIAG FINAL_PIPELINE fbo=1 attachment=8d00 texture=3 mip=0 size=854x480 internalFormat=1902
[02Oct2026 17:52:57.611] [Render thread/INFO] [SuperResolution/]: SR_DIAG BEFORE_PASS:deferred1 render=( 5.020E+2  2.820E+2) display=( 8.540E+2  4.800E+2) region-1=( 5.020E+2  2.820E+2) region-2=( 8.540E+2  4.800E+2) viewport=[0,0,854,480] scissor=[0,128,854,256]/false drawFbo=1 readFbo=1 drawBuffer=36064 readBuffer=36064 drawStatus=8cd5
[02Oct2026 17:52:57.612] [Render thread/INFO] [SuperResolution/]: SR_DIAG BEFORE_PASS:deferred1 fbo=1 attachment=8ce0 texture=2 mip=0 size=854x480 internalFormat=8058
[02Oct2026 17:52:57.612] [Render thread/INFO] [SuperResolution/]: SR_DIAG BEFORE_PASS:deferred1 fbo=1 attachment=8d00 texture=3 mip=0 size=854x480 internalFormat=1902
[02Oct2026 17:52:57.612] [Render thread/INFO] [SuperResolution/]: SR_DIAG AFTER_PASS:deferred1 render=( 5.020E+2  2.820E+2) display=( 8.540E+2  4.800E+2) region-1=( 5.020E+2  2.820E+2) region-2=( 8.540E+2  4.800E+2) viewport=[0,0,854,480] scissor=[0,128,854,256]/false drawFbo=12 readFbo=12 drawBuffer=36064 readBuffer=36064 drawStatus=8cd5
[02Oct2026 17:52:57.612] [Render thread/INFO] [SuperResolution/]: SR_DIAG AFTER_PASS:deferred1 fbo=12 attachment=8ce0 texture=49 mip=0 size=854x480 internalFormat=8c3a
[02Oct2026 17:52:57.612] [Render thread/INFO] [SuperResolution/]: SR_DIAG BEFORE_PASS:composite render=( 5.020E+2  2.820E+2) display=( 8.540E+2  4.800E+2) region-1=( 5.020E+2  2.820E+2) region-2=( 8.540E+2  4.800E+2) viewport=[0,0,854,480] scissor=[0,128,854,256]/false drawFbo=1 readFbo=1 drawBuffer=36064 readBuffer=36064 drawStatus=8cd5
[02Oct2026 17:52:57.612] [Render thread/INFO] [SuperResolution/]: SR_DIAG BEFORE_PASS:composite fbo=1 attachment=8ce0 texture=2 mip=0 size=854x480 internalFormat=8058
[02Oct2026 17:52:57.612] [Render thread/INFO] [SuperResolution/]: SR_DIAG BEFORE_PASS:composite fbo=1 attachment=8d00 texture=3 mip=0 size=854x480 internalFormat=1902
[02Oct2026 17:52:57.613] [Render thread/INFO] [SuperResolution/]: SR_DIAG AFTER_PASS:composite render=( 5.020E+2  2.820E+2) display=( 8.540E+2  4.800E+2) region-1=( 5.020E+2  2.820E+2) region-2=( 8.540E+2  4.800E+2) viewport=[0,0,427,240] scissor=[0,128,854,256]/false drawFbo=13 readFbo=13 drawBuffer=36064 readBuffer=36064 drawStatus=8cd5
[02Oct2026 17:52:57.613] [Render thread/INFO] [SuperResolution/]: SR_DIAG AFTER_PASS:composite fbo=13 attachment=8ce0 texture=77 mip=0 size=427x240 internalFormat=881a
[02Oct2026 17:52:57.613] [Render thread/INFO] [SuperResolution/]: SR_DIAG BEFORE_PASS:composite1 render=( 5.020E+2  2.820E+2) display=( 8.540E+2  4.800E+2) region-1=( 5.020E+2  2.820E+2) region-2=( 8.540E+2  4.800E+2) viewport=[0,0,427,240] scissor=[0,128,854,256]/false drawFbo=13 readFbo=13 drawBuffer=36064 readBuffer=36064 drawStatus=8cd5
[02Oct2026 17:52:57.613] [Render thread/INFO] [SuperResolution/]: SR_DIAG BEFORE_PASS:composite1 fbo=13 attachment=8ce0 texture=77 mip=0 size=427x240 internalFormat=881a
[02Oct2026 17:52:57.613] [Render thread/INFO] [SuperResolution/]: SR_DIAG AFTER_PASS:composite1 render=( 5.020E+2  2.820E+2) display=( 8.540E+2  4.800E+2) region-1=( 5.020E+2  2.820E+2) region-2=( 8.540E+2  4.800E+2) viewport=[0,0,854,480] scissor=[0,128,854,256]/false drawFbo=14 readFbo=14 drawBuffer=36064 readBuffer=36064 drawStatus=8cd5
[02Oct2026 17:52:57.613] [Render thread/INFO] [SuperResolution/]: SR_DIAG AFTER_PASS:composite1 fbo=14 attachment=8ce0 texture=48 mip=0 size=854x480 internalFormat=8c3a
[02Oct2026 17:52:57.613] [Render thread/INFO] [SuperResolution/]: SR_DIAG BEFORE_PASS:composite3 render=( 5.020E+2  2.820E+2) display=( 8.540E+2  4.800E+2) region-1=( 5.020E+2  2.820E+2) region-2=( 8.540E+2  4.800E+2) viewport=[0,0,854,480] scissor=[0,128,854,256]/false drawFbo=14 readFbo=14 drawBuffer=36064 readBuffer=36064 drawStatus=8cd5
[02Oct2026 17:52:57.613] [Render thread/INFO] [SuperResolution/]: SR_DIAG BEFORE_PASS:composite3 fbo=14 attachment=8ce0 texture=48 mip=0 size=854x480 internalFormat=8c3a
[02Oct2026 17:52:57.613] [Render thread/INFO] [SuperResolution/]: SR_DIAG AFTER_PASS:composite3 render=( 5.020E+2  2.820E+2) display=( 8.540E+2  4.800E+2) region-1=( 5.020E+2  2.820E+2) region-2=( 8.540E+2  4.800E+2) viewport=[0,0,854,480] scissor=[0,128,854,256]/false drawFbo=15 readFbo=15 drawBuffer=36064 readBuffer=36064 drawStatus=8cd5
[02Oct2026 17:52:57.613] [Render thread/INFO] [SuperResolution/]: SR_DIAG AFTER_PASS:composite3 fbo=15 attachment=8ce0 texture=49 mip=0 size=854x480 internalFormat=8c3a
[02Oct2026 17:52:57.614] [Render thread/INFO] [SuperResolution/]: SR_DIAG BEFORE_PASS:composite4 render=( 5.020E+2  2.820E+2) display=( 8.540E+2  4.800E+2) region-1=( 5.020E+2  2.820E+2) region-2=( 8.540E+2  4.800E+2) viewport=[0,0,854,480] scissor=[0,128,854,256]/false drawFbo=15 readFbo=15 drawBuffer=36064 readBuffer=36064 drawStatus=8cd5
[02Oct2026 17:52:57.614] [Render thread/INFO] [SuperResolution/]: SR_DIAG BEFORE_PASS:composite4 fbo=15 attachment=8ce0 texture=49 mip=0 size=854x480 internalFormat=8c3a
[02Oct2026 17:52:57.614] [Render thread/INFO] [SuperResolution/]: SR_DIAG AFTER_PASS:composite4 render=( 5.020E+2  2.820E+2) display=( 8.540E+2  4.800E+2) region-1=( 5.020E+2  2.820E+2) region-2=( 8.540E+2  4.800E+2) viewport=[0,0,854,480] scissor=[0,128,854,256]/false drawFbo=16 readFbo=16 drawBuffer=36064 readBuffer=36064 drawStatus=8cd5
[02Oct2026 17:52:57.614] [Render thread/INFO] [SuperResolution/]: SR_DIAG AFTER_PASS:composite4 fbo=16 attachment=8ce0 texture=64 mip=0 size=854x480 internalFormat=881a
[02Oct2026 17:52:57.614] [Render thread/INFO] [SuperResolution/]: SR_DIAG BEFORE_PASS:composite5 render=( 5.020E+2  2.820E+2) display=( 8.540E+2  4.800E+2) region-1=( 5.020E+2  2.820E+2) region-2=( 8.540E+2  4.800E+2) viewport=[0,0,854,480] scissor=[0,128,854,256]/false drawFbo=16 readFbo=16 drawBuffer=36064 readBuffer=36064 drawStatus=8cd5
[02Oct2026 17:52:57.614] [Render thread/INFO] [SuperResolution/]: SR_DIAG BEFORE_PASS:composite5 fbo=16 attachment=8ce0 texture=64 mip=0 size=854x480 internalFormat=881a
[02Oct2026 17:52:57.614] [Render thread/INFO] [SuperResolution/]: SR_DIAG AFTER_PASS:composite5 render=( 5.020E+2  2.820E+2) display=( 8.540E+2  4.800E+2) region-1=( 5.020E+2  2.820E+2) region-2=( 8.540E+2  4.800E+2) viewport=[0,0,854,480] scissor=[0,128,854,256]/false drawFbo=17 readFbo=17 drawBuffer=36064 readBuffer=36064 drawStatus=8cd5
[02Oct2026 17:52:57.614] [Render thread/INFO] [SuperResolution/]: SR_DIAG AFTER_PASS:composite5 fbo=17 attachment=8ce0 texture=63 mip=0 size=854x480 internalFormat=881a
[02Oct2026 17:52:57.614] [Render thread/INFO] [SuperResolution/]: SR_DIAG BEFORE_PASS:composite6 render=( 5.020E+2  2.820E+2) display=( 8.540E+2  4.800E+2) region-1=( 5.020E+2  2.820E+2) region-2=( 8.540E+2  4.800E+2) viewport=[0,0,854,480] scissor=[0,128,854,256]/false drawFbo=17 readFbo=17 drawBuffer=36064 readBuffer=36064 drawStatus=8cd5
[02Oct2026 17:52:57.614] [Render thread/INFO] [SuperResolution/]: SR_DIAG BEFORE_PASS:composite6 fbo=17 attachment=8ce0 texture=63 mip=0 size=854x480 internalFormat=881a
[02Oct2026 17:52:57.614] [Render thread/INFO] [SuperResolution/]: SR_DIAG AFTER_PASS:composite6 render=( 5.020E+2  2.820E+2) display=( 8.540E+2  4.800E+2) region-1=( 5.020E+2  2.820E+2) region-2=( 8.540E+2  4.800E+2) viewport=[0,0,854,480] scissor=[0,128,854,256]/false drawFbo=18 readFbo=18 drawBuffer=36064 readBuffer=36064 drawStatus=8cd5
[02Oct2026 17:52:57.614] [Render thread/INFO] [SuperResolution/]: SR_DIAG AFTER_PASS:composite6 fbo=18 attachment=8ce0 texture=64 mip=0 size=854x480 internalFormat=881a
[02Oct2026 17:52:57.614] [Render thread/INFO] [SuperResolution/]: SR_DIAG BEFORE_PASS:composite7 render=( 5.020E+2  2.820E+2) display=( 8.540E+2  4.800E+2) region-1=( 5.020E+2  2.820E+2) region-2=( 8.540E+2  4.800E+2) viewport=[0,0,854,480] scissor=[0,128,854,256]/false drawFbo=18 readFbo=18 drawBuffer=36064 readBuffer=36064 drawStatus=8cd5
[02Oct2026 17:52:57.614] [Render thread/INFO] [SuperResolution/]: SR_DIAG BEFORE_PASS:composite7 fbo=18 attachment=8ce0 texture=64 mip=0 size=854x480 internalFormat=881a
[02Oct2026 17:52:57.614] [Render thread/INFO] [SuperResolution/]: SR_DIAG BEFORE_SR render=( 5.020E+2  2.820E+2) display=( 8.540E+2  4.800E+2) region-1=( 5.020E+2  2.820E+2) region-2=( 8.540E+2  4.800E+2) viewport=[0,0,854,480] scissor=[0,128,854,256]/false drawFbo=18 readFbo=18 drawBuffer=36064 readBuffer=36064 drawStatus=8cd5
[02Oct2026 17:52:57.614] [Render thread/INFO] [SuperResolution/]: SR_DIAG BEFORE_SR fbo=18 attachment=8ce0 texture=64 mip=0 size=854x480 internalFormat=881a
[02Oct2026 17:52:57.614] [Render thread/INFO] [SuperResolution/]: SR_DIAG texture color id=64 size=854x480 format=RGBA16F target/type=Texture2D glInternalFormat=881a
[02Oct2026 17:52:57.614] [Render thread/INFO] [SuperResolution/]: SR_DIAG texture depth id=3 size=854x480 format=DEPTH24 target/type=Texture2D glInternalFormat=1902
[02Oct2026 17:52:57.614] [Render thread/INFO] [SuperResolution/]: SR_DIAG depth depth id=3 bits=24 componentType=8c17
[02Oct2026 17:52:57.614] [Render thread/INFO] [SuperResolution/]: SR_DIAG texture motion_vectors id=83 size=854x480 format=RGBA16F target/type=Texture2D glInternalFormat=881a
[02Oct2026 17:52:57.614] [Render thread/INFO] [SuperResolution/]: SR_DIAG texture algorithm_color id=92 size=502x282 format=RGBA16F target/type=Texture2D glInternalFormat=881a
[02Oct2026 17:52:57.615] [Render thread/INFO] [SuperResolution/]: SR_DIAG texture algorithm_depth id=94 size=502x282 format=DEPTH24 target/type=Texture2D glInternalFormat=81a6
[02Oct2026 17:52:57.615] [Render thread/INFO] [SuperResolution/]: SR_DIAG depth algorithm_depth id=94 bits=24 componentType=8c17
[02Oct2026 17:52:57.615] [Render thread/INFO] [SuperResolution/]: SR_DIAG texture algorithm_motion_vectors id=95 size=502x282 format=RGBA16F target/type=Texture2D glInternalFormat=881a
[02Oct2026 17:52:57.796] [Render thread/INFO] [SuperResolution/]: SR_DIAG texture SR_output id=85 size=854x480 format=RGBA16F target/type=Texture2D glInternalFormat=881a
[02Oct2026 17:52:57.796] [Render thread/INFO] [SuperResolution/]: SR_DIAG texture autotex3/output_target id=64 size=854x480 format=RGBA16F target/type=Texture2D glInternalFormat=881a
[02Oct2026 17:52:57.796] [Render thread/INFO] [SuperResolution/]: SR_DIAG AFTER_SR render=( 5.020E+2  2.820E+2) display=( 8.540E+2  4.800E+2) region-1=( 5.020E+2  2.820E+2) region-2=( 8.540E+2  4.800E+2) viewport=[0,0,854,480] scissor=[0,128,854,256]/false drawFbo=18 readFbo=18 drawBuffer=36064 readBuffer=36064 drawStatus=8cd5
[02Oct2026 17:52:57.796] [Render thread/INFO] [SuperResolution/]: SR_DIAG AFTER_SR fbo=18 attachment=8ce0 texture=64 mip=0 size=854x480 internalFormat=881a
[02Oct2026 17:52:57.796] [Render thread/INFO] [SuperResolution/]: SR_DIAG AFTER_PASS:composite7 render=( 5.020E+2  2.820E+2) display=( 8.540E+2  4.800E+2) region-1=( 5.020E+2  2.820E+2) region-2=( 8.540E+2  4.800E+2) viewport=[0,0,854,480] scissor=[0,128,854,256]/false drawFbo=19 readFbo=19 drawBuffer=36064 readBuffer=36064 drawStatus=8cd5
[02Oct2026 17:52:57.796] [Render thread/INFO] [SuperResolution/]: SR_DIAG AFTER_PASS:composite7 fbo=19 attachment=8ce0 texture=63 mip=0 size=854x480 internalFormat=881a
[02Oct2026 17:52:57.797] [Render thread/INFO] [SuperResolution/]: SR_DIAG FINAL_PIPELINE render=( 5.020E+2  2.820E+2) display=( 8.540E+2  4.800E+2) region-1=( 5.020E+2  2.820E+2) region-2=( 8.540E+2  4.800E+2) viewport=[0,0,854,480] scissor=[0,128,854,256]/false drawFbo=1 readFbo=1 drawBuffer=36064 readBuffer=36064 drawStatus=8cd5
[02Oct2026 17:52:57.797] [Render thread/INFO] [SuperResolution/]: SR_DIAG FINAL_PIPELINE fbo=1 attachment=8ce0 texture=2 mip=0 size=854x480 internalFormat=8058
[02Oct2026 17:52:57.797] [Render thread/INFO] [SuperResolution/]: SR_DIAG FINAL_PIPELINE fbo=1 attachment=8d00 texture=3 mip=0 size=854x480 internalFormat=1902
[02Oct2026 17:53:07.612] [Render thread/INFO] [SuperResolution/]: SR_DIAG BEFORE_PASS:deferred1 render=( 5.020E+2  2.820E+2) display=( 8.540E+2  4.800E+2) region-1=( 5.020E+2  2.820E+2) region-2=( 8.540E+2  4.800E+2) viewport=[0,0,854,480] scissor=[0,128,854,256]/false drawFbo=1 readFbo=1 drawBuffer=36064 readBuffer=36064 drawStatus=8cd5
[02Oct2026 17:53:07.613] [Render thread/INFO] [SuperResolution/]: SR_DIAG BEFORE_PASS:deferred1 fbo=1 attachment=8ce0 texture=2 mip=0 size=854x480 internalFormat=8058
[02Oct2026 17:53:07.613] [Render thread/INFO] [SuperResolution/]: SR_DIAG BEFORE_PASS:deferred1 fbo=1 attachment=8d00 texture=3 mip=0 size=854x480 internalFormat=1902
[02Oct2026 17:53:07.613] [Render thread/INFO] [SuperResolution/]: SR_DIAG AFTER_PASS:deferred1 render=( 5.020E+2  2.820E+2) display=( 8.540E+2  4.800E+2) region-1=( 5.020E+2  2.820E+2) region-2=( 8.540E+2  4.800E+2) viewport=[0,0,854,480] scissor=[0,128,854,256]/false drawFbo=12 readFbo=12 drawBuffer=36064 readBuffer=36064 drawStatus=8cd5
[02Oct2026 17:53:07.613] [Render thread/INFO] [SuperResolution/]: SR_DIAG AFTER_PASS:deferred1 fbo=12 attachment=8ce0 texture=49 mip=0 size=854x480 internalFormat=8c3a
[02Oct2026 17:53:07.613] [Render thread/INFO] [SuperResolution/]: SR_DIAG BEFORE_PASS:composite render=( 5.020E+2  2.820E+2) display=( 8.540E+2  4.800E+2) region-1=( 5.020E+2  2.820E+2) region-2=( 8.540E+2  4.800E+2) viewport=[0,0,854,480] scissor=[0,128,854,256]/false drawFbo=1 readFbo=1 drawBuffer=36064 readBuffer=36064 drawStatus=8cd5
[02Oct2026 17:53:07.613] [Render thread/INFO] [SuperResolution/]: SR_DIAG BEFORE_PASS:composite fbo=1 attachment=8ce0 texture=2 mip=0 size=854x480 internalFormat=8058
[02Oct2026 17:53:07.613] [Render thread/INFO] [SuperResolution/]: SR_DIAG BEFORE_PASS:composite fbo=1 attachment=8d00 texture=3 mip=0 size=854x480 internalFormat=1902
[02Oct2026 17:53:07.613] [Render thread/INFO] [SuperResolution/]: SR_DIAG AFTER_PASS:composite render=( 5.020E+2  2.820E+2) display=( 8.540E+2  4.800E+2) region-1=( 5.020E+2  2.820E+2) region-2=( 8.540E+2  4.800E+2) viewport=[0,0,427,240] scissor=[0,128,854,256]/false drawFbo=13 readFbo=13 drawBuffer=36064 readBuffer=36064 drawStatus=8cd5
[02Oct2026 17:53:07.613] [Render thread/INFO] [SuperResolution/]: SR_DIAG AFTER_PASS:composite fbo=13 attachment=8ce0 texture=77 mip=0 size=427x240 internalFormat=881a
[02Oct2026 17:53:07.613] [Render thread/INFO] [SuperResolution/]: SR_DIAG BEFORE_PASS:composite1 render=( 5.020E+2  2.820E+2) display=( 8.540E+2  4.800E+2) region-1=( 5.020E+2  2.820E+2) region-2=( 8.540E+2  4.800E+2) viewport=[0,0,427,240] scissor=[0,128,854,256]/false drawFbo=13 readFbo=13 drawBuffer=36064 readBuffer=36064 drawStatus=8cd5
[02Oct2026 17:53:07.613] [Render thread/INFO] [SuperResolution/]: SR_DIAG BEFORE_PASS:composite1 fbo=13 attachment=8ce0 texture=77 mip=0 size=427x240 internalFormat=881a
[02Oct2026 17:53:07.614] [Render thread/INFO] [SuperResolution/]: SR_DIAG AFTER_PASS:composite1 render=( 5.020E+2  2.820E+2) display=( 8.540E+2  4.800E+2) region-1=( 5.020E+2  2.820E+2) region-2=( 8.540E+2  4.800E+2) viewport=[0,0,854,480] scissor=[0,128,854,256]/false drawFbo=14 readFbo=14 drawBuffer=36064 readBuffer=36064 drawStatus=8cd5
[02Oct2026 17:53:07.614] [Render thread/INFO] [SuperResolution/]: SR_DIAG AFTER_PASS:composite1 fbo=14 attachment=8ce0 texture=48 mip=0 size=854x480 internalFormat=8c3a
[02Oct2026 17:53:07.614] [Render thread/INFO] [SuperResolution/]: SR_DIAG BEFORE_PASS:composite3 render=( 5.020E+2  2.820E+2) display=( 8.540E+2  4.800E+2) region-1=( 5.020E+2  2.820E+2) region-2=( 8.540E+2  4.800E+2) viewport=[0,0,854,480] scissor=[0,128,854,256]/false drawFbo=14 readFbo=14 drawBuffer=36064 readBuffer=36064 drawStatus=8cd5
[02Oct2026 17:53:07.614] [Render thread/INFO] [SuperResolution/]: SR_DIAG BEFORE_PASS:composite3 fbo=14 attachment=8ce0 texture=48 mip=0 size=854x480 internalFormat=8c3a
[02Oct2026 17:53:07.614] [Render thread/INFO] [SuperResolution/]: SR_DIAG AFTER_PASS:composite3 render=( 5.020E+2  2.820E+2) display=( 8.540E+2  4.800E+2) region-1=( 5.020E+2  2.820E+2) region-2=( 8.540E+2  4.800E+2) viewport=[0,0,854,480] scissor=[0,128,854,256]/false drawFbo=15 readFbo=15 drawBuffer=36064 readBuffer=36064 drawStatus=8cd5
[02Oct2026 17:53:07.614] [Render thread/INFO] [SuperResolution/]: SR_DIAG AFTER_PASS:composite3 fbo=15 attachment=8ce0 texture=49 mip=0 size=854x480 internalFormat=8c3a
[02Oct2026 17:53:07.614] [Render thread/INFO] [SuperResolution/]: SR_DIAG BEFORE_PASS:composite4 render=( 5.020E+2  2.820E+2) display=( 8.540E+2  4.800E+2) region-1=( 5.020E+2  2.820E+2) region-2=( 8.540E+2  4.800E+2) viewport=[0,0,854,480] scissor=[0,128,854,256]/false drawFbo=15 readFbo=15 drawBuffer=36064 readBuffer=36064 drawStatus=8cd5
[02Oct2026 17:53:07.614] [Render thread/INFO] [SuperResolution/]: SR_DIAG BEFORE_PASS:composite4 fbo=15 attachment=8ce0 texture=49 mip=0 size=854x480 internalFormat=8c3a
[02Oct2026 17:53:07.614] [Render thread/INFO] [SuperResolution/]: SR_DIAG AFTER_PASS:composite4 render=( 5.020E+2  2.820E+2) display=( 8.540E+2  4.800E+2) region-1=( 5.020E+2  2.820E+2) region-2=( 8.540E+2  4.800E+2) viewport=[0,0,854,480] scissor=[0,128,854,256]/false drawFbo=16 readFbo=16 drawBuffer=36064 readBuffer=36064 drawStatus=8cd5
[02Oct2026 17:53:07.614] [Render thread/INFO] [SuperResolution/]: SR_DIAG AFTER_PASS:composite4 fbo=16 attachment=8ce0 texture=64 mip=0 size=854x480 internalFormat=881a
[02Oct2026 17:53:07.614] [Render thread/INFO] [SuperResolution/]: SR_DIAG BEFORE_PASS:composite5 render=( 5.020E+2  2.820E+2) display=( 8.540E+2  4.800E+2) region-1=( 5.020E+2  2.820E+2) region-2=( 8.540E+2  4.800E+2) viewport=[0,0,854,480] scissor=[0,128,854,256]/false drawFbo=16 readFbo=16 drawBuffer=36064 readBuffer=36064 drawStatus=8cd5
[02Oct2026 17:53:07.614] [Render thread/INFO] [SuperResolution/]: SR_DIAG BEFORE_PASS:composite5 fbo=16 attachment=8ce0 texture=64 mip=0 size=854x480 internalFormat=881a
[02Oct2026 17:53:07.614] [Render thread/INFO] [SuperResolution/]: SR_DIAG AFTER_PASS:composite5 render=( 5.020E+2  2.820E+2) display=( 8.540E+2  4.800E+2) region-1=( 5.020E+2  2.820E+2) region-2=( 8.540E+2  4.800E+2) viewport=[0,0,854,480] scissor=[0,128,854,256]/false drawFbo=17 readFbo=17 drawBuffer=36064 readBuffer=36064 drawStatus=8cd5
[02Oct2026 17:53:07.614] [Render thread/INFO] [SuperResolution/]: SR_DIAG AFTER_PASS:composite5 fbo=17 attachment=8ce0 texture=63 mip=0 size=854x480 internalFormat=881a
[02Oct2026 17:53:07.615] [Render thread/INFO] [SuperResolution/]: SR_DIAG BEFORE_PASS:composite6 render=( 5.020E+2  2.820E+2) display=( 8.540E+2  4.800E+2) region-1=( 5.020E+2  2.820E+2) region-2=( 8.540E+2  4.800E+2) viewport=[0,0,854,480] scissor=[0,128,854,256]/false drawFbo=17 readFbo=17 drawBuffer=36064 readBuffer=36064 drawStatus=8cd5
[02Oct2026 17:53:07.615] [Render thread/INFO] [SuperResolution/]: SR_DIAG BEFORE_PASS:composite6 fbo=17 attachment=8ce0 texture=63 mip=0 size=854x480 internalFormat=881a
[02Oct2026 17:53:07.615] [Render thread/INFO] [SuperResolution/]: SR_DIAG AFTER_PASS:composite6 render=( 5.020E+2  2.820E+2) display=( 8.540E+2  4.800E+2) region-1=( 5.020E+2  2.820E+2) region-2=( 8.540E+2  4.800E+2) viewport=[0,0,854,480] scissor=[0,128,854,256]/false drawFbo=18 readFbo=18 drawBuffer=36064 readBuffer=36064 drawStatus=8cd5
[02Oct2026 17:53:07.615] [Render thread/INFO] [SuperResolution/]: SR_DIAG AFTER_PASS:composite6 fbo=18 attachment=8ce0 texture=64 mip=0 size=854x480 internalFormat=881a
[02Oct2026 17:53:07.615] [Render thread/INFO] [SuperResolution/]: SR_DIAG BEFORE_PASS:composite7 render=( 5.020E+2  2.820E+2) display=( 8.540E+2  4.800E+2) region-1=( 5.020E+2  2.820E+2) region-2=( 8.540E+2  4.800E+2) viewport=[0,0,854,480] scissor=[0,128,854,256]/false drawFbo=18 readFbo=18 drawBuffer=36064 readBuffer=36064 drawStatus=8cd5
[02Oct2026 17:53:07.615] [Render thread/INFO] [SuperResolution/]: SR_DIAG BEFORE_PASS:composite7 fbo=18 attachment=8ce0 texture=64 mip=0 size=854x480 internalFormat=881a
[02Oct2026 17:53:07.615] [Render thread/INFO] [SuperResolution/]: SR_DIAG BEFORE_SR render=( 5.020E+2  2.820E+2) display=( 8.540E+2  4.800E+2) region-1=( 5.020E+2  2.820E+2) region-2=( 8.540E+2  4.800E+2) viewport=[0,0,854,480] scissor=[0,128,854,256]/false drawFbo=18 readFbo=18 drawBuffer=36064 readBuffer=36064 drawStatus=8cd5
[02Oct2026 17:53:07.615] [Render thread/INFO] [SuperResolution/]: SR_DIAG BEFORE_SR fbo=18 attachment=8ce0 texture=64 mip=0 size=854x480 internalFormat=881a
[02Oct2026 17:53:07.615] [Render thread/INFO] [SuperResolution/]: SR_DIAG texture color id=64 size=854x480 format=RGBA16F target/type=Texture2D glInternalFormat=881a
[02Oct2026 17:53:07.615] [Render thread/INFO] [SuperResolution/]: SR_DIAG texture depth id=3 size=854x480 format=DEPTH24 target/type=Texture2D glInternalFormat=1902
[02Oct2026 17:53:07.615] [Render thread/INFO] [SuperResolution/]: SR_DIAG depth depth id=3 bits=24 componentType=8c17
[02Oct2026 17:53:07.615] [Render thread/INFO] [SuperResolution/]: SR_DIAG texture motion_vectors id=83 size=854x480 format=RGBA16F target/type=Texture2D glInternalFormat=881a
[02Oct2026 17:53:07.615] [Render thread/INFO] [SuperResolution/]: SR_DIAG texture algorithm_color id=92 size=502x282 format=RGBA16F target/type=Texture2D glInternalFormat=881a
[02Oct2026 17:53:07.615] [Render thread/INFO] [SuperResolution/]: SR_DIAG texture algorithm_depth id=94 size=502x282 format=DEPTH24 target/type=Texture2D glInternalFormat=81a6
[02Oct2026 17:53:07.615] [Render thread/INFO] [SuperResolution/]: SR_DIAG depth algorithm_depth id=94 bits=24 componentType=8c17
[02Oct2026 17:53:07.615] [Render thread/INFO] [SuperResolution/]: SR_DIAG texture algorithm_motion_vectors id=95 size=502x282 format=RGBA16F target/type=Texture2D glInternalFormat=881a
[02Oct2026 17:53:07.806] [Render thread/INFO] [SuperResolution/]: SR_DIAG texture SR_output id=85 size=854x480 format=RGBA16F target/type=Texture2D glInternalFormat=881a
[02Oct2026 17:53:07.806] [Render thread/INFO] [SuperResolution/]: SR_DIAG texture autotex3/output_target id=64 size=854x480 format=RGBA16F target/type=Texture2D glInternalFormat=881a
[02Oct2026 17:53:07.806] [Render thread/INFO] [SuperResolution/]: SR_DIAG AFTER_SR render=( 5.020E+2  2.820E+2) display=( 8.540E+2  4.800E+2) region-1=( 5.020E+2  2.820E+2) region-2=( 8.540E+2  4.800E+2) viewport=[0,0,854,480] scissor=[0,128,854,256]/false drawFbo=18 readFbo=18 drawBuffer=36064 readBuffer=36064 drawStatus=8cd5
[02Oct2026 17:53:07.806] [Render thread/INFO] [SuperResolution/]: SR_DIAG AFTER_SR fbo=18 attachment=8ce0 texture=64 mip=0 size=854x480 internalFormat=881a
[02Oct2026 17:53:07.806] [Render thread/INFO] [SuperResolution/]: SR_DIAG AFTER_PASS:composite7 render=( 5.020E+2  2.820E+2) display=( 8.540E+2  4.800E+2) region-1=( 5.020E+2  2.820E+2) region-2=( 8.540E+2  4.800E+2) viewport=[0,0,854,480] scissor=[0,128,854,256]/false drawFbo=19 readFbo=19 drawBuffer=36064 readBuffer=36064 drawStatus=8cd5
[02Oct2026 17:53:07.806] [Render thread/INFO] [SuperResolution/]: SR_DIAG AFTER_PASS:composite7 fbo=19 attachment=8ce0 texture=63 mip=0 size=854x480 internalFormat=881a
[02Oct2026 17:53:07.806] [Render thread/INFO] [SuperResolution/]: SR_DIAG FINAL_PIPELINE render=( 5.020E+2  2.820E+2) display=( 8.540E+2  4.800E+2) region-1=( 5.020E+2  2.820E+2) region-2=( 8.540E+2  4.800E+2) viewport=[0,0,854,480] scissor=[0,128,854,256]/false drawFbo=1 readFbo=1 drawBuffer=36064 readBuffer=36064 drawStatus=8cd5
[02Oct2026 17:53:07.806] [Render thread/INFO] [SuperResolution/]: SR_DIAG FINAL_PIPELINE fbo=1 attachment=8ce0 texture=2 mip=0 size=854x480 internalFormat=8058
[02Oct2026 17:53:07.806] [Render thread/INFO] [SuperResolution/]: SR_DIAG FINAL_PIPELINE fbo=1 attachment=8d00 texture=3 mip=0 size=854x480 internalFormat=1902
[02Oct2026 17:53:17.622] [Render thread/INFO] [SuperResolution/]: SR_DIAG BEFORE_PASS:deferred1 render=( 5.020E+2  2.820E+2) display=( 8.540E+2  4.800E+2) region-1=( 5.020E+2  2.820E+2) region-2=( 8.540E+2  4.800E+2) viewport=[0,0,854,480] scissor=[0,128,854,256]/false drawFbo=1 readFbo=1 drawBuffer=36064 readBuffer=36064 drawStatus=8cd5
[02Oct2026 17:53:17.623] [Render thread/INFO] [SuperResolution/]: SR_DIAG BEFORE_PASS:deferred1 fbo=1 attachment=8ce0 texture=2 mip=0 size=854x480 internalFormat=8058
[02Oct2026 17:53:17.623] [Render thread/INFO] [SuperResolution/]: SR_DIAG BEFORE_PASS:deferred1 fbo=1 attachment=8d00 texture=3 mip=0 size=854x480 internalFormat=1902
[02Oct2026 17:53:17.623] [Render thread/INFO] [SuperResolution/]: SR_DIAG AFTER_PASS:deferred1 render=( 5.020E+2  2.820E+2) display=( 8.540E+2  4.800E+2) region-1=( 5.020E+2  2.820E+2) region-2=( 8.540E+2  4.800E+2) viewport=[0,0,854,480] scissor=[0,128,854,256]/false drawFbo=12 readFbo=12 drawBuffer=36064 readBuffer=36064 drawStatus=8cd5
[02Oct2026 17:53:17.623] [Render thread/INFO] [SuperResolution/]: SR_DIAG AFTER_PASS:deferred1 fbo=12 attachment=8ce0 texture=49 mip=0 size=854x480 internalFormat=8c3a
[02Oct2026 17:53:17.623] [Render thread/INFO] [SuperResolution/]: SR_DIAG BEFORE_PASS:composite render=( 5.020E+2  2.820E+2) display=( 8.540E+2  4.800E+2) region-1=( 5.020E+2  2.820E+2) region-2=( 8.540E+2  4.800E+2) viewport=[0,0,854,480] scissor=[0,128,854,256]/false drawFbo=1 readFbo=1 drawBuffer=36064 readBuffer=36064 drawStatus=8cd5
[02Oct2026 17:53:17.623] [Render thread/INFO] [SuperResolution/]: SR_DIAG BEFORE_PASS:composite fbo=1 attachment=8ce0 texture=2 mip=0 size=854x480 internalFormat=8058
[02Oct2026 17:53:17.623] [Render thread/INFO] [SuperResolution/]: SR_DIAG BEFORE_PASS:composite fbo=1 attachment=8d00 texture=3 mip=0 size=854x480 internalFormat=1902
[02Oct2026 17:53:17.623] [Render thread/INFO] [SuperResolution/]: SR_DIAG AFTER_PASS:composite render=( 5.020E+2  2.820E+2) display=( 8.540E+2  4.800E+2) region-1=( 5.020E+2  2.820E+2) region-2=( 8.540E+2  4.800E+2) viewport=[0,0,427,240] scissor=[0,128,854,256]/false drawFbo=13 readFbo=13 drawBuffer=36064 readBuffer=36064 drawStatus=8cd5
[02Oct2026 17:53:17.623] [Render thread/INFO] [SuperResolution/]: SR_DIAG AFTER_PASS:composite fbo=13 attachment=8ce0 texture=77 mip=0 size=427x240 internalFormat=881a
[02Oct2026 17:53:17.623] [Render thread/INFO] [SuperResolution/]: SR_DIAG BEFORE_PASS:composite1 render=( 5.020E+2  2.820E+2) display=( 8.540E+2  4.800E+2) region-1=( 5.020E+2  2.820E+2) region-2=( 8.540E+2  4.800E+2) viewport=[0,0,427,240] scissor=[0,128,854,256]/false drawFbo=13 readFbo=13 drawBuffer=36064 readBuffer=36064 drawStatus=8cd5
[02Oct2026 17:53:17.623] [Render thread/INFO] [SuperResolution/]: SR_DIAG BEFORE_PASS:composite1 fbo=13 attachment=8ce0 texture=77 mip=0 size=427x240 internalFormat=881a
[02Oct2026 17:53:17.624] [Render thread/INFO] [SuperResolution/]: SR_DIAG AFTER_PASS:composite1 render=( 5.020E+2  2.820E+2) display=( 8.540E+2  4.800E+2) region-1=( 5.020E+2  2.820E+2) region-2=( 8.540E+2  4.800E+2) viewport=[0,0,854,480] scissor=[0,128,854,256]/false drawFbo=14 readFbo=14 drawBuffer=36064 readBuffer=36064 drawStatus=8cd5
[02Oct2026 17:53:17.624] [Render thread/INFO] [SuperResolution/]: SR_DIAG AFTER_PASS:composite1 fbo=14 attachment=8ce0 texture=48 mip=0 size=854x480 internalFormat=8c3a
[02Oct2026 17:53:17.624] [Render thread/INFO] [SuperResolution/]: SR_DIAG BEFORE_PASS:composite3 render=( 5.020E+2  2.820E+2) display=( 8.540E+2  4.800E+2) region-1=( 5.020E+2  2.820E+2) region-2=( 8.540E+2  4.800E+2) viewport=[0,0,854,480] scissor=[0,128,854,256]/false drawFbo=14 readFbo=14 drawBuffer=36064 readBuffer=36064 drawStatus=8cd5
[02Oct2026 17:53:17.624] [Render thread/INFO] [SuperResolution/]: SR_DIAG BEFORE_PASS:composite3 fbo=14 attachment=8ce0 texture=48 mip=0 size=854x480 internalFormat=8c3a
[02Oct2026 17:53:17.624] [Render thread/INFO] [SuperResolution/]: SR_DIAG AFTER_PASS:composite3 render=( 5.020E+2  2.820E+2) display=( 8.540E+2  4.800E+2) region-1=( 5.020E+2  2.820E+2) region-2=( 8.540E+2  4.800E+2) viewport=[0,0,854,480] scissor=[0,128,854,256]/false drawFbo=15 readFbo=15 drawBuffer=36064 readBuffer=36064 drawStatus=8cd5
[02Oct2026 17:53:17.624] [Render thread/INFO] [SuperResolution/]: SR_DIAG AFTER_PASS:composite3 fbo=15 attachment=8ce0 texture=49 mip=0 size=854x480 internalFormat=8c3a
[02Oct2026 17:53:17.624] [Render thread/INFO] [SuperResolution/]: SR_DIAG BEFORE_PASS:composite4 render=( 5.020E+2  2.820E+2) display=( 8.540E+2  4.800E+2) region-1=( 5.020E+2  2.820E+2) region-2=( 8.540E+2  4.800E+2) viewport=[0,0,854,480] scissor=[0,128,854,256]/false drawFbo=15 readFbo=15 drawBuffer=36064 readBuffer=36064 drawStatus=8cd5
[02Oct2026 17:53:17.624] [Render thread/INFO] [SuperResolution/]: SR_DIAG BEFORE_PASS:composite4 fbo=15 attachment=8ce0 texture=49 mip=0 size=854x480 internalFormat=8c3a
[02Oct2026 17:53:17.624] [Render thread/INFO] [SuperResolution/]: SR_DIAG AFTER_PASS:composite4 render=( 5.020E+2  2.820E+2) display=( 8.540E+2  4.800E+2) region-1=( 5.020E+2  2.820E+2) region-2=( 8.540E+2  4.800E+2) viewport=[0,0,854,480] scissor=[0,128,854,256]/false drawFbo=16 readFbo=16 drawBuffer=36064 readBuffer=36064 drawStatus=8cd5
[02Oct2026 17:53:17.624] [Render thread/INFO] [SuperResolution/]: SR_DIAG AFTER_PASS:composite4 fbo=16 attachment=8ce0 texture=64 mip=0 size=854x480 internalFormat=881a
[02Oct2026 17:53:17.624] [Render thread/INFO] [SuperResolution/]: SR_DIAG BEFORE_PASS:composite5 render=( 5.020E+2  2.820E+2) display=( 8.540E+2  4.800E+2) region-1=( 5.020E+2  2.820E+2) region-2=( 8.540E+2  4.800E+2) viewport=[0,0,854,480] scissor=[0,128,854,256]/false drawFbo=16 readFbo=16 drawBuffer=36064 readBuffer=36064 drawStatus=8cd5
[02Oct2026 17:53:17.624] [Render thread/INFO] [SuperResolution/]: SR_DIAG BEFORE_PASS:composite5 fbo=16 attachment=8ce0 texture=64 mip=0 size=854x480 internalFormat=881a
[02Oct2026 17:53:17.624] [Render thread/INFO] [SuperResolution/]: SR_DIAG AFTER_PASS:composite5 render=( 5.020E+2  2.820E+2) display=( 8.540E+2  4.800E+2) region-1=( 5.020E+2  2.820E+2) region-2=( 8.540E+2  4.800E+2) viewport=[0,0,854,480] scissor=[0,128,854,256]/false drawFbo=17 readFbo=17 drawBuffer=36064 readBuffer=36064 drawStatus=8cd5
[02Oct2026 17:53:17.624] [Render thread/INFO] [SuperResolution/]: SR_DIAG AFTER_PASS:composite5 fbo=17 attachment=8ce0 texture=63 mip=0 size=854x480 internalFormat=881a
[02Oct2026 17:53:17.624] [Render thread/INFO] [SuperResolution/]: SR_DIAG BEFORE_PASS:composite6 render=( 5.020E+2  2.820E+2) display=( 8.540E+2  4.800E+2) region-1=( 5.020E+2  2.820E+2) region-2=( 8.540E+2  4.800E+2) viewport=[0,0,854,480] scissor=[0,128,854,256]/false drawFbo=17 readFbo=17 drawBuffer=36064 readBuffer=36064 drawStatus=8cd5
[02Oct2026 17:53:17.624] [Render thread/INFO] [SuperResolution/]: SR_DIAG BEFORE_PASS:composite6 fbo=17 attachment=8ce0 texture=63 mip=0 size=854x480 internalFormat=881a
[02Oct2026 17:53:17.624] [Render thread/INFO] [SuperResolution/]: SR_DIAG AFTER_PASS:composite6 render=( 5.020E+2  2.820E+2) display=( 8.540E+2  4.800E+2) region-1=( 5.020E+2  2.820E+2) region-2=( 8.540E+2  4.800E+2) viewport=[0,0,854,480] scissor=[0,128,854,256]/false drawFbo=18 readFbo=18 drawBuffer=36064 readBuffer=36064 drawStatus=8cd5
[02Oct2026 17:53:17.624] [Render thread/INFO] [SuperResolution/]: SR_DIAG AFTER_PASS:composite6 fbo=18 attachment=8ce0 texture=64 mip=0 size=854x480 internalFormat=881a
[02Oct2026 17:53:17.624] [Render thread/INFO] [SuperResolution/]: SR_DIAG BEFORE_PASS:composite7 render=( 5.020E+2  2.820E+2) display=( 8.540E+2  4.800E+2) region-1=( 5.020E+2  2.820E+2) region-2=( 8.540E+2  4.800E+2) viewport=[0,0,854,480] scissor=[0,128,854,256]/false drawFbo=18 readFbo=18 drawBuffer=36064 readBuffer=36064 drawStatus=8cd5
[02Oct2026 17:53:17.624] [Render thread/INFO] [SuperResolution/]: SR_DIAG BEFORE_PASS:composite7 fbo=18 attachment=8ce0 texture=64 mip=0 size=854x480 internalFormat=881a
[02Oct2026 17:53:17.624] [Render thread/INFO] [SuperResolution/]: SR_DIAG BEFORE_SR render=( 5.020E+2  2.820E+2) display=( 8.540E+2  4.800E+2) region-1=( 5.020E+2  2.820E+2) region-2=( 8.540E+2  4.800E+2) viewport=[0,0,854,480] scissor=[0,128,854,256]/false drawFbo=18 readFbo=18 drawBuffer=36064 readBuffer=36064 drawStatus=8cd5
[02Oct2026 17:53:17.624] [Render thread/INFO] [SuperResolution/]: SR_DIAG BEFORE_SR fbo=18 attachment=8ce0 texture=64 mip=0 size=854x480 internalFormat=881a
[02Oct2026 17:53:17.625] [Render thread/INFO] [SuperResolution/]: SR_DIAG texture color id=64 size=854x480 format=RGBA16F target/type=Texture2D glInternalFormat=881a
[02Oct2026 17:53:17.625] [Render thread/INFO] [SuperResolution/]: SR_DIAG texture depth id=3 size=854x480 format=DEPTH24 target/type=Texture2D glInternalFormat=1902
[02Oct2026 17:53:17.625] [Render thread/INFO] [SuperResolution/]: SR_DIAG depth depth id=3 bits=24 componentType=8c17
[02Oct2026 17:53:17.625] [Render thread/INFO] [SuperResolution/]: SR_DIAG texture motion_vectors id=83 size=854x480 format=RGBA16F target/type=Texture2D glInternalFormat=881a
[02Oct2026 17:53:17.625] [Render thread/INFO] [SuperResolution/]: SR_DIAG texture algorithm_color id=92 size=502x282 format=RGBA16F target/type=Texture2D glInternalFormat=881a
[02Oct2026 17:53:17.625] [Render thread/INFO] [SuperResolution/]: SR_DIAG texture algorithm_depth id=94 size=502x282 format=DEPTH24 target/type=Texture2D glInternalFormat=81a6
[02Oct2026 17:53:17.625] [Render thread/INFO] [SuperResolution/]: SR_DIAG depth algorithm_depth id=94 bits=24 componentType=8c17
[02Oct2026 17:53:17.625] [Render thread/INFO] [SuperResolution/]: SR_DIAG texture algorithm_motion_vectors id=95 size=502x282 format=RGBA16F target/type=Texture2D glInternalFormat=881a
[02Oct2026 17:53:17.810] [Render thread/INFO] [SuperResolution/]: SR_DIAG texture SR_output id=85 size=854x480 format=RGBA16F target/type=Texture2D glInternalFormat=881a
[02Oct2026 17:53:17.810] [Render thread/INFO] [SuperResolution/]: SR_DIAG texture autotex3/output_target id=64 size=854x480 format=RGBA16F target/type=Texture2D glInternalFormat=881a
[02Oct2026 17:53:17.810] [Render thread/INFO] [SuperResolution/]: SR_DIAG AFTER_SR render=( 5.020E+2  2.820E+2) display=( 8.540E+2  4.800E+2) region-1=( 5.020E+2  2.820E+2) region-2=( 8.540E+2  4.800E+2) viewport=[0,0,854,480] scissor=[0,128,854,256]/false drawFbo=18 readFbo=18 drawBuffer=36064 readBuffer=36064 drawStatus=8cd5
[02Oct2026 17:53:17.811] [Render thread/INFO] [SuperResolution/]: SR_DIAG AFTER_SR fbo=18 attachment=8ce0 texture=64 mip=0 size=854x480 internalFormat=881a
[02Oct2026 17:53:17.811] [Render thread/INFO] [SuperResolution/]: SR_DIAG AFTER_PASS:composite7 render=( 5.020E+2  2.820E+2) display=( 8.540E+2  4.800E+2) region-1=( 5.020E+2  2.820E+2) region-2=( 8.540E+2  4.800E+2) viewport=[0,0,854,480] scissor=[0,128,854,256]/false drawFbo=19 readFbo=19 drawBuffer=36064 readBuffer=36064 drawStatus=8cd5
[02Oct2026 17:53:17.811] [Render thread/INFO] [SuperResolution/]: SR_DIAG AFTER_PASS:composite7 fbo=19 attachment=8ce0 texture=63 mip=0 size=854x480 internalFormat=881a
[02Oct2026 17:53:17.811] [Render thread/INFO] [SuperResolution/]: SR_DIAG FINAL_PIPELINE render=( 5.020E+2  2.820E+2) display=( 8.540E+2  4.800E+2) region-1=( 5.020E+2  2.820E+2) region-2=( 8.540E+2  4.800E+2) viewport=[0,0,854,480] scissor=[0,128,854,256]/false drawFbo=1 readFbo=1 drawBuffer=36064 readBuffer=36064 drawStatus=8cd5
[02Oct2026 17:53:17.812] [Render thread/INFO] [SuperResolution/]: SR_DIAG FINAL_PIPELINE fbo=1 attachment=8ce0 texture=2 mip=0 size=854x480 internalFormat=8058
[02Oct2026 17:53:17.812] [Render thread/INFO] [SuperResolution/]: SR_DIAG FINAL_PIPELINE fbo=1 attachment=8d00 texture=3 mip=0 size=854x480 internalFormat=1902
[02Oct2026 17:53:27.650] [Render thread/INFO] [SuperResolution/]: SR_DIAG BEFORE_PASS:deferred1 render=( 5.020E+2  2.820E+2) display=( 8.540E+2  4.800E+2) region-1=( 5.020E+2  2.820E+2) region-2=( 8.540E+2  4.800E+2) viewport=[0,0,854,480] scissor=[0,128,854,256]/false drawFbo=1 readFbo=1 drawBuffer=36064 readBuffer=36064 drawStatus=8cd5
[02Oct2026 17:53:27.650] [Render thread/INFO] [SuperResolution/]: SR_DIAG BEFORE_PASS:deferred1 fbo=1 attachment=8ce0 texture=2 mip=0 size=854x480 internalFormat=8058
[02Oct2026 17:53:27.650] [Render thread/INFO] [SuperResolution/]: SR_DIAG BEFORE_PASS:deferred1 fbo=1 attachment=8d00 texture=3 mip=0 size=854x480 internalFormat=1902
[02Oct2026 17:53:27.651] [Render thread/INFO] [SuperResolution/]: SR_DIAG AFTER_PASS:deferred1 render=( 5.020E+2  2.820E+2) display=( 8.540E+2  4.800E+2) region-1=( 5.020E+2  2.820E+2) region-2=( 8.540E+2  4.800E+2) viewport=[0,0,854,480] scissor=[0,128,854,256]/false drawFbo=12 readFbo=12 drawBuffer=36064 readBuffer=36064 drawStatus=8cd5
[02Oct2026 17:53:27.651] [Render thread/INFO] [SuperResolution/]: SR_DIAG AFTER_PASS:deferred1 fbo=12 attachment=8ce0 texture=49 mip=0 size=854x480 internalFormat=8c3a
[02Oct2026 17:53:27.651] [Render thread/INFO] [SuperResolution/]: SR_DIAG BEFORE_PASS:composite render=( 5.020E+2  2.820E+2) display=( 8.540E+2  4.800E+2) region-1=( 5.020E+2  2.820E+2) region-2=( 8.540E+2  4.800E+2) viewport=[0,0,854,480] scissor=[0,128,854,256]/false drawFbo=1 readFbo=1 drawBuffer=36064 readBuffer=36064 drawStatus=8cd5
[02Oct2026 17:53:27.651] [Render thread/INFO] [SuperResolution/]: SR_DIAG BEFORE_PASS:composite fbo=1 attachment=8ce0 texture=2 mip=0 size=854x480 internalFormat=8058
[02Oct2026 17:53:27.651] [Render thread/INFO] [SuperResolution/]: SR_DIAG BEFORE_PASS:composite fbo=1 attachment=8d00 texture=3 mip=0 size=854x480 internalFormat=1902
[02Oct2026 17:53:27.651] [Render thread/INFO] [SuperResolution/]: SR_DIAG AFTER_PASS:composite render=( 5.020E+2  2.820E+2) display=( 8.540E+2  4.800E+2) region-1=( 5.020E+2  2.820E+2) region-2=( 8.540E+2  4.800E+2) viewport=[0,0,427,240] scissor=[0,128,854,256]/false drawFbo=13 readFbo=13 drawBuffer=36064 readBuffer=36064 drawStatus=8cd5
[02Oct2026 17:53:27.651] [Render thread/INFO] [SuperResolution/]: SR_DIAG AFTER_PASS:composite fbo=13 attachment=8ce0 texture=77 mip=0 size=427x240 internalFormat=881a
[02Oct2026 17:53:27.651] [Render thread/INFO] [SuperResolution/]: SR_DIAG BEFORE_PASS:composite1 render=( 5.020E+2  2.820E+2) display=( 8.540E+2  4.800E+2) region-1=( 5.020E+2  2.820E+2) region-2=( 8.540E+2  4.800E+2) viewport=[0,0,427,240] scissor=[0,128,854,256]/false drawFbo=13 readFbo=13 drawBuffer=36064 readBuffer=36064 drawStatus=8cd5
[02Oct2026 17:53:27.651] [Render thread/INFO] [SuperResolution/]: SR_DIAG BEFORE_PASS:composite1 fbo=13 attachment=8ce0 texture=77 mip=0 size=427x240 internalFormat=881a
[02Oct2026 17:53:27.651] [Render thread/INFO] [SuperResolution/]: SR_DIAG AFTER_PASS:composite1 render=( 5.020E+2  2.820E+2) display=( 8.540E+2  4.800E+2) region-1=( 5.020E+2  2.820E+2) region-2=( 8.540E+2  4.800E+2) viewport=[0,0,854,480] scissor=[0,128,854,256]/false drawFbo=14 readFbo=14 drawBuffer=36064 readBuffer=36064 drawStatus=8cd5
[02Oct2026 17:53:27.651] [Render thread/INFO] [SuperResolution/]: SR_DIAG AFTER_PASS:composite1 fbo=14 attachment=8ce0 texture=48 mip=0 size=854x480 internalFormat=8c3a
[02Oct2026 17:53:27.651] [Render thread/INFO] [SuperResolution/]: SR_DIAG BEFORE_PASS:composite3 render=( 5.020E+2  2.820E+2) display=( 8.540E+2  4.800E+2) region-1=( 5.020E+2  2.820E+2) region-2=( 8.540E+2  4.800E+2) viewport=[0,0,854,480] scissor=[0,128,854,256]/false drawFbo=14 readFbo=14 drawBuffer=36064 readBuffer=36064 drawStatus=8cd5
[02Oct2026 17:53:27.651] [Render thread/INFO] [SuperResolution/]: SR_DIAG BEFORE_PASS:composite3 fbo=14 attachment=8ce0 texture=48 mip=0 size=854x480 internalFormat=8c3a
[02Oct2026 17:53:27.651] [Render thread/INFO] [SuperResolution/]: SR_DIAG AFTER_PASS:composite3 render=( 5.020E+2  2.820E+2) display=( 8.540E+2  4.800E+2) region-1=( 5.020E+2  2.820E+2) region-2=( 8.540E+2  4.800E+2) viewport=[0,0,854,480] scissor=[0,128,854,256]/false drawFbo=15 readFbo=15 drawBuffer=36064 readBuffer=36064 drawStatus=8cd5
[02Oct2026 17:53:27.651] [Render thread/INFO] [SuperResolution/]: SR_DIAG AFTER_PASS:composite3 fbo=15 attachment=8ce0 texture=49 mip=0 size=854x480 internalFormat=8c3a
[02Oct2026 17:53:27.651] [Render thread/INFO] [SuperResolution/]: SR_DIAG BEFORE_PASS:composite4 render=( 5.020E+2  2.820E+2) display=( 8.540E+2  4.800E+2) region-1=( 5.020E+2  2.820E+2) region-2=( 8.540E+2  4.800E+2) viewport=[0,0,854,480] scissor=[0,128,854,256]/false drawFbo=15 readFbo=15 drawBuffer=36064 readBuffer=36064 drawStatus=8cd5
[02Oct2026 17:53:27.651] [Render thread/INFO] [SuperResolution/]: SR_DIAG BEFORE_PASS:composite4 fbo=15 attachment=8ce0 texture=49 mip=0 size=854x480 internalFormat=8c3a
[02Oct2026 17:53:27.652] [Render thread/INFO] [SuperResolution/]: SR_DIAG AFTER_PASS:composite4 render=( 5.020E+2  2.820E+2) display=( 8.540E+2  4.800E+2) region-1=( 5.020E+2  2.820E+2) region-2=( 8.540E+2  4.800E+2) viewport=[0,0,854,480] scissor=[0,128,854,256]/false drawFbo=16 readFbo=16 drawBuffer=36064 readBuffer=36064 drawStatus=8cd5
[02Oct2026 17:53:27.652] [Render thread/INFO] [SuperResolution/]: SR_DIAG AFTER_PASS:composite4 fbo=16 attachment=8ce0 texture=64 mip=0 size=854x480 internalFormat=881a
[02Oct2026 17:53:27.652] [Render thread/INFO] [SuperResolution/]: SR_DIAG BEFORE_PASS:composite5 render=( 5.020E+2  2.820E+2) display=( 8.540E+2  4.800E+2) region-1=( 5.020E+2  2.820E+2) region-2=( 8.540E+2  4.800E+2) viewport=[0,0,854,480] scissor=[0,128,854,256]/false drawFbo=16 readFbo=16 drawBuffer=36064 readBuffer=36064 drawStatus=8cd5
[02Oct2026 17:53:27.652] [Render thread/INFO] [SuperResolution/]: SR_DIAG BEFORE_PASS:composite5 fbo=16 attachment=8ce0 texture=64 mip=0 size=854x480 internalFormat=881a
[02Oct2026 17:53:27.652] [Render thread/INFO] [SuperResolution/]: SR_DIAG AFTER_PASS:composite5 render=( 5.020E+2  2.820E+2) display=( 8.540E+2  4.800E+2) region-1=( 5.020E+2  2.820E+2) region-2=( 8.540E+2  4.800E+2) viewport=[0,0,854,480] scissor=[0,128,854,256]/false drawFbo=17 readFbo=17 drawBuffer=36064 readBuffer=36064 drawStatus=8cd5
[02Oct2026 17:53:27.652] [Render thread/INFO] [SuperResolution/]: SR_DIAG AFTER_PASS:composite5 fbo=17 attachment=8ce0 texture=63 mip=0 size=854x480 internalFormat=881a
[02Oct2026 17:53:27.652] [Render thread/INFO] [SuperResolution/]: SR_DIAG BEFORE_PASS:composite6 render=( 5.020E+2  2.820E+2) display=( 8.540E+2  4.800E+2) region-1=( 5.020E+2  2.820E+2) region-2=( 8.540E+2  4.800E+2) viewport=[0,0,854,480] scissor=[0,128,854,256]/false drawFbo=17 readFbo=17 drawBuffer=36064 readBuffer=36064 drawStatus=8cd5
[02Oct2026 17:53:27.652] [Render thread/INFO] [SuperResolution/]: SR_DIAG BEFORE_PASS:composite6 fbo=17 attachment=8ce0 texture=63 mip=0 size=854x480 internalFormat=881a
[02Oct2026 17:53:27.652] [Render thread/INFO] [SuperResolution/]: SR_DIAG AFTER_PASS:composite6 render=( 5.020E+2  2.820E+2) display=( 8.540E+2  4.800E+2) region-1=( 5.020E+2  2.820E+2) region-2=( 8.540E+2  4.800E+2) viewport=[0,0,854,480] scissor=[0,128,854,256]/false drawFbo=18 readFbo=18 drawBuffer=36064 readBuffer=36064 drawStatus=8cd5
[02Oct2026 17:53:27.652] [Render thread/INFO] [SuperResolution/]: SR_DIAG AFTER_PASS:composite6 fbo=18 attachment=8ce0 texture=64 mip=0 size=854x480 internalFormat=881a
[02Oct2026 17:53:27.652] [Render thread/INFO] [SuperResolution/]: SR_DIAG BEFORE_PASS:composite7 render=( 5.020E+2  2.820E+2) display=( 8.540E+2  4.800E+2) region-1=( 5.020E+2  2.820E+2) region-2=( 8.540E+2  4.800E+2) viewport=[0,0,854,480] scissor=[0,128,854,256]/false drawFbo=18 readFbo=18 drawBuffer=36064 readBuffer=36064 drawStatus=8cd5
[02Oct2026 17:53:27.652] [Render thread/INFO] [SuperResolution/]: SR_DIAG BEFORE_PASS:composite7 fbo=18 attachment=8ce0 texture=64 mip=0 size=854x480 internalFormat=881a
[02Oct2026 17:53:27.652] [Render thread/INFO] [SuperResolution/]: SR_DIAG BEFORE_SR render=( 5.020E+2  2.820E+2) display=( 8.540E+2  4.800E+2) region-1=( 5.020E+2  2.820E+2) region-2=( 8.540E+2  4.800E+2) viewport=[0,0,854,480] scissor=[0,128,854,256]/false drawFbo=18 readFbo=18 drawBuffer=36064 readBuffer=36064 drawStatus=8cd5
[02Oct2026 17:53:27.652] [Render thread/INFO] [SuperResolution/]: SR_DIAG BEFORE_SR fbo=18 attachment=8ce0 texture=64 mip=0 size=854x480 internalFormat=881a
[02Oct2026 17:53:27.652] [Render thread/INFO] [SuperResolution/]: SR_DIAG texture color id=64 size=854x480 format=RGBA16F target/type=Texture2D glInternalFormat=881a
[02Oct2026 17:53:27.652] [Render thread/INFO] [SuperResolution/]: SR_DIAG texture depth id=3 size=854x480 format=DEPTH24 target/type=Texture2D glInternalFormat=1902
[02Oct2026 17:53:27.652] [Render thread/INFO] [SuperResolution/]: SR_DIAG depth depth id=3 bits=24 componentType=8c17
[02Oct2026 17:53:27.652] [Render thread/INFO] [SuperResolution/]: SR_DIAG texture motion_vectors id=83 size=854x480 format=RGBA16F target/type=Texture2D glInternalFormat=881a
[02Oct2026 17:53:27.652] [Render thread/INFO] [SuperResolution/]: SR_DIAG texture algorithm_color id=92 size=502x282 format=RGBA16F target/type=Texture2D glInternalFormat=881a
[02Oct2026 17:53:27.652] [Render thread/INFO] [SuperResolution/]: SR_DIAG texture algorithm_depth id=94 size=502x282 format=DEPTH24 target/type=Texture2D glInternalFormat=81a6
[02Oct2026 17:53:27.652] [Render thread/INFO] [SuperResolution/]: SR_DIAG depth algorithm_depth id=94 bits=24 componentType=8c17
[02Oct2026 17:53:27.652] [Render thread/INFO] [SuperResolution/]: SR_DIAG texture algorithm_motion_vectors id=95 size=502x282 format=RGBA16F target/type=Texture2D glInternalFormat=881a
[02Oct2026 17:53:27.819] [Render thread/INFO] [SuperResolution/]: SR_DIAG texture SR_output id=85 size=854x480 format=RGBA16F target/type=Texture2D glInternalFormat=881a
[02Oct2026 17:53:27.819] [Render thread/INFO] [SuperResolution/]: SR_DIAG texture autotex3/output_target id=64 size=854x480 format=RGBA16F target/type=Texture2D glInternalFormat=881a
[02Oct2026 17:53:27.819] [Render thread/INFO] [SuperResolution/]: SR_DIAG AFTER_SR render=( 5.020E+2  2.820E+2) display=( 8.540E+2  4.800E+2) region-1=( 5.020E+2  2.820E+2) region-2=( 8.540E+2  4.800E+2) viewport=[0,0,854,480] scissor=[0,128,854,256]/false drawFbo=18 readFbo=18 drawBuffer=36064 readBuffer=36064 drawStatus=8cd5
[02Oct2026 17:53:27.819] [Render thread/INFO] [SuperResolution/]: SR_DIAG AFTER_SR fbo=18 attachment=8ce0 texture=64 mip=0 size=854x480 internalFormat=881a
[02Oct2026 17:53:27.819] [Render thread/INFO] [SuperResolution/]: SR_DIAG AFTER_PASS:composite7 render=( 5.020E+2  2.820E+2) display=( 8.540E+2  4.800E+2) region-1=( 5.020E+2  2.820E+2) region-2=( 8.540E+2  4.800E+2) viewport=[0,0,854,480] scissor=[0,128,854,256]/false drawFbo=19 readFbo=19 drawBuffer=36064 readBuffer=36064 drawStatus=8cd5
[02Oct2026 17:53:27.819] [Render thread/INFO] [SuperResolution/]: SR_DIAG AFTER_PASS:composite7 fbo=19 attachment=8ce0 texture=63 mip=0 size=854x480 internalFormat=881a
[02Oct2026 17:53:27.820] [Render thread/INFO] [SuperResolution/]: SR_DIAG FINAL_PIPELINE render=( 5.020E+2  2.820E+2) display=( 8.540E+2  4.800E+2) region-1=( 5.020E+2  2.820E+2) region-2=( 8.540E+2  4.800E+2) viewport=[0,0,854,480] scissor=[0,128,854,256]/false drawFbo=1 readFbo=1 drawBuffer=36064 readBuffer=36064 drawStatus=8cd5
[02Oct2026 17:53:27.820] [Render thread/INFO] [SuperResolution/]: SR_DIAG FINAL_PIPELINE fbo=1 attachment=8ce0 texture=2 mip=0 size=854x480 internalFormat=8058
[02Oct2026 17:53:27.820] [Render thread/INFO] [SuperResolution/]: SR_DIAG FINAL_PIPELINE fbo=1 attachment=8d00 texture=3 mip=0 size=854x480 internalFormat=1902
[02Oct2026 17:53:37.657] [Render thread/INFO] [SuperResolution/]: SR_DIAG BEFORE_PASS:deferred1 render=( 5.020E+2  2.820E+2) display=( 8.540E+2  4.800E+2) region-1=( 5.020E+2  2.820E+2) region-2=( 8.540E+2  4.800E+2) viewport=[0,0,854,480] scissor=[0,128,854,256]/false drawFbo=1 readFbo=1 drawBuffer=36064 readBuffer=36064 drawStatus=8cd5
[02Oct2026 17:53:37.657] [Render thread/INFO] [SuperResolution/]: SR_DIAG BEFORE_PASS:deferred1 fbo=1 attachment=8ce0 texture=2 mip=0 size=854x480 internalFormat=8058
[02Oct2026 17:53:37.657] [Render thread/INFO] [SuperResolution/]: SR_DIAG BEFORE_PASS:deferred1 fbo=1 attachment=8d00 texture=3 mip=0 size=854x480 internalFormat=1902
[02Oct2026 17:53:37.658] [Render thread/INFO] [SuperResolution/]: SR_DIAG AFTER_PASS:deferred1 render=( 5.020E+2  2.820E+2) display=( 8.540E+2  4.800E+2) region-1=( 5.020E+2  2.820E+2) region-2=( 8.540E+2  4.800E+2) viewport=[0,0,854,480] scissor=[0,128,854,256]/false drawFbo=12 readFbo=12 drawBuffer=36064 readBuffer=36064 drawStatus=8cd5
[02Oct2026 17:53:37.658] [Render thread/INFO] [SuperResolution/]: SR_DIAG AFTER_PASS:deferred1 fbo=12 attachment=8ce0 texture=49 mip=0 size=854x480 internalFormat=8c3a
[02Oct2026 17:53:37.659] [Render thread/INFO] [SuperResolution/]: SR_DIAG BEFORE_PASS:composite render=( 5.020E+2  2.820E+2) display=( 8.540E+2  4.800E+2) region-1=( 5.020E+2  2.820E+2) region-2=( 8.540E+2  4.800E+2) viewport=[0,0,854,480] scissor=[0,128,854,256]/false drawFbo=1 readFbo=1 drawBuffer=36064 readBuffer=36064 drawStatus=8cd5
[02Oct2026 17:53:37.659] [Render thread/INFO] [SuperResolution/]: SR_DIAG BEFORE_PASS:composite fbo=1 attachment=8ce0 texture=2 mip=0 size=854x480 internalFormat=8058
[02Oct2026 17:53:37.659] [Render thread/INFO] [SuperResolution/]: SR_DIAG BEFORE_PASS:composite fbo=1 attachment=8d00 texture=3 mip=0 size=854x480 internalFormat=1902
[02Oct2026 17:53:37.659] [Render thread/INFO] [SuperResolution/]: SR_DIAG AFTER_PASS:composite render=( 5.020E+2  2.820E+2) display=( 8.540E+2  4.800E+2) region-1=( 5.020E+2  2.820E+2) region-2=( 8.540E+2  4.800E+2) viewport=[0,0,427,240] scissor=[0,128,854,256]/false drawFbo=13 readFbo=13 drawBuffer=36064 readBuffer=36064 drawStatus=8cd5
[02Oct2026 17:53:37.659] [Render thread/INFO] [SuperResolution/]: SR_DIAG AFTER_PASS:composite fbo=13 attachment=8ce0 texture=77 mip=0 size=427x240 internalFormat=881a
[02Oct2026 17:53:37.659] [Render thread/INFO] [SuperResolution/]: SR_DIAG BEFORE_PASS:composite1 render=( 5.020E+2  2.820E+2) display=( 8.540E+2  4.800E+2) region-1=( 5.020E+2  2.820E+2) region-2=( 8.540E+2  4.800E+2) viewport=[0,0,427,240] scissor=[0,128,854,256]/false drawFbo=13 readFbo=13 drawBuffer=36064 readBuffer=36064 drawStatus=8cd5
[02Oct2026 17:53:37.659] [Render thread/INFO] [SuperResolution/]: SR_DIAG BEFORE_PASS:composite1 fbo=13 attachment=8ce0 texture=77 mip=0 size=427x240 internalFormat=881a
[02Oct2026 17:53:37.659] [Render thread/INFO] [SuperResolution/]: SR_DIAG AFTER_PASS:composite1 render=( 5.020E+2  2.820E+2) display=( 8.540E+2  4.800E+2) region-1=( 5.020E+2  2.820E+2) region-2=( 8.540E+2  4.800E+2) viewport=[0,0,854,480] scissor=[0,128,854,256]/false drawFbo=14 readFbo=14 drawBuffer=36064 readBuffer=36064 drawStatus=8cd5
[02Oct2026 17:53:37.659] [Render thread/INFO] [SuperResolution/]: SR_DIAG AFTER_PASS:composite1 fbo=14 attachment=8ce0 texture=48 mip=0 size=854x480 internalFormat=8c3a
[02Oct2026 17:53:37.660] [Render thread/INFO] [SuperResolution/]: SR_DIAG BEFORE_PASS:composite3 render=( 5.020E+2  2.820E+2) display=( 8.540E+2  4.800E+2) region-1=( 5.020E+2  2.820E+2) region-2=( 8.540E+2  4.800E+2) viewport=[0,0,854,480] scissor=[0,128,854,256]/false drawFbo=14 readFbo=14 drawBuffer=36064 readBuffer=36064 drawStatus=8cd5
[02Oct2026 17:53:37.660] [Render thread/INFO] [SuperResolution/]: SR_DIAG BEFORE_PASS:composite3 fbo=14 attachment=8ce0 texture=48 mip=0 size=854x480 internalFormat=8c3a
[02Oct2026 17:53:37.660] [Render thread/INFO] [SuperResolution/]: SR_DIAG AFTER_PASS:composite3 render=( 5.020E+2  2.820E+2) display=( 8.540E+2  4.800E+2) region-1=( 5.020E+2  2.820E+2) region-2=( 8.540E+2  4.800E+2) viewport=[0,0,854,480] scissor=[0,128,854,256]/false drawFbo=15 readFbo=15 drawBuffer=36064 readBuffer=36064 drawStatus=8cd5
[02Oct2026 17:53:37.660] [Render thread/INFO] [SuperResolution/]: SR_DIAG AFTER_PASS:composite3 fbo=15 attachment=8ce0 texture=49 mip=0 size=854x480 internalFormat=8c3a
[02Oct2026 17:53:37.660] [Render thread/INFO] [SuperResolution/]: SR_DIAG BEFORE_PASS:composite4 render=( 5.020E+2  2.820E+2) display=( 8.540E+2  4.800E+2) region-1=( 5.020E+2  2.820E+2) region-2=( 8.540E+2  4.800E+2) viewport=[0,0,854,480] scissor=[0,128,854,256]/false drawFbo=15 readFbo=15 drawBuffer=36064 readBuffer=36064 drawStatus=8cd5
[02Oct2026 17:53:37.660] [Render thread/INFO] [SuperResolution/]: SR_DIAG BEFORE_PASS:composite4 fbo=15 attachment=8ce0 texture=49 mip=0 size=854x480 internalFormat=8c3a
[02Oct2026 17:53:37.660] [Render thread/INFO] [SuperResolution/]: SR_DIAG AFTER_PASS:composite4 render=( 5.020E+2  2.820E+2) display=( 8.540E+2  4.800E+2) region-1=( 5.020E+2  2.820E+2) region-2=( 8.540E+2  4.800E+2) viewport=[0,0,854,480] scissor=[0,128,854,256]/false drawFbo=16 readFbo=16 drawBuffer=36064 readBuffer=36064 drawStatus=8cd5
[02Oct2026 17:53:37.660] [Render thread/INFO] [SuperResolution/]: SR_DIAG AFTER_PASS:composite4 fbo=16 attachment=8ce0 texture=64 mip=0 size=854x480 internalFormat=881a
[02Oct2026 17:53:37.660] [Render thread/INFO] [SuperResolution/]: SR_DIAG BEFORE_PASS:composite5 render=( 5.020E+2  2.820E+2) display=( 8.540E+2  4.800E+2) region-1=( 5.020E+2  2.820E+2) region-2=( 8.540E+2  4.800E+2) viewport=[0,0,854,480] scissor=[0,128,854,256]/false drawFbo=16 readFbo=16 drawBuffer=36064 readBuffer=36064 drawStatus=8cd5
[02Oct2026 17:53:37.660] [Render thread/INFO] [SuperResolution/]: SR_DIAG BEFORE_PASS:composite5 fbo=16 attachment=8ce0 texture=64 mip=0 size=854x480 internalFormat=881a
[02Oct2026 17:53:37.660] [Render thread/INFO] [SuperResolution/]: SR_DIAG AFTER_PASS:composite5 render=( 5.020E+2  2.820E+2) display=( 8.540E+2  4.800E+2) region-1=( 5.020E+2  2.820E+2) region-2=( 8.540E+2  4.800E+2) viewport=[0,0,854,480] scissor=[0,128,854,256]/false drawFbo=17 readFbo=17 drawBuffer=36064 readBuffer=36064 drawStatus=8cd5
[02Oct2026 17:53:37.660] [Render thread/INFO] [SuperResolution/]: SR_DIAG AFTER_PASS:composite5 fbo=17 attachment=8ce0 texture=63 mip=0 size=854x480 internalFormat=881a
[02Oct2026 17:53:37.660] [Render thread/INFO] [SuperResolution/]: SR_DIAG BEFORE_PASS:composite6 render=( 5.020E+2  2.820E+2) display=( 8.540E+2  4.800E+2) region-1=( 5.020E+2  2.820E+2) region-2=( 8.540E+2  4.800E+2) viewport=[0,0,854,480] scissor=[0,128,854,256]/false drawFbo=17 readFbo=17 drawBuffer=36064 readBuffer=36064 drawStatus=8cd5
[02Oct2026 17:53:37.660] [Render thread/INFO] [SuperResolution/]: SR_DIAG BEFORE_PASS:composite6 fbo=17 attachment=8ce0 texture=63 mip=0 size=854x480 internalFormat=881a
[02Oct2026 17:53:37.660] [Render thread/INFO] [SuperResolution/]: SR_DIAG AFTER_PASS:composite6 render=( 5.020E+2  2.820E+2) display=( 8.540E+2  4.800E+2) region-1=( 5.020E+2  2.820E+2) region-2=( 8.540E+2  4.800E+2) viewport=[0,0,854,480] scissor=[0,128,854,256]/false drawFbo=18 readFbo=18 drawBuffer=36064 readBuffer=36064 drawStatus=8cd5
[02Oct2026 17:53:37.660] [Render thread/INFO] [SuperResolution/]: SR_DIAG AFTER_PASS:composite6 fbo=18 attachment=8ce0 texture=64 mip=0 size=854x480 internalFormat=881a
[02Oct2026 17:53:37.660] [Render thread/INFO] [SuperResolution/]: SR_DIAG BEFORE_PASS:composite7 render=( 5.020E+2  2.820E+2) display=( 8.540E+2  4.800E+2) region-1=( 5.020E+2  2.820E+2) region-2=( 8.540E+2  4.800E+2) viewport=[0,0,854,480] scissor=[0,128,854,256]/false drawFbo=18 readFbo=18 drawBuffer=36064 readBuffer=36064 drawStatus=8cd5
[02Oct2026 17:53:37.660] [Render thread/INFO] [SuperResolution/]: SR_DIAG BEFORE_PASS:composite7 fbo=18 attachment=8ce0 texture=64 mip=0 size=854x480 internalFormat=881a
[02Oct2026 17:53:37.661] [Render thread/INFO] [SuperResolution/]: SR_DIAG BEFORE_SR render=( 5.020E+2  2.820E+2) display=( 8.540E+2  4.800E+2) region-1=( 5.020E+2  2.820E+2) region-2=( 8.540E+2  4.800E+2) viewport=[0,0,854,480] scissor=[0,128,854,256]/false drawFbo=18 readFbo=18 drawBuffer=36064 readBuffer=36064 drawStatus=8cd5
[02Oct2026 17:53:37.661] [Render thread/INFO] [SuperResolution/]: SR_DIAG BEFORE_SR fbo=18 attachment=8ce0 texture=64 mip=0 size=854x480 internalFormat=881a
[02Oct2026 17:53:37.661] [Render thread/INFO] [SuperResolution/]: SR_DIAG texture color id=64 size=854x480 format=RGBA16F target/type=Texture2D glInternalFormat=881a
[02Oct2026 17:53:37.661] [Render thread/INFO] [SuperResolution/]: SR_DIAG texture depth id=3 size=854x480 format=DEPTH24 target/type=Texture2D glInternalFormat=1902
[02Oct2026 17:53:37.661] [Render thread/INFO] [SuperResolution/]: SR_DIAG depth depth id=3 bits=24 componentType=8c17
[02Oct2026 17:53:37.661] [Render thread/INFO] [SuperResolution/]: SR_DIAG texture motion_vectors id=83 size=854x480 format=RGBA16F target/type=Texture2D glInternalFormat=881a
[02Oct2026 17:53:37.661] [Render thread/INFO] [SuperResolution/]: SR_DIAG texture algorithm_color id=92 size=502x282 format=RGBA16F target/type=Texture2D glInternalFormat=881a
[02Oct2026 17:53:37.661] [Render thread/INFO] [SuperResolution/]: SR_DIAG texture algorithm_depth id=94 size=502x282 format=DEPTH24 target/type=Texture2D glInternalFormat=81a6
[02Oct2026 17:53:37.661] [Render thread/INFO] [SuperResolution/]: SR_DIAG depth algorithm_depth id=94 bits=24 componentType=8c17
[02Oct2026 17:53:37.661] [Render thread/INFO] [SuperResolution/]: SR_DIAG texture algorithm_motion_vectors id=95 size=502x282 format=RGBA16F target/type=Texture2D glInternalFormat=881a
[02Oct2026 17:53:37.829] [Render thread/INFO] [SuperResolution/]: SR_DIAG texture SR_output id=85 size=854x480 format=RGBA16F target/type=Texture2D glInternalFormat=881a
[02Oct2026 17:53:37.829] [Render thread/INFO] [SuperResolution/]: SR_DIAG texture autotex3/output_target id=64 size=854x480 format=RGBA16F target/type=Texture2D glInternalFormat=881a
[02Oct2026 17:53:37.829] [Render thread/INFO] [SuperResolution/]: SR_DIAG AFTER_SR render=( 5.020E+2  2.820E+2) display=( 8.540E+2  4.800E+2) region-1=( 5.020E+2  2.820E+2) region-2=( 8.540E+2  4.800E+2) viewport=[0,0,854,480] scissor=[0,128,854,256]/false drawFbo=18 readFbo=18 drawBuffer=36064 readBuffer=36064 drawStatus=8cd5
[02Oct2026 17:53:37.829] [Render thread/INFO] [SuperResolution/]: SR_DIAG AFTER_SR fbo=18 attachment=8ce0 texture=64 mip=0 size=854x480 internalFormat=881a
[02Oct2026 17:53:37.829] [Render thread/INFO] [SuperResolution/]: SR_DIAG AFTER_PASS:composite7 render=( 5.020E+2  2.820E+2) display=( 8.540E+2  4.800E+2) region-1=( 5.020E+2  2.820E+2) region-2=( 8.540E+2  4.800E+2) viewport=[0,0,854,480] scissor=[0,128,854,256]/false drawFbo=19 readFbo=19 drawBuffer=36064 readBuffer=36064 drawStatus=8cd5
[02Oct2026 17:53:37.829] [Render thread/INFO] [SuperResolution/]: SR_DIAG AFTER_PASS:composite7 fbo=19 attachment=8ce0 texture=63 mip=0 size=854x480 internalFormat=881a
[02Oct2026 17:53:37.829] [Render thread/INFO] [SuperResolution/]: SR_DIAG FINAL_PIPELINE render=( 5.020E+2  2.820E+2) display=( 8.540E+2  4.800E+2) region-1=( 5.020E+2  2.820E+2) region-2=( 8.540E+2  4.800E+2) viewport=[0,0,854,480] scissor=[0,128,854,256]/false drawFbo=1 readFbo=1 drawBuffer=36064 readBuffer=36064 drawStatus=8cd5
[02Oct2026 17:53:37.829] [Render thread/INFO] [SuperResolution/]: SR_DIAG FINAL_PIPELINE fbo=1 attachment=8ce0 texture=2 mip=0 size=854x480 internalFormat=8058
[02Oct2026 17:53:37.829] [Render thread/INFO] [SuperResolution/]: SR_DIAG FINAL_PIPELINE fbo=1 attachment=8d00 texture=3 mip=0 size=854x480 internalFormat=1902
[02Oct2026 17:53:47.658] [Render thread/INFO] [SuperResolution/]: SR_DIAG BEFORE_PASS:deferred1 render=( 5.020E+2  2.820E+2) display=( 8.540E+2  4.800E+2) region-1=( 5.020E+2  2.820E+2) region-2=( 8.540E+2  4.800E+2) viewport=[0,0,854,480] scissor=[0,128,854,256]/false drawFbo=1 readFbo=1 drawBuffer=36064 readBuffer=36064 drawStatus=8cd5
[02Oct2026 17:53:47.659] [Render thread/INFO] [SuperResolution/]: SR_DIAG BEFORE_PASS:deferred1 fbo=1 attachment=8ce0 texture=2 mip=0 size=854x480 internalFormat=8058
[02Oct2026 17:53:47.659] [Render thread/INFO] [SuperResolution/]: SR_DIAG BEFORE_PASS:deferred1 fbo=1 attachment=8d00 texture=3 mip=0 size=854x480 internalFormat=1902
[02Oct2026 17:53:47.659] [Render thread/INFO] [SuperResolution/]: SR_DIAG AFTER_PASS:deferred1 render=( 5.020E+2  2.820E+2) display=( 8.540E+2  4.800E+2) region-1=( 5.020E+2  2.820E+2) region-2=( 8.540E+2  4.800E+2) viewport=[0,0,854,480] scissor=[0,128,854,256]/false drawFbo=12 readFbo=12 drawBuffer=36064 readBuffer=36064 drawStatus=8cd5
[02Oct2026 17:53:47.659] [Render thread/INFO] [SuperResolution/]: SR_DIAG AFTER_PASS:deferred1 fbo=12 attachment=8ce0 texture=49 mip=0 size=854x480 internalFormat=8c3a
[02Oct2026 17:53:47.659] [Render thread/INFO] [SuperResolution/]: SR_DIAG BEFORE_PASS:composite render=( 5.020E+2  2.820E+2) display=( 8.540E+2  4.800E+2) region-1=( 5.020E+2  2.820E+2) region-2=( 8.540E+2  4.800E+2) viewport=[0,0,854,480] scissor=[0,128,854,256]/false drawFbo=1 readFbo=1 drawBuffer=36064 readBuffer=36064 drawStatus=8cd5
[02Oct2026 17:53:47.660] [Render thread/INFO] [SuperResolution/]: SR_DIAG BEFORE_PASS:composite fbo=1 attachment=8ce0 texture=2 mip=0 size=854x480 internalFormat=8058
[02Oct2026 17:53:47.660] [Render thread/INFO] [SuperResolution/]: SR_DIAG BEFORE_PASS:composite fbo=1 attachment=8d00 texture=3 mip=0 size=854x480 internalFormat=1902
[02Oct2026 17:53:47.660] [Render thread/INFO] [SuperResolution/]: SR_DIAG AFTER_PASS:composite render=( 5.020E+2  2.820E+2) display=( 8.540E+2  4.800E+2) region-1=( 5.020E+2  2.820E+2) region-2=( 8.540E+2  4.800E+2) viewport=[0,0,427,240] scissor=[0,128,854,256]/false drawFbo=13 readFbo=13 drawBuffer=36064 readBuffer=36064 drawStatus=8cd5
[02Oct2026 17:53:47.660] [Render thread/INFO] [SuperResolution/]: SR_DIAG AFTER_PASS:composite fbo=13 attachment=8ce0 texture=77 mip=0 size=427x240 internalFormat=881a
[02Oct2026 17:53:47.660] [Render thread/INFO] [SuperResolution/]: SR_DIAG BEFORE_PASS:composite1 render=( 5.020E+2  2.820E+2) display=( 8.540E+2  4.800E+2) region-1=( 5.020E+2  2.820E+2) region-2=( 8.540E+2  4.800E+2) viewport=[0,0,427,240] scissor=[0,128,854,256]/false drawFbo=13 readFbo=13 drawBuffer=36064 readBuffer=36064 drawStatus=8cd5
[02Oct2026 17:53:47.660] [Render thread/INFO] [SuperResolution/]: SR_DIAG BEFORE_PASS:composite1 fbo=13 attachment=8ce0 texture=77 mip=0 size=427x240 internalFormat=881a
[02Oct2026 17:53:47.660] [Render thread/INFO] [SuperResolution/]: SR_DIAG AFTER_PASS:composite1 render=( 5.020E+2  2.820E+2) display=( 8.540E+2  4.800E+2) region-1=( 5.020E+2  2.820E+2) region-2=( 8.540E+2  4.800E+2) viewport=[0,0,854,480] scissor=[0,128,854,256]/false drawFbo=14 readFbo=14 drawBuffer=36064 readBuffer=36064 drawStatus=8cd5
[02Oct2026 17:53:47.660] [Render thread/INFO] [SuperResolution/]: SR_DIAG AFTER_PASS:composite1 fbo=14 attachment=8ce0 texture=48 mip=0 size=854x480 internalFormat=8c3a
[02Oct2026 17:53:47.660] [Render thread/INFO] [SuperResolution/]: SR_DIAG BEFORE_PASS:composite3 render=( 5.020E+2  2.820E+2) display=( 8.540E+2  4.800E+2) region-1=( 5.020E+2  2.820E+2) region-2=( 8.540E+2  4.800E+2) viewport=[0,0,854,480] scissor=[0,128,854,256]/false drawFbo=14 readFbo=14 drawBuffer=36064 readBuffer=36064 drawStatus=8cd5
[02Oct2026 17:53:47.660] [Render thread/INFO] [SuperResolution/]: SR_DIAG BEFORE_PASS:composite3 fbo=14 attachment=8ce0 texture=48 mip=0 size=854x480 internalFormat=8c3a
[02Oct2026 17:53:47.661] [Render thread/INFO] [SuperResolution/]: SR_DIAG AFTER_PASS:composite3 render=( 5.020E+2  2.820E+2) display=( 8.540E+2  4.800E+2) region-1=( 5.020E+2  2.820E+2) region-2=( 8.540E+2  4.800E+2) viewport=[0,0,854,480] scissor=[0,128,854,256]/false drawFbo=15 readFbo=15 drawBuffer=36064 readBuffer=36064 drawStatus=8cd5
[02Oct2026 17:53:47.661] [Render thread/INFO] [SuperResolution/]: SR_DIAG AFTER_PASS:composite3 fbo=15 attachment=8ce0 texture=49 mip=0 size=854x480 internalFormat=8c3a
[02Oct2026 17:53:47.661] [Render thread/INFO] [SuperResolution/]: SR_DIAG BEFORE_PASS:composite4 render=( 5.020E+2  2.820E+2) display=( 8.540E+2  4.800E+2) region-1=( 5.020E+2  2.820E+2) region-2=( 8.540E+2  4.800E+2) viewport=[0,0,854,480] scissor=[0,128,854,256]/false drawFbo=15 readFbo=15 drawBuffer=36064 readBuffer=36064 drawStatus=8cd5
[02Oct2026 17:53:47.661] [Render thread/INFO] [SuperResolution/]: SR_DIAG BEFORE_PASS:composite4 fbo=15 attachment=8ce0 texture=49 mip=0 size=854x480 internalFormat=8c3a
[02Oct2026 17:53:47.661] [Render thread/INFO] [SuperResolution/]: SR_DIAG AFTER_PASS:composite4 render=( 5.020E+2  2.820E+2) display=( 8.540E+2  4.800E+2) region-1=( 5.020E+2  2.820E+2) region-2=( 8.540E+2  4.800E+2) viewport=[0,0,854,480] scissor=[0,128,854,256]/false drawFbo=16 readFbo=16 drawBuffer=36064 readBuffer=36064 drawStatus=8cd5
[02Oct2026 17:53:47.661] [Render thread/INFO] [SuperResolution/]: SR_DIAG AFTER_PASS:composite4 fbo=16 attachment=8ce0 texture=64 mip=0 size=854x480 internalFormat=881a
[02Oct2026 17:53:47.661] [Render thread/INFO] [SuperResolution/]: SR_DIAG BEFORE_PASS:composite5 render=( 5.020E+2  2.820E+2) display=( 8.540E+2  4.800E+2) region-1=( 5.020E+2  2.820E+2) region-2=( 8.540E+2  4.800E+2) viewport=[0,0,854,480] scissor=[0,128,854,256]/false drawFbo=16 readFbo=16 drawBuffer=36064 readBuffer=36064 drawStatus=8cd5
[02Oct2026 17:53:47.661] [Render thread/INFO] [SuperResolution/]: SR_DIAG BEFORE_PASS:composite5 fbo=16 attachment=8ce0 texture=64 mip=0 size=854x480 internalFormat=881a
[02Oct2026 17:53:47.661] [Render thread/INFO] [SuperResolution/]: SR_DIAG AFTER_PASS:composite5 render=( 5.020E+2  2.820E+2) display=( 8.540E+2  4.800E+2) region-1=( 5.020E+2  2.820E+2) region-2=( 8.540E+2  4.800E+2) viewport=[0,0,854,480] scissor=[0,128,854,256]/false drawFbo=17 readFbo=17 drawBuffer=36064 readBuffer=36064 drawStatus=8cd5
[02Oct2026 17:53:47.661] [Render thread/INFO] [SuperResolution/]: SR_DIAG AFTER_PASS:composite5 fbo=17 attachment=8ce0 texture=63 mip=0 size=854x480 internalFormat=881a
[02Oct2026 17:53:47.661] [Render thread/INFO] [SuperResolution/]: SR_DIAG BEFORE_PASS:composite6 render=( 5.020E+2  2.820E+2) display=( 8.540E+2  4.800E+2) region-1=( 5.020E+2  2.820E+2) region-2=( 8.540E+2  4.800E+2) viewport=[0,0,854,480] scissor=[0,128,854,256]/false drawFbo=17 readFbo=17 drawBuffer=36064 readBuffer=36064 drawStatus=8cd5
[02Oct2026 17:53:47.661] [Render thread/INFO] [SuperResolution/]: SR_DIAG BEFORE_PASS:composite6 fbo=17 attachment=8ce0 texture=63 mip=0 size=854x480 internalFormat=881a
[02Oct2026 17:53:47.661] [Render thread/INFO] [SuperResolution/]: SR_DIAG AFTER_PASS:composite6 render=( 5.020E+2  2.820E+2) display=( 8.540E+2  4.800E+2) region-1=( 5.020E+2  2.820E+2) region-2=( 8.540E+2  4.800E+2) viewport=[0,0,854,480] scissor=[0,128,854,256]/false drawFbo=18 readFbo=18 drawBuffer=36064 readBuffer=36064 drawStatus=8cd5
[02Oct2026 17:53:47.661] [Render thread/INFO] [SuperResolution/]: SR_DIAG AFTER_PASS:composite6 fbo=18 attachment=8ce0 texture=64 mip=0 size=854x480 internalFormat=881a
[02Oct2026 17:53:47.661] [Render thread/INFO] [SuperResolution/]: SR_DIAG BEFORE_PASS:composite7 render=( 5.020E+2  2.820E+2) display=( 8.540E+2  4.800E+2) region-1=( 5.020E+2  2.820E+2) region-2=( 8.540E+2  4.800E+2) viewport=[0,0,854,480] scissor=[0,128,854,256]/false drawFbo=18 readFbo=18 drawBuffer=36064 readBuffer=36064 drawStatus=8cd5
[02Oct2026 17:53:47.661] [Render thread/INFO] [SuperResolution/]: SR_DIAG BEFORE_PASS:composite7 fbo=18 attachment=8ce0 texture=64 mip=0 size=854x480 internalFormat=881a
[02Oct2026 17:53:47.662] [Render thread/INFO] [SuperResolution/]: SR_DIAG BEFORE_SR render=( 5.020E+2  2.820E+2) display=( 8.540E+2  4.800E+2) region-1=( 5.020E+2  2.820E+2) region-2=( 8.540E+2  4.800E+2) viewport=[0,0,854,480] scissor=[0,128,854,256]/false drawFbo=18 readFbo=18 drawBuffer=36064 readBuffer=36064 drawStatus=8cd5
[02Oct2026 17:53:47.662] [Render thread/INFO] [SuperResolution/]: SR_DIAG BEFORE_SR fbo=18 attachment=8ce0 texture=64 mip=0 size=854x480 internalFormat=881a
[02Oct2026 17:53:47.662] [Render thread/INFO] [SuperResolution/]: SR_DIAG texture color id=64 size=854x480 format=RGBA16F target/type=Texture2D glInternalFormat=881a
[02Oct2026 17:53:47.662] [Render thread/INFO] [SuperResolution/]: SR_DIAG texture depth id=3 size=854x480 format=DEPTH24 target/type=Texture2D glInternalFormat=1902
[02Oct2026 17:53:47.662] [Render thread/INFO] [SuperResolution/]: SR_DIAG depth depth id=3 bits=24 componentType=8c17
[02Oct2026 17:53:47.662] [Render thread/INFO] [SuperResolution/]: SR_DIAG texture motion_vectors id=83 size=854x480 format=RGBA16F target/type=Texture2D glInternalFormat=881a
[02Oct2026 17:53:47.662] [Render thread/INFO] [SuperResolution/]: SR_DIAG texture algorithm_color id=92 size=502x282 format=RGBA16F target/type=Texture2D glInternalFormat=881a
[02Oct2026 17:53:47.662] [Render thread/INFO] [SuperResolution/]: SR_DIAG texture algorithm_depth id=94 size=502x282 format=DEPTH24 target/type=Texture2D glInternalFormat=81a6
[02Oct2026 17:53:47.662] [Render thread/INFO] [SuperResolution/]: SR_DIAG depth algorithm_depth id=94 bits=24 componentType=8c17
[02Oct2026 17:53:47.662] [Render thread/INFO] [SuperResolution/]: SR_DIAG texture algorithm_motion_vectors id=95 size=502x282 format=RGBA16F target/type=Texture2D glInternalFormat=881a
[02Oct2026 17:53:47.829] [Render thread/INFO] [SuperResolution/]: SR_DIAG texture SR_output id=85 size=854x480 format=RGBA16F target/type=Texture2D glInternalFormat=881a
[02Oct2026 17:53:47.829] [Render thread/INFO] [SuperResolution/]: SR_DIAG texture autotex3/output_target id=64 size=854x480 format=RGBA16F target/type=Texture2D glInternalFormat=881a
[02Oct2026 17:53:47.829] [Render thread/INFO] [SuperResolution/]: SR_DIAG AFTER_SR render=( 5.020E+2  2.820E+2) display=( 8.540E+2  4.800E+2) region-1=( 5.020E+2  2.820E+2) region-2=( 8.540E+2  4.800E+2) viewport=[0,0,854,480] scissor=[0,128,854,256]/false drawFbo=18 readFbo=18 drawBuffer=36064 readBuffer=36064 drawStatus=8cd5
[02Oct2026 17:53:47.829] [Render thread/INFO] [SuperResolution/]: SR_DIAG AFTER_SR fbo=18 attachment=8ce0 texture=64 mip=0 size=854x480 internalFormat=881a
[02Oct2026 17:53:47.829] [Render thread/INFO] [SuperResolution/]: SR_DIAG AFTER_PASS:composite7 render=( 5.020E+2  2.820E+2) display=( 8.540E+2  4.800E+2) region-1=( 5.020E+2  2.820E+2) region-2=( 8.540E+2  4.800E+2) viewport=[0,0,854,480] scissor=[0,128,854,256]/false drawFbo=19 readFbo=19 drawBuffer=36064 readBuffer=36064 drawStatus=8cd5
[02Oct2026 17:53:47.829] [Render thread/INFO] [SuperResolution/]: SR_DIAG AFTER_PASS:composite7 fbo=19 attachment=8ce0 texture=63 mip=0 size=854x480 internalFormat=881a
[02Oct2026 17:53:47.829] [Render thread/INFO] [SuperResolution/]: SR_DIAG FINAL_PIPELINE render=( 5.020E+2  2.820E+2) display=( 8.540E+2  4.800E+2) region-1=( 5.020E+2  2.820E+2) region-2=( 8.540E+2  4.800E+2) viewport=[0,0,854,480] scissor=[0,128,854,256]/false drawFbo=1 readFbo=1 drawBuffer=36064 readBuffer=36064 drawStatus=8cd5
[02Oct2026 17:53:47.829] [Render thread/INFO] [SuperResolution/]: SR_DIAG FINAL_PIPELINE fbo=1 attachment=8ce0 texture=2 mip=0 size=854x480 internalFormat=8058
[02Oct2026 17:53:47.829] [Render thread/INFO] [SuperResolution/]: SR_DIAG FINAL_PIPELINE fbo=1 attachment=8d00 texture=3 mip=0 size=854x480 internalFormat=1902
