[2026-10-04 10:46:22] [NGXSafeInitializeLog:150] App logging hooks successfully initialized

[2026-10-04 10:46:22] [NGXLoadLibrary:332] error: failed to load NGXCore: 126 (C:\Program Files\Java\jdk-25.0.4\bin\_nvngx.dll)

[2026-10-04 10:46:22] [NGXLoadLibrary:332] error: failed to load NGXCore: 126 (C:\Program Files\Java\jdk-25.0.4\bin\nvngx.dll)

[2026-10-04 10:46:22] [NGXLoadCoreLibrary:253] NGXCore not found next to the application

[2026-10-04 10:46:22] [NGXGetPathUsingQAI:69] Checking for path to NGX using QueryAdapterInfo

[2026-10-04 10:46:22] [NGXGetPathUsingQAI:153] Attempting to read from Parameters\NGXCore\NGXPath

[2026-10-04 10:46:22] [NGXGetPathUsingQAI:177] Path to driverStore found using QAI: C:\WINDOWS\System32\DriverStore\FileRepository\nvlti.inf_amd64_af02d12a5c2283af

[2026-10-04 10:46:22] [NGXLoadLibrary:328] Loaded NGXCore from path (C:\WINDOWS\System32\DriverStore\FileRepository\nvlti.inf_amd64_af02d12a5c2283af\_nvngx.dll)

[2026-10-04 10:46:22] [NGXLoadCoreLibrary:285] Loading C:\WINDOWS\System32\DriverStore\FileRepository\nvlti.inf_amd64_af02d12a5c2283af\_nvngx.dll succeeded

[2026-10-04 10:46:22] [NGXSafeInitializeLog:133] App logging hooks successfully initialized

[2026-10-04 10:46:22] [NGXCheckArchitectureSupport:229] Found matching adapter with NVAPI physical GPU handle: 0x100 and LUID: { 0x0, 0x1294c }

[2026-10-04 10:46:22] [NGXGetPathUsingQAI:475] Checking for path to NGX using QueryAdapterInfo

[2026-10-04 10:46:22] [NGXGetPathUsingQAI:512] Path to driverStore found using QAI: C:\WINDOWS\System32\DriverStore\FileRepository\nvlti.inf_amd64_af02d12a5c2283af

[2026-10-04 10:46:22] [NGXGetPath:1045] using path for models: C:\ProgramData\NVIDIA\NGX\models

[2026-10-04 10:46:22] [NGXGetPath:1045] using path for models: C:\ProgramData\NVIDIA\NGX\models

[2026-10-04 10:46:22] [CreateSecurityDescriptor:94] security attributes generated successfully

[2026-10-04 10:46:22] [CreateFolderWithACEs:154] using generated security descriptor for creating folder at: C:\ProgramData\NVIDIA\NGX\models

[2026-10-04 10:46:22] [ModifyExistingFolderDACL:211] updated access control list for NGX cache (NGX cache should now be usable by all authenticated users)

[2026-10-04 10:46:22] [NGXCreateModelsFolder:1072] model folder created: C:\ProgramData\NVIDIA\NGX\models

[2026-10-04 10:46:22] [NGXLoadConfig:1144] [dlss]

[2026-10-04 10:46:22] [NGXLoadConfig:1150] app_B9FEB50=1.0.108

[2026-10-04 10:46:22] [NGXLoadConfig:1150] app_B9FF4BC=1.0.108

[2026-10-04 10:46:22] [NGXLoadConfig:1150] app_B9FD524=1.0.108

[2026-10-04 10:46:22] [NGXLoadConfig:1150] app_B9DF510=1.3.106

[2026-10-04 10:46:22] [NGXLoadConfig:1150] app_B9CB0B8=1.0.108

[2026-10-04 10:46:22] [NGXLoadConfig:1150] app_B9E26B0=2.1.28

[2026-10-04 10:46:22] [NGXLoadConfig:1150] app_B9D48D0=1.0.108

[2026-10-04 10:46:22] [NGXLoadConfig:1150] app_E99B5EC=1.2.109

[2026-10-04 10:46:22] [NGXLoadConfig:1150] app_B9DFA64=1.0.108

[2026-10-04 10:46:22] [NGXLoadConfig:1150] app_B9FD6C0=1.0.108

[2026-10-04 10:46:22] [NGXLoadConfig:1150] app_B9CF688=2.2.15

[2026-10-04 10:46:22] [NGXLoadConfig:1150] app_B9D6F08=1.0.108

[2026-10-04 10:46:22] [NGXLoadConfig:1150] app_B9BF564=2.1.201

[2026-10-04 10:46:22] [NGXLoadConfig:1150] app_B9DB4F4=1.0.108

[2026-10-04 10:46:22] [NGXLoadConfig:1150] app_B9D2F5C=1.2.110

[2026-10-04 10:46:22] [NGXLoadConfig:1150] app_B9D7388=1.0.108

[2026-10-04 10:46:22] [NGXLoadConfig:1150] app_B9F5618=2.1.29

[2026-10-04 10:46:22] [NGXLoadConfig:1150] app_B9DAE68=1.2.109

[2026-10-04 10:46:22] [NGXLoadConfig:1150] app_B9D8C54=1.2.109

[2026-10-04 10:46:22] [NGXLoadConfig:1150] app_B9D3EF0=2.1.28

[2026-10-04 10:46:22] [NGXLoadConfig:1150] app_B9FACDC=2.1.201

[2026-10-04 10:46:22] [NGXLoadConfig:1150] app_F7361DC=2.1.28

[2026-10-04 10:46:22] [NGXLoadConfig:1150] app_B9C3560=2.1.201

[2026-10-04 10:46:22] [NGXLoadConfig:1150] app_B9B0430=2.1.28

[2026-10-04 10:46:22] [NGXLoadConfig:1150] app_E658702=0.0.0

[2026-10-04 10:46:22] [NGXLoadConfig:1150] app_E658701=0.0.0

[2026-10-04 10:46:22] [NGXLoadConfig:1150] app_E658700=310.9.0

[2026-10-04 10:46:22] [NGXLoadConfig:1150] app_B9393FC=2.1.201

[2026-10-04 10:46:22] [NGXLoadConfig:1144] [dlisp]

[2026-10-04 10:46:22] [NGXLoadConfig:1150] app_B9CF688=2.1.15

[2026-10-04 10:46:22] [NGXLoadConfig:1150] app_E99B5EC=1.2.102

[2026-10-04 10:46:22] [NGXLoadConfig:1150] app_E658703=310.0.0

[2026-10-04 10:46:22] [NGXLoadConfig:1150] app_B9D8C54=1.2.106

[2026-10-04 10:46:22] [NGXLoadConfig:1150] app_B9D2F5C=1.2.106

[2026-10-04 10:46:22] [NGXLoadConfig:1150] app_B9DF510=1.3.101

[2026-10-04 10:46:22] [NGXLoadConfig:1150] app_B9DAE68=1.2.106

[2026-10-04 10:46:22] [NGXLoadConfig:1144] [sl_sdk_0]

[2026-10-04 10:46:22] [NGXLoadConfig:1150] app_E658703=2.14.0

[2026-10-04 10:46:22] [NGXLoadConfig:1144] [sl_common_0]

[2026-10-04 10:46:22] [NGXLoadConfig:1150] app_E658703=2.14.0

[2026-10-04 10:46:22] [NGXLoadConfig:1144] [sl_deepdvc_0]

[2026-10-04 10:46:22] [NGXLoadConfig:1150] app_E658703=2.14.0

[2026-10-04 10:46:22] [NGXLoadConfig:1144] [sl_dlss_0]

[2026-10-04 10:46:22] [NGXLoadConfig:1150] app_E658703=2.14.0

[2026-10-04 10:46:22] [NGXLoadConfig:1144] [sl_dlss_d_0]

[2026-10-04 10:46:22] [NGXLoadConfig:1150] app_E658703=2.14.0

[2026-10-04 10:46:22] [NGXLoadConfig:1144] [sl_dlss_g_0]

[2026-10-04 10:46:22] [NGXLoadConfig:1150] app_E658703=2.14.0

[2026-10-04 10:46:22] [NGXLoadConfig:1144] [sl_nis_0]

[2026-10-04 10:46:22] [NGXLoadConfig:1150] app_E658703=2.14.0

[2026-10-04 10:46:22] [NGXLoadConfig:1144] [sl_deepdvc_override_0]

[2026-10-04 10:46:22] [NGXLoadConfig:1150] app_E658700=2.14.0

[2026-10-04 10:46:22] [NGXLoadConfig:1144] [sl_nvperf_0]

[2026-10-04 10:46:22] [NGXLoadConfig:1150] app_E658703=2.14.0

[2026-10-04 10:46:22] [NGXLoadConfig:1144] [sl_pcl_0]

[2026-10-04 10:46:22] [NGXLoadConfig:1150] app_E658703=2.14.0

[2026-10-04 10:46:22] [NGXLoadConfig:1144] [sl_reflex_0]

[2026-10-04 10:46:22] [NGXLoadConfig:1150] app_E658703=2.14.0

[2026-10-04 10:46:22] [NGXLoadConfig:1144] [dlss_override]

[2026-10-04 10:46:22] [NGXLoadConfig:1150] app_E658700=310.9.0

[2026-10-04 10:46:22] [NGXLoadConfig:1144] [dlssd]

[2026-10-04 10:46:22] [NGXLoadConfig:1150] app_E658700=310.9.0

[2026-10-04 10:46:22] [NGXLoadConfig:1144] [dlssg]

[2026-10-04 10:46:22] [NGXLoadConfig:1150] app_E658700=310.9.0

[2026-10-04 10:46:22] [NGXLoadConfig:1144] [sl_sdk_override_0]

[2026-10-04 10:46:22] [NGXLoadConfig:1150] app_E658700=2.14.0

[2026-10-04 10:46:22] [NGXLoadConfig:1144] [sl_dlss_g_override_0]

[2026-10-04 10:46:22] [NGXLoadConfig:1150] app_E658700=2.14.0

[2026-10-04 10:46:22] [NGXLoadConfig:1144] [sl_common_override_0]

[2026-10-04 10:46:22] [NGXLoadConfig:1150] app_E658700=2.14.0

[2026-10-04 10:46:22] [NGXLoadConfig:1144] [sl_dlss_override_0]

[2026-10-04 10:46:22] [NGXLoadConfig:1150] app_E658700=2.14.0

[2026-10-04 10:46:22] [NGXLoadConfig:1144] [sl_nis_override_0]

[2026-10-04 10:46:22] [NGXLoadConfig:1150] app_E658700=2.14.0

[2026-10-04 10:46:22] [NGXLoadConfig:1144] [sl_dlss_d_override_0]

[2026-10-04 10:46:22] [NGXLoadConfig:1150] app_E658700=2.14.0

[2026-10-04 10:46:22] [NGXLoadConfig:1144] [sl_nvperf_override_0]

[2026-10-04 10:46:22] [NGXLoadConfig:1150] app_E658700=2.14.0

[2026-10-04 10:46:22] [NGXLoadConfig:1144] [sl_pcl_override_0]

[2026-10-04 10:46:22] [NGXLoadConfig:1150] app_E658700=2.14.0

[2026-10-04 10:46:22] [NGXLoadConfig:1144] [sl_reflex_override_0]

[2026-10-04 10:46:22] [NGXLoadConfig:1150] app_E658700=2.14.0

[2026-10-04 10:46:22] [`anonymous-namespace'::LoadMappingFileData:268] listItem.engineVersion .* listItem.genericCMSId 86aa7b4

[2026-10-04 10:46:22] [`anonymous-namespace'::LoadMappingFileData:282]  project id 3F9D696D4363312194B0ECB2671E899F cms id B9FBD50

[2026-10-04 10:46:22] [`anonymous-namespace'::LoadMappingFileData:268] listItem.engineVersion .* listItem.genericCMSId 8618954

[2026-10-04 10:46:22] [`anonymous-namespace'::LoadMappingFileData:268] listItem.engineVersion .* listItem.genericCMSId b9b05cc

[2026-10-04 10:46:22] [`anonymous-namespace'::LoadMappingFileData:268] listItem.engineVersion .* listItem.genericCMSId 876232c

[2026-10-04 10:46:22] [MapProjectId:1905] Found cms id 876232c for engine: custom engineVersion 1.0.0 projectID 3e6891d2-09ac-4f54-ae8d-f481c3150d4b

[2026-10-04 10:46:22] [NGXDRSInit:327] NvAPI_DRS_FindApplicationByName -166

[2026-10-04 10:46:22] [NGXInitContext:245] called from module wisteria_dlssg_bridge-85657dd9db0d524f7a0be4ed231d087fd71b43e96aa83a18215f89df9eea5f45.dll at D:\ProjectDllsss\logs\runtime\minecraft-dlssg-x3\20261004-144431-183\native

[2026-10-04 10:46:22] [NGXLoadConfig:1144] [streamline-ota]

[2026-10-04 10:46:22] [NGXLoadConfig:1150] app_84D32F0=1

[2026-10-04 10:46:22] [NGXContextDenyListData::IsFeatureDenied:669] Feature dldenoiser, denial value 0 for Cms ID 876232c

[2026-10-04 10:46:22] [`anonymous-namespace'::SnippetLocationInfo::load:695] NGXLoadFromPath failed: -1160773628

[2026-10-04 10:46:22] [`anonymous-namespace'::SnippetLocationInfo::load:695] NGXLoadFromPath failed: -1160773628

[2026-10-04 10:46:22] [NGXSecureLoadFeature:1231] warning: ModuleName - nvngx_dldenoiser.dll doesn't exist in any of the search paths!

[2026-10-04 10:46:22] [NGXReportStatusFeedback:1060] Override shared memory was opened successfully

[2026-10-04 10:46:22] [NGXReportStatusFeedback:1072] Override shared memory was mapped successfully

[2026-10-04 10:46:22] [NGXReportStatusFeedback:1101] Override feedback found available slot 0

[2026-10-04 10:46:22] [NGXContextDenyListData::IsFeatureDenied:669] Feature dlss, denial value 0 for Cms ID 876232c

[2026-10-04 10:46:22] [`anonymous-namespace'::SnippetLocationInfo::load:695] NGXLoadFromPath failed: -1160773628

[2026-10-04 10:46:22] [`anonymous-namespace'::SnippetLocationInfo::load:695] NGXLoadFromPath failed: -1160773628

[2026-10-04 10:46:22] [NGXSecureLoadFeature:1231] warning: ModuleName - nvngx_dlss.dll doesn't exist in any of the search paths!

[2026-10-04 10:46:22] [NGXContextDenyListData::IsFeatureDenied:669] Feature dlinpainting, denial value 0 for Cms ID 876232c

[2026-10-04 10:46:22] [`anonymous-namespace'::SnippetLocationInfo::load:695] NGXLoadFromPath failed: -1160773628

[2026-10-04 10:46:22] [`anonymous-namespace'::SnippetLocationInfo::load:695] NGXLoadFromPath failed: -1160773628

[2026-10-04 10:46:22] [NGXSecureLoadFeature:1231] warning: ModuleName - nvngx_dlinpainting.dll doesn't exist in any of the search paths!

[2026-10-04 10:46:22] [NGXContextDenyListData::IsFeatureDenied:669] Feature dlisr, denial value 0 for Cms ID 876232c

[2026-10-04 10:46:22] [`anonymous-namespace'::SnippetLocationInfo::load:695] NGXLoadFromPath failed: -1160773628

[2026-10-04 10:46:22] [`anonymous-namespace'::SnippetLocationInfo::load:695] NGXLoadFromPath failed: -1160773628

[2026-10-04 10:46:22] [NGXSecureLoadFeature:1231] warning: ModuleName - nvngx_dlisr.dll doesn't exist in any of the search paths!

[2026-10-04 10:46:22] [NGXContextDenyListData::IsFeatureDenied:669] Feature dlslowmo, denial value 0 for Cms ID 876232c

[2026-10-04 10:46:22] [`anonymous-namespace'::SnippetLocationInfo::load:695] NGXLoadFromPath failed: -1160773628

[2026-10-04 10:46:22] [`anonymous-namespace'::SnippetLocationInfo::load:695] NGXLoadFromPath failed: -1160773628

[2026-10-04 10:46:22] [NGXSecureLoadFeature:1231] warning: ModuleName - nvngx_dlslowmo.dll doesn't exist in any of the search paths!

[2026-10-04 10:46:22] [NGXContextDenyListData::IsFeatureDenied:669] Feature dlvsr, denial value 0 for Cms ID 876232c

[2026-10-04 10:46:22] [`anonymous-namespace'::SnippetLocationInfo::load:695] NGXLoadFromPath failed: -1160773628

[2026-10-04 10:46:22] [`anonymous-namespace'::SnippetLocationInfo::load:695] NGXLoadFromPath failed: -1160773628

[2026-10-04 10:46:22] [NGXSecureLoadFeature:1231] warning: ModuleName - nvngx_dlvsr.dll doesn't exist in any of the search paths!

[2026-10-04 10:46:22] [NGXContextDenyListData::IsFeatureDenied:669] Feature dlcolorize, denial value 0 for Cms ID 876232c

[2026-10-04 10:46:22] [`anonymous-namespace'::SnippetLocationInfo::load:695] NGXLoadFromPath failed: -1160773628

[2026-10-04 10:46:22] [`anonymous-namespace'::SnippetLocationInfo::load:695] NGXLoadFromPath failed: -1160773628

[2026-10-04 10:46:22] [NGXSecureLoadFeature:1231] warning: ModuleName - nvngx_dlcolorize.dll doesn't exist in any of the search paths!

[2026-10-04 10:46:22] [NGXContextDenyListData::IsFeatureDenied:669] Feature dlstyletransfer, denial value 0 for Cms ID 876232c

[2026-10-04 10:46:22] [`anonymous-namespace'::SnippetLocationInfo::load:695] NGXLoadFromPath failed: -1160773628

[2026-10-04 10:46:22] [`anonymous-namespace'::SnippetLocationInfo::load:695] NGXLoadFromPath failed: -1160773628

[2026-10-04 10:46:22] [NGXSecureLoadFeature:1231] warning: ModuleName - nvngx_dlstyletransfer.dll doesn't exist in any of the search paths!

[2026-10-04 10:46:22] [NGXContextDenyListData::IsFeatureDenied:669] Feature dlvdenoiser, denial value 0 for Cms ID 876232c

[2026-10-04 10:46:22] [`anonymous-namespace'::SnippetLocationInfo::load:695] NGXLoadFromPath failed: -1160773628

[2026-10-04 10:46:22] [`anonymous-namespace'::SnippetLocationInfo::load:695] NGXLoadFromPath failed: -1160773628

[2026-10-04 10:46:22] [NGXSecureLoadFeature:1231] warning: ModuleName - nvngx_dlvdenoiser.dll doesn't exist in any of the search paths!

[2026-10-04 10:46:22] [NGXContextDenyListData::IsFeatureDenied:669] Feature dlisp, denial value 0 for Cms ID 876232c

[2026-10-04 10:46:22] [`anonymous-namespace'::SnippetLocationInfo::load:695] NGXLoadFromPath failed: -1160773628

[2026-10-04 10:46:22] [`anonymous-namespace'::SnippetLocationInfo::load:695] NGXLoadFromPath failed: -1160773628

[2026-10-04 10:46:22] [NGXSecureLoadFeature:1231] warning: ModuleName - nvngx_dlisp.dll doesn't exist in any of the search paths!

[2026-10-04 10:46:22] [NGXContextDenyListData::IsFeatureDenied:669] Feature dlresolve, denial value 0 for Cms ID 876232c

[2026-10-04 10:46:22] [`anonymous-namespace'::SnippetLocationInfo::load:695] NGXLoadFromPath failed: -1160773628

[2026-10-04 10:46:22] [`anonymous-namespace'::SnippetLocationInfo::load:695] NGXLoadFromPath failed: -1160773628

[2026-10-04 10:46:22] [NGXSecureLoadFeature:1231] warning: ModuleName - nvngx_dlresolve.dll doesn't exist in any of the search paths!

[2026-10-04 10:46:22] [NGXContextDenyListData::IsFeatureDenied:669] Feature dlssg, denial value 0 for Cms ID 876232c

[2026-10-04 10:46:22] [NGXLoadLibrary:34] Loaded NGXCore from path (D:\\ProjectDllsss\\logs\\runtime\\minecraft-dlssg-x3\\20261004-144431-183\\stock-runtime/nvngx_dlssg.dll)

[2026-10-04 10:46:22] [NGXValidateSnippetMetaData:1509] Validating snippet D:\\ProjectDllsss\\logs\\runtime\\minecraft-dlssg-x3\\20261004-144431-183\\stock-runtime/nvngx_dlssg.dll

[2026-10-04 10:46:22] [NGXValidateSnippetMetaData:1511] NGX CORE API version : 0x15, Snippet requires at least : 0x13

[2026-10-04 10:46:22] [NGXValidateSnippetMetaData:1515] GPU architecture : 0x170, Snippet expects at least : 0x170

[2026-10-04 10:46:22] [NGXValidateSnippetMetaData:1530] Driver support flags : 0xF(SEAMLESS_OTA|LINUX_EXTENDED_DRIVER_VERSIONS|API_SPECIFIC_POPULATE_PARAMS|REQUIRE_CMSID), Snippet required flags : 0x0()

[2026-10-04 10:46:22] [NGXValidateSnippetMetaData:1558] Driver version : 596.49, Snippet expects at least : 520.0

[2026-10-04 10:46:22] [NGXValidateSnippetMetaData:1585] Snippet version : 310.9.1, Embedded app Id : E658703 (0)

[2026-10-04 10:46:22] [`anonymous-namespace'::SnippetLocationInfo::load:695] NGXLoadFromPath failed: -1160773628

[2026-10-04 10:46:22] [NGXSecureLoadFeature:1329] Feature dlssg failed to load (cmsid 141959980) from cache (location: C:\ProgramData\NVIDIA\NGX\models\dlssg\versions\0\files, name: 160_876232C.bin)

[2026-10-04 10:46:22] [LaunchNGXUpdater:342] starting C:\WINDOWS\System32\DriverStore\FileRepository\nvlti.inf_amd64_af02d12a5c2283af\nvngx_update.exe with command line - C:\WINDOWS\System32\DriverStore\FileRepository\nvlti.inf_amd64_af02d12a5c2283af\nvngx_update.exe -api update -cmsid 101950511 -feature dlssg -bootstrap  -gpuarch 352

[2026-10-04 10:46:22] [LaunchNGXUpdater:343] process for NGX Updater created successfully

[2026-10-04 10:46:22] [`anonymous-namespace'::SnippetLocationInfo::load:695] NGXLoadFromPath failed: -1160773628

[2026-10-04 10:46:22] [NGXSecureLoadFeature:1329] Feature dlssg failed to load (cmsid 241534723) from cache (location: C:\ProgramData\NVIDIA\NGX\models\dlssg\versions\0\files, name: 160_E658703.bin)

[2026-10-04 10:46:22] [LaunchNGXUpdater:342] starting C:\WINDOWS\System32\DriverStore\FileRepository\nvlti.inf_amd64_af02d12a5c2283af\nvngx_update.exe with command line - C:\WINDOWS\System32\DriverStore\FileRepository\nvlti.inf_amd64_af02d12a5c2283af\nvngx_update.exe -api update -cmsid 0 -feature dlssg -bootstrap  -gpuarch 352

[2026-10-04 10:46:22] [LaunchNGXUpdater:343] process for NGX Updater created successfully

[2026-10-04 10:46:22] [LaunchNGXUpdater:342] starting C:\WINDOWS\System32\DriverStore\FileRepository\nvlti.inf_amd64_af02d12a5c2283af\nvngx_update.exe with command line - C:\WINDOWS\System32\DriverStore\FileRepository\nvlti.inf_amd64_af02d12a5c2283af\nvngx_update.exe -api update -cmsid 1 -feature dlssg -bootstrap  -gpuarch 352

[2026-10-04 10:46:22] [LaunchNGXUpdater:343] process for NGX Updater created successfully

[2026-10-04 10:46:22] [LaunchNGXUpdater:342] starting C:\WINDOWS\System32\DriverStore\FileRepository\nvlti.inf_amd64_af02d12a5c2283af\nvngx_update.exe with command line - C:\WINDOWS\System32\DriverStore\FileRepository\nvlti.inf_amd64_af02d12a5c2283af\nvngx_update.exe -api update -cmsid 2 -feature dlssg -bootstrap  -gpuarch 352

[2026-10-04 10:46:22] [LaunchNGXUpdater:343] process for NGX Updater created successfully

[2026-10-04 10:46:23] [LaunchNGXUpdater:342] starting C:\WINDOWS\System32\DriverStore\FileRepository\nvlti.inf_amd64_af02d12a5c2283af\nvngx_update.exe with command line - C:\WINDOWS\System32\DriverStore\FileRepository\nvlti.inf_amd64_af02d12a5c2283af\nvngx_update.exe -api update -cmsid 3 -feature dlssg -bootstrap  -gpuarch 352

[2026-10-04 10:46:23] [LaunchNGXUpdater:343] process for NGX Updater created successfully

[2026-10-04 10:46:23] [NGXLoadLibrary:34] Loaded NGXCore from path (C:\WINDOWS\System32\DriverStore\FileRepository\nvlti.inf_amd64_af02d12a5c2283af/nvngx_dlssg.dll)

[2026-10-04 10:46:23] [NGXValidateSnippetMetaData:1509] Validating snippet C:\WINDOWS\System32\DriverStore\FileRepository\nvlti.inf_amd64_af02d12a5c2283af/nvngx_dlssg.dll

[2026-10-04 10:46:23] [NGXValidateSnippetMetaData:1511] NGX CORE API version : 0x15, Snippet requires at least : 0x13

[2026-10-04 10:46:23] [NGXValidateSnippetMetaData:1515] GPU architecture : 0x170, Snippet expects at least : 0x170

[2026-10-04 10:46:23] [NGXValidateSnippetMetaData:1530] Driver support flags : 0xF(SEAMLESS_OTA|LINUX_EXTENDED_DRIVER_VERSIONS|API_SPECIFIC_POPULATE_PARAMS|REQUIRE_CMSID), Snippet required flags : 0x0()

[2026-10-04 10:46:23] [NGXValidateSnippetMetaData:1558] Driver version : 596.49, Snippet expects at least : 520.0

[2026-10-04 10:46:23] [NGXValidateSnippetMetaData:1585] Snippet version : 310.9.1, Embedded app Id : E658703 (0)

[2026-10-04 10:46:23] [NGXSecureLoadFeature:1366] Found dlssg driver fallback snippet at C:\WINDOWS\System32\DriverStore\FileRepository\nvlti.inf_amd64_af02d12a5c2283af

[2026-10-04 10:46:23] [NGXSecureLoadFeature:1445] app 876232C feature dlssg snippet: D:\\ProjectDllsss\\logs\\runtime\\minecraft-dlssg-x3\\20261004-144431-183\\stock-runtime/nvngx_dlssg.dll version: 310.9.1

[2026-10-04 10:46:23] [NGXLoadFeature:1527] Setting telemetry callback for dlssg [schema 3.0+]

[2026-10-04 10:46:23] [NGXLoadFeature:1532] Setting override status callback for dlssg

[2026-10-04 10:46:23] [NGXContextDenyListData::IsFeatureDenied:669] Feature deepdvc, denial value 0 for Cms ID 876232c

[2026-10-04 10:46:23] [`anonymous-namespace'::SnippetLocationInfo::load:695] NGXLoadFromPath failed: -1160773628

[2026-10-04 10:46:23] [`anonymous-namespace'::SnippetLocationInfo::load:695] NGXLoadFromPath failed: -1160773628

[2026-10-04 10:46:23] [NGXSecureLoadFeature:1231] warning: ModuleName - nvngx_deepdvc.dll doesn't exist in any of the search paths!

[2026-10-04 10:46:23] [NGXContextDenyListData::IsFeatureDenied:669] Feature dlssd, denial value 0 for Cms ID 876232c

[2026-10-04 10:46:23] [`anonymous-namespace'::SnippetLocationInfo::load:695] NGXLoadFromPath failed: -1160773628

[2026-10-04 10:46:23] [`anonymous-namespace'::SnippetLocationInfo::load:695] NGXLoadFromPath failed: -1160773628

[2026-10-04 10:46:23] [NGXSecureLoadFeature:1231] warning: ModuleName - nvngx_dlssd.dll doesn't exist in any of the search paths!

[2026-10-04 10:46:23] [NGXContextDenyListData::IsFeatureDenied:669] Feature truehdr, denial value 0 for Cms ID 876232c

[2026-10-04 10:46:23] [`anonymous-namespace'::SnippetLocationInfo::load:695] NGXLoadFromPath failed: -1160773628

[2026-10-04 10:46:23] [`anonymous-namespace'::SnippetLocationInfo::load:695] NGXLoadFromPath failed: -1160773628

[2026-10-04 10:46:23] [NGXSecureLoadFeature:1231] warning: ModuleName - nvngx_truehdr.dll doesn't exist in any of the search paths!

[2026-10-04 10:46:23] [NGXContextDenyListData::IsFeatureDenied:669] Feature latewarp, denial value 0 for Cms ID 876232c

[2026-10-04 10:46:23] [`anonymous-namespace'::SnippetLocationInfo::load:695] NGXLoadFromPath failed: -1160773628

[2026-10-04 10:46:23] [`anonymous-namespace'::SnippetLocationInfo::load:695] NGXLoadFromPath failed: -1160773628

[2026-10-04 10:46:23] [NGXSecureLoadFeature:1231] warning: ModuleName - nvngx_latewarp.dll doesn't exist in any of the search paths!

[2026-10-04 10:46:23] [NGXContextDenyListData::IsFeatureDenied:669] Feature vsr, denial value 0 for Cms ID 876232c

[2026-10-04 10:46:23] [`anonymous-namespace'::SnippetLocationInfo::load:695] NGXLoadFromPath failed: -1160773628

[2026-10-04 10:46:23] [`anonymous-namespace'::SnippetLocationInfo::load:695] NGXLoadFromPath failed: -1160773628

[2026-10-04 10:46:23] [NGXSecureLoadFeature:1231] warning: ModuleName - nvngx_vsr.dll doesn't exist in any of the search paths!

[2026-10-04 10:46:23] [NGXContextDenyListData::IsFeatureDenied:669] Feature fgx, denial value 0 for Cms ID 876232c

[2026-10-04 10:46:23] [`anonymous-namespace'::SnippetLocationInfo::load:695] NGXLoadFromPath failed: -1160773628

[2026-10-04 10:46:23] [`anonymous-namespace'::SnippetLocationInfo::load:695] NGXLoadFromPath failed: -1160773628

[2026-10-04 10:46:23] [NGXSecureLoadFeature:1231] warning: ModuleName - nvngx_fgx.dll doesn't exist in any of the search paths!

[2026-10-04 10:46:23] [tid:695040][NGXInitLog:208] App logging hooks successfully initialized

[2026-10-04 10:46:23] [tid:695040][NGXInitLog:214] Build v310.9.1 CL 38868064

[2026-10-04 10:46:23] [tid:695040][NGXInitLog:216] Built with APP_NAME = endpoint

[2026-10-04 10:46:23] [tid:695040][NGXInitLog:226] Loaded from path "D:\ProjectDllsss\logs\runtime\minecraft-dlssg-x3\20261004-144431-183\bundle-cache\f041be503d3fe093468a799be4e6e15cbbb91fdde5aa3a1b9bef8985a18057b7/nvngx_dlssg.dll" by java.exe

[2026-10-04 10:46:23] [tid:695040][DLSSGDRSKeys::ReadValuesFromDRSImpl:78] Finished loading values from DRS

[2026-10-04 10:46:23] [tid:695040][NGXCubinD3D12::Init:135] Enabling texmode_raw

[2026-10-04 10:46:23] [tid:695040][NGXCubinD3D12::Init:147] Enabling CuModule kernel path (load fatbin once, resolve entry points)

[2026-10-04 10:46:23] [tid:695040][NGXCubinD3D12::Init:152] Build - PRODUCTION

[2026-10-04 10:46:23] [tid:695040][NGXCubinD3D12::Init:156] GPU nodes 1 - visible node mask 1

[2026-10-04 10:46:23] [tid:695040][NGXCubinKernelMap::InitCubins:42] Loading NGXCubin kernels

[2026-10-04 10:46:23] [tid:695040][NGXCubinGeneric::SetGPUArch:473] m_gpuArch = 0x170

[2026-10-04 10:46:23] [tid:695040][NGXCubinGeneric::genericPostInit:164] Fast UAV clear: supported

[2026-10-04 10:46:23] [GetSystemInfo:985] Detected Windows Version 10.0.26100.9278

[2026-10-04 10:46:23] [NGXSendTelemetryInitializeData:302] Sending Telemetry Init Data

[2026-10-04 10:46:23] [NGXSendTelemetryInitializeData:303] appExeName = wisteria_dlssg_bridge-85657dd9db0d524f7a0be4ed231d087fd71b43e96aa83a18215f89df9eea5f45.dll

[2026-10-04 10:46:23] [NGXSendTelemetryInitializeData:304] drsProfileName = 

[2026-10-04 10:46:23] [NGXSendTelemetryInitializeData:305] drsName = 

[2026-10-04 10:46:23] [NGXSendTelemetryInitializeData:307] AppIdType = RENDERING_ENGINE

[2026-10-04 10:46:23] [NGXSendTelemetryInitializeData:308] ProjectId = 3e6891d2-09ac-4f54-ae8d-f481c3150d4b

[2026-10-04 10:46:23] [NGXSendTelemetryInitializeData:309] EngineVersion = 1.0.0

[2026-10-04 10:46:23] [NGXSendTelemetryInitializeData:310] EngineType = custom

[2026-10-04 10:46:23] [NGXSendTelemetryInitializeData:311] cmsId = 0

[2026-10-04 10:46:23] [NGXSendTelemetryInitializeData:312] featureType = FrameGeneration

[2026-10-04 10:46:23] [NGXSendTelemetryInitializeData:313] gpuDeviceId = 9632

[2026-10-04 10:46:23] [NGXSendTelemetryInitializeData:314] gpuVendorId = 4318

[2026-10-04 10:46:23] [NGXSendTelemetryInitializeData:315] gpuSubSys = 979179434

[2026-10-04 10:46:23] [NGXSendTelemetryInitializeData:316] gpuRev = 161

[2026-10-04 10:46:23] [NGXSendTelemetryInitializeData:317] ngxSDKVersion = 1.5

[2026-10-04 10:46:23] [NGXSendTelemetryInitializeData:318] ngxCoreVersion = 1.4.0.0

[2026-10-04 10:46:23] [NGXSendTelemetryInitializeData:319] ngxFeatureVersion = 310.9.1

[2026-10-04 10:46:23] [NGXSendTelemetryInitializeData:320] displayDriverVersion = 596.49

[2026-10-04 10:46:23] [NGXSendTelemetryInitializeData:321] osVersion = 10.0.26100.9278

[2026-10-04 10:46:23] [NGXSendTelemetryInitializeData:322] APIType = 0

[2026-10-04 10:46:23] [NGXSendTelemetryInitializeData:323] FeatureInitResult = NvNGXFeatureInitSuccess

[2026-10-04 10:46:23] [NGXSendTelemetryInitializeData:324] GpuAPI = 2

[2026-10-04 10:46:23] [NGXSendTelemetryInitializeData:326] StreamlineVersion = 

[2026-10-04 10:46:23] [NGXSendTelemetryInitializeData:327] StreamlineGitSHA = 

[2026-10-04 10:46:23] [NGXSendTelemetryInitializeData:328] ExeModuleName = java.exe

[2026-10-04 10:46:23] [NGXSendTelemetryInitializeData:329] OTAEnabled = 1

[2026-10-04 10:46:23] [NGXSendTelemetryInitializeData:335] -- END telemetry init data --

[2026-10-04 10:47:20] [NVSDK_NGX_CreateFeature_Validate:731] app id is 141959980 

[2026-10-04 10:47:20] [tid:710404][NGXCubinD3D12::ProcessParameters:1424] Resources managed by host: false

[2026-10-04 10:47:20] [tid:710404][NGXCubinD3D12::Init:135] Enabling texmode_raw

[2026-10-04 10:47:20] [tid:710404][NGXCubinD3D12::Init:147] Enabling CuModule kernel path (load fatbin once, resolve entry points)

[2026-10-04 10:47:20] [tid:710404][NGXCubinD3D12::Init:152] Build - PRODUCTION

[2026-10-04 10:47:20] [tid:710404][NGXCubinD3D12::Init:156] GPU nodes 1 - visible node mask 1

[2026-10-04 10:47:20] [tid:710404][NGXCubinKernelMap::InitCubins:42] Loading NGXCubin kernels

[2026-10-04 10:47:20] [tid:710404][NGXCubinGeneric::SetGPUArch:473] m_gpuArch = 0x170

[2026-10-04 10:47:20] [tid:710404][NGXCubinGeneric::genericPostInit:164] Fast UAV clear: supported

[2026-10-04 10:47:20] [tid:710404][NGXCubinD3D12::ProcessParameters:1424] Resources managed by host: false

[2026-10-04 10:47:20] [tid:710404][EndpointCoreCreateParameters::ParseNGXParameters:82] Creating feature using NVSDK_NGX_DLSSG_Parameter_Width/Height

[2026-10-04 10:47:20] [tid:710404][EndpointConfiguration::ParseNGXParametersCreateTime:50] NVSDK_NGX_DLSSG_Parameter_UserInterfaceRecompositionEnabled: (false)

[2026-10-04 10:47:20] [tid:710404][NGXCubinGeneric::CreateTexture2DResourceShared:1022] CUBIN 2D alloc (dlfg_resource), m_allocCount=1, currentSize 0.4 MB, totalSize 0.4 MB

[2026-10-04 10:47:20] [tid:710404][ResourceName::getPublicName:679] ProductionResourceName: 'nv.ngx.dlssg.resource'

[2026-10-04 10:47:20] [tid:710404][NGXCubinD3D12::SetResourceName:1083] D3D12 SetResourceName: nv.ngx.dlssg.resource

[2026-10-04 10:47:20] [tid:710404][NGXCubinGeneric::CreateTexture2DResourceShared:1022] CUBIN 2D alloc (dlfg_resource), m_allocCount=2, currentSize 0.4 MB, totalSize 0.8 MB

[2026-10-04 10:47:20] [tid:710404][ResourceName::getPublicName:679] ProductionResourceName: 'nv.ngx.dlssg.resource'

[2026-10-04 10:47:20] [tid:710404][NGXCubinD3D12::SetResourceName:1083] D3D12 SetResourceName: nv.ngx.dlssg.resource

[2026-10-04 10:47:20] [tid:710404][NGXCubinGeneric::CreateTexture2DResourceShared:1022] CUBIN 2D alloc (dlfg_resource), m_allocCount=3, currentSize 3.1 MB, totalSize 3.9 MB

[2026-10-04 10:47:20] [tid:710404][ResourceName::getPublicName:679] ProductionResourceName: 'nv.ngx.dlssg.resource'

[2026-10-04 10:47:20] [tid:710404][NGXCubinD3D12::SetResourceName:1083] D3D12 SetResourceName: nv.ngx.dlssg.resource

[2026-10-04 10:47:20] [tid:710404][NGXCubinGeneric::CreateTexture2DResourceShared:1022] CUBIN 2D alloc (dlfg_resource), m_allocCount=4, currentSize 3.1 MB, totalSize 7.0 MB

[2026-10-04 10:47:20] [tid:710404][ResourceName::getPublicName:679] ProductionResourceName: 'nv.ngx.dlssg.resource'

[2026-10-04 10:47:20] [tid:710404][NGXCubinD3D12::SetResourceName:1083] D3D12 SetResourceName: nv.ngx.dlssg.resource

[2026-10-04 10:47:20] [tid:710404][NGXCubinGeneric::CreateTexture2DResourceShared:1022] CUBIN 2D alloc (dlfg_resource), m_allocCount=5, currentSize 3.1 MB, totalSize 10.2 MB

[2026-10-04 10:47:20] [tid:710404][ResourceName::getPublicName:679] ProductionResourceName: 'nv.ngx.dlssg.resource'

[2026-10-04 10:47:20] [tid:710404][NGXCubinD3D12::SetResourceName:1083] D3D12 SetResourceName: nv.ngx.dlssg.resource

[2026-10-04 10:47:20] [tid:710404][NGXCubinGeneric::CreateTexture2DResourceShared:1022] CUBIN 2D alloc (dlfg_resource), m_allocCount=6, currentSize 3.1 MB, totalSize 13.3 MB

[2026-10-04 10:47:20] [tid:710404][ResourceName::getPublicName:679] ProductionResourceName: 'nv.ngx.dlssg.resource'

[2026-10-04 10:47:20] [tid:710404][NGXCubinD3D12::SetResourceName:1083] D3D12 SetResourceName: nv.ngx.dlssg.resource

[2026-10-04 10:47:20] [tid:710404][NGXCubinGeneric::CreateTexture2DResourceShared:1022] CUBIN 2D alloc (dlfg_resource), m_allocCount=7, currentSize 0.8 MB, totalSize 14.1 MB

[2026-10-04 10:47:20] [tid:710404][ResourceName::getPublicName:679] ProductionResourceName: 'nv.ngx.dlssg.resource'

[2026-10-04 10:47:20] [tid:710404][NGXCubinD3D12::SetResourceName:1083] D3D12 SetResourceName: nv.ngx.dlssg.resource

[2026-10-04 10:47:20] [tid:710404][NGXCubinGeneric::CreateTexture2DResourceShared:1022] CUBIN 2D alloc (dlfg_resource), m_allocCount=8, currentSize 0.4 MB, totalSize 14.5 MB

[2026-10-04 10:47:20] [tid:710404][ResourceName::getPublicName:679] ProductionResourceName: 'nv.ngx.dlssg.resource'

[2026-10-04 10:47:20] [tid:710404][NGXCubinD3D12::SetResourceName:1083] D3D12 SetResourceName: nv.ngx.dlssg.resource

[2026-10-04 10:47:20] [tid:710404][NGXCubinGeneric::CreateTexture2DResourceShared:1022] CUBIN 2D alloc (dlfg_resource), m_allocCount=9, currentSize 0.4 MB, totalSize 14.9 MB

[2026-10-04 10:47:20] [tid:710404][ResourceName::getPublicName:679] ProductionResourceName: 'nv.ngx.dlssg.resource'

[2026-10-04 10:47:20] [tid:710404][NGXCubinD3D12::SetResourceName:1083] D3D12 SetResourceName: nv.ngx.dlssg.resource

[2026-10-04 10:47:20] [tid:710404][NGXCubinGeneric::CreateTexture2DResourceShared:1022] CUBIN 2D alloc (dlfg_resource), m_allocCount=10, currentSize 0.4 MB, totalSize 15.2 MB

[2026-10-04 10:47:20] [tid:710404][ResourceName::getPublicName:679] ProductionResourceName: 'nv.ngx.dlssg.resource'

[2026-10-04 10:47:20] [tid:710404][NGXCubinD3D12::SetResourceName:1083] D3D12 SetResourceName: nv.ngx.dlssg.resource

[2026-10-04 10:47:20] [tid:710404][NGXCubinGeneric::CreateBufferResource:822] CUBIN 1D alloc (dlfg_resource), m_allocCount=11, currentSize 0.0 MB, totalSize 15.2 MB

[2026-10-04 10:47:20] [tid:710404][ResourceName::getPublicName:679] ProductionResourceName: 'nv.ngx.dlssg.resource'

[2026-10-04 10:47:20] [tid:710404][NGXCubinD3D12::SetResourceName:1083] D3D12 SetResourceName: nv.ngx.dlssg.resource

[2026-10-04 10:47:20] [tid:710404][NGXCubinGeneric::CreateTexture2DResourceShared:1022] CUBIN 2D alloc (dlfg_resource), m_allocCount=12, currentSize 0.4 MB, totalSize 15.6 MB

[2026-10-04 10:47:20] [tid:710404][ResourceName::getPublicName:679] ProductionResourceName: 'nv.ngx.dlssg.resource'

[2026-10-04 10:47:20] [tid:710404][NGXCubinD3D12::SetResourceName:1083] D3D12 SetResourceName: nv.ngx.dlssg.resource

[2026-10-04 10:47:20] [tid:710404][NGXCubinGeneric::CreateTexture2DResourceShared:1022] CUBIN 2D alloc (dlfg_resource), m_allocCount=13, currentSize 0.4 MB, totalSize 16.0 MB

[2026-10-04 10:47:20] [tid:710404][ResourceName::getPublicName:679] ProductionResourceName: 'nv.ngx.dlssg.resource'

[2026-10-04 10:47:20] [tid:710404][NGXCubinD3D12::SetResourceName:1083] D3D12 SetResourceName: nv.ngx.dlssg.resource

[2026-10-04 10:47:20] [tid:710404][NGXCubinGeneric::CreateTexture2DResourceShared:1022] CUBIN 2D alloc (dlfg_resource), m_allocCount=14, currentSize 0.4 MB, totalSize 16.4 MB

[2026-10-04 10:47:20] [tid:710404][ResourceName::getPublicName:679] ProductionResourceName: 'nv.ngx.dlssg.resource'

[2026-10-04 10:47:20] [tid:710404][NGXCubinD3D12::SetResourceName:1083] D3D12 SetResourceName: nv.ngx.dlssg.resource

[2026-10-04 10:47:20] [tid:710404][NGXCubinGeneric::CreateTexture2DResourceShared:1022] CUBIN 2D alloc (dlfg_resource), m_allocCount=15, currentSize 0.1 MB, totalSize 16.5 MB

[2026-10-04 10:47:20] [tid:710404][ResourceName::getPublicName:679] ProductionResourceName: 'nv.ngx.dlssg.resource'

[2026-10-04 10:47:20] [tid:710404][NGXCubinD3D12::SetResourceName:1083] D3D12 SetResourceName: nv.ngx.dlssg.resource

[2026-10-04 10:47:20] [tid:710404][NGXCubinGeneric::CreateTexture2DResourceShared:1022] CUBIN 2D alloc (dlfg_resource), m_allocCount=16, currentSize 0.1 MB, totalSize 16.6 MB

[2026-10-04 10:47:20] [tid:710404][ResourceName::getPublicName:679] ProductionResourceName: 'nv.ngx.dlssg.resource'

[2026-10-04 10:47:20] [tid:710404][NGXCubinD3D12::SetResourceName:1083] D3D12 SetResourceName: nv.ngx.dlssg.resource

[2026-10-04 10:47:20] [tid:710404][NGXCubinGeneric::CreateTexture2DResourceShared:1022] CUBIN 2D alloc (dlfg_resource), m_allocCount=17, currentSize 0.1 MB, totalSize 16.7 MB

[2026-10-04 10:47:20] [tid:710404][ResourceName::getPublicName:679] ProductionResourceName: 'nv.ngx.dlssg.resource'

[2026-10-04 10:47:20] [tid:710404][NGXCubinD3D12::SetResourceName:1083] D3D12 SetResourceName: nv.ngx.dlssg.resource

[2026-10-04 10:47:20] [tid:710404][NGXCubinGeneric::CreateTexture2DResourceShared:1022] CUBIN 2D alloc (dlfg_resource), m_allocCount=18, currentSize 0.8 MB, totalSize 17.5 MB

[2026-10-04 10:47:20] [tid:710404][ResourceName::getPublicName:679] ProductionResourceName: 'nv.ngx.dlssg.resource'

[2026-10-04 10:47:20] [tid:710404][NGXCubinD3D12::SetResourceName:1083] D3D12 SetResourceName: nv.ngx.dlssg.resource

[2026-10-04 10:47:20] [tid:710404][NGXCubinGeneric::CreateTexture2DResourceShared:1022] CUBIN 2D alloc (dlfg_resource), m_allocCount=19, currentSize 0.8 MB, totalSize 18.3 MB

[2026-10-04 10:47:20] [tid:710404][ResourceName::getPublicName:679] ProductionResourceName: 'nv.ngx.dlssg.resource'

[2026-10-04 10:47:20] [tid:710404][NGXCubinD3D12::SetResourceName:1083] D3D12 SetResourceName: nv.ngx.dlssg.resource

[2026-10-04 10:47:20] [tid:710404][NGXCubinGeneric::CreateBufferResource:822] CUBIN 1D alloc (dlfg_resource), m_allocCount=20, currentSize 0.8 MB, totalSize 19.1 MB

[2026-10-04 10:47:20] [tid:710404][ResourceName::getPublicName:679] ProductionResourceName: 'nv.ngx.dlssg.resource'

[2026-10-04 10:47:20] [tid:710404][NGXCubinD3D12::SetResourceName:1083] D3D12 SetResourceName: nv.ngx.dlssg.resource

[2026-10-04 10:47:20] [tid:710404][NGXCubinGeneric::CreateBufferResource:822] CUBIN 1D alloc (dlfg_resource), m_allocCount=21, currentSize 0.8 MB, totalSize 19.8 MB

[2026-10-04 10:47:20] [tid:710404][ResourceName::getPublicName:679] ProductionResourceName: 'nv.ngx.dlssg.resource'

[2026-10-04 10:47:20] [tid:710404][NGXCubinD3D12::SetResourceName:1083] D3D12 SetResourceName: nv.ngx.dlssg.resource

[2026-10-04 10:47:20] [tid:710404][NGXCubinGeneric::CreateBufferResource:822] CUBIN 1D alloc (dlfg_resource), m_allocCount=22, currentSize 0.1 MB, totalSize 19.9 MB

[2026-10-04 10:47:20] [tid:710404][ResourceName::getPublicName:679] ProductionResourceName: 'nv.ngx.dlssg.resource'

[2026-10-04 10:47:20] [tid:710404][NGXCubinD3D12::SetResourceName:1083] D3D12 SetResourceName: nv.ngx.dlssg.resource

[2026-10-04 10:47:20] [tid:710404][NGXCubinGeneric::CreateBufferResource:822] CUBIN 1D alloc (dlfg_resource), m_allocCount=23, currentSize 0.1 MB, totalSize 20.1 MB

[2026-10-04 10:47:20] [tid:710404][ResourceName::getPublicName:679] ProductionResourceName: 'nv.ngx.dlssg.resource'

[2026-10-04 10:47:20] [tid:710404][NGXCubinD3D12::SetResourceName:1083] D3D12 SetResourceName: nv.ngx.dlssg.resource

[2026-10-04 10:47:20] [tid:710404][NGXCubinGeneric::CreateTexture2DResourceShared:1022] CUBIN 2D alloc (dlfg_resource), m_allocCount=24, currentSize 0.8 MB, totalSize 20.9 MB

[2026-10-04 10:47:20] [tid:710404][ResourceName::getPublicName:679] ProductionResourceName: 'nv.ngx.dlssg.resource'

[2026-10-04 10:47:20] [tid:710404][NGXCubinD3D12::SetResourceName:1083] D3D12 SetResourceName: nv.ngx.dlssg.resource

[2026-10-04 10:47:20] [tid:710404][NGXCubinGeneric::CreateTexture2DResourceShared:1022] CUBIN 2D alloc (dlfg_resource), m_allocCount=25, currentSize 0.8 MB, totalSize 21.6 MB

[2026-10-04 10:47:20] [tid:710404][ResourceName::getPublicName:679] ProductionResourceName: 'nv.ngx.dlssg.resource'

[2026-10-04 10:47:20] [tid:710404][NGXCubinD3D12::SetResourceName:1083] D3D12 SetResourceName: nv.ngx.dlssg.resource

[2026-10-04 10:47:20] [tid:710404][NGXCubinGeneric::CreateTexture2DResourceShared:1022] CUBIN 2D alloc (dlfg_resource), m_allocCount=26, currentSize 0.4 MB, totalSize 22.0 MB

[2026-10-04 10:47:20] [tid:710404][ResourceName::getPublicName:679] ProductionResourceName: 'nv.ngx.dlssg.resource'

[2026-10-04 10:47:20] [tid:710404][NGXCubinD3D12::SetResourceName:1083] D3D12 SetResourceName: nv.ngx.dlssg.resource

[2026-10-04 10:47:20] [tid:710404][NGXCubinGeneric::CreateTexture2DResourceShared:1022] CUBIN 2D alloc (dlfg_resource), m_allocCount=27, currentSize 0.4 MB, totalSize 22.4 MB

[2026-10-04 10:47:20] [tid:710404][ResourceName::getPublicName:679] ProductionResourceName: 'nv.ngx.dlssg.resource'

[2026-10-04 10:47:20] [tid:710404][NGXCubinD3D12::SetResourceName:1083] D3D12 SetResourceName: nv.ngx.dlssg.resource

[2026-10-04 10:47:20] [tid:710404][NGXCubinGeneric::CreateTexture2DResourceShared:1022] CUBIN 2D alloc (dlfg_resource), m_allocCount=28, currentSize 0.4 MB, totalSize 22.8 MB

[2026-10-04 10:47:20] [tid:710404][ResourceName::getPublicName:679] ProductionResourceName: 'nv.ngx.dlssg.resource'

[2026-10-04 10:47:20] [tid:710404][NGXCubinD3D12::SetResourceName:1083] D3D12 SetResourceName: nv.ngx.dlssg.resource

[2026-10-04 10:47:20] [tid:710404][NGXCubinGeneric::CreateTexture2DResourceShared:1022] CUBIN 2D alloc (dlfg_resource), m_allocCount=29, currentSize 0.2 MB, totalSize 23.0 MB

[2026-10-04 10:47:20] [tid:710404][ResourceName::getPublicName:679] ProductionResourceName: 'nv.ngx.dlssg.resource'

[2026-10-04 10:47:20] [tid:710404][NGXCubinD3D12::SetResourceName:1083] D3D12 SetResourceName: nv.ngx.dlssg.resource

[2026-10-04 10:47:20] [tid:710404][NGXCubinGeneric::CreateTexture2DResourceShared:1022] CUBIN 2D alloc (dlfg_resource), m_allocCount=30, currentSize 0.2 MB, totalSize 23.2 MB

[2026-10-04 10:47:20] [tid:710404][ResourceName::getPublicName:679] ProductionResourceName: 'nv.ngx.dlssg.resource'

[2026-10-04 10:47:20] [tid:710404][NGXCubinD3D12::SetResourceName:1083] D3D12 SetResourceName: nv.ngx.dlssg.resource

[2026-10-04 10:47:20] [tid:710404][NGXCubinGeneric::CreateTexture2DResourceShared:1022] CUBIN 2D alloc (dlfg_resource), m_allocCount=31, currentSize 0.1 MB, totalSize 23.3 MB

[2026-10-04 10:47:20] [tid:710404][ResourceName::getPublicName:679] ProductionResourceName: 'nv.ngx.dlssg.resource'

[2026-10-04 10:47:20] [tid:710404][NGXCubinD3D12::SetResourceName:1083] D3D12 SetResourceName: nv.ngx.dlssg.resource

[2026-10-04 10:47:20] [tid:710404][NGXCubinGeneric::CreateTexture2DResourceShared:1022] CUBIN 2D alloc (dlfg_resource), m_allocCount=32, currentSize 0.1 MB, totalSize 23.4 MB

[2026-10-04 10:47:20] [tid:710404][ResourceName::getPublicName:679] ProductionResourceName: 'nv.ngx.dlssg.resource'

[2026-10-04 10:47:20] [tid:710404][NGXCubinD3D12::SetResourceName:1083] D3D12 SetResourceName: nv.ngx.dlssg.resource

[2026-10-04 10:47:20] [tid:710404][NGXCubinGeneric::CreateTexture2DResourceShared:1022] CUBIN 2D alloc (dlfg_resource), m_allocCount=33, currentSize 0.1 MB, totalSize 23.5 MB

[2026-10-04 10:47:20] [tid:710404][ResourceName::getPublicName:679] ProductionResourceName: 'nv.ngx.dlssg.resource'

[2026-10-04 10:47:20] [tid:710404][NGXCubinD3D12::SetResourceName:1083] D3D12 SetResourceName: nv.ngx.dlssg.resource

[2026-10-04 10:47:20] [tid:710404][NGXCubinGeneric::CreateTexture2DResourceShared:1022] CUBIN 2D alloc (dlfg_resource), m_allocCount=34, currentSize 0.1 MB, totalSize 23.6 MB

[2026-10-04 10:47:20] [tid:710404][ResourceName::getPublicName:679] ProductionResourceName: 'nv.ngx.dlssg.resource'

[2026-10-04 10:47:20] [tid:710404][NGXCubinD3D12::SetResourceName:1083] D3D12 SetResourceName: nv.ngx.dlssg.resource

[2026-10-04 10:47:20] [tid:710404][NGXCubinGeneric::CreateTexture2DResourceShared:1022] CUBIN 2D alloc (dlfg_resource), m_allocCount=35, currentSize 0.1 MB, totalSize 23.7 MB

[2026-10-04 10:47:21] [tid:710404][ResourceName::getPublicName:679] ProductionResourceName: 'nv.ngx.dlssg.resource'

[2026-10-04 10:47:21] [tid:710404][NGXCubinD3D12::SetResourceName:1083] D3D12 SetResourceName: nv.ngx.dlssg.resource

[2026-10-04 10:47:21] [tid:710404][NGXCubinGeneric::CreateBufferResource:822] CUBIN 1D alloc (dlfg_resource), m_allocCount=36, currentSize 0.9 MB, totalSize 24.6 MB

[2026-10-04 10:47:21] [tid:710404][ResourceName::getPublicName:679] ProductionResourceName: 'nv.ngx.dlssg.resource'

[2026-10-04 10:47:21] [tid:710404][NGXCubinD3D12::SetResourceName:1083] D3D12 SetResourceName: nv.ngx.dlssg.resource

[2026-10-04 10:47:21] [tid:710404][NGXCubinGeneric::CreateBufferResource:822] CUBIN 1D alloc (dlfg_resource), m_allocCount=37, currentSize 2.6 MB, totalSize 27.2 MB

[2026-10-04 10:47:21] [tid:710404][ResourceName::getPublicName:679] ProductionResourceName: 'nv.ngx.dlssg.resource'

[2026-10-04 10:47:21] [tid:710404][NGXCubinD3D12::SetResourceName:1083] D3D12 SetResourceName: nv.ngx.dlssg.resource

[2026-10-04 10:47:21] [tid:710404][NGXCubinGeneric::CreateBufferResource:822] CUBIN 1D alloc (dlfg_resource), m_allocCount=38, currentSize 3.2 MB, totalSize 30.4 MB

[2026-10-04 10:47:21] [tid:710404][ResourceName::getPublicName:679] ProductionResourceName: 'nv.ngx.dlssg.resource'

[2026-10-04 10:47:21] [tid:710404][NGXCubinD3D12::SetResourceName:1083] D3D12 SetResourceName: nv.ngx.dlssg.resource

[2026-10-04 10:47:21] [tid:710404][NGXCubinGeneric::CreateBufferResource:822] CUBIN 1D alloc (dlfg_resource), m_allocCount=39, currentSize 3.2 MB, totalSize 33.5 MB

[2026-10-04 10:47:21] [tid:710404][ResourceName::getPublicName:679] ProductionResourceName: 'nv.ngx.dlssg.resource'

[2026-10-04 10:47:21] [tid:710404][NGXCubinD3D12::SetResourceName:1083] D3D12 SetResourceName: nv.ngx.dlssg.resource

[2026-10-04 10:47:21] [tid:710404][NGXCubinGeneric::CreateBufferResource:822] CUBIN 1D alloc (dlfg_resource), m_allocCount=40, currentSize 0.0 MB, totalSize 33.5 MB

[2026-10-04 10:47:21] [tid:710404][ResourceName::getPublicName:679] ProductionResourceName: 'nv.ngx.dlssg.resource'

[2026-10-04 10:47:21] [tid:710404][NGXCubinD3D12::SetResourceName:1083] D3D12 SetResourceName: nv.ngx.dlssg.resource

[2026-10-04 10:47:21] [tid:710404][NGXCubinGeneric::CreateBufferResource:822] CUBIN 1D alloc (dlfg_resource), m_allocCount=41, currentSize 0.8 MB, totalSize 34.3 MB

[2026-10-04 10:47:21] [tid:710404][ResourceName::getPublicName:679] ProductionResourceName: 'nv.ngx.dlssg.resource'

[2026-10-04 10:47:21] [tid:710404][NGXCubinD3D12::SetResourceName:1083] D3D12 SetResourceName: nv.ngx.dlssg.resource

[2026-10-04 10:47:21] [tid:710404][NGXCubinGeneric::CreateBufferResource:822] CUBIN 1D alloc (dlfg_resource), m_allocCount=42, currentSize 6.3 MB, totalSize 40.7 MB

[2026-10-04 10:47:21] [tid:710404][ResourceName::getPublicName:679] ProductionResourceName: 'nv.ngx.dlssg.resource'

[2026-10-04 10:47:21] [tid:710404][NGXCubinD3D12::SetResourceName:1083] D3D12 SetResourceName: nv.ngx.dlssg.resource

[2026-10-04 10:47:21] [tid:710404][NGXCubinGeneric::CreateBufferResource:822] CUBIN 1D alloc (dlfg_resource), m_allocCount=43, currentSize 0.0 MB, totalSize 40.7 MB

[2026-10-04 10:47:21] [tid:710404][ResourceName::getPublicName:679] ProductionResourceName: 'nv.ngx.dlssg.resource'

[2026-10-04 10:47:21] [tid:710404][NGXCubinD3D12::SetResourceName:1083] D3D12 SetResourceName: nv.ngx.dlssg.resource

[2026-10-04 10:47:21] [tid:710404][NGXCubinGeneric::CreateBufferResource:822] CUBIN 1D alloc (dlfg_resource), m_allocCount=44, currentSize 0.0 MB, totalSize 40.7 MB

[2026-10-04 10:47:21] [tid:710404][ResourceName::getPublicName:679] ProductionResourceName: 'nv.ngx.dlssg.resource'

[2026-10-04 10:47:21] [tid:710404][NGXCubinD3D12::SetResourceName:1083] D3D12 SetResourceName: nv.ngx.dlssg.resource

[2026-10-04 10:47:21] [tid:710404][NGXCubinGeneric::CreateBufferResource:822] CUBIN 1D alloc (dlfg_resource), m_allocCount=45, currentSize 0.0 MB, totalSize 40.7 MB

[2026-10-04 10:47:21] [tid:710404][ResourceName::getPublicName:679] ProductionResourceName: 'nv.ngx.dlssg.resource'

[2026-10-04 10:47:21] [tid:710404][NGXCubinD3D12::SetResourceName:1083] D3D12 SetResourceName: nv.ngx.dlssg.resource

[2026-10-04 10:47:21] [tid:710404][NGXCubinGeneric::CreateBufferResource:822] CUBIN 1D alloc (dlfg_resource), m_allocCount=46, currentSize 0.8 MB, totalSize 41.5 MB

[2026-10-04 10:47:21] [tid:710404][ResourceName::getPublicName:679] ProductionResourceName: 'nv.ngx.dlssg.resource'

[2026-10-04 10:47:21] [tid:710404][NGXCubinD3D12::SetResourceName:1083] D3D12 SetResourceName: nv.ngx.dlssg.resource

[2026-10-04 10:47:21] [tid:710404][NGXCubinGeneric::CreateBufferResource:822] CUBIN 1D alloc (dlfg_resource), m_allocCount=47, currentSize 0.0 MB, totalSize 41.5 MB

[2026-10-04 10:47:21] [tid:710404][ResourceName::getPublicName:679] ProductionResourceName: 'nv.ngx.dlssg.resource'

[2026-10-04 10:47:21] [tid:710404][NGXCubinD3D12::SetResourceName:1083] D3D12 SetResourceName: nv.ngx.dlssg.resource

[2026-10-04 10:47:21] [tid:710404][NGXCubinGeneric::CreateBufferResource:822] CUBIN 1D alloc (dlfg_resource), m_allocCount=48, currentSize 0.2 MB, totalSize 41.7 MB

[2026-10-04 10:47:21] [tid:710404][ResourceName::getPublicName:679] ProductionResourceName: 'nv.ngx.dlssg.resource'

[2026-10-04 10:47:21] [tid:710404][NGXCubinD3D12::SetResourceName:1083] D3D12 SetResourceName: nv.ngx.dlssg.resource

[2026-10-04 10:47:21] [tid:710404][NGXCubinGeneric::CreateBufferResource:822] CUBIN 1D alloc (dlfg_resource), m_allocCount=49, currentSize 0.0 MB, totalSize 41.7 MB

[2026-10-04 10:47:21] [tid:710404][ResourceName::getPublicName:679] ProductionResourceName: 'nv.ngx.dlssg.resource'

[2026-10-04 10:47:21] [tid:710404][NGXCubinD3D12::SetResourceName:1083] D3D12 SetResourceName: nv.ngx.dlssg.resource

[2026-10-04 10:47:21] [tid:710404][NGXCubinGeneric::CreateBufferResource:822] CUBIN 1D alloc (dlfg_resource), m_allocCount=50, currentSize 0.0 MB, totalSize 41.7 MB

[2026-10-04 10:47:21] [tid:710404][ResourceName::getPublicName:679] ProductionResourceName: 'nv.ngx.dlssg.resource'

[2026-10-04 10:47:21] [tid:710404][NGXCubinD3D12::SetResourceName:1083] D3D12 SetResourceName: nv.ngx.dlssg.resource

[2026-10-04 10:47:21] [tid:710404][NGXCubinGeneric::CreateBufferResource:822] CUBIN 1D alloc (dlfg_resource), m_allocCount=51, currentSize 0.0 MB, totalSize 41.7 MB

[2026-10-04 10:47:21] [tid:710404][ResourceName::getPublicName:679] ProductionResourceName: 'nv.ngx.dlssg.resource'

[2026-10-04 10:47:21] [tid:710404][NGXCubinD3D12::SetResourceName:1083] D3D12 SetResourceName: nv.ngx.dlssg.resource

[2026-10-04 10:47:21] [tid:710404][NGXCubinGeneric::CreateBufferResource:822] CUBIN 1D alloc (dlfg_resource), m_allocCount=52, currentSize 0.0 MB, totalSize 41.7 MB

[2026-10-04 10:47:21] [tid:710404][ResourceName::getPublicName:679] ProductionResourceName: 'nv.ngx.dlssg.resource'

[2026-10-04 10:47:21] [tid:710404][NGXCubinD3D12::SetResourceName:1083] D3D12 SetResourceName: nv.ngx.dlssg.resource

[2026-10-04 10:47:21] [tid:710404][NGXCubinGeneric::CreateBufferResource:822] CUBIN 1D alloc (dlfg_resource), m_allocCount=53, currentSize 0.0 MB, totalSize 41.7 MB

[2026-10-04 10:47:21] [tid:710404][ResourceName::getPublicName:679] ProductionResourceName: 'nv.ngx.dlssg.resource'

[2026-10-04 10:47:21] [tid:710404][NGXCubinD3D12::SetResourceName:1083] D3D12 SetResourceName: nv.ngx.dlssg.resource

[2026-10-04 10:47:21] [tid:710404][NGXCubinGeneric::CreateBufferResource:822] CUBIN 1D alloc (dlfg_resource), m_allocCount=54, currentSize 0.0 MB, totalSize 41.7 MB

[2026-10-04 10:47:21] [tid:710404][ResourceName::getPublicName:679] ProductionResourceName: 'nv.ngx.dlssg.resource'

[2026-10-04 10:47:21] [tid:710404][NGXCubinD3D12::SetResourceName:1083] D3D12 SetResourceName: nv.ngx.dlssg.resource

[2026-10-04 10:47:21] [tid:710404][NGXCubinGeneric::CreateBufferResource:822] CUBIN 1D alloc (dlfg_resource), m_allocCount=55, currentSize 0.0 MB, totalSize 41.8 MB

[2026-10-04 10:47:21] [tid:710404][ResourceName::getPublicName:679] ProductionResourceName: 'nv.ngx.dlssg.resource'

[2026-10-04 10:47:21] [tid:710404][NGXCubinD3D12::SetResourceName:1083] D3D12 SetResourceName: nv.ngx.dlssg.resource

[2026-10-04 10:47:21] [tid:710404][NGXCubinGeneric::CreateBufferResource:822] CUBIN 1D alloc (dlfg_network_resource), m_allocCount=56, currentSize 1.8 MB, totalSize 43.5 MB

[2026-10-04 10:47:21] [tid:710404][ResourceName::getPublicName:679] ProductionResourceName: 'nv.ngx.dlssg.resource'

[2026-10-04 10:47:21] [tid:710404][NGXCubinD3D12::SetResourceName:1083] D3D12 SetResourceName: nv.ngx.dlssg.resource

[2026-10-04 10:47:21] [tid:710404][NGXCubinGeneric::CreateBufferResource:822] CUBIN 1D alloc (dlfg_network_resource), m_allocCount=57, currentSize 1.8 MB, totalSize 45.3 MB

[2026-10-04 10:47:21] [tid:710404][ResourceName::getPublicName:679] ProductionResourceName: 'nv.ngx.dlssg.resource'

[2026-10-04 10:47:21] [tid:710404][NGXCubinD3D12::SetResourceName:1083] D3D12 SetResourceName: nv.ngx.dlssg.resource

[2026-10-04 10:47:21] [tid:710404][NGXCubinGeneric::CreateBufferResource:822] CUBIN 1D alloc (dlfg_network_resource), m_allocCount=58, currentSize 1.8 MB, totalSize 47.0 MB

[2026-10-04 10:47:21] [tid:710404][ResourceName::getPublicName:679] ProductionResourceName: 'nv.ngx.dlssg.resource'

[2026-10-04 10:47:21] [tid:710404][NGXCubinD3D12::SetResourceName:1083] D3D12 SetResourceName: nv.ngx.dlssg.resource

[2026-10-04 10:47:21] [tid:710404][NGXCubinGeneric::CreateBufferResource:822] CUBIN 1D alloc (dlfg_network_resource), m_allocCount=59, currentSize 0.9 MB, totalSize 47.9 MB

[2026-10-04 10:47:21] [tid:710404][ResourceName::getPublicName:679] ProductionResourceName: 'nv.ngx.dlssg.resource'

[2026-10-04 10:47:21] [tid:710404][NGXCubinD3D12::SetResourceName:1083] D3D12 SetResourceName: nv.ngx.dlssg.resource

[2026-10-04 10:47:21] [tid:710404][NGXCubinGeneric::CreateBufferResource:822] CUBIN 1D alloc (dlfg_network_resource), m_allocCount=60, currentSize 0.4 MB, totalSize 48.3 MB

[2026-10-04 10:47:21] [tid:710404][ResourceName::getPublicName:679] ProductionResourceName: 'nv.ngx.dlssg.resource'

[2026-10-04 10:47:21] [tid:710404][NGXCubinD3D12::SetResourceName:1083] D3D12 SetResourceName: nv.ngx.dlssg.resource

[2026-10-04 10:47:21] [tid:710404][NGXCubinGeneric::CreateBufferResource:822] CUBIN 1D alloc (dlfg_network_resource), m_allocCount=61, currentSize 0.1 MB, totalSize 48.4 MB

[2026-10-04 10:47:21] [tid:710404][ResourceName::getPublicName:679] ProductionResourceName: 'nv.ngx.dlssg.resource'

[2026-10-04 10:47:21] [tid:710404][NGXCubinD3D12::SetResourceName:1083] D3D12 SetResourceName: nv.ngx.dlssg.resource

[2026-10-04 10:47:21] [tid:710404][NGXCubinGeneric::CreateBufferResource:822] CUBIN 1D alloc (dlfg_network_resource), m_allocCount=62, currentSize 0.1 MB, totalSize 48.5 MB

[2026-10-04 10:47:21] [tid:710404][ResourceName::getPublicName:679] ProductionResourceName: 'nv.ngx.dlssg.resource'

[2026-10-04 10:47:21] [tid:710404][NGXCubinD3D12::SetResourceName:1083] D3D12 SetResourceName: nv.ngx.dlssg.resource

[2026-10-04 10:47:21] [tid:710404][NGXCubinGeneric::CreateBufferResource:822] CUBIN 1D alloc (dlfg_network_resource), m_allocCount=63, currentSize 0.1 MB, totalSize 48.5 MB

[2026-10-04 10:47:21] [tid:710404][ResourceName::getPublicName:679] ProductionResourceName: 'nv.ngx.dlssg.resource'

[2026-10-04 10:47:21] [tid:710404][NGXCubinD3D12::SetResourceName:1083] D3D12 SetResourceName: nv.ngx.dlssg.resource

[2026-10-04 10:47:21] [tid:710404][NGXCubinGeneric::CreateBufferResource:822] CUBIN 1D alloc (dlfg_network_resource), m_allocCount=64, currentSize 0.1 MB, totalSize 48.6 MB

[2026-10-04 10:47:21] [tid:710404][ResourceName::getPublicName:679] ProductionResourceName: 'nv.ngx.dlssg.resource'

[2026-10-04 10:47:21] [tid:710404][NGXCubinD3D12::SetResourceName:1083] D3D12 SetResourceName: nv.ngx.dlssg.resource

[2026-10-04 10:47:21] [tid:710404][NGXCubinGeneric::CreateBufferResource:822] CUBIN 1D alloc (dlfg_network_resource), m_allocCount=65, currentSize 0.0 MB, totalSize 48.6 MB

[2026-10-04 10:47:21] [tid:710404][ResourceName::getPublicName:679] ProductionResourceName: 'nv.ngx.dlssg.resource'

[2026-10-04 10:47:21] [tid:710404][NGXCubinD3D12::SetResourceName:1083] D3D12 SetResourceName: nv.ngx.dlssg.resource

[2026-10-04 10:47:21] [tid:710404][NGXCubinGeneric::CreateBufferResource:822] CUBIN 1D alloc (dlfg_network_resource), m_allocCount=66, currentSize 0.0 MB, totalSize 48.6 MB

[2026-10-04 10:47:21] [tid:710404][ResourceName::getPublicName:679] ProductionResourceName: 'nv.ngx.dlssg.resource'

[2026-10-04 10:47:21] [tid:710404][NGXCubinD3D12::SetResourceName:1083] D3D12 SetResourceName: nv.ngx.dlssg.resource

[2026-10-04 10:47:21] [tid:710404][NGXCubinGeneric::CreateBufferResource:822] CUBIN 1D alloc (dlfg_network_resource), m_allocCount=67, currentSize 0.3 MB, totalSize 48.9 MB

[2026-10-04 10:47:21] [tid:710404][ResourceName::getPublicName:679] ProductionResourceName: 'nv.ngx.dlssg.resource'

[2026-10-04 10:47:21] [tid:710404][NGXCubinD3D12::SetResourceName:1083] D3D12 SetResourceName: nv.ngx.dlssg.resource

[2026-10-04 10:47:21] [tid:710404][NGXCubinGeneric::CreateBufferResource:822] CUBIN 1D alloc (dlfg_network_resource), m_allocCount=68, currentSize 0.3 MB, totalSize 49.2 MB

[2026-10-04 10:47:21] [tid:710404][ResourceName::getPublicName:679] ProductionResourceName: 'nv.ngx.dlssg.resource'

[2026-10-04 10:47:21] [tid:710404][NGXCubinD3D12::SetResourceName:1083] D3D12 SetResourceName: nv.ngx.dlssg.resource

[2026-10-04 10:47:21] [tid:710404][NGXCubinGeneric::CreateBufferResource:822] CUBIN 1D alloc (dlfg_network_resource), m_allocCount=69, currentSize 0.6 MB, totalSize 49.7 MB

[2026-10-04 10:47:21] [tid:710404][ResourceName::getPublicName:679] ProductionResourceName: 'nv.ngx.dlssg.resource'

[2026-10-04 10:47:21] [tid:710404][NGXCubinD3D12::SetResourceName:1083] D3D12 SetResourceName: nv.ngx.dlssg.resource

[2026-10-04 10:47:21] [tid:710404][NGXCubinGeneric::CreateBufferResource:822] CUBIN 1D alloc (dlfg_network_resource), m_allocCount=70, currentSize 0.6 MB, totalSize 50.3 MB

[2026-10-04 10:47:21] [tid:710404][ResourceName::getPublicName:679] ProductionResourceName: 'nv.ngx.dlssg.resource'

[2026-10-04 10:47:21] [tid:710404][NGXCubinD3D12::SetResourceName:1083] D3D12 SetResourceName: nv.ngx.dlssg.resource

[2026-10-04 10:47:21] [tid:710404][NGXCubinGeneric::CreateBufferResource:822] CUBIN 1D alloc (dlfg_network_resource), m_allocCount=71, currentSize 1.1 MB, totalSize 51.4 MB

[2026-10-04 10:47:21] [tid:710404][ResourceName::getPublicName:679] ProductionResourceName: 'nv.ngx.dlssg.resource'

[2026-10-04 10:47:21] [tid:710404][NGXCubinD3D12::SetResourceName:1083] D3D12 SetResourceName: nv.ngx.dlssg.resource

[2026-10-04 10:47:21] [tid:710404][NGXCubinGeneric::CreateBufferResource:822] CUBIN 1D alloc (dlfg_network_resource), m_allocCount=72, currentSize 1.1 MB, totalSize 52.6 MB

[2026-10-04 10:47:21] [tid:710404][ResourceName::getPublicName:679] ProductionResourceName: 'nv.ngx.dlssg.resource'

[2026-10-04 10:47:21] [tid:710404][NGXCubinD3D12::SetResourceName:1083] D3D12 SetResourceName: nv.ngx.dlssg.resource

[2026-10-04 10:47:21] [tid:710404][NGXCubinGeneric::CreateBufferResource:822] CUBIN 1D alloc (dlfg_network_resource), m_allocCount=73, currentSize 0.5 MB, totalSize 53.1 MB

[2026-10-04 10:47:21] [tid:710404][ResourceName::getPublicName:679] ProductionResourceName: 'nv.ngx.dlssg.resource'

[2026-10-04 10:47:21] [tid:710404][NGXCubinD3D12::SetResourceName:1083] D3D12 SetResourceName: nv.ngx.dlssg.resource

[2026-10-04 10:47:21] [tid:710404][NGXCubinGeneric::CreateBufferResource:822] CUBIN 1D alloc (dlfg_network_resource), m_allocCount=74, currentSize 0.5 MB, totalSize 53.6 MB

[2026-10-04 10:47:21] [tid:710404][ResourceName::getPublicName:679] ProductionResourceName: 'nv.ngx.dlssg.resource'

[2026-10-04 10:47:21] [tid:710404][NGXCubinD3D12::SetResourceName:1083] D3D12 SetResourceName: nv.ngx.dlssg.resource

[2026-10-04 10:47:21] [tid:710404][NGXCubinGeneric::CreateBufferResource:822] CUBIN 1D alloc (dlfg_network_resource), m_allocCount=75, currentSize 0.5 MB, totalSize 54.1 MB

[2026-10-04 10:47:21] [tid:710404][ResourceName::getPublicName:679] ProductionResourceName: 'nv.ngx.dlssg.resource'

[2026-10-04 10:47:21] [tid:710404][NGXCubinD3D12::SetResourceName:1083] D3D12 SetResourceName: nv.ngx.dlssg.resource

[2026-10-04 10:47:21] [tid:710404][NGXCubinGeneric::CreateBufferResource:822] CUBIN 1D alloc (dlfg_network_resource), m_allocCount=76, currentSize 0.5 MB, totalSize 54.6 MB

[2026-10-04 10:47:21] [tid:710404][ResourceName::getPublicName:679] ProductionResourceName: 'nv.ngx.dlssg.resource'

[2026-10-04 10:47:21] [tid:710404][NGXCubinD3D12::SetResourceName:1083] D3D12 SetResourceName: nv.ngx.dlssg.resource

[2026-10-04 10:47:21] [tid:710404][NGXCubinGeneric::CreateBufferResource:822] CUBIN 1D alloc (dlfg_network_resource), m_allocCount=77, currentSize 0.3 MB, totalSize 54.9 MB

[2026-10-04 10:47:21] [tid:710404][ResourceName::getPublicName:679] ProductionResourceName: 'nv.ngx.dlssg.resource'

[2026-10-04 10:47:21] [tid:710404][NGXCubinD3D12::SetResourceName:1083] D3D12 SetResourceName: nv.ngx.dlssg.resource

[2026-10-04 10:47:21] [tid:710404][NGXCubinGeneric::CreateBufferResource:822] CUBIN 1D alloc (dlfg_network_resource), m_allocCount=78, currentSize 0.3 MB, totalSize 55.1 MB

[2026-10-04 10:47:21] [tid:710404][ResourceName::getPublicName:679] ProductionResourceName: 'nv.ngx.dlssg.resource'

[2026-10-04 10:47:21] [tid:710404][NGXCubinD3D12::SetResourceName:1083] D3D12 SetResourceName: nv.ngx.dlssg.resource

[2026-10-04 10:47:21] [tid:710404][NGXCubinGeneric::CreateBufferResource:822] CUBIN 1D alloc (dlfg_network_resource), m_allocCount=79, currentSize 0.1 MB, totalSize 55.3 MB

[2026-10-04 10:47:21] [tid:710404][ResourceName::getPublicName:679] ProductionResourceName: 'nv.ngx.dlssg.resource'

[2026-10-04 10:47:21] [tid:710404][NGXCubinD3D12::SetResourceName:1083] D3D12 SetResourceName: nv.ngx.dlssg.resource

[2026-10-04 10:47:21] [tid:710404][NGXCubinGeneric::CreateBufferResource:822] CUBIN 1D alloc (dlfg_network_resource), m_allocCount=80, currentSize 0.1 MB, totalSize 55.4 MB

[2026-10-04 10:47:21] [tid:710404][ResourceName::getPublicName:679] ProductionResourceName: 'nv.ngx.dlssg.resource'

[2026-10-04 10:47:21] [tid:710404][NGXCubinD3D12::SetResourceName:1083] D3D12 SetResourceName: nv.ngx.dlssg.resource

[2026-10-04 10:47:21] [tid:710404][NGXCubinGeneric::CreateBufferResource:822] CUBIN 1D alloc (dlfg_network_resource), m_allocCount=81, currentSize 0.1 MB, totalSize 55.5 MB

[2026-10-04 10:47:21] [tid:710404][ResourceName::getPublicName:679] ProductionResourceName: 'nv.ngx.dlssg.resource'

[2026-10-04 10:47:21] [tid:710404][NGXCubinD3D12::SetResourceName:1083] D3D12 SetResourceName: nv.ngx.dlssg.resource

[2026-10-04 10:47:21] [tid:710404][NGXCubinGeneric::CreateBufferResource:822] CUBIN 1D alloc (dlfg_network_resource), m_allocCount=82, currentSize 0.1 MB, totalSize 55.5 MB

[2026-10-04 10:47:21] [tid:710404][ResourceName::getPublicName:679] ProductionResourceName: 'nv.ngx.dlssg.resource'

[2026-10-04 10:47:21] [tid:710404][NGXCubinD3D12::SetResourceName:1083] D3D12 SetResourceName: nv.ngx.dlssg.resource

[2026-10-04 10:47:21] [tid:710404][NGXCubinGeneric::CreateBufferResource:822] CUBIN 1D alloc (dlfg_network_resource), m_allocCount=83, currentSize 0.1 MB, totalSize 55.6 MB

[2026-10-04 10:47:21] [tid:710404][ResourceName::getPublicName:679] ProductionResourceName: 'nv.ngx.dlssg.resource'

[2026-10-04 10:47:21] [tid:710404][NGXCubinD3D12::SetResourceName:1083] D3D12 SetResourceName: nv.ngx.dlssg.resource

[2026-10-04 10:47:21] [tid:710404][NGXCubinGeneric::CreateBufferResource:822] CUBIN 1D alloc (dlfg_network_resource), m_allocCount=84, currentSize 0.1 MB, totalSize 55.7 MB

[2026-10-04 10:47:21] [tid:710404][ResourceName::getPublicName:679] ProductionResourceName: 'nv.ngx.dlssg.resource'

[2026-10-04 10:47:21] [tid:710404][NGXCubinD3D12::SetResourceName:1083] D3D12 SetResourceName: nv.ngx.dlssg.resource

[2026-10-04 10:47:21] [tid:710404][NGXCubinGeneric::CreateBufferResource:822] CUBIN 1D alloc (dlfg_network_resource), m_allocCount=85, currentSize 0.1 MB, totalSize 55.7 MB

[2026-10-04 10:47:21] [tid:710404][ResourceName::getPublicName:679] ProductionResourceName: 'nv.ngx.dlssg.resource'

[2026-10-04 10:47:21] [tid:710404][NGXCubinD3D12::SetResourceName:1083] D3D12 SetResourceName: nv.ngx.dlssg.resource

[2026-10-04 10:47:21] [tid:710404][NGXCubinGeneric::CreateBufferResource:822] CUBIN 1D alloc (dlfg_network_resource), m_allocCount=86, currentSize 0.1 MB, totalSize 55.8 MB

[2026-10-04 10:47:21] [tid:710404][ResourceName::getPublicName:679] ProductionResourceName: 'nv.ngx.dlssg.resource'

[2026-10-04 10:47:21] [tid:710404][NGXCubinD3D12::SetResourceName:1083] D3D12 SetResourceName: nv.ngx.dlssg.resource

[2026-10-04 10:47:21] [tid:710404][NGXCubinGeneric::CreateBufferResource:822] CUBIN 1D alloc (dlfg_network_resource), m_allocCount=87, currentSize 0.0 MB, totalSize 55.8 MB

[2026-10-04 10:47:21] [tid:710404][ResourceName::getPublicName:679] ProductionResourceName: 'nv.ngx.dlssg.resource'

[2026-10-04 10:47:21] [tid:710404][NGXCubinD3D12::SetResourceName:1083] D3D12 SetResourceName: nv.ngx.dlssg.resource

[2026-10-04 10:47:21] [tid:710404][NGXCubinGeneric::CreateBufferResource:822] CUBIN 1D alloc (dlfg_network_resource), m_allocCount=88, currentSize 0.0 MB, totalSize 55.9 MB

[2026-10-04 10:47:21] [tid:710404][ResourceName::getPublicName:679] ProductionResourceName: 'nv.ngx.dlssg.resource'

[2026-10-04 10:47:21] [tid:710404][NGXCubinD3D12::SetResourceName:1083] D3D12 SetResourceName: nv.ngx.dlssg.resource

[2026-10-04 10:47:21] [tid:710404][NGXCubinGeneric::CreateBufferResource:822] CUBIN 1D alloc (dlfg_network_resource), m_allocCount=89, currentSize 0.0 MB, totalSize 55.9 MB

[2026-10-04 10:47:21] [tid:710404][ResourceName::getPublicName:679] ProductionResourceName: 'nv.ngx.dlssg.resource'

[2026-10-04 10:47:21] [tid:710404][NGXCubinD3D12::SetResourceName:1083] D3D12 SetResourceName: nv.ngx.dlssg.resource

[2026-10-04 10:47:21] [tid:710404][NGXCubinGeneric::CreateBufferResource:822] CUBIN 1D alloc (dlfg_network_resource), m_allocCount=90, currentSize 0.0 MB, totalSize 55.9 MB

[2026-10-04 10:47:21] [tid:710404][ResourceName::getPublicName:679] ProductionResourceName: 'nv.ngx.dlssg.resource'

[2026-10-04 10:47:21] [tid:710404][NGXCubinD3D12::SetResourceName:1083] D3D12 SetResourceName: nv.ngx.dlssg.resource

[2026-10-04 10:47:21] [tid:710404][NGXCubinGeneric::CreateBufferResource:822] CUBIN 1D alloc (dlfg_network_resource), m_allocCount=91, currentSize 0.0 MB, totalSize 55.9 MB

[2026-10-04 10:47:21] [tid:710404][ResourceName::getPublicName:679] ProductionResourceName: 'nv.ngx.dlssg.resource'

[2026-10-04 10:47:21] [tid:710404][NGXCubinD3D12::SetResourceName:1083] D3D12 SetResourceName: nv.ngx.dlssg.resource

[2026-10-04 10:47:21] [tid:710404][NGXCubinGeneric::CreateBufferResource:822] CUBIN 1D alloc (dlfg_network_resource), m_allocCount=92, currentSize 0.0 MB, totalSize 55.9 MB

[2026-10-04 10:47:21] [tid:710404][ResourceName::getPublicName:679] ProductionResourceName: 'nv.ngx.dlssg.resource'

[2026-10-04 10:47:21] [tid:710404][NGXCubinD3D12::SetResourceName:1083] D3D12 SetResourceName: nv.ngx.dlssg.resource

[2026-10-04 10:47:21] [tid:710404][NGXCubinGeneric::CreateBufferResource:822] CUBIN 1D alloc (dlfg_network_resource), m_allocCount=93, currentSize 0.0 MB, totalSize 55.9 MB

[2026-10-04 10:47:21] [tid:710404][ResourceName::getPublicName:679] ProductionResourceName: 'nv.ngx.dlssg.resource'

[2026-10-04 10:47:21] [tid:710404][NGXCubinD3D12::SetResourceName:1083] D3D12 SetResourceName: nv.ngx.dlssg.resource

[2026-10-04 10:47:21] [tid:710404][NGXCubinGeneric::CreateBufferResource:822] CUBIN 1D alloc (dlfg_network_resource), m_allocCount=94, currentSize 0.0 MB, totalSize 55.9 MB

[2026-10-04 10:47:21] [tid:710404][ResourceName::getPublicName:679] ProductionResourceName: 'nv.ngx.dlssg.resource'

[2026-10-04 10:47:21] [tid:710404][NGXCubinD3D12::SetResourceName:1083] D3D12 SetResourceName: nv.ngx.dlssg.resource

[2026-10-04 10:47:21] [tid:710404][NGXCubinGeneric::CreateBufferResource:822] CUBIN 1D alloc (dlfg_network_resource), m_allocCount=95, currentSize 0.0 MB, totalSize 55.9 MB

[2026-10-04 10:47:21] [tid:710404][ResourceName::getPublicName:679] ProductionResourceName: 'nv.ngx.dlssg.resource'

[2026-10-04 10:47:21] [tid:710404][NGXCubinD3D12::SetResourceName:1083] D3D12 SetResourceName: nv.ngx.dlssg.resource

[2026-10-04 10:47:21] [tid:710404][NGXCubinGeneric::CreateBufferResource:822] CUBIN 1D alloc (dlfg_network_resource), m_allocCount=96, currentSize 0.0 MB, totalSize 55.9 MB

[2026-10-04 10:47:21] [tid:710404][ResourceName::getPublicName:679] ProductionResourceName: 'nv.ngx.dlssg.resource'

[2026-10-04 10:47:21] [tid:710404][NGXCubinD3D12::SetResourceName:1083] D3D12 SetResourceName: nv.ngx.dlssg.resource

[2026-10-04 10:47:21] [tid:710404][NGXCubinGeneric::CreateBufferResource:822] CUBIN 1D alloc (dlfg_network_resource), m_allocCount=97, currentSize 7.9 MB, totalSize 63.8 MB

[2026-10-04 10:47:21] [tid:710404][ResourceName::getPublicName:679] ProductionResourceName: 'nv.ngx.dlssg.resource'

[2026-10-04 10:47:21] [tid:710404][NGXCubinD3D12::SetResourceName:1083] D3D12 SetResourceName: nv.ngx.dlssg.resource

[2026-10-04 10:47:21] [tid:710404][NGXCubinGeneric::CreateBufferResource:822] CUBIN 1D alloc (dlfg_network_resource), m_allocCount=98, currentSize 6.3 MB, totalSize 70.2 MB

[2026-10-04 10:47:21] [tid:710404][ResourceName::getPublicName:679] ProductionResourceName: 'nv.ngx.dlssg.resource'

[2026-10-04 10:47:21] [tid:710404][NGXCubinD3D12::SetResourceName:1083] D3D12 SetResourceName: nv.ngx.dlssg.resource

[2026-10-04 10:47:21] [tid:710404][NGXCubinGeneric::CreateBufferResource:822] CUBIN 1D alloc (dlfg_network_resource), m_allocCount=99, currentSize 3.2 MB, totalSize 73.3 MB

[2026-10-04 10:47:21] [tid:710404][ResourceName::getPublicName:679] ProductionResourceName: 'nv.ngx.dlssg.resource'

[2026-10-04 10:47:21] [tid:710404][NGXCubinD3D12::SetResourceName:1083] D3D12 SetResourceName: nv.ngx.dlssg.resource

[2026-10-04 10:47:21] [tid:710404][NGXCubinGeneric::CreateBufferResource:822] CUBIN 1D alloc (dlfg_network_resource), m_allocCount=100, currentSize 1.6 MB, totalSize 74.9 MB

[2026-10-04 10:47:21] [tid:710404][ResourceName::getPublicName:679] ProductionResourceName: 'nv.ngx.dlssg.resource'

[2026-10-04 10:47:21] [tid:710404][NGXCubinD3D12::SetResourceName:1083] D3D12 SetResourceName: nv.ngx.dlssg.resource

[2026-10-04 10:47:21] [tid:710404][NGXCubinGeneric::CreateBufferResource:822] CUBIN 1D alloc (dlfg_network_resource), m_allocCount=101, currentSize 3.2 MB, totalSize 78.1 MB

[2026-10-04 10:47:21] [tid:710404][ResourceName::getPublicName:679] ProductionResourceName: 'nv.ngx.dlssg.resource'

[2026-10-04 10:47:21] [tid:710404][NGXCubinD3D12::SetResourceName:1083] D3D12 SetResourceName: nv.ngx.dlssg.resource

[2026-10-04 10:47:21] [tid:710404][NGXCubinGeneric::CreateBufferResource:822] CUBIN 1D alloc (dlfg_network_resource), m_allocCount=102, currentSize 14.2 MB, totalSize 92.3 MB

[2026-10-04 10:47:21] [tid:710404][ResourceName::getPublicName:679] ProductionResourceName: 'nv.ngx.dlssg.resource'

[2026-10-04 10:47:21] [tid:710404][NGXCubinD3D12::SetResourceName:1083] D3D12 SetResourceName: nv.ngx.dlssg.resource

[2026-10-04 10:47:21] [tid:710404][NGXCubinGeneric::CreateBufferResource:822] CUBIN 1D alloc (dlfg_network_resource), m_allocCount=103, currentSize 2.4 MB, totalSize 94.7 MB

[2026-10-04 10:47:21] [tid:710404][ResourceName::getPublicName:679] ProductionResourceName: 'nv.ngx.dlssg.resource'

[2026-10-04 10:47:21] [tid:710404][NGXCubinD3D12::SetResourceName:1083] D3D12 SetResourceName: nv.ngx.dlssg.resource

[2026-10-04 10:47:21] [tid:710404][NGXCubinGeneric::CreateBufferResource:822] CUBIN 1D alloc (dlfg_network_resource), m_allocCount=104, currentSize 3.2 MB, totalSize 97.9 MB

[2026-10-04 10:47:21] [tid:710404][ResourceName::getPublicName:679] ProductionResourceName: 'nv.ngx.dlssg.resource'

[2026-10-04 10:47:21] [tid:710404][NGXCubinD3D12::SetResourceName:1083] D3D12 SetResourceName: nv.ngx.dlssg.resource

[2026-10-04 10:47:21] [tid:710404][NGXCubinGeneric::CreateBufferResource:822] CUBIN 1D alloc (dlfg_network_resource), m_allocCount=105, currentSize 3.2 MB, totalSize 101.0 MB

[2026-10-04 10:47:21] [tid:710404][ResourceName::getPublicName:679] ProductionResourceName: 'nv.ngx.dlssg.resource'

[2026-10-04 10:47:21] [tid:710404][NGXCubinD3D12::SetResourceName:1083] D3D12 SetResourceName: nv.ngx.dlssg.resource

[2026-10-04 10:47:21] [tid:710404][NGXCubinGeneric::CreateBufferResource:822] CUBIN 1D alloc (dlfg_network_resource), m_allocCount=106, currentSize 0.0 MB, totalSize 101.0 MB

[2026-10-04 10:47:21] [tid:710404][ResourceName::getPublicName:679] ProductionResourceName: 'nv.ngx.dlssg.resource'

[2026-10-04 10:47:21] [tid:710404][NGXCubinD3D12::SetResourceName:1083] D3D12 SetResourceName: nv.ngx.dlssg.resource

[2026-10-04 10:47:21] [tid:710404][NGXCubinGeneric::CreateBufferResource:822] CUBIN 1D alloc (dlfg_network_resource), m_allocCount=107, currentSize 0.0 MB, totalSize 101.0 MB

[2026-10-04 10:47:21] [tid:710404][ResourceName::getPublicName:679] ProductionResourceName: 'nv.ngx.dlssg.resource'

[2026-10-04 10:47:21] [tid:710404][NGXCubinD3D12::SetResourceName:1083] D3D12 SetResourceName: nv.ngx.dlssg.resource

[2026-10-04 10:47:21] [tid:710404][NGXCubinGeneric::CreateBufferResource:822] CUBIN 1D alloc (dlfg_network_resource), m_allocCount=108, currentSize 0.0 MB, totalSize 101.0 MB

[2026-10-04 10:47:21] [tid:710404][ResourceName::getPublicName:679] ProductionResourceName: 'nv.ngx.dlssg.resource'

[2026-10-04 10:47:21] [tid:710404][NGXCubinD3D12::SetResourceName:1083] D3D12 SetResourceName: nv.ngx.dlssg.resource

[2026-10-04 10:47:21] [tid:710404][NGXCubinGeneric::CreateBufferResource:822] CUBIN 1D alloc (dlfg_network_resource), m_allocCount=109, currentSize 0.0 MB, totalSize 101.0 MB

[2026-10-04 10:47:21] [tid:710404][ResourceName::getPublicName:679] ProductionResourceName: 'nv.ngx.dlssg.resource'

[2026-10-04 10:47:21] [tid:710404][NGXCubinD3D12::SetResourceName:1083] D3D12 SetResourceName: nv.ngx.dlssg.resource

[2026-10-04 10:47:21] [tid:710404][NGXCubinGeneric::CreateBufferResource:822] CUBIN 1D alloc (dlfg_network_resource), m_allocCount=110, currentSize 0.0 MB, totalSize 101.1 MB

[2026-10-04 10:47:21] [tid:710404][ResourceName::getPublicName:679] ProductionResourceName: 'nv.ngx.dlssg.resource'

[2026-10-04 10:47:21] [tid:710404][NGXCubinD3D12::SetResourceName:1083] D3D12 SetResourceName: nv.ngx.dlssg.resource

[2026-10-04 10:47:21] [tid:710404][NGXCubinGeneric::CreateBufferResource:822] CUBIN 1D alloc (dlfg_network_resource), m_allocCount=111, currentSize 0.0 MB, totalSize 101.1 MB

[2026-10-04 10:47:21] [tid:710404][ResourceName::getPublicName:679] ProductionResourceName: 'nv.ngx.dlssg.resource'

[2026-10-04 10:47:21] [tid:710404][NGXCubinD3D12::SetResourceName:1083] D3D12 SetResourceName: nv.ngx.dlssg.resource

[2026-10-04 10:47:21] [tid:710404][NGXCubinGeneric::CreateBufferResource:822] CUBIN 1D alloc (dlfg_network_resource), m_allocCount=112, currentSize 0.0 MB, totalSize 101.1 MB

[2026-10-04 10:47:21] [tid:710404][ResourceName::getPublicName:679] ProductionResourceName: 'nv.ngx.dlssg.resource'

[2026-10-04 10:47:21] [tid:710404][NGXCubinD3D12::SetResourceName:1083] D3D12 SetResourceName: nv.ngx.dlssg.resource

[2026-10-04 10:47:21] [tid:710404][NGXCubinGeneric::CreateBufferResource:822] CUBIN 1D alloc (dlfg_network_resource), m_allocCount=113, currentSize 0.0 MB, totalSize 101.1 MB

[2026-10-04 10:47:21] [tid:710404][ResourceName::getPublicName:679] ProductionResourceName: 'nv.ngx.dlssg.resource'

[2026-10-04 10:47:21] [tid:710404][NGXCubinD3D12::SetResourceName:1083] D3D12 SetResourceName: nv.ngx.dlssg.resource

[2026-10-04 10:47:21] [tid:710404][NGXCubinGeneric::CreateBufferResource:822] CUBIN 1D alloc (dlfg_network_resource), m_allocCount=114, currentSize 0.0 MB, totalSize 101.1 MB

[2026-10-04 10:47:21] [tid:710404][ResourceName::getPublicName:679] ProductionResourceName: 'nv.ngx.dlssg.resource'

[2026-10-04 10:47:21] [tid:710404][NGXCubinD3D12::SetResourceName:1083] D3D12 SetResourceName: nv.ngx.dlssg.resource

[2026-10-04 10:47:21] [tid:710404][NGXCubinGeneric::CreateBufferResource:822] CUBIN 1D alloc (dlfg_network_resource), m_allocCount=115, currentSize 0.0 MB, totalSize 101.1 MB

[2026-10-04 10:47:21] [tid:710404][ResourceName::getPublicName:679] ProductionResourceName: 'nv.ngx.dlssg.resource'

[2026-10-04 10:47:21] [tid:710404][NGXCubinD3D12::SetResourceName:1083] D3D12 SetResourceName: nv.ngx.dlssg.resource

[2026-10-04 10:47:21] [tid:710404][NGXCubinGeneric::CreateBufferResource:822] CUBIN 1D alloc (dlfg_network_resource), m_allocCount=116, currentSize 0.0 MB, totalSize 101.1 MB

[2026-10-04 10:47:21] [tid:710404][ResourceName::getPublicName:679] ProductionResourceName: 'nv.ngx.dlssg.resource'

[2026-10-04 10:47:21] [tid:710404][NGXCubinD3D12::SetResourceName:1083] D3D12 SetResourceName: nv.ngx.dlssg.resource

[2026-10-04 10:47:21] [tid:710404][NGXCubinGeneric::CreateBufferResource:822] CUBIN 1D alloc (dlfg_network_resource), m_allocCount=117, currentSize 0.0 MB, totalSize 101.1 MB

[2026-10-04 10:47:21] [tid:710404][ResourceName::getPublicName:679] ProductionResourceName: 'nv.ngx.dlssg.resource'

[2026-10-04 10:47:21] [tid:710404][NGXCubinD3D12::SetResourceName:1083] D3D12 SetResourceName: nv.ngx.dlssg.resource

[2026-10-04 10:47:21] [tid:710404][NGXCubinGeneric::CreateBufferResource:822] CUBIN 1D alloc (dlfg_network_resource), m_allocCount=118, currentSize 0.1 MB, totalSize 101.2 MB

[2026-10-04 10:47:21] [tid:710404][ResourceName::getPublicName:679] ProductionResourceName: 'nv.ngx.dlssg.resource'

[2026-10-04 10:47:21] [tid:710404][NGXCubinD3D12::SetResourceName:1083] D3D12 SetResourceName: nv.ngx.dlssg.resource

[2026-10-04 10:47:21] [tid:710404][NGXCubinGeneric::CreateBufferResource:822] CUBIN 1D alloc (dlfg_network_resource), m_allocCount=119, currentSize 0.1 MB, totalSize 101.3 MB

[2026-10-04 10:47:21] [tid:710404][ResourceName::getPublicName:679] ProductionResourceName: 'nv.ngx.dlssg.resource'

[2026-10-04 10:47:21] [tid:710404][NGXCubinD3D12::SetResourceName:1083] D3D12 SetResourceName: nv.ngx.dlssg.resource

[2026-10-04 10:47:21] [tid:710404][NGXCubinGeneric::CreateBufferResource:822] CUBIN 1D alloc (dlfg_network_resource), m_allocCount=120, currentSize 0.0 MB, totalSize 101.3 MB

[2026-10-04 10:47:21] [tid:710404][ResourceName::getPublicName:679] ProductionResourceName: 'nv.ngx.dlssg.resource'

[2026-10-04 10:47:21] [tid:710404][NGXCubinD3D12::SetResourceName:1083] D3D12 SetResourceName: nv.ngx.dlssg.resource

[2026-10-04 10:47:21] [tid:710404][NGXCubinGeneric::CreateBufferResource:822] CUBIN 1D alloc (dlfg_network_resource), m_allocCount=121, currentSize 0.0 MB, totalSize 101.3 MB

[2026-10-04 10:47:21] [tid:710404][ResourceName::getPublicName:679] ProductionResourceName: 'nv.ngx.dlssg.resource'

[2026-10-04 10:47:21] [tid:710404][NGXCubinD3D12::SetResourceName:1083] D3D12 SetResourceName: nv.ngx.dlssg.resource

[2026-10-04 10:47:21] [tid:710404][NGXCubinGeneric::CreateBufferResource:822] CUBIN 1D alloc (dlfg_network_resource), m_allocCount=122, currentSize 0.1 MB, totalSize 101.4 MB

[2026-10-04 10:47:21] [tid:710404][ResourceName::getPublicName:679] ProductionResourceName: 'nv.ngx.dlssg.resource'

[2026-10-04 10:47:21] [tid:710404][NGXCubinD3D12::SetResourceName:1083] D3D12 SetResourceName: nv.ngx.dlssg.resource

[2026-10-04 10:47:21] [tid:710404][NGXCubinGeneric::CreateBufferResource:822] CUBIN 1D alloc (dlfg_network_resource), m_allocCount=123, currentSize 0.1 MB, totalSize 101.4 MB

[2026-10-04 10:47:21] [tid:710404][ResourceName::getPublicName:679] ProductionResourceName: 'nv.ngx.dlssg.resource'

[2026-10-04 10:47:21] [tid:710404][NGXCubinD3D12::SetResourceName:1083] D3D12 SetResourceName: nv.ngx.dlssg.resource

[2026-10-04 10:47:21] [tid:710404][NGXCubinGeneric::CreateBufferResource:822] CUBIN 1D alloc (dlfg_network_resource), m_allocCount=124, currentSize 0.0 MB, totalSize 101.4 MB

[2026-10-04 10:47:21] [tid:710404][ResourceName::getPublicName:679] ProductionResourceName: 'nv.ngx.dlssg.resource'

[2026-10-04 10:47:21] [tid:710404][NGXCubinD3D12::SetResourceName:1083] D3D12 SetResourceName: nv.ngx.dlssg.resource

[2026-10-04 10:47:21] [tid:710404][NGXCubinGeneric::CreateBufferResource:822] CUBIN 1D alloc (dlfg_network_resource), m_allocCount=125, currentSize 0.0 MB, totalSize 101.4 MB

[2026-10-04 10:47:21] [tid:710404][ResourceName::getPublicName:679] ProductionResourceName: 'nv.ngx.dlssg.resource'

[2026-10-04 10:47:21] [tid:710404][NGXCubinD3D12::SetResourceName:1083] D3D12 SetResourceName: nv.ngx.dlssg.resource

[2026-10-04 10:47:21] [tid:710404][NGXCubinGeneric::CreateBufferResource:822] CUBIN 1D alloc (dlfg_network_resource), m_allocCount=126, currentSize 0.1 MB, totalSize 101.5 MB

[2026-10-04 10:47:21] [tid:710404][ResourceName::getPublicName:679] ProductionResourceName: 'nv.ngx.dlssg.resource'

[2026-10-04 10:47:21] [tid:710404][NGXCubinD3D12::SetResourceName:1083] D3D12 SetResourceName: nv.ngx.dlssg.resource

[2026-10-04 10:47:21] [tid:710404][NGXCubinGeneric::CreateBufferResource:822] CUBIN 1D alloc (dlfg_network_resource), m_allocCount=127, currentSize 0.1 MB, totalSize 101.6 MB

[2026-10-04 10:47:21] [tid:710404][ResourceName::getPublicName:679] ProductionResourceName: 'nv.ngx.dlssg.resource'

[2026-10-04 10:47:21] [tid:710404][NGXCubinD3D12::SetResourceName:1083] D3D12 SetResourceName: nv.ngx.dlssg.resource

[2026-10-04 10:47:21] [tid:710404][NGXCubinGeneric::CreateBufferResource:822] CUBIN 1D alloc (dlfg_network_resource), m_allocCount=128, currentSize 0.0 MB, totalSize 101.6 MB

[2026-10-04 10:47:21] [tid:710404][ResourceName::getPublicName:679] ProductionResourceName: 'nv.ngx.dlssg.resource'

[2026-10-04 10:47:21] [tid:710404][NGXCubinD3D12::SetResourceName:1083] D3D12 SetResourceName: nv.ngx.dlssg.resource

[2026-10-04 10:47:21] [tid:710404][NGXCubinGeneric::CreateBufferResource:822] CUBIN 1D alloc (dlfg_network_resource), m_allocCount=129, currentSize 0.0 MB, totalSize 101.6 MB

[2026-10-04 10:47:21] [tid:710404][ResourceName::getPublicName:679] ProductionResourceName: 'nv.ngx.dlssg.resource'

[2026-10-04 10:47:21] [tid:710404][NGXCubinD3D12::SetResourceName:1083] D3D12 SetResourceName: nv.ngx.dlssg.resource

[2026-10-04 10:47:21] [tid:710404][NGXCubinGeneric::CreateBufferResource:822] CUBIN 1D alloc (dlfg_network_resource), m_allocCount=130, currentSize 0.1 MB, totalSize 101.6 MB

[2026-10-04 10:47:21] [tid:710404][ResourceName::getPublicName:679] ProductionResourceName: 'nv.ngx.dlssg.resource'

[2026-10-04 10:47:21] [tid:710404][NGXCubinD3D12::SetResourceName:1083] D3D12 SetResourceName: nv.ngx.dlssg.resource

[2026-10-04 10:47:21] [tid:710404][NGXCubinGeneric::CreateBufferResource:822] CUBIN 1D alloc (dlfg_network_resource), m_allocCount=131, currentSize 0.1 MB, totalSize 101.7 MB

[2026-10-04 10:47:21] [tid:710404][ResourceName::getPublicName:679] ProductionResourceName: 'nv.ngx.dlssg.resource'

[2026-10-04 10:47:21] [tid:710404][NGXCubinD3D12::SetResourceName:1083] D3D12 SetResourceName: nv.ngx.dlssg.resource

[2026-10-04 10:47:21] [tid:710404][NGXCubinGeneric::CreateBufferResource:822] CUBIN 1D alloc (dlfg_network_resource), m_allocCount=132, currentSize 0.0 MB, totalSize 101.7 MB

[2026-10-04 10:47:21] [tid:710404][ResourceName::getPublicName:679] ProductionResourceName: 'nv.ngx.dlssg.resource'

[2026-10-04 10:47:21] [tid:710404][NGXCubinD3D12::SetResourceName:1083] D3D12 SetResourceName: nv.ngx.dlssg.resource

[2026-10-04 10:47:21] [tid:710404][NGXCubinGeneric::CreateBufferResource:822] CUBIN 1D alloc (dlfg_network_resource), m_allocCount=133, currentSize 0.0 MB, totalSize 101.7 MB

[2026-10-04 10:47:21] [tid:710404][ResourceName::getPublicName:679] ProductionResourceName: 'nv.ngx.dlssg.resource'

[2026-10-04 10:47:21] [tid:710404][NGXCubinD3D12::SetResourceName:1083] D3D12 SetResourceName: nv.ngx.dlssg.resource

[2026-10-04 10:47:21] [tid:710404][NGXCubinGeneric::CreateBufferResource:822] CUBIN 1D alloc (dlfg_network_resource), m_allocCount=134, currentSize 0.1 MB, totalSize 101.8 MB

[2026-10-04 10:47:21] [tid:710404][ResourceName::getPublicName:679] ProductionResourceName: 'nv.ngx.dlssg.resource'

[2026-10-04 10:47:21] [tid:710404][NGXCubinD3D12::SetResourceName:1083] D3D12 SetResourceName: nv.ngx.dlssg.resource

[2026-10-04 10:47:21] [tid:710404][NGXCubinGeneric::CreateBufferResource:822] CUBIN 1D alloc (dlfg_network_resource), m_allocCount=135, currentSize 0.1 MB, totalSize 101.8 MB

[2026-10-04 10:47:21] [tid:710404][ResourceName::getPublicName:679] ProductionResourceName: 'nv.ngx.dlssg.resource'

[2026-10-04 10:47:21] [tid:710404][NGXCubinD3D12::SetResourceName:1083] D3D12 SetResourceName: nv.ngx.dlssg.resource

[2026-10-04 10:47:21] [tid:710404][NGXCubinGeneric::CreateBufferResource:822] CUBIN 1D alloc (dlfg_network_resource), m_allocCount=136, currentSize 0.0 MB, totalSize 101.8 MB

[2026-10-04 10:47:21] [tid:710404][ResourceName::getPublicName:679] ProductionResourceName: 'nv.ngx.dlssg.resource'

[2026-10-04 10:47:21] [tid:710404][NGXCubinD3D12::SetResourceName:1083] D3D12 SetResourceName: nv.ngx.dlssg.resource

[2026-10-04 10:47:21] [tid:710404][NGXCubinGeneric::CreateBufferResource:822] CUBIN 1D alloc (dlfg_network_resource), m_allocCount=137, currentSize 0.0 MB, totalSize 101.8 MB

[2026-10-04 10:47:21] [tid:710404][ResourceName::getPublicName:679] ProductionResourceName: 'nv.ngx.dlssg.resource'

[2026-10-04 10:47:21] [tid:710404][NGXCubinD3D12::SetResourceName:1083] D3D12 SetResourceName: nv.ngx.dlssg.resource

[2026-10-04 10:47:21] [tid:710404][NGXCubinGeneric::CreateBufferResource:822] CUBIN 1D alloc (dlfg_network_resource), m_allocCount=138, currentSize 0.1 MB, totalSize 101.9 MB

[2026-10-04 10:47:21] [tid:710404][ResourceName::getPublicName:679] ProductionResourceName: 'nv.ngx.dlssg.resource'

[2026-10-04 10:47:21] [tid:710404][NGXCubinD3D12::SetResourceName:1083] D3D12 SetResourceName: nv.ngx.dlssg.resource

[2026-10-04 10:47:21] [tid:710404][NGXCubinGeneric::CreateBufferResource:822] CUBIN 1D alloc (dlfg_network_resource), m_allocCount=139, currentSize 0.1 MB, totalSize 102.0 MB

[2026-10-04 10:47:21] [tid:710404][ResourceName::getPublicName:679] ProductionResourceName: 'nv.ngx.dlssg.resource'

[2026-10-04 10:47:21] [tid:710404][NGXCubinD3D12::SetResourceName:1083] D3D12 SetResourceName: nv.ngx.dlssg.resource

[2026-10-04 10:47:21] [tid:710404][NGXCubinGeneric::CreateBufferResource:822] CUBIN 1D alloc (dlfg_network_resource), m_allocCount=140, currentSize 0.0 MB, totalSize 102.0 MB

[2026-10-04 10:47:21] [tid:710404][ResourceName::getPublicName:679] ProductionResourceName: 'nv.ngx.dlssg.resource'

[2026-10-04 10:47:21] [tid:710404][NGXCubinD3D12::SetResourceName:1083] D3D12 SetResourceName: nv.ngx.dlssg.resource

[2026-10-04 10:47:21] [tid:710404][NGXCubinGeneric::CreateBufferResource:822] CUBIN 1D alloc (dlfg_network_resource), m_allocCount=141, currentSize 0.0 MB, totalSize 102.0 MB

[2026-10-04 10:47:21] [tid:710404][ResourceName::getPublicName:679] ProductionResourceName: 'nv.ngx.dlssg.resource'

[2026-10-04 10:47:21] [tid:710404][NGXCubinD3D12::SetResourceName:1083] D3D12 SetResourceName: nv.ngx.dlssg.resource

[2026-10-04 10:47:21] [tid:710404][NGXCubinGeneric::CreateBufferResource:822] CUBIN 1D alloc (dlfg_network_resource), m_allocCount=142, currentSize 0.1 MB, totalSize 102.1 MB

[2026-10-04 10:47:21] [tid:710404][ResourceName::getPublicName:679] ProductionResourceName: 'nv.ngx.dlssg.resource'

[2026-10-04 10:47:21] [tid:710404][NGXCubinD3D12::SetResourceName:1083] D3D12 SetResourceName: nv.ngx.dlssg.resource

[2026-10-04 10:47:21] [tid:710404][NGXCubinGeneric::CreateBufferResource:822] CUBIN 1D alloc (dlfg_network_resource), m_allocCount=143, currentSize 0.1 MB, totalSize 102.1 MB

[2026-10-04 10:47:21] [tid:710404][ResourceName::getPublicName:679] ProductionResourceName: 'nv.ngx.dlssg.resource'

[2026-10-04 10:47:21] [tid:710404][NGXCubinD3D12::SetResourceName:1083] D3D12 SetResourceName: nv.ngx.dlssg.resource

[2026-10-04 10:47:21] [tid:710404][NGXCubinGeneric::CreateBufferResource:822] CUBIN 1D alloc (dlfg_network_resource), m_allocCount=144, currentSize 0.0 MB, totalSize 102.1 MB

[2026-10-04 10:47:21] [tid:710404][ResourceName::getPublicName:679] ProductionResourceName: 'nv.ngx.dlssg.resource'

[2026-10-04 10:47:21] [tid:710404][NGXCubinD3D12::SetResourceName:1083] D3D12 SetResourceName: nv.ngx.dlssg.resource

[2026-10-04 10:47:21] [tid:710404][NGXCubinGeneric::CreateBufferResource:822] CUBIN 1D alloc (dlfg_network_resource), m_allocCount=145, currentSize 0.0 MB, totalSize 102.1 MB

[2026-10-04 10:47:21] [tid:710404][ResourceName::getPublicName:679] ProductionResourceName: 'nv.ngx.dlssg.resource'

[2026-10-04 10:47:21] [tid:710404][NGXCubinD3D12::SetResourceName:1083] D3D12 SetResourceName: nv.ngx.dlssg.resource

[2026-10-04 10:47:21] [tid:710404][NGXCubinGeneric::CreateBufferResource:822] CUBIN 1D alloc (dlfg_network_resource), m_allocCount=146, currentSize 0.1 MB, totalSize 102.2 MB

[2026-10-04 10:47:21] [tid:710404][ResourceName::getPublicName:679] ProductionResourceName: 'nv.ngx.dlssg.resource'

[2026-10-04 10:47:21] [tid:710404][NGXCubinD3D12::SetResourceName:1083] D3D12 SetResourceName: nv.ngx.dlssg.resource

[2026-10-04 10:47:21] [tid:710404][NGXCubinGeneric::CreateBufferResource:822] CUBIN 1D alloc (dlfg_network_resource), m_allocCount=147, currentSize 0.1 MB, totalSize 102.3 MB

[2026-10-04 10:47:21] [tid:710404][ResourceName::getPublicName:679] ProductionResourceName: 'nv.ngx.dlssg.resource'

[2026-10-04 10:47:21] [tid:710404][NGXCubinD3D12::SetResourceName:1083] D3D12 SetResourceName: nv.ngx.dlssg.resource

[2026-10-04 10:47:21] [tid:710404][NGXCubinGeneric::CreateBufferResource:822] CUBIN 1D alloc (dlfg_network_resource), m_allocCount=148, currentSize 0.0 MB, totalSize 102.3 MB

[2026-10-04 10:47:21] [tid:710404][ResourceName::getPublicName:679] ProductionResourceName: 'nv.ngx.dlssg.resource'

[2026-10-04 10:47:21] [tid:710404][NGXCubinD3D12::SetResourceName:1083] D3D12 SetResourceName: nv.ngx.dlssg.resource

[2026-10-04 10:47:21] [tid:710404][NGXCubinGeneric::CreateBufferResource:822] CUBIN 1D alloc (dlfg_network_resource), m_allocCount=149, currentSize 0.0 MB, totalSize 102.3 MB

[2026-10-04 10:47:21] [tid:710404][ResourceName::getPublicName:679] ProductionResourceName: 'nv.ngx.dlssg.resource'

[2026-10-04 10:47:21] [tid:710404][NGXCubinD3D12::SetResourceName:1083] D3D12 SetResourceName: nv.ngx.dlssg.resource

[2026-10-04 10:47:21] [tid:710404][NGXCubinGeneric::CreateBufferResource:822] CUBIN 1D alloc (dlfg_network_resource), m_allocCount=150, currentSize 0.1 MB, totalSize 102.4 MB

[2026-10-04 10:47:21] [tid:710404][ResourceName::getPublicName:679] ProductionResourceName: 'nv.ngx.dlssg.resource'

[2026-10-04 10:47:21] [tid:710404][NGXCubinD3D12::SetResourceName:1083] D3D12 SetResourceName: nv.ngx.dlssg.resource

[2026-10-04 10:47:21] [tid:710404][NGXCubinGeneric::CreateBufferResource:822] CUBIN 1D alloc (dlfg_network_resource), m_allocCount=151, currentSize 0.1 MB, totalSize 102.5 MB

[2026-10-04 10:47:21] [tid:710404][ResourceName::getPublicName:679] ProductionResourceName: 'nv.ngx.dlssg.resource'

[2026-10-04 10:47:21] [tid:710404][NGXCubinD3D12::SetResourceName:1083] D3D12 SetResourceName: nv.ngx.dlssg.resource

[2026-10-04 10:47:21] [tid:710404][NGXCubinGeneric::CreateBufferResource:822] CUBIN 1D alloc (dlfg_network_resource), m_allocCount=152, currentSize 0.0 MB, totalSize 102.5 MB

[2026-10-04 10:47:21] [tid:710404][ResourceName::getPublicName:679] ProductionResourceName: 'nv.ngx.dlssg.resource'

[2026-10-04 10:47:21] [tid:710404][NGXCubinD3D12::SetResourceName:1083] D3D12 SetResourceName: nv.ngx.dlssg.resource

[2026-10-04 10:47:21] [tid:710404][NGXCubinGeneric::CreateBufferResource:822] CUBIN 1D alloc (dlfg_network_resource), m_allocCount=153, currentSize 0.0 MB, totalSize 102.5 MB

[2026-10-04 10:47:21] [tid:710404][ResourceName::getPublicName:679] ProductionResourceName: 'nv.ngx.dlssg.resource'

[2026-10-04 10:47:21] [tid:710404][NGXCubinD3D12::SetResourceName:1083] D3D12 SetResourceName: nv.ngx.dlssg.resource

[2026-10-04 10:47:21] [tid:710404][NGXCubinGeneric::CreateBufferResource:822] CUBIN 1D alloc (dlfg_network_resource), m_allocCount=154, currentSize 0.0 MB, totalSize 102.5 MB

[2026-10-04 10:47:21] [tid:710404][ResourceName::getPublicName:679] ProductionResourceName: 'nv.ngx.dlssg.resource'

[2026-10-04 10:47:21] [tid:710404][NGXCubinD3D12::SetResourceName:1083] D3D12 SetResourceName: nv.ngx.dlssg.resource

[2026-10-04 10:47:21] [tid:710404][NGXCubinGeneric::CreateBufferResource:822] CUBIN 1D alloc (dlfg_network_resource), m_allocCount=155, currentSize 0.0 MB, totalSize 102.5 MB

[2026-10-04 10:47:21] [tid:710404][ResourceName::getPublicName:679] ProductionResourceName: 'nv.ngx.dlssg.resource'

[2026-10-04 10:47:21] [tid:710404][NGXCubinD3D12::SetResourceName:1083] D3D12 SetResourceName: nv.ngx.dlssg.resource

[2026-10-04 10:47:21] [tid:710404][NGXCubinGeneric::CreateBufferResource:822] CUBIN 1D alloc (dlfg_network_resource), m_allocCount=156, currentSize 0.0 MB, totalSize 102.5 MB

[2026-10-04 10:47:21] [tid:710404][ResourceName::getPublicName:679] ProductionResourceName: 'nv.ngx.dlssg.resource'

[2026-10-04 10:47:21] [tid:710404][NGXCubinD3D12::SetResourceName:1083] D3D12 SetResourceName: nv.ngx.dlssg.resource

[2026-10-04 10:47:21] [tid:710404][NGXCubinGeneric::CreateBufferResource:822] CUBIN 1D alloc (dlfg_network_resource), m_allocCount=157, currentSize 0.0 MB, totalSize 102.5 MB

[2026-10-04 10:47:21] [tid:710404][ResourceName::getPublicName:679] ProductionResourceName: 'nv.ngx.dlssg.resource'

[2026-10-04 10:47:21] [tid:710404][NGXCubinD3D12::SetResourceName:1083] D3D12 SetResourceName: nv.ngx.dlssg.resource

[2026-10-04 10:47:21] [tid:710404][NGXCubinGeneric::CreateBufferResource:822] CUBIN 1D alloc (dlfg_network_resource), m_allocCount=158, currentSize 0.0 MB, totalSize 102.5 MB

[2026-10-04 10:47:21] [tid:710404][ResourceName::getPublicName:679] ProductionResourceName: 'nv.ngx.dlssg.resource'

[2026-10-04 10:47:21] [tid:710404][NGXCubinD3D12::SetResourceName:1083] D3D12 SetResourceName: nv.ngx.dlssg.resource

[2026-10-04 10:47:21] [tid:710404][NGXCubinGeneric::CreateBufferResource:822] CUBIN 1D alloc (dlfg_network_resource), m_allocCount=159, currentSize 0.0 MB, totalSize 102.5 MB

[2026-10-04 10:47:21] [tid:710404][ResourceName::getPublicName:679] ProductionResourceName: 'nv.ngx.dlssg.resource'

[2026-10-04 10:47:21] [tid:710404][NGXCubinD3D12::SetResourceName:1083] D3D12 SetResourceName: nv.ngx.dlssg.resource

[2026-10-04 10:47:21] [tid:710404][NGXCubinGeneric::CreateBufferResource:822] CUBIN 1D alloc (dlfg_network_resource), m_allocCount=160, currentSize 0.0 MB, totalSize 102.5 MB

[2026-10-04 10:47:21] [tid:710404][ResourceName::getPublicName:679] ProductionResourceName: 'nv.ngx.dlssg.resource'

[2026-10-04 10:47:21] [tid:710404][NGXCubinD3D12::SetResourceName:1083] D3D12 SetResourceName: nv.ngx.dlssg.resource

[2026-10-04 10:47:21] [tid:710404][NGXCubinGeneric::CreateBufferResource:822] CUBIN 1D alloc (dlfg_network_resource), m_allocCount=161, currentSize 0.0 MB, totalSize 102.5 MB

[2026-10-04 10:47:21] [tid:710404][ResourceName::getPublicName:679] ProductionResourceName: 'nv.ngx.dlssg.resource'

[2026-10-04 10:47:21] [tid:710404][NGXCubinD3D12::SetResourceName:1083] D3D12 SetResourceName: nv.ngx.dlssg.resource

[2026-10-04 10:47:21] [tid:710404][NGXCubinGeneric::CreateBufferResource:822] CUBIN 1D alloc (dlfg_network_resource), m_allocCount=162, currentSize 0.0 MB, totalSize 102.5 MB

[2026-10-04 10:47:21] [tid:710404][ResourceName::getPublicName:679] ProductionResourceName: 'nv.ngx.dlssg.resource'

[2026-10-04 10:47:21] [tid:710404][NGXCubinD3D12::SetResourceName:1083] D3D12 SetResourceName: nv.ngx.dlssg.resource

[2026-10-04 10:47:21] [tid:710404][NGXCubinGeneric::CreateBufferResource:822] CUBIN 1D alloc (dlfg_network_resource), m_allocCount=163, currentSize 0.0 MB, totalSize 102.5 MB

[2026-10-04 10:47:21] [tid:710404][ResourceName::getPublicName:679] ProductionResourceName: 'nv.ngx.dlssg.resource'

[2026-10-04 10:47:21] [tid:710404][NGXCubinD3D12::SetResourceName:1083] D3D12 SetResourceName: nv.ngx.dlssg.resource

[2026-10-04 10:47:21] [tid:710404][NGXCubinGeneric::CreateBufferResource:822] CUBIN 1D alloc (dlfg_network_resource), m_allocCount=164, currentSize 0.0 MB, totalSize 102.5 MB

[2026-10-04 10:47:21] [tid:710404][ResourceName::getPublicName:679] ProductionResourceName: 'nv.ngx.dlssg.resource'

[2026-10-04 10:47:21] [tid:710404][NGXCubinD3D12::SetResourceName:1083] D3D12 SetResourceName: nv.ngx.dlssg.resource

[2026-10-04 10:47:21] [tid:710404][NGXCubinGeneric::CreateBufferResource:822] CUBIN 1D alloc (dlfg_network_resource), m_allocCount=165, currentSize 0.0 MB, totalSize 102.5 MB

[2026-10-04 10:47:21] [tid:710404][ResourceName::getPublicName:679] ProductionResourceName: 'nv.ngx.dlssg.resource'

[2026-10-04 10:47:21] [tid:710404][NGXCubinD3D12::SetResourceName:1083] D3D12 SetResourceName: nv.ngx.dlssg.resource

[2026-10-04 10:47:21] [tid:710404][NGXCubinGeneric::CreateBufferResource:822] CUBIN 1D alloc (dlfg_network_resource), m_allocCount=166, currentSize 0.0 MB, totalSize 102.5 MB

[2026-10-04 10:47:21] [tid:710404][ResourceName::getPublicName:679] ProductionResourceName: 'nv.ngx.dlssg.resource'

[2026-10-04 10:47:21] [tid:710404][NGXCubinD3D12::SetResourceName:1083] D3D12 SetResourceName: nv.ngx.dlssg.resource

[2026-10-04 10:47:21] [tid:710404][NGXCubinGeneric::CreateBufferResource:822] CUBIN 1D alloc (dlfg_network_resource), m_allocCount=167, currentSize 0.0 MB, totalSize 102.6 MB

[2026-10-04 10:47:21] [tid:710404][ResourceName::getPublicName:679] ProductionResourceName: 'nv.ngx.dlssg.resource'

[2026-10-04 10:47:21] [tid:710404][NGXCubinD3D12::SetResourceName:1083] D3D12 SetResourceName: nv.ngx.dlssg.resource

[2026-10-04 10:47:21] [tid:710404][NGXCubinGeneric::CreateBufferResource:822] CUBIN 1D alloc (dlfg_network_resource), m_allocCount=168, currentSize 0.0 MB, totalSize 102.6 MB

[2026-10-04 10:47:21] [tid:710404][ResourceName::getPublicName:679] ProductionResourceName: 'nv.ngx.dlssg.resource'

[2026-10-04 10:47:21] [tid:710404][NGXCubinD3D12::SetResourceName:1083] D3D12 SetResourceName: nv.ngx.dlssg.resource

[2026-10-04 10:47:21] [tid:710404][NGXCubinGeneric::CreateBufferResource:822] CUBIN 1D alloc (dlfg_network_resource), m_allocCount=169, currentSize 0.0 MB, totalSize 102.6 MB

[2026-10-04 10:47:21] [tid:710404][ResourceName::getPublicName:679] ProductionResourceName: 'nv.ngx.dlssg.resource'

[2026-10-04 10:47:21] [tid:710404][NGXCubinD3D12::SetResourceName:1083] D3D12 SetResourceName: nv.ngx.dlssg.resource

[2026-10-04 10:47:21] [tid:710404][NGXCubinGeneric::CreateBufferResource:822] CUBIN 1D alloc (dlfg_network_resource), m_allocCount=170, currentSize 0.0 MB, totalSize 102.6 MB

[2026-10-04 10:47:21] [tid:710404][ResourceName::getPublicName:679] ProductionResourceName: 'nv.ngx.dlssg.resource'

[2026-10-04 10:47:21] [tid:710404][NGXCubinD3D12::SetResourceName:1083] D3D12 SetResourceName: nv.ngx.dlssg.resource

[2026-10-04 10:47:21] [tid:710404][NGXCubinGeneric::CreateBufferResource:822] CUBIN 1D alloc (dlfg_network_resource), m_allocCount=171, currentSize 0.0 MB, totalSize 102.6 MB

[2026-10-04 10:47:21] [tid:710404][ResourceName::getPublicName:679] ProductionResourceName: 'nv.ngx.dlssg.resource'

[2026-10-04 10:47:21] [tid:710404][NGXCubinD3D12::SetResourceName:1083] D3D12 SetResourceName: nv.ngx.dlssg.resource

[2026-10-04 10:47:21] [tid:710404][NGXCubinGeneric::CreateBufferResource:822] CUBIN 1D alloc (dlfg_network_resource), m_allocCount=172, currentSize 0.0 MB, totalSize 102.6 MB

[2026-10-04 10:47:21] [tid:710404][ResourceName::getPublicName:679] ProductionResourceName: 'nv.ngx.dlssg.resource'

[2026-10-04 10:47:21] [tid:710404][NGXCubinD3D12::SetResourceName:1083] D3D12 SetResourceName: nv.ngx.dlssg.resource

[2026-10-04 10:47:21] [tid:710404][NGXCubinGeneric::CreateBufferResource:822] CUBIN 1D alloc (dlfg_network_resource), m_allocCount=173, currentSize 0.0 MB, totalSize 102.6 MB

[2026-10-04 10:47:21] [tid:710404][ResourceName::getPublicName:679] ProductionResourceName: 'nv.ngx.dlssg.resource'

[2026-10-04 10:47:21] [tid:710404][NGXCubinD3D12::SetResourceName:1083] D3D12 SetResourceName: nv.ngx.dlssg.resource

[2026-10-04 10:47:21] [tid:710404][NGXCubinGeneric::CreateBufferResource:822] CUBIN 1D alloc (dlfg_network_resource), m_allocCount=174, currentSize 0.0 MB, totalSize 102.6 MB

[2026-10-04 10:47:21] [tid:710404][ResourceName::getPublicName:679] ProductionResourceName: 'nv.ngx.dlssg.resource'

[2026-10-04 10:47:21] [tid:710404][NGXCubinD3D12::SetResourceName:1083] D3D12 SetResourceName: nv.ngx.dlssg.resource

[2026-10-04 10:47:21] [tid:710404][NGXCubinGeneric::CreateBufferResource:822] CUBIN 1D alloc (dlfg_network_resource), m_allocCount=175, currentSize 0.0 MB, totalSize 102.6 MB

[2026-10-04 10:47:21] [tid:710404][ResourceName::getPublicName:679] ProductionResourceName: 'nv.ngx.dlssg.resource'

[2026-10-04 10:47:21] [tid:710404][NGXCubinD3D12::SetResourceName:1083] D3D12 SetResourceName: nv.ngx.dlssg.resource

[2026-10-04 10:47:21] [tid:710404][NGXCubinGeneric::CreateBufferResource:822] CUBIN 1D alloc (dlfg_network_resource), m_allocCount=176, currentSize 0.0 MB, totalSize 102.6 MB

[2026-10-04 10:47:21] [tid:710404][ResourceName::getPublicName:679] ProductionResourceName: 'nv.ngx.dlssg.resource'

[2026-10-04 10:47:21] [tid:710404][NGXCubinD3D12::SetResourceName:1083] D3D12 SetResourceName: nv.ngx.dlssg.resource

[2026-10-04 10:47:21] [tid:710404][NGXCubinGeneric::CreateBufferResource:822] CUBIN 1D alloc (dlfg_network_resource), m_allocCount=177, currentSize 0.0 MB, totalSize 102.6 MB

[2026-10-04 10:47:21] [tid:710404][ResourceName::getPublicName:679] ProductionResourceName: 'nv.ngx.dlssg.resource'

[2026-10-04 10:47:21] [tid:710404][NGXCubinD3D12::SetResourceName:1083] D3D12 SetResourceName: nv.ngx.dlssg.resource

[2026-10-04 10:47:21] [tid:710404][NGXCubinGeneric::CreateBufferResource:822] CUBIN 1D alloc (dlfg_network_resource), m_allocCount=178, currentSize 0.0 MB, totalSize 102.6 MB

[2026-10-04 10:47:21] [tid:710404][ResourceName::getPublicName:679] ProductionResourceName: 'nv.ngx.dlssg.resource'

[2026-10-04 10:47:21] [tid:710404][NGXCubinD3D12::SetResourceName:1083] D3D12 SetResourceName: nv.ngx.dlssg.resource

[2026-10-04 10:47:21] [tid:710404][NGXCubinGeneric::CreateBufferResource:822] CUBIN 1D alloc (dlfg_network_resource), m_allocCount=179, currentSize 0.0 MB, totalSize 102.7 MB

[2026-10-04 10:47:21] [tid:710404][ResourceName::getPublicName:679] ProductionResourceName: 'nv.ngx.dlssg.resource'

[2026-10-04 10:47:21] [tid:710404][NGXCubinD3D12::SetResourceName:1083] D3D12 SetResourceName: nv.ngx.dlssg.resource

[2026-10-04 10:47:21] [tid:710404][NGXCubinGeneric::CreateBufferResource:822] CUBIN 1D alloc (dlfg_network_resource), m_allocCount=180, currentSize 0.0 MB, totalSize 102.7 MB

[2026-10-04 10:47:21] [tid:710404][ResourceName::getPublicName:679] ProductionResourceName: 'nv.ngx.dlssg.resource'

[2026-10-04 10:47:21] [tid:710404][NGXCubinD3D12::SetResourceName:1083] D3D12 SetResourceName: nv.ngx.dlssg.resource

[2026-10-04 10:47:21] [tid:710404][NGXCubinGeneric::CreateBufferResource:822] CUBIN 1D alloc (dlfg_network_resource), m_allocCount=181, currentSize 0.0 MB, totalSize 102.7 MB

[2026-10-04 10:47:21] [tid:710404][ResourceName::getPublicName:679] ProductionResourceName: 'nv.ngx.dlssg.resource'

[2026-10-04 10:47:21] [tid:710404][NGXCubinD3D12::SetResourceName:1083] D3D12 SetResourceName: nv.ngx.dlssg.resource

[2026-10-04 10:47:21] [tid:710404][NGXCubinGeneric::CreateBufferResource:822] CUBIN 1D alloc (dlfg_network_resource), m_allocCount=182, currentSize 0.0 MB, totalSize 102.7 MB

[2026-10-04 10:47:21] [tid:710404][ResourceName::getPublicName:679] ProductionResourceName: 'nv.ngx.dlssg.resource'

[2026-10-04 10:47:21] [tid:710404][NGXCubinD3D12::SetResourceName:1083] D3D12 SetResourceName: nv.ngx.dlssg.resource

[2026-10-04 10:47:21] [tid:710404][NGXCubinGeneric::CreateBufferResource:822] CUBIN 1D alloc (dlfg_network_resource), m_allocCount=183, currentSize 0.0 MB, totalSize 102.7 MB

[2026-10-04 10:47:21] [tid:710404][ResourceName::getPublicName:679] ProductionResourceName: 'nv.ngx.dlssg.resource'

[2026-10-04 10:47:21] [tid:710404][NGXCubinD3D12::SetResourceName:1083] D3D12 SetResourceName: nv.ngx.dlssg.resource

[2026-10-04 10:47:21] [tid:710404][NGXCubinGeneric::CreateBufferResource:822] CUBIN 1D alloc (dlfg_network_resource), m_allocCount=184, currentSize 0.0 MB, totalSize 102.7 MB

[2026-10-04 10:47:21] [tid:710404][ResourceName::getPublicName:679] ProductionResourceName: 'nv.ngx.dlssg.resource'

[2026-10-04 10:47:21] [tid:710404][NGXCubinD3D12::SetResourceName:1083] D3D12 SetResourceName: nv.ngx.dlssg.resource

[2026-10-04 10:47:21] [tid:710404][NGXCubinGeneric::CreateBufferResource:822] CUBIN 1D alloc (dlfg_network_resource), m_allocCount=185, currentSize 0.0 MB, totalSize 102.7 MB

[2026-10-04 10:47:21] [tid:710404][ResourceName::getPublicName:679] ProductionResourceName: 'nv.ngx.dlssg.resource'

[2026-10-04 10:47:21] [tid:710404][NGXCubinD3D12::SetResourceName:1083] D3D12 SetResourceName: nv.ngx.dlssg.resource

[2026-10-04 10:47:21] [tid:710404][NGXCubinGeneric::CreateBufferResource:822] CUBIN 1D alloc (dlfg_network_resource), m_allocCount=186, currentSize 0.0 MB, totalSize 102.7 MB

[2026-10-04 10:47:21] [tid:710404][ResourceName::getPublicName:679] ProductionResourceName: 'nv.ngx.dlssg.resource'

[2026-10-04 10:47:21] [tid:710404][NGXCubinD3D12::SetResourceName:1083] D3D12 SetResourceName: nv.ngx.dlssg.resource

[2026-10-04 10:47:21] [tid:710404][NGXCubinGeneric::CreateBufferResource:822] CUBIN 1D alloc (dlfg_network_resource), m_allocCount=187, currentSize 0.0 MB, totalSize 102.7 MB

[2026-10-04 10:47:21] [tid:710404][ResourceName::getPublicName:679] ProductionResourceName: 'nv.ngx.dlssg.resource'

[2026-10-04 10:47:21] [tid:710404][NGXCubinD3D12::SetResourceName:1083] D3D12 SetResourceName: nv.ngx.dlssg.resource

[2026-10-04 10:47:21] [tid:710404][NGXCubinGeneric::CreateBufferResource:822] CUBIN 1D alloc (dlfg_network_resource), m_allocCount=188, currentSize 0.0 MB, totalSize 102.7 MB

[2026-10-04 10:47:21] [tid:710404][ResourceName::getPublicName:679] ProductionResourceName: 'nv.ngx.dlssg.resource'

[2026-10-04 10:47:21] [tid:710404][NGXCubinD3D12::SetResourceName:1083] D3D12 SetResourceName: nv.ngx.dlssg.resource

[2026-10-04 10:47:21] [tid:710404][NGXCubinGeneric::CreateBufferResource:822] CUBIN 1D alloc (dlfg_network_resource), m_allocCount=189, currentSize 0.0 MB, totalSize 102.7 MB

[2026-10-04 10:47:21] [tid:710404][ResourceName::getPublicName:679] ProductionResourceName: 'nv.ngx.dlssg.resource'

[2026-10-04 10:47:21] [tid:710404][NGXCubinD3D12::SetResourceName:1083] D3D12 SetResourceName: nv.ngx.dlssg.resource

[2026-10-04 10:47:21] [tid:710404][NGXCubinGeneric::CreateBufferResource:822] CUBIN 1D alloc (dlfg_network_resource), m_allocCount=190, currentSize 0.0 MB, totalSize 102.7 MB

[2026-10-04 10:47:21] [tid:710404][ResourceName::getPublicName:679] ProductionResourceName: 'nv.ngx.dlssg.resource'

[2026-10-04 10:47:21] [tid:710404][NGXCubinD3D12::SetResourceName:1083] D3D12 SetResourceName: nv.ngx.dlssg.resource

[2026-10-04 10:47:21] [tid:710404][NGXCubinGeneric::CreateBufferResource:822] CUBIN 1D alloc (dlfg_network_resource), m_allocCount=191, currentSize 0.0 MB, totalSize 102.8 MB

[2026-10-04 10:47:21] [tid:710404][ResourceName::getPublicName:679] ProductionResourceName: 'nv.ngx.dlssg.resource'

[2026-10-04 10:47:21] [tid:710404][NGXCubinD3D12::SetResourceName:1083] D3D12 SetResourceName: nv.ngx.dlssg.resource

[2026-10-04 10:47:21] [tid:710404][NGXCubinGeneric::CreateBufferResource:822] CUBIN 1D alloc (dlfg_network_resource), m_allocCount=192, currentSize 0.0 MB, totalSize 102.8 MB

[2026-10-04 10:47:21] [tid:710404][ResourceName::getPublicName:679] ProductionResourceName: 'nv.ngx.dlssg.resource'

[2026-10-04 10:47:21] [tid:710404][NGXCubinD3D12::SetResourceName:1083] D3D12 SetResourceName: nv.ngx.dlssg.resource

[2026-10-04 10:47:21] [tid:710404][NGXCubinGeneric::CreateBufferResource:822] CUBIN 1D alloc (dlfg_network_resource), m_allocCount=193, currentSize 0.0 MB, totalSize 102.8 MB

[2026-10-04 10:47:21] [tid:710404][ResourceName::getPublicName:679] ProductionResourceName: 'nv.ngx.dlssg.resource'

[2026-10-04 10:47:21] [tid:710404][NGXCubinD3D12::SetResourceName:1083] D3D12 SetResourceName: nv.ngx.dlssg.resource

[2026-10-04 10:47:21] [tid:710404][NGXCubinGeneric::CreateBufferResource:822] CUBIN 1D alloc (dlfg_network_resource), m_allocCount=194, currentSize 0.0 MB, totalSize 102.8 MB

[2026-10-04 10:47:21] [tid:710404][ResourceName::getPublicName:679] ProductionResourceName: 'nv.ngx.dlssg.resource'

[2026-10-04 10:47:21] [tid:710404][NGXCubinD3D12::SetResourceName:1083] D3D12 SetResourceName: nv.ngx.dlssg.resource

[2026-10-04 10:47:21] [tid:710404][NGXCubinGeneric::CreateBufferResource:822] CUBIN 1D alloc (dlfg_network_resource), m_allocCount=195, currentSize 0.0 MB, totalSize 102.8 MB

[2026-10-04 10:47:21] [tid:710404][ResourceName::getPublicName:679] ProductionResourceName: 'nv.ngx.dlssg.resource'

[2026-10-04 10:47:21] [tid:710404][NGXCubinD3D12::SetResourceName:1083] D3D12 SetResourceName: nv.ngx.dlssg.resource

[2026-10-04 10:47:21] [tid:710404][NGXCubinGeneric::CreateBufferResource:822] CUBIN 1D alloc (dlfg_network_resource), m_allocCount=196, currentSize 0.0 MB, totalSize 102.8 MB

[2026-10-04 10:47:21] [tid:710404][ResourceName::getPublicName:679] ProductionResourceName: 'nv.ngx.dlssg.resource'

[2026-10-04 10:47:21] [tid:710404][NGXCubinD3D12::SetResourceName:1083] D3D12 SetResourceName: nv.ngx.dlssg.resource

[2026-10-04 10:47:21] [tid:710404][NGXCubinGeneric::CreateBufferResource:822] CUBIN 1D alloc (dlfg_network_resource), m_allocCount=197, currentSize 0.0 MB, totalSize 102.8 MB

[2026-10-04 10:47:21] [tid:710404][ResourceName::getPublicName:679] ProductionResourceName: 'nv.ngx.dlssg.resource'

[2026-10-04 10:47:21] [tid:710404][NGXCubinD3D12::SetResourceName:1083] D3D12 SetResourceName: nv.ngx.dlssg.resource

[2026-10-04 10:47:21] [tid:710404][NGXCubinGeneric::CreateBufferResource:822] CUBIN 1D alloc (dlfg_network_resource), m_allocCount=198, currentSize 0.0 MB, totalSize 102.8 MB

[2026-10-04 10:47:21] [tid:710404][ResourceName::getPublicName:679] ProductionResourceName: 'nv.ngx.dlssg.resource'

[2026-10-04 10:47:21] [tid:710404][NGXCubinD3D12::SetResourceName:1083] D3D12 SetResourceName: nv.ngx.dlssg.resource

[2026-10-04 10:47:21] [tid:710404][NGXCubinGeneric::CreateBufferResource:822] CUBIN 1D alloc (dlfg_network_resource), m_allocCount=199, currentSize 0.0 MB, totalSize 102.9 MB

[2026-10-04 10:47:21] [tid:710404][ResourceName::getPublicName:679] ProductionResourceName: 'nv.ngx.dlssg.resource'

[2026-10-04 10:47:21] [tid:710404][NGXCubinD3D12::SetResourceName:1083] D3D12 SetResourceName: nv.ngx.dlssg.resource

[2026-10-04 10:47:21] [tid:710404][NGXCubinGeneric::CreateBufferResource:822] CUBIN 1D alloc (dlfg_network_resource), m_allocCount=200, currentSize 0.0 MB, totalSize 102.9 MB

[2026-10-04 10:47:21] [tid:710404][ResourceName::getPublicName:679] ProductionResourceName: 'nv.ngx.dlssg.resource'

[2026-10-04 10:47:21] [tid:710404][NGXCubinD3D12::SetResourceName:1083] D3D12 SetResourceName: nv.ngx.dlssg.resource

[2026-10-04 10:47:21] [tid:710404][NGXCubinGeneric::CreateBufferResource:822] CUBIN 1D alloc (dlfg_network_resource), m_allocCount=201, currentSize 0.0 MB, totalSize 102.9 MB

[2026-10-04 10:47:21] [tid:710404][ResourceName::getPublicName:679] ProductionResourceName: 'nv.ngx.dlssg.resource'

[2026-10-04 10:47:21] [tid:710404][NGXCubinD3D12::SetResourceName:1083] D3D12 SetResourceName: nv.ngx.dlssg.resource

[2026-10-04 10:47:21] [tid:710404][NGXCubinGeneric::CreateBufferResource:822] CUBIN 1D alloc (dlfg_network_resource), m_allocCount=202, currentSize 0.0 MB, totalSize 102.9 MB

[2026-10-04 10:47:21] [tid:710404][ResourceName::getPublicName:679] ProductionResourceName: 'nv.ngx.dlssg.resource'

[2026-10-04 10:47:21] [tid:710404][NGXCubinD3D12::SetResourceName:1083] D3D12 SetResourceName: nv.ngx.dlssg.resource

[2026-10-04 10:47:21] [tid:710404][NGXCubinGeneric::CreateBufferResource:822] CUBIN 1D alloc (dlfg_network_resource), m_allocCount=203, currentSize 0.0 MB, totalSize 102.9 MB

[2026-10-04 10:47:21] [tid:710404][ResourceName::getPublicName:679] ProductionResourceName: 'nv.ngx.dlssg.resource'

[2026-10-04 10:47:21] [tid:710404][NGXCubinD3D12::SetResourceName:1083] D3D12 SetResourceName: nv.ngx.dlssg.resource

[2026-10-04 10:47:21] [tid:710404][NGXCubinGeneric::CreateBufferResource:822] CUBIN 1D alloc (dlfg_network_resource), m_allocCount=204, currentSize 0.0 MB, totalSize 102.9 MB

[2026-10-04 10:47:21] [tid:710404][ResourceName::getPublicName:679] ProductionResourceName: 'nv.ngx.dlssg.resource'

[2026-10-04 10:47:21] [tid:710404][NGXCubinD3D12::SetResourceName:1083] D3D12 SetResourceName: nv.ngx.dlssg.resource

[2026-10-04 10:47:21] [tid:710404][NGXCubinGeneric::CreateBufferResource:822] CUBIN 1D alloc (dlfg_network_resource), m_allocCount=205, currentSize 0.0 MB, totalSize 102.9 MB

[2026-10-04 10:47:21] [tid:710404][ResourceName::getPublicName:679] ProductionResourceName: 'nv.ngx.dlssg.resource'

[2026-10-04 10:47:21] [tid:710404][NGXCubinD3D12::SetResourceName:1083] D3D12 SetResourceName: nv.ngx.dlssg.resource

[2026-10-04 10:47:21] [NGXStoreCallToCreateFeature:780] stored create feature dlssg handle 1

[2026-10-04 10:47:21] [tid:710404][NGXCubinGeneric::PushToDestroy:1142] Scheduled to destroy 0x254073eb3a0

[2026-10-04 10:47:21] [tid:710404][NGXCubinGeneric::PushToDestroy:1142] Scheduled to destroy 0x254073eea00

[2026-10-04 10:47:21] [tid:710404][NGXCubinGeneric::PushToDestroy:1142] Scheduled to destroy 0x254073eced0

[2026-10-04 10:47:21] [tid:710404][NGXCubinGeneric::PushToDestroy:1142] Scheduled to destroy 0x254073ec5c0

[2026-10-04 10:47:21] [tid:710404][NGXCubinGeneric::PushToDestroy:1142] Scheduled to destroy 0x254073ef310

[2026-10-04 10:47:21] [tid:710404][NGXCubinGeneric::PushToDestroy:1142] Scheduled to destroy 0x254073f0e40

[2026-10-04 10:47:21] [tid:710404][NGXCubinGeneric::PushToDestroy:1142] Scheduled to destroy 0x254079f58a0

[2026-10-04 10:47:21] [tid:710404][NGXCubinGeneric::PushToDestroy:1142] Scheduled to destroy 0x254075529c0

[2026-10-04 10:47:21] [tid:710404][NGXCubinGeneric::PushToDestroy:1142] Scheduled to destroy 0x254075544f0

[2026-10-04 10:47:21] [tid:710404][NGXCubinGeneric::PushToDestroy:1142] Scheduled to destroy 0x25407555710

[2026-10-04 10:47:21] [tid:710404][NGXCubinGeneric::PushToDestroy:1142] Scheduled to destroy 0x25407556020

[2026-10-04 10:47:21] [tid:710404][NGXCubinGeneric::PushToDestroy:1142] Scheduled to destroy 0x254075532d0

[2026-10-04 10:47:21] [tid:710404][NGXCubinGeneric::PushToDestroy:1142] Scheduled to destroy 0x25407557b50

[2026-10-04 10:47:21] [tid:710404][NGXCubinGeneric::PushToDestroy:1142] Scheduled to destroy 0x25407559680

[2026-10-04 10:47:21] [tid:710404][NGXCubinGeneric::PushToDestroy:1142] Scheduled to destroy 0x2541330bad0

[2026-10-04 10:47:21] [tid:710404][NGXCubinGeneric::PushToDestroy:1142] Scheduled to destroy 0x2541330a8b0

[2026-10-04 10:47:21] [tid:710404][NGXCubinGeneric::PushToDestroy:1142] Scheduled to destroy 0x2541330e820

[2026-10-04 10:47:21] [tid:710404][NGXCubinGeneric::PushToDestroy:1142] Scheduled to destroy 0x254161c3500

[2026-10-04 10:47:21] [tid:710404][NGXCubinGeneric::PushToDestroy:1142] Scheduled to destroy 0x254161c19d0

[2026-10-04 10:47:21] [tid:710404][NGXCubinGeneric::PushToDestroy:1142] Scheduled to destroy 0x254161c10c0

[2026-10-04 10:47:21] [tid:710404][NGXCubinGeneric::PushToDestroy:1142] Scheduled to destroy 0x254161c6250

[2026-10-04 10:47:21] [tid:710404][NGXCubinGeneric::PushToDestroy:1142] Scheduled to destroy 0x254161c7470

[2026-10-04 10:47:21] [tid:710404][NGXCubinGeneric::PushToDestroy:1142] Scheduled to destroy 0x254161c8690

[2026-10-04 10:47:21] [tid:710404][NGXCubinGeneric::PushToDestroy:1142] Scheduled to destroy 0x254161c5940

[2026-10-04 10:47:21] [tid:710404][NGXCubinGeneric::PushToDestroy:1142] Scheduled to destroy 0x25407396f30

[2026-10-04 10:47:21] [tid:710404][NGXCubinGeneric::PushToDestroy:1142] Scheduled to destroy 0x25407395400

[2026-10-04 10:47:21] [tid:710404][NGXCubinGeneric::PushToDestroy:1142] Scheduled to destroy 0x25407395d10

[2026-10-04 10:47:21] [tid:710404][NGXCubinGeneric::PushToDestroy:1142] Scheduled to destroy 0x25407397840

[2026-10-04 10:47:21] [tid:710404][NGXCubinGeneric::PushToDestroy:1142] Scheduled to destroy 0x25407398150

[2026-10-04 10:47:21] [tid:710404][NGXCubinGeneric::PushToDestroy:1142] Scheduled to destroy 0x254073f1750

[2026-10-04 10:47:21] [tid:710404][NGXCubinGeneric::PushToDestroy:1142] Scheduled to destroy 0x25407ef3510

[2026-10-04 10:47:21] [tid:710404][NGXCubinGeneric::PushToDestroy:1142] Scheduled to destroy 0x25407ef3e20

[2026-10-04 10:47:21] [tid:710404][NGXCubinGeneric::PushToDestroy:1142] Scheduled to destroy 0x25407ef10d0

[2026-10-04 10:47:21] [tid:710404][NGXCubinGeneric::PushToDestroy:1142] Scheduled to destroy 0x25407ef2c00

[2026-10-04 10:47:21] [tid:710404][NGXCubinGeneric::PushToDestroy:1142] Scheduled to destroy 0x25407ef5950

[2026-10-04 10:47:21] [tid:710404][NGXCubinGeneric::PushToDestroy:1142] Scheduled to destroy 0x25407ef6b70

[2026-10-04 10:47:21] [tid:710404][NGXCubinGeneric::PushToDestroy:1142] Scheduled to destroy 0x25407ef6260

[2026-10-04 10:47:21] [tid:710404][NGXCubinGeneric::PushToDestroy:1142] Scheduled to destroy 0x25407217ed0

[2026-10-04 10:47:21] [tid:710404][NGXCubinGeneric::PushToDestroy:1142] Scheduled to destroy 0x2540721a310

[2026-10-04 10:47:21] [tid:710404][NGXCubinGeneric::PushToDestroy:1142] Scheduled to destroy 0x2540721ac20

[2026-10-04 10:47:21] [tid:710404][NGXCubinGeneric::PushToDestroy:1142] Scheduled to destroy 0x254072175c0

[2026-10-04 10:47:21] [tid:710404][NGXCubinGeneric::PushToDestroy:1142] Scheduled to destroy 0x2540721be40

[2026-10-04 10:47:21] [tid:710404][NGXCubinGeneric::PushToDestroy:1142] Scheduled to destroy 0x2540721c750

[2026-10-04 10:47:21] [tid:710404][NGXCubinGeneric::PushToDestroy:1142] Scheduled to destroy 0x2540721d060

[2026-10-04 10:47:21] [tid:710404][NGXCubinGeneric::PushToDestroy:1142] Scheduled to destroy 0x25413075300

[2026-10-04 10:47:21] [tid:710404][NGXCubinGeneric::PushToDestroy:1142] Scheduled to destroy 0x25413079270

[2026-10-04 10:47:21] [tid:710404][NGXCubinGeneric::PushToDestroy:1142] Scheduled to destroy 0x25413078960

[2026-10-04 10:47:21] [tid:710404][NGXCubinGeneric::PushToDestroy:1142] Scheduled to destroy 0x253db9c4b50

[2026-10-04 10:47:21] [tid:710404][NGXCubinGeneric::PushToDestroy:1142] Scheduled to destroy 0x253db9c93d0

[2026-10-04 10:47:21] [tid:710404][NGXCubinGeneric::PushToDestroy:1142] Scheduled to destroy 0x253db9cb810

[2026-10-04 10:47:21] [tid:710404][NGXCubinGeneric::PushToDestroy:1142] Scheduled to destroy 0x253db9ca5f0

[2026-10-04 10:47:21] [tid:710404][NGXCubinGeneric::PushToDestroy:1142] Scheduled to destroy 0x253db9caf00

[2026-10-04 10:47:21] [tid:710404][NGXCubinGeneric::PushToDestroy:1142] Scheduled to destroy 0x2540797fa10

[2026-10-04 10:47:21] [tid:710404][NGXCubinGeneric::PushToDestroy:1142] Scheduled to destroy 0x25407980c30

[2026-10-04 10:47:21] [tid:710404][NGXCubinGeneric::PushToDestroy:1142] Scheduled to destroy 0x2540797dee0

[2026-10-04 10:47:21] [tid:710404][NGXCubinGeneric::PushToDestroy:1142] Scheduled to destroy 0x25407982760

[2026-10-04 10:47:21] [tid:710404][NGXCubinGeneric::PushToDestroy:1142] Scheduled to destroy 0x25413079b80

[2026-10-04 10:47:21] [tid:710404][NGXCubinGeneric::PushToDestroy:1142] Scheduled to destroy 0x2541307a490

[2026-10-04 10:47:21] [tid:710404][NGXCubinGeneric::PushToDestroy:1142] Scheduled to destroy 0x2540797f100

[2026-10-04 10:47:21] [tid:710404][NGXCubinGeneric::PushToDestroy:1142] Scheduled to destroy 0x2541307b6b0

[2026-10-04 10:47:21] [tid:710404][NGXCubinGeneric::PushToDestroy:1142] Scheduled to destroy 0x2541307c8d0

[2026-10-04 10:47:21] [tid:710404][NGXCubinGeneric::PushToDestroy:1142] Scheduled to destroy 0x254161ca2f0

[2026-10-04 10:47:21] [tid:710404][NGXCubinGeneric::PushToDestroy:1142] Scheduled to destroy 0x25407983980

[2026-10-04 10:47:21] [tid:710404][NGXCubinGeneric::PushToDestroy:1142] Scheduled to destroy 0x25407984290

[2026-10-04 10:47:21] [tid:710404][NGXCubinGeneric::PushToDestroy:1142] Scheduled to destroy 0x25407b8d6f0

[2026-10-04 10:47:21] [tid:710404][NGXCubinGeneric::PushToDestroy:1142] Scheduled to destroy 0x25407b8cde0

[2026-10-04 10:47:21] [tid:710404][NGXCubinGeneric::PushToDestroy:1142] Scheduled to destroy 0x25407b8bbc0

[2026-10-04 10:47:21] [TelemetrySessionDataHelper::SetTelemetryDataForHandle:1159] warning: snippet is using telemetry schema version 4.4, which is greater than the driver's last known version (4.2). Telemetry data may be incomplete.

[2026-10-04 10:47:21] [NGXSendTelemetryEvaluateDataV3:544] Sending Telemetry: DLSS-G Eval Data

[2026-10-04 10:47:21] [NGXSendTelemetryEvaluateDataV3:600] QualityMode = 6

[2026-10-04 10:47:21] [NGXSendTelemetryEvaluateDataV3:601] Width = 854

[2026-10-04 10:47:21] [NGXSendTelemetryEvaluateDataV3:602] Height = 480

[2026-10-04 10:47:21] [NGXSendTelemetryEvaluateDataV3:603] FullscreenMode = 0

[2026-10-04 10:47:21] [NGXSendTelemetryEvaluateDataV3:604] WeightName = convoluted_cat

[2026-10-04 10:47:21] [NGXSendTelemetryEvaluateDataV3:605] WeightVariantName = endpoint

[2026-10-04 10:47:21] [NGXSendTelemetryEvaluateDataV3:606] TargetFrameRate = 0.000000

[2026-10-04 10:47:21] [NGXSendTelemetryEvaluateDataV3:607] MultiFrameCount = 2

[2026-10-04 10:47:21] [NGXSendTelemetryEvaluateDataV3:608] HasHudless = 1

[2026-10-04 10:47:21] [NGXSendTelemetryEvaluateDataV3:609] HasAlphaUI = 0

[2026-10-04 10:47:21] [NGXSendTelemetryEvaluateDataV3:610] DepthInverted = 0

[2026-10-04 10:47:21] [NGXSendTelemetryEvaluateDataV3:611] MVJittered = 0

[2026-10-04 10:47:21] [NGXSendTelemetryEvaluateDataV3:613] LatewarpEnabled = 0

[2026-10-04 10:47:21] [NGXSendTelemetryEvaluateDataV3:614] MVHasCamera = 1

[2026-10-04 10:47:21] [NGXSendTelemetryEvaluateDataV3:615] MVDilated = 0

[2026-10-04 10:47:21] [NGXSendTelemetryEvaluateDataV3:616] SLFGMode = 0

[2026-10-04 10:47:21] [NGXSendTelemetryEvaluateDataV3:617] ColorExtentWidth = 854

[2026-10-04 10:47:21] [NGXSendTelemetryEvaluateDataV3:618] ColorExtentHeight = 480

[2026-10-04 10:47:21] [NGXSendTelemetryEvaluateDataV3:619] ColorExtentBaseX = 0

[2026-10-04 10:47:21] [NGXSendTelemetryEvaluateDataV3:620] ColorExtentBaseY = 0

[2026-10-04 10:47:21] [NGXSendTelemetryEvaluateDataV3:621] MVExtentWidth = 502

[2026-10-04 10:47:21] [NGXSendTelemetryEvaluateDataV3:622] MVExtentHeight = 282

[2026-10-04 10:47:21] [NGXSendTelemetryEvaluateDataV3:623] MVExtentBaseX = 0

[2026-10-04 10:47:21] [NGXSendTelemetryEvaluateDataV3:624] MVExtentBaseY = 0

[2026-10-04 10:47:21] [NGXSendTelemetryEvaluateDataV3:625] MVSubrectHeight = 0

[2026-10-04 10:47:21] [NGXSendTelemetryEvaluateDataV3:626] MVSubrectWidth = 0

[2026-10-04 10:47:21] [NGXSendTelemetryEvaluateDataV3:627] MenuDetectionMode = 2

[2026-10-04 10:47:21] [NGXSendTelemetryEvaluateDataV3:628] VRAMAllocated = 0

[2026-10-04 10:47:21] [NGXSendTelemetryEvaluateDataV3:875] appExeName = wisteria_dlssg_bridge-85657dd9db0d524f7a0be4ed231d087fd71b43e96aa83a18215f89df9eea5f45.dll

[2026-10-04 10:47:21] [NGXSendTelemetryEvaluateDataV3:876] drsProfileName = 

[2026-10-04 10:47:21] [NGXSendTelemetryEvaluateDataV3:877] drsName = 

[2026-10-04 10:47:21] [NGXSendTelemetryEvaluateDataV3:879] AppIdType = RENDERING_ENGINE

[2026-10-04 10:47:21] [NGXSendTelemetryEvaluateDataV3:880] ProjectId = 3e6891d2-09ac-4f54-ae8d-f481c3150d4b

[2026-10-04 10:47:21] [NGXSendTelemetryEvaluateDataV3:881] EngineVersion = 1.0.0

[2026-10-04 10:47:21] [NGXSendTelemetryEvaluateDataV3:882] EngineType = custom

[2026-10-04 10:47:21] [NGXSendTelemetryEvaluateDataV3:883] cmsId = 0

[2026-10-04 10:47:21] [NGXSendTelemetryEvaluateDataV3:884] gpuDeviceId = 9632

[2026-10-04 10:47:21] [NGXSendTelemetryEvaluateDataV3:885] gpuVendorId = 4318

[2026-10-04 10:47:21] [NGXSendTelemetryEvaluateDataV3:886] gpuSubSys = 979179434

[2026-10-04 10:47:21] [NGXSendTelemetryEvaluateDataV3:887] gpuRev = 161

[2026-10-04 10:47:21] [NGXSendTelemetryEvaluateDataV3:888] ngxSDKVersion = 1.5

[2026-10-04 10:47:21] [NGXSendTelemetryEvaluateDataV3:889] ngxCoreVersion = 1.4.0.0

[2026-10-04 10:47:21] [NGXSendTelemetryEvaluateDataV3:890] ngxFeatureVersion = 310.9.1

[2026-10-04 10:47:21] [NGXSendTelemetryEvaluateDataV3:891] displayDriverVersion = 596.49

[2026-10-04 10:47:21] [NGXSendTelemetryEvaluateDataV3:892] osVersion = 10.0.26100.9278

[2026-10-04 10:47:21] [NGXSendTelemetryEvaluateDataV3:893] APIType = 0

[2026-10-04 10:47:21] [NGXSendTelemetryEvaluateDataV3:894] GpuAPI = 2

[2026-10-04 10:47:21] [NGXSendTelemetryEvaluateDataV3:896] StreamlineVersion = 

[2026-10-04 10:47:21] [NGXSendTelemetryEvaluateDataV3:897] StreamlineGitSHA = 

[2026-10-04 10:47:21] [NGXSendTelemetryEvaluateDataV3:898] ExeModuleName = java.exe

[2026-10-04 10:47:21] [NGXSendTelemetryEvaluateDataV3:899] SnippetSchemaVer = 4.4

[2026-10-04 10:47:21] [NGXSendTelemetryEvaluateDataV3:905] -- END telemetry evaluate data --

[2026-10-04 10:54:11] [tid:710404][NGXCubinGeneric::PushToDestroy:1142] Scheduled to destroy 0x25407af9470

[2026-10-04 10:54:11] [tid:710404][NGXCubinGeneric::PushToDestroy:1142] Scheduled to destroy 0x25413a0a190

[2026-10-04 10:54:11] [tid:710404][NGXCubinGeneric::PushToDestroy:1142] Scheduled to destroy 0x25413a0be40

[2026-10-04 10:54:11] [tid:710404][NGXCubinGeneric::PushToDestroy:1142] Scheduled to destroy 0x25413a0ab20

[2026-10-04 10:54:11] [tid:710404][NGXCubinGeneric::PushToDestroy:1142] Scheduled to destroy 0x25413a0b4b0

[2026-10-04 10:54:11] [tid:710404][NGXCubinGeneric::PushToDestroy:1142] Scheduled to destroy 0x25413a0c7d0

[2026-10-04 10:54:11] [tid:710404][NGXCubinGeneric::PushToDestroy:1142] Scheduled to destroy 0x25413a0d160

[2026-10-04 10:54:11] [tid:710404][NGXCubinGeneric::PushToDestroy:1142] Scheduled to destroy 0x25413cf4b00

[2026-10-04 10:54:11] [tid:710404][NGXCubinGeneric::PushToDestroy:1142] Scheduled to destroy 0x25413cf4170

[2026-10-04 10:54:11] [tid:710404][NGXCubinGeneric::PushToDestroy:1142] Scheduled to destroy 0x25413cf5490

[2026-10-04 10:54:11] [tid:710404][NGXCubinGeneric::PushToDestroy:1142] Scheduled to destroy 0x2532a3870b0

[2026-10-04 10:54:11] [tid:710404][NGXCubinGeneric::PushToDestroy:1142] Scheduled to destroy 0x25413cf37e0

[2026-10-04 10:54:11] [tid:710404][NGXCubinGeneric::PushToDestroy:1142] Scheduled to destroy 0x25413cf8460

[2026-10-04 10:54:11] [tid:710404][NGXCubinGeneric::PushToDestroy:1142] Scheduled to destroy 0x25413cf8df0

[2026-10-04 10:54:11] [tid:710404][NGXCubinGeneric::PushToDestroy:1142] Scheduled to destroy 0x25413cf5e20

[2026-10-04 10:54:11] [tid:710404][NGXCubinGeneric::PushToDestroy:1142] Scheduled to destroy 0x25413cf9780

[2026-10-04 10:54:11] [tid:710404][NGXCubinGeneric::PushToDestroy:1142] Scheduled to destroy 0x25413cf67b0

[2026-10-04 10:54:11] [tid:710404][NGXCubinGeneric::PushToDestroy:1142] Scheduled to destroy 0x25413cf7140

[2026-10-04 10:54:11] [tid:710404][NGXCubinGeneric::PushToDestroy:1142] Scheduled to destroy 0x25413cfa110

[2026-10-04 10:54:11] [tid:710404][NGXCubinGeneric::PushToDestroy:1142] Scheduled to destroy 0x2532a389e00

[2026-10-04 10:54:11] [tid:710404][NGXCubinGeneric::PushToDestroy:1142] Scheduled to destroy 0x2532a3894f0

[2026-10-04 10:54:11] [tid:710404][NGXCubinGeneric::PushToDestroy:1142] Scheduled to destroy 0x2532a38b020

[2026-10-04 10:54:11] [tid:710404][NGXCubinGeneric::PushToDestroy:1142] Scheduled to destroy 0x2532a38b930

[2026-10-04 10:54:11] [tid:710404][NGXCubinGeneric::PushToDestroy:1142] Scheduled to destroy 0x25413cfaaa0

[2026-10-04 10:54:11] [tid:710404][NGXCubinGeneric::PushToDestroy:1142] Scheduled to destroy 0x25413cf7ad0

[2026-10-04 10:54:11] [tid:710404][NGXCubinGeneric::PushToDestroy:1142] Scheduled to destroy 0x25413765e50

[2026-10-04 10:54:11] [tid:710404][NGXCubinGeneric::PushToDestroy:1142] Scheduled to destroy 0x254137654c0

[2026-10-04 10:54:11] [tid:710404][NGXCubinGeneric::PushToDestroy:1142] Scheduled to destroy 0x25413762e80

[2026-10-04 10:54:11] [tid:710404][NGXCubinGeneric::PushToDestroy:1142] Scheduled to destroy 0x254137667e0

[2026-10-04 10:54:11] [tid:710404][NGXCubinGeneric::PushToDestroy:1142] Scheduled to destroy 0x25413763810

[2026-10-04 10:54:11] [tid:710404][NGXCubinGeneric::PushToDestroy:1142] Scheduled to destroy 0x25413767170

[2026-10-04 10:54:11] [tid:710404][NGXCubinGeneric::PushToDestroy:1142] Scheduled to destroy 0x254137641a0

[2026-10-04 10:54:11] [tid:710404][NGXCubinGeneric::PushToDestroy:1142] Scheduled to destroy 0x25413767b00

[2026-10-04 10:54:11] [tid:710404][NGXCubinGeneric::PushToDestroy:1142] Scheduled to destroy 0x25413764b30

[2026-10-04 10:54:11] [tid:710404][NGXCubinGeneric::PushToDestroy:1142] Scheduled to destroy 0x254137697b0

[2026-10-04 10:54:11] [tid:710404][NGXCubinGeneric::PushToDestroy:1142] Scheduled to destroy 0x2532a3882d0

[2026-10-04 10:54:11] [tid:710404][NGXCubinGeneric::PushToDestroy:1142] Scheduled to destroy 0x2532a38c240

[2026-10-04 10:54:11] [tid:710404][NGXCubinGeneric::PushToDestroy:1142] Scheduled to destroy 0x2532a388be0

[2026-10-04 10:54:11] [tid:710404][NGXCubinGeneric::PushToDestroy:1142] Scheduled to destroy 0x2532a38e680

[2026-10-04 10:54:11] [tid:710404][NGXCubinGeneric::PushToDestroy:1142] Scheduled to destroy 0x2532a38cb50

[2026-10-04 10:54:11] [tid:710404][NGXCubinGeneric::PushToDestroy:1142] Scheduled to destroy 0x2532a38d460

[2026-10-04 10:54:11] [tid:710404][NGXCubinGeneric::PushToDestroy:1142] Scheduled to destroy 0x2532a38dd70

[2026-10-04 10:54:11] [tid:710404][NGXCubinGeneric::PushToDestroy:1142] Scheduled to destroy 0x254074a0e40

[2026-10-04 10:54:11] [tid:710404][NGXCubinGeneric::PushToDestroy:1142] Scheduled to destroy 0x254074a0530

[2026-10-04 10:54:11] [tid:710404][NGXCubinGeneric::PushToDestroy:1142] Scheduled to destroy 0x254074a1750

[2026-10-04 10:54:11] [tid:710404][NGXCubinGeneric::PushToDestroy:1142] Scheduled to destroy 0x254074a2060

[2026-10-04 10:54:11] [tid:710404][NGXCubinGeneric::PushToDestroy:1142] Scheduled to destroy 0x2540749fc20

[2026-10-04 10:54:11] [tid:710404][NGXCubinGeneric::PushToDestroy:1142] Scheduled to destroy 0x254074a2970

[2026-10-04 10:54:11] [tid:710404][NGXCubinGeneric::PushToDestroy:1142] Scheduled to destroy 0x2540749f310

[2026-10-04 10:54:11] [tid:710404][NGXCubinGeneric::PushToDestroy:1142] Scheduled to destroy 0x254074a68e0

[2026-10-04 10:54:11] [tid:710404][NGXCubinGeneric::PushToDestroy:1142] Scheduled to destroy 0x254074a4db0

[2026-10-04 10:54:11] [tid:710404][NGXCubinGeneric::PushToDestroy:1142] Scheduled to destroy 0x254074a44a0

[2026-10-04 10:54:11] [tid:710404][NGXCubinGeneric::PushToDestroy:1142] Scheduled to destroy 0x254074a3280

[2026-10-04 10:54:11] [tid:710404][NGXCubinGeneric::PushToDestroy:1142] Scheduled to destroy 0x254074a5fd0

[2026-10-04 10:54:11] [tid:710404][NGXCubinGeneric::PushToDestroy:1142] Scheduled to destroy 0x254074a3b90

[2026-10-04 10:54:11] [tid:710404][NGXCubinGeneric::PushToDestroy:1142] Scheduled to destroy 0x254074a56c0

[2026-10-04 10:54:11] [tid:710404][NGXCubinGeneric::PushToDestroy:1142] Scheduled to destroy 0x254073fd820

[2026-10-04 10:54:11] [tid:710404][NGXCubinGeneric::PushToDestroy:1142] Scheduled to destroy 0x25407401790

[2026-10-04 10:54:11] [tid:710404][NGXCubinGeneric::PushToDestroy:1142] Scheduled to destroy 0x25407400e80

[2026-10-04 10:54:11] [tid:710404][NGXCubinGeneric::PushToDestroy:1142] Scheduled to destroy 0x254074020a0

[2026-10-04 10:54:11] [tid:710404][NGXCubinGeneric::PushToDestroy:1142] Scheduled to destroy 0x254073fea40

[2026-10-04 10:54:11] [tid:710404][NGXCubinGeneric::PushToDestroy:1142] Scheduled to destroy 0x254074029b0

[2026-10-04 10:54:11] [tid:710404][NGXCubinGeneric::PushToDestroy:1142] Scheduled to destroy 0x254073ebcb0

[2026-10-04 10:54:11] [tid:710404][NGXCubinGeneric::PushToDestroy:1142] Scheduled to destroy 0x254073ee0f0

[2026-10-04 10:54:11] [tid:710404][NGXCubinGeneric::PushToDestroy:1142] Scheduled to destroy 0x254073efc20

[2026-10-04 10:54:11] [tid:710404][NGXCubinGeneric::PushToDestroy:1142] Scheduled to destroy 0x254073ed7e0

[2026-10-04 10:54:11] [tid:710404][NGXCubinGeneric::PushToDestroy:1142] Scheduled to destroy 0x254073f2970

[2026-10-04 10:54:11] [tid:710404][NGXCubinGeneric::PushToDestroy:1142] Scheduled to destroy 0x254073f0530

[2026-10-04 10:54:11] [tid:710404][NGXCubinGeneric::PushToDestroy:1142] Scheduled to destroy 0x254079f4f90

[2026-10-04 10:54:11] [tid:710404][NGXCubinGeneric::PushToDestroy:1142] Scheduled to destroy 0x254079f61b0

[2026-10-04 10:54:11] [tid:710404][NGXCubinGeneric::PushToDestroy:1142] Scheduled to destroy 0x25407553be0

[2026-10-04 10:54:11] [tid:710404][NGXCubinGeneric::PushToDestroy:1142] Scheduled to destroy 0x25407554e00

[2026-10-04 10:54:11] [tid:710404][NGXCubinGeneric::PushToDestroy:1142] Scheduled to destroy 0x254075520b0

[2026-10-04 10:54:11] [tid:710404][NGXCubinGeneric::PushToDestroy:1142] Scheduled to destroy 0x25407556930

[2026-10-04 10:54:11] [tid:710404][NGXCubinGeneric::PushToDestroy:1142] Scheduled to destroy 0x25407558460

[2026-10-04 10:54:11] [tid:710404][NGXCubinGeneric::PushToDestroy:1142] Scheduled to destroy 0x25407558d70

[2026-10-04 10:54:11] [tid:710404][NGXCubinGeneric::PushToDestroy:1142] Scheduled to destroy 0x25407557240

[2026-10-04 10:54:11] [tid:710404][NGXCubinGeneric::PushToDestroy:1142] Scheduled to destroy 0x25413309fa0

[2026-10-04 10:54:11] [tid:710404][NGXCubinGeneric::PushToDestroy:1142] Scheduled to destroy 0x2541330d600

[2026-10-04 10:54:11] [tid:710404][NGXCubinGeneric::PushToDestroy:1142] Scheduled to destroy 0x2541330df10

[2026-10-04 10:54:11] [tid:710404][NGXCubinGeneric::PushToDestroy:1142] Scheduled to destroy 0x2541330b1c0

[2026-10-04 10:54:11] [tid:710404][NGXCubinGeneric::PushToDestroy:1142] Scheduled to destroy 0x2541330f130

[2026-10-04 10:54:11] [tid:710404][NGXCubinGeneric::PushToDestroy:1142] Scheduled to destroy 0x2541330fa40

[2026-10-04 10:54:11] [tid:710404][NGXCubinGeneric::PushToDestroy:1142] Scheduled to destroy 0x2541330c3e0

[2026-10-04 10:54:11] [tid:710404][NGXCubinGeneric::PushToDestroy:1142] Scheduled to destroy 0x25413310350

[2026-10-04 10:54:11] [tid:710404][NGXCubinGeneric::PushToDestroy:1142] Scheduled to destroy 0x2541330ccf0

[2026-10-04 10:54:11] [tid:710404][NGXCubinGeneric::PushToDestroy:1142] Scheduled to destroy 0x25413310c60

[2026-10-04 10:54:11] [tid:710404][NGXCubinGeneric::PushToDestroy:1142] Scheduled to destroy 0x25413311570

[2026-10-04 10:54:11] [tid:710404][NGXCubinGeneric::PushToDestroy:1142] Scheduled to destroy 0x254161c2bf0

[2026-10-04 10:54:11] [tid:710404][NGXCubinGeneric::PushToDestroy:1142] Scheduled to destroy 0x254161c22e0

[2026-10-04 10:54:11] [tid:710404][NGXCubinGeneric::PushToDestroy:1142] Scheduled to destroy 0x254161c4720

[2026-10-04 10:54:11] [tid:710404][NGXCubinGeneric::PushToDestroy:1142] Scheduled to destroy 0x254161c3e10

[2026-10-04 10:54:11] [tid:710404][NGXCubinGeneric::PushToDestroy:1142] Scheduled to destroy 0x254161c6b60

[2026-10-04 10:54:11] [tid:710404][NGXCubinGeneric::PushToDestroy:1142] Scheduled to destroy 0x254161c7d80

[2026-10-04 10:54:11] [tid:710404][NGXCubinGeneric::PushToDestroy:1142] Scheduled to destroy 0x254161c5030

[2026-10-04 10:54:11] [tid:710404][NGXCubinGeneric::PushToDestroy:1142] Scheduled to destroy 0x25407392fc0

[2026-10-04 10:54:11] [tid:710404][NGXCubinGeneric::PushToDestroy:1142] Scheduled to destroy 0x25407394af0

[2026-10-04 10:54:11] [tid:710404][NGXCubinGeneric::PushToDestroy:1142] Scheduled to destroy 0x25407396620

[2026-10-04 10:54:11] [tid:710404][NGXCubinGeneric::PushToDestroy:1142] Scheduled to destroy 0x254073938d0

[2026-10-04 10:54:11] [tid:710404][NGXCubinGeneric::PushToDestroy:1142] Scheduled to destroy 0x254073941e0

[2026-10-04 10:54:11] [tid:710404][NGXCubinGeneric::PushToDestroy:1142] Scheduled to destroy 0x25407398a60

[2026-10-04 10:54:11] [tid:710404][NGXCubinGeneric::PushToDestroy:1142] Scheduled to destroy 0x254073f2060

[2026-10-04 10:54:11] [tid:710404][NGXCubinGeneric::PushToDestroy:1142] Scheduled to destroy 0x25407eefeb0

[2026-10-04 10:54:11] [tid:710404][NGXCubinGeneric::PushToDestroy:1142] Scheduled to destroy 0x25407ef22f0

[2026-10-04 10:54:11] [tid:710404][NGXCubinGeneric::PushToDestroy:1142] Scheduled to destroy 0x25407ef19e0

[2026-10-04 10:54:11] [tid:710404][NGXCubinGeneric::PushToDestroy:1142] Scheduled to destroy 0x25407ef07c0

[2026-10-04 10:54:11] [tid:710404][NGXCubinGeneric::PushToDestroy:1142] Scheduled to destroy 0x25407ef4730

[2026-10-04 10:54:11] [tid:710404][NGXCubinGeneric::PushToDestroy:1142] Scheduled to destroy 0x25407ef5040

[2026-10-04 10:54:11] [tid:710404][NGXCubinGeneric::PushToDestroy:1142] Scheduled to destroy 0x25407ef7480

[2026-10-04 10:54:11] [tid:710404][NGXCubinGeneric::PushToDestroy:1142] Scheduled to destroy 0x25407219a00

[2026-10-04 10:54:11] [tid:710404][NGXCubinGeneric::PushToDestroy:1142] Scheduled to destroy 0x25407216cb0

[2026-10-04 10:54:11] [tid:710404][NGXCubinGeneric::PushToDestroy:1142] Scheduled to destroy 0x254072190f0

[2026-10-04 10:54:11] [tid:710404][NGXCubinGeneric::PushToDestroy:1142] Scheduled to destroy 0x2540721b530

[2026-10-04 10:54:11] [tid:710404][NGXCubinGeneric::PushToDestroy:1142] Scheduled to destroy 0x254072187e0

[2026-10-04 10:54:11] [tid:710404][NGXCubinGeneric::PushToDestroy:1142] Scheduled to destroy 0x2540721d970

[2026-10-04 10:54:11] [tid:710404][NGXCubinGeneric::PushToDestroy:1142] Scheduled to destroy 0x2540721e280

[2026-10-04 10:54:11] [tid:710404][NGXCubinGeneric::PushToDestroy:1142] Scheduled to destroy 0x25413076e30

[2026-10-04 10:54:11] [tid:710404][NGXCubinGeneric::PushToDestroy:1142] Scheduled to destroy 0x25413077740

[2026-10-04 10:54:11] [tid:710404][NGXCubinGeneric::PushToDestroy:1142] Scheduled to destroy 0x25413078050

[2026-10-04 10:54:11] [tid:710404][NGXCubinGeneric::PushToDestroy:1142] Scheduled to destroy 0x253db9c81b0

[2026-10-04 10:54:11] [tid:710404][NGXCubinGeneric::PushToDestroy:1142] Scheduled to destroy 0x253db9c5d70

[2026-10-04 10:54:11] [tid:710404][NGXCubinGeneric::PushToDestroy:1142] Scheduled to destroy 0x253db9c9ce0

[2026-10-04 10:54:11] [tid:710404][NGXCubinGeneric::PushToDestroy:1142] Scheduled to destroy 0x253db9c8ac0

[2026-10-04 10:54:11] [tid:710404][NGXCubinGeneric::PushToDestroy:1142] Scheduled to destroy 0x253da42ae30

[2026-10-04 10:54:11] [tid:710404][NGXCubinGeneric::PushToDestroy:1142] Scheduled to destroy 0x25407980320

[2026-10-04 10:54:11] [tid:710404][NGXCubinGeneric::PushToDestroy:1142] Scheduled to destroy 0x25407981540

[2026-10-04 10:54:11] [tid:710404][NGXCubinGeneric::PushToDestroy:1142] Scheduled to destroy 0x2540797e7f0

[2026-10-04 10:54:11] [tid:710404][NGXCubinGeneric::PushToDestroy:1142] Scheduled to destroy 0x25413075c10

[2026-10-04 10:54:11] [tid:710404][NGXCubinGeneric::PushToDestroy:1142] Scheduled to destroy 0x25413076520

[2026-10-04 10:54:11] [tid:710404][NGXCubinGeneric::PushToDestroy:1142] Scheduled to destroy 0x25407981e50

[2026-10-04 10:54:11] [tid:710404][NGXCubinGeneric::PushToDestroy:1142] Scheduled to destroy 0x2541307ada0

[2026-10-04 10:54:11] [tid:710404][NGXCubinGeneric::PushToDestroy:1142] Scheduled to destroy 0x2541307bfc0

[2026-10-04 10:54:11] [tid:710404][NGXCubinGeneric::PushToDestroy:1142] Scheduled to destroy 0x254161cbe20

[2026-10-04 10:54:11] [tid:710404][NGXCubinGeneric::PushToDestroy:1142] Scheduled to destroy 0x25407984ba0

[2026-10-04 10:54:11] [tid:710404][NGXCubinGeneric::PushToDestroy:1142] Scheduled to destroy 0x25407983070

[2026-10-04 10:54:11] [tid:710404][NGXCubinGeneric::PushToDestroy:1142] Scheduled to destroy 0x254079854b0

[2026-10-04 10:54:11] [tid:710404][NGXCubinGeneric::PushToDestroy:1142] Scheduled to destroy 0x25407b8a9a0

[2026-10-04 10:54:11] [tid:710404][NGXCubinGeneric::PushToDestroy:1142] Scheduled to destroy 0x25407b8b2b0

[2026-10-04 10:54:11] [tid:710404][NGXCubinGeneric::PushToDestroyIUnknown:1154] Scheduled to destroy IUnknown 0x253dd4ddab0

[2026-10-04 10:54:11] [tid:710404][NGXCubinGeneric::PushToDestroyIUnknown:1154] Scheduled to destroy IUnknown 0x253dd4dd980

[2026-10-04 10:54:11] [tid:710404][NGXCubinGeneric::CollectGarbage:1184] Releasing resource 0x0 (Unknown)

[2026-10-04 10:54:11] [tid:710404][NGXCubinGeneric::CollectGarbage:1184] Releasing resource 0x0 (Unknown)

[2026-10-04 10:54:11] [tid:710404][NGXCubinGeneric::CollectGarbage:1177] Releasing resource 0x254137697b0 (nv.ngx.dlssg.dlfg_resource)

[2026-10-04 10:54:11] [tid:710404][NGXCubinGeneric::CollectGarbage:1177] Releasing resource 0x254073eb3a0 (nv.ngx.dlssg.dlfg_network_resource)

[2026-10-04 10:54:11] [tid:710404][NGXCubinGeneric::CollectGarbage:1177] Releasing resource 0x254079f58a0 (nv.ngx.dlssg.dlfg_network_resource)

[2026-10-04 10:54:11] [tid:710404][NGXCubinGeneric::CollectGarbage:1177] Releasing resource 0x25407983980 (nv.ngx.dlssg.dlfg_network_resource)

[2026-10-04 10:54:11] [tid:710404][NGXCubinGeneric::CollectGarbage:1177] Releasing resource 0x254073ef310 (nv.ngx.dlssg.dlfg_network_resource)

[2026-10-04 10:54:11] [tid:710404][NGXCubinGeneric::CollectGarbage:1177] Releasing resource 0x254073eea00 (nv.ngx.dlssg.dlfg_network_resource)

[2026-10-04 10:54:11] [tid:710404][NGXCubinGeneric::CollectGarbage:1177] Releasing resource 0x25407ef5950 (nv.ngx.dlssg.dlfg_network_resource)

[2026-10-04 10:54:11] [tid:710404][NGXCubinGeneric::CollectGarbage:1177] Releasing resource 0x254073eced0 (nv.ngx.dlssg.dlfg_network_resource)

[2026-10-04 10:54:11] [tid:710404][NGXCubinGeneric::CollectGarbage:1177] Releasing resource 0x254073ec5c0 (nv.ngx.dlssg.dlfg_network_resource)

[2026-10-04 10:54:11] [tid:710404][NGXCubinGeneric::CollectGarbage:1177] Releasing resource 0x25407982760 (nv.ngx.dlssg.dlfg_network_resource)

[2026-10-04 10:54:11] [tid:710404][NGXCubinGeneric::CollectGarbage:1177] Releasing resource 0x25407ef3e20 (nv.ngx.dlssg.dlfg_network_resource)

[2026-10-04 10:54:11] [tid:710404][NGXCubinGeneric::CollectGarbage:1177] Releasing resource 0x254073f0e40 (nv.ngx.dlssg.dlfg_network_resource)

[2026-10-04 10:54:11] [tid:710404][NGXCubinGeneric::CollectGarbage:1177] Releasing resource 0x253db9c4b50 (nv.ngx.dlssg.dlfg_network_resource)

[2026-10-04 10:54:11] [tid:710404][NGXCubinGeneric::CollectGarbage:1177] Releasing resource 0x254075529c0 (nv.ngx.dlssg.dlfg_network_resource)

[2026-10-04 10:54:11] [tid:710404][NGXCubinGeneric::CollectGarbage:1177] Releasing resource 0x25407984ba0 (nv.ngx.dlssg.dlfg_network_resource)

[2026-10-04 10:54:11] [tid:710404][NGXCubinGeneric::CollectGarbage:1177] Releasing resource 0x253db9c8ac0 (nv.ngx.dlssg.dlfg_network_resource)

[2026-10-04 10:54:11] [tid:710404][NGXCubinGeneric::CollectGarbage:1177] Releasing resource 0x2540797dee0 (nv.ngx.dlssg.dlfg_network_resource)

[2026-10-04 10:54:11] [tid:710404][NGXCubinGeneric::CollectGarbage:1177] Releasing resource 0x254075544f0 (nv.ngx.dlssg.dlfg_network_resource)

[2026-10-04 10:54:11] [tid:710404][NGXCubinGeneric::CollectGarbage:1177] Releasing resource 0x253db9ca5f0 (nv.ngx.dlssg.dlfg_network_resource)

[2026-10-04 10:54:11] [tid:710404][NGXCubinGeneric::CollectGarbage:1177] Releasing resource 0x25407555710 (nv.ngx.dlssg.dlfg_network_resource)

[2026-10-04 10:54:11] [tid:710404][NGXCubinGeneric::CollectGarbage:1177] Releasing resource 0x25407216cb0 (nv.ngx.dlssg.dlfg_network_resource)

[2026-10-04 10:54:11] [tid:710404][NGXCubinGeneric::CollectGarbage:1177] Releasing resource 0x25407556020 (nv.ngx.dlssg.dlfg_network_resource)

[2026-10-04 10:54:11] [tid:710404][NGXCubinGeneric::CollectGarbage:1177] Releasing resource 0x2541307a490 (nv.ngx.dlssg.dlfg_network_resource)

[2026-10-04 10:54:11] [tid:710404][NGXCubinGeneric::CollectGarbage:1177] Releasing resource 0x2540721be40 (nv.ngx.dlssg.dlfg_network_resource)

[2026-10-04 10:54:11] [tid:710404][NGXCubinGeneric::CollectGarbage:1177] Releasing resource 0x254075532d0 (nv.ngx.dlssg.dlfg_network_resource)

[2026-10-04 10:54:11] [tid:710404][NGXCubinGeneric::CollectGarbage:1177] Releasing resource 0x254161c7470 (nv.ngx.dlssg.dlfg_network_resource)

[2026-10-04 10:54:11] [tid:710404][NGXCubinGeneric::CollectGarbage:1177] Releasing resource 0x25413cf7140 (nv.ngx.dlssg.dlfg_resource)

[2026-10-04 10:54:11] [tid:710404][NGXCubinGeneric::CollectGarbage:1177] Releasing resource 0x254161c19d0 (nv.ngx.dlssg.dlfg_network_resource)

[2026-10-04 10:54:11] [tid:710404][NGXCubinGeneric::CollectGarbage:1177] Releasing resource 0x254072187e0 (nv.ngx.dlssg.dlfg_network_resource)

[2026-10-04 10:54:11] [tid:710404][NGXCubinGeneric::CollectGarbage:1177] Releasing resource 0x2541330e820 (nv.ngx.dlssg.dlfg_network_resource)

[2026-10-04 10:54:11] [tid:710404][NGXCubinGeneric::CollectGarbage:1177] Releasing resource 0x25407557b50 (nv.ngx.dlssg.dlfg_network_resource)

[2026-10-04 10:54:11] [tid:710404][NGXCubinGeneric::CollectGarbage:1177] Releasing resource 0x25413764b30 (nv.ngx.dlssg.dlfg_resource)

[2026-10-04 10:54:11] [tid:710404][NGXCubinGeneric::CollectGarbage:1177] Releasing resource 0x25407559680 (nv.ngx.dlssg.dlfg_network_resource)

[2026-10-04 10:54:11] [tid:710404][NGXCubinGeneric::CollectGarbage:1177] Releasing resource 0x254073ee0f0 (nv.ngx.dlssg.dlfg_network_resource)

[2026-10-04 10:54:11] [tid:710404][NGXCubinGeneric::CollectGarbage:1177] Releasing resource 0x2541330bad0 (nv.ngx.dlssg.dlfg_network_resource)

[2026-10-04 10:54:11] [tid:710404][NGXCubinGeneric::CollectGarbage:1177] Releasing resource 0x254079854b0 (nv.ngx.dlssg.dlfg_network_resource)

[2026-10-04 10:54:11] [tid:710404][NGXCubinGeneric::CollectGarbage:1177] Releasing resource 0x254161c5940 (nv.ngx.dlssg.dlfg_network_resource)

[2026-10-04 10:54:11] [tid:710404][NGXCubinGeneric::CollectGarbage:1177] Releasing resource 0x25407553be0 (nv.ngx.dlssg.dlfg_network_resource)

[2026-10-04 10:54:11] [tid:710404][NGXCubinGeneric::CollectGarbage:1177] Releasing resource 0x2541330a8b0 (nv.ngx.dlssg.dlfg_network_resource)

[2026-10-04 10:54:11] [tid:710404][NGXCubinGeneric::CollectGarbage:1177] Releasing resource 0x254161c3500 (nv.ngx.dlssg.dlfg_network_resource)

[2026-10-04 10:54:11] [tid:710404][NGXCubinGeneric::CollectGarbage:1177] Releasing resource 0x254161c10c0 (nv.ngx.dlssg.dlfg_network_resource)

[2026-10-04 10:54:11] [tid:710404][NGXCubinGeneric::CollectGarbage:1177] Releasing resource 0x254161c6250 (nv.ngx.dlssg.dlfg_network_resource)

[2026-10-04 10:54:11] [tid:710404][NGXCubinGeneric::CollectGarbage:1177] Releasing resource 0x254161c8690 (nv.ngx.dlssg.dlfg_network_resource)

[2026-10-04 10:54:11] [tid:710404][NGXCubinGeneric::CollectGarbage:1177] Releasing resource 0x2540721c750 (nv.ngx.dlssg.dlfg_network_resource)

[2026-10-04 10:54:11] [tid:710404][NGXCubinGeneric::CollectGarbage:1177] Releasing resource 0x25407396f30 (nv.ngx.dlssg.dlfg_network_resource)

[2026-10-04 10:54:11] [tid:710404][NGXCubinGeneric::CollectGarbage:1177] Releasing resource 0x25407395400 (nv.ngx.dlssg.dlfg_network_resource)

[2026-10-04 10:54:11] [tid:710404][NGXCubinGeneric::CollectGarbage:1177] Releasing resource 0x25407395d10 (nv.ngx.dlssg.dlfg_network_resource)

[2026-10-04 10:54:11] [tid:710404][NGXCubinGeneric::CollectGarbage:1177] Releasing resource 0x25413079270 (nv.ngx.dlssg.dlfg_network_resource)

[2026-10-04 10:54:11] [tid:710404][NGXCubinGeneric::CollectGarbage:1177] Releasing resource 0x25413cfaaa0 (nv.ngx.dlssg.dlfg_resource)

[2026-10-04 10:54:11] [tid:710404][NGXCubinGeneric::CollectGarbage:1177] Releasing resource 0x2540721d060 (nv.ngx.dlssg.dlfg_network_resource)

[2026-10-04 10:54:11] [tid:710404][NGXCubinGeneric::CollectGarbage:1177] Releasing resource 0x25407397840 (nv.ngx.dlssg.dlfg_network_resource)

[2026-10-04 10:54:11] [tid:710404][NGXCubinGeneric::CollectGarbage:1177] Releasing resource 0x25407398150 (nv.ngx.dlssg.dlfg_network_resource)

[2026-10-04 10:54:11] [tid:710404][NGXCubinGeneric::CollectGarbage:1177] Releasing resource 0x254073f1750 (nv.ngx.dlssg.dlfg_network_resource)

[2026-10-04 10:54:11] [tid:710404][NGXCubinGeneric::CollectGarbage:1177] Releasing resource 0x25407980c30 (nv.ngx.dlssg.dlfg_network_resource)

[2026-10-04 10:54:11] [tid:710404][NGXCubinGeneric::CollectGarbage:1177] Releasing resource 0x253da42ae30 (nv.ngx.dlssg.dlfg_network_resource)

[2026-10-04 10:54:11] [tid:710404][NGXCubinGeneric::CollectGarbage:1177] Releasing resource 0x25407ef3510 (nv.ngx.dlssg.dlfg_network_resource)

[2026-10-04 10:54:11] [tid:710404][NGXCubinGeneric::CollectGarbage:1177] Releasing resource 0x25407ef10d0 (nv.ngx.dlssg.dlfg_network_resource)

[2026-10-04 10:54:11] [tid:710404][NGXCubinGeneric::CollectGarbage:1177] Releasing resource 0x25407ef2c00 (nv.ngx.dlssg.dlfg_network_resource)

[2026-10-04 10:54:11] [tid:710404][NGXCubinGeneric::CollectGarbage:1177] Releasing resource 0x25407ef6b70 (nv.ngx.dlssg.dlfg_network_resource)

[2026-10-04 10:54:11] [tid:710404][NGXCubinGeneric::CollectGarbage:1177] Releasing resource 0x2540721ac20 (nv.ngx.dlssg.dlfg_network_resource)

[2026-10-04 10:54:11] [tid:710404][NGXCubinGeneric::CollectGarbage:1177] Releasing resource 0x25407ef6260 (nv.ngx.dlssg.dlfg_network_resource)

[2026-10-04 10:54:11] [tid:710404][NGXCubinGeneric::CollectGarbage:1177] Releasing resource 0x25407217ed0 (nv.ngx.dlssg.dlfg_network_resource)

[2026-10-04 10:54:11] [tid:710404][NGXCubinGeneric::CollectGarbage:1177] Releasing resource 0x2540721a310 (nv.ngx.dlssg.dlfg_network_resource)

[2026-10-04 10:54:11] [tid:710404][NGXCubinGeneric::CollectGarbage:1177] Releasing resource 0x25413763810 (nv.ngx.dlssg.dlfg_resource)

[2026-10-04 10:54:11] [tid:710404][NGXCubinGeneric::CollectGarbage:1177] Releasing resource 0x254072175c0 (nv.ngx.dlssg.dlfg_network_resource)

[2026-10-04 10:54:11] [tid:710404][NGXCubinGeneric::CollectGarbage:1177] Releasing resource 0x253db9c93d0 (nv.ngx.dlssg.dlfg_network_resource)

[2026-10-04 10:54:11] [tid:710404][NGXCubinGeneric::CollectGarbage:1177] Releasing resource 0x25413075300 (nv.ngx.dlssg.dlfg_network_resource)

[2026-10-04 10:54:11] [tid:710404][NGXCubinGeneric::CollectGarbage:1177] Releasing resource 0x25407392fc0 (nv.ngx.dlssg.dlfg_network_resource)

[2026-10-04 10:54:11] [tid:710404][NGXCubinGeneric::CollectGarbage:1177] Releasing resource 0x25413078960 (nv.ngx.dlssg.dlfg_network_resource)

[2026-10-04 10:54:11] [tid:710404][NGXCubinGeneric::CollectGarbage:1177] Releasing resource 0x253db9cb810 (nv.ngx.dlssg.dlfg_network_resource)

[2026-10-04 10:54:11] [tid:710404][NGXCubinGeneric::CollectGarbage:1177] Releasing resource 0x253db9caf00 (nv.ngx.dlssg.dlfg_network_resource)

[2026-10-04 10:54:11] [tid:710404][NGXCubinGeneric::CollectGarbage:1177] Releasing resource 0x2540797fa10 (nv.ngx.dlssg.dlfg_network_resource)

[2026-10-04 10:54:11] [tid:710404][NGXCubinGeneric::CollectGarbage:1177] Releasing resource 0x25413079b80 (nv.ngx.dlssg.dlfg_network_resource)

[2026-10-04 10:54:11] [tid:710404][NGXCubinGeneric::CollectGarbage:1177] Releasing resource 0x2540797f100 (nv.ngx.dlssg.dlfg_network_resource)

[2026-10-04 10:54:11] [tid:710404][NGXCubinGeneric::CollectGarbage:1177] Releasing resource 0x254161ca2f0 (nv.ngx.dlssg.dlfg_network_resource)

[2026-10-04 10:54:11] [tid:710404][NGXCubinGeneric::CollectGarbage:1177] Releasing resource 0x2541307b6b0 (nv.ngx.dlssg.dlfg_network_resource)

[2026-10-04 10:54:11] [tid:710404][NGXCubinGeneric::CollectGarbage:1177] Releasing resource 0x2541307c8d0 (nv.ngx.dlssg.dlfg_network_resource)

[2026-10-04 10:54:11] [tid:710404][NGXCubinGeneric::CollectGarbage:1177] Releasing resource 0x25407984290 (nv.ngx.dlssg.dlfg_network_resource)

[2026-10-04 10:54:11] [tid:710404][NGXCubinGeneric::CollectGarbage:1177] Releasing resource 0x2540721d970 (nv.ngx.dlssg.dlfg_network_resource)

[2026-10-04 10:54:11] [tid:710404][NGXCubinGeneric::CollectGarbage:1177] Releasing resource 0x25407b8d6f0 (nv.ngx.dlssg.dlfg_network_resource)

[2026-10-04 10:54:11] [tid:710404][NGXCubinGeneric::CollectGarbage:1177] Releasing resource 0x25407b8cde0 (nv.ngx.dlssg.dlfg_network_resource)

[2026-10-04 10:54:11] [tid:710404][NGXCubinGeneric::CollectGarbage:1177] Releasing resource 0x25407b8bbc0 (nv.ngx.dlssg.dlfg_network_resource)

[2026-10-04 10:54:11] [tid:710404][NGXCubinGeneric::CollectGarbage:1177] Releasing resource 0x25413a0d160 (nv.ngx.dlssg.dlfg_resource)

[2026-10-04 10:54:11] [tid:710404][NGXCubinGeneric::CollectGarbage:1177] Releasing resource 0x25407af9470 (nv.ngx.dlssg.dlfg_resource)

[2026-10-04 10:54:11] [tid:710404][NGXCubinGeneric::CollectGarbage:1177] Releasing resource 0x25413a0a190 (nv.ngx.dlssg.dlfg_resource)

[2026-10-04 10:54:11] [tid:710404][NGXCubinGeneric::CollectGarbage:1177] Releasing resource 0x25413cf4b00 (nv.ngx.dlssg.dlfg_resource)

[2026-10-04 10:54:11] [tid:710404][NGXCubinGeneric::CollectGarbage:1177] Releasing resource 0x25413a0be40 (nv.ngx.dlssg.dlfg_resource)

[2026-10-04 10:54:11] [tid:710404][NGXCubinGeneric::CollectGarbage:1177] Releasing resource 0x25413a0ab20 (nv.ngx.dlssg.dlfg_resource)

[2026-10-04 10:54:11] [tid:710404][NGXCubinGeneric::CollectGarbage:1177] Releasing resource 0x25407ef19e0 (nv.ngx.dlssg.dlfg_network_resource)

[2026-10-04 10:54:11] [tid:710404][NGXCubinGeneric::CollectGarbage:1177] Releasing resource 0x25413a0b4b0 (nv.ngx.dlssg.dlfg_resource)

[2026-10-04 10:54:11] [tid:710404][NGXCubinGeneric::CollectGarbage:1177] Releasing resource 0x25413a0c7d0 (nv.ngx.dlssg.dlfg_resource)

[2026-10-04 10:54:11] [tid:710404][NGXCubinGeneric::CollectGarbage:1177] Releasing resource 0x25413cf4170 (nv.ngx.dlssg.dlfg_resource)

[2026-10-04 10:54:11] [tid:710404][NGXCubinGeneric::CollectGarbage:1177] Releasing resource 0x25413cf5490 (nv.ngx.dlssg.dlfg_resource)

[2026-10-04 10:54:11] [tid:710404][NGXCubinGeneric::CollectGarbage:1177] Releasing resource 0x2532a3870b0 (nv.ngx.dlssg.dlfg_resource)

[2026-10-04 10:54:11] [tid:710404][NGXCubinGeneric::CollectGarbage:1177] Releasing resource 0x2532a3882d0 (nv.ngx.dlssg.dlfg_resource)

[2026-10-04 10:54:11] [tid:710404][NGXCubinGeneric::CollectGarbage:1177] Releasing resource 0x25413cf37e0 (nv.ngx.dlssg.dlfg_resource)

[2026-10-04 10:54:11] [tid:710404][NGXCubinGeneric::CollectGarbage:1177] Releasing resource 0x25413cf8460 (nv.ngx.dlssg.dlfg_resource)

[2026-10-04 10:54:11] [tid:710404][NGXCubinGeneric::CollectGarbage:1177] Releasing resource 0x25413cf8df0 (nv.ngx.dlssg.dlfg_resource)

[2026-10-04 10:54:11] [tid:710404][NGXCubinGeneric::CollectGarbage:1177] Releasing resource 0x25413cf5e20 (nv.ngx.dlssg.dlfg_resource)

[2026-10-04 10:54:11] [tid:710404][NGXCubinGeneric::CollectGarbage:1177] Releasing resource 0x25413cf9780 (nv.ngx.dlssg.dlfg_resource)

[2026-10-04 10:54:11] [tid:710404][NGXCubinGeneric::CollectGarbage:1177] Releasing resource 0x25413cf67b0 (nv.ngx.dlssg.dlfg_resource)

[2026-10-04 10:54:11] [tid:710404][NGXCubinGeneric::CollectGarbage:1177] Releasing resource 0x25413cfa110 (nv.ngx.dlssg.dlfg_resource)

[2026-10-04 10:54:11] [tid:710404][NGXCubinGeneric::CollectGarbage:1177] Releasing resource 0x2532a389e00 (nv.ngx.dlssg.dlfg_resource)

[2026-10-04 10:54:11] [tid:710404][NGXCubinGeneric::CollectGarbage:1177] Releasing resource 0x2532a3894f0 (nv.ngx.dlssg.dlfg_resource)

[2026-10-04 10:54:11] [tid:710404][NGXCubinGeneric::CollectGarbage:1177] Releasing resource 0x2532a38b020 (nv.ngx.dlssg.dlfg_resource)

[2026-10-04 10:54:11] [tid:710404][NGXCubinGeneric::CollectGarbage:1177] Releasing resource 0x253db9c9ce0 (nv.ngx.dlssg.dlfg_network_resource)

[2026-10-04 10:54:11] [tid:710404][NGXCubinGeneric::CollectGarbage:1177] Releasing resource 0x2532a38b930 (nv.ngx.dlssg.dlfg_resource)

[2026-10-04 10:54:11] [tid:710404][NGXCubinGeneric::CollectGarbage:1177] Releasing resource 0x25413cf7ad0 (nv.ngx.dlssg.dlfg_resource)

[2026-10-04 10:54:11] [tid:710404][NGXCubinGeneric::CollectGarbage:1177] Releasing resource 0x2532a38d460 (nv.ngx.dlssg.dlfg_resource)

[2026-10-04 10:54:11] [tid:710404][NGXCubinGeneric::CollectGarbage:1177] Releasing resource 0x25413765e50 (nv.ngx.dlssg.dlfg_resource)

[2026-10-04 10:54:11] [tid:710404][NGXCubinGeneric::CollectGarbage:1177] Releasing resource 0x254137654c0 (nv.ngx.dlssg.dlfg_resource)

[2026-10-04 10:54:11] [tid:710404][NGXCubinGeneric::CollectGarbage:1177] Releasing resource 0x25413762e80 (nv.ngx.dlssg.dlfg_resource)

[2026-10-04 10:54:11] [tid:710404][NGXCubinGeneric::CollectGarbage:1177] Releasing resource 0x254137667e0 (nv.ngx.dlssg.dlfg_resource)

[2026-10-04 10:54:11] [tid:710404][NGXCubinGeneric::CollectGarbage:1177] Releasing resource 0x25413767170 (nv.ngx.dlssg.dlfg_resource)

[2026-10-04 10:54:11] [tid:710404][NGXCubinGeneric::CollectGarbage:1177] Releasing resource 0x254137641a0 (nv.ngx.dlssg.dlfg_resource)

[2026-10-04 10:54:11] [tid:710404][NGXCubinGeneric::CollectGarbage:1177] Releasing resource 0x25413767b00 (nv.ngx.dlssg.dlfg_resource)

[2026-10-04 10:54:11] [tid:710404][NGXCubinGeneric::CollectGarbage:1177] Releasing resource 0x2532a38c240 (nv.ngx.dlssg.dlfg_resource)

[2026-10-04 10:54:11] [tid:710404][NGXCubinGeneric::CollectGarbage:1177] Releasing resource 0x254161c22e0 (nv.ngx.dlssg.dlfg_network_resource)

[2026-10-04 10:54:11] [tid:710404][NGXCubinGeneric::CollectGarbage:1177] Releasing resource 0x2532a388be0 (nv.ngx.dlssg.dlfg_resource)

[2026-10-04 10:54:11] [tid:710404][NGXCubinGeneric::CollectGarbage:1177] Releasing resource 0x2540797e7f0 (nv.ngx.dlssg.dlfg_network_resource)

[2026-10-04 10:54:11] [tid:710404][NGXCubinGeneric::CollectGarbage:1177] Releasing resource 0x2532a38e680 (nv.ngx.dlssg.dlfg_resource)

[2026-10-04 10:54:11] [tid:710404][NGXCubinGeneric::CollectGarbage:1177] Releasing resource 0x2532a38cb50 (nv.ngx.dlssg.dlfg_resource)

[2026-10-04 10:54:11] [tid:710404][NGXCubinGeneric::CollectGarbage:1177] Releasing resource 0x2532a38dd70 (nv.ngx.dlssg.dlfg_resource)

[2026-10-04 10:54:11] [tid:710404][NGXCubinGeneric::CollectGarbage:1177] Releasing resource 0x254074a0e40 (nv.ngx.dlssg.dlfg_resource)

[2026-10-04 10:54:11] [tid:710404][NGXCubinGeneric::CollectGarbage:1177] Releasing resource 0x254161c3e10 (nv.ngx.dlssg.dlfg_network_resource)

[2026-10-04 10:54:11] [tid:710404][NGXCubinGeneric::CollectGarbage:1177] Releasing resource 0x254074a0530 (nv.ngx.dlssg.dlfg_resource)

[2026-10-04 10:54:11] [tid:710404][NGXCubinGeneric::CollectGarbage:1177] Releasing resource 0x254074a1750 (nv.ngx.dlssg.dlfg_resource)

[2026-10-04 10:54:11] [tid:710404][NGXCubinGeneric::CollectGarbage:1177] Releasing resource 0x254074a2060 (nv.ngx.dlssg.dlfg_resource)

[2026-10-04 10:54:11] [tid:710404][NGXCubinGeneric::CollectGarbage:1177] Releasing resource 0x2540749fc20 (nv.ngx.dlssg.dlfg_resource)

[2026-10-04 10:54:11] [tid:710404][NGXCubinGeneric::CollectGarbage:1177] Releasing resource 0x254074a2970 (nv.ngx.dlssg.dlfg_resource)

[2026-10-04 10:54:11] [tid:710404][NGXCubinGeneric::CollectGarbage:1177] Releasing resource 0x2540749f310 (nv.ngx.dlssg.dlfg_resource)

[2026-10-04 10:54:11] [tid:710404][NGXCubinGeneric::CollectGarbage:1177] Releasing resource 0x254074a68e0 (nv.ngx.dlssg.dlfg_resource)

[2026-10-04 10:54:11] [tid:710404][NGXCubinGeneric::CollectGarbage:1177] Releasing resource 0x254074a4db0 (nv.ngx.dlssg.dlfg_resource)

[2026-10-04 10:54:11] [tid:710404][NGXCubinGeneric::CollectGarbage:1177] Releasing resource 0x254074a44a0 (nv.ngx.dlssg.dlfg_resource)

[2026-10-04 10:54:11] [tid:710404][NGXCubinGeneric::CollectGarbage:1177] Releasing resource 0x254074a3280 (nv.ngx.dlssg.dlfg_resource)

[2026-10-04 10:54:11] [tid:710404][NGXCubinGeneric::CollectGarbage:1177] Releasing resource 0x254074a5fd0 (nv.ngx.dlssg.dlfg_resource)

[2026-10-04 10:54:11] [tid:710404][NGXCubinGeneric::CollectGarbage:1177] Releasing resource 0x254074a3b90 (nv.ngx.dlssg.dlfg_resource)

[2026-10-04 10:54:11] [tid:710404][NGXCubinGeneric::CollectGarbage:1177] Releasing resource 0x254074a56c0 (nv.ngx.dlssg.dlfg_network_resource)

[2026-10-04 10:54:11] [tid:710404][NGXCubinGeneric::CollectGarbage:1177] Releasing resource 0x254073fd820 (nv.ngx.dlssg.dlfg_network_resource)

[2026-10-04 10:54:11] [tid:710404][NGXCubinGeneric::CollectGarbage:1177] Releasing resource 0x25407401790 (nv.ngx.dlssg.dlfg_network_resource)

[2026-10-04 10:54:11] [tid:710404][NGXCubinGeneric::CollectGarbage:1177] Releasing resource 0x25407400e80 (nv.ngx.dlssg.dlfg_network_resource)

[2026-10-04 10:54:11] [tid:710404][NGXCubinGeneric::CollectGarbage:1177] Releasing resource 0x254074020a0 (nv.ngx.dlssg.dlfg_network_resource)

[2026-10-04 10:54:11] [tid:710404][NGXCubinGeneric::CollectGarbage:1177] Releasing resource 0x254073fea40 (nv.ngx.dlssg.dlfg_network_resource)

[2026-10-04 10:54:11] [tid:710404][NGXCubinGeneric::CollectGarbage:1177] Releasing resource 0x254074029b0 (nv.ngx.dlssg.dlfg_network_resource)

[2026-10-04 10:54:11] [tid:710404][NGXCubinGeneric::CollectGarbage:1177] Releasing resource 0x254073ebcb0 (nv.ngx.dlssg.dlfg_network_resource)

[2026-10-04 10:54:11] [tid:710404][NGXCubinGeneric::CollectGarbage:1177] Releasing resource 0x254073efc20 (nv.ngx.dlssg.dlfg_network_resource)

[2026-10-04 10:54:11] [tid:710404][NGXCubinGeneric::CollectGarbage:1177] Releasing resource 0x254161c5030 (nv.ngx.dlssg.dlfg_network_resource)

[2026-10-04 10:54:11] [tid:710404][NGXCubinGeneric::CollectGarbage:1177] Releasing resource 0x254073ed7e0 (nv.ngx.dlssg.dlfg_network_resource)

[2026-10-04 10:54:11] [tid:710404][NGXCubinGeneric::CollectGarbage:1177] Releasing resource 0x25407eefeb0 (nv.ngx.dlssg.dlfg_network_resource)

[2026-10-04 10:54:11] [tid:710404][NGXCubinGeneric::CollectGarbage:1177] Releasing resource 0x254073f2970 (nv.ngx.dlssg.dlfg_network_resource)

[2026-10-04 10:54:11] [tid:710404][NGXCubinGeneric::CollectGarbage:1177] Releasing resource 0x254073f0530 (nv.ngx.dlssg.dlfg_network_resource)

[2026-10-04 10:54:11] [tid:710404][NGXCubinGeneric::CollectGarbage:1177] Releasing resource 0x254079f4f90 (nv.ngx.dlssg.dlfg_network_resource)

[2026-10-04 10:54:11] [tid:710404][NGXCubinGeneric::CollectGarbage:1177] Releasing resource 0x254079f61b0 (nv.ngx.dlssg.dlfg_network_resource)

[2026-10-04 10:54:11] [tid:710404][NGXCubinGeneric::CollectGarbage:1177] Releasing resource 0x25407554e00 (nv.ngx.dlssg.dlfg_network_resource)

[2026-10-04 10:54:11] [tid:710404][NGXCubinGeneric::CollectGarbage:1177] Releasing resource 0x254075520b0 (nv.ngx.dlssg.dlfg_network_resource)

[2026-10-04 10:54:11] [tid:710404][NGXCubinGeneric::CollectGarbage:1177] Releasing resource 0x25407ef07c0 (nv.ngx.dlssg.dlfg_network_resource)

[2026-10-04 10:54:11] [tid:710404][NGXCubinGeneric::CollectGarbage:1177] Releasing resource 0x25407556930 (nv.ngx.dlssg.dlfg_network_resource)

[2026-10-04 10:54:11] [tid:710404][NGXCubinGeneric::CollectGarbage:1177] Releasing resource 0x25407558460 (nv.ngx.dlssg.dlfg_network_resource)

[2026-10-04 10:54:11] [tid:710404][NGXCubinGeneric::CollectGarbage:1177] Releasing resource 0x25407558d70 (nv.ngx.dlssg.dlfg_network_resource)

[2026-10-04 10:54:11] [tid:710404][NGXCubinGeneric::CollectGarbage:1177] Releasing resource 0x25407557240 (nv.ngx.dlssg.dlfg_network_resource)

[2026-10-04 10:54:11] [tid:710404][NGXCubinGeneric::CollectGarbage:1177] Releasing resource 0x25413309fa0 (nv.ngx.dlssg.dlfg_network_resource)

[2026-10-04 10:54:11] [tid:710404][NGXCubinGeneric::CollectGarbage:1177] Releasing resource 0x2541330d600 (nv.ngx.dlssg.dlfg_network_resource)

[2026-10-04 10:54:11] [tid:710404][NGXCubinGeneric::CollectGarbage:1177] Releasing resource 0x2541330df10 (nv.ngx.dlssg.dlfg_network_resource)

[2026-10-04 10:54:11] [tid:710404][NGXCubinGeneric::CollectGarbage:1177] Releasing resource 0x2541330b1c0 (nv.ngx.dlssg.dlfg_network_resource)

[2026-10-04 10:54:11] [tid:710404][NGXCubinGeneric::CollectGarbage:1177] Releasing resource 0x2541330f130 (nv.ngx.dlssg.dlfg_network_resource)

[2026-10-04 10:54:11] [tid:710404][NGXCubinGeneric::CollectGarbage:1177] Releasing resource 0x2541330fa40 (nv.ngx.dlssg.dlfg_network_resource)

[2026-10-04 10:54:11] [tid:710404][NGXCubinGeneric::CollectGarbage:1177] Releasing resource 0x2541330c3e0 (nv.ngx.dlssg.dlfg_network_resource)

[2026-10-04 10:54:11] [tid:710404][NGXCubinGeneric::CollectGarbage:1177] Releasing resource 0x25413310350 (nv.ngx.dlssg.dlfg_network_resource)

[2026-10-04 10:54:11] [tid:710404][NGXCubinGeneric::CollectGarbage:1177] Releasing resource 0x2541330ccf0 (nv.ngx.dlssg.dlfg_network_resource)

[2026-10-04 10:54:11] [tid:710404][NGXCubinGeneric::CollectGarbage:1177] Releasing resource 0x25413310c60 (nv.ngx.dlssg.dlfg_network_resource)

[2026-10-04 10:54:11] [tid:710404][NGXCubinGeneric::CollectGarbage:1177] Releasing resource 0x25413311570 (nv.ngx.dlssg.dlfg_network_resource)

[2026-10-04 10:54:11] [tid:710404][NGXCubinGeneric::CollectGarbage:1177] Releasing resource 0x254161c2bf0 (nv.ngx.dlssg.dlfg_network_resource)

[2026-10-04 10:54:11] [tid:710404][NGXCubinGeneric::CollectGarbage:1177] Releasing resource 0x254161c4720 (nv.ngx.dlssg.dlfg_network_resource)

[2026-10-04 10:54:11] [tid:710404][NGXCubinGeneric::CollectGarbage:1177] Releasing resource 0x254161c6b60 (nv.ngx.dlssg.dlfg_network_resource)

[2026-10-04 10:54:11] [tid:710404][NGXCubinGeneric::CollectGarbage:1177] Releasing resource 0x254161c7d80 (nv.ngx.dlssg.dlfg_network_resource)

[2026-10-04 10:54:11] [tid:710404][NGXCubinGeneric::CollectGarbage:1177] Releasing resource 0x25407394af0 (nv.ngx.dlssg.dlfg_network_resource)

[2026-10-04 10:54:11] [tid:710404][NGXCubinGeneric::CollectGarbage:1177] Releasing resource 0x25407396620 (nv.ngx.dlssg.dlfg_network_resource)

[2026-10-04 10:54:11] [tid:710404][NGXCubinGeneric::CollectGarbage:1177] Releasing resource 0x254073938d0 (nv.ngx.dlssg.dlfg_network_resource)

[2026-10-04 10:54:11] [tid:710404][NGXCubinGeneric::CollectGarbage:1177] Releasing resource 0x254073941e0 (nv.ngx.dlssg.dlfg_network_resource)

[2026-10-04 10:54:11] [tid:710404][NGXCubinGeneric::CollectGarbage:1177] Releasing resource 0x25407398a60 (nv.ngx.dlssg.dlfg_network_resource)

[2026-10-04 10:54:11] [tid:710404][NGXCubinGeneric::CollectGarbage:1177] Releasing resource 0x254073f2060 (nv.ngx.dlssg.dlfg_network_resource)

[2026-10-04 10:54:11] [tid:710404][NGXCubinGeneric::CollectGarbage:1177] Releasing resource 0x25407ef22f0 (nv.ngx.dlssg.dlfg_network_resource)

[2026-10-04 10:54:11] [tid:710404][NGXCubinGeneric::CollectGarbage:1177] Releasing resource 0x25407ef4730 (nv.ngx.dlssg.dlfg_network_resource)

[2026-10-04 10:54:11] [tid:710404][NGXCubinGeneric::CollectGarbage:1177] Releasing resource 0x25407ef5040 (nv.ngx.dlssg.dlfg_network_resource)

[2026-10-04 10:54:11] [tid:710404][NGXCubinGeneric::CollectGarbage:1177] Releasing resource 0x25413078050 (nv.ngx.dlssg.dlfg_network_resource)

[2026-10-04 10:54:11] [tid:710404][NGXCubinGeneric::CollectGarbage:1177] Releasing resource 0x25407ef7480 (nv.ngx.dlssg.dlfg_network_resource)

[2026-10-04 10:54:11] [tid:710404][NGXCubinGeneric::CollectGarbage:1177] Releasing resource 0x25407219a00 (nv.ngx.dlssg.dlfg_network_resource)

[2026-10-04 10:54:11] [tid:710404][NGXCubinGeneric::CollectGarbage:1177] Releasing resource 0x254072190f0 (nv.ngx.dlssg.dlfg_network_resource)

[2026-10-04 10:54:11] [tid:710404][NGXCubinGeneric::CollectGarbage:1177] Releasing resource 0x2540721b530 (nv.ngx.dlssg.dlfg_network_resource)

[2026-10-04 10:54:11] [tid:710404][NGXCubinGeneric::CollectGarbage:1177] Releasing resource 0x2540721e280 (nv.ngx.dlssg.dlfg_network_resource)

[2026-10-04 10:54:11] [tid:710404][NGXCubinGeneric::CollectGarbage:1177] Releasing resource 0x25413076e30 (nv.ngx.dlssg.dlfg_network_resource)

[2026-10-04 10:54:11] [tid:710404][NGXCubinGeneric::CollectGarbage:1177] Releasing resource 0x25413077740 (nv.ngx.dlssg.dlfg_network_resource)

[2026-10-04 10:54:11] [tid:710404][NGXCubinGeneric::CollectGarbage:1177] Releasing resource 0x253db9c81b0 (nv.ngx.dlssg.dlfg_network_resource)

[2026-10-04 10:54:11] [tid:710404][NGXCubinGeneric::CollectGarbage:1177] Releasing resource 0x253db9c5d70 (nv.ngx.dlssg.dlfg_network_resource)

[2026-10-04 10:54:11] [tid:710404][NGXCubinGeneric::CollectGarbage:1177] Releasing resource 0x25407980320 (nv.ngx.dlssg.dlfg_network_resource)

[2026-10-04 10:54:11] [tid:710404][NGXCubinGeneric::CollectGarbage:1177] Releasing resource 0x25407981540 (nv.ngx.dlssg.dlfg_network_resource)

[2026-10-04 10:54:11] [tid:710404][NGXCubinGeneric::CollectGarbage:1177] Releasing resource 0x25413075c10 (nv.ngx.dlssg.dlfg_network_resource)

[2026-10-04 10:54:11] [tid:710404][NGXCubinGeneric::CollectGarbage:1177] Releasing resource 0x25413076520 (nv.ngx.dlssg.dlfg_network_resource)

[2026-10-04 10:54:11] [tid:710404][NGXCubinGeneric::CollectGarbage:1177] Releasing resource 0x25407981e50 (nv.ngx.dlssg.dlfg_network_resource)

[2026-10-04 10:54:11] [tid:710404][NGXCubinGeneric::CollectGarbage:1177] Releasing resource 0x2541307ada0 (nv.ngx.dlssg.dlfg_network_resource)

[2026-10-04 10:54:11] [tid:710404][NGXCubinGeneric::CollectGarbage:1177] Releasing resource 0x2541307bfc0 (nv.ngx.dlssg.dlfg_network_resource)

[2026-10-04 10:54:11] [tid:710404][NGXCubinGeneric::CollectGarbage:1177] Releasing resource 0x254161cbe20 (nv.ngx.dlssg.dlfg_network_resource)

[2026-10-04 10:54:11] [tid:710404][NGXCubinGeneric::CollectGarbage:1177] Releasing resource 0x25407983070 (nv.ngx.dlssg.dlfg_network_resource)

[2026-10-04 10:54:11] [tid:710404][NGXCubinGeneric::CollectGarbage:1177] Releasing resource 0x25407b8a9a0 (nv.ngx.dlssg.dlfg_network_resource)

[2026-10-04 10:54:11] [tid:710404][NGXCubinGeneric::CollectGarbage:1177] Releasing resource 0x25407b8b2b0 (nv.ngx.dlssg.dlfg_network_resource)

[2026-10-04 10:54:11] [tid:710404][NGXCubinGeneric::Shutdown:281] Delayed destroy resource list count 0

[2026-10-04 10:54:11] [NGXStoreCallToReleaseFeature:1714] Stored release feature dlssg handle 1

[2026-10-04 10:54:12] [tid:710404][NGXCubinGeneric::Shutdown:281] Delayed destroy resource list count 0

[2026-10-04 10:54:12] [NGXSendTelemetryShutdownData:958] Sending Telemetry Shutdown Data

